Date,Adj Close,Close,High,Low,Open,Volume
2020-01-02,1039.1011962890625,1071.3128662109375,1089.6258544921875,1057.5780029296875,1080.4693603515625,5584982
2020-01-03,1074.6260986328125,1107.93896484375,1112.5172119140625,1075.89111328125,1075.89111328125,14759428
2020-01-06,1052.4229736328125,1085.047607421875,1107.93896484375,1085.047607421875,1107.93896484375,14202885
2020-01-07,1052.4229736328125,1085.047607421875,1098.7823486328125,1080.4693603515625,1089.6258544921875,5539331
2020-01-08,1030.219970703125,1062.15625,1085.047607421875,1062.15625,1071.3128662109375,4640736
2020-01-09,1043.5418701171875,1075.89111328125,1085.047607421875,1071.3128662109375,1071.3128662109375,3843381
2020-01-10,1047.982421875,1080.4693603515625,1098.7823486328125,1080.4693603515625,1080.4693603515625,4496249
2020-01-13,1079.066650390625,1112.5172119140625,1117.095458984375,1080.4693603515625,1089.6258544921875,14265681
2020-01-14,1070.185302734375,1103.360595703125,1126.251953125,1103.360595703125,1112.5172119140625,6944559
2020-01-15,1043.5418701171875,1075.89111328125,1112.5172119140625,1066.734619140625,1107.93896484375,9808093
2020-01-16,1039.1011962890625,1071.3128662109375,1089.6258544921875,1071.3128662109375,1080.4693603515625,1985688
2020-01-17,1034.66064453125,1066.734619140625,1085.047607421875,1066.734619140625,1071.3128662109375,3797731
2020-01-20,999.1358032226562,1030.1085205078125,1075.89111328125,1030.1085205078125,1066.734619140625,5839882
2020-01-21,976.9327392578125,1007.2171630859375,1039.2650146484375,1007.2171630859375,1034.686767578125,7326255
2020-01-22,976.9327392578125,1007.2171630859375,1034.686767578125,1007.2171630859375,1011.7954711914062,5423567
2020-01-23,968.051513671875,998.0606689453125,1020.9519653320312,998.0606689453125,1007.2171630859375,2940090
2020-01-24,963.6109619140625,993.482421875,1007.2171630859375,993.482421875,1007.2171630859375,2778457
2020-01-27,910.3236694335938,938.5432739257812,998.0606689453125,938.5432739257812,993.482421875,12612433
2020-01-28,928.0861206054688,956.8563232421875,961.4345703125,911.07373046875,938.5432739257812,6090305
2020-01-29,932.5266723632812,961.4345703125,975.1693725585938,956.8563232421875,956.8563232421875,3319820
2020-01-30,914.7642822265625,943.1215209960938,961.4345703125,933.9650268554688,961.4345703125,1926277
2020-01-31,914.7642822265625,943.1215209960938,979.7476196289062,924.8085327148438,947.6998291015625,5288581
2020-02-03,901.4425048828125,929.3867797851562,943.1215209960938,911.07373046875,933.9650268554688,5865110
2020-02-04,901.4425048828125,929.3867797851562,947.6998291015625,920.230224609375,933.9650268554688,2120893
2020-02-05,905.883056640625,933.9650268554688,943.1215209960938,929.3867797851562,933.9650268554688,3828091
2020-02-06,928.0861206054688,956.8563232421875,961.4345703125,929.3867797851562,943.1215209960938,7293054
2020-02-07,914.7642822265625,943.1215209960938,966.0128784179688,943.1215209960938,961.4345703125,3660779
2020-02-10,874.7988891601562,901.917236328125,943.1215209960938,897.3389282226562,943.1215209960938,9012048
2020-02-11,874.7988891601562,901.917236328125,911.07373046875,883.6041870117188,906.4954833984375,6424820
2020-02-12,861.47705078125,888.1824340820312,906.4954833984375,888.1824340820312,906.4954833984375,5260404
2020-02-13,821.5115966796875,846.9780883789062,892.7606811523438,842.3998413085938,892.7606811523438,11634878
2020-02-14,821.5115966796875,846.9780883789062,856.1345825195312,833.2432861328125,846.9780883789062,5247517
2020-02-17,834.8334350585938,860.712890625,879.0259399414062,837.8215942382812,846.9780883789062,12025201
2020-02-18,861.47705078125,888.1824340820312,897.3389282226562,856.1345825195312,856.1345825195312,13595885
2020-02-19,883.6800537109375,911.07373046875,933.9650268554688,888.1824340820312,888.1824340820312,14718364
2020-02-20,861.47705078125,888.1824340820312,920.230224609375,888.1824340820312,906.4954833984375,6418268
2020-02-21,834.8334350585938,860.712890625,892.7606811523438,856.1345825195312,888.1824340820312,8779208
2020-02-24,785.9867553710938,810.3519897460938,851.5563354492188,805.7737426757812,851.5563354492188,15757733
2020-02-25,772.6649780273438,796.6172485351562,814.9302978515625,778.30419921875,805.7737426757812,9206445
2020-02-26,741.5807495117188,764.5693969726562,792.0390014648438,759.9911499023438,787.460693359375,8976772
2020-02-27,692.734130859375,714.2085571289062,764.5693969726562,700.4737548828125,759.9911499023438,18780716
2020-02-28,670.5311279296875,691.3172607421875,691.3172607421875,645.53466796875,686.739013671875,20554424
2020-03-02,661.64990234375,682.1607055664062,714.2085571289062,673.0042114257812,695.8955078125,14706460
2020-03-03,674.9716796875,695.8955078125,718.7868041992188,691.3172607421875,695.8955078125,11767134
2020-03-04,701.6152954101562,723.3650512695312,732.5216064453125,673.0042114257812,695.8955078125,18256608
2020-03-05,701.6152954101562,723.3650512695312,746.25634765625,718.7868041992188,727.943359375,21518109
2020-03-06,679.4122924804688,700.4737548828125,723.3650512695312,695.8955078125,723.3650512695312,5279735
2020-03-09,595.0408325195312,613.48681640625,691.3172607421875,604.330322265625,691.3172607421875,18350530
2020-03-10,603.9220581054688,622.6433715820312,654.691162109375,613.48681640625,622.6433715820312,26896026
2020-03-11,559.5160522460938,576.8607788085938,631.7998657226562,567.7042236328125,627.2216186523438,14117044
2020-03-12,515.1099853515625,531.078125,558.5477294921875,521.921630859375,549.3911743164062,21127349
2020-03-13,519.5505981445312,535.6564331054688,544.8129272460938,494.45208740234375,494.45208740234375,18908712
2020-03-16,519.5505981445312,535.6564331054688,535.6564331054688,535.6564331054688,535.6564331054688,0
2020-03-17,452.9415283203125,466.9825134277344,499.03033447265625,466.9825134277344,476.1390380859375,8155500
2020-03-18,422.74542236328125,435.850341796875,466.9825134277344,435.850341796875,466.9825134277344,11544779
2020-03-19,394.3255615234375,406.5494689941406,419.3686218261719,406.5494689941406,412.04339599609375,5845124
2020-03-20,369.45819091796875,380.9112243652344,406.5494689941406,379.0799255371094,406.5494689941406,27463163
2020-03-23,344.5908203125,355.2729797363281,380.9112243652344,355.2729797363281,380.9112243652344,6432793
2020-03-24,342.8146057128906,353.4416809082031,371.75469970703125,331.4660339355469,355.2729797363281,27180304
2020-03-26,404.9830017089844,417.53729248046875,423.0312194824219,353.4416809082031,353.4416809082031,28953030
2020-03-27,497.34759521484375,512.76513671875,512.76513671875,426.6938171386719,426.6938171386719,37733877
2020-03-30,466.2633361816406,480.71728515625,503.60858154296875,480.71728515625,499.03033447265625,29324241
2020-03-31,475.1445617675781,489.8738098144531,544.8129272460938,480.71728515625,494.45208740234375,7647228
2020-04-01,448.5009460449219,462.4042663574219,508.1868591308594,457.82598876953125,480.71728515625,32720946
2020-04-02,448.5009460449219,462.4042663574219,466.9825134277344,430.3564453125,466.9825134277344,35748407
2020-04-03,461.82275390625,476.1390380859375,485.2955627441406,462.4042663574219,462.4042663574219,33214147
2020-04-06,568.397216796875,586.0172729492188,590.5955200195312,480.71728515625,480.71728515625,95975437
2020-04-07,559.5160522460938,576.8607788085938,636.3781127929688,563.1259765625,604.330322265625,90052553
2020-04-08,523.9912109375,540.2346801757812,586.0172729492188,540.2346801757812,576.8607788085938,45994221
2020-04-09,523.9912109375,540.2346801757812,558.5477294921875,508.1868591308594,540.2346801757812,13061840
2020-04-13,563.9566650390625,581.4390258789062,595.1737670898438,526.4998779296875,540.2346801757812,26532241
2020-04-14,577.2784423828125,595.1737670898438,608.9085693359375,581.4390258789062,590.5955200195312,29907323
2020-04-15,559.5160522460938,576.8607788085938,613.48681640625,572.282470703125,613.48681640625,40261147
2020-04-16,532.8723754882812,549.3911743164062,581.4390258789062,544.8129272460938,572.282470703125,20509757
2020-04-17,563.9566650390625,581.4390258789062,586.0172729492188,544.8129272460938,563.1259765625,13598288
2020-04-20,546.1942138671875,563.1259765625,595.1737670898438,563.1259765625,581.4390258789062,9918397
2020-04-21,519.5505981445312,535.6564331054688,563.1259765625,531.078125,563.1259765625,13693521
2020-04-22,519.5505981445312,535.6564331054688,544.8129272460938,512.76513671875,531.078125,15287358
2020-04-23,506.2287902832031,521.921630859375,549.3911743164062,521.921630859375,544.8129272460938,6168609
2020-04-24,475.1445617675781,489.8738098144531,521.921630859375,489.8738098144531,521.921630859375,17259614
2020-04-27,457.38214111328125,471.5607604980469,494.45208740234375,455.99468994140625,466.9825134277344,22344187
2020-04-28,461.82275390625,476.1390380859375,489.8738098144531,462.4042663574219,466.9825134277344,25861462
2020-04-29,466.2633361816406,480.71728515625,494.45208740234375,476.1390380859375,480.71728515625,9506013
2020-04-30,488.46636962890625,503.60858154296875,517.3433837890625,485.2955627441406,494.45208740234375,24393765
2020-05-04,466.2633361816406,480.71728515625,503.60858154296875,476.1390380859375,494.45208740234375,9244669
2020-05-05,475.1445617675781,489.8738098144531,494.45208740234375,476.1390380859375,485.2955627441406,15952130
2020-05-06,470.7039794921875,485.2955627441406,499.03033447265625,480.71728515625,489.8738098144531,8727988
2020-05-08,470.7039794921875,485.2955627441406,499.03033447265625,480.71728515625,494.45208740234375,8863520
2020-05-11,479.5851745605469,494.45208740234375,512.76513671875,489.8738098144531,489.8738098144531,19215925
2020-05-12,457.38214111328125,471.5607604980469,494.45208740234375,466.9825134277344,494.45208740234375,11190714
2020-05-13,436.9553527832031,450.5007629394531,471.5607604980469,450.5007629394531,457.82598876953125,26994426
2020-05-14,435.1791076660156,448.6694641113281,457.82598876953125,446.8381652832031,448.6694641113281,9233093
2020-05-15,431.62664794921875,445.0068664550781,455.99468994140625,443.1755676269531,452.33209228515625,9127594
2020-05-18,422.74542236328125,435.850341796875,448.6694641113281,434.01904296875,448.6694641113281,8821910
2020-05-19,436.9553527832031,450.5007629394531,454.16339111328125,441.3442687988281,443.1755676269531,9256355
2020-05-20,440.50787353515625,454.16339111328125,455.99468994140625,450.5007629394531,450.5007629394531,5581924
2020-05-26,452.9415283203125,466.9825134277344,466.9825134277344,452.33209228515625,455.99468994140625,33323140
2020-05-27,457.38214111328125,471.5607604980469,476.1390380859375,462.4042663574219,466.9825134277344,22628575
2020-05-28,470.7039794921875,485.2955627441406,499.03033447265625,471.5607604980469,476.1390380859375,44195611
2020-05-29,444.0603332519531,457.82598876953125,485.2955627441406,457.82598876953125,480.71728515625,38690026
2020-06-02,457.38214111328125,471.5607604980469,480.71728515625,457.82598876953125,462.4042663574219,28567512
2020-06-03,475.1445617675781,489.8738098144531,494.45208740234375,471.5607604980469,471.5607604980469,37914295
2020-06-04,523.9912109375,540.2346801757812,586.0172729492188,494.45208740234375,499.03033447265625,158138246
2020-06-05,555.0753784179688,572.282470703125,576.8607788085938,540.2346801757812,549.3911743164062,82458511
2020-06-08,586.15966796875,604.330322265625,627.2216186523438,581.4390258789062,586.0172729492188,132819566
2020-06-09,586.15966796875,604.330322265625,645.53466796875,595.1737670898438,622.6433715820312,132252866
2020-06-10,568.397216796875,586.0172729492188,613.48681640625,572.282470703125,604.330322265625,36408373
2020-06-11,537.3130493164062,553.969482421875,590.5955200195312,549.3911743164062,586.0172729492188,34962300
2020-06-12,550.6348266601562,567.7042236328125,567.7042236328125,521.921630859375,531.078125,40224998
2020-06-15,549.3911743164062,549.3911743164062,581.4390258789062,540.2346801757812,567.7042236328125,31893885
2020-06-16,576.8607788085938,576.8607788085938,576.8607788085938,553.969482421875,553.969482421875,28146282
2020-06-17,576.8607788085938,576.8607788085938,586.0172729492188,563.1259765625,576.8607788085938,19611708
2020-06-18,581.4390258789062,581.4390258789062,590.5955200195312,567.7042236328125,572.282470703125,22965602
2020-06-19,572.282470703125,572.282470703125,590.5955200195312,567.7042236328125,581.4390258789062,8431260
2020-06-22,553.969482421875,553.969482421875,576.8607788085938,553.969482421875,572.282470703125,12331104
2020-06-23,553.969482421875,553.969482421875,563.1259765625,549.3911743164062,558.5477294921875,10570937
2020-06-24,563.1259765625,563.1259765625,581.4390258789062,553.969482421875,558.5477294921875,23773005
2020-06-25,553.969482421875,553.969482421875,567.7042236328125,549.3911743164062,549.3911743164062,14703511
2020-06-26,558.5477294921875,558.5477294921875,576.8607788085938,553.969482421875,563.1259765625,18026717
2020-06-29,558.5477294921875,558.5477294921875,567.7042236328125,544.8129272460938,558.5477294921875,5979236
2020-06-30,558.5477294921875,558.5477294921875,576.8607788085938,558.5477294921875,567.7042236328125,11593050
2020-07-01,553.969482421875,553.969482421875,567.7042236328125,549.3911743164062,563.1259765625,14704822
2020-07-02,608.9085693359375,608.9085693359375,608.9085693359375,553.969482421875,553.969482421875,66062762
2020-07-03,586.0172729492188,586.0172729492188,631.7998657226562,581.4390258789062,618.0650634765625,94634207
2020-07-06,586.0172729492188,586.0172729492188,599.7520751953125,572.282470703125,590.5955200195312,33797884
2020-07-07,572.282470703125,572.282470703125,595.1737670898438,572.282470703125,595.1737670898438,19360193
2020-07-08,581.4390258789062,581.4390258789062,590.5955200195312,572.282470703125,576.8607788085938,21274349
2020-07-09,586.0172729492188,586.0172729492188,599.7520751953125,581.4390258789062,581.4390258789062,42165036
2020-07-10,581.4390258789062,581.4390258789062,590.5955200195312,576.8607788085938,586.0172729492188,9295562
2020-07-13,586.0172729492188,586.0172729492188,590.5955200195312,581.4390258789062,586.0172729492188,8663553
2020-07-14,581.4390258789062,581.4390258789062,590.5955200195312,576.8607788085938,586.0172729492188,13048516
2020-07-15,586.0172729492188,586.0172729492188,595.1737670898438,576.8607788085938,586.0172729492188,26636648
2020-07-16,590.5955200195312,590.5955200195312,599.7520751953125,586.0172729492188,590.5955200195312,17268897
2020-07-17,581.4390258789062,581.4390258789062,595.1737670898438,581.4390258789062,586.0172729492188,11125405
2020-07-20,572.282470703125,572.282470703125,586.0172729492188,563.1259765625,586.0172729492188,22203086
2020-07-21,576.8607788085938,576.8607788085938,586.0172729492188,563.1259765625,572.282470703125,25327963
2020-07-22,576.8607788085938,576.8607788085938,586.0172729492188,572.282470703125,576.8607788085938,14036446
2020-07-23,590.5955200195312,590.5955200195312,599.7520751953125,549.3911743164062,549.3911743164062,48058324
2020-07-24,586.0172729492188,586.0172729492188,590.5955200195312,576.8607788085938,586.0172729492188,27560361
2020-07-27,581.4390258789062,581.4390258789062,590.5955200195312,576.8607788085938,586.0172729492188,11006801
2020-07-28,576.8607788085938,576.8607788085938,586.0172729492188,572.282470703125,581.4390258789062,8850960
2020-07-29,576.8607788085938,576.8607788085938,590.5955200195312,567.7042236328125,576.8607788085938,12575629
2020-07-30,549.3911743164062,549.3911743164062,581.4390258789062,549.3911743164062,581.4390258789062,36369166
2020-08-03,517.3433837890625,517.3433837890625,553.969482421875,512.76513671875,549.3911743164062,37089855
2020-08-04,517.3433837890625,517.3433837890625,526.4998779296875,503.60858154296875,517.3433837890625,13424095
2020-08-05,535.6564331054688,535.6564331054688,540.2346801757812,512.76513671875,517.3433837890625,23763831
2020-08-06,540.2346801757812,540.2346801757812,549.3911743164062,535.6564331054688,535.6564331054688,11188530
2020-08-07,535.6564331054688,535.6564331054688,540.2346801757812,531.078125,540.2346801757812,6404507
2020-08-10,535.6564331054688,535.6564331054688,540.2346801757812,531.078125,540.2346801757812,6350229
2020-08-11,553.969482421875,553.969482421875,558.5477294921875,531.078125,540.2346801757812,27692289
2020-08-12,558.5477294921875,558.5477294921875,567.7042236328125,544.8129272460938,553.969482421875,17853944
2020-08-13,549.3911743164062,549.3911743164062,563.1259765625,549.3911743164062,558.5477294921875,7709588
2020-08-14,549.3911743164062,549.3911743164062,553.969482421875,549.3911743164062,553.969482421875,4909834
2020-08-18,563.1259765625,563.1259765625,572.282470703125,549.3911743164062,549.3911743164062,26860532
2020-08-19,558.5477294921875,558.5477294921875,567.7042236328125,553.969482421875,563.1259765625,10980481
2020-08-24,563.1259765625,563.1259765625,572.282470703125,553.969482421875,558.5477294921875,19461542
2020-08-25,567.7042236328125,567.7042236328125,572.282470703125,563.1259765625,563.1259765625,11491483
2020-08-26,563.1259765625,563.1259765625,567.7042236328125,563.1259765625,567.7042236328125,6565485
2020-08-27,558.5477294921875,558.5477294921875,572.282470703125,558.5477294921875,563.1259765625,8717285
2020-08-28,558.5477294921875,558.5477294921875,567.7042236328125,558.5477294921875,563.1259765625,6504217
2020-08-31,544.8129272460938,544.8129272460938,563.1259765625,544.8129272460938,563.1259765625,14398592
2020-09-01,553.969482421875,553.969482421875,553.969482421875,540.2346801757812,544.8129272460938,6973719
2020-09-02,558.5477294921875,558.5477294921875,563.1259765625,549.3911743164062,558.5477294921875,5321672
2020-09-03,553.969482421875,553.969482421875,563.1259765625,549.3911743164062,563.1259765625,4056344
2020-09-04,549.3911743164062,549.3911743164062,549.3911743164062,535.6564331054688,549.3911743164062,7481335
2020-09-07,544.8129272460938,544.8129272460938,558.5477294921875,540.2346801757812,549.3911743164062,3606064
2020-09-08,544.8129272460938,544.8129272460938,553.969482421875,544.8129272460938,544.8129272460938,4960072
2020-09-09,535.6564331054688,535.6564331054688,544.8129272460938,521.921630859375,544.8129272460938,7312603
2020-09-10,499.03033447265625,499.03033447265625,521.921630859375,499.03033447265625,512.76513671875,17100492
2020-09-11,508.1868591308594,508.1868591308594,526.4998779296875,466.9825134277344,485.2955627441406,13925705
2020-09-14,526.4998779296875,526.4998779296875,540.2346801757812,521.921630859375,531.078125,8644223
2020-09-15,517.3433837890625,517.3433837890625,531.078125,517.3433837890625,531.078125,3240969
2020-09-16,508.1868591308594,508.1868591308594,521.921630859375,503.60858154296875,517.3433837890625,3232341
2020-09-17,499.03033447265625,499.03033447265625,517.3433837890625,494.45208740234375,508.1868591308594,5768676
2020-09-18,485.2955627441406,485.2955627441406,508.1868591308594,485.2955627441406,499.03033447265625,7417337
2020-09-21,471.5607604980469,471.5607604980469,499.03033447265625,471.5607604980469,494.45208740234375,10275410
2020-09-22,466.9825134277344,466.9825134277344,476.1390380859375,455.99468994140625,466.9825134277344,5494991
2020-09-23,462.4042663574219,462.4042663574219,480.71728515625,457.82598876953125,466.9825134277344,6763595
2020-09-24,448.6694641113281,448.6694641113281,455.99468994140625,446.8381652832031,455.99468994140625,9815956
2020-09-25,457.82598876953125,457.82598876953125,462.4042663574219,446.8381652832031,448.6694641113281,10884047
2020-09-28,462.4042663574219,462.4042663574219,466.9825134277344,454.16339111328125,457.82598876953125,5626373
2020-09-29,457.82598876953125,457.82598876953125,471.5607604980469,455.99468994140625,471.5607604980469,5774683
2020-09-30,457.82598876953125,457.82598876953125,457.82598876953125,448.6694641113281,457.82598876953125,4480195
2020-10-01,466.9825134277344,466.9825134277344,471.5607604980469,457.82598876953125,457.82598876953125,4053723
2020-10-02,457.82598876953125,457.82598876953125,471.5607604980469,457.82598876953125,471.5607604980469,4745471
2020-10-05,462.4042663574219,462.4042663574219,466.9825134277344,457.82598876953125,457.82598876953125,2164796
2020-10-06,480.71728515625,480.71728515625,489.8738098144531,466.9825134277344,471.5607604980469,12712253
2020-10-07,480.71728515625,480.71728515625,485.2955627441406,471.5607604980469,480.71728515625,6262859
2020-10-08,494.45208740234375,494.45208740234375,499.03033447265625,480.71728515625,480.71728515625,6450594
2020-10-09,508.1868591308594,508.1868591308594,517.3433837890625,489.8738098144531,499.03033447265625,16401755
2020-10-12,517.3433837890625,517.3433837890625,526.4998779296875,503.60858154296875,503.60858154296875,13382595
2020-10-13,549.3911743164062,549.3911743164062,549.3911743164062,512.76513671875,526.4998779296875,30691245
2020-10-14,544.8129272460938,544.8129272460938,567.7042236328125,540.2346801757812,553.969482421875,33989114
2020-10-15,531.078125,531.078125,549.3911743164062,526.4998779296875,544.8129272460938,17698208
2020-10-16,535.6564331054688,535.6564331054688,549.3911743164062,531.078125,531.078125,11469095
2020-10-19,544.8129272460938,544.8129272460938,553.969482421875,540.2346801757812,540.2346801757812,11809071
2020-10-20,535.6564331054688,535.6564331054688,544.8129272460938,531.078125,544.8129272460938,5420509
2020-10-21,540.2346801757812,540.2346801757812,558.5477294921875,531.078125,540.2346801757812,29680817
2020-10-22,526.4998779296875,526.4998779296875,553.969482421875,526.4998779296875,535.6564331054688,28088946
2020-10-23,540.2346801757812,540.2346801757812,544.8129272460938,526.4998779296875,535.6564331054688,12377409
2020-10-26,535.6564331054688,535.6564331054688,544.8129272460938,535.6564331054688,540.2346801757812,7281915
2020-10-27,526.4998779296875,526.4998779296875,535.6564331054688,526.4998779296875,535.6564331054688,7113510
2020-11-02,526.4998779296875,526.4998779296875,531.078125,517.3433837890625,526.4998779296875,5126620
2020-11-03,535.6564331054688,535.6564331054688,544.8129272460938,531.078125,531.078125,7140813
2020-11-04,531.078125,531.078125,544.8129272460938,526.4998779296875,535.6564331054688,9421483
2020-11-05,540.2346801757812,540.2346801757812,544.8129272460938,531.078125,531.078125,15882780
2020-11-06,549.3911743164062,549.3911743164062,549.3911743164062,535.6564331054688,540.2346801757812,15930943
2020-11-09,576.8607788085938,576.8607788085938,586.0172729492188,549.3911743164062,558.5477294921875,56099261
2020-11-10,613.48681640625,613.48681640625,622.6433715820312,581.4390258789062,581.4390258789062,68422174
2020-11-11,627.2216186523438,627.2216186523438,640.9564208984375,613.48681640625,631.7998657226562,89902605
2020-11-12,622.6433715820312,622.6433715820312,654.691162109375,618.0650634765625,631.7998657226562,65377458
2020-11-13,640.9564208984375,640.9564208984375,654.691162109375,613.48681640625,654.691162109375,39644974
2020-11-16,750.8346557617188,750.8346557617188,750.8346557617188,650.1129150390625,650.1129150390625,189594192
2020-11-17,833.2432861328125,833.2432861328125,892.7606811523438,759.9911499023438,759.9911499023438,365061621
2020-11-18,842.3998413085938,842.3998413085938,869.869384765625,810.3519897460938,833.2432861328125,99549393
2020-11-19,846.9780883789062,846.9780883789062,860.712890625,833.2432861328125,846.9780883789062,73724079
2020-11-20,842.3998413085938,842.3998413085938,856.1345825195312,828.6650390625,851.5563354492188,48860921
2020-11-23,938.5432739257812,938.5432739257812,938.5432739257812,837.8215942382812,842.3998413085938,226353791
2020-11-24,984.3258666992188,984.3258666992188,1020.9519653320312,920.230224609375,956.8563232421875,190164824
2020-11-25,979.7476196289062,979.7476196289062,1030.1085205078125,961.4345703125,993.482421875,92956386
2020-11-26,1025.5302734375,1025.5302734375,1025.5302734375,979.7476196289062,979.7476196289062,73633979
2020-11-27,1071.3128662109375,1071.3128662109375,1080.4693603515625,1011.7954711914062,1025.5302734375,107439181
2020-11-30,998.0606689453125,998.0606689453125,1094.2041015625,998.0606689453125,1080.4693603515625,107648212
2020-12-01,1039.2650146484375,1039.2650146484375,1048.4215087890625,966.0128784179688,1011.7954711914062,76304098
2020-12-02,1098.7823486328125,1098.7823486328125,1098.7823486328125,1030.1085205078125,1048.4215087890625,104091839
2020-12-03,1172.0345458984375,1172.0345458984375,1199.504150390625,1107.93896484375,1107.93896484375,134405867
2020-12-04,1167.456298828125,1167.456298828125,1236.130126953125,1144.56494140625,1176.61279296875,56626863
2020-12-07,1194.9259033203125,1194.9259033203125,1217.817138671875,1176.61279296875,1190.3475341796875,49434611
2020-12-08,1167.456298828125,1167.456298828125,1204.0823974609375,1149.1431884765625,1194.9259033203125,34048525
2020-12-10,1153.7215576171875,1153.7215576171875,1190.3475341796875,1112.5172119140625,1176.61279296875,41757567
2020-12-11,1130.8302001953125,1130.8302001953125,1167.456298828125,1121.6737060546875,1153.7215576171875,29226060
2020-12-14,1185.769287109375,1185.769287109375,1185.769287109375,1130.8302001953125,1139.9866943359375,48467649
2020-12-15,1172.0345458984375,1172.0345458984375,1194.9259033203125,1153.7215576171875,1185.769287109375,32137755
2020-12-16,1181.1910400390625,1181.1910400390625,1208.66064453125,1172.0345458984375,1185.769287109375,61949300
2020-12-17,1355.1649169921875,1355.1649169921875,1387.2127685546875,1194.9259033203125,1199.504150390625,232300155
2020-12-18,1510.8258056640625,1510.8258056640625,1524.560546875,1355.1649169921875,1359.7431640625,201807785
2020-12-21,1510.8258056640625,1510.8258056640625,1510.8258056640625,1510.8258056640625,1510.8258056640625,0
2020-12-22,1432.995361328125,1432.995361328125,1529.1387939453125,1405.5257568359375,1519.9822998046875,108274760
2020-12-23,1423.8388671875,1423.8388671875,1478.7779541015625,1341.43017578125,1437.5736083984375,84591854
2020-12-28,1419.2606201171875,1419.2606201171875,1483.356201171875,1378.0562744140625,1442.15185546875,47893304
2020-12-29,1455.88671875,1455.88671875,1497.0909423828125,1400.947509765625,1423.8388671875,160009699
2020-12-30,1405.5257568359375,1405.5257568359375,1492.5126953125,1396.3692626953125,1455.88671875,95635351
2021-01-04,1474.19970703125,1474.19970703125,1474.19970703125,1378.0562744140625,1405.5257568359375,50465133
2021-01-05,1533.717041015625,1533.717041015625,1533.717041015625,1474.19970703125,1478.7779541015625,90449429
2021-01-06,1643.5953369140625,1643.5953369140625,1657.330078125,1446.7301025390625,1542.8736572265625,147846126
2021-01-07,1643.5953369140625,1643.5953369140625,1643.5953369140625,1643.5953369140625,1643.5953369140625,0
2021-01-08,1643.5953369140625,1643.5953369140625,1643.5953369140625,1643.5953369140625,1643.5953369140625,0
2021-01-11,1643.5953369140625,1643.5953369140625,1643.5953369140625,1643.5953369140625,1643.5953369140625,0
2021-01-12,1620.7039794921875,1620.7039794921875,1753.4735107421875,1611.5474853515625,1684.7996826171875,126480476
2021-01-13,1652.7518310546875,1652.7518310546875,1712.2691650390625,1629.860595703125,1629.860595703125,66038080
2021-01-14,1620.7039794921875,1620.7039794921875,1680.221435546875,1606.96923828125,1675.6431884765625,37361356
2021-01-15,1712.2691650390625,1712.2691650390625,1726.0040283203125,1597.812744140625,1634.4388427734375,132966237
2021-01-18,1703.1126708984375,1703.1126708984375,1867.9300537109375,1698.534423828125,1739.73876953125,156946636
2021-01-19,1588.65625,1588.65625,1730.582275390625,1584.0780029296875,1707.69091796875,154096754
2021-01-20,1643.5953369140625,1643.5953369140625,1643.5953369140625,1478.7779541015625,1602.3909912109375,89287197
2021-01-21,1661.9083251953125,1661.9083251953125,1753.4735107421875,1652.7518310546875,1652.7518310546875,64394443
2021-01-22,1547.451904296875,1547.451904296875,1661.9083251953125,1547.451904296875,1661.9083251953125,79261226
2021-01-25,1442.15185546875,1442.15185546875,1538.2952880859375,1442.15185546875,1538.2952880859375,69742217
2021-01-26,1341.43017578125,1341.43017578125,1474.19970703125,1341.43017578125,1442.15185546875,71129316
2021-01-27,1437.5736083984375,1437.5736083984375,1437.5736083984375,1249.864990234375,1263.5997314453125,213599492
2021-01-28,1341.43017578125,1341.43017578125,1437.5736083984375,1341.43017578125,1437.5736083984375,57217043
2021-01-29,1249.864990234375,1249.864990234375,1373.47802734375,1249.864990234375,1341.43017578125,65700943
2021-02-01,1359.7431640625,1359.7431640625,1359.7431640625,1162.8780517578125,1236.130126953125,72647578
2021-02-02,1268.177978515625,1268.177978515625,1391.791015625,1268.177978515625,1359.7431640625,51539013
2021-02-03,1286.4910888671875,1286.4910888671875,1346.0084228515625,1240.70849609375,1281.912841796875,27108989
2021-02-04,1254.4432373046875,1254.4432373046875,1313.9605712890625,1236.130126953125,1291.0693359375,27619991
2021-02-05,1281.912841796875,1281.912841796875,1295.6475830078125,1245.2867431640625,1272.7562255859375,18342885
2021-02-08,1400.947509765625,1400.947509765625,1400.947509765625,1281.912841796875,1291.0693359375,66913740
2021-02-09,1336.8519287109375,1336.8519287109375,1428.4171142578125,1327.6954345703125,1405.5257568359375,54446777
2021-02-10,1373.47802734375,1373.47802734375,1387.2127685546875,1300.225830078125,1355.1649169921875,29882859
2021-02-11,1368.8997802734375,1368.8997802734375,1382.634521484375,1346.0084228515625,1373.47802734375,17504576
2021-02-15,1414.682373046875,1414.682373046875,1478.7779541015625,1355.1649169921875,1364.3214111328125,62716185
2021-02-16,1396.3692626953125,1396.3692626953125,1465.043212890625,1391.791015625,1419.2606201171875,55137432
2021-02-17,1341.43017578125,1341.43017578125,1419.2606201171875,1332.273681640625,1400.947509765625,31081459
2021-02-18,1309.38232421875,1309.38232421875,1368.8997802734375,1309.38232421875,1332.273681640625,19716661
2021-02-19,1300.225830078125,1300.225830078125,1313.9605712890625,1245.2867431640625,1309.38232421875,17464058
2021-02-22,1318.538818359375,1318.538818359375,1341.43017578125,1309.38232421875,1309.38232421875,21542027
2021-02-23,1309.38232421875,1309.38232421875,1341.43017578125,1291.0693359375,1323.1170654296875,13515615
2021-02-24,1295.6475830078125,1295.6475830078125,1327.6954345703125,1281.912841796875,1309.38232421875,10681569
2021-02-25,1295.6475830078125,1295.6475830078125,1327.6954345703125,1286.4910888671875,1304.8040771484375,17602320
2021-02-26,1268.177978515625,1268.177978515625,1295.6475830078125,1240.70849609375,1281.912841796875,17268241
2021-03-01,1346.0084228515625,1346.0084228515625,1346.0084228515625,1259.021484375,1272.7562255859375,37291788
2021-03-02,1327.6954345703125,1327.6954345703125,1378.0562744140625,1313.9605712890625,1346.0084228515625,19681276
2021-03-03,1295.6475830078125,1295.6475830078125,1336.8519287109375,1281.912841796875,1323.1170654296875,12275842
2021-03-04,1263.5997314453125,1263.5997314453125,1295.6475830078125,1254.4432373046875,1281.912841796875,14533469
2021-03-05,1208.66064453125,1208.66064453125,1259.021484375,1194.9259033203125,1245.2867431640625,34659456
2021-03-08,1204.0823974609375,1204.0823974609375,1240.70849609375,1190.3475341796875,1222.3953857421875,12351854
2021-03-09,1194.9259033203125,1194.9259033203125,1245.2867431640625,1181.1910400390625,1204.0823974609375,15844010
2021-03-10,1162.8780517578125,1162.8780517578125,1217.817138671875,1149.1431884765625,1194.9259033203125,13787224
2021-03-12,1190.3475341796875,1190.3475341796875,1213.2388916015625,1167.456298828125,1167.456298828125,20322458
2021-03-15,1204.0823974609375,1204.0823974609375,1236.130126953125,1194.9259033203125,1199.504150390625,18910678
2021-03-16,1176.61279296875,1176.61279296875,1222.3953857421875,1172.0345458984375,1208.66064453125,16138773
2021-03-17,1217.817138671875,1217.817138671875,1231.5518798828125,1181.1910400390625,1181.1910400390625,31332974
2021-03-18,1204.0823974609375,1204.0823974609375,1236.130126953125,1204.0823974609375,1226.9736328125,10783026
2021-03-19,1208.66064453125,1208.66064453125,1213.2388916015625,1190.3475341796875,1199.504150390625,6281534
2021-03-22,1199.504150390625,1199.504150390625,1217.817138671875,1190.3475341796875,1204.0823974609375,7025704
2021-03-23,1139.9866943359375,1139.9866943359375,1208.66064453125,1139.9866943359375,1204.0823974609375,20226571
2021-03-24,1130.8302001953125,1130.8302001953125,1167.456298828125,1121.6737060546875,1153.7215576171875,15507420
2021-03-25,1098.7823486328125,1098.7823486328125,1144.56494140625,1085.047607421875,1130.8302001953125,17064343
2021-03-26,1117.095458984375,1117.095458984375,1130.8302001953125,1094.2041015625,1107.93896484375,11137855
2021-03-29,1080.4693603515625,1080.4693603515625,1130.8302001953125,1080.4693603515625,1121.6737060546875,11262139
2021-03-30,1011.7954711914062,1011.7954711914062,1080.4693603515625,1007.2171630859375,1080.4693603515625,30751748
2021-03-31,1002.638916015625,1002.638916015625,1080.4693603515625,966.0128784179688,1007.2171630859375,30201539
2021-04-01,1025.5302734375,1025.5302734375,1030.1085205078125,993.482421875,1002.638916015625,12469803
2021-04-05,956.8563232421875,956.8563232421875,1062.15625,956.8563232421875,1030.1085205078125,20845911
2021-04-06,1016.3737182617188,1016.3737182617188,1020.9519653320312,901.917236328125,956.8563232421875,27622940
2021-04-07,961.4345703125,961.4345703125,1020.9519653320312,961.4345703125,1016.3737182617188,14426550
2021-04-08,984.3258666992188,984.3258666992188,993.482421875,956.8563232421875,961.4345703125,10192846
2021-04-09,1020.9519653320312,1020.9519653320312,1048.4215087890625,975.1693725585938,979.7476196289062,18603792
2021-04-12,975.1693725585938,975.1693725585938,1025.5302734375,970.5911254882812,1020.9519653320312,13279280
2021-04-13,1007.2171630859375,1007.2171630859375,1016.3737182617188,920.230224609375,975.1693725585938,19120364
2021-04-14,1016.3737182617188,1016.3737182617188,1034.686767578125,988.9041748046875,1007.2171630859375,16226579
2021-04-15,993.482421875,993.482421875,1034.686767578125,993.482421875,1016.3737182617188,11998663
2021-04-16,975.1693725585938,975.1693725585938,1011.7954711914062,975.1693725585938,1007.2171630859375,6455400
2021-04-19,998.0606689453125,998.0606689453125,1020.9519653320312,975.1693725585938,979.7476196289062,10049451
2021-04-20,993.482421875,993.482421875,1007.2171630859375,984.3258666992188,998.0606689453125,3094625
2021-04-21,1011.7954711914062,1011.7954711914062,1016.3737182617188,979.7476196289062,993.482421875,6460751
2021-04-22,1007.2171630859375,1007.2171630859375,1030.1085205078125,993.482421875,1011.7954711914062,4856648
2021-04-23,1011.7954711914062,1011.7954711914062,1020.9519653320312,998.0606689453125,1016.3737182617188,4182702
2021-04-26,1048.4215087890625,1048.4215087890625,1052.999755859375,1016.3737182617188,1016.3737182617188,20553878
2021-04-27,1052.999755859375,1052.999755859375,1062.15625,1034.686767578125,1062.15625,9217038
2021-04-28,1048.4215087890625,1048.4215087890625,1062.15625,1016.3737182617188,1052.999755859375,6852603
2021-04-29,1062.15625,1062.15625,1071.3128662109375,1043.84326171875,1048.4215087890625,7908790
2021-04-30,1057.5780029296875,1057.5780029296875,1071.3128662109375,1043.84326171875,1062.15625,4193077
2021-05-03,1052.999755859375,1052.999755859375,1075.89111328125,1034.686767578125,1062.15625,8386046
2021-05-04,1071.3128662109375,1071.3128662109375,1075.89111328125,1030.1085205078125,1052.999755859375,11010951
2021-05-05,1066.734619140625,1066.734619140625,1071.3128662109375,1057.5780029296875,1062.15625,2748096
2021-05-06,1075.89111328125,1075.89111328125,1094.2041015625,1062.15625,1071.3128662109375,9258320
2021-05-07,1066.734619140625,1066.734619140625,1089.6258544921875,1062.15625,1075.89111328125,4420565
2021-05-10,1085.047607421875,1085.047607421875,1098.7823486328125,1062.15625,1066.734619140625,11409356
2021-05-11,1030.1085205078125,1030.1085205078125,1080.4693603515625,1030.1085205078125,1080.4693603515625,22743902
2021-05-17,961.4345703125,961.4345703125,1043.84326171875,961.4345703125,1030.1085205078125,15571308
2021-05-18,970.5911254882812,970.5911254882812,984.3258666992188,933.9650268554688,961.4345703125,6238833
2021-05-19,929.3867797851562,929.3867797851562,975.1693725585938,920.230224609375,975.1693725585938,5822190
2021-05-20,929.3867797851562,929.3867797851562,938.5432739257812,915.6519775390625,929.3867797851562,4812090
2021-05-21,879.0259399414062,879.0259399414062,933.9650268554688,865.2911376953125,929.3867797851562,21232848
2021-05-24,892.7606811523438,892.7606811523438,901.917236328125,865.2911376953125,879.0259399414062,14828341
2021-05-25,915.6519775390625,915.6519775390625,929.3867797851562,888.1824340820312,892.7606811523438,19057131
2021-05-27,906.4954833984375,906.4954833984375,938.5432739257812,901.917236328125,915.6519775390625,12841778
2021-05-28,897.3389282226562,897.3389282226562,920.230224609375,897.3389282226562,906.4954833984375,5163206
2021-05-31,892.7606811523438,892.7606811523438,911.07373046875,888.1824340820312,906.4954833984375,14054575
2021-06-02,938.5432739257812,938.5432739257812,943.1215209960938,892.7606811523438,892.7606811523438,22985916
2021-06-03,929.3867797851562,929.3867797851562,947.6998291015625,920.230224609375,938.5432739257812,12468492
2021-06-04,938.5432739257812,938.5432739257812,947.6998291015625,920.230224609375,929.3867797851562,6037665
2021-06-07,929.3867797851562,929.3867797851562,956.8563232421875,920.230224609375,924.8085327148438,7471179
2021-06-08,897.3389282226562,897.3389282226562,938.5432739257812,897.3389282226562,929.3867797851562,9366222
2021-06-09,897.3389282226562,897.3389282226562,911.07373046875,892.7606811523438,897.3389282226562,8559256
2021-06-10,906.4954833984375,906.4954833984375,924.8085327148438,892.7606811523438,897.3389282226562,8513059
2021-06-11,920.230224609375,920.230224609375,924.8085327148438,901.917236328125,911.07373046875,11470405
2021-06-14,901.917236328125,901.917236328125,924.8085327148438,901.917236328125,924.8085327148438,6505746
2021-06-15,888.1824340820312,888.1824340820312,915.6519775390625,869.869384765625,906.4954833984375,10247561
2021-06-16,865.2911376953125,865.2911376953125,892.7606811523438,860.712890625,888.1824340820312,13234831
2021-06-17,842.3998413085938,842.3998413085938,865.2911376953125,824.0867919921875,860.712890625,26217821
2021-06-18,796.6172485351562,796.6172485351562,842.3998413085938,787.460693359375,842.3998413085938,21524990
2021-06-21,792.0390014648438,792.0390014648438,792.0390014648438,755.4129028320312,782.8824462890625,14474494
2021-06-22,792.0390014648438,792.0390014648438,824.0867919921875,792.0390014648438,796.6172485351562,13386417
2021-06-23,773.7259521484375,773.7259521484375,805.7737426757812,773.7259521484375,796.6172485351562,10020946
2021-06-24,741.6781005859375,741.6781005859375,782.8824462890625,741.6781005859375,773.7259521484375,20994002
2021-06-25,714.2085571289062,714.2085571289062,741.6781005859375,709.6303100585938,741.6781005859375,29391188
2021-06-28,677.5824584960938,677.5824584960938,723.3650512695312,677.5824584960938,718.7868041992188,16095197
2021-06-29,677.5824584960938,677.5824584960938,723.3650512695312,668.4259643554688,677.5824584960938,40582994
2021-06-30,691.3172607421875,691.3172607421875,705.052001953125,673.0042114257812,682.1607055664062,20156675
2021-07-01,691.3172607421875,691.3172607421875,714.2085571289062,686.739013671875,691.3172607421875,20200469
2021-07-02,709.6303100585938,709.6303100585938,718.7868041992188,691.3172607421875,691.3172607421875,18737905
2021-07-05,668.4259643554688,668.4259643554688,714.2085571289062,668.4259643554688,709.6303100585938,27636919
2021-07-06,654.691162109375,654.691162109375,677.5824584960938,650.1129150390625,668.4259643554688,34114816
2021-07-07,654.691162109375,654.691162109375,668.4259643554688,640.9564208984375,654.691162109375,26693547
2021-07-08,640.9564208984375,640.9564208984375,659.2694091796875,640.9564208984375,654.691162109375,20533128
2021-07-09,654.691162109375,654.691162109375,659.2694091796875,640.9564208984375,640.9564208984375,20528541
2021-07-12,650.1129150390625,650.1129150390625,668.4259643554688,650.1129150390625,659.2694091796875,17157501
2021-07-13,631.7998657226562,631.7998657226562,659.2694091796875,627.2216186523438,650.1129150390625,18672487
2021-07-14,613.48681640625,613.48681640625,640.9564208984375,613.48681640625,631.7998657226562,25025337
2021-07-15,604.330322265625,604.330322265625,627.2216186523438,604.330322265625,618.0650634765625,21510355
2021-07-16,622.6433715820312,622.6433715820312,631.7998657226562,608.9085693359375,608.9085693359375,22059254
2021-07-19,631.7998657226562,631.7998657226562,636.3781127929688,613.48681640625,622.6433715820312,11103891
2021-07-21,691.3172607421875,691.3172607421875,709.6303100585938,631.7998657226562,631.7998657226562,76639488
2021-07-22,695.8955078125,695.8955078125,732.5216064453125,686.739013671875,700.4737548828125,50024245
2021-07-23,677.5824584960938,677.5824584960938,714.2085571289062,673.0042114257812,695.8955078125,28320584
2021-07-26,668.4259643554688,668.4259643554688,686.739013671875,663.8477172851562,677.5824584960938,14963654
2021-07-27,677.5824584960938,677.5824584960938,709.6303100585938,668.4259643554688,668.4259643554688,16218607
2021-07-28,645.53466796875,645.53466796875,682.1607055664062,640.9564208984375,677.5824584960938,15761665
2021-07-29,640.9564208984375,640.9564208984375,654.691162109375,631.7998657226562,650.1129150390625,16114528
2021-07-30,627.2216186523438,627.2216186523438,645.53466796875,622.6433715820312,640.9564208984375,22946927
2021-08-02,640.9564208984375,640.9564208984375,654.691162109375,613.48681640625,627.2216186523438,24030199
2021-08-03,659.2694091796875,659.2694091796875,659.2694091796875,640.9564208984375,650.1129150390625,12883934
2021-08-04,640.9564208984375,640.9564208984375,663.8477172851562,631.7998657226562,659.2694091796875,29141857
2021-08-05,640.9564208984375,640.9564208984375,654.691162109375,627.2216186523438,640.9564208984375,29914968
2021-08-06,640.9564208984375,640.9564208984375,650.1129150390625,636.3781127929688,645.53466796875,8942917
2021-08-09,636.3781127929688,636.3781127929688,650.1129150390625,631.7998657226562,645.53466796875,12290368
2021-08-10,640.9564208984375,640.9564208984375,640.9564208984375,627.2216186523438,640.9564208984375,8773529
2021-08-12,654.691162109375,654.691162109375,663.8477172851562,636.3781127929688,640.9564208984375,18026608
2021-08-13,645.53466796875,645.53466796875,663.8477172851562,640.9564208984375,654.691162109375,8386920
2021-08-16,640.9564208984375,640.9564208984375,654.691162109375,636.3781127929688,654.691162109375,9946573
2021-08-18,640.9564208984375,640.9564208984375,650.1129150390625,627.2216186523438,645.53466796875,16220136
2021-08-19,622.6433715820312,622.6433715820312,640.9564208984375,618.0650634765625,640.9564208984375,16175468
2021-08-20,613.48681640625,613.48681640625,627.2216186523438,604.330322265625,622.6433715820312,19173441
2021-08-23,640.9564208984375,640.9564208984375,645.53466796875,618.0650634765625,618.0650634765625,14204304
2021-08-24,645.53466796875,645.53466796875,659.2694091796875,640.9564208984375,645.53466796875,17376143
2021-08-25,659.2694091796875,659.2694091796875,682.1607055664062,645.53466796875,645.53466796875,39393569
2021-08-26,650.1129150390625,650.1129150390625,663.8477172851562,640.9564208984375,659.2694091796875,9002219
2021-08-27,654.691162109375,654.691162109375,659.2694091796875,640.9564208984375,650.1129150390625,6340727
2021-08-30,668.4259643554688,668.4259643554688,677.5824584960938,654.691162109375,654.691162109375,20548855
2021-08-31,673.0042114257812,673.0042114257812,677.5824584960938,659.2694091796875,668.4259643554688,11100287
2021-09-01,668.4259643554688,668.4259643554688,682.1607055664062,663.8477172851562,673.0042114257812,9214417
2021-09-02,654.691162109375,654.691162109375,677.5824584960938,654.691162109375,673.0042114257812,10421863
2021-09-03,677.5824584960938,677.5824584960938,682.1607055664062,654.691162109375,654.691162109375,14098697
2021-09-06,769.1476440429688,769.1476440429688,769.1476440429688,677.5824584960938,682.1607055664062,94092298
2021-09-07,755.4129028320312,755.4129028320312,796.6172485351562,737.099853515625,773.7259521484375,91102079
2021-09-08,755.4129028320312,755.4129028320312,778.30419921875,746.25634765625,755.4129028320312,44299799
2021-09-09,746.25634765625,746.25634765625,778.30419921875,709.6303100585938,750.8346557617188,46278499
2021-09-10,750.8346557617188,750.8346557617188,759.9911499023438,741.6781005859375,746.25634765625,17338901
2021-09-13,746.25634765625,746.25634765625,755.4129028320312,723.3650512695312,750.8346557617188,16127524
2021-09-14,764.5693969726562,764.5693969726562,787.460693359375,746.25634765625,750.8346557617188,44421025
2021-09-15,819.508544921875,819.508544921875,819.508544921875,755.4129028320312,764.5693969726562,77383439
2021-09-16,787.460693359375,787.460693359375,828.6650390625,787.460693359375,819.508544921875,51677166
2021-09-17,805.7737426757812,805.7737426757812,828.6650390625,782.8824462890625,787.460693359375,67141119
2021-09-20,787.460693359375,787.460693359375,824.0867919921875,782.8824462890625,805.7737426757812,39901404
2021-09-21,819.508544921875,819.508544921875,819.508544921875,755.4129028320312,787.460693359375,43950759
2021-09-22,810.3519897460938,810.3519897460938,828.6650390625,810.3519897460938,824.0867919921875,25997103
2021-09-23,828.6650390625,828.6650390625,856.1345825195312,814.9302978515625,814.9302978515625,70391044
2021-09-24,828.6650390625,828.6650390625,842.3998413085938,819.508544921875,833.2432861328125,21563541
2021-09-27,846.9780883789062,846.9780883789062,860.712890625,828.6650390625,833.2432861328125,26287170
2021-09-28,842.3998413085938,842.3998413085938,851.5563354492188,837.8215942382812,846.9780883789062,17562349
2021-09-29,860.712890625,860.712890625,883.6041870117188,828.6650390625,837.8215942382812,61387296
2021-09-30,883.6041870117188,883.6041870117188,883.6041870117188,860.712890625,869.869384765625,35746878
2021-10-01,970.5911254882812,970.5911254882812,1002.638916015625,874.4476318359375,879.0259399414062,107420724
2021-10-04,1002.638916015625,1002.638916015625,1020.9519653320312,970.5911254882812,979.7476196289062,51004858
2021-10-05,984.3258666992188,984.3258666992188,1043.84326171875,975.1693725585938,1002.638916015625,53903339
2021-10-06,1011.7954711914062,1011.7954711914062,1043.84326171875,993.482421875,998.0606689453125,50246163
2021-10-07,1002.638916015625,1002.638916015625,1039.2650146484375,988.9041748046875,1011.7954711914062,39591570
2021-10-08,1007.2171630859375,1007.2171630859375,1020.9519653320312,988.9041748046875,1007.2171630859375,29462066
2021-10-11,998.0606689453125,998.0606689453125,1011.7954711914062,984.3258666992188,1007.2171630859375,31423292
2021-10-12,1043.84326171875,1043.84326171875,1071.3128662109375,984.3258666992188,998.0606689453125,83603487
2021-10-13,1052.999755859375,1052.999755859375,1057.5780029296875,1030.1085205078125,1052.999755859375,30610428
2021-10-14,1080.4693603515625,1080.4693603515625,1098.7823486328125,1052.999755859375,1052.999755859375,48547483
2021-10-15,1085.047607421875,1085.047607421875,1094.2041015625,1066.734619140625,1080.4693603515625,35621721
2021-10-18,1089.6258544921875,1089.6258544921875,1117.095458984375,1085.047607421875,1089.6258544921875,34490833
2021-10-19,1089.6258544921875,1089.6258544921875,1107.93896484375,1089.6258544921875,1089.6258544921875,16283915
2021-10-21,1016.3737182617188,1016.3737182617188,1103.360595703125,1016.3737182617188,1089.6258544921875,76094521
2021-10-22,1057.5780029296875,1057.5780029296875,1062.15625,952.278076171875,1011.7954711914062,105463758
2021-10-25,1030.1085205078125,1030.1085205078125,1075.89111328125,1025.5302734375,1062.15625,37986921
2021-10-26,1002.638916015625,1002.638916015625,1039.2650146484375,998.0606689453125,1025.5302734375,36523810
2021-10-27,952.278076171875,952.278076171875,1011.7954711914062,952.278076171875,1002.638916015625,53024839
2021-10-28,933.9650268554688,933.9650268554688,979.7476196289062,915.6519775390625,952.278076171875,51948339
2021-10-29,961.4345703125,961.4345703125,975.1693725585938,933.9650268554688,943.1215209960938,29843106
2021-11-01,970.5911254882812,970.5911254882812,993.482421875,947.6998291015625,970.5911254882812,24475456
2021-11-02,952.278076171875,952.278076171875,984.3258666992188,943.1215209960938,979.7476196289062,12519057
2021-11-03,1007.2171630859375,1007.2171630859375,1011.7954711914062,952.278076171875,952.278076171875,42174975
2021-11-04,1016.3737182617188,1016.3737182617188,1039.2650146484375,1007.2171630859375,1025.5302734375,42918489
2021-11-05,993.482421875,993.482421875,1020.9519653320312,988.9041748046875,1016.3737182617188,16476019
2021-11-08,988.9041748046875,988.9041748046875,1011.7954711914062,988.9041748046875,1007.2171630859375,14779632
2021-11-09,1025.5302734375,1025.5302734375,1030.1085205078125,988.9041748046875,998.0606689453125,23912796
2021-11-10,1043.84326171875,1043.84326171875,1062.15625,1016.3737182617188,1025.5302734375,46310935
2021-11-11,1034.686767578125,1034.686767578125,1052.999755859375,1025.5302734375,1043.84326171875,20308479
2021-11-12,1016.3737182617188,1016.3737182617188,1043.84326171875,998.0606689453125,1039.2650146484375,32912395
2021-11-15,998.0606689453125,998.0606689453125,1020.9519653320312,988.9041748046875,1016.3737182617188,11095154
2021-11-16,1002.638916015625,1002.638916015625,1016.3737182617188,988.9041748046875,998.0606689453125,12694451
2021-11-17,1016.3737182617188,1016.3737182617188,1030.1085205078125,998.0606689453125,1007.2171630859375,23286467
2021-11-18,1020.9519653320312,1020.9519653320312,1025.5302734375,1011.7954711914062,1016.3737182617188,18124789
2021-11-19,1020.9519653320312,1020.9519653320312,1030.1085205078125,1016.3737182617188,1020.9519653320312,11353986
2021-11-22,1043.84326171875,1043.84326171875,1075.89111328125,1020.9519653320312,1020.9519653320312,45818280
2021-11-23,1039.2650146484375,1039.2650146484375,1048.4215087890625,1030.1085205078125,1043.84326171875,15664138
2021-11-24,1039.2650146484375,1039.2650146484375,1062.15625,1030.1085205078125,1039.2650146484375,24053461
2021-11-25,1057.5780029296875,1057.5780029296875,1066.734619140625,1039.2650146484375,1043.84326171875,23165460
2021-11-26,1002.638916015625,1002.638916015625,1062.15625,993.482421875,1062.15625,44538973
2021-11-29,984.3258666992188,984.3258666992188,1011.7954711914062,947.6998291015625,993.482421875,43474049
2021-11-30,938.5432739257812,938.5432739257812,1002.638916015625,929.3867797851562,993.482421875,38878526
2021-12-01,933.9650268554688,933.9650268554688,966.0128784179688,929.3867797851562,938.5432739257812,22578337
2021-12-02,943.1215209960938,943.1215209960938,952.278076171875,892.7606811523438,929.3867797851562,34336953
2021-12-03,938.5432739257812,938.5432739257812,979.7476196289062,924.8085327148438,947.6998291015625,15119499
2021-12-06,947.6998291015625,947.6998291015625,956.8563232421875,929.3867797851562,938.5432739257812,13108473
2021-12-07,998.0606689453125,998.0606689453125,1002.638916015625,952.278076171875,952.278076171875,30409915
2021-12-08,993.482421875,993.482421875,1016.3737182617188,975.1693725585938,1007.2171630859375,17082909
2021-12-09,984.3258666992188,984.3258666992188,998.0606689453125,970.5911254882812,998.0606689453125,11251873
2021-12-10,970.5911254882812,970.5911254882812,984.3258666992188,961.4345703125,984.3258666992188,11338696
2021-12-13,970.5911254882812,970.5911254882812,979.7476196289062,961.4345703125,975.1693725585938,5294151
2021-12-14,952.278076171875,952.278076171875,970.5911254882812,938.5432739257812,966.0128784179688,13251759
2021-12-15,938.5432739257812,938.5432739257812,966.0128784179688,933.9650268554688,952.278076171875,14202339
2021-12-16,924.8085327148438,924.8085327148438,952.278076171875,915.6519775390625,947.6998291015625,13144841
2021-12-17,897.3389282226562,897.3389282226562,924.8085327148438,874.4476318359375,924.8085327148438,26519682
2021-12-20,846.9780883789062,846.9780883789062,897.3389282226562,837.8215942382812,897.3389282226562,39837187
2021-12-21,851.5563354492188,851.5563354492188,874.4476318359375,837.8215942382812,851.5563354492188,36186783
2021-12-22,828.6650390625,828.6650390625,860.712890625,828.6650390625,856.1345825195312,20630217
2021-12-23,810.3519897460938,810.3519897460938,833.2432861328125,805.7737426757812,828.6650390625,15138720
2021-12-24,824.0867919921875,824.0867919921875,833.2432861328125,805.7737426757812,810.3519897460938,11129883
2021-12-27,879.0259399414062,879.0259399414062,879.0259399414062,828.6650390625,828.6650390625,20074329
2021-12-28,842.3998413085938,842.3998413085938,892.7606811523438,833.2432861328125,883.6041870117188,30061857
2021-12-29,833.2432861328125,833.2432861328125,842.3998413085938,814.9302978515625,842.3998413085938,17151822
2021-12-30,819.508544921875,819.508544921875,842.3998413085938,819.508544921875,833.2432861328125,6633961
2022-01-03,842.3998413085938,842.3998413085938,846.9780883789062,814.9302978515625,819.508544921875,20281176
2022-01-04,846.9780883789062,846.9780883789062,851.5563354492188,828.6650390625,842.3998413085938,11590975
2022-01-05,828.6650390625,828.6650390625,851.5563354492188,828.6650390625,846.9780883789062,6104611
2022-01-06,842.3998413085938,842.3998413085938,842.3998413085938,814.9302978515625,833.2432861328125,12312756
2022-01-07,856.1345825195312,856.1345825195312,869.869384765625,833.2432861328125,842.3998413085938,14926959
2022-01-10,846.9780883789062,846.9780883789062,860.712890625,842.3998413085938,856.1345825195312,7485158
2022-01-11,824.0867919921875,824.0867919921875,846.9780883789062,810.3519897460938,846.9780883789062,15508948
2022-01-12,814.9302978515625,814.9302978515625,833.2432861328125,778.30419921875,824.0867919921875,17662496
2022-01-13,824.0867919921875,824.0867919921875,837.8215942382812,805.7737426757812,814.9302978515625,12517419
2022-01-14,814.9302978515625,814.9302978515625,824.0867919921875,805.7737426757812,824.0867919921875,7687527
2022-01-17,759.9911499023438,759.9911499023438,824.0867919921875,759.9911499023438,819.508544921875,33575965
2022-01-18,755.4129028320312,755.4129028320312,769.1476440429688,718.7868041992188,769.1476440429688,25804235
2022-01-19,755.4129028320312,755.4129028320312,764.5693969726562,727.943359375,746.25634765625,12003905
2022-01-20,764.5693969726562,764.5693969726562,773.7259521484375,750.8346557617188,755.4129028320312,10323791
2022-01-21,769.1476440429688,769.1476440429688,778.30419921875,746.25634765625,764.5693969726562,11325481
2022-01-24,764.5693969726562,764.5693969726562,778.30419921875,755.4129028320312,769.1476440429688,6382774
2022-01-25,737.099853515625,737.099853515625,764.5693969726562,732.5216064453125,759.9911499023438,5378681
2022-01-26,741.6781005859375,741.6781005859375,759.9911499023438,727.943359375,737.099853515625,7532556
2022-01-27,741.6781005859375,741.6781005859375,755.4129028320312,737.099853515625,737.099853515625,5827432
2022-01-28,741.6781005859375,741.6781005859375,750.8346557617188,737.099853515625,741.6781005859375,3689502
2022-01-31,759.9911499023438,759.9911499023438,769.1476440429688,746.25634765625,746.25634765625,11046118
2022-02-02,782.8824462890625,782.8824462890625,805.7737426757812,759.9911499023438,759.9911499023438,9043719
2022-02-03,801.1954956054688,801.1954956054688,814.9302978515625,769.1476440429688,782.8824462890625,22880526
2022-02-04,792.0390014648438,792.0390014648438,824.0867919921875,787.460693359375,805.7737426757812,25775294
2022-02-07,810.3519897460938,810.3519897460938,810.3519897460938,792.0390014648438,792.0390014648438,15261256
2022-02-08,833.2432861328125,833.2432861328125,837.8215942382812,805.7737426757812,810.3519897460938,21000445
2022-02-09,851.5563354492188,851.5563354492188,856.1345825195312,833.2432861328125,833.2432861328125,11838122
2022-02-10,842.3998413085938,842.3998413085938,856.1345825195312,828.6650390625,851.5563354492188,8282295
2022-02-11,842.3998413085938,842.3998413085938,842.3998413085938,819.508544921875,842.3998413085938,5770751
2022-02-14,819.508544921875,819.508544921875,837.8215942382812,810.3519897460938,837.8215942382812,8390087
2022-02-15,824.0867919921875,824.0867919921875,828.6650390625,814.9302978515625,819.508544921875,5081624
2022-02-16,856.1345825195312,856.1345825195312,865.2911376953125,824.0867919921875,824.0867919921875,39138996
2022-02-17,851.5563354492188,851.5563354492188,874.4476318359375,846.9780883789062,856.1345825195312,21678978
2022-02-18,856.1345825195312,856.1345825195312,860.712890625,846.9780883789062,846.9780883789062,17086294
2022-02-21,851.5563354492188,851.5563354492188,869.869384765625,846.9780883789062,860.712890625,24691149
2022-02-22,819.508544921875,819.508544921875,851.5563354492188,814.9302978515625,851.5563354492188,28741924
2022-02-23,764.5693969726562,764.5693969726562,824.0867919921875,764.5693969726562,819.508544921875,68126756
2022-02-24,714.2085571289062,714.2085571289062,764.5693969726562,714.2085571289062,764.5693969726562,58525947
2022-02-25,695.8955078125,695.8955078125,723.3650512695312,686.739013671875,695.8955078125,53057166
2022-03-01,700.4737548828125,700.4737548828125,718.7868041992188,695.8955078125,695.8955078125,16971622
2022-03-02,673.0042114257812,673.0042114257812,705.052001953125,673.0042114257812,700.4737548828125,18264799
2022-03-04,659.2694091796875,659.2694091796875,682.1607055664062,640.9564208984375,673.0042114257812,24278547
2022-03-07,636.3781127929688,636.3781127929688,659.2694091796875,627.2216186523438,659.2694091796875,17927335
2022-03-08,654.691162109375,654.691162109375,691.3172607421875,622.6433715820312,636.3781127929688,28144426
2022-03-09,723.3650512695312,723.3650512695312,723.3650512695312,659.2694091796875,659.2694091796875,35935049
2022-03-10,723.3650512695312,723.3650512695312,750.8346557617188,709.6303100585938,727.943359375,26330418
2022-03-11,755.4129028320312,755.4129028320312,764.5693969726562,695.8955078125,714.2085571289062,44443850
2022-03-14,737.099853515625,737.099853515625,759.9911499023438,732.5216064453125,759.9911499023438,21755317
2022-03-15,705.052001953125,705.052001953125,746.25634765625,695.8955078125,741.6781005859375,18259557
2022-03-16,714.2085571289062,714.2085571289062,723.3650512695312,695.8955078125,709.6303100585938,8200386
2022-03-17,723.3650512695312,723.3650512695312,732.5216064453125,718.7868041992188,718.7868041992188,12848440
2022-03-18,695.8955078125,695.8955078125,737.099853515625,686.739013671875,732.5216064453125,26237588
2022-03-21,673.0042114257812,673.0042114257812,700.4737548828125,673.0042114257812,700.4737548828125,13504694
2022-03-22,673.0042114257812,673.0042114257812,691.3172607421875,663.8477172851562,677.5824584960938,18302368
2022-03-23,654.691162109375,654.691162109375,682.1607055664062,654.691162109375,673.0042114257812,17406394
2022-03-24,677.5824584960938,677.5824584960938,682.1607055664062,654.691162109375,668.4259643554688,15830250
2022-03-25,673.0042114257812,673.0042114257812,682.1607055664062,663.8477172851562,677.5824584960938,7216169
2022-03-28,677.5824584960938,677.5824584960938,682.1607055664062,673.0042114257812,673.0042114257812,4868225
2022-03-29,677.5824584960938,677.5824584960938,691.3172607421875,673.0042114257812,677.5824584960938,9456321
2022-03-30,686.739013671875,686.739013671875,705.052001953125,677.5824584960938,682.1607055664062,15696574
2022-03-31,677.5824584960938,677.5824584960938,695.8955078125,677.5824584960938,691.3172607421875,4419255
2022-04-01,663.8477172851562,663.8477172851562,682.1607055664062,663.8477172851562,682.1607055664062,8731810
2022-04-04,663.8477172851562,663.8477172851562,668.4259643554688,654.691162109375,663.8477172851562,5336416
2022-04-05,668.4259643554688,668.4259643554688,677.5824584960938,663.8477172851562,663.8477172851562,5028548
2022-04-06,668.4259643554688,668.4259643554688,677.5824584960938,659.2694091796875,668.4259643554688,4557517
2022-04-07,654.691162109375,654.691162109375,668.4259643554688,654.691162109375,668.4259643554688,10834137
2022-04-08,650.1129150390625,650.1129150390625,663.8477172851562,645.53466796875,659.2694091796875,14892229
2022-04-11,640.9564208984375,640.9564208984375,654.691162109375,631.7998657226562,654.691162109375,8234897
2022-04-12,636.3781127929688,636.3781127929688,659.2694091796875,636.3781127929688,650.1129150390625,8455068
2022-04-13,640.9564208984375,640.9564208984375,650.1129150390625,636.3781127929688,645.53466796875,5422584
2022-04-14,640.9564208984375,640.9564208984375,645.53466796875,631.7998657226562,640.9564208984375,5597869
2022-04-18,645.53466796875,645.53466796875,650.1129150390625,636.3781127929688,640.9564208984375,4905138
2022-04-19,645.53466796875,645.53466796875,650.1129150390625,640.9564208984375,645.53466796875,4997641
2022-04-20,640.9564208984375,640.9564208984375,654.691162109375,640.9564208984375,650.1129150390625,4513286
2022-04-21,663.8477172851562,663.8477172851562,677.5824584960938,640.9564208984375,645.53466796875,23135645
2022-04-22,659.2694091796875,659.2694091796875,677.5824584960938,650.1129150390625,663.8477172851562,7636416
2022-04-25,645.53466796875,645.53466796875,663.8477172851562,640.9564208984375,663.8477172851562,6374801
2022-04-26,654.691162109375,654.691162109375,659.2694091796875,640.9564208984375,645.53466796875,8457033
2022-04-27,654.691162109375,654.691162109375,663.8477172851562,645.53466796875,654.691162109375,5948657
2022-04-28,659.2694091796875,659.2694091796875,668.4259643554688,650.1129150390625,663.8477172851562,6454526
2022-05-09,636.3781127929688,636.3781127929688,659.2694091796875,631.7998657226562,659.2694091796875,9000035
2022-05-10,631.7998657226562,631.7998657226562,636.3781127929688,608.9085693359375,636.3781127929688,15533412
2022-05-11,636.3781127929688,636.3781127929688,640.9564208984375,622.6433715820312,631.7998657226562,5128695
2022-05-12,622.6433715820312,622.6433715820312,640.9564208984375,618.0650634765625,636.3781127929688,5996492
2022-05-13,627.2216186523438,627.2216186523438,627.2216186523438,613.48681640625,622.6433715820312,4995019
2022-05-17,627.2216186523438,627.2216186523438,636.3781127929688,622.6433715820312,627.2216186523438,4039962
2022-05-18,622.6433715820312,622.6433715820312,636.3781127929688,622.6433715820312,627.2216186523438,4132356
2022-05-19,618.0650634765625,618.0650634765625,622.6433715820312,613.48681640625,622.6433715820312,3787683
2022-05-20,613.48681640625,613.48681640625,622.6433715820312,595.1737670898438,622.6433715820312,12314722
2022-05-23,599.7520751953125,599.7520751953125,618.0650634765625,599.7520751953125,618.0650634765625,8494821
2022-05-24,627.2216186523438,627.2216186523438,636.3781127929688,604.330322265625,604.330322265625,15930506
2022-05-25,627.2216186523438,627.2216186523438,640.9564208984375,622.6433715820312,636.3781127929688,10411269
2022-05-27,654.691162109375,654.691162109375,654.691162109375,631.7998657226562,631.7998657226562,12561868
2022-05-30,668.4259643554688,668.4259643554688,673.0042114257812,640.9564208984375,654.691162109375,13656935
2022-05-31,663.8477172851562,663.8477172851562,677.5824584960938,654.691162109375,673.0042114257812,7690039
2022-06-02,663.8477172851562,663.8477172851562,677.5824584960938,654.691162109375,663.8477172851562,10207262
2022-06-03,668.4259643554688,668.4259643554688,677.5824584960938,659.2694091796875,663.8477172851562,10789142
2022-06-06,663.8477172851562,663.8477172851562,668.4259643554688,654.691162109375,668.4259643554688,7896995
2022-06-07,659.2694091796875,659.2694091796875,668.4259643554688,659.2694091796875,668.4259643554688,4875214
2022-06-08,709.6303100585938,709.6303100585938,709.6303100585938,659.2694091796875,659.2694091796875,49102388
2022-06-09,705.052001953125,705.052001953125,723.3650512695312,700.4737548828125,709.6303100585938,23584396
2022-06-10,691.3172607421875,691.3172607421875,709.6303100585938,686.739013671875,705.052001953125,8693149
2022-06-13,650.1129150390625,650.1129150390625,691.3172607421875,645.53466796875,686.739013671875,20342663
2022-06-14,650.1129150390625,650.1129150390625,654.691162109375,631.7998657226562,650.1129150390625,10797005
2022-06-15,650.1129150390625,650.1129150390625,659.2694091796875,636.3781127929688,650.1129150390625,12809670
2022-06-16,673.0042114257812,673.0042114257812,686.739013671875,650.1129150390625,650.1129150390625,13123217
2022-06-17,663.8477172851562,663.8477172851562,673.0042114257812,654.691162109375,673.0042114257812,4955922
2022-06-20,673.0042114257812,673.0042114257812,677.5824584960938,659.2694091796875,663.8477172851562,7106084
2022-06-21,673.0042114257812,673.0042114257812,695.8955078125,673.0042114257812,677.5824584960938,5497940
2022-06-22,668.4259643554688,668.4259643554688,677.5824584960938,659.2694091796875,677.5824584960938,6013092
2022-06-23,723.3650512695312,723.3650512695312,732.5216064453125,663.8477172851562,668.4259643554688,39343222
2022-06-24,746.25634765625,746.25634765625,764.5693969726562,723.3650512695312,727.943359375,56284047
2022-06-27,737.099853515625,737.099853515625,759.9911499023438,723.3650512695312,750.8346557617188,23507621
2022-06-28,750.8346557617188,750.8346557617188,769.1476440429688,727.943359375,737.099853515625,36714276
2022-06-29,732.5216064453125,732.5216064453125,759.9911499023438,732.5216064453125,750.8346557617188,24229511
2022-06-30,705.052001953125,705.052001953125,746.25634765625,705.052001953125,732.5216064453125,17682591
2022-07-01,691.3172607421875,691.3172607421875,709.6303100585938,668.4259643554688,705.052001953125,25687379
2022-07-04,650.1129150390625,650.1129150390625,700.4737548828125,645.53466796875,695.8955078125,28782223
2022-07-05,654.691162109375,654.691162109375,668.4259643554688,645.53466796875,650.1129150390625,11485149
2022-07-06,645.53466796875,645.53466796875,659.2694091796875,636.3781127929688,654.691162109375,10422081
2022-07-07,659.2694091796875,659.2694091796875,663.8477172851562,645.53466796875,645.53466796875,4216995
2022-07-08,654.691162109375,654.691162109375,663.8477172851562,650.1129150390625,659.2694091796875,3970394
2022-07-11,650.1129150390625,650.1129150390625,663.8477172851562,645.53466796875,654.691162109375,2846933
2022-07-12,659.2694091796875,659.2694091796875,659.2694091796875,650.1129150390625,650.1129150390625,4420565
2022-07-13,659.2694091796875,659.2694091796875,668.4259643554688,654.691162109375,659.2694091796875,5666890
2022-07-14,659.2694091796875,659.2694091796875,663.8477172851562,654.691162109375,659.2694091796875,3444649
2022-07-15,659.2694091796875,659.2694091796875,663.8477172851562,645.53466796875,659.2694091796875,4637460
2022-07-18,645.53466796875,645.53466796875,677.5824584960938,636.3781127929688,663.8477172851562,8554778
2022-07-19,650.1129150390625,650.1129150390625,654.691162109375,640.9564208984375,645.53466796875,5739189
2022-07-20,686.739013671875,686.739013671875,686.739013671875,654.691162109375,654.691162109375,17592164
2022-07-21,691.3172607421875,691.3172607421875,691.3172607421875,668.4259643554688,686.739013671875,11272186
2022-07-22,668.4259643554688,668.4259643554688,695.8955078125,668.4259643554688,686.739013671875,8978738
2022-07-25,700.4737548828125,700.4737548828125,705.052001953125,659.2694091796875,668.4259643554688,17744623
2022-07-26,682.1607055664062,682.1607055664062,709.6303100585938,682.1607055664062,705.052001953125,10526488
2022-07-27,677.5824584960938,677.5824584960938,691.3172607421875,668.4259643554688,682.1607055664062,5666017
2022-07-28,691.3172607421875,691.3172607421875,700.4737548828125,677.5824584960938,682.1607055664062,6718272
2022-07-29,677.5824584960938,677.5824584960938,700.4737548828125,673.0042114257812,686.739013671875,9270006
2022-08-01,677.5824584960938,677.5824584960938,695.8955078125,673.0042114257812,677.5824584960938,7526221
2022-08-02,673.0042114257812,673.0042114257812,682.1607055664062,659.2694091796875,677.5824584960938,5638277
2022-08-03,668.4259643554688,668.4259643554688,677.5824584960938,659.2694091796875,673.0042114257812,5034117
2022-08-04,682.1607055664062,682.1607055664062,686.739013671875,668.4259643554688,673.0042114257812,7249260
2022-08-05,709.6303100585938,709.6303100585938,718.7868041992188,677.5824584960938,700.4737548828125,36090458
2022-08-08,700.4737548828125,700.4737548828125,727.943359375,700.4737548828125,705.052001953125,26317094
2022-08-09,691.3172607421875,691.3172607421875,709.6303100585938,686.739013671875,700.4737548828125,9557342
2022-08-10,682.1607055664062,682.1607055664062,695.8955078125,677.5824584960938,686.739013671875,6514592
2022-08-11,691.3172607421875,691.3172607421875,705.052001953125,682.1607055664062,686.739013671875,8990642
2022-08-12,723.3650512695312,723.3650512695312,732.5216064453125,691.3172607421875,695.8955078125,40375055
2022-08-15,737.099853515625,737.099853515625,755.4129028320312,723.3650512695312,723.3650512695312,51876696
2022-08-16,732.5216064453125,732.5216064453125,746.25634765625,723.3650512695312,741.6781005859375,18890801
2022-08-18,746.25634765625,746.25634765625,755.4129028320312,727.943359375,732.5216064453125,25283841
2022-08-19,732.5216064453125,732.5216064453125,750.8346557617188,732.5216064453125,746.25634765625,10405372
2022-08-22,705.052001953125,705.052001953125,737.099853515625,705.052001953125,732.5216064453125,16747738
2022-08-23,718.7868041992188,718.7868041992188,727.943359375,686.739013671875,709.6303100585938,11883117
2022-08-24,727.943359375,727.943359375,750.8346557617188,718.7868041992188,723.3650512695312,19633332
2022-08-25,718.7868041992188,718.7868041992188,737.099853515625,714.2085571289062,727.943359375,10233363
2022-08-26,709.6303100585938,709.6303100585938,723.3650512695312,705.052001953125,723.3650512695312,7985566
2022-08-29,695.8955078125,695.8955078125,705.052001953125,673.0042114257812,695.8955078125,10754959
2022-08-30,723.3650512695312,723.3650512695312,732.5216064453125,695.8955078125,695.8955078125,11116559
2022-08-31,741.6781005859375,741.6781005859375,755.4129028320312,723.3650512695312,732.5216064453125,35934831
2022-09-01,737.099853515625,737.099853515625,750.8346557617188,732.5216064453125,741.6781005859375,10750700
2022-09-02,746.25634765625,746.25634765625,750.8346557617188,737.099853515625,741.6781005859375,9714061
2022-09-05,750.8346557617188,750.8346557617188,755.4129028320312,737.099853515625,741.6781005859375,17287244
2022-09-06,746.25634765625,746.25634765625,764.5693969726562,741.6781005859375,755.4129028320312,15367192
2022-09-07,732.5216064453125,732.5216064453125,750.8346557617188,727.943359375,746.25634765625,10779204
2022-09-08,741.6781005859375,741.6781005859375,750.8346557617188,727.943359375,732.5216064453125,11596108
2022-09-09,741.6781005859375,741.6781005859375,750.8346557617188,737.099853515625,746.25634765625,10129394
2022-09-12,746.25634765625,746.25634765625,746.25634765625,732.5216064453125,741.6781005859375,7149768
2022-09-13,782.8824462890625,782.8824462890625,782.8824462890625,741.6781005859375,746.25634765625,43439866
2022-09-14,782.8824462890625,782.8824462890625,796.6172485351562,764.5693969726562,773.7259521484375,34252533
2022-09-15,778.30419921875,778.30419921875,805.7737426757812,778.30419921875,782.8824462890625,36463307
2022-09-16,778.30419921875,778.30419921875,801.1954956054688,764.5693969726562,778.30419921875,28721610
2022-09-19,778.30419921875,778.30419921875,796.6172485351562,769.1476440429688,782.8824462890625,17835924
2022-09-20,778.30419921875,778.30419921875,787.460693359375,764.5693969726562,778.30419921875,13412410
2022-09-21,737.099853515625,737.099853515625,778.30419921875,732.5216064453125,769.1476440429688,22526571
2022-09-22,732.5216064453125,732.5216064453125,732.5216064453125,705.052001953125,732.5216064453125,16455596
2022-09-23,732.5216064453125,732.5216064453125,750.8346557617188,732.5216064453125,732.5216064453125,8214256
2022-09-26,700.4737548828125,700.4737548828125,732.5216064453125,686.739013671875,732.5216064453125,30338163
2022-09-27,695.8955078125,695.8955078125,705.052001953125,686.739013671875,686.739013671875,13742338
2022-09-28,677.5824584960938,677.5824584960938,695.8955078125,677.5824584960938,695.8955078125,11859964
2022-09-29,668.4259643554688,668.4259643554688,691.3172607421875,668.4259643554688,677.5824584960938,7473144
2022-09-30,654.691162109375,654.691162109375,668.4259643554688,636.3781127929688,668.4259643554688,13638260
2022-10-03,673.0042114257812,673.0042114257812,677.5824584960938,654.691162109375,654.691162109375,6089322
2022-10-04,682.1607055664062,682.1607055664062,686.739013671875,673.0042114257812,673.0042114257812,2542341
2022-10-05,682.1607055664062,682.1607055664062,691.3172607421875,673.0042114257812,682.1607055664062,8265367
2022-10-06,677.5824584960938,677.5824584960938,691.3172607421875,668.4259643554688,682.1607055664062,11452058
2022-10-07,673.0042114257812,673.0042114257812,682.1607055664062,663.8477172851562,677.5824584960938,3296776
2022-10-10,663.8477172851562,663.8477172851562,673.0042114257812,654.691162109375,673.0042114257812,4924687
2022-10-11,673.0042114257812,673.0042114257812,677.5824584960938,654.691162109375,663.8477172851562,4475171
2022-10-12,654.691162109375,654.691162109375,682.1607055664062,654.691162109375,673.0042114257812,6168391
2022-10-13,659.2694091796875,659.2694091796875,663.8477172851562,654.691162109375,654.691162109375,2548784
2022-10-14,659.2694091796875,659.2694091796875,673.0042114257812,654.691162109375,663.8477172851562,8534137
2022-10-17,640.9564208984375,640.9564208984375,659.2694091796875,636.3781127929688,659.2694091796875,9637176
2022-10-18,599.7520751953125,599.7520751953125,650.1129150390625,599.7520751953125,636.3781127929688,36224133
2022-10-19,567.7042236328125,567.7042236328125,599.7520751953125,558.5477294921875,558.5477294921875,41327164
2022-10-20,563.1259765625,563.1259765625,581.4390258789062,558.5477294921875,572.282470703125,20280194
2022-10-21,567.7042236328125,567.7042236328125,572.282470703125,553.969482421875,567.7042236328125,26315565
2022-10-24,576.8607788085938,576.8607788085938,581.4390258789062,567.7042236328125,572.282470703125,16017985
2022-10-25,605.0,605.0,620.0,575.0,620.0,27922100
2022-10-26,625.0,625.0,645.0,605.0,605.0,24214800
2022-10-27,590.0,590.0,635.0,585.0,625.0,47665800
2022-10-28,555.0,555.0,595.0,555.0,585.0,66367900
2022-10-31,555.0,555.0,560.0,550.0,555.0,36258900
2022-11-01,550.0,550.0,555.0,535.0,535.0,49324400
2022-11-02,560.0,560.0,590.0,545.0,590.0,68850600
2022-11-03,555.0,555.0,560.0,550.0,560.0,38770300
2022-11-04,550.0,550.0,555.0,550.0,555.0,23800600
2022-11-07,560.0,560.0,560.0,550.0,555.0,136778600
2022-11-08,555.0,555.0,565.0,550.0,565.0,131297400
2022-11-09,540.0,540.0,555.0,540.0,555.0,117454300
2022-11-10,520.0,520.0,545.0,515.0,540.0,131981200
2022-11-11,535.0,535.0,545.0,520.0,525.0,66274900
2022-11-14,535.0,535.0,545.0,530.0,540.0,17609900
2022-11-15,525.0,525.0,540.0,520.0,535.0,32420100
2022-11-16,520.0,520.0,530.0,520.0,530.0,20938800
2022-11-17,540.0,540.0,545.0,520.0,525.0,28499600
2022-11-18,535.0,535.0,545.0,530.0,540.0,11782000
2022-11-21,535.0,535.0,540.0,535.0,540.0,7328900
2022-11-22,535.0,535.0,545.0,530.0,540.0,14833800
2022-11-23,535.0,535.0,540.0,530.0,535.0,11005300
2022-11-24,545.0,545.0,550.0,535.0,535.0,36053000
2022-11-25,540.0,540.0,555.0,540.0,545.0,24727400
2022-11-28,530.0,530.0,550.0,530.0,540.0,31303500
2022-11-29,525.0,525.0,535.0,520.0,530.0,15348300
2022-11-30,520.0,520.0,530.0,515.0,525.0,26575800
2022-12-01,525.0,525.0,525.0,520.0,520.0,6122900
2022-12-02,520.0,520.0,525.0,515.0,525.0,16371500
2022-12-05,515.0,515.0,525.0,515.0,520.0,11456500
2022-12-06,482.0,482.0,515.0,480.0,515.0,62335100
2022-12-07,486.0,486.0,490.0,474.0,480.0,25653600
2022-12-08,505.0,505.0,505.0,480.0,486.0,20530300
2022-12-09,505.0,505.0,510.0,496.0,505.0,10462800
2022-12-12,500.0,500.0,505.0,498.0,505.0,7448500
2022-12-13,500.0,500.0,505.0,500.0,505.0,5616100
2022-12-14,496.0,496.0,505.0,490.0,500.0,14421700
2022-12-15,500.0,500.0,510.0,498.0,498.0,16025400
2022-12-16,500.0,500.0,500.0,494.0,500.0,7464500
2022-12-19,498.0,498.0,505.0,494.0,500.0,3943500
2022-12-20,492.0,492.0,498.0,492.0,498.0,4574400
2022-12-21,500.0,500.0,505.0,492.0,492.0,9186300
2022-12-22,520.0,520.0,520.0,500.0,500.0,25119700
2022-12-23,520.0,520.0,520.0,510.0,520.0,5480000
2022-12-26,510.0,510.0,520.0,500.0,520.0,11173500
2022-12-27,494.0,494.0,515.0,494.0,510.0,15621300
2022-12-28,484.0,484.0,498.0,480.0,498.0,26174500
2022-12-29,486.0,486.0,490.0,484.0,486.0,5729100
2022-12-30,484.0,484.0,490.0,484.0,486.0,4512100
2023-01-02,484.0,484.0,492.0,484.0,484.0,5854500
2023-01-03,488.0,488.0,490.0,482.0,484.0,14917900
2023-01-04,484.0,484.0,496.0,482.0,490.0,18590300
2023-01-05,454.0,454.0,486.0,452.0,484.0,36504700
2023-01-06,452.0,452.0,458.0,442.0,458.0,11530500
2023-01-09,438.0,438.0,458.0,432.0,458.0,20015100
2023-01-10,416.0,416.0,440.0,408.0,438.0,28291000
2023-01-11,418.0,418.0,424.0,408.0,416.0,12280200
2023-01-12,424.0,424.0,428.0,416.0,418.0,11328000
2023-01-13,428.0,428.0,428.0,420.0,424.0,6380400
2023-01-16,430.0,430.0,436.0,424.0,426.0,6820500
2023-01-17,432.0,432.0,436.0,428.0,432.0,6215200
2023-01-18,422.0,422.0,434.0,420.0,432.0,14309900
2023-01-19,438.0,438.0,442.0,422.0,422.0,15984400
2023-01-20,452.0,452.0,454.0,438.0,438.0,9884500
2023-01-24,452.0,452.0,458.0,450.0,452.0,8212900
2023-01-25,466.0,466.0,478.0,446.0,452.0,19125900
2023-01-26,462.0,462.0,476.0,458.0,468.0,11401600
2023-01-27,486.0,486.0,490.0,460.0,462.0,28572800
2023-01-30,480.0,480.0,496.0,476.0,488.0,15305700
2023-01-31,480.0,480.0,492.0,476.0,480.0,11981900
2023-02-01,472.0,472.0,484.0,472.0,480.0,9156300
2023-02-02,482.0,482.0,484.0,472.0,472.0,11191600
2023-02-03,498.0,498.0,505.0,482.0,482.0,26643700
2023-02-06,500.0,500.0,515.0,494.0,500.0,26470000
2023-02-07,492.0,492.0,505.0,486.0,500.0,16685300
2023-02-08,492.0,492.0,496.0,490.0,492.0,5113000
2023-02-09,490.0,490.0,505.0,490.0,492.0,15900100
2023-02-10,478.0,478.0,492.0,472.0,490.0,22726700
2023-02-13,482.0,482.0,486.0,478.0,478.0,6283200
2023-02-14,482.0,482.0,492.0,482.0,482.0,7563500
2023-02-15,476.0,476.0,486.0,474.0,482.0,8753900
2023-02-16,460.0,460.0,480.0,454.0,476.0,20398500
2023-02-17,468.0,468.0,472.0,450.0,460.0,9116700
2023-02-20,474.0,474.0,478.0,466.0,468.0,9107300
2023-02-21,468.0,468.0,476.0,466.0,474.0,5464400
2023-02-22,458.0,458.0,468.0,456.0,466.0,11217700
2023-02-23,448.0,448.0,460.0,446.0,458.0,9392700
2023-02-24,452.0,452.0,456.0,448.0,448.0,2856000
2023-02-27,450.0,450.0,458.0,450.0,454.0,4145300
2023-02-28,442.0,442.0,454.0,440.0,450.0,7897600
2023-03-01,442.0,442.0,448.0,440.0,446.0,4197300
2023-03-02,450.0,450.0,454.0,442.0,444.0,7406300
2023-03-03,454.0,454.0,462.0,450.0,452.0,6455800
2023-03-06,438.0,438.0,458.0,436.0,454.0,13303500
2023-03-07,432.0,432.0,444.0,432.0,438.0,7664500
2023-03-08,424.0,424.0,436.0,424.0,432.0,10341600
2023-03-09,432.0,432.0,434.0,424.0,424.0,6614200
2023-03-10,424.0,424.0,434.0,424.0,432.0,3582700
2023-03-13,428.0,428.0,444.0,424.0,424.0,22050600
2023-03-14,412.0,412.0,432.0,410.0,430.0,15408100
2023-03-15,414.0,414.0,422.0,410.0,414.0,7669800
2023-03-16,402.0,402.0,416.0,400.0,414.0,11365900
2023-03-17,404.0,404.0,410.0,402.0,404.0,6971500
2023-03-20,402.0,402.0,408.0,400.0,408.0,5894900
2023-03-21,408.0,408.0,408.0,400.0,402.0,6934400
2023-03-24,406.0,406.0,412.0,406.0,410.0,4306200
2023-03-27,406.0,406.0,410.0,404.0,406.0,2876400
2023-03-28,414.0,414.0,418.0,406.0,408.0,5284800
2023-03-29,422.0,422.0,426.0,414.0,414.0,8415900
2023-03-30,424.0,424.0,428.0,422.0,422.0,4688700
2023-03-31,416.0,416.0,428.0,416.0,424.0,5551300
2023-04-03,418.0,418.0,420.0,414.0,420.0,4055200
2023-04-04,416.0,416.0,420.0,412.0,418.0,4383300
2023-04-05,408.0,408.0,418.0,408.0,416.0,6368300
2023-04-06,408.0,408.0,410.0,404.0,408.0,4682800
2023-04-10,400.0,400.0,410.0,396.0,408.0,12579600
2023-04-11,388.0,388.0,404.0,374.0,400.0,49917900
2023-04-12,404.0,404.0,406.0,386.0,390.0,23922400
2023-04-13,404.0,404.0,416.0,402.0,404.0,12460600
2023-04-14,398.0,398.0,410.0,396.0,404.0,7183800
2023-04-17,404.0,404.0,412.0,398.0,398.0,10533900
2023-04-18,404.0,404.0,408.0,400.0,404.0,6102600
2023-04-26,420.0,420.0,426.0,398.0,404.0,21454500
2023-04-27,434.0,434.0,444.0,420.0,424.0,30312100
2023-04-28,436.0,436.0,438.0,430.0,434.0,11637200
2023-05-02,414.0,414.0,438.0,412.0,436.0,15241100
2023-05-03,402.0,402.0,414.0,400.0,414.0,16298500
2023-05-04,408.0,408.0,412.0,402.0,402.0,8429800
2023-05-05,392.0,392.0,410.0,392.0,408.0,19545800
2023-05-08,388.0,388.0,398.0,388.0,394.0,15518700
2023-05-09,400.0,400.0,402.0,388.0,390.0,10227100
2023-05-10,396.0,396.0,404.0,394.0,402.0,7112800
2023-05-11,384.0,384.0,398.0,384.0,396.0,16118100
2023-05-12,384.0,384.0,388.0,380.0,384.0,9611400
2023-05-15,384.0,384.0,388.0,382.0,384.0,7102300
2023-05-16,382.0,382.0,388.0,380.0,384.0,9676800
2023-05-17,370.0,370.0,384.0,370.0,384.0,13033500
2023-05-19,346.0,346.0,380.0,346.0,370.0,37136800
2023-05-22,346.0,346.0,350.0,330.0,346.0,19994200
2023-05-23,348.0,348.0,356.0,344.0,346.0,10288300
2023-05-24,344.0,344.0,352.0,344.0,348.0,5827100
2023-05-25,342.0,342.0,348.0,340.0,344.0,5178300
2023-05-26,342.0,342.0,348.0,342.0,342.0,2653800
2023-05-29,334.0,334.0,344.0,330.0,344.0,7363100
2023-05-30,342.0,342.0,348.0,332.0,334.0,8895600
2023-05-31,338.0,338.0,346.0,336.0,344.0,3882400
2023-06-05,348.0,348.0,352.0,336.0,338.0,10348400
2023-06-06,378.0,378.0,400.0,348.0,348.0,90034200
2023-06-07,378.0,378.0,388.0,364.0,378.0,48606400
2023-06-08,408.0,408.0,412.0,376.0,378.0,73954900
2023-06-09,422.0,422.0,428.0,408.0,410.0,51509300
2023-06-12,420.0,420.0,432.0,406.0,422.0,37381300
2023-06-13,462.0,462.0,462.0,414.0,420.0,76747900
2023-06-14,472.0,472.0,476.0,456.0,462.0,39828000
2023-06-15,452.0,452.0,474.0,442.0,472.0,32416000
2023-06-16,444.0,444.0,454.0,438.0,452.0,40242300
2023-06-19,492.0,492.0,496.0,444.0,444.0,79455500
2023-06-20,476.0,476.0,505.0,474.0,494.0,64296900
2023-06-21,482.0,482.0,496.0,474.0,476.0,32786700
2023-06-22,472.0,472.0,492.0,472.0,482.0,23254300
2023-06-23,460.0,460.0,476.0,454.0,472.0,27159000
2023-06-26,456.0,456.0,466.0,450.0,466.0,22628500
2023-06-27,450.0,450.0,462.0,450.0,454.0,14312600
2023-07-03,450.0,450.0,460.0,450.0,454.0,9702800
2023-07-04,448.0,448.0,458.0,442.0,450.0,11368700
2023-07-05,466.0,466.0,474.0,442.0,450.0,35181500
2023-07-06,454.0,454.0,470.0,454.0,466.0,21659200
2023-07-07,456.0,456.0,460.0,452.0,454.0,6758000
2023-07-10,454.0,454.0,466.0,452.0,456.0,15185000
2023-07-11,448.0,448.0,458.0,448.0,456.0,11746700
2023-07-12,452.0,452.0,460.0,446.0,446.0,10877700
2023-07-13,474.0,474.0,476.0,452.0,454.0,40254800
2023-07-14,488.0,488.0,488.0,472.0,474.0,53651900
2023-07-17,525.0,525.0,525.0,488.0,490.0,99957500
2023-07-18,515.0,515.0,535.0,498.0,500.0,63081000
2023-07-20,505.0,505.0,530.0,500.0,515.0,20281300
2023-07-21,496.0,496.0,515.0,492.0,505.0,16936500
2023-07-24,498.0,498.0,515.0,494.0,500.0,30012600
2023-07-25,490.0,490.0,505.0,482.0,498.0,29345300
2023-07-26,484.0,484.0,494.0,482.0,490.0,14867600
2023-07-27,488.0,488.0,494.0,484.0,484.0,9646500
2023-07-28,476.0,476.0,490.0,472.0,486.0,13648700
2023-07-31,476.0,476.0,488.0,474.0,476.0,12659800
2023-08-01,470.0,470.0,482.0,454.0,480.0,32916600
2023-08-02,456.0,456.0,472.0,452.0,470.0,16127400
2023-08-03,452.0,452.0,462.0,450.0,456.0,15225100
2023-08-04,458.0,458.0,466.0,454.0,454.0,8699900
2023-08-07,442.0,442.0,460.0,442.0,458.0,24758600
2023-08-08,434.0,434.0,446.0,432.0,444.0,16323600
2023-08-09,430.0,430.0,438.0,428.0,434.0,12794900
2023-08-10,434.0,434.0,440.0,428.0,430.0,9118100
2023-08-11,446.0,446.0,454.0,434.0,434.0,19871500
2023-08-14,440.0,440.0,450.0,438.0,448.0,7844600
2023-08-15,452.0,452.0,452.0,440.0,440.0,13441100
2023-08-16,448.0,448.0,458.0,446.0,454.0,8518900
2023-08-18,442.0,442.0,454.0,440.0,448.0,10783300
2023-08-21,430.0,430.0,446.0,430.0,444.0,10730200
2023-08-22,420.0,420.0,432.0,416.0,430.0,20529400
2023-08-23,422.0,422.0,430.0,418.0,420.0,9204500
2023-08-24,418.0,418.0,426.0,416.0,424.0,6361100
2023-08-25,418.0,418.0,422.0,416.0,418.0,3527400
2023-08-28,420.0,420.0,426.0,420.0,420.0,4950700
2023-08-29,446.0,446.0,452.0,422.0,422.0,37311400
2023-08-30,442.0,442.0,454.0,440.0,448.0,17977800
2023-08-31,432.0,432.0,446.0,430.0,444.0,9885700
2023-09-01,434.0,434.0,440.0,432.0,434.0,7888000
2023-09-04,422.0,422.0,438.0,420.0,434.0,13412300
2023-09-05,424.0,424.0,432.0,420.0,424.0,12565300
2023-09-06,440.0,440.0,446.0,424.0,426.0,23532500
2023-09-07,434.0,434.0,446.0,432.0,442.0,10217000
2023-09-08,468.0,468.0,486.0,434.0,434.0,108223500
2023-09-11,460.0,460.0,494.0,456.0,472.0,75314700
2023-09-12,454.0,454.0,468.0,450.0,460.0,33573300
2023-09-13,486.0,486.0,488.0,458.0,458.0,69206400
2023-09-14,476.0,476.0,490.0,474.0,486.0,29333200
2023-09-15,460.0,460.0,482.0,460.0,478.0,28396800
2023-09-18,458.0,458.0,468.0,456.0,462.0,14406500
2023-09-19,474.0,474.0,478.0,458.0,460.0,27799600
2023-09-20,482.0,482.0,494.0,474.0,474.0,45073300
2023-09-21,466.0,466.0,484.0,464.0,484.0,22067800
2023-09-22,505.0,505.0,510.0,464.0,466.0,117818400
2023-09-25,490.0,490.0,515.0,490.0,505.0,36444500
2023-09-26,480.0,480.0,510.0,472.0,492.0,49669400
2023-09-27,480.0,480.0,492.0,476.0,478.0,26094600
2023-09-29,476.0,476.0,492.0,474.0,482.0,27563500
2023-10-02,474.0,474.0,480.0,460.0,476.0,39300800
2023-10-03,458.0,458.0,480.0,458.0,472.0,36961800
2023-10-04,440.0,440.0,462.0,440.0,460.0,33397000
2023-10-05,458.0,458.0,466.0,440.0,442.0,30595300
2023-10-06,444.0,444.0,462.0,444.0,462.0,14687100
2023-10-09,448.0,448.0,456.0,444.0,444.0,13444300
2023-10-10,464.0,464.0,466.0,448.0,450.0,23802700
2023-10-11,478.0,478.0,488.0,464.0,464.0,38864800
2023-10-12,470.0,470.0,484.0,468.0,480.0,15750200
2023-10-13,468.0,468.0,490.0,464.0,472.0,29768800
2023-10-16,452.0,452.0,472.0,448.0,468.0,21938400
2023-10-17,478.0,478.0,482.0,454.0,456.0,31254100
2023-10-18,466.0,466.0,480.0,464.0,478.0,11114400
2023-10-19,452.0,452.0,470.0,450.0,468.0,17798000
2023-10-20,454.0,454.0,460.0,450.0,452.0,8916700
2023-10-23,446.0,446.0,458.0,440.0,454.0,11775300
2023-10-24,450.0,450.0,456.0,444.0,448.0,7776800
2023-10-25,448.0,448.0,454.0,444.0,450.0,5818300
2023-10-26,418.0,418.0,448.0,414.0,448.0,34295600
2023-10-27,412.0,412.0,424.0,408.0,418.0,14373100
2023-10-30,402.0,402.0,424.0,396.0,422.0,12054100
2023-10-31,402.0,402.0,410.0,398.0,402.0,10278100
2023-11-01,392.0,392.0,408.0,390.0,404.0,9856600
2023-11-02,402.0,402.0,406.0,392.0,392.0,8287600
2023-11-03,416.0,416.0,424.0,402.0,402.0,18743100
2023-11-06,414.0,414.0,424.0,412.0,418.0,7231200
2023-11-07,406.0,406.0,418.0,406.0,416.0,4939400
2023-11-08,406.0,406.0,418.0,398.0,406.0,11735700
2023-11-09,406.0,406.0,416.0,404.0,408.0,6018800
2023-11-10,400.0,400.0,408.0,398.0,406.0,4951700
2023-11-13,394.0,394.0,406.0,394.0,402.0,6098000
2023-11-14,394.0,394.0,404.0,390.0,394.0,17046800
2023-11-15,404.0,404.0,404.0,396.0,396.0,8574200
2023-11-16,414.0,414.0,420.0,402.0,404.0,18509300
2023-11-17,412.0,412.0,426.0,412.0,416.0,27340600
2023-11-20,410.0,410.0,420.0,406.0,414.0,14643000
2023-11-21,404.0,404.0,414.0,402.0,412.0,8577800
2023-11-22,398.0,398.0,406.0,396.0,404.0,6210300
2023-11-23,400.0,400.0,406.0,394.0,400.0,10608900
2023-11-24,394.0,394.0,402.0,392.0,400.0,14495100
2023-11-27,394.0,394.0,402.0,392.0,394.0,13731800
2023-11-28,404.0,404.0,408.0,394.0,394.0,37386600
2023-11-29,396.0,396.0,406.0,396.0,404.0,11718000
2023-11-30,392.0,392.0,400.0,390.0,396.0,17319400
2023-12-01,382.0,382.0,394.0,380.0,392.0,32025800
2023-12-04,376.0,376.0,388.0,376.0,382.0,21609900
2023-12-05,372.0,372.0,384.0,372.0,376.0,7596900
2023-12-06,368.0,368.0,380.0,366.0,376.0,14989200
2023-12-07,354.0,354.0,370.0,352.0,368.0,19548900
2023-12-08,350.0,350.0,356.0,350.0,354.0,14919200
2023-12-11,338.0,338.0,356.0,336.0,352.0,24594500
2023-12-12,330.0,330.0,346.0,324.0,338.0,30963500
2023-12-13,330.0,330.0,340.0,326.0,330.0,23432300
2023-12-14,346.0,346.0,364.0,330.0,330.0,183872100
2023-12-15,340.0,340.0,360.0,340.0,348.0,63903000
2023-12-18,324.0,324.0,346.0,322.0,340.0,37012800
2023-12-19,318.0,318.0,326.0,312.0,322.0,24873000
2023-12-20,322.0,322.0,326.0,318.0,320.0,11040900
2023-12-21,316.0,316.0,322.0,314.0,322.0,13124500
2023-12-22,310.0,310.0,318.0,306.0,316.0,25740800
2023-12-27,312.0,312.0,324.0,306.0,306.0,17569000
2023-12-28,312.0,312.0,318.0,310.0,314.0,9444400
2023-12-29,312.0,312.0,314.0,308.0,312.0,9563000
2024-01-02,318.0,318.0,324.0,310.0,312.0,22853100
2024-01-03,318.0,318.0,320.0,312.0,318.0,11082700
2024-01-04,318.0,318.0,322.0,316.0,316.0,14969000
2024-01-05,318.0,318.0,322.0,318.0,318.0,4647900
2024-01-08,312.0,312.0,326.0,310.0,318.0,30303000
2024-01-09,308.0,308.0,314.0,308.0,308.0,9866200
2024-01-10,312.0,312.0,316.0,308.0,310.0,12351900
2024-01-11,318.0,318.0,320.0,312.0,312.0,13311200
2024-01-12,316.0,316.0,320.0,312.0,318.0,8501700
2024-01-15,314.0,314.0,320.0,312.0,314.0,11574700
2024-01-16,318.0,318.0,320.0,314.0,316.0,9596400
2024-01-17,322.0,322.0,336.0,318.0,318.0,35956100
2024-01-18,322.0,322.0,326.0,316.0,324.0,13630800
2024-01-19,320.0,320.0,324.0,318.0,322.0,6217700
2024-01-22,302.0,302.0,322.0,298.0,320.0,40852400
2024-01-23,302.0,302.0,306.0,298.0,302.0,11105000
2024-01-24,290.0,290.0,304.0,286.0,302.0,27490300
2024-01-25,290.0,290.0,298.0,286.0,286.0,6874500
2024-01-26,286.0,286.0,292.0,284.0,290.0,7631100
2024-01-29,286.0,286.0,294.0,284.0,286.0,15033900
2024-01-30,282.0,282.0,290.0,280.0,288.0,10768300
2024-01-31,282.0,282.0,288.0,280.0,282.0,9308300
2024-02-01,282.0,282.0,284.0,280.0,282.0,5128300
2024-02-02,282.0,282.0,284.0,280.0,282.0,4191200
2024-02-05,286.0,286.0,304.0,280.0,282.0,49830400
2024-02-06,286.0,286.0,292.0,284.0,286.0,20182500
2024-02-07,284.0,284.0,290.0,282.0,288.0,9653100
2024-02-12,284.0,284.0,290.0,282.0,284.0,16528500
2024-02-13,292.0,292.0,294.0,282.0,288.0,35057300
2024-02-15,352.0,352.0,362.0,294.0,294.0,513955600
2024-02-16,322.0,322.0,364.0,320.0,352.0,269187000
2024-02-19,298.0,298.0,326.0,294.0,322.0,92089000
2024-02-20,304.0,304.0,310.0,290.0,298.0,48335500
2024-02-21,296.0,296.0,308.0,294.0,304.0,32321700
2024-02-22,298.0,298.0,304.0,296.0,296.0,21912400
2024-02-23,300.0,300.0,304.0,294.0,298.0,14637800
2024-02-26,298.0,298.0,306.0,296.0,300.0,16814100
2024-02-27,292.0,292.0,300.0,292.0,298.0,10038100
2024-02-28,292.0,292.0,298.0,292.0,298.0,12522300
2024-02-29,296.0,296.0,306.0,290.0,296.0,40511800
2024-03-01,292.0,292.0,298.0,290.0,296.0,10438800
2024-03-04,284.0,284.0,296.0,282.0,294.0,24064900
2024-03-05,290.0,290.0,308.0,284.0,284.0,119270500
2024-03-06,292.0,292.0,294.0,288.0,290.0,18696700
2024-03-07,292.0,292.0,294.0,288.0,292.0,9204100
2024-03-08,298.0,298.0,322.0,296.0,312.0,160852300
2024-03-13,296.0,296.0,310.0,296.0,300.0,25862400
2024-03-14,300.0,300.0,302.0,294.0,296.0,15375500
2024-03-15,290.0,290.0,302.0,290.0,300.0,77585700
2024-03-18,302.0,302.0,304.0,290.0,290.0,46691400
2024-03-19,310.0,310.0,320.0,298.0,302.0,90201200
2024-03-20,302.0,302.0,316.0,298.0,312.0,71070900
2024-03-21,308.0,308.0,312.0,302.0,304.0,32759000
2024-03-22,308.0,308.0,312.0,304.0,310.0,17149000
2024-03-25,306.0,306.0,314.0,300.0,314.0,19293800
2024-03-26,302.0,302.0,308.0,300.0,308.0,15607700
2024-03-27,302.0,302.0,308.0,298.0,302.0,17001900
2024-03-28,292.0,292.0,304.0,292.0,302.0,28532400
2024-04-01,288.0,288.0,296.0,284.0,292.0,28703600
2024-04-02,288.0,288.0,296.0,284.0,290.0,17874800
2024-04-03,282.0,282.0,290.0,282.0,290.0,17992900
2024-04-04,282.0,282.0,288.0,266.0,266.0,29304800
2024-04-05,282.0,282.0,286.0,278.0,286.0,23564600
2024-04-16,276.0,276.0,282.0,274.0,282.0,18177900
2024-04-17,276.0,276.0,284.0,276.0,278.0,11115500
2024-04-18,272.0,272.0,280.0,272.0,276.0,8075200
2024-04-19,262.0,262.0,276.0,256.0,272.0,19353100
2024-04-22,274.0,274.0,278.0,260.0,264.0,26949300
2024-04-23,272.0,272.0,280.0,270.0,276.0,9228400
2024-04-24,268.0,268.0,276.0,266.0,274.0,8868000
2024-04-25,260.0,260.0,270.0,260.0,268.0,12412300
2024-04-26,254.0,254.0,266.0,254.0,262.0,11955200
2024-04-29,254.0,254.0,260.0,252.0,254.0,8946000
2024-04-30,258.0,258.0,262.0,254.0,256.0,19154900
2024-05-02,248.0,248.0,260.0,246.0,258.0,23380200
2024-05-03,240.0,240.0,250.0,240.0,250.0,15412600
2024-05-06,236.0,236.0,246.0,234.0,242.0,17994200
2024-05-07,238.0,238.0,242.0,236.0,236.0,12016100
2024-05-08,224.0,224.0,240.0,222.0,238.0,33618900
2024-05-13,224.0,224.0,228.0,220.0,224.0,18683200
2024-05-14,222.0,222.0,228.0,222.0,222.0,5947400
2024-05-15,222.0,222.0,228.0,218.0,224.0,15553200
2024-05-16,228.0,228.0,232.0,222.0,222.0,17054700
2024-05-17,228.0,228.0,232.0,226.0,228.0,10567200
2024-05-20,232.0,232.0,240.0,228.0,230.0,39729600
2024-05-21,226.0,226.0,232.0,224.0,232.0,15835400
2024-05-22,224.0,224.0,228.0,222.0,226.0,7423400
2024-05-27,212.0,212.0,226.0,210.0,222.0,26765000
2024-05-28,222.0,222.0,230.0,200.0,200.0,54793700
2024-05-29,214.0,214.0,224.0,214.0,222.0,15326300
2024-05-30,210.0,210.0,222.0,208.0,214.0,14160200
2024-05-31,208.0,208.0,212.0,206.0,210.0,8740600
2024-06-03,208.0,208.0,218.0,206.0,208.0,22094300
2024-06-04,216.0,216.0,222.0,206.0,210.0,31982500
2024-06-05,210.0,210.0,220.0,210.0,216.0,9148900
2024-06-06,214.0,214.0,216.0,210.0,210.0,17614600
2024-06-07,218.0,218.0,226.0,214.0,214.0,16811100
2024-06-10,210.0,210.0,222.0,210.0,218.0,17245400
2024-06-11,206.0,206.0,214.0,206.0,212.0,12496300
2024-06-12,199.0,199.0,210.0,199.0,206.0,23706100
2024-06-13,198.0,198.0,204.0,197.0,200.0,12300100
2024-06-14,192.0,192.0,204.0,191.0,197.0,16603800
2024-06-19,177.0,177.0,194.0,176.0,192.0,30875100
2024-06-20,183.0,183.0,189.0,168.0,168.0,21387100
2024-06-21,196.0,196.0,197.0,184.0,184.0,25484900
2024-06-24,200.0,200.0,204.0,195.0,196.0,15825400
2024-06-25,194.0,194.0,202.0,193.0,200.0,7025600
2024-06-26,194.0,194.0,197.0,194.0,195.0,3782200
2024-06-27,192.0,192.0,196.0,191.0,194.0,7362600
2024-06-28,197.0,197.0,202.0,192.0,193.0,15921800
2024-07-01,212.0,212.0,220.0,196.0,197.0,93592300
2024-07-02,220.0,220.0,228.0,212.0,212.0,87530200
2024-07-03,232.0,232.0,244.0,218.0,220.0,138120300
2024-07-04,224.0,224.0,238.0,222.0,232.0,45238100
2024-07-05,222.0,222.0,232.0,222.0,224.0,36849800
2024-07-08,264.0,264.0,270.0,222.0,222.0,265836300
2024-07-09,260.0,260.0,282.0,256.0,264.0,245161100
2024-07-10,250.0,250.0,272.0,246.0,262.0,80145800
2024-07-11,248.0,248.0,258.0,244.0,252.0,37656100
2024-07-12,262.0,262.0,268.0,230.0,230.0,138657900
2024-07-15,256.0,256.0,268.0,252.0,262.0,49577700
2024-07-16,248.0,248.0,258.0,248.0,258.0,29521600
2024-07-17,260.0,260.0,260.0,248.0,250.0,52984500
2024-07-18,256.0,256.0,266.0,254.0,260.0,31999200
2024-07-19,252.0,252.0,258.0,248.0,258.0,21461700
2024-07-22,254.0,254.0,260.0,248.0,252.0,37583700
2024-07-23,252.0,252.0,258.0,250.0,256.0,14073400
2024-07-24,240.0,240.0,256.0,238.0,254.0,31302900
2024-07-25,242.0,242.0,250.0,236.0,240.0,17136100
2024-07-26,244.0,244.0,250.0,240.0,244.0,16246200
2024-07-29,248.0,248.0,250.0,242.0,244.0,15831500
2024-07-30,240.0,240.0,248.0,240.0,246.0,8711300
2024-07-31,236.0,236.0,244.0,234.0,240.0,11874600
2024-08-01,248.0,248.0,252.0,234.0,236.0,82397800
2024-08-02,242.0,242.0,250.0,242.0,248.0,13831200
2024-08-05,232.0,232.0,246.0,230.0,242.0,27481400
2024-08-06,238.0,238.0,240.0,230.0,234.0,16545100
2024-08-07,238.0,238.0,244.0,236.0,238.0,19014900
2024-08-08,236.0,236.0,242.0,234.0,238.0,6718300
2024-08-09,252.0,252.0,258.0,236.0,236.0,71205700
2024-08-12,256.0,256.0,262.0,252.0,252.0,26190200
2024-08-13,314.0,314.0,314.0,256.0,256.0,418021800
2024-08-14,302.0,302.0,320.0,296.0,314.0,429883800
2024-08-15,292.0,292.0,320.0,288.0,306.0,272391700
2024-08-16,292.0,292.0,302.0,290.0,296.0,56528700
2024-08-19,296.0,296.0,312.0,290.0,292.0,105226400
2024-08-20,296.0,296.0,304.0,284.0,298.0,66110600
2024-08-21,292.0,292.0,302.0,292.0,296.0,52302000
2024-08-22,286.0,286.0,296.0,284.0,292.0,28363100
2024-08-23,298.0,298.0,304.0,284.0,284.0,77167800
2024-08-26,308.0,308.0,310.0,298.0,298.0,86013000
2024-08-27,300.0,300.0,312.0,300.0,308.0,38410400
2024-08-28,296.0,296.0,306.0,296.0,302.0,28861700
2024-08-29,302.0,302.0,306.0,296.0,298.0,42419200
2024-08-30,304.0,304.0,308.0,296.0,304.0,64637200
2024-09-02,318.0,318.0,344.0,304.0,310.0,417282100
2024-09-03,310.0,310.0,328.0,310.0,322.0,100179800
2024-09-04,308.0,308.0,316.0,304.0,310.0,46209000
2024-09-05,314.0,314.0,316.0,300.0,308.0,40088600
2024-09-06,308.0,308.0,318.0,306.0,314.0,30674000
2024-09-09,304.0,304.0,312.0,302.0,308.0,20890500
2024-09-10,308.0,308.0,320.0,304.0,304.0,60077500
2024-09-11,282.0,282.0,312.0,278.0,308.0,146385000
2024-09-12,282.0,282.0,288.0,272.0,282.0,73296700
2024-09-13,284.0,284.0,294.0,280.0,284.0,37603600
2024-09-17,286.0,286.0,290.0,284.0,288.0,17800400
2024-09-18,286.0,286.0,292.0,282.0,286.0,20798900
2024-09-19,290.0,290.0,292.0,286.0,286.0,17655100
2024-09-20,284.0,284.0,294.0,284.0,290.0,16179400
2024-09-23,278.0,278.0,288.0,278.0,284.0,25936900
2024-09-24,282.0,282.0,288.0,272.0,278.0,64847600
2024-09-25,280.0,280.0,284.0,276.0,282.0,29849200
2024-09-26,280.0,280.0,284.0,278.0,282.0,13512400
2024-09-27,278.0,278.0,284.0,276.0,280.0,15073800
2024-09-30,270.0,270.0,282.0,270.0,280.0,20650200
2024-10-01,282.0,282.0,282.0,270.0,272.0,19520200
2024-10-02,276.0,276.0,288.0,274.0,282.0,23456400
2024-10-03,282.0,282.0,282.0,274.0,280.0,9672200
2024-10-04,278.0,278.0,284.0,276.0,282.0,12862400
2024-10-07,276.0,276.0,282.0,272.0,278.0,12700000
2024-10-08,282.0,282.0,284.0,276.0,276.0,18513400
2024-10-09,296.0,296.0,296.0,280.0,280.0,98055400
2024-10-10,294.0,294.0,302.0,288.0,298.0,55514900
2024-10-11,290.0,290.0,296.0,288.0,294.0,22103800
2024-10-14,288.0,288.0,294.0,286.0,290.0,15537700
2024-10-15,294.0,294.0,298.0,290.0,290.0,25150400
2024-10-16,300.0,300.0,306.0,294.0,298.0,60693800
2024-10-17,302.0,302.0,306.0,298.0,302.0,21303300
2024-10-18,304.0,304.0,308.0,300.0,302.0,23661900
2024-10-21,298.0,298.0,310.0,294.0,306.0,33057600
2024-10-22,294.0,294.0,300.0,290.0,298.0,25416200
2024-10-23,294.0,294.0,300.0,292.0,296.0,14675700
2024-10-24,290.0,290.0,298.0,290.0,294.0,12995000
2024-10-25,282.0,282.0,296.0,278.0,290.0,19710600
2024-10-28,284.0,284.0,288.0,274.0,282.0,21572900
2024-10-29,296.0,296.0,302.0,284.0,284.0,67087000
2024-10-30,286.0,286.0,300.0,286.0,298.0,18568100
2024-10-31,288.0,288.0,292.0,284.0,288.0,7484200
2024-11-01,286.0,286.0,298.0,282.0,288.0,40228500
2024-11-04,278.0,278.0,286.0,276.0,286.0,17347800
2024-11-05,276.0,276.0,284.0,270.0,278.0,26290600
2024-11-06,278.0,278.0,286.0,274.0,276.0,20094900
2024-11-07,272.0,272.0,280.0,266.0,278.0,16093100
2024-11-08,276.0,276.0,284.0,272.0,276.0,9712900
2024-11-11,272.0,272.0,278.0,270.0,276.0,11727000
2024-11-12,274.0,274.0,280.0,270.0,272.0,23873700
2024-11-13,272.0,272.0,278.0,272.0,274.0,9650800
2024-11-14,264.0,264.0,276.0,262.0,274.0,19778900
2024-11-15,256.0,256.0,266.0,254.0,266.0,9944100
2024-11-18,252.0,252.0,260.0,250.0,260.0,9572800
2024-11-19,260.0,260.0,262.0,252.0,252.0,8977700
2024-11-20,264.0,264.0,274.0,260.0,262.0,31715200
2024-11-21,266.0,266.0,270.0,266.0,266.0,8865400
2024-11-22,264.0,264.0,276.0,262.0,266.0,4630400
2024-11-25,266.0,266.0,268.0,256.0,264.0,7683200
2024-11-26,258.0,258.0,268.0,258.0,268.0,5876200
2024-11-28,256.0,256.0,262.0,256.0,258.0,3962700
2024-11-29,254.0,254.0,260.0,250.0,256.0,8386500
2024-12-02,250.0,250.0,256.0,244.0,254.0,11654700
2024-12-03,250.0,250.0,254.0,246.0,250.0,7461100
2024-12-04,258.0,258.0,258.0,250.0,250.0,8714800
2024-12-05,254.0,254.0,258.0,250.0,258.0,4041100
2024-12-06,250.0,250.0,256.0,248.0,254.0,3642200
2024-12-09,260.0,260.0,260.0,248.0,250.0,10863300
2024-12-10,262.0,262.0,266.0,260.0,262.0,7534100
2024-12-11,262.0,262.0,268.0,260.0,262.0,10390300
2024-12-12,258.0,258.0,266.0,256.0,262.0,4674900
2024-12-13,254.0,254.0,258.0,252.0,258.0,2776700
2024-12-16,250.0,250.0,254.0,248.0,254.0,3807000
2024-12-17,242.0,242.0,250.0,242.0,250.0,10027400
2024-12-18,236.0,236.0,246.0,234.0,244.0,6755900
2024-12-19,222.0,222.0,238.0,218.0,236.0,11303500
2024-12-20,220.0,220.0,226.0,220.0,222.0,5391800
2024-12-23,220.0,220.0,226.0,216.0,220.0,4978000
2024-12-24,216.0,216.0,222.0,216.0,220.0,4687000
2024-12-27,214.0,214.0,220.0,212.0,216.0,8887700
2024-12-30,212.0,212.0,216.0,208.0,216.0,5379500
2025-01-02,228.0,228.0,230.0,210.0,212.0,11498700
2025-01-03,248.0,248.0,248.0,228.0,230.0,22575700
2025-01-06,244.0,244.0,252.0,240.0,250.0,10679100
2025-01-07,232.0,232.0,246.0,232.0,244.0,6580100
2025-01-08,228.0,228.0,236.0,226.0,232.0,5352500
2025-01-09,230.0,230.0,232.0,226.0,228.0,2667300
2025-01-10,228.0,228.0,232.0,226.0,230.0,3460100
2025-01-13,224.0,224.0,230.0,220.0,228.0,4542800
2025-01-14,238.0,238.0,252.0,220.0,224.0,62650400
2025-01-15,234.0,234.0,238.0,228.0,238.0,12753100
2025-01-16,236.0,236.0,248.0,234.0,236.0,15885800
2025-01-17,234.0,234.0,238.0,232.0,236.0,5923100
2025-01-20,234.0,234.0,236.0,230.0,234.0,6235000
2025-01-21,234.0,234.0,236.0,232.0,234.0,2989200
2025-01-22,228.0,228.0,242.0,228.0,234.0,21798100
2025-01-23,228.0,228.0,236.0,228.0,230.0,12503900
2025-01-24,224.0,224.0,232.0,224.0,232.0,4446800
2025-01-30,220.0,220.0,228.0,216.0,224.0,6373900
2025-01-31,218.0,218.0,224.0,218.0,220.0,7093900
2025-02-03,216.0,216.0,222.0,210.0,220.0,5675200
2025-02-04,214.0,214.0,222.0,214.0,218.0,6953300
2025-02-05,212.0,212.0,216.0,206.0,216.0,9836400
2025-02-06,206.0,206.0,214.0,206.0,212.0,8838700
2025-02-07,202.0,202.0,208.0,197.0,208.0,11548400
2025-02-10,196.0,196.0,204.0,196.0,202.0,6993800
2025-02-11,183.0,183.0,198.0,180.0,196.0,14972100
2025-02-12,195.0,195.0,195.0,182.0,183.0,8583400
2025-02-13,194.0,194.0,197.0,190.0,193.0,7774200
2025-02-14,194.0,194.0,199.0,192.0,194.0,7871500
2025-02-17,206.0,206.0,206.0,194.0,194.0,10686500
2025-02-18,202.0,202.0,214.0,202.0,208.0,9821600
2025-02-19,202.0,202.0,204.0,199.0,204.0,6260600
2025-02-20,199.0,199.0,204.0,198.0,202.0,4239100
2025-02-21,198.0,198.0,202.0,197.0,199.0,4153500
2025-02-24,196.0,196.0,200.0,193.0,200.0,4388800
2025-02-25,189.0,189.0,199.0,187.0,196.0,6436500
2025-02-26,188.0,188.0,192.0,186.0,189.0,4564700
2025-02-27,181.0,181.0,189.0,180.0,188.0,8029200
2025-02-28,170.0,170.0,181.0,167.0,181.0,12491000
2025-03-03,181.0,181.0,183.0,172.0,172.0,10726700
2025-03-04,178.0,178.0,181.0,175.0,178.0,3496600
2025-03-05,182.0,182.0,189.0,180.0,180.0,6462100
2025-03-06,184.0,184.0,187.0,183.0,185.0,5684200
2025-03-07,187.0,187.0,190.0,182.0,186.0,4680900
2025-03-10,181.0,181.0,190.0,180.0,189.0,3294700
2025-03-11,178.0,178.0,182.0,173.0,181.0,9784200
2025-03-12,179.0,179.0,183.0,176.0,180.0,2322600
2025-03-13,178.0,178.0,180.0,176.0,178.0,2155300
2025-03-14,175.0,175.0,179.0,173.0,178.0,4153000
2025-03-17,172.0,172.0,175.0,170.0,175.0,8422200
2025-03-18,160.0,160.0,173.0,150.0,173.0,14717100
2025-03-19,168.0,168.0,170.0,159.0,160.0,6407500
2025-03-20,169.0,169.0,174.0,167.0,168.0,3630700
2025-03-21,165.0,165.0,170.0,164.0,169.0,2418200
2025-03-24,163.0,163.0,165.0,156.0,164.0,5853300
2025-03-25,168.0,168.0,168.0,161.0,163.0,5630700
2025-03-26,226.0,226.0,226.0,169.0,169.0,110075300
2025-03-27,240.0,240.0,274.0,230.0,230.0,246576600
2025-04-08,208.0,208.0,224.0,204.0,204.0,46140500
2025-04-09,196.0,196.0,220.0,194.0,208.0,39578500
2025-04-10,216.0,216.0,222.0,202.0,214.0,48790700
2025-04-11,216.0,216.0,222.0,208.0,216.0,13408700
2025-04-14,232.0,232.0,232.0,218.0,218.0,21723500
2025-04-15,232.0,232.0,242.0,230.0,234.0,21834300
2025-04-16,228.0,228.0,236.0,228.0,236.0,9607600
2025-04-17,240.0,240.0,250.0,228.0,228.0,85510200
2025-04-21,238.0,238.0,242.0,234.0,240.0,17907400
2025-04-22,248.0,248.0,258.0,240.0,240.0,95846600
2025-04-23,246.0,246.0,254.0,244.0,250.0,19740300
2025-04-24,252.0,252.0,264.0,246.0,250.0,57942000
2025-04-25,256.0,256.0,262.0,252.0,256.0,34715100
2025-04-28,268.0,268.0,272.0,256.0,258.0,55464500
2025-04-29,290.0,290.0,306.0,262.0,270.0,239163700
2025-04-30,292.0,292.0,294.0,280.0,290.0,60868700
2025-05-02,276.0,276.0,294.0,268.0,292.0,55027500
2025-05-05,276.0,276.0,282.0,270.0,278.0,45742100
2025-05-06,274.0,274.0,280.0,270.0,276.0,34816700
2025-05-07,272.0,272.0,284.0,272.0,276.0,32660400
2025-05-08,274.0,274.0,288.0,272.0,278.0,64179600
2025-05-09,278.0,278.0,282.0,272.0,280.0,48278300
2025-05-14,276.0,276.0,286.0,274.0,284.0,26008700
2025-05-15,276.0,276.0,284.0,270.0,280.0,96991200
2025-05-16,268.0,268.0,278.0,268.0,276.0,50106200
2025-05-19,272.0,272.0,274.0,262.0,264.0,50791100
2025-05-20,266.0,266.0,280.0,264.0,276.0,90303200
2025-05-21,260.0,260.0,270.0,260.0,270.0,31868100
2025-05-22,254.0,254.0,264.0,252.0,260.0,40338300
2025-05-23,248.0,248.0,254.0,246.0,252.0,30432400
2025-05-26,260.0,260.0,260.0,248.0,248.0,41491000
2025-05-27,266.0,266.0,278.0,262.0,262.0,62556800
2025-05-28,266.0,266.0,278.0,262.0,268.0,48383700
2025-06-02,262.0,262.0,266.0,256.0,266.0,18122400
2025-06-03,254.0,254.0,262.0,252.0,260.0,18121800
2025-06-04,266.0,266.0,268.0,254.0,256.0,46758600
2025-06-05,262.0,262.0,270.0,258.0,268.0,12883400
2025-06-10,258.0,258.0,266.0,256.0,262.0,17308900
2025-06-11,268.0,268.0,276.0,258.0,258.0,79534000
2025-06-12,280.0,280.0,286.0,264.0,270.0,119526500
2025-06-13,270.0,270.0,288.0,268.0,280.0,97623100
2025-06-16,260.0,260.0,268.0,258.0,268.0,40775100
2025-06-17,262.0,262.0,266.0,256.0,262.0,22292100
2025-06-18,264.0,264.0,270.0,258.0,262.0,35986600
2025-06-19,244.0,244.0,266.0,242.0,264.0,56046500
2025-06-20,232.0,232.0,244.0,230.0,244.0,29170200
2025-06-23,222.0,222.0,228.0,214.0,228.0,35581600
2025-06-24,234.0,234.0,236.0,226.0,226.0,25789600
2025-06-25,238.0,238.0,244.0,232.0,236.0,23966400
2025-06-26,234.0,234.0,244.0,232.0,238.0,19333600
2025-06-30,236.0,236.0,240.0,232.0,236.0,9079400
2025-07-01,232.0,232.0,240.0,232.0,238.0,5188700
2025-07-02,224.0,224.0,236.0,224.0,232.0,6050500
2025-07-03,232.0,232.0,238.0,226.0,228.0,20070900
2025-07-04,230.0,230.0,236.0,228.0,232.0,7304700
2025-07-07,232.0,232.0,236.0,228.0,230.0,4993000
2025-07-08,232.0,232.0,240.0,230.0,234.0,13189700
2025-07-09,250.0,250.0,252.0,234.0,236.0,71259700
2025-07-10,256.0,256.0,262.0,250.0,250.0,50580100
2025-07-11,256.0,256.0,266.0,254.0,258.0,17308400
2025-07-14,248.0,248.0,260.0,246.0,258.0,20385000
2025-07-15,256.0,256.0,258.0,246.0,248.0,14964500
2025-07-16,260.0,260.0,262.0,256.0,258.0,17347400
2025-07-17,264.0,264.0,268.0,258.0,260.0,22198200
2025-07-18,264.0,264.0,272.0,260.0,266.0,19828500
2025-07-21,270.0,270.0,274.0,262.0,266.0,42339200
2025-07-22,258.0,258.0,270.0,258.0,270.0,15416200
2025-07-23,260.0,260.0,266.0,254.0,264.0,10173500
2025-07-24,252.0,252.0,264.0,252.0,260.0,14934100
2025-07-25,250.0,250.0,258.0,250.0,252.0,17095500
2025-07-28,254.0,254.0,258.0,250.0,254.0,5440200
2025-07-29,252.0,252.0,256.0,250.0,254.0,10232600
2025-07-30,246.0,246.0,254.0,246.0,252.0,11660500
2025-07-31,242.0,242.0,250.0,240.0,246.0,8364900
2025-08-01,246.0,246.0,254.0,240.0,242.0,32552800
2025-08-04,262.0,262.0,262.0,244.0,248.0,67262300
2025-08-05,260.0,260.0,266.0,252.0,266.0,26288600
2025-08-06,262.0,262.0,262.0,254.0,262.0,16939100
2025-08-07,258.0,258.0,262.0,256.0,262.0,7902600
2025-08-08,250.0,250.0,258.0,250.0,258.0,9065500
2025-08-11,282.0,282.0,284.0,252.0,252.0,136291300
2025-08-12,284.0,284.0,296.0,274.0,286.0,198888200
2025-08-13,280.0,280.0,288.0,278.0,288.0,36277200
2025-08-14,284.0,284.0,298.0,282.0,284.0,195408400
2025-08-15,272.0,272.0,290.0,270.0,286.0,79184500
2025-08-19,280.0,280.0,290.0,272.0,274.0,66321400
2025-08-20,284.0,284.0,288.0,276.0,282.0,35431200
2025-08-21,296.0,296.0,318.0,286.0,286.0,358321400
2025-08-22,290.0,290.0,306.0,288.0,296.0,151822800
2025-08-25,292.0,292.0,300.0,286.0,292.0,62521700
2025-08-26,294.0,294.0,304.0,288.0,294.0,77367600
2025-08-27,292.0,292.0,300.0,288.0,298.0,32429600
2025-08-28,290.0,290.0,300.0,286.0,292.0,38887200
2025-08-29,270.0,270.0,286.0,260.0,286.0,72937200
2025-09-01,260.0,260.0,266.0,246.0,252.0,30334700
2025-09-02,268.0,268.0,272.0,264.0,264.0,22875200
2025-09-03,294.0,294.0,300.0,266.0,268.0,130272900
2025-09-04,290.0,290.0,300.0,290.0,296.0,45994600
2025-09-08,282.0,282.0,296.0,280.0,292.0,30383600
2025-09-09,278.0,278.0,290.0,274.0,282.0,27529500
2025-09-10,272.0,272.0,280.0,270.0,278.0,11130700
2025-09-11,280.0,280.0,284.0,274.0,274.0,38406000
2025-09-12,276.0,276.0,282.0,276.0,280.0,8835500
2025-09-15,284.0,284.0,292.0,278.0,280.0,57388100
2025-09-16,284.0,284.0,298.0,282.0,288.0,52973600
2025-09-17,294.0,294.0,298.0,284.0,288.0,55243100
2025-09-18,292.0,292.0,308.0,290.0,300.0,89517500
2025-09-19,286.0,286.0,294.0,284.0,294.0,15791700
2025-09-22,282.0,282.0,290.0,282.0,288.0,14279900
2025-09-23,280.0,280.0,286.0,278.0,284.0,18269800
2025-09-24,278.0,278.0,284.0,276.0,280.0,15859700
2025-09-25,276.0,276.0,294.0,276.0,280.0,31021600
2025-09-26,278.0,278.0,288.0,276.0,276.0,19037400
2025-09-29,278.0,278.0,284.0,276.0,280.0,25081700
2025-09-30,280.0,280.0,286.0,278.0,280.0,29101800
2025-10-01,278.0,278.0,288.0,278.0,284.0,44261800
2025-10-02,280.0,280.0,286.0,276.0,282.0,15688000
2025-10-03,276.0,276.0,282.0,274.0,282.0,20102600
2025-10-06,266.0,266.0,280.0,264.0,278.0,28670900
2025-10-07,262.0,262.0,268.0,258.0,266.0,19908100
2025-10-08,260.0,260.0,264.0,254.0,262.0,10245100
2025-10-09,266.0,266.0,276.0,262.0,262.0,35210000
2025-10-10,266.0,266.0,270.0,264.0,270.0,7160300
2025-10-13,264.0,264.0,268.0,258.0,264.0,7864000
2025-10-14,262.0,262.0,268.0,256.0,268.0,17591800
2025-10-15,256.0,256.0,262.0,256.0,262.0,7821100
2025-10-16,258.0,258.0,260.0,256.0,258.0,3551800
2025-10-17,248.0,248.0,260.0,246.0,260.0,21739000
2025-10-20,258.0,258.0,262.0,248.0,248.0,6192100
2025-10-21,266.0,266.0,272.0,260.0,260.0,15489400
2025-10-22,278.0,278.0,282.0,262.0,268.0,52258600
2025-10-23,270.0,270.0,276.0,268.0,272.0,27467600
2025-10-24,268.0,268.0,274.0,264.0,268.0,17060600
2025-10-27,264.0,264.0,272.0,260.0,268.0,20311200
2025-10-28,268.0,268.0,278.0,262.0,264.0,69475900
2025-10-29,266.0,266.0,270.0,262.0,270.0,10383700
2025-10-30,268.0,268.0,270.0,264.0,266.0,15326100
2025-10-31,262.0,262.0,268.0,262.0,268.0,4612800
2025-11-03,264.0,264.0,268.0,262.0,262.0,9094800
2025-11-04,268.0,268.0,272.0,264.0,266.0,18951300
2025-11-05,266.0,266.0,268.0,264.0,266.0,8215400
2025-11-06,268.0,268.0,268.0,264.0,266.0,5559100
2025-11-07,268.0,268.0,270.0,264.0,268.0,6951800
2025-11-10,266.0,266.0,270.0,264.0,268.0,13897000
2025-11-11,264.0,264.0,268.0,262.0,266.0,10325200
2025-11-12,260.0,260.0,266.0,260.0,264.0,7620000
2025-11-13,258.0,258.0,264.0,256.0,260.0,7911500
2025-11-14,258.0,258.0,262.0,258.0,258.0,6921900
2025-11-17,260.0,260.0,260.0,256.0,260.0,10697600
2025-11-18,258.0,258.0,260.0,256.0,260.0,6037700
2025-11-19,256.0,256.0,260.0,256.0,258.0,4647900
2025-11-20,260.0,260.0,274.0,256.0,256.0,122531600
2025-11-21,258.0,258.0,264.0,258.0,260.0,12651600
2025-11-24,256.0,256.0,262.0,254.0,258.0,29296300
2025-11-25,250.0,250.0,260.0,248.0,256.0,58400000
2025-11-26,252.0,252.0,260.0,250.0,252.0,59852000
2025-11-27,250.0,250.0,254.0,250.0,252.0,11452500
2025-11-28,250.0,250.0,252.0,246.0,250.0,13002200
2025-12-01,244.0,244.0,250.0,238.0,250.0,21218600
2025-12-02,238.0,238.0,244.0,238.0,244.0,16017700
2025-12-03,242.0,242.0,250.0,238.0,238.0,94374400
2025-12-04,246.0,246.0,252.0,242.0,244.0,68712300
2025-12-05,248.0,248.0,256.0,244.0,248.0,68962500
2025-12-08,250.0,250.0,252.0,246.0,248.0,17072800
2025-12-09,246.0,246.0,250.0,246.0,250.0,10445400
2025-12-10,248.0,248.0,250.0,244.0,248.0,6646200
2025-12-11,246.0,246.0,250.0,240.0,250.0,10821500
2025-12-12,240.0,240.0,252.0,238.0,246.0,51817800
2025-12-15,248.0,248.0,252.0,240.0,244.0,30379100
2025-12-16,260.0,260.0,286.0,252.0,268.0,188582400
2025-12-17,258.0,258.0,268.0,254.0,260.0,32702700
2025-12-18,254.0,254.0,268.0,254.0,264.0,44791000
2025-12-19,254.0,254.0,264.0,252.0,256.0,61062600
2025-12-22,250.0,250.0,268.0,250.0,254.0,55337200
2025-12-23,250.0,250.0,254.0,246.0,252.0,13351100
2025-12-24,260.0,260.0,274.0,260.0,264.0,138280200
2025-12-29,272.0,272.0,280.0,256.0,260.0,59890000
2025-12-30,268.0,268.0,276.0,266.0,272.0,20847700
