Date,Adj Close,Close,High,Low,Open,Volume
2020-01-02,192.74383544921875,192.74383544921875,199.59259033203125,192.74383544921875,194.70062255859375,2521680
2020-01-03,194.70062255859375,194.70062255859375,201.5493927001953,189.8086395263672,192.74383544921875,4419380
2020-01-06,191.76544189453125,191.76544189453125,197.63580322265625,191.76544189453125,194.70062255859375,2335457
2020-01-07,194.70062255859375,194.70062255859375,194.70062255859375,191.76544189453125,191.76544189453125,1218015
2020-01-08,187.8518524169922,187.8518524169922,197.63580322265625,186.8734588623047,192.74383544921875,5524557
2020-01-09,186.8734588623047,186.8734588623047,190.7870330810547,183.9382781982422,190.7870330810547,6870230
2020-01-10,186.8734588623047,186.8734588623047,190.7870330810547,185.8950653076172,188.8302459716797,3362854
2020-01-13,190.7870330810547,190.7870330810547,193.72222900390625,186.8734588623047,186.8734588623047,4113777
2020-01-14,188.8302459716797,188.8302459716797,197.63580322265625,188.8302459716797,193.72222900390625,8808404
2020-01-15,184.9166717529297,184.9166717529297,190.7870330810547,184.9166717529297,190.7870330810547,3177652
2020-01-16,181.9814910888672,181.9814910888672,186.8734588623047,181.9814910888672,184.9166717529297,2336581
2020-01-17,178.06790161132812,178.06790161132812,181.9814910888672,178.06790161132812,181.9814910888672,2752364
2020-01-20,173.17593383789062,173.17593383789062,180.02468872070312,173.17593383789062,178.06790161132812,2302852
2020-01-21,172.19754028320312,172.19754028320312,175.13272094726562,169.26234436035156,173.17593383789062,1069915
2020-01-22,166.32716369628906,166.32716369628906,175.13272094726562,166.32716369628906,175.13272094726562,2799278
2020-01-23,163.39198303222656,163.39198303222656,173.17593383789062,160.456787109375,168.28395080566406,1700948
2020-01-24,164.37037658691406,164.37037658691406,168.28395080566406,163.39198303222656,163.39198303222656,2145861
2020-01-27,156.543212890625,156.543212890625,164.37037658691406,153.6080322265625,164.37037658691406,2889630
2020-01-28,155.5648193359375,155.5648193359375,158.5,154.58642578125,156.543212890625,1730282
2020-01-29,155.5648193359375,155.5648193359375,160.456787109375,155.5648193359375,155.5648193359375,1629403
2020-01-30,155.5648193359375,155.5648193359375,159.4783935546875,154.58642578125,156.543212890625,1163333
2020-01-31,149.69444274902344,149.69444274902344,156.543212890625,147.73765563964844,156.543212890625,2369594
2020-02-03,144.80247497558594,144.80247497558594,149.69444274902344,143.82408142089844,147.73765563964844,2841694
2020-02-04,143.82408142089844,143.82408142089844,148.71604919433594,142.84568786621094,146.75926208496094,1633491
2020-02-05,146.75926208496094,146.75926208496094,148.71604919433594,137.95370483398438,144.80247497558594,3964042
2020-02-06,149.69444274902344,149.69444274902344,151.65122985839844,147.73765563964844,147.73765563964844,2474767
2020-02-07,149.69444274902344,149.69444274902344,153.6080322265625,148.71604919433594,150.67283630371094,2175501
2020-02-10,145.78086853027344,145.78086853027344,149.69444274902344,144.80247497558594,149.69444274902344,1509206
2020-02-11,145.78086853027344,145.78086853027344,148.71604919433594,144.80247497558594,146.75926208496094,741213
2020-02-12,142.84568786621094,142.84568786621094,146.75926208496094,142.84568786621094,145.78086853027344,813883
2020-02-13,138.93209838867188,138.93209838867188,144.80247497558594,138.93209838867188,142.84568786621094,2087091
2020-02-14,138.93209838867188,138.93209838867188,140.88888549804688,137.95370483398438,139.91049194335938,1448085
2020-02-17,140.88888549804688,140.88888549804688,143.82408142089844,138.93209838867188,138.93209838867188,1403523
2020-02-18,140.88888549804688,140.88888549804688,143.82408142089844,138.93209838867188,140.88888549804688,1688070
2020-02-19,141.86727905273438,141.86727905273438,143.82408142089844,140.88888549804688,140.88888549804688,1907511
2020-02-20,147.73765563964844,147.73765563964844,150.67283630371094,142.84568786621094,142.84568786621094,5456384
2020-02-21,144.80247497558594,144.80247497558594,150.67283630371094,144.80247497558594,148.71604919433594,2052340
2020-02-24,140.88888549804688,140.88888549804688,146.75926208496094,139.91049194335938,146.75926208496094,3014528
2020-02-25,139.91049194335938,139.91049194335938,141.86727905273438,138.93209838867188,140.88888549804688,1014314
2020-02-26,127.19136047363281,127.19136047363281,140.88888549804688,127.19136047363281,140.88888549804688,3401897
2020-02-27,120.34259033203125,120.34259033203125,130.1265411376953,117.40740966796875,127.19136047363281,3329738
2020-02-28,108.60185241699219,108.60185241699219,118.38580322265625,105.66667175292969,117.40740966796875,3400057
2020-03-02,106.64506530761719,106.64506530761719,113.49382781982422,103.70987701416016,108.60185241699219,3001446
2020-03-03,113.49382781982422,113.49382781982422,113.49382781982422,106.64506530761719,107.62345886230469,2161805
2020-03-04,125.23457336425781,125.23457336425781,127.19136047363281,112.51543426513672,113.49382781982422,5139130
2020-03-05,156.543212890625,156.543212890625,167.30555725097656,119.36419677734375,127.19136047363281,67647212
2020-03-06,142.84568786621094,142.84568786621094,157.5216064453125,140.88888549804688,157.5216064453125,11906437
2020-03-09,122.29938507080078,122.29938507080078,141.86727905273438,121.32099151611328,136.97531127929688,6644452
2020-03-10,132.0833282470703,132.0833282470703,143.82408142089844,120.34259033203125,123.27777862548828,20801310
2020-03-11,125.23457336425781,125.23457336425781,140.88888549804688,122.29938507080078,122.29938507080078,11048808
2020-03-12,114.47222137451172,114.47222137451172,123.27777862548828,114.47222137451172,123.27777862548828,6055427
2020-03-13,110.55864715576172,110.55864715576172,115.45062255859375,106.64506530761719,110.55864715576172,6931555
2020-03-16,110.55864715576172,110.55864715576172,110.55864715576172,110.55864715576172,110.55864715576172,0
2020-03-17,96.86111450195312,96.86111450195312,104.68827056884766,96.86111450195312,96.86111450195312,4417949
2020-03-18,90.9907455444336,90.9907455444336,102.73148345947266,90.9907455444336,90.9907455444336,5928177
2020-03-19,85.12036895751953,85.12036895751953,88.05555725097656,85.12036895751953,85.12036895751953,2247047
2020-03-20,86.09877014160156,86.09877014160156,90.9907455444336,79.25,79.25,6661215
2020-03-23,81.20679473876953,81.20679473876953,86.09877014160156,80.2283935546875,86.09877014160156,3802042
2020-03-24,82.18518829345703,82.18518829345703,87.07716369628906,76.3148193359375,76.3148193359375,4044889
2020-03-26,91.9691390991211,91.9691390991211,97.83950805664062,77.293212890625,77.293212890625,10392529
2020-03-27,96.86111450195312,96.86111450195312,107.62345886230469,87.07716369628906,87.07716369628906,20159136
2020-03-30,92.9475326538086,92.9475326538086,96.86111450195312,90.9907455444336,92.9475326538086,5486638
2020-03-31,95.8827133178711,95.8827133178711,97.83950805664062,87.07716369628906,87.07716369628906,1787825
2020-04-01,93.9259262084961,93.9259262084961,99.79629516601562,90.01234436035156,90.01234436035156,1688683
2020-04-02,95.8827133178711,95.8827133178711,97.83950805664062,90.01234436035156,90.01234436035156,2871539
2020-04-03,95.8827133178711,95.8827133178711,99.79629516601562,90.01234436035156,90.01234436035156,4048671
2020-04-06,102.73148345947266,102.73148345947266,106.64506530761719,90.01234436035156,90.01234436035156,11124238
2020-04-07,102.73148345947266,102.73148345947266,110.55864715576172,95.8827133178711,95.8827133178711,9304421
2020-04-08,95.8827133178711,95.8827133178711,105.66667175292969,95.8827133178711,95.8827133178711,6482861
2020-04-09,96.86111450195312,96.86111450195312,98.81790161132812,90.01234436035156,90.01234436035156,2333515
2020-04-13,97.83950805664062,97.83950805664062,99.79629516601562,90.9907455444336,90.9907455444336,3164059
2020-04-14,99.79629516601562,99.79629516601562,100.77469635009766,97.83950805664062,97.83950805664062,4228046
2020-04-15,96.86111450195312,96.86111450195312,102.73148345947266,96.86111450195312,97.83950805664062,3897607
2020-04-16,94.9043197631836,94.9043197631836,98.81790161132812,90.9907455444336,90.9907455444336,4559712
2020-04-17,100.77469635009766,100.77469635009766,107.62345886230469,94.9043197631836,94.9043197631836,15863632
2020-04-20,99.79629516601562,99.79629516601562,108.60185241699219,99.79629516601562,104.68827056884766,13170446
2020-04-21,96.86111450195312,96.86111450195312,101.75308990478516,92.9475326538086,92.9475326538086,2765242
2020-04-22,96.86111450195312,96.86111450195312,97.83950805664062,90.9907455444336,90.9907455444336,3781907
2020-04-23,96.86111450195312,96.86111450195312,98.81790161132812,95.8827133178711,96.86111450195312,2362133
2020-04-24,94.9043197631836,94.9043197631836,97.83950805664062,94.9043197631836,97.83950805664062,3698914
2020-04-27,95.8827133178711,95.8827133178711,97.83950805664062,90.01234436035156,90.01234436035156,1819203
2020-04-28,94.9043197631836,94.9043197631836,97.83950805664062,94.9043197631836,95.8827133178711,1813275
2020-04-29,94.9043197631836,94.9043197631836,96.86111450195312,93.9259262084961,93.9259262084961,960348
2020-04-30,96.86111450195312,96.86111450195312,97.83950805664062,94.9043197631836,94.9043197631836,2285886
2020-05-04,97.83950805664062,97.83950805664062,101.75308990478516,94.9043197631836,94.9043197631836,6689424
2020-05-05,127.19136047363281,127.19136047363281,131.1049346923828,93.9259262084961,93.9259262084961,220684368
2020-05-06,118.38580322265625,118.38580322265625,140.88888549804688,118.38580322265625,129.1481475830078,126975699
2020-05-08,113.49382781982422,113.49382781982422,122.29938507080078,110.55864715576172,111.53704071044922,20170072
2020-05-11,111.53704071044922,111.53704071044922,117.40740966796875,110.55864715576172,115.45062255859375,8014962
2020-05-12,108.60185241699219,108.60185241699219,113.49382781982422,105.66667175292969,112.51543426513672,6082614
2020-05-13,120.34259033203125,120.34259033203125,123.27777862548828,104.68827056884766,107.62345886230469,54288294
2020-05-14,112.51543426513672,112.51543426513672,122.29938507080078,112.51543426513672,122.29938507080078,22666610
2020-05-15,111.53704071044922,111.53704071044922,115.45062255859375,108.60185241699219,114.47222137451172,8681564
2020-05-18,115.45062255859375,115.45062255859375,120.34259033203125,109.58024597167969,112.51543426513672,25515868
2020-05-19,118.38580322265625,118.38580322265625,130.1265411376953,116.42901611328125,120.34259033203125,89369419
2020-05-20,115.45062255859375,115.45062255859375,121.32099151611328,113.49382781982422,116.42901611328125,29699454
2020-05-26,116.42901611328125,116.42901611328125,117.40740966796875,114.47222137451172,116.42901611328125,5695449
2020-05-27,119.36419677734375,119.36419677734375,122.29938507080078,115.45062255859375,116.42901611328125,10528773
2020-05-28,116.42901611328125,116.42901611328125,122.29938507080078,115.45062255859375,121.32099151611328,7760566
2020-05-29,117.40740966796875,117.40740966796875,118.38580322265625,114.47222137451172,117.40740966796875,7844785
2020-06-02,122.29938507080078,122.29938507080078,124.25617218017578,117.40740966796875,117.40740966796875,20284852
2020-06-03,121.32099151611328,121.32099151611328,126.21296691894531,119.36419677734375,122.29938507080078,12017231
2020-06-04,125.23457336425781,125.23457336425781,128.1697540283203,121.32099151611328,121.32099151611328,12045031
2020-06-05,129.1481475830078,129.1481475830078,129.1481475830078,123.27777862548828,126.21296691894531,11111973
2020-06-08,133.06173706054688,133.06173706054688,138.93209838867188,129.1481475830078,129.1481475830078,23015038
2020-06-09,132.0833282470703,132.0833282470703,139.91049194335938,130.1265411376953,135.01852416992188,20232624
2020-06-10,125.23457336425781,125.23457336425781,135.99691772460938,123.27777862548828,132.0833282470703,17288619
2020-06-11,122.29938507080078,122.29938507080078,127.19136047363281,120.34259033203125,125.23457336425781,7375037
2020-06-12,118.38580322265625,118.38580322265625,125.23457336425781,114.47222137451172,117.40740966796875,33409407
2020-06-15,114.47222137451172,114.47222137451172,121.32099151611328,114.47222137451172,119.36419677734375,11959177
2020-06-16,123.27777862548828,123.27777862548828,129.1481475830078,116.42901611328125,116.42901611328125,52070171
2020-06-17,122.29938507080078,122.29938507080078,128.1697540283203,121.32099151611328,123.27777862548828,9196489
2020-06-18,126.21296691894531,126.21296691894531,134.04013061523438,120.34259033203125,123.27777862548828,42182652
2020-06-19,124.25617218017578,124.25617218017578,129.1481475830078,122.29938507080078,128.1697540283203,9193116
2020-06-22,122.29938507080078,122.29938507080078,126.21296691894531,121.32099151611328,126.21296691894531,9762927
2020-06-23,120.34259033203125,120.34259033203125,124.25617218017578,119.36419677734375,121.32099151611328,5392402
2020-06-24,122.29938507080078,122.29938507080078,126.21296691894531,117.40740966796875,120.34259033203125,9002089
2020-06-25,120.34259033203125,120.34259033203125,122.29938507080078,118.38580322265625,122.29938507080078,5656508
2020-06-26,120.34259033203125,120.34259033203125,123.27777862548828,119.36419677734375,122.29938507080078,8664700
2020-06-29,120.34259033203125,120.34259033203125,123.27777862548828,120.34259033203125,120.34259033203125,5455771
2020-06-30,119.36419677734375,119.36419677734375,122.29938507080078,119.36419677734375,121.32099151611328,3939819
2020-07-01,120.34259033203125,120.34259033203125,121.32099151611328,118.38580322265625,120.34259033203125,2612441
2020-07-02,120.34259033203125,120.34259033203125,122.29938507080078,120.34259033203125,120.34259033203125,3862856
2020-07-03,122.29938507080078,122.29938507080078,126.21296691894531,118.38580322265625,120.34259033203125,20686428
2020-07-06,147.73765563964844,147.73765563964844,149.69444274902344,122.29938507080078,127.19136047363281,195037468
2020-07-07,147.73765563964844,147.73765563964844,163.39198303222656,140.88888549804688,151.65122985839844,253303399
2020-07-08,142.84568786621094,142.84568786621094,154.58642578125,141.86727905273438,153.6080322265625,48307377
2020-07-09,139.91049194335938,139.91049194335938,146.75926208496094,137.95370483398438,145.78086853027344,36307827
2020-07-10,146.75926208496094,146.75926208496094,155.5648193359375,136.97531127929688,139.91049194335938,157517963
2020-07-13,150.67283630371094,150.67283630371094,152.629638671875,146.75926208496094,146.75926208496094,34442936
2020-07-14,201.5493927001953,201.5493927001953,201.5493927001953,148.71604919433594,150.67283630371094,291424400
2020-07-15,219.16049194335938,219.16049194335938,242.64198303222656,209.3765411376953,213.29013061523438,299462360
2020-07-16,217.20370483398438,217.20370483398438,228.94444274902344,211.33334350585938,215.24691772460938,59228834
2020-07-17,223.07408142089844,223.07408142089844,232.8580322265625,213.29013061523438,217.20370483398438,119209614
2020-07-20,215.24691772460938,215.24691772460938,226.98765563964844,213.29013061523438,225.03086853027344,40009604
2020-07-21,217.20370483398438,217.20370483398438,223.07408142089844,213.29013061523438,221.11729431152344,21897698
2020-07-22,215.24691772460938,215.24691772460938,221.11729431152344,213.29013061523438,217.20370483398438,28644256
2020-07-23,225.03086853027344,225.03086853027344,238.7283935546875,217.20370483398438,217.20370483398438,135550661
2020-07-24,215.24691772460938,215.24691772460938,226.98765563964844,211.33334350585938,225.03086853027344,39010110
2020-07-27,215.24691772460938,215.24691772460938,221.11729431152344,213.29013061523438,215.24691772460938,17248758
2020-07-28,252.42593383789062,252.42593383789062,262.2098693847656,213.29013061523438,217.20370483398438,284355988
2020-07-29,234.8148193359375,234.8148193359375,258.2962951660156,234.8148193359375,256.3395080566406,115494550
2020-07-30,226.98765563964844,226.98765563964844,242.64198303222656,223.07408142089844,234.8148193359375,77462368
2020-08-03,211.33334350585938,211.33334350585938,230.9012451171875,211.33334350585938,226.98765563964844,42197575
2020-08-04,215.24691772460938,215.24691772460938,221.11729431152344,201.5493927001953,207.4197540283203,33729932
2020-08-05,223.07408142089844,223.07408142089844,232.8580322265625,213.29013061523438,215.24691772460938,53697939
2020-08-06,230.9012451171875,230.9012451171875,238.7283935546875,225.03086853027344,228.94444274902344,45751047
2020-08-07,228.94444274902344,228.94444274902344,234.8148193359375,225.03086853027344,234.8148193359375,21144423
2020-08-10,232.8580322265625,232.8580322265625,238.7283935546875,228.94444274902344,232.8580322265625,65249101
2020-08-11,236.7716064453125,236.7716064453125,246.55555725097656,232.8580322265625,234.8148193359375,64324832
2020-08-12,268.08026123046875,268.08026123046875,291.5617370605469,232.8580322265625,236.7716064453125,622490149
2020-08-13,262.2098693847656,262.2098693847656,275.90740966796875,258.2962951660156,271.99383544921875,127403952
2020-08-14,273.95062255859375,273.95062255859375,279.82098388671875,262.2098693847656,262.2098693847656,78031770
2020-08-18,293.5185241699219,293.5185241699219,315.043212890625,273.95062255859375,273.95062255859375,363414439
2020-08-19,303.3024597167969,303.3024597167969,307.216064453125,293.5185241699219,293.5185241699219,153759052
2020-08-24,338.5246887207031,338.5246887207031,356.13580322265625,297.4320983886719,307.216064453125,596909788
2020-08-25,330.6975402832031,330.6975402832031,344.39508056640625,324.8271789550781,342.4382629394531,137493332
2020-08-26,371.7901306152344,371.7901306152344,387.4444580078125,326.7839660644531,330.6975402832031,659253110
2020-08-27,379.6172790527344,379.6172790527344,405.0555725097656,371.7901306152344,371.7901306152344,361111484
2020-08-28,371.7901306152344,371.7901306152344,391.3580322265625,354.17901611328125,379.6172790527344,129170518
2020-08-31,371.7901306152344,371.7901306152344,383.5308837890625,360.04937744140625,373.7469177246094,101600572
2020-09-01,371.7901306152344,371.7901306152344,377.6604919433594,360.04937744140625,371.7901306152344,51662361
2020-09-02,375.7037048339844,375.7037048339844,379.6172790527344,371.7901306152344,373.7469177246094,37162390
2020-09-03,369.8333435058594,369.8333435058594,381.5740661621094,365.9197692871094,375.7037048339844,25068911
2020-09-04,367.8765563964844,367.8765563964844,367.8765563964844,354.17901611328125,363.9629821777344,64713224
2020-09-07,360.04937744140625,360.04937744140625,369.8333435058594,358.09259033203125,367.8765563964844,29860636
2020-09-08,348.30865478515625,348.30865478515625,365.9197692871094,342.4382629394531,358.09259033203125,34420042
2020-09-09,324.8271789550781,324.8271789550781,348.30865478515625,324.8271789550781,344.39508056640625,67308085
2020-09-10,303.3024597167969,303.3024597167969,322.870361328125,303.3024597167969,322.870361328125,25063597
2020-09-11,311.129638671875,311.129638671875,313.08642578125,283.73455810546875,283.73455810546875,135850131
2020-09-14,350.26544189453125,350.26544189453125,358.09259033203125,313.08642578125,313.08642578125,112346537
2020-09-15,348.30865478515625,348.30865478515625,363.9629821777344,344.39508056640625,356.13580322265625,85338429
2020-09-16,336.5679016113281,336.5679016113281,352.22222900390625,332.6543273925781,350.26544189453125,38351685
2020-09-17,326.7839660644531,326.7839660644531,346.35186767578125,320.91357421875,336.5679016113281,27623503
2020-09-18,332.6543273925781,332.6543273925781,346.35186767578125,315.043212890625,315.043212890625,44293763
2020-09-21,318.956787109375,318.956787109375,340.4814758300781,313.08642578125,336.5679016113281,32415739
2020-09-22,297.4320983886719,297.4320983886719,317.0,297.4320983886719,303.3024597167969,44592006
2020-09-23,295.4753112792969,295.4753112792969,315.043212890625,279.82098388671875,303.3024597167969,53507730
2020-09-24,281.77777099609375,281.77777099609375,295.4753112792969,279.82098388671875,289.6049499511719,29861147
2020-09-25,315.043212890625,315.043212890625,322.870361328125,281.77777099609375,285.6913757324219,118287082
2020-09-28,307.216064453125,307.216064453125,326.7839660644531,305.25927734375,317.0,44066247
2020-09-29,299.3888854980469,299.3888854980469,322.870361328125,295.4753112792969,311.129638671875,59899422
2020-09-30,301.3456726074219,301.3456726074219,307.216064453125,291.5617370605469,303.3024597167969,32898468
2020-10-01,315.043212890625,315.043212890625,315.043212890625,303.3024597167969,307.216064453125,59551096
2020-10-02,307.216064453125,307.216064453125,318.956787109375,297.4320983886719,317.0,56185482
2020-10-05,318.956787109375,318.956787109375,318.956787109375,307.216064453125,313.08642578125,71298396
2020-10-06,324.8271789550781,324.8271789550781,336.5679016113281,320.91357421875,322.870361328125,97052818
2020-10-07,324.8271789550781,324.8271789550781,330.6975402832031,318.956787109375,324.8271789550781,31248521
2020-10-08,324.8271789550781,324.8271789550781,332.6543273925781,322.870361328125,328.7407531738281,32680049
2020-10-09,320.91357421875,320.91357421875,330.6975402832031,318.956787109375,326.7839660644531,26663155
2020-10-12,336.5679016113281,336.5679016113281,340.4814758300781,322.870361328125,324.8271789550781,116425871
2020-10-13,420.7098693847656,420.7098693847656,420.7098693847656,338.5246887207031,338.5246887207031,1111506509
2020-10-14,481.3703918457031,481.3703918457031,523.4413452148438,434.40740966796875,446.1481628417969,1373798711
2020-10-15,448.1049499511719,448.1049499511719,494.0895080566406,448.1049499511719,489.1975402832031,47121046
2020-10-16,436.36419677734375,436.36419677734375,438.32098388671875,416.7962951660156,416.7962951660156,407476394
2020-10-19,416.7962951660156,416.7962951660156,448.1049499511719,407.0123596191406,440.27777099609375,218552305
2020-10-20,414.8395080566406,414.8395080566406,430.49383544921875,391.3580322265625,414.8395080566406,237916977
2020-10-21,387.4444580078125,387.4444580078125,420.7098693847656,387.4444580078125,416.7962951660156,178293006
2020-10-22,362.00616455078125,362.00616455078125,381.5740661621094,362.00616455078125,367.8765563964844,89052573
2020-10-23,342.4382629394531,342.4382629394531,377.6604919433594,338.5246887207031,342.4382629394531,284685201
2020-10-26,350.26544189453125,350.26544189453125,362.00616455078125,342.4382629394531,346.35186767578125,68818109
2020-10-27,363.9629821777344,363.9629821777344,385.4876708984375,350.26544189453125,358.09259033203125,295703960
2020-11-02,360.04937744140625,360.04937744140625,371.7901306152344,356.13580322265625,369.8333435058594,54596451
2020-11-03,360.04937744140625,360.04937744140625,367.8765563964844,358.09259033203125,362.00616455078125,23651795
2020-11-04,360.04937744140625,360.04937744140625,381.5740661621094,348.30865478515625,362.00616455078125,127733471
2020-11-05,367.8765563964844,367.8765563964844,375.7037048339844,363.9629821777344,365.9197692871094,96863835
2020-11-06,363.9629821777344,363.9629821777344,375.7037048339844,363.9629821777344,367.8765563964844,48632807
2020-11-09,365.9197692871094,365.9197692871094,371.7901306152344,363.9629821777344,367.8765563964844,38331141
2020-11-10,371.7901306152344,371.7901306152344,375.7037048339844,367.8765563964844,367.8765563964844,54472575
2020-11-11,387.4444580078125,387.4444580078125,397.2283935546875,371.7901306152344,377.6604919433594,203442969
2020-11-12,383.5308837890625,383.5308837890625,395.2716064453125,379.6172790527344,391.3580322265625,54762131
2020-11-13,399.1851806640625,399.1851806640625,414.8395080566406,383.5308837890625,383.5308837890625,392047147
2020-11-16,412.8827209472656,412.8827209472656,422.66668701171875,403.0987854003906,403.0987854003906,204129297
2020-11-17,412.8827209472656,412.8827209472656,422.66668701171875,407.0123596191406,416.7962951660156,103687970
2020-11-18,412.8827209472656,412.8827209472656,420.7098693847656,410.9259338378906,416.7962951660156,94940890
2020-11-19,424.62347412109375,424.62347412109375,436.36419677734375,412.8827209472656,414.8395080566406,204275557
2020-11-20,414.8395080566406,414.8395080566406,428.53704833984375,414.8395080566406,422.66668701171875,57811002
2020-11-23,424.62347412109375,424.62347412109375,430.49383544921875,414.8395080566406,416.7962951660156,89428495
2020-11-24,424.62347412109375,424.62347412109375,430.49383544921875,420.7098693847656,426.58026123046875,47917657
2020-11-25,436.36419677734375,436.36419677734375,446.1481628417969,422.66668701171875,430.49383544921875,247172440
2020-11-26,450.0617370605469,450.0617370605469,453.9753112792969,434.40740966796875,436.36419677734375,169572295
2020-11-27,557.6851806640625,557.6851806640625,557.6851806640625,444.1913757324219,450.0617370605469,587283820
2020-11-30,528.3333129882812,528.3333129882812,596.8209838867188,523.4413452148438,587.0370483398438,606884082
2020-12-01,596.8209838867188,596.8209838867188,596.8209838867188,513.6574096679688,547.9012451171875,531792433
2020-12-02,591.9290161132812,591.9290161132812,621.2808837890625,587.0370483398438,621.2808837890625,317691192
2020-12-03,645.74072265625,645.74072265625,665.3086547851562,591.9290161132812,596.8209838867188,579733802
2020-12-04,645.74072265625,645.74072265625,655.5247192382812,621.2808837890625,645.74072265625,233328237
2020-12-07,650.6327514648438,650.6327514648438,670.2006225585938,640.8487548828125,645.74072265625,197640507
2020-12-08,635.956787109375,635.956787109375,675.0925903320312,635.956787109375,675.0925903320312,95710211
2020-12-10,714.2283935546875,714.2283935546875,733.7963256835938,640.8487548828125,645.74072265625,523681394
2020-12-11,772.93212890625,772.93212890625,812.0679321289062,689.7685546875,743.5802612304688,728640826
2020-12-14,802.283935546875,802.283935546875,826.7438354492188,758.2561645507812,777.8240966796875,366316948
2020-12-15,792.5,792.5,831.6358032226562,768.0401611328125,831.6358032226562,147005440
2020-12-16,944.1512451171875,944.1512451171875,958.8271484375,782.716064453125,787.6080322265625,569919464
2020-12-17,944.1512451171875,944.1512451171875,944.1512451171875,944.1512451171875,944.1512451171875,0
2020-12-18,1012.638916015625,1012.638916015625,1086.0185546875,919.6913452148438,924.5833740234375,713272393
2020-12-21,1012.638916015625,1012.638916015625,1012.638916015625,1012.638916015625,1012.638916015625,0
2020-12-22,1012.638916015625,1012.638916015625,1012.638916015625,1012.638916015625,1012.638916015625,0
2020-12-23,1012.638916015625,1012.638916015625,1012.638916015625,1012.638916015625,1012.638916015625,0
2020-12-28,1012.638916015625,1012.638916015625,1012.638916015625,1012.638916015625,1012.638916015625,0
2020-12-29,1012.638916015625,1012.638916015625,1012.638916015625,1012.638916015625,1012.638916015625,0
2020-12-30,1012.638916015625,1012.638916015625,1012.638916015625,1012.638916015625,1012.638916015625,0
2021-01-04,997.9629516601562,997.9629516601562,1022.4228515625,944.1512451171875,997.9629516601562,371150067
2021-01-05,1017.5308837890625,1017.5308837890625,1056.6666259765625,963.7191772460938,1002.85498046875,219134687
2021-01-06,1110.4783935546875,1110.4783935546875,1174.0740966796875,1017.5308837890625,1027.3148193359375,537997288
2021-01-07,1193.6419677734375,1193.6419677734375,1252.345703125,1120.2623291015625,1125.154296875,395273962
2021-01-08,1198.533935546875,1198.533935546875,1247.4537353515625,1183.8580322265625,1218.1019287109375,233829569
2021-01-11,1286.5894775390625,1286.5894775390625,1296.37353515625,1198.533935546875,1208.31787109375,223340452
2021-01-12,1550.7562255859375,1550.7562255859375,1604.56787109375,1281.697509765625,1296.37353515625,763482477
2021-01-13,1555.648193359375,1555.648193359375,1638.811767578125,1501.83642578125,1565.43212890625,270618388
2021-01-14,1482.2685546875,1482.2685546875,1599.6759033203125,1448.024658203125,1516.5123291015625,199558648
2021-01-15,1389.321044921875,1389.321044921875,1501.83642578125,1379.537109375,1477.3765869140625,277458672
2021-01-18,1296.37353515625,1296.37353515625,1389.321044921875,1296.37353515625,1389.321044921875,178734341
2021-01-19,1208.31787109375,1208.31787109375,1252.345703125,1208.31787109375,1218.1019287109375,21749291
2021-01-20,1301.2655029296875,1301.2655029296875,1311.0494384765625,1125.154296875,1125.154296875,654285281
2021-01-21,1213.2098388671875,1213.2098388671875,1359.9691162109375,1213.2098388671875,1320.8333740234375,219533912
2021-01-22,1130.0462646484375,1130.0462646484375,1271.91357421875,1130.0462646484375,1252.345703125,172807696
2021-01-25,1051.774658203125,1051.774658203125,1130.0462646484375,1051.774658203125,1130.0462646484375,223796607
2021-01-26,978.3950805664062,978.3950805664062,1056.6666259765625,978.3950805664062,1051.774658203125,301388882
2021-01-27,909.9074096679688,909.9074096679688,978.3950805664062,909.9074096679688,939.25927734375,265245916
2021-01-28,846.311767578125,846.311767578125,949.043212890625,846.311767578125,909.9074096679688,490546722
2021-01-29,787.6080322265625,787.6080322265625,870.7716064453125,787.6080322265625,841.4197387695312,129256782
2021-02-01,846.311767578125,846.311767578125,909.9074096679688,733.7963256835938,743.5802612304688,571233759
2021-02-02,787.6080322265625,787.6080322265625,880.5555419921875,787.6080322265625,856.095703125,166159564
2021-02-03,826.7438354492188,826.7438354492188,841.4197387695312,738.6882934570312,802.283935546875,208982755
2021-02-04,787.6080322265625,787.6080322265625,851.2037353515625,777.8240966796875,851.2037353515625,128176135
2021-02-05,807.1759643554688,807.1759643554688,826.7438354492188,772.93212890625,792.5,74114334
2021-02-08,934.3673095703125,934.3673095703125,953.9351806640625,812.0679321289062,821.8518676757812,439045748
2021-02-09,1032.206787109375,1032.206787109375,1090.9105224609375,934.3673095703125,949.043212890625,909871398
2021-02-10,1022.4228515625,1022.4228515625,1051.774658203125,993.0709838867188,1037.0987548828125,243374690
2021-02-11,1032.206787109375,1032.206787109375,1066.45068359375,1002.85498046875,1022.4228515625,184819101
2021-02-15,1022.4228515625,1022.4228515625,1056.6666259765625,1017.5308837890625,1037.0987548828125,82165376
2021-02-16,1115.370361328125,1115.370361328125,1134.938232421875,1022.4228515625,1027.3148193359375,437075685
2021-02-17,1051.774658203125,1051.774658203125,1134.938232421875,1041.99072265625,1125.154296875,206678982
2021-02-18,1071.3426513671875,1071.3426513671875,1110.4783935546875,1007.7469482421875,1051.774658203125,232019666
2021-02-19,1134.938232421875,1134.938232421875,1159.398193359375,1051.774658203125,1076.234619140625,381139692
2021-02-22,1247.4537353515625,1247.4537353515625,1281.697509765625,1134.938232421875,1134.938232421875,505859861
2021-02-23,1232.77783203125,1232.77783203125,1262.129638671875,1213.2098388671875,1247.4537353515625,153901632
2021-02-24,1384.4290771484375,1384.4290771484375,1413.7808837890625,1232.77783203125,1232.77783203125,668909230
2021-02-25,1379.537109375,1379.537109375,1462.70068359375,1369.7530517578125,1384.4290771484375,331191260
2021-02-26,1325.725341796875,1325.725341796875,1413.7808837890625,1291.4814453125,1340.4012451171875,330220487
2021-03-01,1345.293212890625,1345.293212890625,1379.537109375,1247.4537353515625,1335.50927734375,253498106
2021-03-02,1325.725341796875,1325.725341796875,1384.4290771484375,1320.8333740234375,1345.293212890625,134782668
2021-03-03,1315.94140625,1315.94140625,1389.321044921875,1296.37353515625,1325.725341796875,189047455
2021-03-04,1232.77783203125,1232.77783203125,1330.6173095703125,1227.8858642578125,1311.0494384765625,185286602
2021-03-05,1188.75,1188.75,1262.129638671875,1174.0740966796875,1232.77783203125,142684589
2021-03-08,1139.830322265625,1139.830322265625,1247.4537353515625,1134.938232421875,1198.533935546875,118425166
2021-03-09,1134.938232421875,1134.938232421875,1178.966064453125,1105.58642578125,1134.938232421875,169707312
2021-03-10,1130.0462646484375,1130.0462646484375,1169.18212890625,1125.154296875,1144.7222900390625,88398441
2021-03-12,1218.1019287109375,1218.1019287109375,1227.8858642578125,1125.154296875,1154.5062255859375,189705675
2021-03-15,1247.4537353515625,1247.4537353515625,1281.697509765625,1203.4259033203125,1232.77783203125,196363824
2021-03-16,1306.157470703125,1306.157470703125,1350.1851806640625,1247.4537353515625,1257.2376708984375,319913301
2021-03-17,1262.129638671875,1262.129638671875,1350.1851806640625,1252.345703125,1315.94140625,137218494
2021-03-18,1267.0216064453125,1267.0216064453125,1301.2655029296875,1257.2376708984375,1267.0216064453125,129746564
2021-03-19,1222.993896484375,1222.993896484375,1267.0216064453125,1188.75,1267.0216064453125,114603806
2021-03-22,1218.1019287109375,1218.1019287109375,1247.4537353515625,1208.31787109375,1242.561767578125,62273616
2021-03-23,1174.0740966796875,1174.0740966796875,1237.6697998046875,1149.6142578125,1227.8858642578125,94706935
2021-03-24,1139.830322265625,1139.830322265625,1193.6419677734375,1134.938232421875,1169.18212890625,85165698
2021-03-25,1061.5587158203125,1061.5587158203125,1149.6142578125,1061.5587158203125,1130.0462646484375,180850766
2021-03-26,1090.9105224609375,1090.9105224609375,1120.2623291015625,1012.638916015625,1061.5587158203125,170244519
2021-03-29,1056.6666259765625,1056.6666259765625,1110.4783935546875,1051.774658203125,1100.6944580078125,61571548
2021-03-30,1037.0987548828125,1037.0987548828125,1105.58642578125,1032.206787109375,1061.5587158203125,69845813
2021-03-31,997.9629516601562,997.9629516601562,1046.8826904296875,968.6111450195312,1037.0987548828125,130143336
2021-04-01,1051.774658203125,1051.774658203125,1061.5587158203125,993.0709838867188,1002.85498046875,112677181
2021-04-05,1041.99072265625,1041.99072265625,1076.234619140625,1017.5308837890625,1051.774658203125,77872018
2021-04-06,1046.8826904296875,1046.8826904296875,1066.45068359375,1032.206787109375,1046.8826904296875,46915096
2021-04-07,1017.5308837890625,1017.5308837890625,1056.6666259765625,1007.7469482421875,1051.774658203125,52101140
2021-04-08,1041.99072265625,1041.99072265625,1061.5587158203125,978.3950805664062,1022.4228515625,169764651
2021-04-09,1032.206787109375,1032.206787109375,1090.9105224609375,1022.4228515625,1041.99072265625,128605614
2021-04-12,988.1790161132812,988.1790161132812,1046.8826904296875,983.2870483398438,1032.206787109375,60729455
2021-04-13,973.5031127929688,973.5031127929688,993.0709838867188,953.9351806640625,973.5031127929688,79982413
2021-04-14,997.9629516601562,997.9629516601562,1007.7469482421875,973.5031127929688,973.5031127929688,68793273
2021-04-15,973.5031127929688,973.5031127929688,1007.7469482421875,968.6111450195312,1002.85498046875,50091625
2021-04-16,983.2870483398438,983.2870483398438,1007.7469482421875,973.5031127929688,978.3950805664062,59932639
2021-04-19,983.2870483398438,983.2870483398438,1017.5308837890625,978.3950805664062,988.1790161132812,105053165
2021-04-20,978.3950805664062,978.3950805664062,993.0709838867188,973.5031127929688,983.2870483398438,31342144
2021-04-21,973.5031127929688,973.5031127929688,983.2870483398438,968.6111450195312,978.3950805664062,29652949
2021-04-22,978.3950805664062,978.3950805664062,988.1790161132812,973.5031127929688,983.2870483398438,35856578
2021-04-23,983.2870483398438,983.2870483398438,988.1790161132812,978.3950805664062,978.3950805664062,33575598
2021-04-26,973.5031127929688,973.5031127929688,993.0709838867188,968.6111450195312,988.1790161132812,23348236
2021-04-27,914.7993774414062,914.7993774414062,978.3950805664062,909.9074096679688,973.5031127929688,116223397
2021-04-28,890.3395385742188,890.3395385742188,924.5833740234375,880.5555419921875,914.7993774414062,65606932
2021-04-29,914.7993774414062,914.7993774414062,924.5833740234375,885.4475708007812,900.1234741210938,74079992
2021-04-30,900.1234741210938,900.1234741210938,924.5833740234375,895.2315063476562,919.6913452148438,30626789
2021-05-03,860.9876708984375,860.9876708984375,905.0154418945312,860.9876708984375,900.1234741210938,57433649
2021-05-04,890.3395385742188,890.3395385742188,905.0154418945312,860.9876708984375,865.879638671875,62425497
2021-05-05,909.9074096679688,909.9074096679688,934.3673095703125,880.5555419921875,890.3395385742188,60858339
2021-05-06,919.6913452148438,919.6913452148438,939.25927734375,890.3395385742188,914.7993774414062,98987312
2021-05-07,890.3395385742188,890.3395385742188,929.475341796875,890.3395385742188,919.6913452148438,38491505
2021-05-10,895.2315063476562,895.2315063476562,905.0154418945312,885.4475708007812,890.3395385742188,19434582
2021-05-11,895.2315063476562,895.2315063476562,905.0154418945312,875.66357421875,890.3395385742188,25293258
2021-05-17,860.9876708984375,860.9876708984375,900.1234741210938,860.9876708984375,900.1234741210938,41067050
2021-05-18,846.311767578125,846.311767578125,880.5555419921875,816.9598999023438,860.9876708984375,33863416
2021-05-19,821.8518676757812,821.8518676757812,856.095703125,816.9598999023438,846.311767578125,32720933
2021-05-20,826.7438354492188,826.7438354492188,851.2037353515625,812.0679321289062,821.8518676757812,28388429
2021-05-21,807.1759643554688,807.1759643554688,836.5277709960938,797.3919677734375,826.7438354492188,33176577
2021-05-24,787.6080322265625,787.6080322265625,821.8518676757812,787.6080322265625,812.0679321289062,34107898
2021-05-25,821.8518676757812,821.8518676757812,841.4197387695312,782.716064453125,787.6080322265625,52086831
2021-05-27,821.8518676757812,821.8518676757812,856.095703125,821.8518676757812,821.8518676757812,43413443
2021-05-28,860.9876708984375,860.9876708984375,870.7716064453125,821.8518676757812,821.8518676757812,51064852
2021-05-31,900.1234741210938,900.1234741210938,914.7993774414062,846.311767578125,870.7716064453125,62439602
2021-06-02,929.475341796875,929.475341796875,949.043212890625,900.1234741210938,909.9074096679688,72988613
2021-06-03,914.7993774414062,914.7993774414062,944.1512451171875,909.9074096679688,929.475341796875,27701999
2021-06-04,944.1512451171875,944.1512451171875,988.1790161132812,909.9074096679688,919.6913452148438,186308275
2021-06-07,944.1512451171875,944.1512451171875,988.1790161132812,939.25927734375,958.8271484375,95662275
2021-06-08,944.1512451171875,944.1512451171875,958.8271484375,895.2315063476562,944.1512451171875,66003806
2021-06-09,1061.5587158203125,1061.5587158203125,1071.3426513671875,929.475341796875,949.043212890625,280170869
2021-06-10,1139.830322265625,1139.830322265625,1169.18212890625,1051.774658203125,1056.6666259765625,324393699
2021-06-11,1110.4783935546875,1110.4783935546875,1164.2901611328125,1105.58642578125,1154.5062255859375,129191062
2021-06-14,1081.1265869140625,1081.1265869140625,1130.0462646484375,1071.3426513671875,1125.154296875,79909743
2021-06-15,1071.3426513671875,1071.3426513671875,1110.4783935546875,1032.206787109375,1081.1265869140625,112519065
2021-06-16,1076.234619140625,1076.234619140625,1110.4783935546875,1041.99072265625,1076.234619140625,82936332
2021-06-17,1291.4814453125,1291.4814453125,1301.2655029296875,1056.6666259765625,1076.234619140625,414792866
2021-06-18,1325.725341796875,1325.725341796875,1374.6451416015625,1232.77783203125,1286.5894775390625,497730221
2021-06-21,1330.6173095703125,1330.6173095703125,1350.1851806640625,1267.0216064453125,1276.8055419921875,188823312
2021-06-22,1413.7808837890625,1413.7808837890625,1443.1326904296875,1335.50927734375,1350.1851806640625,243476592
2021-06-23,1384.4290771484375,1384.4290771484375,1477.3765869140625,1369.7530517578125,1418.6728515625,174456927
2021-06-24,1443.1326904296875,1443.1326904296875,1457.8087158203125,1369.7530517578125,1413.7808837890625,115809965
2021-06-25,1604.56787109375,1604.56787109375,1726.8673095703125,1443.1326904296875,1448.024658203125,334769058
2021-06-28,1707.2994384765625,1707.2994384765625,1726.8673095703125,1585.0,1604.56787109375,216176782
2021-06-29,1663.2716064453125,1663.2716064453125,1756.2191162109375,1589.8919677734375,1707.2994384765625,168255036
2021-06-30,1902.9783935546875,1902.9783935546875,1947.0062255859375,1663.2716064453125,1663.2716064453125,244971796
2021-07-01,1829.5987548828125,1829.5987548828125,1966.5740966796875,1780.6790771484375,1907.870361328125,181494780
2021-07-02,1839.3826904296875,1839.3826904296875,1912.7623291015625,1810.0308837890625,1829.5987548828125,106179090
2021-07-05,1829.5987548828125,1829.5987548828125,1883.4105224609375,1790.4630126953125,1839.3826904296875,98649514
2021-07-06,1849.166748046875,1849.166748046875,1907.870361328125,1829.5987548828125,1839.3826904296875,90074246
2021-07-07,2074.197509765625,2074.197509765625,2123.117431640625,1849.166748046875,1854.0587158203125,223909752
2021-07-08,2113.333251953125,2113.333251953125,2211.1728515625,2044.845703125,2074.197509765625,126651086
2021-07-09,1966.5740966796875,1966.5740966796875,2142.685302734375,1966.5740966796875,2113.333251953125,201754898
2021-07-12,1932.330322265625,1932.330322265625,2015.493896484375,1834.49072265625,1956.7901611328125,184228849
2021-07-13,1932.330322265625,1932.330322265625,1986.1419677734375,1868.734619140625,1942.1142578125,119480057
2021-07-14,1966.5740966796875,1966.5740966796875,2005.7099609375,1902.9783935546875,1917.654296875,116296680
2021-07-15,1995.9259033203125,1995.9259033203125,2054.629638671875,1937.2222900390625,1976.3580322265625,89103984
2021-07-16,2044.845703125,2044.845703125,2064.41357421875,1966.5740966796875,2005.7099609375,111924724
2021-07-19,2240.524658203125,2240.524658203125,2299.228515625,2015.493896484375,2054.629638671875,182077162
2021-07-21,2172.037109375,2172.037109375,2377.5,2132.9013671875,2240.524658203125,150137713
2021-07-22,2152.46923828125,2152.46923828125,2211.1728515625,2123.117431640625,2181.821044921875,95798110
2021-07-23,2338.3642578125,2338.3642578125,2357.93212890625,2152.46923828125,2162.253173828125,142997550
2021-07-26,2573.178955078125,2573.178955078125,2631.8828125,2309.012451171875,2348.148193359375,163791400
2021-07-27,2563.39501953125,2563.39501953125,2690.58642578125,2543.8271484375,2543.8271484375,112701098
2021-07-28,2788.426025390625,2788.426025390625,2856.91357421875,2543.8271484375,2563.39501953125,166314307
2021-07-29,2602.531005859375,2602.531005859375,2837.345703125,2602.531005859375,2798.2099609375,191288165
2021-07-30,2445.98779296875,2445.98779296875,2612.31494140625,2436.203857421875,2602.531005859375,221210638
2021-08-02,2524.25927734375,2524.25927734375,2553.611083984375,2279.66064453125,2455.771728515625,292219785
2021-08-03,2524.25927734375,2524.25927734375,2582.962890625,2494.907470703125,2543.8271484375,64172440
2021-08-04,2524.25927734375,2524.25927734375,2602.531005859375,2465.5556640625,2524.25927734375,67818206
2021-08-05,2661.234619140625,2661.234619140625,2817.77783203125,2494.907470703125,2524.25927734375,217182306
2021-08-06,2563.39501953125,2563.39501953125,2729.72216796875,2524.25927734375,2700.370361328125,114967462
2021-08-09,2387.283935546875,2387.283935546875,2582.962890625,2387.283935546875,2563.39501953125,140201747
2021-08-10,2220.956787109375,2220.956787109375,2367.716064453125,2220.956787109375,2367.716064453125,105627166
2021-08-12,2162.253173828125,2162.253173828125,2240.524658203125,2083.9814453125,2201.388916015625,178468395
2021-08-13,2367.716064453125,2367.716064453125,2377.5,2132.9013671875,2172.037109375,106021076
2021-08-16,2211.1728515625,2211.1728515625,2397.06787109375,2211.1728515625,2387.283935546875,108092734
2021-08-18,2074.197509765625,2074.197509765625,2191.60498046875,2064.41357421875,2191.60498046875,166700654
2021-08-19,1956.7901611328125,1956.7901611328125,2123.117431640625,1937.2222900390625,2074.197509765625,138251819
2021-08-20,2240.524658203125,2240.524658203125,2250.30859375,1922.54638671875,1956.7901611328125,145229062
2021-08-23,2328.580322265625,2328.580322265625,2397.06787109375,2172.037109375,2269.87646484375,165350790
2021-08-24,2240.524658203125,2240.524658203125,2416.6357421875,2230.74072265625,2338.3642578125,99715035
2021-08-25,2240.524658203125,2240.524658203125,2318.79638671875,2211.1728515625,2240.524658203125,50327726
2021-08-26,2162.253173828125,2162.253173828125,2279.66064453125,2152.46923828125,2240.524658203125,71599603
2021-08-27,2172.037109375,2172.037109375,2260.092529296875,2123.117431640625,2162.253173828125,65047342
2021-08-30,2318.79638671875,2318.79638671875,2328.580322265625,2201.388916015625,2220.956787109375,78010102
2021-08-31,2299.228515625,2299.228515625,2348.148193359375,2260.092529296875,2318.79638671875,56868744
2021-09-01,2201.388916015625,2201.388916015625,2328.580322265625,2172.037109375,2318.79638671875,68658256
2021-09-02,2240.524658203125,2240.524658203125,2269.87646484375,2191.60498046875,2201.388916015625,70460391
2021-09-03,2240.524658203125,2240.524658203125,2299.228515625,2201.388916015625,2240.524658203125,59681207
2021-09-06,2211.1728515625,2211.1728515625,2269.87646484375,2181.821044921875,2260.092529296875,33377109
2021-09-07,2220.956787109375,2220.956787109375,2269.87646484375,2211.1728515625,2211.1728515625,28134442
2021-09-08,2123.117431640625,2123.117431640625,2250.30859375,2103.54931640625,2220.956787109375,52110033
2021-09-09,2025.27783203125,2025.27783203125,2152.46923828125,1986.1419677734375,2123.117431640625,88301343
2021-09-10,2074.197509765625,2074.197509765625,2113.333251953125,1995.9259033203125,2064.41357421875,93907974
2021-09-13,2250.30859375,2250.30859375,2250.30859375,2054.629638671875,2074.197509765625,100639917
2021-09-14,2269.87646484375,2269.87646484375,2299.228515625,2211.1728515625,2269.87646484375,83367958
2021-09-15,2250.30859375,2250.30859375,2289.444580078125,2230.74072265625,2269.87646484375,32549223
2021-09-16,2406.851806640625,2406.851806640625,2426.419677734375,2250.30859375,2269.87646484375,150232255
2021-09-17,2338.3642578125,2338.3642578125,2426.419677734375,2299.228515625,2397.06787109375,226951979
2021-09-20,2250.30859375,2250.30859375,2338.3642578125,2220.956787109375,2338.3642578125,49126677
2021-09-21,2240.524658203125,2240.524658203125,2260.092529296875,2181.821044921875,2250.30859375,28099691
2021-09-22,2250.30859375,2250.30859375,2328.580322265625,2230.74072265625,2240.524658203125,46688194
2021-09-23,2416.6357421875,2416.6357421875,2426.419677734375,2250.30859375,2269.87646484375,95893164
2021-09-24,2514.475341796875,2514.475341796875,2553.611083984375,2377.5,2416.6357421875,156829079
2021-09-27,2465.5556640625,2465.5556640625,2592.7470703125,2465.5556640625,2514.475341796875,106337411
2021-09-28,2299.228515625,2299.228515625,2534.043212890625,2299.228515625,2455.771728515625,103518815
2021-09-29,2142.685302734375,2142.685302734375,2279.66064453125,2142.685302734375,2269.87646484375,131574557
2021-09-30,2191.60498046875,2191.60498046875,2230.74072265625,2083.9814453125,2142.685302734375,80479349
2021-10-01,2044.845703125,2044.845703125,2191.60498046875,2044.845703125,2191.60498046875,77540353
2021-10-04,2015.493896484375,2015.493896484375,2083.9814453125,1976.3580322265625,2035.061767578125,119553646
2021-10-05,1956.7901611328125,1956.7901611328125,2074.197509765625,1956.7901611328125,2015.493896484375,83923255
2021-10-06,2093.765380859375,2093.765380859375,2103.54931640625,1937.2222900390625,1976.3580322265625,120113747
2021-10-07,2035.061767578125,2035.061767578125,2172.037109375,2035.061767578125,2093.765380859375,62840974
2021-10-08,1995.9259033203125,1995.9259033203125,2093.765380859375,1986.1419677734375,2044.845703125,47284375
2021-10-11,1956.7901611328125,1956.7901611328125,2015.493896484375,1858.95068359375,2005.7099609375,122440722
2021-10-12,1888.302490234375,1888.302490234375,1976.3580322265625,1888.302490234375,1956.7901611328125,105523731
2021-10-13,1810.0308837890625,1810.0308837890625,1966.5740966796875,1785.571044921875,1888.302490234375,139377949
2021-10-14,1824.706787109375,1824.706787109375,1858.95068359375,1790.4630126953125,1810.0308837890625,108309211
2021-10-15,1966.5740966796875,1966.5740966796875,1966.5740966796875,1810.0308837890625,1849.166748046875,138700104
2021-10-18,1942.1142578125,1942.1142578125,2015.493896484375,1917.654296875,1966.5740966796875,88845091
2021-10-19,1947.0062255859375,1947.0062255859375,1966.5740966796875,1927.4383544921875,1956.7901611328125,25131974
2021-10-21,1986.1419677734375,1986.1419677734375,2035.061767578125,1947.0062255859375,1947.0062255859375,88817699
2021-10-22,1976.3580322265625,1976.3580322265625,2015.493896484375,1956.7901611328125,1986.1419677734375,33863518
2021-10-25,1956.7901611328125,1956.7901611328125,2005.7099609375,1927.4383544921875,1976.3580322265625,40056620
2021-10-26,2083.9814453125,2083.9814453125,2103.54931640625,1956.7901611328125,1956.7901611328125,133128531
2021-10-27,2025.27783203125,2025.27783203125,2103.54931640625,2005.7099609375,2083.9814453125,48242065
2021-10-28,2005.7099609375,2005.7099609375,2044.845703125,1976.3580322265625,2025.27783203125,29637720
2021-10-29,2064.41357421875,2064.41357421875,2132.9013671875,2005.7099609375,2015.493896484375,77484854
2021-11-01,2005.7099609375,2005.7099609375,2083.9814453125,2005.7099609375,2083.9814453125,27212013
2021-11-02,1986.1419677734375,1986.1419677734375,2064.41357421875,1986.1419677734375,2005.7099609375,27240836
2021-11-03,2015.493896484375,2015.493896484375,2044.845703125,1976.3580322265625,1986.1419677734375,15145517
2021-11-04,2044.845703125,2044.845703125,2103.54931640625,2025.27783203125,2025.27783203125,50478585
2021-11-05,2015.493896484375,2015.493896484375,2064.41357421875,2005.7099609375,2044.845703125,18450930
2021-11-08,2083.9814453125,2083.9814453125,2103.54931640625,1995.9259033203125,2015.493896484375,65127473
2021-11-09,2035.061767578125,2035.061767578125,2142.685302734375,2035.061767578125,2083.9814453125,40156477
2021-11-10,2035.061767578125,2035.061767578125,2074.197509765625,2015.493896484375,2054.629638671875,18326032
2021-11-11,2035.061767578125,2035.061767578125,2064.41357421875,2015.493896484375,2035.061767578125,11248727
2021-11-12,2054.629638671875,2054.629638671875,2103.54931640625,2035.061767578125,2035.061767578125,32172994
2021-11-15,2083.9814453125,2083.9814453125,2103.54931640625,2025.27783203125,2054.629638671875,37752847
2021-11-16,2191.60498046875,2191.60498046875,2230.74072265625,2083.9814453125,2083.9814453125,136356879
2021-11-17,2191.60498046875,2191.60498046875,2230.74072265625,2152.46923828125,2191.60498046875,53482280
2021-11-18,2211.1728515625,2211.1728515625,2299.228515625,2162.253173828125,2191.60498046875,78395529
2021-11-19,2103.54931640625,2103.54931640625,2269.87646484375,2083.9814453125,2220.956787109375,77847693
2021-11-22,2054.629638671875,2054.629638671875,2132.9013671875,1995.9259033203125,2123.117431640625,84457906
2021-11-23,1986.1419677734375,1986.1419677734375,2064.41357421875,1966.5740966796875,2064.41357421875,43351403
2021-11-24,2044.845703125,2044.845703125,2074.197509765625,1966.5740966796875,1986.1419677734375,37026657
2021-11-25,2113.333251953125,2113.333251953125,2142.685302734375,2064.41357421875,2064.41357421875,41200125
2021-11-26,2015.493896484375,2015.493896484375,2132.9013671875,1966.5740966796875,2123.117431640625,50559432
2021-11-29,2150.0,2150.0,2200.0,1980.0,2100.0,64459700
2021-11-30,2130.0,2130.0,2210.0,2060.0,2160.0,43062000
2021-12-01,2070.0,2070.0,2150.0,2050.0,2130.0,21622900
2021-12-02,1995.0,1995.0,2080.0,1955.0,2060.0,51981300
2021-12-03,1925.0,1925.0,2010.0,1920.0,2000.0,43263100
2021-12-06,2110.0,2110.0,2130.0,1900.0,1925.0,75672900
2021-12-07,2120.0,2120.0,2210.0,2070.0,2140.0,84361800
2021-12-08,2240.0,2240.0,2290.0,2120.0,2140.0,114396900
2021-12-09,2230.0,2230.0,2280.0,2210.0,2260.0,29504400
2021-12-10,2120.0,2120.0,2270.0,2120.0,2230.0,50400100
2021-12-13,2080.0,2080.0,2150.0,2060.0,2150.0,35566300
2021-12-14,2030.0,2030.0,2080.0,1990.0,2080.0,47977600
2021-12-15,2020.0,2020.0,2080.0,2020.0,2040.0,19761500
2021-12-16,2020.0,2020.0,2070.0,1990.0,2030.0,19793200
2021-12-17,2000.0,2000.0,2040.0,1990.0,2020.0,25295100
2021-12-20,1950.0,1950.0,2000.0,1950.0,2000.0,26886100
2021-12-21,1970.0,1970.0,2030.0,1940.0,1950.0,19588400
2021-12-22,1970.0,1970.0,2010.0,1970.0,1980.0,23908200
2021-12-23,1975.0,1975.0,2020.0,1970.0,1990.0,16414400
2021-12-24,2000.0,2000.0,2030.0,1980.0,1980.0,18787800
2021-12-27,1970.0,1970.0,2010.0,1970.0,2010.0,16230300
2021-12-28,1920.0,1920.0,1985.0,1920.0,1970.0,27551400
2021-12-29,1830.0,1830.0,1930.0,1825.0,1920.0,48707500
2021-12-30,1810.0,1810.0,1860.0,1810.0,1840.0,22919100
2022-01-03,1715.0,1715.0,1845.0,1705.0,1810.0,63817300
2022-01-04,1645.0,1645.0,1735.0,1620.0,1720.0,108573600
2022-01-05,1535.0,1535.0,1670.0,1535.0,1670.0,146904100
2022-01-06,1480.0,1480.0,1575.0,1460.0,1525.0,142452900
2022-01-07,1400.0,1400.0,1525.0,1400.0,1500.0,149576100
2022-01-10,1525.0,1525.0,1540.0,1395.0,1420.0,178411500
2022-01-11,1500.0,1500.0,1540.0,1490.0,1535.0,76875900
2022-01-12,1575.0,1575.0,1595.0,1500.0,1500.0,82639200
2022-01-13,1560.0,1560.0,1600.0,1530.0,1600.0,28760900
2022-01-14,1510.0,1510.0,1560.0,1505.0,1560.0,23104800
2022-01-17,1485.0,1485.0,1515.0,1445.0,1510.0,29909900
2022-01-18,1445.0,1445.0,1515.0,1410.0,1490.0,100679100
2022-01-19,1345.0,1345.0,1485.0,1345.0,1445.0,90944600
2022-01-20,1320.0,1320.0,1380.0,1310.0,1350.0,56884100
2022-01-21,1325.0,1325.0,1365.0,1275.0,1330.0,66288300
2022-01-24,1250.0,1250.0,1325.0,1235.0,1325.0,65917000
2022-01-25,1270.0,1270.0,1340.0,1235.0,1250.0,44968700
2022-01-26,1260.0,1260.0,1300.0,1245.0,1300.0,22746100
2022-01-27,1275.0,1275.0,1325.0,1250.0,1265.0,37810100
2022-01-28,1320.0,1320.0,1320.0,1260.0,1305.0,28936800
2022-01-31,1275.0,1275.0,1360.0,1275.0,1345.0,44028000
2022-02-02,1340.0,1340.0,1360.0,1275.0,1275.0,45742400
2022-02-03,1290.0,1290.0,1370.0,1285.0,1345.0,38107400
2022-02-04,1310.0,1310.0,1325.0,1290.0,1295.0,22216800
2022-02-07,1380.0,1380.0,1390.0,1315.0,1320.0,53697300
2022-02-08,1385.0,1385.0,1420.0,1355.0,1380.0,35886400
2022-02-09,1440.0,1440.0,1445.0,1365.0,1385.0,52121800
2022-02-10,1375.0,1375.0,1460.0,1375.0,1450.0,60950500
2022-02-11,1405.0,1405.0,1410.0,1350.0,1375.0,27512900
2022-02-14,1315.0,1315.0,1410.0,1310.0,1400.0,61044500
2022-02-15,1305.0,1305.0,1330.0,1300.0,1330.0,15381400
2022-02-16,1415.0,1415.0,1435.0,1310.0,1320.0,79464900
2022-02-17,1410.0,1410.0,1450.0,1385.0,1415.0,30304400
2022-02-18,1510.0,1510.0,1550.0,1410.0,1410.0,121060600
2022-02-21,1520.0,1520.0,1540.0,1510.0,1510.0,43176600
2022-02-22,1455.0,1455.0,1520.0,1440.0,1520.0,69456200
2022-02-23,1490.0,1490.0,1515.0,1440.0,1455.0,42126200
2022-02-24,1390.0,1390.0,1490.0,1390.0,1490.0,63432700
2022-02-25,1400.0,1400.0,1445.0,1365.0,1390.0,49653800
2022-03-01,1450.0,1450.0,1485.0,1400.0,1445.0,50653000
2022-03-02,1350.0,1350.0,1455.0,1350.0,1450.0,66072700
2022-03-04,1330.0,1330.0,1375.0,1320.0,1350.0,24297000
2022-03-07,1260.0,1260.0,1330.0,1250.0,1330.0,37646500
2022-03-08,1235.0,1235.0,1315.0,1235.0,1265.0,35829200
2022-03-09,1260.0,1260.0,1280.0,1235.0,1235.0,15143300
2022-03-10,1290.0,1290.0,1295.0,1260.0,1280.0,19450200
2022-03-11,1270.0,1270.0,1300.0,1265.0,1300.0,12677100
2022-03-14,1305.0,1305.0,1325.0,1270.0,1280.0,21637700
2022-03-15,1275.0,1275.0,1325.0,1270.0,1310.0,24989200
2022-03-16,1275.0,1275.0,1300.0,1250.0,1290.0,17472300
2022-03-17,1320.0,1320.0,1325.0,1285.0,1290.0,25022400
2022-03-18,1320.0,1320.0,1345.0,1285.0,1325.0,20064200
2022-03-21,1305.0,1305.0,1345.0,1305.0,1320.0,11430100
2022-03-22,1345.0,1345.0,1350.0,1305.0,1305.0,16204100
2022-03-23,1330.0,1330.0,1365.0,1325.0,1350.0,16333000
2022-03-24,1330.0,1330.0,1360.0,1330.0,1330.0,14716800
2022-03-25,1285.0,1285.0,1345.0,1275.0,1330.0,30973700
2022-03-28,1270.0,1270.0,1295.0,1265.0,1295.0,15890900
2022-03-29,1275.0,1275.0,1310.0,1255.0,1260.0,18321800
2022-03-30,1270.0,1270.0,1300.0,1265.0,1280.0,20056800
2022-03-31,1240.0,1240.0,1270.0,1235.0,1270.0,40801600
2022-04-01,1245.0,1245.0,1260.0,1240.0,1240.0,14145700
2022-04-04,1160.0,1160.0,1240.0,1160.0,1240.0,65632600
2022-04-05,1170.0,1170.0,1185.0,1100.0,1160.0,40986500
2022-04-06,1110.0,1110.0,1190.0,1100.0,1180.0,41178200
2022-04-07,1115.0,1115.0,1150.0,1070.0,1070.0,22821900
2022-04-08,1115.0,1115.0,1150.0,1105.0,1115.0,17101800
2022-04-11,1060.0,1060.0,1125.0,1060.0,1115.0,25856300
2022-04-12,1040.0,1040.0,1075.0,1035.0,1070.0,15943900
2022-04-13,1045.0,1045.0,1085.0,1030.0,1050.0,24177600
2022-04-14,1060.0,1060.0,1090.0,1045.0,1050.0,29626000
2022-04-18,1025.0,1025.0,1080.0,1010.0,1060.0,30327800
2022-04-19,1010.0,1010.0,1035.0,1005.0,1025.0,17985600
2022-04-20,1060.0,1060.0,1065.0,1010.0,1010.0,25305500
2022-04-21,1030.0,1030.0,1080.0,1025.0,1065.0,16038500
2022-04-22,1010.0,1010.0,1050.0,1010.0,1030.0,12519700
2022-04-25,990.0,990.0,1015.0,980.0,1005.0,19141700
2022-04-26,985.0,985.0,1005.0,960.0,990.0,19144300
2022-04-27,1020.0,1020.0,1040.0,980.0,990.0,20813100
2022-04-28,1055.0,1055.0,1065.0,1030.0,1030.0,22452900
2022-05-09,985.0,985.0,1055.0,985.0,1055.0,23520500
2022-05-10,930.0,930.0,990.0,920.0,985.0,31784300
2022-05-11,935.0,935.0,960.0,925.0,930.0,11588600
2022-05-12,870.0,870.0,935.0,870.0,935.0,23301500
2022-05-13,870.0,870.0,900.0,850.0,870.0,13319500
2022-05-17,915.0,915.0,915.0,870.0,870.0,14756000
2022-05-18,935.0,935.0,935.0,905.0,910.0,8367200
2022-05-19,940.0,940.0,970.0,895.0,920.0,11487600
2022-05-20,960.0,960.0,985.0,940.0,940.0,12662300
2022-05-23,935.0,935.0,975.0,930.0,965.0,8736400
2022-05-24,930.0,930.0,950.0,925.0,940.0,4111100
2022-05-25,910.0,910.0,935.0,910.0,930.0,4581800
2022-05-27,920.0,920.0,940.0,910.0,910.0,5051100
2022-05-30,915.0,915.0,930.0,900.0,925.0,5874800
2022-05-31,945.0,945.0,960.0,910.0,915.0,15565200
2022-06-02,910.0,910.0,950.0,910.0,945.0,15260900
2022-06-03,910.0,910.0,935.0,910.0,920.0,10779600
2022-06-06,915.0,915.0,925.0,905.0,915.0,9494900
2022-06-07,900.0,900.0,920.0,900.0,915.0,6917700
2022-06-08,910.0,910.0,935.0,895.0,900.0,13493200
2022-06-09,900.0,900.0,925.0,900.0,920.0,8585300
2022-06-10,885.0,885.0,905.0,880.0,905.0,9550600
2022-06-13,855.0,855.0,880.0,850.0,880.0,10458900
2022-06-14,830.0,830.0,855.0,820.0,855.0,11913800
2022-06-15,815.0,815.0,835.0,805.0,835.0,12199200
2022-06-16,820.0,820.0,840.0,815.0,815.0,10709600
2022-06-17,795.0,795.0,820.0,785.0,820.0,9692100
2022-06-20,780.0,780.0,795.0,755.0,755.0,12827300
2022-06-21,785.0,785.0,795.0,775.0,795.0,7519300
2022-06-22,775.0,775.0,790.0,775.0,790.0,3921300
2022-06-23,765.0,765.0,780.0,760.0,775.0,3432100
2022-06-24,765.0,765.0,780.0,760.0,770.0,10492500
2022-06-27,770.0,770.0,780.0,760.0,770.0,6871500
2022-06-28,725.0,725.0,775.0,725.0,770.0,13691100
2022-06-29,700.0,700.0,725.0,680.0,725.0,16404800
2022-06-30,705.0,705.0,720.0,700.0,700.0,7020200
2022-07-01,660.0,660.0,715.0,660.0,705.0,21149600
2022-07-04,615.0,615.0,670.0,615.0,660.0,27726600
2022-07-05,625.0,625.0,635.0,605.0,620.0,7044900
2022-07-06,620.0,620.0,630.0,615.0,625.0,4106900
2022-07-07,630.0,630.0,640.0,620.0,620.0,7799000
2022-07-08,630.0,630.0,645.0,625.0,635.0,9189700
2022-07-11,630.0,630.0,645.0,620.0,635.0,6555300
2022-07-12,785.0,785.0,785.0,630.0,630.0,112472600
2022-07-13,735.0,735.0,865.0,735.0,865.0,74230200
2022-07-14,700.0,700.0,750.0,685.0,730.0,81545300
2022-07-15,740.0,740.0,760.0,695.0,700.0,61276000
2022-07-18,720.0,720.0,765.0,720.0,750.0,119015600
2022-07-19,710.0,710.0,735.0,700.0,725.0,45259100
2022-07-20,730.0,730.0,750.0,710.0,710.0,43333100
2022-07-21,745.0,745.0,780.0,730.0,735.0,101289200
2022-07-22,725.0,725.0,750.0,725.0,750.0,27970000
2022-07-25,725.0,725.0,780.0,725.0,730.0,37955000
2022-07-26,735.0,735.0,755.0,730.0,730.0,44015500
2022-07-27,815.0,815.0,850.0,735.0,735.0,211281900
2022-07-28,820.0,820.0,850.0,805.0,850.0,68934000
2022-07-29,845.0,845.0,890.0,815.0,825.0,120269100
2022-08-01,835.0,835.0,875.0,820.0,850.0,45045400
2022-08-02,815.0,815.0,840.0,800.0,840.0,34053500
2022-08-03,815.0,815.0,835.0,810.0,810.0,25022600
2022-08-04,850.0,850.0,895.0,820.0,825.0,173265000
2022-08-05,855.0,855.0,860.0,835.0,855.0,47934200
2022-08-08,850.0,850.0,865.0,835.0,855.0,30179100
2022-08-09,860.0,860.0,890.0,850.0,850.0,78246300
2022-08-10,845.0,845.0,865.0,840.0,860.0,23899500
2022-08-11,840.0,840.0,875.0,840.0,855.0,55300200
2022-08-12,830.0,830.0,850.0,825.0,845.0,29451500
2022-08-15,815.0,815.0,840.0,810.0,840.0,23747500
2022-08-16,760.0,760.0,825.0,760.0,815.0,81494700
2022-08-18,750.0,750.0,780.0,720.0,760.0,43263800
2022-08-19,770.0,770.0,795.0,750.0,755.0,37990200
2022-08-22,740.0,740.0,785.0,725.0,765.0,30339100
2022-08-23,745.0,745.0,750.0,720.0,730.0,12185700
2022-08-24,735.0,735.0,760.0,730.0,750.0,14576300
2022-08-25,730.0,730.0,750.0,725.0,735.0,12773900
2022-08-26,715.0,715.0,740.0,710.0,735.0,24207900
2022-08-29,710.0,710.0,725.0,695.0,700.0,16731000
2022-08-30,720.0,720.0,725.0,710.0,720.0,8792700
2022-08-31,705.0,705.0,725.0,705.0,720.0,12949200
2022-09-01,700.0,700.0,715.0,695.0,710.0,14646400
2022-09-02,700.0,700.0,715.0,695.0,700.0,21955000
2022-09-05,700.0,700.0,710.0,695.0,710.0,20524700
2022-09-06,695.0,695.0,705.0,685.0,700.0,18252900
2022-09-07,670.0,670.0,700.0,665.0,695.0,25990500
2022-09-08,685.0,685.0,705.0,670.0,700.0,22219700
2022-09-09,680.0,680.0,700.0,670.0,690.0,9514100
2022-09-12,660.0,660.0,690.0,655.0,680.0,20525400
2022-09-13,675.0,675.0,690.0,660.0,660.0,23930800
2022-09-14,695.0,695.0,720.0,660.0,670.0,32917000
2022-09-15,680.0,680.0,710.0,680.0,700.0,48336900
2022-09-16,655.0,655.0,690.0,650.0,685.0,38227300
2022-09-19,630.0,630.0,655.0,630.0,655.0,15429900
2022-09-20,625.0,625.0,645.0,615.0,640.0,12401700
2022-09-21,620.0,620.0,630.0,610.0,630.0,11334200
2022-09-22,630.0,630.0,640.0,610.0,620.0,18617200
2022-09-23,640.0,640.0,665.0,630.0,630.0,47986800
2022-09-26,620.0,620.0,645.0,615.0,630.0,15968400
2022-09-27,620.0,620.0,630.0,605.0,625.0,13713800
2022-09-28,610.0,610.0,630.0,610.0,620.0,13418500
2022-09-29,580.0,580.0,625.0,570.0,615.0,29368800
2022-09-30,550.0,550.0,575.0,545.0,570.0,34607300
2022-10-03,555.0,555.0,570.0,545.0,550.0,10586300
2022-10-04,560.0,560.0,575.0,555.0,560.0,7849000
2022-10-05,575.0,575.0,585.0,560.0,570.0,11595500
2022-10-06,600.0,600.0,615.0,570.0,575.0,33481600
2022-10-07,600.0,600.0,620.0,585.0,605.0,10123100
2022-10-10,600.0,600.0,600.0,580.0,600.0,9956200
2022-10-11,580.0,580.0,605.0,580.0,605.0,7000800
2022-10-12,545.0,545.0,580.0,545.0,580.0,32314900
2022-10-13,515.0,515.0,550.0,515.0,550.0,19161600
2022-10-14,488.0,488.0,525.0,486.0,525.0,36564700
2022-10-17,472.0,472.0,494.0,466.0,488.0,17976200
2022-10-18,510.0,510.0,530.0,464.0,476.0,59545300
2022-10-19,535.0,535.0,565.0,498.0,515.0,94056600
2022-10-20,520.0,520.0,540.0,515.0,535.0,23018300
2022-10-21,550.0,550.0,590.0,515.0,525.0,75645100
2022-10-24,635.0,635.0,640.0,555.0,560.0,117192500
2022-10-25,655.0,655.0,685.0,630.0,645.0,114908100
2022-10-26,620.0,620.0,670.0,620.0,660.0,40930600
2022-10-27,635.0,635.0,675.0,615.0,630.0,54531200
2022-10-28,620.0,620.0,645.0,605.0,640.0,21288000
2022-10-31,595.0,595.0,640.0,590.0,620.0,34829400
2022-11-01,555.0,555.0,605.0,555.0,595.0,57423200
2022-11-02,545.0,545.0,570.0,530.0,530.0,29718700
2022-11-03,540.0,540.0,560.0,530.0,545.0,32512200
2022-11-04,520.0,520.0,545.0,510.0,540.0,31184300
2022-11-07,535.0,535.0,545.0,510.0,520.0,18723600
2022-11-08,520.0,520.0,560.0,520.0,535.0,29796100
2022-11-09,530.0,530.0,545.0,515.0,520.0,28770800
2022-11-10,510.0,510.0,535.0,510.0,530.0,27026200
2022-11-11,540.0,540.0,560.0,510.0,510.0,89948800
2022-11-14,525.0,525.0,550.0,520.0,540.0,34505400
2022-11-15,525.0,525.0,540.0,515.0,525.0,16977000
2022-11-16,525.0,525.0,535.0,520.0,525.0,13035400
2022-11-17,540.0,540.0,545.0,520.0,525.0,24840800
2022-11-18,530.0,530.0,550.0,525.0,540.0,22388900
2022-11-21,525.0,525.0,540.0,520.0,530.0,13733400
2022-11-22,515.0,515.0,535.0,510.0,525.0,20928800
2022-11-23,520.0,520.0,530.0,515.0,520.0,14423800
2022-11-24,530.0,530.0,545.0,520.0,525.0,25888100
2022-11-25,515.0,515.0,540.0,515.0,535.0,11228900
2022-11-28,484.0,484.0,520.0,482.0,520.0,51732900
2022-11-29,486.0,486.0,494.0,482.0,484.0,13477500
2022-11-30,476.0,476.0,488.0,474.0,488.0,14891600
2022-12-01,476.0,476.0,484.0,472.0,478.0,18099600
2022-12-02,500.0,500.0,510.0,478.0,480.0,39108400
2022-12-05,482.0,482.0,510.0,476.0,510.0,33068800
2022-12-06,474.0,474.0,488.0,470.0,484.0,19694600
2022-12-07,462.0,462.0,478.0,462.0,474.0,14384600
2022-12-08,458.0,458.0,466.0,440.0,462.0,15460700
2022-12-09,446.0,446.0,462.0,446.0,458.0,8352800
2022-12-12,444.0,444.0,448.0,442.0,448.0,5650500
2022-12-13,456.0,456.0,464.0,444.0,448.0,19780700
2022-12-14,458.0,458.0,474.0,456.0,462.0,37022800
2022-12-15,456.0,456.0,462.0,454.0,454.0,10704900
2022-12-16,450.0,450.0,460.0,448.0,456.0,9656400
2022-12-19,442.0,442.0,458.0,442.0,450.0,9813200
2022-12-20,444.0,444.0,448.0,442.0,444.0,3919300
2022-12-21,454.0,454.0,458.0,444.0,444.0,22684900
2022-12-22,460.0,460.0,468.0,448.0,456.0,32309300
2022-12-23,450.0,450.0,462.0,450.0,460.0,11096600
2022-12-26,456.0,456.0,462.0,448.0,450.0,18832900
2022-12-27,426.0,426.0,464.0,426.0,456.0,43526900
2022-12-28,402.0,402.0,424.0,400.0,410.0,33635100
2022-12-29,402.0,402.0,410.0,398.0,398.0,9734700
2022-12-30,404.0,404.0,422.0,402.0,404.0,17726900
2023-01-02,410.0,410.0,418.0,404.0,404.0,10684300
2023-01-03,420.0,420.0,422.0,412.0,412.0,17578700
2023-01-04,424.0,424.0,450.0,420.0,422.0,48422800
2023-01-05,396.0,396.0,428.0,396.0,424.0,28780500
2023-01-06,406.0,406.0,408.0,396.0,398.0,11380200
2023-01-09,392.0,392.0,414.0,392.0,406.0,21034900
2023-01-10,372.0,372.0,396.0,366.0,396.0,30282600
2023-01-11,356.0,356.0,378.0,352.0,374.0,19457100
2023-01-12,364.0,364.0,372.0,352.0,356.0,31366700
2023-01-13,368.0,368.0,374.0,360.0,366.0,15682300
2023-01-16,370.0,370.0,374.0,368.0,370.0,9772000
2023-01-17,376.0,376.0,380.0,370.0,370.0,38082200
2023-01-18,368.0,368.0,378.0,368.0,376.0,12325800
2023-01-19,366.0,366.0,372.0,366.0,368.0,12693800
2023-01-20,368.0,368.0,370.0,366.0,368.0,8190400
2023-01-24,360.0,360.0,370.0,358.0,368.0,18609600
2023-01-25,370.0,370.0,384.0,354.0,360.0,58382700
2023-01-26,438.0,438.0,442.0,372.0,372.0,182566100
2023-01-27,430.0,430.0,462.0,426.0,440.0,182369500
2023-01-30,442.0,442.0,450.0,430.0,430.0,44079800
2023-01-31,440.0,440.0,446.0,434.0,442.0,22218400
2023-02-01,450.0,450.0,466.0,438.0,440.0,67654400
2023-02-02,450.0,450.0,464.0,446.0,460.0,92970800
2023-02-03,446.0,446.0,456.0,444.0,450.0,42633600
2023-02-06,444.0,444.0,452.0,434.0,448.0,30853000
2023-02-07,414.0,414.0,450.0,414.0,442.0,60510400
2023-02-08,410.0,410.0,420.0,402.0,410.0,23929800
2023-02-09,402.0,402.0,422.0,400.0,416.0,18890700
2023-02-10,406.0,406.0,408.0,390.0,402.0,22861200
2023-02-13,406.0,406.0,412.0,398.0,406.0,13721900
2023-02-14,406.0,406.0,414.0,406.0,406.0,9746900
2023-02-15,430.0,430.0,436.0,404.0,406.0,161847000
2023-02-16,430.0,430.0,450.0,426.0,430.0,133535000
2023-02-17,442.0,442.0,450.0,422.0,430.0,88352400
2023-02-20,438.0,438.0,456.0,436.0,444.0,66451200
2023-02-21,432.0,432.0,446.0,432.0,438.0,22326100
2023-02-22,404.0,404.0,440.0,402.0,436.0,45184800
2023-02-23,414.0,414.0,418.0,404.0,412.0,18635300
2023-02-24,412.0,412.0,422.0,408.0,414.0,14386700
2023-02-27,398.0,398.0,414.0,398.0,412.0,14583500
2023-02-28,404.0,404.0,410.0,400.0,400.0,13705200
2023-03-01,408.0,408.0,414.0,400.0,404.0,13652500
2023-03-02,408.0,408.0,416.0,408.0,410.0,8851800
2023-03-03,406.0,406.0,418.0,404.0,414.0,10738800
2023-03-06,402.0,402.0,410.0,402.0,406.0,8819800
2023-03-07,406.0,406.0,410.0,402.0,404.0,18566700
2023-03-08,404.0,404.0,410.0,398.0,406.0,10269400
2023-03-09,404.0,404.0,410.0,402.0,404.0,9332900
2023-03-10,392.0,392.0,404.0,384.0,404.0,13167400
2023-03-13,380.0,380.0,390.0,378.0,390.0,16252900
2023-03-14,362.0,362.0,384.0,356.0,380.0,28534800
2023-03-15,364.0,364.0,378.0,362.0,368.0,11922400
2023-03-16,346.0,346.0,364.0,344.0,364.0,21750700
2023-03-17,368.0,368.0,368.0,348.0,348.0,23639600
2023-03-20,358.0,358.0,370.0,358.0,370.0,9238000
2023-03-21,364.0,364.0,368.0,360.0,360.0,8741200
2023-03-24,368.0,368.0,378.0,364.0,366.0,29368800
2023-03-27,370.0,370.0,372.0,368.0,368.0,6025400
2023-03-28,368.0,368.0,374.0,364.0,368.0,7819600
2023-03-29,384.0,384.0,388.0,362.0,362.0,34574300
2023-03-30,384.0,384.0,396.0,382.0,390.0,14719500
2023-03-31,386.0,386.0,390.0,384.0,386.0,12713900
2023-04-03,386.0,386.0,394.0,386.0,388.0,9633300
2023-04-04,380.0,380.0,392.0,378.0,388.0,7896100
2023-04-05,386.0,386.0,394.0,374.0,380.0,16454300
2023-04-06,386.0,386.0,398.0,380.0,398.0,19621700
2023-04-10,380.0,380.0,388.0,380.0,388.0,8822200
2023-04-11,384.0,384.0,390.0,378.0,380.0,7993200
2023-04-12,382.0,382.0,390.0,380.0,382.0,4770400
2023-04-13,380.0,380.0,386.0,380.0,384.0,3831900
2023-04-14,390.0,390.0,392.0,380.0,382.0,18891600
2023-04-17,410.0,410.0,418.0,390.0,394.0,57403900
2023-04-18,404.0,404.0,416.0,402.0,408.0,24631100
2023-04-26,394.0,394.0,406.0,390.0,402.0,18095600
2023-04-27,404.0,404.0,408.0,394.0,394.0,16550600
2023-04-28,426.0,426.0,440.0,404.0,408.0,91766000
2023-05-02,418.0,418.0,434.0,412.0,426.0,36723300
2023-05-03,414.0,414.0,424.0,406.0,418.0,21758800
2023-05-04,410.0,410.0,426.0,410.0,416.0,29738700
2023-05-05,410.0,410.0,418.0,404.0,410.0,19169100
2023-05-08,424.0,424.0,426.0,408.0,410.0,34162900
2023-05-09,416.0,416.0,430.0,412.0,426.0,18888000
2023-05-10,416.0,416.0,430.0,416.0,416.0,39386700
2023-05-11,408.0,408.0,418.0,406.0,416.0,19810700
2023-05-12,408.0,408.0,412.0,404.0,408.0,11517500
2023-05-15,380.0,380.0,412.0,380.0,410.0,60716200
2023-05-16,366.0,366.0,384.0,364.0,380.0,22632800
2023-05-17,368.0,368.0,378.0,360.0,366.0,17957100
2023-05-19,372.0,372.0,378.0,368.0,370.0,14083100
2023-05-22,370.0,370.0,378.0,370.0,372.0,9244000
2023-05-23,368.0,368.0,376.0,368.0,372.0,5413900
2023-05-24,364.0,364.0,372.0,362.0,370.0,8535800
2023-05-25,358.0,358.0,368.0,358.0,366.0,8670500
2023-05-26,360.0,360.0,364.0,360.0,360.0,4823700
2023-05-29,360.0,360.0,366.0,358.0,364.0,5895900
2023-05-30,358.0,358.0,362.0,356.0,360.0,4735700
2023-05-31,352.0,352.0,360.0,352.0,358.0,8892400
2023-06-05,360.0,360.0,364.0,352.0,352.0,9224900
2023-06-06,360.0,360.0,366.0,358.0,360.0,12261900
2023-06-07,360.0,360.0,368.0,354.0,362.0,10207600
2023-06-08,374.0,374.0,386.0,358.0,360.0,73605800
2023-06-09,372.0,372.0,384.0,372.0,378.0,53089300
2023-06-12,368.0,368.0,374.0,362.0,372.0,62729700
2023-06-13,396.0,396.0,396.0,370.0,370.0,99947900
2023-06-14,390.0,390.0,402.0,390.0,398.0,43200900
2023-06-15,388.0,388.0,394.0,384.0,388.0,18593800
2023-06-16,386.0,386.0,396.0,386.0,388.0,21221400
2023-06-19,382.0,382.0,392.0,382.0,386.0,11397100
2023-06-20,376.0,376.0,386.0,370.0,384.0,22947600
2023-06-21,384.0,384.0,386.0,374.0,376.0,18729200
2023-06-22,396.0,396.0,406.0,384.0,386.0,67097100
2023-06-23,382.0,382.0,404.0,382.0,398.0,37085300
2023-06-26,386.0,386.0,388.0,380.0,386.0,15307400
2023-06-27,384.0,384.0,392.0,382.0,392.0,12649100
2023-07-03,386.0,386.0,390.0,382.0,384.0,12560400
2023-07-04,402.0,402.0,408.0,386.0,386.0,61415100
2023-07-05,404.0,404.0,414.0,396.0,404.0,42622200
2023-07-06,406.0,406.0,414.0,398.0,406.0,36299300
2023-07-07,400.0,400.0,412.0,400.0,406.0,32999700
2023-07-10,408.0,408.0,414.0,400.0,400.0,38839100
2023-07-11,406.0,406.0,412.0,404.0,410.0,23380200
2023-07-12,406.0,406.0,412.0,406.0,410.0,44163600
2023-07-13,400.0,400.0,422.0,396.0,402.0,72734000
2023-07-14,400.0,400.0,404.0,398.0,400.0,9061200
2023-07-17,400.0,400.0,408.0,400.0,400.0,10009600
2023-07-18,392.0,392.0,408.0,390.0,402.0,54720800
2023-07-20,392.0,392.0,396.0,390.0,392.0,9552900
2023-07-21,386.0,386.0,394.0,382.0,392.0,24568800
2023-07-24,386.0,386.0,390.0,384.0,390.0,8982500
2023-07-25,380.0,380.0,388.0,380.0,388.0,17219000
2023-07-26,380.0,380.0,386.0,374.0,380.0,23545900
2023-07-27,386.0,386.0,392.0,380.0,380.0,19882700
2023-07-28,388.0,388.0,390.0,384.0,386.0,11226500
2023-07-31,386.0,386.0,394.0,386.0,388.0,10900900
2023-08-01,380.0,380.0,386.0,378.0,386.0,11272800
2023-08-02,360.0,360.0,384.0,360.0,378.0,21171300
2023-08-03,368.0,368.0,372.0,348.0,348.0,15034000
2023-08-04,368.0,368.0,376.0,368.0,368.0,9484100
2023-08-07,374.0,374.0,376.0,368.0,368.0,12163100
2023-08-08,372.0,372.0,380.0,370.0,378.0,7043800
2023-08-09,362.0,362.0,374.0,362.0,372.0,13830600
2023-08-10,364.0,364.0,370.0,362.0,364.0,6974700
2023-08-11,364.0,364.0,370.0,364.0,364.0,3652400
2023-08-14,370.0,370.0,370.0,364.0,364.0,6780100
2023-08-15,374.0,374.0,376.0,366.0,370.0,11134700
2023-08-16,372.0,372.0,382.0,372.0,374.0,17769900
2023-08-18,370.0,370.0,380.0,366.0,372.0,4778300
2023-08-21,362.0,362.0,376.0,362.0,368.0,26550500
2023-08-22,356.0,356.0,368.0,354.0,362.0,26048100
2023-08-23,356.0,356.0,362.0,354.0,356.0,11904100
2023-08-24,360.0,360.0,364.0,358.0,358.0,9411200
2023-08-25,354.0,354.0,362.0,354.0,358.0,7286700
2023-08-28,356.0,356.0,360.0,356.0,356.0,7793700
2023-08-29,352.0,352.0,360.0,352.0,356.0,40153400
2023-08-30,350.0,350.0,360.0,350.0,352.0,12779000
2023-08-31,350.0,350.0,354.0,348.0,352.0,9634600
2023-09-01,350.0,350.0,352.0,346.0,350.0,8343700
2023-09-04,320.0,320.0,352.0,320.0,350.0,41505000
2023-09-05,324.0,324.0,330.0,320.0,322.0,19659000
2023-09-06,318.0,318.0,326.0,302.0,310.0,15125000
2023-09-07,320.0,320.0,326.0,314.0,318.0,10536500
2023-09-08,330.0,330.0,336.0,320.0,322.0,29611700
2023-09-11,330.0,330.0,334.0,328.0,332.0,6235700
2023-09-12,322.0,322.0,332.0,318.0,332.0,13219900
2023-09-13,322.0,322.0,328.0,322.0,322.0,5820800
2023-09-14,320.0,320.0,326.0,318.0,324.0,4739600
2023-09-15,320.0,320.0,322.0,318.0,322.0,4935300
2023-09-18,312.0,312.0,322.0,312.0,320.0,9666100
2023-09-19,320.0,320.0,326.0,302.0,312.0,33062200
2023-09-20,324.0,324.0,332.0,320.0,324.0,29591100
2023-09-21,316.0,316.0,326.0,316.0,324.0,8544400
2023-09-22,318.0,318.0,322.0,314.0,318.0,5179100
2023-09-25,314.0,314.0,318.0,314.0,318.0,4823000
2023-09-26,308.0,308.0,318.0,306.0,314.0,10255600
2023-09-27,308.0,308.0,310.0,304.0,310.0,4808100
2023-09-29,304.0,304.0,310.0,304.0,308.0,7649500
2023-10-02,304.0,304.0,306.0,302.0,304.0,7136300
2023-10-03,296.0,296.0,306.0,294.0,304.0,13186900
2023-10-04,284.0,284.0,298.0,282.0,282.0,16632300
2023-10-05,284.0,284.0,290.0,284.0,286.0,4541100
2023-10-06,288.0,288.0,288.0,284.0,284.0,5030700
2023-10-09,284.0,284.0,292.0,280.0,288.0,8996600
2023-10-10,282.0,282.0,288.0,280.0,284.0,6268500
2023-10-11,290.0,290.0,306.0,280.0,282.0,19872800
2023-10-12,286.0,286.0,294.0,284.0,292.0,5415700
2023-10-13,282.0,282.0,288.0,282.0,286.0,5628600
2023-10-16,274.0,274.0,286.0,272.0,282.0,14037200
2023-10-17,272.0,272.0,282.0,270.0,276.0,5049800
2023-10-18,272.0,272.0,276.0,268.0,274.0,7068000
2023-10-19,262.0,262.0,272.0,262.0,272.0,8618100
2023-10-20,256.0,256.0,266.0,250.0,262.0,11795800
2023-10-23,246.0,246.0,260.0,246.0,250.0,7539600
2023-10-24,260.0,260.0,266.0,248.0,248.0,15353600
2023-10-25,258.0,258.0,264.0,254.0,258.0,6154000
2023-10-26,246.0,246.0,260.0,246.0,258.0,8596000
2023-10-27,244.0,244.0,246.0,240.0,246.0,9688000
2023-10-30,234.0,234.0,250.0,232.0,242.0,9133400
2023-10-31,224.0,224.0,238.0,216.0,236.0,18440800
2023-11-01,222.0,222.0,228.0,218.0,226.0,9441800
2023-11-02,230.0,230.0,234.0,222.0,226.0,7756000
2023-11-03,240.0,240.0,244.0,230.0,230.0,13533400
2023-11-06,244.0,244.0,248.0,240.0,240.0,7571500
2023-11-07,238.0,238.0,244.0,234.0,244.0,5564000
2023-11-08,234.0,234.0,240.0,232.0,240.0,2804000
2023-11-09,252.0,252.0,254.0,236.0,236.0,26391400
2023-11-10,246.0,246.0,260.0,246.0,254.0,26563100
2023-11-13,246.0,246.0,250.0,240.0,248.0,11982600
2023-11-14,254.0,254.0,260.0,240.0,240.0,18061700
2023-11-15,264.0,264.0,274.0,254.0,260.0,35813900
2023-11-16,262.0,262.0,270.0,260.0,266.0,11479900
2023-11-17,262.0,262.0,270.0,260.0,264.0,12331900
2023-11-20,260.0,260.0,268.0,260.0,264.0,6870200
2023-11-21,250.0,250.0,268.0,250.0,262.0,17895800
2023-11-22,246.0,246.0,254.0,246.0,252.0,10375100
2023-11-23,264.0,264.0,272.0,240.0,248.0,70115700
2023-11-24,310.0,310.0,328.0,264.0,264.0,452670200
2023-11-27,306.0,306.0,370.0,302.0,330.0,280170800
2023-11-28,298.0,298.0,314.0,296.0,304.0,67596700
2023-11-29,296.0,296.0,304.0,292.0,300.0,32728700
2023-11-30,294.0,294.0,312.0,292.0,298.0,60341400
2023-12-01,312.0,312.0,316.0,286.0,294.0,104139200
2023-12-04,314.0,314.0,338.0,310.0,310.0,117583900
2023-12-05,314.0,314.0,324.0,306.0,314.0,51383900
2023-12-06,308.0,308.0,320.0,306.0,318.0,23218600
2023-12-07,298.0,298.0,314.0,296.0,308.0,29973900
2023-12-08,292.0,292.0,304.0,290.0,298.0,37433600
2023-12-11,304.0,304.0,322.0,292.0,296.0,124696300
2023-12-12,342.0,342.0,376.0,304.0,306.0,815080400
2023-12-13,322.0,322.0,360.0,320.0,342.0,193606600
2023-12-14,346.0,346.0,354.0,326.0,326.0,207247500
2023-12-15,334.0,334.0,356.0,332.0,348.0,78842300
2023-12-18,316.0,316.0,342.0,310.0,334.0,57452400
2023-12-19,328.0,328.0,334.0,316.0,316.0,45290000
2023-12-20,322.0,322.0,340.0,320.0,330.0,67909800
2023-12-21,320.0,320.0,330.0,316.0,322.0,32168600
2023-12-22,320.0,320.0,334.0,318.0,320.0,51419800
2023-12-27,318.0,318.0,326.0,316.0,322.0,23062100
2023-12-28,316.0,316.0,320.0,312.0,320.0,14702000
2023-12-29,310.0,310.0,320.0,310.0,318.0,16875900
2024-01-02,318.0,318.0,322.0,310.0,310.0,27125000
2024-01-03,330.0,330.0,334.0,316.0,316.0,70321400
2024-01-04,328.0,328.0,336.0,326.0,332.0,37387100
2024-01-05,328.0,328.0,338.0,328.0,330.0,27540800
2024-01-08,330.0,330.0,338.0,326.0,330.0,23045700
2024-01-09,328.0,328.0,338.0,322.0,330.0,40938800
2024-01-10,324.0,324.0,332.0,324.0,328.0,17775100
2024-01-11,332.0,332.0,336.0,324.0,326.0,45067400
2024-01-12,318.0,318.0,336.0,310.0,332.0,59739000
2024-01-15,316.0,316.0,322.0,314.0,316.0,16312900
2024-01-16,312.0,312.0,318.0,312.0,318.0,16361500
2024-01-17,304.0,304.0,314.0,302.0,312.0,30274100
2024-01-18,304.0,304.0,310.0,302.0,306.0,13320600
2024-01-19,306.0,306.0,316.0,302.0,304.0,24122100
2024-01-22,314.0,314.0,324.0,306.0,308.0,58225300
2024-01-23,304.0,304.0,318.0,304.0,314.0,38131200
2024-01-24,294.0,294.0,308.0,290.0,304.0,34476300
2024-01-25,296.0,296.0,302.0,294.0,294.0,13446700
2024-01-26,282.0,282.0,300.0,280.0,296.0,25679100
2024-01-29,284.0,284.0,292.0,282.0,282.0,15714200
2024-01-30,288.0,288.0,292.0,282.0,286.0,14247700
2024-01-31,290.0,290.0,294.0,286.0,292.0,8363800
2024-02-01,284.0,284.0,292.0,284.0,290.0,12256600
2024-02-02,274.0,274.0,290.0,274.0,286.0,20846100
2024-02-05,282.0,282.0,286.0,274.0,276.0,16914500
2024-02-06,282.0,282.0,288.0,282.0,282.0,8787900
2024-02-07,278.0,278.0,286.0,278.0,284.0,6165600
2024-02-12,278.0,278.0,282.0,278.0,278.0,7491400
2024-02-13,280.0,280.0,284.0,278.0,278.0,5130100
2024-02-15,286.0,286.0,292.0,280.0,280.0,16501500
2024-02-16,278.0,278.0,288.0,278.0,286.0,9352600
2024-02-19,266.0,266.0,282.0,266.0,278.0,23009700
2024-02-20,272.0,272.0,276.0,266.0,268.0,10552700
2024-02-21,266.0,266.0,276.0,264.0,274.0,11460800
2024-02-22,266.0,266.0,270.0,266.0,268.0,5430700
2024-02-23,268.0,268.0,272.0,266.0,270.0,7153700
2024-02-26,262.0,262.0,272.0,260.0,268.0,10065900
2024-02-27,260.0,260.0,268.0,258.0,262.0,9994900
2024-02-28,262.0,262.0,266.0,260.0,262.0,5093300
2024-02-29,266.0,266.0,274.0,260.0,262.0,11863600
2024-03-01,264.0,264.0,270.0,264.0,266.0,4434600
2024-03-04,262.0,262.0,268.0,262.0,266.0,4341100
2024-03-05,262.0,262.0,282.0,260.0,264.0,45014800
2024-03-06,284.0,284.0,288.0,260.0,262.0,106942400
2024-03-07,272.0,272.0,288.0,270.0,284.0,46396100
2024-03-08,278.0,278.0,292.0,272.0,274.0,61695300
2024-03-13,284.0,284.0,286.0,276.0,280.0,24315100
2024-03-14,276.0,276.0,288.0,274.0,284.0,27604900
2024-03-15,272.0,272.0,280.0,270.0,276.0,13718700
2024-03-18,278.0,278.0,292.0,276.0,286.0,32098000
2024-03-19,278.0,278.0,282.0,276.0,282.0,9303200
2024-03-20,272.0,272.0,280.0,272.0,278.0,11189600
2024-03-21,284.0,284.0,286.0,274.0,274.0,25421400
2024-03-22,302.0,302.0,322.0,284.0,286.0,276116500
2024-03-25,296.0,296.0,310.0,294.0,310.0,52945200
2024-03-26,306.0,306.0,316.0,296.0,316.0,92519700
2024-03-27,300.0,300.0,312.0,300.0,306.0,32499600
2024-03-28,290.0,290.0,304.0,290.0,300.0,34081700
2024-04-01,286.0,286.0,292.0,280.0,292.0,24252100
2024-04-02,278.0,278.0,290.0,270.0,286.0,56950200
2024-04-03,268.0,268.0,280.0,264.0,276.0,35760800
2024-04-04,270.0,270.0,274.0,260.0,268.0,15501100
2024-04-05,268.0,268.0,274.0,266.0,270.0,12775000
2024-04-16,258.0,258.0,268.0,254.0,268.0,27214800
2024-04-17,258.0,258.0,264.0,256.0,258.0,11227100
2024-04-18,256.0,256.0,264.0,256.0,260.0,8135800
2024-04-19,244.0,244.0,258.0,244.0,256.0,15685500
2024-04-22,248.0,248.0,252.0,244.0,246.0,9536500
2024-04-23,254.0,254.0,258.0,250.0,252.0,18270400
2024-04-24,258.0,258.0,266.0,254.0,254.0,14968900
2024-04-25,252.0,252.0,262.0,250.0,258.0,9027000
2024-04-26,246.0,246.0,254.0,246.0,252.0,9473200
2024-04-29,252.0,252.0,254.0,246.0,248.0,8781500
2024-04-30,256.0,256.0,262.0,252.0,252.0,13825500
2024-05-02,250.0,250.0,258.0,248.0,256.0,9097000
2024-05-03,250.0,250.0,254.0,248.0,248.0,6460100
2024-05-06,258.0,258.0,260.0,248.0,252.0,9013000
2024-05-07,256.0,256.0,260.0,254.0,258.0,6769400
2024-05-08,252.0,252.0,258.0,250.0,256.0,5644000
2024-05-13,248.0,248.0,254.0,244.0,252.0,6989700
2024-05-14,248.0,248.0,254.0,246.0,248.0,7570800
2024-05-15,250.0,250.0,256.0,248.0,250.0,12051000
2024-05-16,254.0,254.0,258.0,250.0,252.0,13503000
2024-05-17,252.0,252.0,256.0,250.0,254.0,6329500
2024-05-20,256.0,256.0,262.0,252.0,252.0,14110500
2024-05-21,250.0,250.0,260.0,250.0,256.0,9180100
2024-05-22,266.0,266.0,280.0,252.0,254.0,148823700
2024-05-27,258.0,258.0,276.0,258.0,270.0,53160900
2024-05-28,260.0,260.0,266.0,256.0,258.0,15011800
2024-05-29,252.0,252.0,262.0,252.0,260.0,15518900
2024-05-30,246.0,246.0,254.0,242.0,254.0,18881400
2024-05-31,248.0,248.0,258.0,246.0,246.0,25445500
2024-06-03,252.0,252.0,254.0,248.0,248.0,6490700
2024-06-04,248.0,248.0,258.0,246.0,252.0,14915400
2024-06-05,242.0,242.0,252.0,240.0,248.0,21950800
2024-06-06,244.0,244.0,248.0,240.0,244.0,7985900
2024-06-07,242.0,242.0,248.0,242.0,244.0,4459500
2024-06-10,238.0,238.0,244.0,236.0,244.0,10314200
2024-06-11,230.0,230.0,240.0,230.0,238.0,9435700
2024-06-12,222.0,222.0,234.0,222.0,232.0,9185400
2024-06-13,224.0,224.0,236.0,224.0,224.0,17887500
2024-06-14,220.0,220.0,230.0,220.0,226.0,8237400
2024-06-19,208.0,208.0,220.0,208.0,220.0,12547000
2024-06-20,212.0,212.0,216.0,206.0,208.0,6610200
2024-06-21,218.0,218.0,224.0,212.0,212.0,11037000
2024-06-24,222.0,222.0,228.0,218.0,218.0,11607200
2024-06-25,218.0,218.0,224.0,214.0,222.0,5939200
2024-06-26,216.0,216.0,222.0,216.0,218.0,5157000
2024-06-27,218.0,218.0,222.0,216.0,218.0,5251500
2024-06-28,226.0,226.0,236.0,218.0,218.0,20103500
2024-07-01,228.0,228.0,238.0,226.0,226.0,10937600
2024-07-02,226.0,226.0,234.0,226.0,228.0,10841600
2024-07-03,234.0,234.0,240.0,224.0,228.0,29697200
2024-07-04,236.0,236.0,244.0,234.0,236.0,20257600
2024-07-05,234.0,234.0,238.0,234.0,236.0,3727100
2024-07-08,238.0,238.0,240.0,232.0,234.0,29020400
2024-07-09,248.0,248.0,254.0,236.0,238.0,53229800
2024-07-10,244.0,244.0,252.0,240.0,250.0,20033600
2024-07-11,240.0,240.0,248.0,238.0,244.0,8127400
2024-07-12,244.0,244.0,250.0,240.0,240.0,20822300
2024-07-15,240.0,240.0,250.0,240.0,246.0,12078300
2024-07-16,240.0,240.0,246.0,240.0,242.0,11694700
2024-07-17,244.0,244.0,246.0,240.0,242.0,11066400
2024-07-18,244.0,244.0,252.0,242.0,244.0,27725300
2024-07-19,240.0,240.0,246.0,240.0,244.0,8784900
2024-07-22,242.0,242.0,246.0,240.0,244.0,14315700
2024-07-23,242.0,242.0,250.0,240.0,242.0,30482300
2024-07-24,242.0,242.0,246.0,240.0,242.0,9334500
2024-07-25,234.0,234.0,242.0,230.0,242.0,22038700
2024-07-26,244.0,244.0,244.0,234.0,236.0,18713700
2024-07-29,244.0,244.0,248.0,242.0,244.0,9293400
2024-07-30,250.0,250.0,252.0,244.0,246.0,39517700
2024-07-31,244.0,244.0,256.0,244.0,250.0,35883700
2024-08-01,244.0,244.0,248.0,242.0,246.0,9736600
2024-08-02,242.0,242.0,244.0,236.0,244.0,15673900
2024-08-05,226.0,226.0,240.0,222.0,238.0,24855900
2024-08-06,228.0,228.0,238.0,210.0,222.0,13429400
2024-08-07,232.0,232.0,234.0,230.0,230.0,5377600
2024-08-08,228.0,228.0,236.0,228.0,232.0,14416100
2024-08-09,232.0,232.0,236.0,228.0,228.0,11348800
2024-08-12,234.0,234.0,234.0,228.0,234.0,7145200
2024-08-13,236.0,236.0,240.0,232.0,234.0,14984800
2024-08-14,246.0,246.0,246.0,238.0,238.0,30573500
2024-08-15,244.0,244.0,248.0,242.0,246.0,12896800
2024-08-16,242.0,242.0,250.0,242.0,244.0,16453100
2024-08-19,248.0,248.0,250.0,242.0,244.0,21238800
2024-08-20,262.0,262.0,266.0,250.0,250.0,79655000
2024-08-21,258.0,258.0,270.0,258.0,262.0,41876400
2024-08-22,254.0,254.0,272.0,254.0,258.0,45371200
2024-08-23,284.0,284.0,300.0,256.0,256.0,283265400
2024-08-26,280.0,280.0,290.0,270.0,286.0,71992500
2024-08-27,274.0,274.0,284.0,272.0,282.0,43362200
2024-08-28,274.0,274.0,280.0,270.0,276.0,41727900
2024-08-29,264.0,264.0,276.0,264.0,274.0,39608000
2024-08-30,260.0,260.0,270.0,258.0,268.0,21517700
2024-09-02,282.0,282.0,286.0,260.0,262.0,112929000
2024-09-03,270.0,270.0,288.0,270.0,284.0,57307100
2024-09-04,264.0,264.0,274.0,262.0,264.0,32447600
2024-09-05,268.0,268.0,270.0,264.0,264.0,12078300
2024-09-06,270.0,270.0,274.0,266.0,270.0,17870400
2024-09-09,264.0,264.0,278.0,264.0,270.0,31403300
2024-09-10,270.0,270.0,272.0,266.0,266.0,18455800
2024-09-11,268.0,268.0,280.0,268.0,270.0,33893100
2024-09-12,274.0,274.0,278.0,268.0,272.0,24191200
2024-09-13,272.0,272.0,278.0,270.0,278.0,15430700
2024-09-17,280.0,280.0,284.0,272.0,274.0,68718900
2024-09-18,288.0,288.0,296.0,276.0,280.0,123820800
2024-09-19,284.0,284.0,300.0,282.0,300.0,59756300
2024-09-20,266.0,266.0,288.0,266.0,286.0,147804100
2024-09-23,272.0,272.0,280.0,266.0,266.0,38654100
2024-09-24,272.0,272.0,280.0,270.0,274.0,28326300
2024-09-25,270.0,270.0,276.0,266.0,274.0,32779700
2024-09-26,274.0,274.0,278.0,268.0,268.0,30485800
2024-09-27,268.0,268.0,278.0,268.0,276.0,17272900
2024-09-30,268.0,268.0,272.0,264.0,270.0,16437100
2024-10-01,270.0,270.0,272.0,264.0,270.0,18361800
2024-10-02,260.0,260.0,270.0,256.0,270.0,34445300
2024-10-03,262.0,262.0,264.0,254.0,260.0,12565900
2024-10-04,256.0,256.0,264.0,254.0,262.0,14955800
2024-10-07,266.0,266.0,268.0,254.0,256.0,37467200
2024-10-08,274.0,274.0,276.0,262.0,266.0,66554100
2024-10-09,272.0,272.0,280.0,268.0,276.0,28274500
2024-10-10,266.0,266.0,274.0,266.0,272.0,10509900
2024-10-11,266.0,266.0,270.0,266.0,268.0,6678000
2024-10-14,276.0,276.0,280.0,266.0,268.0,40329000
2024-10-15,274.0,274.0,278.0,270.0,276.0,16833700
2024-10-16,274.0,274.0,278.0,270.0,274.0,11237300
2024-10-17,276.0,276.0,286.0,272.0,274.0,67507300
2024-10-18,284.0,284.0,286.0,278.0,278.0,64571100
2024-10-21,280.0,280.0,290.0,280.0,286.0,48008800
2024-10-22,280.0,280.0,284.0,274.0,280.0,29059800
2024-10-23,282.0,282.0,288.0,280.0,280.0,28766300
2024-10-24,284.0,284.0,310.0,278.0,290.0,313527000
2024-10-25,272.0,272.0,286.0,272.0,282.0,48156600
2024-10-28,266.0,266.0,276.0,264.0,272.0,43414900
2024-10-29,270.0,270.0,274.0,266.0,266.0,30950600
2024-10-30,266.0,266.0,272.0,264.0,270.0,23403400
2024-10-31,268.0,268.0,274.0,266.0,266.0,23309200
2024-11-01,262.0,262.0,272.0,260.0,268.0,22813600
2024-11-04,260.0,260.0,266.0,256.0,262.0,20466300
2024-11-05,260.0,260.0,264.0,258.0,262.0,13821600
2024-11-06,250.0,250.0,264.0,250.0,262.0,25346600
2024-11-07,244.0,244.0,252.0,242.0,250.0,27149600
2024-11-08,244.0,244.0,248.0,242.0,242.0,11568300
2024-11-11,240.0,240.0,248.0,234.0,244.0,15279100
2024-11-12,246.0,246.0,246.0,234.0,242.0,19503300
2024-11-13,246.0,246.0,252.0,244.0,244.0,17449500
2024-11-14,240.0,240.0,248.0,240.0,246.0,7566100
2024-11-15,230.0,230.0,242.0,230.0,240.0,22880600
2024-11-18,224.0,224.0,232.0,224.0,232.0,17682300
2024-11-19,234.0,234.0,238.0,224.0,226.0,10612500
2024-11-20,228.0,228.0,238.0,228.0,236.0,12197700
2024-11-21,226.0,226.0,232.0,224.0,230.0,7468900
2024-11-22,238.0,238.0,244.0,226.0,228.0,21808900
2024-11-25,242.0,242.0,246.0,238.0,244.0,18362900
2024-11-26,238.0,238.0,248.0,238.0,242.0,13661400
2024-11-28,238.0,238.0,244.0,238.0,240.0,7817600
2024-11-29,232.0,232.0,250.0,228.0,238.0,13380700
2024-12-02,228.0,228.0,234.0,226.0,232.0,10152900
2024-12-03,230.0,230.0,234.0,228.0,228.0,7998700
2024-12-04,234.0,234.0,238.0,230.0,232.0,12591600
2024-12-05,236.0,236.0,240.0,232.0,240.0,4734100
2024-12-06,238.0,238.0,240.0,232.0,236.0,14118300
2024-12-09,242.0,242.0,244.0,240.0,240.0,10921100
2024-12-10,242.0,242.0,242.0,238.0,242.0,6355300
2024-12-11,240.0,240.0,244.0,238.0,242.0,10023100
2024-12-12,236.0,236.0,242.0,236.0,240.0,7927000
2024-12-13,230.0,230.0,238.0,230.0,238.0,8709400
2024-12-16,226.0,226.0,234.0,224.0,234.0,10932600
2024-12-17,224.0,224.0,230.0,220.0,228.0,10022800
2024-12-18,222.0,222.0,226.0,218.0,224.0,9915400
2024-12-19,214.0,214.0,220.0,212.0,220.0,14534000
2024-12-20,206.0,206.0,216.0,204.0,216.0,20796300
2024-12-23,212.0,212.0,216.0,206.0,208.0,11563300
2024-12-24,216.0,216.0,216.0,206.0,212.0,18180300
2024-12-27,212.0,212.0,216.0,210.0,216.0,4047500
2024-12-30,232.0,232.0,232.0,208.0,212.0,18345200
2025-01-02,230.0,230.0,232.0,222.0,232.0,14456600
2025-01-03,224.0,224.0,230.0,224.0,228.0,4105900
2025-01-06,224.0,224.0,230.0,222.0,224.0,5289800
2025-01-07,228.0,228.0,228.0,220.0,224.0,8219000
2025-01-08,222.0,222.0,228.0,222.0,228.0,11119900
2025-01-09,214.0,214.0,222.0,214.0,222.0,9998900
2025-01-10,214.0,214.0,218.0,214.0,216.0,6374700
2025-01-13,214.0,214.0,216.0,210.0,216.0,6984300
2025-01-14,208.0,208.0,214.0,208.0,214.0,4352200
2025-01-15,216.0,216.0,218.0,210.0,210.0,16630000
2025-01-16,214.0,214.0,220.0,214.0,218.0,8748700
2025-01-17,214.0,214.0,218.0,212.0,212.0,6381800
2025-01-20,216.0,216.0,218.0,214.0,216.0,5680500
2025-01-21,222.0,222.0,226.0,216.0,218.0,19352500
2025-01-22,222.0,222.0,228.0,218.0,224.0,9610300
2025-01-23,220.0,220.0,224.0,220.0,222.0,8394100
2025-01-24,216.0,216.0,222.0,216.0,222.0,9190200
2025-01-30,212.0,212.0,218.0,208.0,216.0,10441900
2025-01-31,220.0,220.0,222.0,212.0,212.0,32171900
2025-02-03,214.0,214.0,220.0,210.0,220.0,21775300
2025-02-04,212.0,212.0,218.0,210.0,216.0,16897600
2025-02-05,210.0,210.0,214.0,208.0,214.0,7074800
2025-02-06,200.0,200.0,212.0,200.0,212.0,12001800
2025-02-07,198.0,198.0,202.0,194.0,202.0,8841000
2025-02-10,190.0,190.0,202.0,190.0,200.0,15817300
2025-02-11,183.0,183.0,191.0,181.0,190.0,14947500
2025-02-12,191.0,191.0,200.0,183.0,184.0,29762900
2025-02-13,191.0,191.0,194.0,189.0,191.0,8879700
2025-02-14,192.0,192.0,196.0,191.0,191.0,4923000
2025-02-17,200.0,200.0,202.0,192.0,192.0,21739600
2025-02-18,206.0,206.0,214.0,200.0,200.0,22783900
2025-02-19,202.0,202.0,208.0,202.0,206.0,5951200
2025-02-20,200.0,200.0,204.0,200.0,202.0,4981000
2025-02-21,200.0,200.0,202.0,197.0,200.0,6713500
2025-02-24,199.0,199.0,204.0,197.0,204.0,5253800
2025-02-25,193.0,193.0,200.0,190.0,200.0,7351800
2025-02-26,191.0,191.0,196.0,190.0,193.0,5805000
2025-02-27,187.0,187.0,193.0,186.0,192.0,6692600
2025-02-28,176.0,176.0,185.0,173.0,183.0,23144600
2025-03-03,187.0,187.0,190.0,177.0,177.0,12132200
2025-03-04,183.0,183.0,188.0,182.0,186.0,6912100
2025-03-05,187.0,187.0,193.0,184.0,184.0,8593600
2025-03-06,194.0,194.0,195.0,189.0,189.0,4956000
2025-03-07,195.0,195.0,195.0,191.0,193.0,6019600
2025-03-10,195.0,195.0,195.0,188.0,195.0,4872000
2025-03-11,193.0,193.0,195.0,189.0,193.0,6532200
2025-03-12,196.0,196.0,199.0,191.0,195.0,12948300
2025-03-13,192.0,192.0,199.0,192.0,198.0,6094900
2025-03-14,189.0,189.0,193.0,188.0,193.0,2677000
2025-03-17,191.0,191.0,191.0,188.0,189.0,3331500
2025-03-18,183.0,183.0,192.0,174.0,192.0,8955500
2025-03-19,183.0,183.0,186.0,180.0,183.0,7887000
2025-03-20,180.0,180.0,186.0,180.0,185.0,2743600
2025-03-21,174.0,174.0,181.0,174.0,180.0,5718500
2025-03-24,169.0,169.0,177.0,165.0,173.0,13918600
2025-03-25,172.0,172.0,180.0,169.0,169.0,31980500
2025-03-26,184.0,184.0,188.0,172.0,172.0,30005600
2025-03-27,181.0,181.0,186.0,181.0,183.0,8851000
2025-04-08,167.0,167.0,170.0,155.0,170.0,14005000
2025-04-09,166.0,166.0,170.0,163.0,167.0,7992900
2025-04-10,173.0,173.0,177.0,171.0,171.0,15391800
2025-04-11,173.0,173.0,174.0,170.0,173.0,4377100
2025-04-14,185.0,185.0,188.0,172.0,173.0,21168400
2025-04-15,188.0,188.0,195.0,186.0,186.0,13788300
2025-04-16,185.0,185.0,192.0,185.0,189.0,7102700
2025-04-17,190.0,190.0,190.0,183.0,187.0,9900000
2025-04-21,195.0,195.0,197.0,190.0,193.0,17235300
2025-04-22,200.0,200.0,204.0,193.0,195.0,30289000
2025-04-23,206.0,206.0,210.0,199.0,204.0,19604900
2025-04-24,204.0,204.0,210.0,200.0,206.0,18976800
2025-04-25,212.0,212.0,214.0,202.0,204.0,27058200
2025-04-28,214.0,214.0,224.0,214.0,214.0,26964200
2025-04-29,222.0,222.0,222.0,214.0,216.0,23985400
2025-04-30,218.0,218.0,222.0,212.0,222.0,31791000
2025-05-02,222.0,222.0,228.0,216.0,222.0,25455500
2025-05-05,226.0,226.0,230.0,220.0,224.0,16691100
2025-05-06,226.0,226.0,232.0,224.0,228.0,13758400
2025-05-07,222.0,222.0,228.0,222.0,228.0,8726000
2025-05-08,222.0,222.0,230.0,218.0,222.0,19497500
2025-05-09,218.0,218.0,224.0,216.0,224.0,7950600
2025-05-14,224.0,224.0,224.0,218.0,218.0,13273100
2025-05-15,234.0,234.0,236.0,224.0,226.0,40007100
2025-05-16,230.0,230.0,240.0,228.0,238.0,20688900
2025-05-19,232.0,232.0,234.0,228.0,234.0,9915500
2025-05-20,226.0,226.0,236.0,226.0,236.0,11875300
2025-05-21,232.0,232.0,232.0,226.0,226.0,14099600
2025-05-22,228.0,228.0,236.0,228.0,234.0,7724400
2025-05-23,228.0,228.0,232.0,228.0,230.0,2386900
2025-05-26,224.0,224.0,228.0,220.0,228.0,11883600
2025-05-27,222.0,222.0,226.0,220.0,226.0,5521600
2025-05-28,226.0,226.0,226.0,222.0,224.0,5654200
2025-06-02,220.0,220.0,226.0,214.0,226.0,8837900
2025-06-03,218.0,218.0,222.0,214.0,220.0,6658600
2025-06-04,220.0,220.0,222.0,218.0,218.0,5158000
2025-06-05,220.0,220.0,224.0,218.0,220.0,4472100
2025-06-10,224.0,224.0,226.0,220.0,220.0,4929500
2025-06-11,222.0,222.0,226.0,222.0,226.0,6056500
2025-06-12,222.0,222.0,224.0,220.0,222.0,4821000
2025-06-13,218.0,218.0,222.0,218.0,220.0,3937800
2025-06-16,212.0,212.0,218.0,212.0,218.0,8778800
2025-06-17,224.0,224.0,224.0,210.0,218.0,26272500
2025-06-18,216.0,216.0,224.0,216.0,224.0,5063500
2025-06-19,204.0,204.0,218.0,204.0,216.0,14476800
2025-06-20,204.0,204.0,212.0,200.0,204.0,11875700
2025-06-23,192.0,192.0,202.0,192.0,200.0,13105200
2025-06-24,202.0,202.0,208.0,196.0,196.0,12263600
2025-06-25,197.0,197.0,204.0,197.0,204.0,5852900
2025-06-26,202.0,202.0,202.0,197.0,199.0,5062300
2025-06-30,202.0,202.0,204.0,200.0,204.0,3324500
2025-07-01,199.0,199.0,206.0,199.0,202.0,3314900
2025-07-02,197.0,197.0,200.0,195.0,197.0,7572400
2025-07-03,200.0,200.0,208.0,197.0,198.0,17126400
2025-07-04,199.0,199.0,206.0,199.0,200.0,22556900
2025-07-07,199.0,199.0,200.0,198.0,200.0,2727300
2025-07-08,202.0,202.0,202.0,198.0,199.0,24692600
2025-07-09,200.0,200.0,202.0,199.0,202.0,3913200
2025-07-10,216.0,216.0,218.0,200.0,202.0,91091500
2025-07-11,216.0,216.0,222.0,212.0,216.0,21783400
2025-07-14,212.0,212.0,220.0,212.0,218.0,34778800
2025-07-15,212.0,212.0,214.0,206.0,212.0,12815900
2025-07-16,212.0,212.0,216.0,210.0,214.0,11109700
2025-07-17,212.0,212.0,214.0,210.0,212.0,5823100
2025-07-18,210.0,210.0,214.0,208.0,212.0,5897300
2025-07-21,208.0,208.0,212.0,206.0,210.0,7890000
2025-07-22,204.0,204.0,212.0,202.0,206.0,10574400
2025-07-23,206.0,206.0,208.0,202.0,204.0,8011900
2025-07-24,214.0,214.0,224.0,206.0,206.0,101429000
2025-07-25,214.0,214.0,218.0,210.0,216.0,36755500
2025-07-28,214.0,214.0,218.0,210.0,218.0,23378100
2025-07-29,212.0,212.0,216.0,210.0,214.0,7967300
2025-07-30,212.0,212.0,214.0,208.0,212.0,7528400
2025-07-31,208.0,208.0,212.0,204.0,212.0,12226100
2025-08-01,210.0,210.0,220.0,208.0,208.0,77771800
2025-08-04,212.0,212.0,218.0,206.0,210.0,31673100
2025-08-05,210.0,210.0,214.0,208.0,212.0,11093700
2025-08-06,214.0,214.0,220.0,210.0,214.0,69235700
2025-08-07,212.0,212.0,218.0,210.0,218.0,10581500
2025-08-08,208.0,208.0,214.0,206.0,212.0,17580800
2025-08-11,218.0,218.0,220.0,210.0,210.0,40722500
2025-08-12,252.0,252.0,254.0,218.0,220.0,388304000
2025-08-13,240.0,240.0,264.0,240.0,256.0,156172500
2025-08-14,236.0,236.0,246.0,236.0,242.0,47674500
2025-08-15,226.0,226.0,244.0,224.0,240.0,55074300
2025-08-19,230.0,230.0,234.0,226.0,230.0,22199100
2025-08-20,244.0,244.0,248.0,232.0,232.0,64006500
2025-08-21,240.0,240.0,248.0,240.0,246.0,26827000
2025-08-22,240.0,240.0,250.0,236.0,240.0,37630200
2025-08-25,252.0,252.0,258.0,244.0,250.0,80385700
2025-08-26,248.0,248.0,256.0,244.0,254.0,24337600
2025-08-27,244.0,244.0,248.0,242.0,246.0,15282700
2025-08-28,244.0,244.0,250.0,242.0,246.0,16023200
2025-08-29,236.0,236.0,242.0,226.0,240.0,39120100
2025-09-01,228.0,228.0,232.0,218.0,226.0,24790800
2025-09-02,230.0,230.0,238.0,230.0,230.0,10712700
2025-09-03,236.0,236.0,236.0,232.0,234.0,6693400
2025-09-04,232.0,232.0,238.0,232.0,236.0,7431000
2025-09-08,226.0,226.0,238.0,226.0,232.0,10400800
2025-09-09,226.0,226.0,230.0,220.0,226.0,13188400
2025-09-10,246.0,246.0,268.0,226.0,228.0,292077600
2025-09-11,248.0,248.0,262.0,248.0,250.0,114476700
2025-09-12,250.0,250.0,256.0,248.0,252.0,38659800
2025-09-15,254.0,254.0,258.0,252.0,252.0,24745900
2025-09-16,244.0,244.0,254.0,244.0,254.0,31094300
2025-09-17,250.0,250.0,252.0,240.0,246.0,27551500
2025-09-18,244.0,244.0,256.0,244.0,254.0,23257600
2025-09-19,240.0,240.0,248.0,240.0,244.0,8239600
2025-09-22,240.0,240.0,244.0,236.0,242.0,7394200
2025-09-23,240.0,240.0,246.0,238.0,242.0,15638200
2025-09-24,234.0,234.0,244.0,232.0,242.0,17826400
2025-09-25,234.0,234.0,238.0,232.0,236.0,7937400
2025-09-26,242.0,242.0,246.0,230.0,232.0,30434900
2025-09-29,244.0,244.0,250.0,242.0,244.0,36454500
2025-09-30,240.0,240.0,248.0,238.0,244.0,10661800
2025-10-01,250.0,250.0,258.0,238.0,242.0,81125400
2025-10-02,254.0,254.0,272.0,252.0,258.0,177226000
2025-10-03,252.0,252.0,256.0,242.0,256.0,51427800
2025-10-06,246.0,246.0,256.0,240.0,254.0,26764300
2025-10-07,240.0,240.0,248.0,238.0,246.0,31833700
2025-10-08,236.0,236.0,244.0,234.0,242.0,44541400
2025-10-09,240.0,240.0,246.0,234.0,236.0,46173200
2025-10-10,236.0,236.0,242.0,234.0,240.0,27374600
2025-10-13,230.0,230.0,234.0,226.0,234.0,28817200
2025-10-14,222.0,222.0,234.0,220.0,230.0,28434800
2025-10-15,222.0,222.0,224.0,212.0,222.0,20808100
2025-10-16,218.0,218.0,224.0,218.0,222.0,11973000
2025-10-17,212.0,212.0,220.0,208.0,218.0,17217800
2025-10-20,222.0,222.0,224.0,212.0,212.0,29610700
2025-10-21,224.0,224.0,228.0,222.0,224.0,15118000
2025-10-22,222.0,222.0,228.0,220.0,226.0,16433400
2025-10-23,226.0,226.0,232.0,220.0,222.0,19352800
2025-10-24,226.0,226.0,232.0,226.0,228.0,12120000
2025-10-27,228.0,228.0,230.0,218.0,228.0,25625000
2025-10-28,228.0,228.0,234.0,228.0,232.0,26583100
2025-10-29,234.0,234.0,236.0,224.0,230.0,23189700
2025-10-30,236.0,236.0,242.0,232.0,234.0,46918800
2025-10-31,232.0,232.0,238.0,228.0,236.0,30336500
2025-11-03,230.0,230.0,234.0,228.0,228.0,9075200
2025-11-04,224.0,224.0,232.0,224.0,230.0,16522700
2025-11-05,224.0,224.0,228.0,222.0,224.0,10046100
2025-11-06,230.0,230.0,232.0,224.0,226.0,9646400
2025-11-07,230.0,230.0,230.0,226.0,230.0,8672100
2025-11-10,228.0,228.0,234.0,226.0,230.0,15415000
2025-11-11,228.0,228.0,230.0,226.0,228.0,8141300
2025-11-12,228.0,228.0,232.0,228.0,230.0,6388600
2025-11-13,230.0,230.0,236.0,228.0,230.0,23681200
2025-11-14,228.0,228.0,232.0,226.0,230.0,13276100
2025-11-17,230.0,230.0,232.0,226.0,228.0,10635300
2025-11-18,228.0,228.0,232.0,228.0,230.0,11566600
2025-11-19,226.0,226.0,230.0,224.0,228.0,12732900
2025-11-20,226.0,226.0,232.0,226.0,226.0,11863700
2025-11-21,224.0,224.0,228.0,224.0,226.0,10469400
2025-11-24,224.0,224.0,228.0,222.0,226.0,11611900
2025-11-25,226.0,226.0,228.0,222.0,226.0,8791100
2025-11-26,224.0,224.0,228.0,222.0,226.0,17496900
2025-11-27,240.0,240.0,256.0,226.0,226.0,339830100
2025-11-28,230.0,230.0,246.0,230.0,244.0,49248800
2025-12-01,228.0,228.0,234.0,228.0,232.0,16686800
2025-12-02,236.0,236.0,238.0,228.0,228.0,32950000
2025-12-03,230.0,230.0,238.0,230.0,236.0,20995700
2025-12-04,230.0,230.0,234.0,230.0,234.0,9565500
2025-12-05,232.0,232.0,234.0,228.0,230.0,16327800
2025-12-08,232.0,232.0,234.0,228.0,232.0,17048300
2025-12-09,230.0,230.0,232.0,228.0,232.0,8100300
2025-12-10,230.0,230.0,236.0,226.0,230.0,34856700
2025-12-11,228.0,228.0,240.0,228.0,232.0,40172700
2025-12-12,230.0,230.0,234.0,228.0,230.0,12078700
2025-12-15,248.0,248.0,252.0,234.0,234.0,159045500
2025-12-16,254.0,254.0,258.0,244.0,250.0,106044400
2025-12-17,244.0,244.0,258.0,244.0,254.0,47513200
2025-12-18,236.0,236.0,250.0,236.0,244.0,25594900
2025-12-19,232.0,232.0,242.0,226.0,240.0,30147600
2025-12-22,228.0,228.0,234.0,226.0,232.0,26883300
2025-12-23,228.0,228.0,234.0,226.0,228.0,25102200
2025-12-24,228.0,228.0,232.0,226.0,228.0,13896700
2025-12-29,228.0,228.0,232.0,226.0,228.0,14428400
2025-12-30,230.0,230.0,236.0,228.0,228.0,25380600
