Date,Adj Close,Close,High,Low,Open,Volume
2020-01-02,105.11918640136719,105.11918640136719,124.74143981933594,94.60726928710938,94.60726928710938,597321
2020-01-03,102.31600952148438,102.31600952148438,115.63111114501953,100.91442108154297,112.12713623046875,142552
2020-01-06,98.11124420166016,98.11124420166016,98.8120346069336,95.30806732177734,98.11124420166016,33676
2020-01-07,98.8120346069336,98.8120346069336,105.11918640136719,98.11124420166016,98.8120346069336,193922
2020-01-08,110.72554779052734,110.72554779052734,118.43428802490234,98.11124420166016,98.8120346069336,369723
2020-01-09,112.12713623046875,112.12713623046875,112.12713623046875,103.71759796142578,110.72554779052734,162101
2020-01-10,112.82792663574219,112.82792663574219,112.82792663574219,105.81998443603516,105.81998443603516,24115
2020-01-13,112.82792663574219,112.82792663574219,112.82792663574219,107.22157287597656,108.62316131591797,228169
2020-01-14,110.72554779052734,110.72554779052734,112.82792663574219,105.81998443603516,112.82792663574219,71347
2020-01-15,110.72554779052734,110.72554779052734,110.72554779052734,109.32395935058594,110.72554779052734,66924
2020-01-16,110.72554779052734,110.72554779052734,112.12713623046875,106.52078247070312,106.52078247070312,81478
2020-01-17,111.42633819580078,111.42633819580078,113.52872467041016,110.72554779052734,110.72554779052734,4851
2020-01-20,111.42633819580078,111.42633819580078,112.12713623046875,106.52078247070312,112.12713623046875,151256
2020-01-21,112.12713623046875,112.12713623046875,114.93031311035156,107.92237091064453,111.42633819580078,47517
2020-01-22,108.62316131591797,108.62316131591797,112.12713623046875,108.62316131591797,112.12713623046875,34960
2020-01-23,110.02474975585938,110.02474975585938,110.72554779052734,110.02474975585938,110.72554779052734,2853
2020-01-24,114.22952270507812,114.22952270507812,115.63111114501953,110.72554779052734,110.72554779052734,9560
2020-01-27,111.42633819580078,111.42633819580078,114.22952270507812,111.42633819580078,114.22952270507812,15125
2020-01-28,111.42633819580078,111.42633819580078,112.82792663574219,110.72554779052734,110.72554779052734,8561
2020-01-29,108.62316131591797,108.62316131591797,112.82792663574219,105.11918640136719,105.11918640136719,16267
2020-01-30,111.42633819580078,111.42633819580078,112.12713623046875,101.61521911621094,102.31600952148438,42380
2020-01-31,110.02474975585938,110.02474975585938,111.42633819580078,105.11918640136719,105.11918640136719,39383
2020-02-03,103.71759796142578,103.71759796142578,103.71759796142578,103.71759796142578,103.71759796142578,9988
2020-02-04,103.71759796142578,103.71759796142578,103.71759796142578,103.71759796142578,103.71759796142578,0
2020-02-05,106.52078247070312,106.52078247070312,108.62316131591797,103.71759796142578,103.71759796142578,46661
2020-02-06,105.11918640136719,105.11918640136719,105.11918640136719,100.21363067626953,100.21363067626953,601032
2020-02-07,105.11918640136719,105.11918640136719,108.62316131591797,105.11918640136719,105.11918640136719,570
2020-02-10,105.11918640136719,105.11918640136719,105.11918640136719,105.11918640136719,105.11918640136719,43379
2020-02-11,112.12713623046875,112.12713623046875,115.63111114501953,105.11918640136719,105.11918640136719,75343
2020-02-12,112.12713623046875,112.12713623046875,112.12713623046875,105.11918640136719,107.92237091064453,58505
2020-02-13,108.62316131591797,108.62316131591797,119.13507843017578,108.62316131591797,112.12713623046875,45805
2020-02-14,112.82792663574219,112.82792663574219,112.82792663574219,98.8120346069336,102.31600952148438,7848
2020-02-17,106.52078247070312,106.52078247070312,113.52872467041016,106.52078247070312,112.82792663574219,57078
2020-02-18,106.52078247070312,106.52078247070312,107.22157287597656,103.71759796142578,103.71759796142578,22973
2020-02-19,105.11918640136719,105.11918640136719,108.62316131591797,105.11918640136719,106.52078247070312,122432
2020-02-20,105.11918640136719,105.11918640136719,105.11918640136719,105.11918640136719,105.11918640136719,142
2020-02-21,115.63111114501953,115.63111114501953,115.63111114501953,105.11918640136719,105.11918640136719,2283
2020-02-24,108.62316131591797,108.62316131591797,115.63111114501953,108.62316131591797,115.63111114501953,1855
2020-02-25,105.11918640136719,105.11918640136719,105.11918640136719,105.11918640136719,105.11918640136719,8133
2020-02-26,101.61521911621094,101.61521911621094,104.41839599609375,98.11124420166016,99.51283264160156,61501
2020-02-27,110.72554779052734,110.72554779052734,111.42633819580078,101.61521911621094,101.61521911621094,8133
2020-02-28,108.62316131591797,108.62316131591797,109.32395935058594,108.62316131591797,109.32395935058594,285
2020-03-02,108.62316131591797,108.62316131591797,108.62316131591797,108.62316131591797,108.62316131591797,0
2020-03-03,96.70965576171875,96.70965576171875,107.92237091064453,96.70965576171875,107.92237091064453,38813
2020-03-04,103.01680755615234,103.01680755615234,103.01680755615234,91.1032943725586,96.70965576171875,247005
2020-03-05,98.11124420166016,98.11124420166016,103.01680755615234,98.11124420166016,103.01680755615234,7990
2020-03-06,102.31600952148438,102.31600952148438,102.31600952148438,98.11124420166016,98.11124420166016,285
2020-03-09,102.31600952148438,102.31600952148438,102.31600952148438,102.31600952148438,102.31600952148438,7990
2020-03-10,102.31600952148438,102.31600952148438,102.31600952148438,102.31600952148438,102.31600952148438,0
2020-03-11,92.50489044189453,92.50489044189453,103.71759796142578,92.50489044189453,103.71759796142578,31107
2020-03-12,98.11124420166016,98.11124420166016,98.11124420166016,91.1032943725586,91.1032943725586,29537
2020-03-13,94.60726928710938,94.60726928710938,95.30806732177734,94.60726928710938,95.30806732177734,91467
2020-03-16,88.30011749267578,88.30011749267578,105.11918640136719,88.30011749267578,94.60726928710938,10416
2020-03-17,98.11124420166016,98.11124420166016,98.11124420166016,82.69376373291016,84.09535217285156,67066
2020-03-18,98.11124420166016,98.11124420166016,98.11124420166016,98.11124420166016,98.11124420166016,0
2020-03-19,98.11124420166016,98.11124420166016,98.11124420166016,98.11124420166016,98.11124420166016,0
2020-03-20,97.41044616699219,97.41044616699219,98.11124420166016,97.41044616699219,98.11124420166016,3424
2020-03-23,108.62316131591797,108.62316131591797,108.62316131591797,91.1032943725586,91.1032943725586,19691
2020-03-24,108.62316131591797,108.62316131591797,108.62316131591797,108.62316131591797,108.62316131591797,142
2020-03-26,105.81998443603516,105.81998443603516,105.81998443603516,105.11918640136719,105.11918640136719,1712
2020-03-27,105.11918640136719,105.11918640136719,108.62316131591797,105.11918640136719,108.62316131591797,4994
2020-03-30,108.62316131591797,108.62316131591797,108.62316131591797,108.62316131591797,108.62316131591797,142
2020-03-31,101.61521911621094,101.61521911621094,101.61521911621094,101.61521911621094,101.61521911621094,18550
2020-04-01,94.60726928710938,94.60726928710938,101.61521911621094,94.60726928710938,99.51283264160156,53367
2020-04-02,89.00091552734375,89.00091552734375,91.80409240722656,88.30011749267578,91.80409240722656,19977
2020-04-03,96.70965576171875,96.70965576171875,101.61521911621094,89.70170593261719,91.1032943725586,90754
2020-04-06,101.61521911621094,101.61521911621094,103.71759796142578,92.50489044189453,103.71759796142578,46090
2020-04-07,95.30806732177734,95.30806732177734,102.31600952148438,95.30806732177734,102.31600952148438,121718
2020-04-08,96.70965576171875,96.70965576171875,102.31600952148438,89.00091552734375,102.31600952148438,36244
2020-04-09,90.40250396728516,90.40250396728516,96.70965576171875,90.40250396728516,96.70965576171875,162957
2020-04-13,97.41044616699219,97.41044616699219,98.11124420166016,84.796142578125,90.40250396728516,12557
2020-04-14,96.00885772705078,96.00885772705078,98.11124420166016,92.50489044189453,98.11124420166016,26541
2020-04-15,98.11124420166016,98.11124420166016,100.21363067626953,96.70965576171875,96.70965576171875,17123
2020-04-16,98.8120346069336,98.8120346069336,102.31600952148438,98.11124420166016,98.11124420166016,9703
2020-04-17,95.30806732177734,95.30806732177734,105.81998443603516,95.30806732177734,105.81998443603516,5707
2020-04-20,94.60726928710938,94.60726928710938,100.21363067626953,93.20568084716797,93.90647888183594,15125
2020-04-21,89.70170593261719,89.70170593261719,94.60726928710938,88.30011749267578,91.1032943725586,4138
2020-04-22,89.70170593261719,89.70170593261719,98.11124420166016,86.19773864746094,98.11124420166016,1426
2020-04-23,85.49694061279297,85.49694061279297,90.40250396728516,85.49694061279297,89.70170593261719,33533
2020-04-24,84.09535217285156,84.09535217285156,85.49694061279297,84.09535217285156,85.49694061279297,17836
2020-04-27,82.69376373291016,82.69376373291016,84.09535217285156,82.69376373291016,84.09535217285156,14697
2020-04-28,82.69376373291016,82.69376373291016,86.89852905273438,77.08740234375,82.69376373291016,9703
2020-04-29,77.08740234375,77.08740234375,79.89058685302734,77.08740234375,79.89058685302734,161816
2020-04-30,72.18184661865234,72.18184661865234,77.08740234375,72.18184661865234,77.08740234375,487303
2020-05-04,73.58343505859375,73.58343505859375,77.08740234375,67.9770736694336,72.18184661865234,164955
2020-05-05,72.88263702392578,72.88263702392578,80.59137725830078,72.88263702392578,80.59137725830078,65354
2020-05-06,73.58343505859375,73.58343505859375,73.58343505859375,72.88263702392578,72.88263702392578,17551
2020-05-08,77.08740234375,77.08740234375,77.08740234375,70.07946014404297,73.58343505859375,12414
2020-05-11,77.08740234375,77.08740234375,77.78820037841797,73.58343505859375,77.78820037841797,1855
2020-05-12,76.38661193847656,76.38661193847656,76.38661193847656,73.58343505859375,76.38661193847656,4423
2020-05-13,76.38661193847656,76.38661193847656,76.38661193847656,76.38661193847656,76.38661193847656,8847
2020-05-14,78.48899841308594,78.48899841308594,78.48899841308594,71.48104858398438,76.38661193847656,3710
2020-05-15,74.28422546386719,74.28422546386719,78.48899841308594,73.58343505859375,78.48899841308594,428
2020-05-18,74.28422546386719,74.28422546386719,74.28422546386719,74.28422546386719,74.28422546386719,1997
2020-05-19,83.3945541381836,83.3945541381836,94.60726928710938,73.58343505859375,74.28422546386719,305653
2020-05-20,77.78820037841797,77.78820037841797,84.09535217285156,77.78820037841797,84.09535217285156,68921
2020-05-26,77.78820037841797,77.78820037841797,77.78820037841797,77.08740234375,77.78820037841797,19977
2020-05-27,77.78820037841797,77.78820037841797,77.78820037841797,77.78820037841797,77.78820037841797,1426
2020-05-28,74.98502349853516,74.98502349853516,81.29217529296875,72.88263702392578,72.88263702392578,79623
2020-05-29,74.28422546386719,74.28422546386719,78.48899841308594,73.58343505859375,74.28422546386719,30394
2020-06-02,76.38661193847656,76.38661193847656,78.48899841308594,71.48104858398438,72.18184661865234,66067
2020-06-03,72.88263702392578,72.88263702392578,75.6858139038086,72.18184661865234,72.18184661865234,44663
2020-06-04,73.58343505859375,73.58343505859375,78.48899841308594,71.48104858398438,71.48104858398438,257136
2020-06-05,74.28422546386719,74.28422546386719,77.08740234375,73.58343505859375,73.58343505859375,18693
2020-06-08,77.08740234375,77.08740234375,77.08740234375,74.98502349853516,75.6858139038086,50799
2020-06-09,77.08740234375,77.08740234375,78.48899841308594,77.08740234375,78.48899841308594,11701
2020-06-10,72.88263702392578,72.88263702392578,79.89058685302734,72.88263702392578,73.58343505859375,54937
2020-06-11,72.18184661865234,72.18184661865234,72.88263702392578,71.48104858398438,72.88263702392578,76912
2020-06-12,72.18184661865234,72.18184661865234,72.18184661865234,71.48104858398438,72.18184661865234,72631
2020-06-15,71.48104858398438,71.48104858398438,73.58343505859375,69.378662109375,70.07946014404297,55080
2020-06-16,70.07946014404297,70.07946014404297,71.48104858398438,67.27628326416016,71.48104858398438,194350
2020-06-17,70.7802505493164,70.7802505493164,72.18184661865234,70.07946014404297,70.07946014404297,153539
2020-06-18,68.67787170410156,68.67787170410156,70.7802505493164,68.67787170410156,70.7802505493164,27254
2020-06-19,67.27628326416016,67.27628326416016,70.07946014404297,67.27628326416016,68.67787170410156,30679
2020-06-22,67.27628326416016,67.27628326416016,70.07946014404297,67.27628326416016,67.27628326416016,105309
2020-06-23,71.48104858398438,71.48104858398438,71.48104858398438,67.27628326416016,67.9770736694336,73488
2020-06-24,68.67787170410156,68.67787170410156,72.18184661865234,68.67787170410156,71.48104858398438,24400
2020-06-25,71.48104858398438,71.48104858398438,74.98502349853516,70.7802505493164,74.98502349853516,69064
2020-06-26,72.18184661865234,72.18184661865234,72.18184661865234,68.67787170410156,70.07946014404297,8561
2020-06-29,67.27628326416016,67.27628326416016,70.7802505493164,67.27628326416016,70.7802505493164,160817
2020-06-30,67.27628326416016,67.27628326416016,67.9770736694336,67.27628326416016,67.9770736694336,33676
2020-07-01,65.17389678955078,65.17389678955078,70.07946014404297,65.17389678955078,65.87469482421875,95463
2020-07-02,69.378662109375,69.378662109375,69.378662109375,65.17389678955078,65.87469482421875,86045
2020-07-03,68.67787170410156,68.67787170410156,72.18184661865234,66.57548522949219,66.57548522949219,199487
2020-07-06,74.98502349853516,74.98502349853516,76.38661193847656,66.57548522949219,68.67787170410156,545808
2020-07-07,71.48104858398438,71.48104858398438,74.98502349853516,70.07946014404297,74.98502349853516,165811
2020-07-08,70.07946014404297,70.07946014404297,71.48104858398438,67.27628326416016,71.48104858398438,74058
2020-07-09,71.48104858398438,71.48104858398438,72.88263702392578,70.07946014404297,70.07946014404297,24543
2020-07-10,70.07946014404297,70.07946014404297,70.07946014404297,68.67787170410156,70.07946014404297,34532
2020-07-13,70.07946014404297,70.07946014404297,70.07946014404297,70.07946014404297,70.07946014404297,14412
2020-07-14,68.67787170410156,68.67787170410156,72.88263702392578,65.17389678955078,68.67787170410156,330481
2020-07-15,72.88263702392578,72.88263702392578,74.98502349853516,71.48104858398438,72.18184661865234,419951
2020-07-16,72.88263702392578,72.88263702392578,73.58343505859375,72.88263702392578,72.88263702392578,79338
2020-07-17,71.48104858398438,71.48104858398438,74.28422546386719,70.07946014404297,74.28422546386719,200914
2020-07-20,70.7802505493164,70.7802505493164,71.48104858398438,70.7802505493164,71.48104858398438,17694
2020-07-21,70.7802505493164,70.7802505493164,73.58343505859375,70.7802505493164,73.58343505859375,55080
2020-07-22,70.7802505493164,70.7802505493164,72.88263702392578,70.7802505493164,70.7802505493164,122147
2020-07-23,70.7802505493164,70.7802505493164,72.18184661865234,70.7802505493164,72.18184661865234,19549
2020-07-24,73.58343505859375,73.58343505859375,74.28422546386719,70.7802505493164,70.7802505493164,1402836
2020-07-27,98.8120346069336,98.8120346069336,98.8120346069336,73.58343505859375,73.58343505859375,1665395
2020-07-28,121.23746490478516,121.23746490478516,131.7493896484375,102.31600952148438,102.31600952148438,1801098
2020-07-29,112.82792663574219,112.82792663574219,123.33985137939453,112.82792663574219,121.23746490478516,486162
2020-07-30,108.62316131591797,108.62316131591797,112.12713623046875,105.11918640136719,105.11918640136719,526259
2020-08-03,101.61521911621094,101.61521911621094,108.62316131591797,101.61521911621094,108.62316131591797,887421
2020-08-04,99.51283264160156,99.51283264160156,99.51283264160156,98.11124420166016,98.11124420166016,43522
2020-08-05,99.51283264160156,99.51283264160156,99.51283264160156,96.70965576171875,99.51283264160156,59075
2020-08-06,107.92237091064453,107.92237091064453,107.92237091064453,99.51283264160156,99.51283264160156,92609
2020-08-07,102.31600952148438,102.31600952148438,107.92237091064453,102.31600952148438,102.31600952148438,154110
2020-08-10,99.51283264160156,99.51283264160156,108.62316131591797,99.51283264160156,108.62316131591797,7990
2020-08-11,104.41839599609375,104.41839599609375,105.11918640136719,99.51283264160156,99.51283264160156,30251
2020-08-12,108.62316131591797,108.62316131591797,108.62316131591797,104.41839599609375,104.41839599609375,47232
2020-08-13,109.32395935058594,109.32395935058594,112.82792663574219,108.62316131591797,108.62316131591797,173660
2020-08-14,112.12713623046875,112.12713623046875,114.22952270507812,109.32395935058594,110.02474975585938,73059
2020-08-18,125.44223022460938,125.44223022460938,126.14302825927734,112.82792663574219,112.82792663574219,682368
2020-08-19,128.2454071044922,128.2454071044922,133.8517608642578,125.44223022460938,126.14302825927734,896125
2020-08-24,126.84381866455078,126.84381866455078,133.15097045898438,122.63905334472656,128.2454071044922,112729
2020-08-25,131.048583984375,131.048583984375,135.25335693359375,128.9462127685547,133.8517608642578,248717
2020-08-26,136.6549530029297,136.6549530029297,144.3636932373047,124.74143981933594,131.048583984375,385705
2020-08-27,135.9541473388672,135.9541473388672,140.15892028808594,133.15097045898438,137.35574340820312,357165
2020-08-28,134.5525665283203,134.5525665283203,135.9541473388672,129.64700317382812,135.9541473388672,87329
2020-08-31,133.15097045898438,133.15097045898438,134.5525665283203,129.64700317382812,129.64700317382812,65068
2020-09-01,133.15097045898438,133.15097045898438,135.25335693359375,131.048583984375,135.25335693359375,49372
2020-09-02,140.15892028808594,140.15892028808594,142.96209716796875,133.15097045898438,133.15097045898438,143123
2020-09-03,137.35574340820312,137.35574340820312,140.15892028808594,137.35574340820312,140.15892028808594,38099
2020-09-04,137.35574340820312,137.35574340820312,139.4581298828125,137.35574340820312,137.35574340820312,21832
2020-09-07,133.15097045898438,133.15097045898438,137.35574340820312,133.15097045898438,137.35574340820312,34532
2020-09-08,127.54461669921875,127.54461669921875,129.64700317382812,126.14302825927734,126.14302825927734,217752
2020-09-09,135.25335693359375,135.25335693359375,135.9541473388672,124.74143981933594,127.54461669921875,203483
2020-09-10,126.14302825927734,126.14302825927734,135.25335693359375,126.14302825927734,135.25335693359375,93750
2020-09-11,128.2454071044922,128.2454071044922,135.9541473388672,119.13507843017578,129.64700317382812,282251
2020-09-14,133.15097045898438,133.15097045898438,135.25335693359375,120.53667449951172,127.54461669921875,244151
2020-09-15,125.44223022460938,125.44223022460938,133.15097045898438,125.44223022460938,133.15097045898438,138271
2020-09-16,126.14302825927734,126.14302825927734,127.54461669921875,126.14302825927734,127.54461669921875,570
2020-09-17,126.14302825927734,126.14302825927734,126.14302825927734,121.23746490478516,126.14302825927734,2140
2020-09-18,126.14302825927734,126.14302825927734,126.14302825927734,121.93826293945312,126.14302825927734,19977
2020-09-21,124.74143981933594,124.74143981933594,126.14302825927734,124.74143981933594,126.14302825927734,43664
2020-09-22,120.53667449951172,120.53667449951172,124.74143981933594,119.13507843017578,124.74143981933594,51370
2020-09-23,122.63905334472656,122.63905334472656,123.33985137939453,117.03269958496094,120.53667449951172,300373
2020-09-24,124.04064178466797,124.04064178466797,125.44223022460938,122.63905334472656,122.63905334472656,27825
2020-09-25,128.9462127685547,128.9462127685547,129.64700317382812,128.9462127685547,129.64700317382812,856
2020-09-28,126.14302825927734,126.14302825927734,128.2454071044922,126.14302825927734,128.2454071044922,1569
2020-09-29,122.63905334472656,122.63905334472656,124.74143981933594,122.63905334472656,124.74143981933594,146262
2020-09-30,124.74143981933594,124.74143981933594,126.14302825927734,124.74143981933594,126.14302825927734,5279
2020-10-01,126.14302825927734,126.14302825927734,126.14302825927734,126.14302825927734,126.14302825927734,57791
2020-10-02,125.44223022460938,125.44223022460938,126.14302825927734,125.44223022460938,126.14302825927734,12271
2020-10-05,124.74143981933594,124.74143981933594,125.44223022460938,117.73348999023438,125.44223022460938,20690
2020-10-06,125.44223022460938,125.44223022460938,125.44223022460938,122.63905334472656,124.04064178466797,144978
2020-10-07,128.2454071044922,128.2454071044922,128.9462127685547,124.04064178466797,128.9462127685547,17979
2020-10-08,126.14302825927734,126.14302825927734,126.14302825927734,126.14302825927734,126.14302825927734,14269
2020-10-09,125.44223022460938,125.44223022460938,126.14302825927734,118.43428802490234,118.43428802490234,12699
2020-10-12,126.14302825927734,126.14302825927734,128.9462127685547,124.74143981933594,124.74143981933594,323204
2020-10-13,124.74143981933594,124.74143981933594,125.44223022460938,117.73348999023438,125.44223022460938,41809
2020-10-14,124.04064178466797,124.04064178466797,125.44223022460938,123.33985137939453,124.74143981933594,249145
2020-10-15,129.64700317382812,129.64700317382812,133.8517608642578,124.04064178466797,124.04064178466797,198060
2020-10-16,129.64700317382812,129.64700317382812,133.8517608642578,129.64700317382812,133.8517608642578,2996
2020-10-19,121.23746490478516,121.23746490478516,129.64700317382812,121.23746490478516,129.64700317382812,236873
2020-10-20,125.44223022460938,125.44223022460938,131.048583984375,114.22952270507812,114.22952270507812,41381
2020-10-21,123.33985137939453,123.33985137939453,125.44223022460938,119.13507843017578,125.44223022460938,8133
2020-10-22,114.93031311035156,114.93031311035156,123.33985137939453,114.93031311035156,123.33985137939453,45662
2020-10-23,114.22952270507812,114.22952270507812,115.63111114501953,108.62316131591797,114.93031311035156,36529
2020-10-26,119.83587646484375,119.83587646484375,123.33985137939453,109.32395935058594,109.32395935058594,24686
2020-10-27,121.23746490478516,121.23746490478516,121.23746490478516,112.12713623046875,119.83587646484375,52511
2020-11-02,117.03269958496094,117.03269958496094,128.2454071044922,116.33190155029297,128.2454071044922,19406
2020-11-03,118.43428802490234,118.43428802490234,133.15097045898438,110.02474975585938,110.02474975585938,147404
2020-11-04,111.42633819580078,111.42633819580078,113.52872467041016,111.42633819580078,112.12713623046875,316925
2020-11-05,114.22952270507812,114.22952270507812,118.43428802490234,105.11918640136719,111.42633819580078,27682
2020-11-06,114.93031311035156,114.93031311035156,120.53667449951172,107.22157287597656,107.22157287597656,20690
2020-11-09,114.22952270507812,114.22952270507812,119.13507843017578,114.22952270507812,119.13507843017578,9845
2020-11-10,114.22952270507812,114.22952270507812,117.03269958496094,113.52872467041016,114.22952270507812,32677
2020-11-11,116.33190155029297,116.33190155029297,118.43428802490234,114.22952270507812,114.22952270507812,72774
2020-11-12,109.32395935058594,109.32395935058594,116.33190155029297,109.32395935058594,116.33190155029297,38527
2020-11-13,108.62316131591797,108.62316131591797,114.22952270507812,103.01680755615234,105.81998443603516,99030
2020-11-16,114.93031311035156,114.93031311035156,115.63111114501953,103.01680755615234,108.62316131591797,393267
2020-11-17,113.52872467041016,113.52872467041016,119.83587646484375,110.02474975585938,114.22952270507812,31535
2020-11-18,113.52872467041016,113.52872467041016,113.52872467041016,110.02474975585938,113.52872467041016,49515
2020-11-19,112.12713623046875,112.12713623046875,119.13507843017578,112.12713623046875,119.13507843017578,13984
2020-11-20,113.52872467041016,113.52872467041016,114.93031311035156,112.12713623046875,112.12713623046875,3852
2020-11-23,112.12713623046875,112.12713623046875,113.52872467041016,107.92237091064453,113.52872467041016,18264
2020-11-24,112.12713623046875,112.12713623046875,116.33190155029297,111.42633819580078,112.12713623046875,172518
2020-11-25,112.12713623046875,112.12713623046875,119.13507843017578,112.12713623046875,119.13507843017578,34960
2020-11-26,113.52872467041016,113.52872467041016,114.93031311035156,110.72554779052734,112.12713623046875,20548
2020-11-27,112.12713623046875,112.12713623046875,113.52872467041016,112.12713623046875,113.52872467041016,5279
2020-11-30,109.32395935058594,109.32395935058594,112.82792663574219,109.32395935058594,112.82792663574219,75771
2020-12-01,113.52872467041016,113.52872467041016,113.52872467041016,107.22157287597656,109.32395935058594,170520
2020-12-02,113.52872467041016,113.52872467041016,114.22952270507812,113.52872467041016,113.52872467041016,16695
2020-12-03,114.22952270507812,114.22952270507812,114.22952270507812,112.12713623046875,113.52872467041016,30251
2020-12-04,112.12713623046875,112.12713623046875,114.93031311035156,112.12713623046875,114.22952270507812,157535
2020-12-07,112.12713623046875,112.12713623046875,112.12713623046875,110.72554779052734,112.12713623046875,169807
2020-12-08,112.12713623046875,112.12713623046875,119.13507843017578,108.62316131591797,112.12713623046875,210760
2020-12-10,112.12713623046875,112.12713623046875,112.12713623046875,109.32395935058594,112.12713623046875,97603
2020-12-11,109.32395935058594,109.32395935058594,112.12713623046875,109.32395935058594,112.12713623046875,59503
2020-12-14,112.12713623046875,112.12713623046875,112.12713623046875,109.32395935058594,109.32395935058594,214328
2020-12-15,111.42633819580078,111.42633819580078,112.12713623046875,105.11918640136719,112.12713623046875,127426
2020-12-16,108.62316131591797,108.62316131591797,112.82792663574219,108.62316131591797,111.42633819580078,26398
2020-12-17,115.63111114501953,115.63111114501953,115.63111114501953,108.62316131591797,108.62316131591797,1729465
2020-12-18,114.93031311035156,114.93031311035156,119.13507843017578,113.52872467041016,119.13507843017578,278683
2020-12-21,124.74143981933594,124.74143981933594,126.14302825927734,114.93031311035156,114.93031311035156,277827
2020-12-22,120.53667449951172,120.53667449951172,126.14302825927734,119.13507843017578,126.14302825927734,130994
2020-12-23,124.04064178466797,124.04064178466797,126.14302825927734,120.53667449951172,120.53667449951172,215184
2020-12-28,133.15097045898438,133.15097045898438,134.5525665283203,124.04064178466797,129.64700317382812,746010
2020-12-29,151.3716278076172,151.3716278076172,161.18275451660156,133.15097045898438,133.15097045898438,1063078
2020-12-30,142.96209716796875,142.96209716796875,151.3716278076172,141.56051635742188,151.3716278076172,973609
2021-01-04,137.35574340820312,137.35574340820312,144.3636932373047,136.6549530029297,142.96209716796875,225743
2021-01-05,138.75732421875,138.75732421875,144.3636932373047,137.35574340820312,137.35574340820312,175657
2021-01-06,141.56051635742188,141.56051635742188,144.3636932373047,136.6549530029297,138.75732421875,554513
2021-01-07,147.1668701171875,147.1668701171875,154.1748046875,141.56051635742188,141.56051635742188,1257144
2021-01-08,148.56845092773438,148.56845092773438,149.9700469970703,144.3636932373047,148.56845092773438,555226
2021-01-11,144.3636932373047,144.3636932373047,148.56845092773438,141.56051635742188,148.56845092773438,192923
2021-01-12,144.3636932373047,144.3636932373047,144.3636932373047,142.96209716796875,144.3636932373047,119007
2021-01-13,147.1668701171875,147.1668701171875,149.9700469970703,140.15892028808594,144.3636932373047,317924
2021-01-14,158.37957763671875,158.37957763671875,161.18275451660156,147.1668701171875,147.1668701171875,1451780
2021-01-15,152.77322387695312,152.77322387695312,168.19070434570312,149.9700469970703,158.37957763671875,1093187
2021-01-18,151.3716278076172,151.3716278076172,154.1748046875,151.3716278076172,154.1748046875,177798
2021-01-19,145.76527404785156,145.76527404785156,154.1748046875,145.76527404785156,151.3716278076172,179795
2021-01-20,145.76527404785156,145.76527404785156,145.76527404785156,142.96209716796875,145.76527404785156,95605
2021-01-21,163.98593139648438,163.98593139648438,163.98593139648438,145.76527404785156,145.76527404785156,602887
2021-01-22,152.77322387695312,152.77322387695312,165.3875274658203,152.77322387695312,163.98593139648438,407394
2021-01-25,142.96209716796875,142.96209716796875,152.77322387695312,142.96209716796875,152.77322387695312,490728
2021-01-26,148.56845092773438,148.56845092773438,148.56845092773438,140.15892028808594,145.76527404785156,301514
2021-01-27,141.56051635742188,141.56051635742188,151.3716278076172,141.56051635742188,151.3716278076172,224459
2021-01-28,147.1668701171875,147.1668701171875,149.9700469970703,141.56051635742188,149.9700469970703,117723
2021-01-29,147.1668701171875,147.1668701171875,147.1668701171875,141.56051635742188,147.1668701171875,180794
2021-02-01,142.96209716796875,142.96209716796875,147.1668701171875,141.56051635742188,147.1668701171875,108733
2021-02-02,145.76527404785156,145.76527404785156,147.1668701171875,142.96209716796875,142.96209716796875,62928
2021-02-03,148.56845092773438,148.56845092773438,148.56845092773438,142.96209716796875,145.76527404785156,27968
2021-02-04,142.96209716796875,142.96209716796875,148.56845092773438,141.56051635742188,148.56845092773438,221605
2021-02-05,147.1668701171875,147.1668701171875,147.1668701171875,141.56051635742188,142.96209716796875,290384
2021-02-08,145.76527404785156,145.76527404785156,148.56845092773438,145.76527404785156,148.56845092773438,46090
2021-02-09,145.76527404785156,145.76527404785156,148.56845092773438,145.76527404785156,145.76527404785156,154681
2021-02-10,142.96209716796875,142.96209716796875,145.76527404785156,142.96209716796875,145.76527404785156,34104
2021-02-11,145.76527404785156,145.76527404785156,149.9700469970703,142.96209716796875,149.9700469970703,19406
2021-02-15,147.1668701171875,147.1668701171875,156.97799682617188,135.9541473388672,145.76527404785156,428513
2021-02-16,144.3636932373047,144.3636932373047,149.9700469970703,140.15892028808594,147.1668701171875,104167
2021-02-17,179.40341186523438,179.40341186523438,179.40341186523438,144.3636932373047,144.3636932373047,10104815
2021-02-18,192.01771545410156,192.01771545410156,222.85267639160156,172.39547729492188,179.40341186523438,9730097
2021-02-19,179.40341186523438,179.40341186523438,207.43519592285156,179.40341186523438,194.82089233398438,1829209
2021-02-22,169.59230041503906,169.59230041503906,179.40341186523438,168.19070434570312,179.40341186523438,1205631
2021-02-23,169.59230041503906,169.59230041503906,175.1986541748047,158.37957763671875,173.79705810546875,532681
2021-02-24,180.8050079345703,180.8050079345703,187.81295776367188,166.7891082763672,168.19070434570312,2022418
2021-02-25,222.85267639160156,222.85267639160156,224.2542724609375,182.2065887451172,183.60818481445312,9900618
2021-02-26,250.88446044921875,250.88446044921875,273.3099060058594,222.85267639160156,222.85267639160156,9813289
2021-03-01,312.55438232421875,312.55438232421875,312.55438232421875,253.68765258789062,262.09716796875,14593434
2021-03-02,388.9410095214844,388.9410095214844,388.9410095214844,322.3655090332031,322.3655090332031,18420518
2021-03-03,483.54827880859375,483.54827880859375,483.54827880859375,441.5006103515625,441.5006103515625,11277341
2021-03-04,483.54827880859375,483.54827880859375,483.54827880859375,483.54827880859375,483.54827880859375,0
2021-03-05,564.1396484375,564.1396484375,602.683349609375,483.54827880859375,508.0760803222656,35440769
2021-03-08,564.1396484375,564.1396484375,564.1396484375,564.1396484375,564.1396484375,0
2021-03-09,564.1396484375,564.1396484375,564.1396484375,564.1396484375,564.1396484375,0
2021-03-10,564.1396484375,564.1396484375,564.1396484375,564.1396484375,564.1396484375,0
2021-03-12,564.1396484375,564.1396484375,564.1396484375,564.1396484375,564.1396484375,0
2021-03-15,564.1396484375,564.1396484375,564.1396484375,564.1396484375,564.1396484375,0
2021-03-16,564.1396484375,564.1396484375,564.1396484375,564.1396484375,564.1396484375,0
2021-03-17,564.1396484375,564.1396484375,564.1396484375,564.1396484375,564.1396484375,0
2021-03-18,525.595947265625,525.595947265625,525.595947265625,525.595947265625,525.595947265625,136844
2021-03-19,490.55621337890625,490.55621337890625,490.55621337890625,490.55621337890625,490.55621337890625,128996
2021-03-22,459.0204772949219,459.0204772949219,459.0204772949219,459.0204772949219,459.0204772949219,52083
2021-03-23,427.4847106933594,427.4847106933594,427.4847106933594,427.4847106933594,427.4847106933594,38099
2021-03-24,399.4529113769531,399.4529113769531,399.4529113769531,399.4529113769531,399.4529113769531,100314
2021-03-25,374.92510986328125,374.92510986328125,374.92510986328125,374.92510986328125,374.92510986328125,1194073
2021-03-26,348.9956970214844,348.9956970214844,348.9956970214844,348.9956970214844,348.9956970214844,209904
2021-03-29,325.168701171875,325.168701171875,348.9956970214844,325.168701171875,348.9956970214844,255138
2021-03-30,302.7432556152344,302.7432556152344,381.93304443359375,302.7432556152344,325.168701171875,22427541
2021-03-31,281.71942138671875,281.71942138671875,291.5305480957031,281.71942138671875,291.5305480957031,5016020
2021-04-01,262.09716796875,262.09716796875,285.9241943359375,262.09716796875,281.71942138671875,5797847
2021-04-05,243.87652587890625,243.87652587890625,252.2860565185547,243.87652587890625,246.67970275878906,1095613
2021-04-06,227.0574493408203,227.0574493408203,243.87652587890625,227.0574493408203,238.27015686035156,1945933
2021-04-07,236.8685760498047,236.8685760498047,270.5067138671875,211.6399688720703,227.0574493408203,20424386
2021-04-08,248.08128356933594,248.08128356933594,273.3099060058594,221.4510955810547,238.27015686035156,22631595
2021-04-09,242.4749298095703,242.4749298095703,259.29400634765625,235.46697998046875,252.2860565185547,6630616
2021-04-12,241.07334899902344,241.07334899902344,252.2860565185547,231.26222229003906,243.87652587890625,3820662
2021-04-13,227.0574493408203,227.0574493408203,238.27015686035156,224.2542724609375,238.27015686035156,2355183
2021-04-14,228.45904541015625,228.45904541015625,242.4749298095703,227.0574493408203,227.0574493408203,1307373
2021-04-15,227.0574493408203,227.0574493408203,235.46697998046875,221.4510955810547,232.66380310058594,1568647
2021-04-16,224.2542724609375,224.2542724609375,229.86062622070312,221.4510955810547,228.45904541015625,699063
2021-04-19,217.24632263183594,217.24632263183594,227.0574493408203,208.8367919921875,224.2542724609375,827061
2021-04-20,214.44314575195312,214.44314575195312,221.4510955810547,211.6399688720703,217.24632263183594,330481
2021-04-21,215.84474182128906,215.84474182128906,218.64791870117188,211.6399688720703,214.44314575195312,351172
2021-04-22,211.6399688720703,211.6399688720703,215.84474182128906,208.8367919921875,215.84474182128906,333906
2021-04-23,210.23837280273438,210.23837280273438,214.44314575195312,208.8367919921875,211.6399688720703,293381
2021-04-26,201.82884216308594,201.82884216308594,210.23837280273438,199.02566528320312,210.23837280273438,401829
2021-04-27,203.23043823242188,203.23043823242188,217.24632263183594,200.42726135253906,200.42726135253906,1490593
2021-04-28,200.42726135253906,200.42726135253906,207.43519592285156,197.62408447265625,203.23043823242188,1120727
2021-04-29,218.64791870117188,218.64791870117188,218.64791870117188,200.42726135253906,200.42726135253906,3951086
2021-04-30,236.8685760498047,236.8685760498047,243.87652587890625,218.64791870117188,224.2542724609375,8511053
2021-05-03,295.7353210449219,295.7353210449219,295.7353210449219,236.8685760498047,243.87652587890625,10043313
2021-05-04,367.91717529296875,367.91717529296875,367.91717529296875,302.7432556152344,333.5782165527344,20041678
2021-05-05,343.38934326171875,343.38934326171875,459.0204772949219,343.38934326171875,399.4529113769531,27504635
2021-05-06,319.5623474121094,319.5623474121094,343.38934326171875,319.5623474121094,343.38934326171875,607738
2021-05-07,399.4529113769531,399.4529113769531,399.4529113769531,298.53851318359375,319.5623474121094,31108259
2021-05-10,437.9966125488281,437.9966125488281,476.5403137207031,399.4529113769531,420.47674560546875,24555126
2021-05-11,409.96484375,409.96484375,434.4926452636719,409.96484375,413.46881103515625,1979039
2021-05-17,381.93304443359375,381.93304443359375,402.9569091796875,381.93304443359375,402.9569091796875,252855
2021-05-18,357.4052429199219,357.4052429199219,413.46881103515625,357.4052429199219,357.4052429199219,5477496
2021-05-19,353.9012756347656,353.9012756347656,371.421142578125,334.9798278808594,360.9092102050781,1789968
2021-05-20,347.5941162109375,347.5941162109375,353.9012756347656,330.7750549316406,353.9012756347656,2509294
2021-05-21,357.4052429199219,357.4052429199219,430.9886779785156,340.586181640625,347.5941162109375,12829151
2021-05-24,333.5782165527344,333.5782165527344,367.91717529296875,333.5782165527344,367.91717529296875,3686529
2021-05-25,311.1528015136719,311.1528015136719,326.5702819824219,311.1528015136719,313.95599365234375,2477330
2021-05-27,312.55438232421875,312.55438232421875,327.97186279296875,298.53851318359375,312.55438232421875,2449219
2021-05-28,308.349609375,308.349609375,319.5623474121094,291.5305480957031,312.55438232421875,2978476
2021-05-31,339.1846008300781,339.1846008300781,364.4131774902344,301.3416748046875,308.349609375,6719657
2021-06-02,353.9012756347656,353.9012756347656,385.4370422363281,346.1925354003906,357.4052429199219,9119647
2021-06-03,360.9092102050781,360.9092102050781,364.4131774902344,353.9012756347656,357.4052429199219,1501723
2021-06-04,413.46881103515625,413.46881103515625,445.00457763671875,350.3973083496094,360.9092102050781,9484947
2021-06-07,385.4370422363281,385.4370422363281,427.4847106933594,385.4370422363281,420.47674560546875,3027848
2021-06-08,374.92510986328125,374.92510986328125,399.4529113769531,360.9092102050781,385.4370422363281,3227621
2021-06-09,371.421142578125,371.421142578125,388.9410095214844,348.9956970214844,364.4131774902344,2879873
2021-06-10,436.3112487792969,436.3112487792969,449.7067565917969,346.3699035644531,371.2472839355469,6017519
2021-06-11,449.7067565917969,449.7067565917969,516.6843872070312,442.05218505859375,442.05218505859375,3161922
2021-06-14,438.2248840332031,438.2248840332031,451.62042236328125,438.2248840332031,449.7067565917969,508767
2021-06-15,407.6065673828125,407.6065673828125,443.9658203125,407.6065673828125,438.2248840332031,929952
2021-06-16,380.8155212402344,380.8155212402344,407.6065673828125,380.8155212402344,407.6065673828125,537508
2021-06-17,355.9381103515625,355.9381103515625,355.9381103515625,355.9381103515625,355.9381103515625,379067
2021-06-18,331.06072998046875,331.06072998046875,331.06072998046875,331.06072998046875,331.06072998046875,523189
2021-06-21,308.09698486328125,308.09698486328125,308.09698486328125,308.09698486328125,308.09698486328125,377081
2021-06-22,287.046875,287.046875,287.046875,287.046875,287.046875,5738156
2021-06-23,267.910400390625,267.910400390625,267.910400390625,267.910400390625,267.910400390625,2799159
2021-06-24,250.68759155273438,250.68759155273438,250.68759155273438,250.68759155273438,250.68759155273438,1495261
2021-06-25,233.46478271484375,233.46478271484375,233.46478271484375,233.46478271484375,233.46478271484375,1513446
2021-06-28,218.15562438964844,218.15562438964844,241.11936950683594,218.15562438964844,218.15562438964844,177561803
2021-06-29,212.41468811035156,212.41468811035156,227.72384643554688,204.76010131835938,218.15562438964844,27511987
2021-06-30,210.50103759765625,210.50103759765625,235.37843322753906,210.50103759765625,212.41468811035156,58095390
2021-07-01,197.1055145263672,197.1055145263672,210.50103759765625,197.1055145263672,210.50103759765625,14881123
2021-07-02,183.70999145507812,183.70999145507812,183.70999145507812,183.70999145507812,183.70999145507812,4744033
2021-07-05,171.27130126953125,171.27130126953125,171.27130126953125,171.27130126953125,171.27130126953125,10666446
2021-07-06,159.7894287109375,159.7894287109375,167.44400024414062,159.7894287109375,163.61671447753906,142360932
2021-07-07,214.3283233642578,214.3283233642578,214.3283233642578,160.74624633789062,160.74624633789062,478875453
2021-07-08,258.3421936035156,258.3421936035156,267.910400390625,223.8965606689453,231.5511474609375,959622830
2021-07-09,241.11936950683594,241.11936950683594,267.910400390625,241.11936950683594,258.3421936035156,127129900
2021-07-12,225.81021118164062,225.81021118164062,231.5511474609375,225.81021118164062,225.81021118164062,132209732
2021-07-13,225.81021118164062,225.81021118164062,256.42852783203125,210.50103759765625,210.50103759765625,524473128
2021-07-14,218.15562438964844,218.15562438964844,237.29208374023438,210.50103759765625,229.6374969482422,92997460
2021-07-15,223.8965606689453,223.8965606689453,233.46478271484375,210.50103759765625,218.15562438964844,121638811
2021-07-16,214.3283233642578,214.3283233642578,227.72384643554688,214.3283233642578,227.72384643554688,48483580
2021-07-19,208.58738708496094,208.58738708496094,218.15562438964844,206.6737518310547,214.3283233642578,44645670
2021-07-21,214.3283233642578,214.3283233642578,218.15562438964844,206.6737518310547,208.58738708496094,42224741
2021-07-22,218.15562438964844,218.15562438964844,223.8965606689453,214.3283233642578,214.3283233642578,41816411
2021-07-23,214.3283233642578,214.3283233642578,221.98291015625,212.41468811035156,218.15562438964844,22063017
2021-07-26,221.98291015625,221.98291015625,233.46478271484375,212.41468811035156,214.3283233642578,80187984
2021-07-27,216.24197387695312,216.24197387695312,225.81021118164062,214.3283233642578,221.98291015625,42326432
2021-07-28,214.3283233642578,214.3283233642578,221.98291015625,212.41468811035156,216.24197387695312,27310069
2021-07-29,223.8965606689453,223.8965606689453,241.11936950683594,214.3283233642578,218.15562438964844,202008125
2021-07-30,252.6012420654297,252.6012420654297,279.39227294921875,223.8965606689453,225.81021118164062,692951433
2021-08-02,239.20571899414062,239.20571899414062,262.1694641113281,237.29208374023438,260.2558288574219,148789603
2021-08-03,267.910400390625,267.910400390625,281.3059387207031,235.37843322753906,235.37843322753906,374231218
2021-08-04,334.88800048828125,334.88800048828125,334.88800048828125,269.8240661621094,269.8240661621094,495308588
2021-08-05,325.3197937011719,325.3197937011719,375.0745849609375,315.7515563964844,344.45623779296875,443389053
2021-08-06,313.8379211425781,313.8379211425781,346.3699035644531,306.1833190917969,327.2334289550781,168760070
2021-08-09,302.3560485839844,302.3560485839844,344.45623779296875,294.7014465332031,315.7515563964844,163502671
2021-08-10,292.7878112792969,292.7878112792969,315.7515563964844,285.1332092285156,302.3560485839844,64093888
2021-08-12,321.49249267578125,321.49249267578125,331.06072998046875,287.046875,292.7878112792969,205958072
2021-08-13,300.4423828125,300.4423828125,327.2334289550781,300.4423828125,319.578857421875,58831681
2021-08-16,281.3059387207031,281.3059387207031,300.4423828125,281.3059387207031,285.1332092285156,28893121
2021-08-18,262.1694641113281,262.1694641113281,277.4786376953125,262.1694641113281,267.910400390625,76048869
2021-08-19,244.9466552734375,244.9466552734375,260.2558288574219,244.9466552734375,260.2558288574219,28987496
2021-08-20,244.9466552734375,244.9466552734375,262.1694641113281,229.6374969482422,237.29208374023438,96578792
2021-08-23,294.7014465332031,294.7014465332031,302.3560485839844,244.9466552734375,246.8603057861328,150302422
2021-08-24,283.2195739746094,283.2195739746094,298.52874755859375,275.56500244140625,294.7014465332031,99797256
2021-08-25,292.7878112792969,292.7878112792969,310.0106201171875,279.39227294921875,285.1332092285156,161311774
2021-08-26,273.6513366699219,273.6513366699219,296.6151123046875,273.6513366699219,294.7014465332031,61835476
2021-08-27,256.42852783203125,256.42852783203125,279.39227294921875,254.514892578125,271.7377014160156,33420918
2021-08-30,256.42852783203125,256.42852783203125,271.7377014160156,256.42852783203125,258.3421936035156,21123553
2021-08-31,258.3421936035156,258.3421936035156,264.0831298828125,256.42852783203125,256.42852783203125,12888069
2021-09-01,256.42852783203125,256.42852783203125,267.910400390625,256.42852783203125,260.2558288574219,19660691
2021-09-02,248.77395629882812,248.77395629882812,260.2558288574219,246.8603057861328,256.42852783203125,15799684
2021-09-03,250.68759155273438,250.68759155273438,256.42852783203125,239.20571899414062,248.77395629882812,19468597
2021-09-06,256.42852783203125,256.42852783203125,256.42852783203125,243.03302001953125,252.6012420654297,18452840
2021-09-07,252.6012420654297,252.6012420654297,262.1694641113281,248.77395629882812,258.3421936035156,14743062
2021-09-08,246.8603057861328,246.8603057861328,258.3421936035156,243.03302001953125,252.6012420654297,11247222
2021-09-09,239.20571899414062,239.20571899414062,250.68759155273438,233.46478271484375,246.8603057861328,12055731
2021-09-10,248.77395629882812,248.77395629882812,256.42852783203125,229.6374969482422,239.20571899414062,30085086
2021-09-13,252.6012420654297,252.6012420654297,252.6012420654297,241.11936950683594,250.68759155273438,17470422
2021-09-14,252.6012420654297,252.6012420654297,267.910400390625,252.6012420654297,256.42852783203125,72141668
2021-09-15,243.03302001953125,243.03302001953125,256.42852783203125,241.11936950683594,256.42852783203125,18922310
2021-09-16,244.9466552734375,244.9466552734375,250.68759155273438,243.03302001953125,243.03302001953125,10189659
2021-09-17,243.03302001953125,243.03302001953125,248.77395629882812,241.11936950683594,244.9466552734375,6749315
2021-09-20,239.20571899414062,239.20571899414062,246.8603057861328,239.20571899414062,243.03302001953125,9385226
2021-09-21,233.46478271484375,233.46478271484375,239.20571899414062,231.5511474609375,239.20571899414062,6080644
2021-09-22,235.37843322753906,235.37843322753906,243.03302001953125,233.46478271484375,233.46478271484375,6071029
2021-09-23,233.46478271484375,233.46478271484375,239.20571899414062,231.5511474609375,237.29208374023438,4586115
2021-09-24,218.15562438964844,218.15562438964844,233.46478271484375,218.15562438964844,233.46478271484375,21488093
2021-09-27,204.76010131835938,204.76010131835938,218.15562438964844,204.76010131835938,216.24197387695312,28736874
2021-09-28,191.3645782470703,191.3645782470703,206.6737518310547,191.3645782470703,204.76010131835938,29029614
2021-09-29,204.76010131835938,204.76010131835938,221.98291015625,184.6668243408203,191.3645782470703,78365599
2021-09-30,197.1055145263672,197.1055145263672,206.6737518310547,195.19186401367188,206.6737518310547,8781771
2021-10-01,199.0191650390625,199.0191650390625,200.9328155517578,195.19186401367188,197.1055145263672,5180791
2021-10-04,204.76010131835938,204.76010131835938,206.6737518310547,195.19186401367188,199.0191650390625,10840355
2021-10-05,195.19186401367188,195.19186401367188,206.6737518310547,191.3645782470703,202.84645080566406,9713605
2021-10-06,193.27822875976562,193.27822875976562,204.76010131835938,189.450927734375,195.19186401367188,19735731
2021-10-07,197.1055145263672,197.1055145263672,204.76010131835938,193.27822875976562,195.19186401367188,11925822
2021-10-08,197.1055145263672,197.1055145263672,202.84645080566406,197.1055145263672,200.9328155517578,4999566
2021-10-11,193.27822875976562,193.27822875976562,200.9328155517578,191.3645782470703,199.0191650390625,6121404
2021-10-12,189.450927734375,189.450927734375,195.19186401367188,188.49411010742188,193.27822875976562,7620218
2021-10-13,189.450927734375,189.450927734375,195.19186401367188,186.58045959472656,189.450927734375,10937656
2021-10-14,188.49411010742188,188.49411010742188,193.27822875976562,186.58045959472656,189.450927734375,6549801
2021-10-15,195.19186401367188,195.19186401367188,214.3283233642578,188.49411010742188,191.3645782470703,91059484
2021-10-18,200.9328155517578,200.9328155517578,202.84645080566406,193.27822875976562,197.1055145263672,21346165
2021-10-19,197.1055145263672,197.1055145263672,208.58738708496094,197.1055145263672,200.9328155517578,17055611
2021-10-21,200.9328155517578,200.9328155517578,206.6737518310547,195.19186401367188,199.0191650390625,15178880
2021-10-22,200.9328155517578,200.9328155517578,204.76010131835938,197.1055145263672,204.76010131835938,8923176
2021-10-25,216.24197387695312,216.24197387695312,216.24197387695312,200.9328155517578,200.9328155517578,43890880
2021-10-26,204.76010131835938,204.76010131835938,223.8965606689453,202.84645080566406,220.0692596435547,56213223
2021-10-27,193.27822875976562,193.27822875976562,208.58738708496094,193.27822875976562,204.76010131835938,31588708
2021-10-28,193.27822875976562,193.27822875976562,197.1055145263672,189.450927734375,193.27822875976562,17405101
2021-10-29,191.3645782470703,191.3645782470703,195.19186401367188,190.4077606201172,193.27822875976562,17555495
2021-11-01,191.3645782470703,191.3645782470703,195.19186401367188,189.450927734375,193.27822875976562,7789424
2021-11-02,190.4077606201172,190.4077606201172,195.19186401367188,190.4077606201172,191.3645782470703,8807899
2021-11-03,190.4077606201172,190.4077606201172,193.27822875976562,190.4077606201172,190.4077606201172,7073827
2021-11-04,190.4077606201172,190.4077606201172,191.3645782470703,189.450927734375,191.3645782470703,8397374
2021-11-05,188.49411010742188,188.49411010742188,195.19186401367188,188.49411010742188,191.3645782470703,75085054
2021-11-08,191.3645782470703,191.3645782470703,195.19186401367188,188.49411010742188,189.450927734375,132492230
2021-11-09,189.450927734375,189.450927734375,195.19186401367188,188.49411010742188,191.3645782470703,53069591
2021-11-10,187.53729248046875,187.53729248046875,190.4077606201172,186.58045959472656,190.4077606201172,22371642
2021-11-11,180.8395233154297,180.8395233154297,188.49411010742188,176.055419921875,187.53729248046875,42052714
2021-11-12,182.753173828125,182.753173828125,188.49411010742188,179.88270568847656,181.79635620117188,23227077
2021-11-15,183.70999145507812,183.70999145507812,187.53729248046875,179.88270568847656,182.753173828125,18324603
2021-11-16,181.79635620117188,181.79635620117188,186.58045959472656,180.8395233154297,183.70999145507812,20123055
2021-11-17,181.79635620117188,181.79635620117188,185.62364196777344,178.92588806152344,181.79635620117188,18217686
2021-11-18,180.8395233154297,180.8395233154297,182.753173828125,179.88270568847656,182.753173828125,10162068
2021-11-19,181.79635620117188,181.79635620117188,187.53729248046875,180.8395233154297,180.8395233154297,28083357
2021-11-22,179.88270568847656,179.88270568847656,185.62364196777344,179.88270568847656,181.79635620117188,7502328
2021-11-23,178.92588806152344,178.92588806152344,181.79635620117188,177.01223754882812,179.88270568847656,9352827
2021-11-24,178.92588806152344,178.92588806152344,180.8395233154297,177.96905517578125,178.92588806152344,8262553
2021-11-25,176.055419921875,176.055419921875,180.8395233154297,176.055419921875,179.88270568847656,5566024
2021-11-26,168.4008331298828,168.4008331298828,177.01223754882812,168.4008331298828,176.055419921875,18145050
2021-11-29,169.35765075683594,169.35765075683594,177.01223754882812,162.65989685058594,168.4008331298828,10432651
2021-11-30,169.35765075683594,169.35765075683594,174.1417694091797,168.4008331298828,168.4008331298828,6332415
2021-12-01,165.53036499023438,165.53036499023438,171.27130126953125,164.5735321044922,170.31446838378906,7190776
2021-12-02,168.4008331298828,168.4008331298828,169.35765075683594,164.5735321044922,165.53036499023438,4540756
2021-12-03,168.4008331298828,168.4008331298828,170.31446838378906,166.4871826171875,166.4871826171875,3479954
2021-12-06,171.27130126953125,171.27130126953125,173.1849365234375,168.4008331298828,168.4008331298828,5577207
2021-12-07,177.01223754882812,177.01223754882812,188.49411010742188,170.31446838378906,171.27130126953125,78748533
2021-12-08,178.92588806152344,178.92588806152344,187.53729248046875,177.01223754882812,171.27130126953125,30449731
2021-12-09,177.96905517578125,177.96905517578125,180.8395233154297,176.055419921875,180.8395233154297,17840501
2021-12-10,177.01223754882812,177.01223754882812,183.70999145507812,177.01223754882812,177.96905517578125,57617141
2021-12-13,181.79635620117188,181.79635620117188,191.3645782470703,176.055419921875,181.79635620117188,590566760
2021-12-14,177.01223754882812,177.01223754882812,186.58045959472656,169.35765075683594,185.62364196777344,316588158
2021-12-15,178.92588806152344,178.92588806152344,188.49411010742188,175.0985870361328,177.01223754882812,405264025
2021-12-16,171.27130126953125,171.27130126953125,184.6668243408203,170.31446838378906,180.8395233154297,196432485
2021-12-17,172.22811889648438,172.22811889648438,178.92588806152344,168.4008331298828,171.27130126953125,122747898
2021-12-20,168.4008331298828,168.4008331298828,175.0985870361328,168.4008331298828,172.22811889648438,54205433
2021-12-21,166.4871826171875,166.4871826171875,172.22811889648438,164.5735321044922,169.35765075683594,44465804
2021-12-22,163.61671447753906,163.61671447753906,169.35765075683594,162.65989685058594,168.4008331298828,39282504
2021-12-23,155.96212768554688,155.96212768554688,164.5735321044922,155.96212768554688,163.61671447753906,64888915
2021-12-24,157.8757781982422,157.8757781982422,160.74624633789062,153.09165954589844,156.91896057128906,49371205
2021-12-27,156.91896057128906,156.91896057128906,160.74624633789062,155.00531005859375,157.8757781982422,17672862
2021-12-28,165.53036499023438,165.53036499023438,175.0985870361328,158.8325958251953,159.7894287109375,165789405
2021-12-29,162.65989685058594,162.65989685058594,168.4008331298828,160.74624633789062,167.44400024414062,37067779
2021-12-30,158.8325958251953,158.8325958251953,164.5735321044922,158.8325958251953,164.5735321044922,17043070
2022-01-03,158.8325958251953,158.8325958251953,159.7894287109375,155.00531005859375,158.8325958251953,28467023
2022-01-04,158.8325958251953,158.8325958251953,161.70306396484375,156.91896057128906,158.8325958251953,16717827
2022-01-05,159.7894287109375,159.7894287109375,164.5735321044922,158.8325958251953,158.8325958251953,23942675
2022-01-06,156.91896057128906,156.91896057128906,161.70306396484375,155.00531005859375,161.70306396484375,23610325
2022-01-07,153.09165954589844,153.09165954589844,158.8325958251953,152.1348419189453,157.8757781982422,27629250
2022-01-10,146.39390563964844,146.39390563964844,155.00531005859375,143.5234375,155.00531005859375,35020064
2022-01-11,138.73931884765625,138.73931884765625,147.35072326660156,137.78250122070312,146.39390563964844,38883684
2022-01-12,131.08473205566406,131.08473205566406,139.69613647460938,130.12791442871094,136.82566833496094,29798931
2022-01-13,159.7894287109375,159.7894287109375,171.27130126953125,126.30062103271484,131.08473205566406,393721345
2022-01-14,152.1348419189453,152.1348419189453,165.53036499023438,151.1780242919922,159.7894287109375,71432759
2022-01-17,141.6097869873047,141.6097869873047,152.1348419189453,141.6097869873047,152.1348419189453,63119935
2022-01-18,164.5735321044922,164.5735321044922,166.4871826171875,139.69613647460938,141.6097869873047,245259702
2022-01-19,159.7894287109375,159.7894287109375,168.4008331298828,154.04849243164062,168.4008331298828,179888044
2022-01-20,157.8757781982422,157.8757781982422,167.44400024414062,157.8757781982422,159.7894287109375,65730554
2022-01-21,155.96212768554688,155.96212768554688,161.70306396484375,153.09165954589844,157.8757781982422,42009028
2022-01-24,150.22119140625,150.22119140625,159.7894287109375,149.26437377929688,157.8757781982422,34586128
2022-01-25,142.5666046142578,142.5666046142578,149.26437377929688,142.5666046142578,149.26437377929688,38405226
2022-01-26,144.48025512695312,144.48025512695312,150.22119140625,137.78250122070312,142.5666046142578,37909836
2022-01-27,142.5666046142578,142.5666046142578,146.39390563964844,142.5666046142578,144.48025512695312,12440024
2022-01-28,145.43707275390625,145.43707275390625,150.22119140625,142.5666046142578,142.5666046142578,33918920
2022-01-31,150.22119140625,150.22119140625,157.8757781982422,145.43707275390625,146.39390563964844,76429190
2022-02-02,150.22119140625,150.22119140625,155.00531005859375,150.22119140625,150.22119140625,31522656
2022-02-03,152.1348419189453,152.1348419189453,160.74624633789062,148.30755615234375,151.1780242919922,63239080
2022-02-04,155.00531005859375,155.00531005859375,161.70306396484375,151.1780242919922,153.09165954589844,83782693
2022-02-07,155.00531005859375,155.00531005859375,159.7894287109375,154.04849243164062,156.91896057128906,32707411
2022-02-08,162.65989685058594,162.65989685058594,162.65989685058594,155.00531005859375,156.91896057128906,68905541
2022-02-09,158.8325958251953,158.8325958251953,168.4008331298828,157.8757781982422,164.5735321044922,90778450
2022-02-10,163.61671447753906,163.61671447753906,163.61671447753906,159.7894287109375,159.7894287109375,36837224
2022-02-11,164.5735321044922,164.5735321044922,168.4008331298828,160.74624633789062,163.61671447753906,44421595
2022-02-14,153.09165954589844,153.09165954589844,166.4871826171875,153.09165954589844,164.5735321044922,42058880
2022-02-15,153.09165954589844,153.09165954589844,156.91896057128906,146.39390563964844,153.09165954589844,40163127
2022-02-16,161.70306396484375,161.70306396484375,162.65989685058594,151.1780242919922,153.09165954589844,34472210
2022-02-17,155.00531005859375,155.00531005859375,164.5735321044922,155.00531005859375,162.65989685058594,29004949
2022-02-18,158.8325958251953,158.8325958251953,161.70306396484375,155.00531005859375,155.00531005859375,22012851
2022-02-21,157.8757781982422,157.8757781982422,161.70306396484375,155.96212768554688,159.7894287109375,14280699
2022-02-22,152.1348419189453,152.1348419189453,158.8325958251953,151.1780242919922,157.8757781982422,21077881
2022-02-23,150.22119140625,150.22119140625,154.04849243164062,148.30755615234375,152.1348419189453,31090706
2022-02-24,140.65296936035156,140.65296936035156,152.1348419189453,140.65296936035156,149.26437377929688,46861545
2022-02-25,141.6097869873047,141.6097869873047,147.35072326660156,137.78250122070312,143.5234375,16847004
2022-03-01,142.5666046142578,142.5666046142578,147.35072326660156,141.6097869873047,141.6097869873047,9797424
2022-03-02,139.69613647460938,139.69613647460938,144.48025512695312,139.69613647460938,143.5234375,13586631
2022-03-04,133.9552001953125,133.9552001953125,141.6097869873047,132.04156494140625,140.65296936035156,21637337
2022-03-07,130.12791442871094,130.12791442871094,133.9552001953125,127.2574462890625,133.9552001953125,20127131
2022-03-08,129.1710968017578,129.1710968017578,135.8688507080078,128.21426391601562,130.12791442871094,18671375
2022-03-09,131.08473205566406,131.08473205566406,134.9120330810547,129.1710968017578,130.12791442871094,14229279
2022-03-10,135.8688507080078,135.8688507080078,136.82566833496094,130.12791442871094,131.08473205566406,10312462
2022-03-11,133.9552001953125,133.9552001953125,136.82566833496094,132.04156494140625,135.8688507080078,9160420
2022-03-14,134.9120330810547,134.9120330810547,137.78250122070312,133.9552001953125,133.9552001953125,8524357
2022-03-15,130.12791442871094,130.12791442871094,140.65296936035156,129.1710968017578,134.9120330810547,25409926
2022-03-16,133.9552001953125,133.9552001953125,136.82566833496094,130.12791442871094,130.12791442871094,14145877
2022-03-17,131.08473205566406,131.08473205566406,135.8688507080078,131.08473205566406,133.9552001953125,10473829
2022-03-18,132.04156494140625,132.04156494140625,137.78250122070312,131.08473205566406,131.08473205566406,17104628
2022-03-21,132.04156494140625,132.04156494140625,134.9120330810547,132.04156494140625,132.99838256835938,7562319
2022-03-22,134.9120330810547,134.9120330810547,137.78250122070312,132.04156494140625,132.04156494140625,18516174
2022-03-23,133.9552001953125,133.9552001953125,136.82566833496094,133.9552001953125,135.8688507080078,7288600
2022-03-24,132.99838256835938,132.99838256835938,135.8688507080078,132.99838256835938,133.9552001953125,3942840
2022-03-25,131.08473205566406,131.08473205566406,135.8688507080078,131.08473205566406,133.9552001953125,5781320
2022-03-28,131.08473205566406,131.08473205566406,135.8688507080078,130.12791442871094,131.08473205566406,12150837
2022-03-29,131.08473205566406,131.08473205566406,133.9552001953125,130.12791442871094,132.04156494140625,14754559
2022-03-30,134.9120330810547,134.9120330810547,139.69613647460938,132.04156494140625,132.99838256835938,41770634
2022-03-31,139.69613647460938,139.69613647460938,146.39390563964844,132.99838256835938,135.8688507080078,82125229
2022-04-01,139.69613647460938,139.69613647460938,146.39390563964844,136.82566833496094,140.65296936035156,33465127
2022-04-04,135.8688507080078,135.8688507080078,140.65296936035156,132.99838256835938,140.65296936035156,16793703
2022-04-05,136.82566833496094,136.82566833496094,138.73931884765625,133.9552001953125,135.8688507080078,8434058
2022-04-06,133.9552001953125,133.9552001953125,137.78250122070312,132.99838256835938,137.78250122070312,14387720
2022-04-07,133.9552001953125,133.9552001953125,136.82566833496094,132.04156494140625,133.9552001953125,11885167
2022-04-08,132.99838256835938,132.99838256835938,134.9120330810547,132.04156494140625,133.9552001953125,7018017
2022-04-11,127.2574462890625,127.2574462890625,133.9552001953125,127.2574462890625,132.99838256835938,27839321
2022-04-12,126.30062103271484,126.30062103271484,129.1710968017578,124.38697814941406,127.2574462890625,8549335
2022-04-13,126.30062103271484,126.30062103271484,129.1710968017578,123.4301528930664,126.30062103271484,7696304
2022-04-14,123.4301528930664,123.4301528930664,128.21426391601562,123.4301528930664,127.2574462890625,7849205
2022-04-18,123.4301528930664,123.4301528930664,127.2574462890625,123.4301528930664,125.34379577636719,8006915
2022-04-19,123.4301528930664,123.4301528930664,125.34379577636719,121.51651000976562,123.4301528930664,8354210
2022-04-20,125.34379577636719,125.34379577636719,128.21426391601562,122.47332763671875,124.38697814941406,16676544
2022-04-21,122.47332763671875,122.47332763671875,126.30062103271484,121.51651000976562,125.34379577636719,8512024
2022-04-22,120.55968475341797,120.55968475341797,123.4301528930664,119.60285949707031,121.51651000976562,7904179
2022-04-25,117.68921661376953,117.68921661376953,121.51651000976562,116.73239135742188,120.55968475341797,4256587
2022-04-26,116.73239135742188,116.73239135742188,118.64604187011719,115.77557373046875,117.68921661376953,4844052
2022-04-27,118.64604187011719,118.64604187011719,122.47332763671875,115.77557373046875,116.73239135742188,13258984
2022-04-28,119.60285949707031,119.60285949707031,121.51651000976562,119.60285949707031,120.55968475341797,3358824
2022-05-09,115.77557373046875,115.77557373046875,121.51651000976562,111.94828033447266,119.60285949707031,10551691
2022-05-10,111.94828033447266,111.94828033447266,115.77557373046875,110.03462982177734,115.77557373046875,6201565
2022-05-11,114.8187484741211,114.8187484741211,117.68921661376953,112.90510559082031,112.90510559082031,5253114
2022-05-12,110.03462982177734,110.03462982177734,116.73239135742188,110.03462982177734,114.8187484741211,9275906
2022-05-13,110.03462982177734,110.03462982177734,112.90510559082031,110.03462982177734,110.03462982177734,5924398
2022-05-17,110.991455078125,110.991455078125,112.90510559082031,109.07781219482422,110.991455078125,6382058
2022-05-18,110.991455078125,110.991455078125,113.86192321777344,110.03462982177734,110.991455078125,8847405
2022-05-19,113.86192321777344,113.86192321777344,117.68921661376953,109.07781219482422,110.991455078125,25488729
2022-05-20,121.51651000976562,121.51651000976562,122.47332763671875,112.90510559082031,113.86192321777344,27340273
2022-05-23,120.55968475341797,120.55968475341797,124.38697814941406,118.64604187011719,122.47332763671875,9827001
2022-05-24,119.60285949707031,119.60285949707031,123.4301528930664,117.68921661376953,120.55968475341797,5476457
2022-05-25,118.64604187011719,118.64604187011719,120.55968475341797,117.68921661376953,119.60285949707031,5280601
2022-05-27,118.64604187011719,118.64604187011719,120.55968475341797,115.77557373046875,119.60285949707031,8588109
2022-05-30,118.64604187011719,118.64604187011719,120.55968475341797,117.68921661376953,118.64604187011719,3593036
2022-05-31,121.51651000976562,121.51651000976562,123.4301528930664,118.64604187011719,118.64604187011719,8911053
2022-06-02,117.68921661376953,117.68921661376953,123.4301528930664,116.73239135742188,122.47332763671875,12007446
2022-06-03,119.60285949707031,119.60285949707031,120.55968475341797,117.68921661376953,119.60285949707031,6431179
2022-06-06,118.64604187011719,118.64604187011719,120.55968475341797,115.77557373046875,120.55968475341797,5258130
2022-06-07,121.51651000976562,121.51651000976562,128.21426391601562,116.73239135742188,118.64604187011719,42258603
2022-06-08,119.60285949707031,119.60285949707031,124.38697814941406,119.60285949707031,121.51651000976562,7416001
2022-06-09,118.64604187011719,118.64604187011719,123.4301528930664,118.64604187011719,121.51651000976562,5667297
2022-06-10,124.38697814941406,124.38697814941406,126.30062103271484,118.64604187011719,119.60285949707031,31455246
2022-06-13,121.51651000976562,121.51651000976562,132.99838256835938,120.55968475341797,125.34379577636719,48757925
2022-06-14,118.64604187011719,118.64604187011719,121.51651000976562,116.73239135742188,121.51651000976562,11616987
2022-06-15,117.68921661376953,117.68921661376953,121.51651000976562,116.73239135742188,119.60285949707031,5512932
2022-06-16,118.64604187011719,118.64604187011719,121.51651000976562,117.68921661376953,117.68921661376953,5437892
2022-06-17,112.90510559082031,112.90510559082031,118.64604187011719,110.991455078125,118.64604187011719,16210209
2022-06-20,114.8187484741211,114.8187484741211,116.73239135742188,112.90510559082031,112.90510559082031,6394600
2022-06-21,115.77557373046875,115.77557373046875,120.55968475341797,114.8187484741211,114.8187484741211,6298448
2022-06-22,116.73239135742188,116.73239135742188,117.68921661376953,113.86192321777344,116.73239135742188,5302339
2022-06-23,115.77557373046875,115.77557373046875,120.55968475341797,114.8187484741211,116.73239135742188,4452966
2022-06-24,116.73239135742188,116.73239135742188,117.68921661376953,114.8187484741211,116.73239135742188,3031386
2022-06-27,116.73239135742188,116.73239135742188,118.64604187011719,115.77557373046875,115.77557373046875,5228240
2022-06-28,116.73239135742188,116.73239135742188,117.68921661376953,115.77557373046875,116.73239135742188,3069638
2022-06-29,115.77557373046875,115.77557373046875,118.64604187011719,115.77557373046875,117.68921661376953,2867719
2022-06-30,114.8187484741211,114.8187484741211,120.55968475341797,114.8187484741211,116.73239135742188,5482205
2022-07-01,114.8187484741211,114.8187484741211,116.73239135742188,113.86192321777344,114.8187484741211,4868717
2022-07-04,109.07781219482422,109.07781219482422,114.8187484741211,107.1641616821289,114.8187484741211,12328509
2022-07-05,110.03462982177734,110.03462982177734,111.94828033447266,108.12098693847656,110.03462982177734,3272078
2022-07-06,109.07781219482422,109.07781219482422,110.03462982177734,107.1641616821289,110.03462982177734,3283888
2022-07-07,110.03462982177734,110.03462982177734,110.991455078125,107.1641616821289,109.07781219482422,4514837
2022-07-08,114.8187484741211,114.8187484741211,114.8187484741211,108.12098693847656,110.03462982177734,11962610
2022-07-11,114.8187484741211,114.8187484741211,120.55968475341797,107.1641616821289,107.1641616821289,31396614
2022-07-12,117.68921661376953,117.68921661376953,119.60285949707031,114.8187484741211,115.77557373046875,10712222
2022-07-13,112.90510559082031,112.90510559082031,118.64604187011719,111.94828033447266,118.64604187011719,6510504
2022-07-14,111.94828033447266,111.94828033447266,114.8187484741211,110.03462982177734,112.90510559082031,7102881
2022-07-15,111.94828033447266,111.94828033447266,114.8187484741211,110.03462982177734,111.94828033447266,9432675
2022-07-18,111.94828033447266,111.94828033447266,113.86192321777344,110.03462982177734,112.90510559082031,5884265
2022-07-19,112.90510559082031,112.90510559082031,114.8187484741211,111.94828033447266,111.94828033447266,3759002
2022-07-20,112.90510559082031,112.90510559082031,115.77557373046875,112.90510559082031,112.90510559082031,7930098
2022-07-21,112.90510559082031,112.90510559082031,114.8187484741211,111.94828033447266,112.90510559082031,4335285
2022-07-22,112.90510559082031,112.90510559082031,113.86192321777344,111.94828033447266,113.86192321777344,2410895
2022-07-25,109.07781219482422,109.07781219482422,113.86192321777344,107.1641616821289,113.86192321777344,13074310
2022-07-26,112.90510559082031,112.90510559082031,116.73239135742188,109.07781219482422,109.07781219482422,12508270
2022-07-27,111.94828033447266,111.94828033447266,114.8187484741211,110.03462982177734,112.90510559082031,8924431
2022-07-28,112.90510559082031,112.90510559082031,113.86192321777344,110.991455078125,112.90510559082031,6339835
2022-07-29,112.90510559082031,112.90510559082031,114.8187484741211,111.94828033447266,114.8187484741211,4756052
2022-08-01,112.90510559082031,112.90510559082031,112.90510559082031,110.991455078125,111.94828033447266,5819363
2022-08-02,122.47332763671875,122.47332763671875,122.47332763671875,111.94828033447266,113.86192321777344,52735882
2022-08-03,114.8187484741211,114.8187484741211,124.38697814941406,114.8187484741211,124.38697814941406,23170745
2022-08-04,115.77557373046875,115.77557373046875,121.51651000976562,112.90510559082031,113.86192321777344,16419966
2022-08-05,113.86192321777344,113.86192321777344,116.73239135742188,113.86192321777344,115.77557373046875,6508623
2022-08-08,118.64604187011719,118.64604187011719,121.51651000976562,113.86192321777344,113.86192321777344,22660933
2022-08-09,119.0,119.0,125.0,117.0,121.0,16794800
2022-08-10,116.0,116.0,120.0,116.0,119.0,9552300
2022-08-11,116.0,116.0,119.0,115.0,116.0,12467000
2022-08-12,113.0,113.0,118.0,112.0,118.0,24885900
2022-08-15,113.0,113.0,114.0,112.0,113.0,19266400
2022-08-16,112.0,112.0,114.0,111.0,113.0,12050600
2022-08-18,113.0,113.0,114.0,111.0,113.0,39127100
2022-08-19,111.0,111.0,113.0,110.0,113.0,22722000
2022-08-22,112.0,112.0,113.0,111.0,111.0,35484000
2022-08-23,112.0,112.0,112.0,111.0,112.0,14539700
2022-08-24,118.0,118.0,122.0,111.0,112.0,121061900
2022-08-25,115.0,115.0,119.0,113.0,113.0,108228500
2022-08-26,113.0,113.0,118.0,112.0,116.0,167255700
2022-08-29,106.0,106.0,112.0,106.0,112.0,135931800
2022-08-30,112.0,112.0,112.0,104.0,104.0,69766400
2022-08-31,117.0,117.0,117.0,108.0,112.0,41951700
2022-09-01,118.0,118.0,120.0,114.0,115.0,64420200
2022-09-02,111.0,111.0,119.0,111.0,118.0,59964700
2022-09-05,110.0,110.0,112.0,110.0,111.0,22774400
2022-09-06,110.0,110.0,113.0,109.0,110.0,14976800
2022-09-07,110.0,110.0,112.0,108.0,110.0,17039300
2022-09-08,109.0,109.0,112.0,109.0,110.0,22148900
2022-09-09,112.0,112.0,113.0,109.0,110.0,20955800
2022-09-12,112.0,112.0,114.0,110.0,112.0,14784500
2022-09-13,111.0,111.0,113.0,111.0,113.0,13841200
2022-09-14,114.0,114.0,114.0,109.0,110.0,37461100
2022-09-15,112.0,112.0,115.0,112.0,114.0,13864500
2022-09-16,110.0,110.0,113.0,109.0,113.0,22723000
2022-09-19,104.0,104.0,111.0,103.0,110.0,61332300
2022-09-20,103.0,103.0,107.0,98.0,98.0,33876700
2022-09-21,102.0,102.0,105.0,101.0,105.0,10061900
2022-09-22,100.0,100.0,103.0,98.0,102.0,20028700
2022-09-23,102.0,102.0,104.0,94.0,94.0,15032100
2022-09-26,100.0,100.0,104.0,99.0,102.0,15495900
2022-09-27,100.0,100.0,101.0,98.0,100.0,9468500
2022-09-28,96.0,96.0,100.0,95.0,99.0,21975600
2022-09-29,93.0,93.0,98.0,92.0,96.0,12464300
2022-09-30,90.0,90.0,94.0,89.0,93.0,16125900
2022-10-03,90.0,90.0,92.0,89.0,91.0,4640000
2022-10-04,93.0,93.0,94.0,89.0,91.0,7857900
2022-10-05,94.0,94.0,95.0,92.0,93.0,5176800
2022-10-06,94.0,94.0,95.0,92.0,94.0,6253600
2022-10-07,93.0,93.0,95.0,91.0,94.0,9387300
2022-10-10,91.0,91.0,93.0,90.0,93.0,8054300
2022-10-11,93.0,93.0,98.0,91.0,93.0,29357000
2022-10-12,95.0,95.0,100.0,93.0,94.0,38040700
2022-10-13,93.0,93.0,97.0,92.0,95.0,9072600
2022-10-14,90.0,90.0,94.0,90.0,94.0,11533200
2022-10-17,88.0,88.0,91.0,87.0,90.0,11844100
2022-10-18,89.0,89.0,92.0,85.0,88.0,29772500
2022-10-19,89.0,89.0,92.0,89.0,89.0,11355700
2022-10-20,89.0,89.0,92.0,89.0,91.0,6454000
2022-10-21,91.0,91.0,93.0,89.0,89.0,8601100
2022-10-24,94.0,94.0,98.0,91.0,91.0,19214900
2022-10-25,97.0,97.0,98.0,94.0,94.0,18649200
2022-10-26,94.0,94.0,98.0,93.0,98.0,11912600
2022-10-27,94.0,94.0,96.0,94.0,94.0,4084500
2022-10-28,94.0,94.0,95.0,93.0,94.0,3076900
2022-10-31,95.0,95.0,98.0,93.0,93.0,3587900
2022-11-01,92.0,92.0,95.0,92.0,95.0,5801100
2022-11-02,92.0,92.0,93.0,91.0,93.0,2560000
2022-11-03,92.0,92.0,93.0,91.0,91.0,4081600
2022-11-04,92.0,92.0,93.0,91.0,92.0,2620200
2022-11-07,93.0,93.0,97.0,92.0,92.0,12102300
2022-11-08,93.0,93.0,94.0,92.0,93.0,4442000
2022-11-09,93.0,93.0,94.0,91.0,93.0,5523000
2022-11-10,95.0,95.0,102.0,92.0,93.0,76347700
2022-11-11,96.0,96.0,97.0,93.0,96.0,14953500
2022-11-14,96.0,96.0,97.0,95.0,96.0,5780400
2022-11-15,96.0,96.0,99.0,94.0,96.0,15826600
2022-11-16,97.0,97.0,101.0,96.0,96.0,20196400
2022-11-17,101.0,101.0,104.0,97.0,97.0,30816500
2022-11-18,98.0,98.0,103.0,98.0,102.0,13470100
2022-11-21,104.0,104.0,110.0,98.0,99.0,101806100
2022-11-22,101.0,101.0,105.0,101.0,105.0,17295700
2022-11-23,103.0,103.0,105.0,101.0,101.0,12699900
2022-11-24,100.0,100.0,104.0,100.0,103.0,18905000
2022-11-25,100.0,100.0,102.0,99.0,100.0,7094100
2022-11-28,99.0,99.0,101.0,98.0,100.0,8867100
2022-11-29,99.0,99.0,101.0,98.0,100.0,4841700
2022-11-30,100.0,100.0,104.0,98.0,99.0,26193400
2022-12-01,99.0,99.0,101.0,99.0,100.0,8120900
2022-12-02,98.0,98.0,100.0,98.0,99.0,6295300
2022-12-05,96.0,96.0,100.0,95.0,98.0,7396800
2022-12-06,95.0,95.0,96.0,93.0,96.0,4428200
2022-12-07,92.0,92.0,95.0,92.0,95.0,5333000
2022-12-08,92.0,92.0,93.0,88.0,93.0,8210600
2022-12-09,91.0,91.0,92.0,90.0,92.0,2904800
2022-12-12,89.0,89.0,91.0,89.0,91.0,4084300
2022-12-13,90.0,90.0,92.0,89.0,89.0,7021600
2022-12-14,90.0,90.0,91.0,89.0,91.0,6306600
2022-12-15,92.0,92.0,92.0,90.0,90.0,2776100
2022-12-16,90.0,90.0,93.0,90.0,92.0,3622200
2022-12-19,91.0,91.0,92.0,90.0,90.0,1768700
2022-12-20,90.0,90.0,92.0,88.0,88.0,4529900
2022-12-21,89.0,89.0,91.0,89.0,90.0,3859500
2022-12-22,89.0,89.0,91.0,89.0,89.0,2522200
2022-12-23,88.0,88.0,90.0,88.0,89.0,3828100
2022-12-26,87.0,87.0,89.0,83.0,83.0,2615500
2022-12-27,86.0,86.0,88.0,84.0,87.0,7347700
2022-12-28,87.0,87.0,90.0,86.0,86.0,7227900
2022-12-29,90.0,90.0,91.0,87.0,88.0,3206000
2022-12-30,90.0,90.0,91.0,88.0,90.0,3276500
2023-01-02,96.0,96.0,105.0,89.0,91.0,89829800
2023-01-03,95.0,95.0,98.0,92.0,97.0,13839300
2023-01-04,94.0,94.0,96.0,93.0,95.0,6691900
2023-01-05,91.0,91.0,95.0,91.0,94.0,11672500
2023-01-06,89.0,89.0,92.0,88.0,91.0,6280800
2023-01-09,89.0,89.0,90.0,87.0,90.0,8735500
2023-01-10,89.0,89.0,89.0,86.0,88.0,2884600
2023-01-11,89.0,89.0,90.0,87.0,89.0,4634800
2023-01-12,90.0,90.0,91.0,88.0,89.0,3539900
2023-01-13,90.0,90.0,91.0,88.0,90.0,4323100
2023-01-16,91.0,91.0,91.0,89.0,90.0,4265100
2023-01-17,91.0,91.0,91.0,89.0,91.0,2480000
2023-01-18,91.0,91.0,91.0,89.0,90.0,2004800
2023-01-19,92.0,92.0,94.0,90.0,91.0,2668900
2023-01-20,92.0,92.0,92.0,90.0,92.0,2892000
2023-01-24,91.0,91.0,93.0,90.0,92.0,3856700
2023-01-25,92.0,92.0,93.0,90.0,91.0,6843300
2023-01-26,92.0,92.0,93.0,91.0,92.0,3872100
2023-01-27,93.0,93.0,95.0,92.0,92.0,4954400
2023-01-30,93.0,93.0,94.0,91.0,92.0,2960200
2023-01-31,91.0,91.0,93.0,91.0,93.0,2004200
2023-02-01,92.0,92.0,92.0,91.0,92.0,564300
2023-02-02,93.0,93.0,93.0,91.0,91.0,3038600
2023-02-03,92.0,92.0,95.0,92.0,93.0,2569300
2023-02-06,93.0,93.0,94.0,92.0,93.0,2127500
2023-02-07,93.0,93.0,94.0,91.0,93.0,2972100
2023-02-08,95.0,95.0,97.0,91.0,93.0,20828500
2023-02-09,95.0,95.0,97.0,93.0,97.0,8508600
2023-02-10,93.0,93.0,95.0,92.0,95.0,4407700
2023-02-13,93.0,93.0,94.0,92.0,93.0,2123100
2023-02-14,92.0,92.0,94.0,92.0,93.0,3387700
2023-02-15,92.0,92.0,92.0,90.0,92.0,4466700
2023-02-16,92.0,92.0,94.0,91.0,92.0,2988300
2023-02-17,92.0,92.0,93.0,91.0,92.0,2970400
2023-02-20,92.0,92.0,92.0,91.0,92.0,1216800
2023-02-21,92.0,92.0,92.0,90.0,92.0,5533100
2023-02-22,90.0,90.0,92.0,90.0,91.0,1760000
2023-02-23,90.0,90.0,91.0,89.0,90.0,3541100
2023-02-24,90.0,90.0,90.0,89.0,89.0,1800400
2023-02-27,90.0,90.0,90.0,89.0,90.0,926900
2023-02-28,90.0,90.0,91.0,89.0,90.0,3267100
2023-03-01,90.0,90.0,90.0,89.0,90.0,760400
2023-03-02,90.0,90.0,90.0,88.0,90.0,1675100
2023-03-03,89.0,89.0,90.0,88.0,90.0,2406000
2023-03-06,89.0,89.0,90.0,88.0,89.0,3229200
2023-03-07,88.0,88.0,89.0,87.0,89.0,2227700
2023-03-08,88.0,88.0,88.0,86.0,88.0,2712600
2023-03-09,88.0,88.0,88.0,87.0,87.0,1524600
2023-03-10,88.0,88.0,88.0,86.0,88.0,1274300
2023-03-13,84.0,84.0,87.0,84.0,86.0,6341500
2023-03-14,84.0,84.0,84.0,82.0,84.0,4756900
2023-03-15,84.0,84.0,87.0,83.0,86.0,4906900
2023-03-16,79.0,79.0,85.0,79.0,83.0,12432100
2023-03-17,80.0,80.0,81.0,77.0,77.0,6095700
2023-03-20,80.0,80.0,82.0,79.0,80.0,1364300
2023-03-21,82.0,82.0,83.0,80.0,81.0,3693000
2023-03-24,83.0,83.0,84.0,81.0,83.0,2663000
2023-03-27,84.0,84.0,85.0,82.0,83.0,2929800
2023-03-28,84.0,84.0,84.0,82.0,84.0,1242900
2023-03-29,84.0,84.0,84.0,82.0,84.0,3306500
2023-03-30,84.0,84.0,84.0,83.0,84.0,1600200
2023-03-31,84.0,84.0,84.0,82.0,84.0,3575000
2023-04-03,84.0,84.0,84.0,81.0,84.0,2895700
2023-04-04,84.0,84.0,84.0,81.0,82.0,7157700
2023-04-05,84.0,84.0,84.0,82.0,84.0,1794700
2023-04-06,83.0,83.0,84.0,82.0,84.0,1150100
2023-04-10,83.0,83.0,83.0,81.0,82.0,6046600
2023-04-11,84.0,84.0,84.0,82.0,83.0,2491900
2023-04-12,84.0,84.0,84.0,82.0,84.0,1535100
2023-04-13,84.0,84.0,84.0,82.0,84.0,1160400
2023-04-14,84.0,84.0,84.0,82.0,84.0,2108100
2023-04-17,83.0,83.0,87.0,82.0,83.0,17926500
2023-04-18,83.0,83.0,83.0,79.0,83.0,7932500
2023-04-26,83.0,83.0,83.0,80.0,83.0,4189100
2023-04-27,84.0,84.0,84.0,81.0,82.0,2440700
2023-04-28,86.0,86.0,86.0,82.0,83.0,3680300
2023-05-02,86.0,86.0,86.0,84.0,84.0,7091400
2023-05-03,86.0,86.0,87.0,84.0,86.0,3569400
2023-05-04,88.0,88.0,90.0,84.0,86.0,12788400
2023-05-05,87.0,87.0,91.0,86.0,88.0,18255000
2023-05-08,85.0,85.0,87.0,85.0,87.0,4692200
2023-05-09,87.0,87.0,87.0,85.0,86.0,3609800
2023-05-10,86.0,86.0,87.0,85.0,87.0,3977000
2023-05-11,83.0,83.0,85.0,83.0,85.0,5347000
2023-05-12,85.0,85.0,85.0,82.0,84.0,4134700
2023-05-15,83.0,83.0,86.0,83.0,85.0,3781800
2023-05-16,84.0,84.0,85.0,83.0,85.0,1811500
2023-05-17,84.0,84.0,85.0,81.0,84.0,5743400
2023-05-19,84.0,84.0,84.0,81.0,84.0,3367100
2023-05-22,84.0,84.0,84.0,83.0,84.0,819700
2023-05-23,84.0,84.0,84.0,83.0,84.0,1810000
2023-05-24,83.0,83.0,84.0,82.0,84.0,1552200
2023-05-25,83.0,83.0,84.0,82.0,82.0,2127200
2023-05-26,83.0,83.0,83.0,81.0,83.0,3084000
2023-05-29,83.0,83.0,83.0,81.0,83.0,1667100
2023-05-30,84.0,84.0,85.0,81.0,83.0,3521800
2023-05-31,84.0,84.0,85.0,82.0,84.0,3771700
2023-06-05,84.0,84.0,84.0,79.0,82.0,1454800
2023-06-06,84.0,84.0,84.0,83.0,84.0,1822100
2023-06-07,84.0,84.0,85.0,83.0,84.0,3611700
2023-06-08,88.0,88.0,89.0,84.0,85.0,11727200
2023-06-09,87.0,87.0,90.0,86.0,88.0,5167400
2023-06-12,88.0,88.0,90.0,87.0,88.0,17177700
2023-06-13,88.0,88.0,90.0,87.0,88.0,4258400
2023-06-14,89.0,89.0,89.0,87.0,88.0,3975000
2023-06-15,87.0,87.0,90.0,86.0,88.0,10241400
2023-06-16,86.0,86.0,88.0,84.0,87.0,9226600
2023-06-19,87.0,87.0,87.0,85.0,86.0,1887900
2023-06-20,90.0,90.0,92.0,87.0,89.0,17365000
2023-06-21,90.0,90.0,90.0,88.0,90.0,3471100
2023-06-22,92.0,92.0,94.0,89.0,90.0,17309400
2023-06-23,94.0,94.0,94.0,91.0,92.0,6290800
2023-06-26,94.0,94.0,95.0,92.0,94.0,8149900
2023-06-27,92.0,92.0,94.0,90.0,94.0,11340500
2023-07-03,92.0,92.0,93.0,90.0,92.0,4459000
2023-07-04,95.0,95.0,96.0,92.0,93.0,17536000
2023-07-05,95.0,95.0,95.0,92.0,95.0,8312100
2023-07-06,94.0,94.0,95.0,92.0,94.0,6638500
2023-07-07,93.0,93.0,95.0,93.0,93.0,4595900
2023-07-10,94.0,94.0,95.0,93.0,94.0,6719800
2023-07-11,93.0,93.0,97.0,93.0,94.0,16519600
2023-07-12,97.0,97.0,98.0,93.0,94.0,16150500
2023-07-13,99.0,99.0,102.0,96.0,97.0,44185600
2023-07-14,96.0,96.0,99.0,96.0,99.0,9505300
2023-07-17,95.0,95.0,97.0,94.0,96.0,5885800
2023-07-18,96.0,96.0,96.0,94.0,96.0,6408200
2023-07-20,96.0,96.0,97.0,94.0,96.0,5154400
2023-07-21,95.0,95.0,97.0,94.0,96.0,5689400
2023-07-24,95.0,95.0,96.0,93.0,95.0,4042000
2023-07-25,95.0,95.0,96.0,93.0,95.0,4573300
2023-07-26,95.0,95.0,95.0,93.0,94.0,4498700
2023-07-27,97.0,97.0,97.0,94.0,95.0,10005300
2023-07-28,96.0,96.0,98.0,95.0,97.0,8810200
2023-07-31,94.0,94.0,96.0,92.0,96.0,12020400
2023-08-01,94.0,94.0,96.0,93.0,95.0,3746900
2023-08-02,92.0,92.0,96.0,91.0,94.0,8826500
2023-08-03,93.0,93.0,96.0,91.0,92.0,8169100
2023-08-04,93.0,93.0,94.0,92.0,94.0,1594200
2023-08-07,93.0,93.0,94.0,92.0,93.0,1583200
2023-08-08,94.0,94.0,95.0,92.0,93.0,4842600
2023-08-09,94.0,94.0,94.0,92.0,93.0,3829400
2023-08-10,93.0,93.0,94.0,92.0,93.0,2072100
2023-08-11,93.0,93.0,93.0,91.0,93.0,3822000
2023-08-14,93.0,93.0,93.0,90.0,92.0,5722900
2023-08-15,92.0,92.0,93.0,91.0,93.0,2177600
2023-08-16,92.0,92.0,92.0,90.0,91.0,1975600
2023-08-18,92.0,92.0,92.0,90.0,92.0,4512400
2023-08-21,91.0,91.0,92.0,89.0,92.0,8663600
2023-08-22,91.0,91.0,91.0,89.0,89.0,3296600
2023-08-23,91.0,91.0,91.0,89.0,90.0,3290300
2023-08-24,90.0,90.0,91.0,89.0,90.0,2317300
2023-08-25,90.0,90.0,92.0,89.0,90.0,5947500
2023-08-28,90.0,90.0,91.0,86.0,90.0,8762600
2023-08-29,91.0,91.0,92.0,89.0,90.0,4061300
2023-08-30,91.0,91.0,91.0,89.0,91.0,1496400
2023-08-31,89.0,89.0,92.0,89.0,91.0,5836800
2023-09-01,90.0,90.0,93.0,89.0,89.0,15489500
2023-09-04,90.0,90.0,91.0,89.0,90.0,1487200
2023-09-05,91.0,91.0,92.0,89.0,90.0,6038200
2023-09-06,91.0,91.0,91.0,89.0,91.0,1071100
2023-09-07,91.0,91.0,91.0,89.0,91.0,1851200
2023-09-08,89.0,89.0,91.0,88.0,91.0,8318900
2023-09-11,88.0,88.0,89.0,87.0,89.0,5299900
2023-09-12,88.0,88.0,89.0,87.0,89.0,2276900
2023-09-13,87.0,87.0,88.0,86.0,88.0,1942400
2023-09-14,87.0,87.0,88.0,85.0,87.0,3379800
2023-09-15,86.0,86.0,88.0,85.0,86.0,2224300
2023-09-18,86.0,86.0,86.0,84.0,86.0,2995000
2023-09-19,87.0,87.0,88.0,85.0,86.0,2255300
2023-09-20,86.0,86.0,87.0,86.0,87.0,1415500
2023-09-21,89.0,89.0,92.0,85.0,86.0,8132400
2023-09-22,89.0,89.0,89.0,87.0,89.0,2253600
2023-09-25,87.0,87.0,89.0,86.0,89.0,2183900
2023-09-26,86.0,86.0,91.0,85.0,87.0,11719200
2023-09-27,87.0,87.0,87.0,85.0,87.0,1455000
2023-09-29,86.0,86.0,87.0,85.0,86.0,3174800
2023-10-02,86.0,86.0,87.0,85.0,87.0,3059000
2023-10-03,86.0,86.0,87.0,85.0,86.0,1337700
2023-10-04,86.0,86.0,87.0,83.0,86.0,2914600
2023-10-05,86.0,86.0,86.0,85.0,85.0,1585200
2023-10-06,86.0,86.0,89.0,84.0,85.0,6558300
2023-10-09,84.0,84.0,86.0,83.0,86.0,7169200
2023-10-10,84.0,84.0,85.0,83.0,84.0,666200
2023-10-11,85.0,85.0,85.0,83.0,83.0,3059600
2023-10-12,83.0,83.0,85.0,82.0,85.0,6912500
2023-10-13,84.0,84.0,84.0,82.0,83.0,2704200
2023-10-16,84.0,84.0,84.0,82.0,83.0,1542400
2023-10-17,84.0,84.0,85.0,82.0,84.0,1875500
2023-10-18,85.0,85.0,86.0,83.0,84.0,3157000
2023-10-19,83.0,83.0,86.0,83.0,85.0,1810200
2023-10-20,82.0,82.0,84.0,82.0,83.0,2235000
2023-10-23,82.0,82.0,83.0,80.0,82.0,5375100
2023-10-24,85.0,85.0,88.0,82.0,82.0,28131600
2023-10-25,83.0,83.0,85.0,81.0,85.0,6398400
2023-10-26,82.0,82.0,83.0,81.0,83.0,2102100
2023-10-27,83.0,83.0,85.0,81.0,81.0,7300800
2023-10-30,81.0,81.0,83.0,81.0,83.0,2605300
2023-10-31,81.0,81.0,85.0,78.0,81.0,32496800
2023-11-01,80.0,80.0,82.0,79.0,81.0,5353200
2023-11-02,79.0,79.0,81.0,79.0,80.0,2241100
2023-11-03,81.0,81.0,81.0,79.0,80.0,4165500
2023-11-06,81.0,81.0,82.0,80.0,81.0,3913100
2023-11-07,81.0,81.0,84.0,81.0,81.0,14221800
2023-11-08,81.0,81.0,84.0,79.0,82.0,8256100
2023-11-09,81.0,81.0,82.0,79.0,81.0,11967800
2023-11-10,81.0,81.0,82.0,80.0,81.0,1114200
2023-11-13,80.0,80.0,82.0,79.0,81.0,4129900
2023-11-14,80.0,80.0,81.0,72.0,72.0,3833900
2023-11-15,80.0,80.0,81.0,80.0,80.0,1059500
2023-11-16,82.0,82.0,83.0,80.0,80.0,7641700
2023-11-17,83.0,83.0,84.0,81.0,82.0,2916800
2023-11-20,83.0,83.0,83.0,81.0,83.0,2620300
2023-11-21,82.0,82.0,83.0,81.0,82.0,1304000
2023-11-22,81.0,81.0,82.0,80.0,81.0,1358000
2023-11-23,82.0,82.0,83.0,81.0,81.0,2491800
2023-11-24,85.0,85.0,87.0,81.0,82.0,11948700
2023-11-27,84.0,84.0,87.0,82.0,85.0,5879600
2023-11-28,83.0,83.0,84.0,82.0,84.0,2241600
2023-11-29,82.0,82.0,86.0,82.0,83.0,10043500
2023-11-30,86.0,86.0,89.0,83.0,83.0,15764500
2023-12-01,84.0,84.0,87.0,83.0,85.0,10674900
2023-12-04,85.0,85.0,88.0,84.0,84.0,14633900
2023-12-05,84.0,84.0,86.0,84.0,85.0,3224900
2023-12-06,82.0,82.0,85.0,82.0,85.0,4022100
2023-12-07,82.0,82.0,83.0,80.0,83.0,5215600
2023-12-08,81.0,81.0,83.0,80.0,82.0,2815900
2023-12-11,82.0,82.0,87.0,80.0,82.0,24517000
2023-12-12,82.0,82.0,85.0,80.0,82.0,21681700
2023-12-13,81.0,81.0,83.0,81.0,83.0,3951700
2023-12-14,82.0,82.0,83.0,81.0,81.0,2245500
2023-12-15,81.0,81.0,83.0,80.0,82.0,2673100
2023-12-18,79.0,79.0,81.0,79.0,81.0,3969000
2023-12-19,81.0,81.0,82.0,79.0,80.0,16602300
2023-12-20,81.0,81.0,82.0,80.0,80.0,3627400
2023-12-21,83.0,83.0,83.0,80.0,81.0,2685000
2023-12-22,81.0,81.0,83.0,81.0,83.0,918000
2023-12-27,81.0,81.0,83.0,81.0,82.0,4176300
2023-12-28,83.0,83.0,83.0,81.0,82.0,1408500
2023-12-29,83.0,83.0,85.0,83.0,85.0,10729000
2024-01-02,82.0,82.0,85.0,82.0,84.0,4323800
2024-01-03,82.0,82.0,83.0,82.0,82.0,809500
2024-01-04,82.0,82.0,84.0,82.0,83.0,2904500
2024-01-05,84.0,84.0,84.0,82.0,82.0,11369200
2024-01-08,83.0,83.0,85.0,83.0,84.0,1480600
2024-01-09,83.0,83.0,84.0,82.0,84.0,2823600
2024-01-10,81.0,81.0,83.0,81.0,83.0,2271100
2024-01-11,82.0,82.0,82.0,81.0,81.0,2399800
2024-01-12,82.0,82.0,82.0,80.0,81.0,3545600
2024-01-15,81.0,81.0,82.0,80.0,82.0,1504400
2024-01-16,81.0,81.0,82.0,80.0,81.0,2544900
2024-01-17,80.0,80.0,82.0,80.0,82.0,1181500
2024-01-18,81.0,81.0,81.0,79.0,80.0,1924500
2024-01-19,80.0,80.0,81.0,79.0,81.0,2353200
2024-01-22,80.0,80.0,81.0,79.0,80.0,1240100
2024-01-23,79.0,79.0,81.0,79.0,79.0,2714500
2024-01-24,80.0,80.0,82.0,79.0,80.0,24941100
2024-01-25,80.0,80.0,82.0,79.0,80.0,7358100
2024-01-26,80.0,80.0,80.0,79.0,79.0,921200
2024-01-29,80.0,80.0,80.0,79.0,80.0,758800
2024-01-30,79.0,79.0,81.0,79.0,80.0,1441700
2024-01-31,80.0,80.0,81.0,79.0,80.0,1040500
2024-02-01,79.0,79.0,80.0,79.0,80.0,2459200
2024-02-02,79.0,79.0,80.0,79.0,79.0,1513000
2024-02-05,79.0,79.0,80.0,78.0,80.0,2218000
2024-02-06,78.0,78.0,80.0,78.0,79.0,1051800
2024-02-07,80.0,80.0,80.0,78.0,79.0,2444300
2024-02-12,79.0,79.0,80.0,79.0,80.0,741100
2024-02-13,80.0,80.0,80.0,79.0,79.0,772100
2024-02-15,80.0,80.0,80.0,79.0,80.0,651000
2024-02-16,80.0,80.0,80.0,79.0,80.0,1270200
2024-02-19,78.0,78.0,80.0,76.0,80.0,7072600
2024-02-20,77.0,77.0,78.0,76.0,78.0,2777100
2024-02-21,77.0,77.0,78.0,76.0,77.0,2227800
2024-02-22,77.0,77.0,78.0,76.0,78.0,912600
2024-02-23,76.0,76.0,78.0,75.0,77.0,3806300
2024-02-26,77.0,77.0,77.0,75.0,77.0,984300
2024-02-27,76.0,76.0,77.0,75.0,77.0,2273800
2024-02-28,77.0,77.0,80.0,75.0,76.0,17423300
2024-02-29,76.0,76.0,78.0,76.0,77.0,799000
2024-03-01,76.0,76.0,78.0,76.0,76.0,5171600
2024-03-04,76.0,76.0,77.0,76.0,76.0,572700
2024-03-05,77.0,77.0,77.0,76.0,77.0,1228400
2024-03-06,76.0,76.0,77.0,76.0,77.0,1650100
2024-03-07,76.0,76.0,79.0,74.0,76.0,56430000
2024-03-08,75.0,75.0,76.0,75.0,76.0,1669100
2024-03-13,76.0,76.0,78.0,74.0,75.0,52642800
2024-03-14,76.0,76.0,76.0,75.0,76.0,761000
2024-03-15,75.0,75.0,77.0,75.0,76.0,6098600
2024-03-18,76.0,76.0,77.0,75.0,76.0,3855100
2024-03-19,75.0,75.0,77.0,74.0,75.0,5879600
2024-03-20,75.0,75.0,76.0,74.0,75.0,2993000
2024-03-21,75.0,75.0,75.0,74.0,74.0,1875200
2024-03-22,73.0,73.0,75.0,72.0,75.0,5623200
2024-03-25,68.0,68.0,72.0,68.0,72.0,5671200
2024-03-26,66.0,66.0,68.0,66.0,68.0,6286600
2024-03-27,60.0,60.0,62.0,60.0,62.0,15153400
2024-03-28,55.0,55.0,55.0,54.0,55.0,15517200
2024-04-01,51.0,51.0,55.0,51.0,55.0,10697700
2024-04-02,56.0,56.0,56.0,52.0,52.0,3345000
2024-04-03,61.0,61.0,61.0,61.0,61.0,6364100
2024-04-04,61.0,61.0,61.0,61.0,61.0,1579700
2024-04-05,63.0,63.0,63.0,62.0,62.0,1081200
2024-04-16,65.0,65.0,65.0,65.0,65.0,1401800
2024-04-17,65.0,65.0,65.0,65.0,65.0,1592600
2024-04-18,66.0,66.0,66.0,65.0,65.0,2945400
2024-04-19,64.0,64.0,65.0,64.0,65.0,1279800
2024-04-22,62.0,62.0,64.0,62.0,64.0,358600
2024-04-23,61.0,61.0,61.0,61.0,61.0,1465700
2024-04-24,62.0,62.0,62.0,61.0,61.0,608200
2024-04-25,63.0,63.0,63.0,62.0,62.0,804200
2024-04-26,62.0,62.0,63.0,62.0,63.0,3808700
2024-04-29,62.0,62.0,62.0,62.0,62.0,574300
2024-04-30,62.0,62.0,62.0,62.0,62.0,301300
2024-05-02,62.0,62.0,62.0,61.0,62.0,791500
2024-05-03,61.0,61.0,61.0,60.0,61.0,1216000
2024-05-06,61.0,61.0,61.0,61.0,61.0,694300
2024-05-07,61.0,61.0,61.0,61.0,61.0,643500
2024-05-08,60.0,60.0,60.0,60.0,60.0,987200
2024-05-13,60.0,60.0,60.0,60.0,60.0,603200
2024-05-14,60.0,60.0,60.0,60.0,60.0,135500
2024-05-15,61.0,61.0,61.0,60.0,60.0,979300
2024-05-16,61.0,61.0,61.0,61.0,61.0,948100
2024-05-17,61.0,61.0,62.0,61.0,62.0,393000
2024-05-20,61.0,61.0,61.0,61.0,61.0,440800
2024-05-21,61.0,61.0,61.0,60.0,61.0,735700
2024-05-22,60.0,60.0,61.0,60.0,61.0,1740000
2024-05-27,59.0,59.0,60.0,59.0,60.0,461000
2024-05-28,60.0,60.0,60.0,59.0,59.0,333100
2024-05-29,59.0,59.0,60.0,59.0,60.0,477300
2024-05-30,59.0,59.0,59.0,59.0,59.0,289800
2024-05-31,58.0,58.0,59.0,58.0,59.0,686000
2024-06-03,57.0,57.0,58.0,57.0,58.0,485900
2024-06-04,55.0,55.0,57.0,55.0,57.0,929300
2024-06-05,53.0,53.0,55.0,53.0,55.0,2188100
2024-06-06,52.0,52.0,52.0,51.0,51.0,4013200
2024-06-07,53.0,53.0,53.0,53.0,53.0,946500
2024-06-10,54.0,54.0,55.0,54.0,54.0,677000
2024-06-11,53.0,53.0,54.0,53.0,54.0,834400
2024-06-12,52.0,52.0,53.0,52.0,52.0,861500
2024-06-13,53.0,53.0,54.0,53.0,54.0,336000
2024-06-14,52.0,52.0,53.0,52.0,53.0,519400
2024-06-19,52.0,52.0,52.0,52.0,52.0,690700
2024-06-20,52.0,52.0,52.0,52.0,52.0,815500
2024-06-21,52.0,52.0,52.0,52.0,52.0,1920000
2024-06-24,53.0,53.0,53.0,52.0,52.0,703300
2024-06-25,53.0,53.0,53.0,53.0,53.0,379100
2024-06-26,53.0,53.0,53.0,53.0,53.0,663800
2024-06-27,53.0,53.0,53.0,52.0,53.0,977300
2024-06-28,54.0,54.0,54.0,53.0,53.0,645900
2024-07-01,54.0,54.0,55.0,54.0,55.0,451300
2024-07-02,55.0,55.0,55.0,54.0,54.0,3111100
2024-07-03,74.0,74.0,74.0,61.0,61.0,75318000
2024-07-04,80.0,80.0,88.0,78.0,80.0,79744200
2024-07-05,80.0,80.0,81.0,70.0,80.0,26615100
2024-07-08,76.0,76.0,81.0,75.0,80.0,7524900
2024-07-09,74.0,74.0,77.0,72.0,77.0,7782300
2024-07-10,73.0,73.0,75.0,71.0,74.0,4592100
2024-07-11,80.0,80.0,80.0,68.0,73.0,15212000
2024-07-12,76.0,76.0,82.0,75.0,81.0,6527200
2024-07-15,73.0,73.0,78.0,73.0,77.0,4502100
2024-07-16,77.0,77.0,87.0,72.0,74.0,62440500
2024-07-17,78.0,78.0,81.0,76.0,78.0,7755400
2024-07-18,80.0,80.0,80.0,76.0,78.0,8423500
2024-07-19,76.0,76.0,80.0,76.0,80.0,8229000
2024-07-22,76.0,76.0,78.0,75.0,76.0,3368400
2024-07-23,77.0,77.0,78.0,75.0,76.0,3209800
2024-07-24,76.0,76.0,85.0,75.0,77.0,36120500
2024-07-25,75.0,75.0,78.0,75.0,76.0,3518700
2024-07-26,74.0,74.0,77.0,74.0,75.0,3061700
2024-07-29,71.0,71.0,77.0,70.0,74.0,9654400
2024-07-30,70.0,70.0,73.0,70.0,72.0,2587100
2024-07-31,70.0,70.0,72.0,69.0,70.0,5344600
2024-08-01,70.0,70.0,71.0,69.0,71.0,2013200
2024-08-02,69.0,69.0,71.0,68.0,70.0,792300
2024-08-05,66.0,66.0,70.0,64.0,68.0,6152600
2024-08-06,65.0,65.0,67.0,57.0,57.0,1892100
2024-08-07,64.0,64.0,67.0,63.0,65.0,1831200
2024-08-08,66.0,66.0,66.0,54.0,54.0,1793600
2024-08-09,66.0,66.0,67.0,64.0,66.0,808200
2024-08-12,66.0,66.0,67.0,64.0,66.0,815400
2024-08-13,66.0,66.0,66.0,64.0,66.0,1760000
2024-08-14,68.0,68.0,68.0,64.0,65.0,3257100
2024-08-15,68.0,68.0,69.0,67.0,68.0,1177700
2024-08-16,68.0,68.0,70.0,66.0,68.0,2754300
2024-08-19,72.0,72.0,73.0,68.0,68.0,8833900
2024-08-20,78.0,78.0,82.0,71.0,73.0,44052000
2024-08-21,74.0,74.0,79.0,74.0,78.0,7597200
2024-08-22,74.0,74.0,78.0,73.0,75.0,10873400
2024-08-23,75.0,75.0,80.0,74.0,75.0,14256500
2024-08-26,76.0,76.0,78.0,75.0,75.0,6805200
2024-08-27,77.0,77.0,80.0,76.0,77.0,9667900
2024-08-28,77.0,77.0,79.0,75.0,78.0,6298000
2024-08-29,77.0,77.0,78.0,76.0,78.0,2219100
2024-08-30,77.0,77.0,77.0,76.0,77.0,1163600
2024-09-02,78.0,78.0,82.0,75.0,75.0,23743900
2024-09-03,78.0,78.0,80.0,76.0,78.0,6709800
2024-09-04,76.0,76.0,78.0,75.0,77.0,4669300
2024-09-05,76.0,76.0,77.0,75.0,76.0,1275800
2024-09-06,76.0,76.0,77.0,74.0,76.0,4651200
2024-09-09,75.0,75.0,76.0,74.0,76.0,1923900
2024-09-10,73.0,73.0,76.0,73.0,75.0,2892200
2024-09-11,74.0,74.0,75.0,71.0,73.0,2001700
2024-09-12,74.0,74.0,74.0,73.0,74.0,805800
2024-09-13,72.0,72.0,75.0,72.0,74.0,1014800
2024-09-17,74.0,74.0,75.0,72.0,72.0,4024300
2024-09-18,74.0,74.0,75.0,73.0,74.0,2006400
2024-09-19,74.0,74.0,75.0,73.0,74.0,1039300
2024-09-20,74.0,74.0,75.0,73.0,74.0,724600
2024-09-23,76.0,76.0,76.0,73.0,74.0,5721000
2024-09-24,76.0,76.0,77.0,75.0,76.0,2176100
2024-09-25,74.0,74.0,76.0,74.0,76.0,2717700
2024-09-26,75.0,75.0,75.0,73.0,75.0,1265600
2024-09-27,73.0,73.0,75.0,73.0,75.0,1248200
2024-09-30,72.0,72.0,74.0,72.0,73.0,4798600
2024-10-01,72.0,72.0,73.0,71.0,72.0,1840600
2024-10-02,72.0,72.0,73.0,71.0,73.0,1429300
2024-10-03,73.0,73.0,73.0,71.0,72.0,491600
2024-10-04,73.0,73.0,74.0,72.0,72.0,904600
2024-10-07,72.0,72.0,74.0,72.0,73.0,1588600
2024-10-08,72.0,72.0,73.0,71.0,73.0,359800
2024-10-09,72.0,72.0,73.0,72.0,72.0,597700
2024-10-10,74.0,74.0,75.0,72.0,73.0,2624100
2024-10-11,74.0,74.0,75.0,73.0,74.0,801600
2024-10-14,74.0,74.0,75.0,72.0,72.0,3069300
2024-10-15,73.0,73.0,74.0,72.0,73.0,809600
2024-10-16,73.0,73.0,75.0,73.0,73.0,1415800
2024-10-17,78.0,78.0,89.0,74.0,74.0,70898900
2024-10-18,75.0,75.0,80.0,75.0,80.0,10852200
2024-10-21,80.0,80.0,82.0,75.0,75.0,19063600
2024-10-22,81.0,81.0,85.0,78.0,80.0,24820200
2024-10-23,109.0,109.0,109.0,78.0,82.0,230059600
2024-10-24,85.0,85.0,139.0,84.0,123.0,525802300
2024-10-25,82.0,82.0,88.0,81.0,82.0,45853800
2024-10-28,79.0,79.0,83.0,79.0,81.0,28614400
2024-10-29,84.0,84.0,86.0,78.0,78.0,50653000
2024-10-30,83.0,83.0,85.0,81.0,84.0,14651500
2024-10-31,83.0,83.0,86.0,82.0,82.0,19529500
2024-11-01,83.0,83.0,86.0,83.0,85.0,8473500
2024-11-04,80.0,80.0,84.0,80.0,84.0,7709300
2024-11-05,80.0,80.0,81.0,72.0,72.0,18616400
2024-11-06,77.0,77.0,82.0,77.0,80.0,7447300
2024-11-07,77.0,77.0,79.0,77.0,78.0,3745400
2024-11-08,75.0,75.0,78.0,75.0,77.0,10281500
2024-11-11,75.0,75.0,76.0,72.0,75.0,11772800
2024-11-12,75.0,75.0,76.0,73.0,73.0,3191100
2024-11-13,76.0,76.0,77.0,74.0,75.0,6605500
2024-11-14,74.0,74.0,76.0,72.0,76.0,9788900
2024-11-15,73.0,73.0,75.0,72.0,74.0,4981600
2024-11-18,73.0,73.0,74.0,72.0,72.0,3152700
2024-11-19,75.0,75.0,75.0,72.0,73.0,3865500
2024-11-20,75.0,75.0,77.0,75.0,75.0,5300300
2024-11-21,75.0,75.0,79.0,75.0,75.0,5279500
2024-11-22,78.0,78.0,81.0,74.0,74.0,13125100
2024-11-25,85.0,85.0,91.0,78.0,78.0,83723500
2024-11-26,81.0,81.0,86.0,80.0,85.0,24910400
2024-11-28,79.0,79.0,84.0,78.0,81.0,14985000
2024-11-29,78.0,78.0,82.0,77.0,79.0,22742500
2024-12-02,78.0,78.0,81.0,78.0,78.0,7781300
2024-12-03,78.0,78.0,80.0,78.0,78.0,6574800
2024-12-04,79.0,79.0,80.0,77.0,79.0,5474900
2024-12-05,78.0,78.0,80.0,78.0,79.0,4786700
2024-12-06,77.0,77.0,79.0,76.0,79.0,7164900
2024-12-09,78.0,78.0,79.0,76.0,77.0,3648400
2024-12-10,78.0,78.0,79.0,77.0,78.0,3916500
2024-12-11,78.0,78.0,80.0,77.0,78.0,4984600
2024-12-12,78.0,78.0,79.0,77.0,78.0,2057800
2024-12-13,77.0,77.0,79.0,77.0,78.0,1807600
2024-12-16,76.0,76.0,78.0,75.0,77.0,4409900
2024-12-17,74.0,74.0,76.0,73.0,76.0,4620100
2024-12-18,75.0,75.0,77.0,73.0,74.0,3574200
2024-12-19,74.0,74.0,76.0,73.0,75.0,4558000
2024-12-20,73.0,73.0,75.0,73.0,74.0,4348900
2024-12-23,73.0,73.0,75.0,73.0,73.0,2444600
2024-12-24,73.0,73.0,75.0,73.0,73.0,4810700
2024-12-27,73.0,73.0,74.0,72.0,73.0,3271500
2024-12-30,72.0,72.0,74.0,72.0,73.0,2041700
2025-01-02,75.0,75.0,76.0,72.0,72.0,4120400
2025-01-03,74.0,74.0,76.0,74.0,75.0,2465400
2025-01-06,75.0,75.0,77.0,73.0,75.0,2047500
2025-01-07,73.0,73.0,75.0,73.0,75.0,3753100
2025-01-08,73.0,73.0,74.0,72.0,73.0,2509100
2025-01-09,71.0,71.0,73.0,71.0,72.0,3637500
2025-01-10,76.0,76.0,78.0,70.0,71.0,12667500
2025-01-13,72.0,72.0,84.0,72.0,82.0,39490100
2025-01-14,73.0,73.0,74.0,72.0,72.0,2757000
2025-01-15,73.0,73.0,76.0,71.0,73.0,18745200
2025-01-16,73.0,73.0,74.0,73.0,74.0,2651900
2025-01-17,73.0,73.0,74.0,72.0,73.0,5906200
2025-01-20,74.0,74.0,75.0,72.0,73.0,7063500
2025-01-21,74.0,74.0,75.0,73.0,74.0,3104100
2025-01-22,73.0,73.0,74.0,72.0,74.0,1858600
2025-01-23,73.0,73.0,74.0,71.0,73.0,3045800
2025-01-24,72.0,72.0,73.0,72.0,73.0,3252100
2025-01-30,72.0,72.0,73.0,71.0,72.0,2280400
2025-01-31,72.0,72.0,75.0,71.0,72.0,16623400
2025-02-03,71.0,71.0,73.0,70.0,72.0,2674300
2025-02-04,71.0,71.0,72.0,71.0,71.0,1779000
2025-02-05,71.0,71.0,73.0,71.0,71.0,3354200
2025-02-06,71.0,71.0,72.0,69.0,72.0,5156800
2025-02-07,69.0,69.0,71.0,69.0,71.0,4705300
2025-02-10,69.0,69.0,70.0,67.0,70.0,829000
2025-02-11,66.0,66.0,70.0,61.0,68.0,7287000
2025-02-12,68.0,68.0,70.0,65.0,65.0,13913000
2025-02-13,68.0,68.0,69.0,65.0,68.0,3842000
2025-02-14,67.0,67.0,69.0,66.0,68.0,2601900
2025-02-17,68.0,68.0,69.0,67.0,67.0,1884400
2025-02-18,68.0,68.0,69.0,68.0,68.0,1566700
2025-02-19,68.0,68.0,69.0,67.0,69.0,2640300
2025-02-20,68.0,68.0,69.0,67.0,68.0,3374200
2025-02-21,67.0,67.0,68.0,66.0,68.0,861100
2025-02-24,65.0,65.0,68.0,65.0,67.0,2935700
2025-02-25,65.0,65.0,66.0,64.0,66.0,1665500
2025-02-26,65.0,65.0,66.0,63.0,65.0,1614900
2025-02-27,64.0,64.0,65.0,63.0,64.0,2146400
2025-02-28,62.0,62.0,64.0,61.0,64.0,5048600
2025-03-03,63.0,63.0,66.0,62.0,62.0,6445500
2025-03-04,62.0,62.0,63.0,60.0,63.0,2702000
2025-03-05,63.0,63.0,65.0,62.0,62.0,5638700
2025-03-06,64.0,64.0,64.0,62.0,63.0,1207400
2025-03-07,64.0,64.0,64.0,63.0,63.0,729800
2025-03-10,63.0,63.0,64.0,62.0,64.0,963000
2025-03-11,62.0,62.0,63.0,61.0,63.0,1879600
2025-03-12,63.0,63.0,63.0,62.0,63.0,923300
2025-03-13,63.0,63.0,63.0,61.0,63.0,868000
2025-03-14,62.0,62.0,63.0,61.0,63.0,797000
2025-03-17,61.0,61.0,62.0,61.0,62.0,1469200
2025-03-18,60.0,60.0,62.0,57.0,62.0,4167800
2025-03-19,59.0,59.0,60.0,58.0,60.0,1410600
2025-03-20,60.0,60.0,61.0,58.0,58.0,2070700
2025-03-21,59.0,59.0,62.0,58.0,60.0,5088100
2025-03-24,59.0,59.0,60.0,58.0,59.0,2859100
2025-03-25,60.0,60.0,64.0,58.0,59.0,2215500
2025-03-26,63.0,63.0,64.0,60.0,60.0,2956700
2025-03-27,62.0,62.0,64.0,60.0,62.0,3592200
2025-04-08,56.0,56.0,59.0,54.0,55.0,7776400
2025-04-09,55.0,55.0,57.0,55.0,56.0,5081500
2025-04-10,57.0,57.0,59.0,55.0,56.0,6050900
2025-04-11,58.0,58.0,60.0,57.0,60.0,2612600
2025-04-14,61.0,61.0,62.0,57.0,58.0,9514200
2025-04-15,60.0,60.0,62.0,60.0,61.0,1006000
2025-04-16,59.0,59.0,62.0,58.0,60.0,2399900
2025-04-17,60.0,60.0,61.0,59.0,59.0,940800
2025-04-21,60.0,60.0,62.0,60.0,60.0,2438800
2025-04-22,62.0,62.0,63.0,60.0,60.0,2217000
2025-04-23,63.0,63.0,64.0,61.0,62.0,3122300
2025-04-24,66.0,66.0,67.0,63.0,63.0,14183400
2025-04-25,65.0,65.0,66.0,63.0,66.0,6942200
2025-04-28,65.0,65.0,67.0,64.0,65.0,1886400
2025-04-29,67.0,67.0,74.0,64.0,65.0,4165900
2025-04-30,67.0,67.0,69.0,66.0,68.0,1992400
2025-05-02,67.0,67.0,68.0,65.0,67.0,1751600
2025-05-05,68.0,68.0,68.0,66.0,67.0,3054400
2025-05-06,67.0,67.0,68.0,66.0,68.0,3790300
2025-05-07,68.0,68.0,68.0,66.0,67.0,2197300
2025-05-08,66.0,66.0,68.0,65.0,68.0,6354000
2025-05-09,65.0,65.0,66.0,64.0,66.0,3597000
2025-05-14,67.0,67.0,67.0,65.0,65.0,1802200
2025-05-15,68.0,68.0,69.0,67.0,67.0,1662000
2025-05-16,67.0,67.0,69.0,66.0,67.0,1845100
2025-05-19,68.0,68.0,69.0,67.0,68.0,2858600
2025-05-20,67.0,67.0,69.0,65.0,68.0,4383200
2025-05-21,66.0,66.0,68.0,65.0,67.0,3835000
2025-05-22,66.0,66.0,68.0,66.0,67.0,1912100
2025-05-23,65.0,65.0,67.0,65.0,67.0,936900
2025-05-26,65.0,65.0,67.0,65.0,66.0,1959700
2025-05-27,66.0,66.0,67.0,65.0,66.0,1365500
2025-05-28,65.0,65.0,67.0,65.0,66.0,1692300
2025-06-02,66.0,66.0,66.0,65.0,65.0,895000
2025-06-03,65.0,65.0,66.0,65.0,66.0,2959900
2025-06-04,65.0,65.0,66.0,65.0,66.0,899900
2025-06-05,66.0,66.0,67.0,64.0,65.0,3023600
2025-06-10,67.0,67.0,67.0,65.0,65.0,1601400
2025-06-11,67.0,67.0,67.0,65.0,66.0,3093200
2025-06-12,67.0,67.0,67.0,65.0,66.0,5935700
2025-06-13,67.0,67.0,67.0,66.0,67.0,739900
2025-06-16,67.0,67.0,67.0,65.0,67.0,1353000
2025-06-17,66.0,66.0,67.0,65.0,67.0,1743400
2025-06-18,66.0,66.0,67.0,65.0,66.0,1486400
2025-06-19,64.0,64.0,66.0,63.0,66.0,2378700
2025-06-20,65.0,65.0,65.0,62.0,64.0,1554600
2025-06-23,63.0,63.0,65.0,62.0,65.0,2063500
2025-06-24,64.0,64.0,65.0,63.0,63.0,1327600
2025-06-25,63.0,63.0,65.0,63.0,64.0,1238600
2025-06-26,63.0,63.0,64.0,63.0,63.0,360300
2025-06-30,65.0,65.0,65.0,63.0,63.0,1619300
2025-07-01,65.0,65.0,65.0,63.0,65.0,1184000
2025-07-02,65.0,65.0,65.0,64.0,65.0,2508900
2025-07-03,65.0,65.0,66.0,64.0,65.0,1097600
2025-07-04,64.0,64.0,66.0,64.0,65.0,861400
2025-07-07,64.0,64.0,65.0,63.0,64.0,2007500
2025-07-08,65.0,65.0,65.0,63.0,64.0,293900
2025-07-09,65.0,65.0,65.0,64.0,64.0,345300
2025-07-10,65.0,65.0,65.0,63.0,65.0,2152400
2025-07-11,64.0,64.0,65.0,64.0,65.0,2238000
2025-07-14,64.0,64.0,65.0,64.0,64.0,2039400
2025-07-15,64.0,64.0,65.0,63.0,64.0,2559100
2025-07-16,63.0,63.0,64.0,63.0,64.0,2141900
2025-07-17,64.0,64.0,64.0,63.0,63.0,2079900
2025-07-18,64.0,64.0,65.0,63.0,64.0,2075100
2025-07-21,64.0,64.0,64.0,63.0,63.0,2808200
2025-07-22,63.0,63.0,64.0,63.0,64.0,2643800
2025-07-23,63.0,63.0,63.0,62.0,63.0,2462100
2025-07-24,64.0,64.0,65.0,63.0,63.0,6720600
2025-07-25,65.0,65.0,67.0,63.0,64.0,4812500
2025-07-28,65.0,65.0,66.0,64.0,64.0,3117400
2025-07-29,64.0,64.0,65.0,63.0,65.0,2808200
2025-07-30,63.0,63.0,65.0,63.0,64.0,1590600
2025-07-31,64.0,64.0,65.0,63.0,63.0,1678600
2025-08-01,64.0,64.0,65.0,63.0,64.0,1132500
2025-08-04,64.0,64.0,65.0,63.0,65.0,1910600
2025-08-05,65.0,65.0,65.0,63.0,65.0,1876100
2025-08-06,65.0,65.0,65.0,64.0,65.0,463900
2025-08-07,65.0,65.0,65.0,63.0,65.0,4014100
2025-08-08,65.0,65.0,66.0,64.0,65.0,1635200
2025-08-11,65.0,65.0,66.0,64.0,65.0,3228700
2025-08-12,67.0,67.0,71.0,64.0,65.0,16584300
2025-08-13,66.0,66.0,68.0,65.0,67.0,5705700
2025-08-14,69.0,69.0,72.0,65.0,66.0,45504200
2025-08-15,67.0,67.0,70.0,67.0,69.0,10120200
2025-08-19,69.0,69.0,71.0,67.0,67.0,10461200
2025-08-20,73.0,73.0,73.0,69.0,69.0,13315200
2025-08-21,71.0,71.0,73.0,71.0,73.0,7875900
2025-08-22,75.0,75.0,81.0,70.0,71.0,94689200
2025-08-25,83.0,83.0,86.0,74.0,76.0,107948800
2025-08-26,82.0,82.0,87.0,81.0,84.0,32655500
2025-08-27,81.0,81.0,82.0,79.0,82.0,11438600
2025-08-28,85.0,85.0,86.0,80.0,82.0,29965000
2025-08-29,81.0,81.0,85.0,75.0,85.0,39706400
2025-09-01,77.0,77.0,79.0,70.0,75.0,20292500
2025-09-02,78.0,78.0,81.0,76.0,77.0,11495900
2025-09-03,78.0,78.0,79.0,77.0,78.0,5399900
2025-09-04,77.0,77.0,80.0,75.0,78.0,21784800
2025-09-08,75.0,75.0,79.0,75.0,75.0,19776100
2025-09-09,74.0,74.0,75.0,72.0,75.0,9567700
2025-09-10,75.0,75.0,79.0,73.0,74.0,23973600
2025-09-11,76.0,76.0,79.0,75.0,75.0,6332300
2025-09-12,75.0,75.0,78.0,75.0,75.0,7949300
2025-09-15,77.0,77.0,78.0,75.0,76.0,5646800
2025-09-16,83.0,83.0,86.0,78.0,81.0,92911000
2025-09-17,80.0,80.0,86.0,79.0,84.0,31561500
2025-09-18,82.0,82.0,93.0,77.0,80.0,149813100
2025-09-19,80.0,80.0,83.0,79.0,83.0,18439900
2025-09-22,79.0,79.0,82.0,79.0,80.0,9196900
2025-09-23,79.0,79.0,80.0,78.0,80.0,6401200
2025-09-24,77.0,77.0,79.0,77.0,79.0,8547900
2025-09-25,77.0,77.0,79.0,76.0,77.0,7937300
2025-09-26,76.0,76.0,77.0,75.0,76.0,2776700
2025-09-29,77.0,77.0,78.0,75.0,77.0,6348900
2025-09-30,77.0,77.0,78.0,76.0,77.0,6864600
2025-10-01,77.0,77.0,78.0,76.0,77.0,4681500
2025-10-02,78.0,78.0,80.0,77.0,77.0,13659100
2025-10-03,77.0,77.0,78.0,76.0,78.0,7409000
2025-10-06,75.0,75.0,78.0,74.0,78.0,12398500
2025-10-07,74.0,74.0,76.0,73.0,76.0,10233100
2025-10-08,73.0,73.0,74.0,73.0,74.0,3424700
2025-10-09,74.0,74.0,74.0,72.0,73.0,5470900
2025-10-10,74.0,74.0,74.0,73.0,74.0,3987600
2025-10-13,72.0,72.0,73.0,71.0,73.0,4051500
2025-10-14,70.0,70.0,73.0,69.0,72.0,5686000
2025-10-15,70.0,70.0,71.0,69.0,71.0,2748400
2025-10-16,69.0,69.0,70.0,67.0,70.0,6058600
2025-10-17,67.0,67.0,69.0,65.0,69.0,6511300
2025-10-20,69.0,69.0,70.0,65.0,67.0,6134800
2025-10-21,69.0,69.0,70.0,68.0,69.0,5500200
2025-10-22,69.0,69.0,71.0,68.0,69.0,5430000
2025-10-23,69.0,69.0,70.0,68.0,69.0,3948700
2025-10-24,70.0,70.0,70.0,68.0,69.0,2326200
2025-10-27,69.0,69.0,70.0,68.0,69.0,1811100
2025-10-28,70.0,70.0,72.0,69.0,69.0,3478300
2025-10-29,70.0,70.0,71.0,69.0,70.0,1353700
2025-10-30,70.0,70.0,71.0,69.0,70.0,2911100
2025-10-31,70.0,70.0,71.0,69.0,70.0,1924600
2025-11-03,70.0,70.0,71.0,69.0,71.0,5639000
2025-11-04,70.0,70.0,71.0,69.0,70.0,6345700
2025-11-05,70.0,70.0,71.0,69.0,70.0,1216800
2025-11-06,70.0,70.0,71.0,69.0,70.0,3082300
2025-11-07,71.0,71.0,73.0,70.0,71.0,4958200
2025-11-10,72.0,72.0,75.0,72.0,72.0,23867300
2025-11-11,73.0,73.0,74.0,71.0,73.0,5756800
2025-11-12,72.0,72.0,74.0,72.0,73.0,5259600
2025-11-13,74.0,74.0,75.0,72.0,72.0,6157900
2025-11-14,72.0,72.0,74.0,72.0,74.0,2902900
2025-11-17,72.0,72.0,75.0,72.0,72.0,7622700
2025-11-18,71.0,71.0,74.0,71.0,73.0,4322000
2025-11-19,71.0,71.0,72.0,69.0,72.0,7571900
2025-11-20,70.0,70.0,71.0,69.0,71.0,7201600
2025-11-21,70.0,70.0,70.0,69.0,70.0,10777200
2025-11-24,72.0,72.0,73.0,70.0,71.0,8830300
2025-11-25,72.0,72.0,74.0,71.0,72.0,13328700
2025-11-26,85.0,85.0,96.0,72.0,72.0,562747400
2025-11-27,80.0,80.0,88.0,79.0,85.0,172848600
2025-11-28,79.0,79.0,82.0,74.0,80.0,63088500
2025-12-01,76.0,76.0,78.0,75.0,77.0,26297200
2025-12-02,76.0,76.0,77.0,74.0,76.0,31056300
2025-12-03,76.0,76.0,77.0,75.0,76.0,21213100
2025-12-04,76.0,76.0,79.0,75.0,76.0,19659200
2025-12-05,78.0,78.0,78.0,75.0,76.0,23627800
2025-12-08,78.0,78.0,79.0,76.0,78.0,15371500
2025-12-09,77.0,77.0,78.0,76.0,78.0,9369400
2025-12-10,76.0,76.0,77.0,75.0,77.0,11411100
2025-12-11,77.0,77.0,79.0,75.0,75.0,35939300
2025-12-12,84.0,84.0,90.0,79.0,81.0,261822100
2025-12-15,83.0,83.0,86.0,80.0,83.0,105744000
2025-12-16,84.0,84.0,85.0,81.0,85.0,30350000
2025-12-17,82.0,82.0,85.0,81.0,85.0,25354100
2025-12-18,80.0,80.0,83.0,79.0,83.0,19952900
2025-12-19,80.0,80.0,81.0,79.0,81.0,9447900
2025-12-22,79.0,79.0,81.0,77.0,80.0,22541000
2025-12-23,79.0,79.0,79.0,77.0,79.0,7701600
2025-12-24,78.0,78.0,79.0,77.0,79.0,8628600
2025-12-29,80.0,80.0,82.0,77.0,77.0,12993500
2025-12-30,81.0,81.0,81.0,80.0,80.0,4341100
