Date,Adj Close,Close,High,Low,Open,Volume
2020-01-02,189.7936248779297,191.84027099609375,196.6362762451172,185.1258544921875,185.1258544921875,37948
2020-01-03,185.0487823486328,187.0442657470703,198.55467224121094,187.0442657470703,191.84027099609375,16889
2020-01-06,189.7936248779297,191.84027099609375,191.84027099609375,185.1258544921875,185.1258544921875,12093
2020-01-07,189.7936248779297,191.84027099609375,191.84027099609375,187.0442657470703,191.84027099609375,22518
2020-01-08,189.7936248779297,191.84027099609375,191.84027099609375,191.84027099609375,191.84027099609375,834
2020-01-09,189.7936248779297,191.84027099609375,191.84027099609375,191.84027099609375,191.84027099609375,0
2020-01-10,189.7936248779297,191.84027099609375,191.84027099609375,191.84027099609375,191.84027099609375,18348
2020-01-13,189.7936248779297,191.84027099609375,191.84027099609375,191.84027099609375,191.84027099609375,208
2020-01-14,189.7936248779297,191.84027099609375,191.84027099609375,191.84027099609375,191.84027099609375,0
2020-01-15,187.8956756591797,189.92185974121094,191.84027099609375,189.92185974121094,191.84027099609375,62552
2020-01-16,189.7936248779297,191.84027099609375,191.84027099609375,191.84027099609375,191.84027099609375,1251
2020-01-17,189.7936248779297,191.84027099609375,191.84027099609375,191.84027099609375,191.84027099609375,834
2020-01-20,189.7936248779297,191.84027099609375,191.84027099609375,189.92185974121094,191.84027099609375,57339
2020-01-21,182.2018585205078,184.16665649414062,184.16665649414062,184.16665649414062,184.16665649414062,28356
2020-01-22,189.7936248779297,191.84027099609375,191.84027099609375,190.8810577392578,191.84027099609375,140742
2020-01-23,190.74258422851562,192.79946899414062,192.79946899414062,191.84027099609375,191.84027099609375,150333
2020-01-24,192.6405029296875,194.71786499023438,194.71786499023438,190.8810577392578,192.79946899414062,164928
2020-01-27,192.6405029296875,194.71786499023438,194.71786499023438,191.84027099609375,194.71786499023438,1876
2020-01-28,185.0487823486328,187.0442657470703,194.71786499023438,187.0442657470703,194.71786499023438,65679
2020-01-29,185.0487823486328,187.0442657470703,187.0442657470703,187.0442657470703,187.0442657470703,1251
2020-01-30,203.0791473388672,205.2690887451172,205.2690887451172,194.71786499023438,194.71786499023438,110091
2020-01-31,218.26263427734375,220.61630249023438,222.5347137451172,204.30987548828125,205.2690887451172,260633
2020-02-03,204.02813720703125,206.22828674316406,220.61630249023438,196.6362762451172,220.61630249023438,42952
2020-02-04,199.28329467773438,201.43228149414062,211.0242919921875,187.0442657470703,211.0242919921875,61300
2020-02-05,204.02813720703125,206.22828674316406,206.22828674316406,188.0034637451172,201.43228149414062,98206
2020-02-06,223.00746154785156,225.4123077392578,239.8003387451172,196.6362762451172,196.6362762451172,175562
2020-02-07,215.41574096679688,217.73870849609375,230.20831298828125,196.6362762451172,225.4123077392578,21684
2020-02-10,215.41574096679688,217.73870849609375,220.61630249023438,217.73870849609375,220.61630249023438,2919
2020-02-11,218.26263427734375,220.61630249023438,220.61630249023438,198.55467224121094,208.1466827392578,73602
2020-02-12,213.517822265625,215.82029724121094,219.6571044921875,215.82029724121094,219.6571044921875,10008
2020-02-13,213.517822265625,215.82029724121094,217.73870849609375,211.0242919921875,215.82029724121094,60883
2020-02-14,213.517822265625,215.82029724121094,215.82029724121094,215.82029724121094,215.82029724121094,0
2020-02-17,210.67091369628906,212.94268798828125,215.82029724121094,212.94268798828125,215.82029724121094,4795
2020-02-18,219.21160888671875,221.57550048828125,225.4123077392578,220.61630249023438,225.4123077392578,3336
2020-02-19,219.21160888671875,221.57550048828125,221.57550048828125,221.57550048828125,221.57550048828125,0
2020-02-20,218.26263427734375,220.61630249023438,225.4123077392578,220.61630249023438,225.4123077392578,8757
2020-02-21,218.26263427734375,220.61630249023438,220.61630249023438,220.61630249023438,220.61630249023438,0
2020-02-24,218.26263427734375,220.61630249023438,220.61630249023438,220.61630249023438,220.61630249023438,0
2020-02-25,223.00746154785156,225.4123077392578,225.4123077392578,215.82029724121094,225.4123077392578,9382
2020-02-26,171.76321411132812,173.6154327392578,225.4123077392578,173.6154327392578,225.4123077392578,834
2020-02-27,213.517822265625,215.82029724121094,215.82029724121094,192.79946899414062,199.5138702392578,40450
2020-02-28,227.75233459472656,230.20831298828125,230.20831298828125,215.82029724121094,222.5347137451172,547955
2020-03-02,222.05853271484375,224.45310974121094,227.33071899414062,211.0242919921875,221.57550048828125,74228
2020-03-03,219.21160888671875,221.57550048828125,230.20831298828125,213.9019012451172,230.20831298828125,11050
2020-03-04,221.1095428466797,223.49391174316406,224.45310974121094,223.49391174316406,224.45310974121094,2919
2020-03-05,223.00746154785156,225.4123077392578,225.4123077392578,224.45310974121094,224.45310974121094,13552
2020-03-06,221.1095428466797,223.49391174316406,224.45310974121094,223.49391174316406,224.45310974121094,1251
2020-03-09,213.517822265625,215.82029724121094,223.49391174316406,215.82029724121094,223.49391174316406,2085
2020-03-10,212.56886291503906,214.86109924316406,215.82029724121094,210.06509399414062,215.82029724121094,4795
2020-03-11,194.5384521484375,196.6362762451172,223.49391174316406,196.6362762451172,207.18748474121094,193077
2020-03-12,208.77297973632812,211.0242919921875,213.9019012451172,196.6362762451172,196.6362762451172,2085
2020-03-13,208.77297973632812,211.0242919921875,211.0242919921875,211.0242919921875,211.0242919921875,417
2020-03-16,208.77297973632812,211.0242919921875,211.0242919921875,211.0242919921875,211.0242919921875,0
2020-03-17,208.77297973632812,211.0242919921875,211.0242919921875,206.22828674316406,206.22828674316406,2919
2020-03-18,208.77297973632812,211.0242919921875,211.0242919921875,211.0242919921875,211.0242919921875,0
2020-03-19,208.77297973632812,211.0242919921875,211.0242919921875,211.0242919921875,211.0242919921875,0
2020-03-20,208.77297973632812,211.0242919921875,211.0242919921875,211.0242919921875,211.0242919921875,1042
2020-03-23,207.82398986816406,210.06509399414062,210.06509399414062,210.06509399414062,210.06509399414062,208
2020-03-24,208.77297973632812,211.0242919921875,220.61630249023438,211.0242919921875,220.61630249023438,1668
2020-03-26,208.77297973632812,211.0242919921875,211.0242919921875,211.0242919921875,211.0242919921875,9799
2020-03-27,221.1095428466797,223.49391174316406,223.49391174316406,211.0242919921875,211.0242919921875,1251
2020-03-30,221.1095428466797,223.49391174316406,223.49391174316406,223.49391174316406,223.49391174316406,0
2020-03-31,221.1095428466797,223.49391174316406,223.49391174316406,222.5347137451172,222.5347137451172,625
2020-04-01,207.82398986816406,210.06509399414062,220.61630249023438,210.06509399414062,220.61630249023438,4795
2020-04-02,208.77297973632812,211.0242919921875,211.0242919921875,211.0242919921875,211.0242919921875,1876
2020-04-03,206.8750457763672,209.10589599609375,210.06509399414062,209.10589599609375,210.06509399414062,2293
2020-04-06,208.77297973632812,211.0242919921875,223.49391174316406,209.10589599609375,209.10589599609375,6046
2020-04-07,208.77297973632812,211.0242919921875,211.0242919921875,211.0242919921875,211.0242919921875,0
2020-04-08,208.77297973632812,211.0242919921875,211.0242919921875,211.0242919921875,211.0242919921875,0
2020-04-09,207.82398986816406,210.06509399414062,210.06509399414062,196.6362762451172,210.06509399414062,4378
2020-04-13,207.82398986816406,210.06509399414062,210.06509399414062,210.06509399414062,210.06509399414062,208
2020-04-14,207.82398986816406,210.06509399414062,210.06509399414062,210.06509399414062,210.06509399414062,0
2020-04-15,212.56886291503906,214.86109924316406,225.4123077392578,214.86109924316406,225.4123077392578,834
2020-04-16,208.77297973632812,211.0242919921875,211.0242919921875,206.22828674316406,211.0242919921875,233110
2020-04-17,206.8750457763672,209.10589599609375,209.10589599609375,209.10589599609375,209.10589599609375,219140
2020-04-20,204.02813720703125,206.22828674316406,211.0242919921875,206.22828674316406,211.0242919921875,208298
2020-04-21,204.02813720703125,206.22828674316406,206.22828674316406,206.22828674316406,206.22828674316406,0
2020-04-22,204.02813720703125,206.22828674316406,206.22828674316406,206.22828674316406,206.22828674316406,0
2020-04-23,213.517822265625,215.82029724121094,220.61630249023438,206.22828674316406,206.22828674316406,417430
2020-04-24,199.28329467773438,201.43228149414062,212.94268798828125,201.43228149414062,212.94268798828125,260842
2020-04-27,199.28329467773438,201.43228149414062,201.43228149414062,201.43228149414062,201.43228149414062,0
2020-04-28,189.7936248779297,191.84027099609375,215.82029724121094,191.84027099609375,200.47308349609375,14595
2020-04-29,189.7936248779297,191.84027099609375,191.84027099609375,178.4114532470703,182.2482452392578,213093
2020-04-30,199.28329467773438,201.43228149414062,201.43228149414062,191.84027099609375,191.84027099609375,214344
2020-05-04,201.18121337890625,203.35067749023438,205.2690887451172,188.0034637451172,201.43228149414062,360925
2020-05-05,203.0791473388672,205.2690887451172,205.2690887451172,203.35067749023438,205.2690887451172,282526
2020-05-06,203.0791473388672,205.2690887451172,205.2690887451172,204.30987548828125,205.2690887451172,250833
2020-05-08,201.18121337890625,203.35067749023438,203.35067749023438,196.6362762451172,196.6362762451172,281692
2020-05-11,199.28329467773438,201.43228149414062,201.43228149414062,201.43228149414062,201.43228149414062,208
2020-05-12,185.99774169921875,188.0034637451172,212.94268798828125,188.0034637451172,212.94268798828125,357172
2020-05-13,199.28329467773438,201.43228149414062,201.43228149414062,196.6362762451172,196.6362762451172,417
2020-05-14,186.9467010498047,188.96266174316406,206.22828674316406,188.96266174316406,206.22828674316406,834
2020-05-15,186.9467010498047,188.96266174316406,188.96266174316406,188.96266174316406,188.96266174316406,3544
2020-05-18,204.02813720703125,206.22828674316406,206.22828674316406,195.6770782470703,195.6770782470703,1459
2020-05-19,203.0791473388672,205.2690887451172,205.2690887451172,204.30987548828125,205.2690887451172,501667
2020-05-20,203.0791473388672,205.2690887451172,205.2690887451172,205.2690887451172,205.2690887451172,4795
2020-05-26,201.18121337890625,203.35067749023438,205.2690887451172,201.43228149414062,201.43228149414062,352793
2020-05-27,201.18121337890625,203.35067749023438,203.35067749023438,203.35067749023438,203.35067749023438,0
2020-05-28,199.28329467773438,201.43228149414062,203.35067749023438,201.43228149414062,201.43228149414062,7923
2020-05-29,194.5384521484375,196.6362762451172,197.59547424316406,188.0034637451172,188.0034637451172,60883
2020-06-02,208.77297973632812,211.0242919921875,211.0242919921875,191.84027099609375,196.6362762451172,4795
2020-06-03,199.28329467773438,201.43228149414062,211.0242919921875,196.6362762451172,203.35067749023438,334444
2020-06-04,189.7936248779297,191.84027099609375,200.47308349609375,191.84027099609375,200.47308349609375,7089
2020-06-05,183.15084838867188,185.1258544921875,191.84027099609375,182.2482452392578,182.2482452392578,32527
2020-06-08,186.9467010498047,188.96266174316406,196.6362762451172,188.96266174316406,189.92185974121094,26688
2020-06-09,187.8956756591797,189.92185974121094,191.84027099609375,176.4930419921875,191.84027099609375,1571098
2020-06-10,187.8956756591797,189.92185974121094,189.92185974121094,189.92185974121094,189.92185974121094,417
2020-06-11,187.8956756591797,189.92185974121094,189.92185974121094,189.92185974121094,189.92185974121094,0
2020-06-12,187.8956756591797,189.92185974121094,189.92185974121094,177.45223999023438,177.45223999023438,6255
2020-06-15,178.40599060058594,180.32984924316406,189.92185974121094,180.32984924316406,189.92185974121094,417
2020-06-16,186.9467010498047,188.96266174316406,188.96266174316406,170.7378387451172,180.32984924316406,3127
2020-06-17,185.99774169921875,188.0034637451172,195.6770782470703,188.0034637451172,195.6770782470703,42535
2020-06-18,185.0487823486328,187.0442657470703,187.0442657470703,177.45223999023438,178.4114532470703,25437
2020-06-19,185.0487823486328,187.0442657470703,187.0442657470703,187.0442657470703,187.0442657470703,0
2020-06-22,185.0487823486328,187.0442657470703,187.0442657470703,187.0442657470703,187.0442657470703,1251
2020-06-23,189.7936248779297,191.84027099609375,191.84027099609375,191.84027099609375,191.84027099609375,2293
2020-06-24,189.7936248779297,191.84027099609375,191.84027099609375,191.84027099609375,191.84027099609375,1876
2020-06-25,189.7936248779297,191.84027099609375,191.84027099609375,191.84027099609375,191.84027099609375,208
2020-06-26,187.8956756591797,189.92185974121094,189.92185974121094,179.3706512451172,185.1258544921875,2293
2020-06-29,177.45701599121094,179.3706512451172,185.1258544921875,177.45223999023438,184.16665649414062,45871
2020-06-30,173.66116333007812,175.53384399414062,175.53384399414062,169.7786407470703,169.7786407470703,625
2020-07-01,176.50807189941406,178.4114532470703,178.4114532470703,177.45223999023438,177.45223999023438,834
2020-07-02,176.50807189941406,178.4114532470703,178.4114532470703,178.4114532470703,178.4114532470703,208
2020-07-03,176.50807189941406,178.4114532470703,178.4114532470703,178.4114532470703,178.4114532470703,417
2020-07-06,180.30392456054688,182.2482452392578,182.2482452392578,178.4114532470703,178.4114532470703,2085
2020-07-07,189.7936248779297,191.84027099609375,191.84027099609375,182.2482452392578,182.2482452392578,4795
2020-07-08,189.7936248779297,191.84027099609375,191.84027099609375,179.3706512451172,191.84027099609375,772934
2020-07-09,189.7936248779297,191.84027099609375,191.84027099609375,191.84027099609375,191.84027099609375,1425769
2020-07-10,189.7936248779297,191.84027099609375,191.84027099609375,191.84027099609375,191.84027099609375,208
2020-07-13,179.3549346923828,181.28904724121094,191.84027099609375,181.28904724121094,191.84027099609375,21684
2020-07-14,179.3549346923828,181.28904724121094,181.28904724121094,181.28904724121094,181.28904724121094,24395
2020-07-15,179.3549346923828,181.28904724121094,181.28904724121094,181.28904724121094,181.28904724121094,0
2020-07-16,179.3549346923828,181.28904724121094,181.28904724121094,181.28904724121094,181.28904724121094,0
2020-07-17,172.71217346191406,174.57464599609375,175.53384399414062,171.69703674316406,171.69703674316406,625
2020-07-20,172.71217346191406,174.57464599609375,174.57464599609375,174.57464599609375,174.57464599609375,208
2020-07-21,172.71217346191406,174.57464599609375,174.57464599609375,174.57464599609375,174.57464599609375,2085
2020-07-22,172.71217346191406,174.57464599609375,174.57464599609375,174.57464599609375,174.57464599609375,417
2020-07-23,174.61009216308594,176.4930419921875,176.4930419921875,175.53384399414062,175.53384399414062,2293
2020-07-24,189.7936248779297,191.84027099609375,191.84027099609375,182.2482452392578,182.2482452392578,3544
2020-07-27,189.7936248779297,191.84027099609375,191.84027099609375,191.84027099609375,191.84027099609375,208
2020-07-28,188.84461975097656,190.8810577392578,190.8810577392578,190.8810577392578,190.8810577392578,208
2020-07-29,188.84461975097656,190.8810577392578,190.8810577392578,190.8810577392578,190.8810577392578,0
2020-07-30,185.0487823486328,187.0442657470703,190.8810577392578,187.0442657470703,190.8810577392578,2293
2020-08-03,180.30392456054688,182.2482452392578,182.2482452392578,174.57464599609375,182.2482452392578,3961
2020-08-04,189.7936248779297,191.84027099609375,191.84027099609375,182.2482452392578,190.8810577392578,22727
2020-08-05,189.7936248779297,191.84027099609375,191.84027099609375,191.84027099609375,191.84027099609375,486863
2020-08-06,177.45701599121094,179.3706512451172,191.84027099609375,179.3706512451172,191.84027099609375,383861
2020-08-07,182.2018585205078,184.16665649414062,191.84027099609375,181.28904724121094,181.28904724121094,2710
2020-08-10,182.2018585205078,184.16665649414062,184.16665649414062,183.20745849609375,183.20745849609375,14803
2020-08-11,183.15084838867188,185.1258544921875,185.1258544921875,183.20745849609375,184.16665649414062,4170
2020-08-12,183.15084838867188,185.1258544921875,185.1258544921875,185.1258544921875,185.1258544921875,14178
2020-08-13,183.15084838867188,185.1258544921875,185.1258544921875,185.1258544921875,185.1258544921875,3753
2020-08-14,183.15084838867188,185.1258544921875,187.0442657470703,177.45223999023438,187.0442657470703,29399
2020-08-18,183.15084838867188,185.1258544921875,185.1258544921875,185.1258544921875,185.1258544921875,0
2020-08-19,189.7936248779297,191.84027099609375,191.84027099609375,191.84027099609375,191.84027099609375,208
2020-08-24,189.7936248779297,191.84027099609375,191.84027099609375,191.84027099609375,191.84027099609375,2085
2020-08-25,189.7936248779297,191.84027099609375,191.84027099609375,191.84027099609375,191.84027099609375,0
2020-08-26,189.7936248779297,191.84027099609375,191.84027099609375,191.84027099609375,191.84027099609375,827563
2020-08-27,179.84951782226562,181.28904724121094,186.08505249023438,180.32984924316406,186.08505249023438,56713
2020-08-28,179.84951782226562,181.28904724121094,182.2482452392578,181.28904724121094,181.28904724121094,15429
2020-08-31,179.84951782226562,181.28904724121094,181.28904724121094,181.28904724121094,181.28904724121094,0
2020-09-01,179.84951782226562,181.28904724121094,181.28904724121094,181.28904724121094,181.28904724121094,16263
2020-09-02,179.84951782226562,181.28904724121094,181.28904724121094,181.28904724121094,181.28904724121094,0
2020-09-03,180.80111694335938,182.2482452392578,182.2482452392578,181.28904724121094,181.28904724121094,1042
2020-09-04,172.23684692382812,173.6154327392578,173.6154327392578,173.6154327392578,173.6154327392578,417
2020-09-07,162.7209930419922,164.02342224121094,164.02342224121094,164.02342224121094,164.02342224121094,208
2020-09-08,162.7209930419922,164.02342224121094,164.02342224121094,164.02342224121094,164.02342224121094,0
2020-09-09,164.6241912841797,165.94183349609375,165.94183349609375,165.94183349609375,165.94183349609375,208
2020-09-10,176.99481201171875,178.4114532470703,180.32984924316406,178.4114532470703,180.32984924316406,6463
2020-09-11,176.99481201171875,178.4114532470703,178.4114532470703,178.4114532470703,178.4114532470703,0
2020-09-14,176.99481201171875,178.4114532470703,178.4114532470703,178.4114532470703,178.4114532470703,0
2020-09-15,176.99481201171875,178.4114532470703,178.4114532470703,178.4114532470703,178.4114532470703,0
2020-09-16,176.99481201171875,178.4114532470703,178.4114532470703,178.4114532470703,178.4114532470703,0
2020-09-17,176.99481201171875,178.4114532470703,178.4114532470703,178.4114532470703,178.4114532470703,417
2020-09-18,188.41380310058594,189.92185974121094,189.92185974121094,180.32984924316406,180.32984924316406,1459
2020-09-21,178.89796447753906,180.32984924316406,180.32984924316406,180.32984924316406,180.32984924316406,2919
2020-09-22,188.41380310058594,189.92185974121094,189.92185974121094,189.92185974121094,189.92185974121094,208
2020-09-23,177.9463653564453,179.3706512451172,189.92185974121094,178.4114532470703,189.92185974121094,6255
2020-09-24,176.99481201171875,178.4114532470703,188.96266174316406,178.4114532470703,188.96266174316406,3336
2020-09-25,187.46221923828125,188.96266174316406,188.96266174316406,188.0034637451172,188.0034637451172,4378
2020-09-28,187.46221923828125,188.96266174316406,188.96266174316406,179.3706512451172,179.3706512451172,1251
2020-09-29,187.46221923828125,188.96266174316406,188.96266174316406,188.96266174316406,188.96266174316406,0
2020-09-30,187.46221923828125,188.96266174316406,188.96266174316406,178.4114532470703,188.0034637451172,5629
2020-10-01,187.46221923828125,188.96266174316406,188.96266174316406,188.96266174316406,188.96266174316406,0
2020-10-02,186.51063537597656,188.0034637451172,188.0034637451172,179.3706512451172,179.3706512451172,211425
2020-10-05,188.41380310058594,189.92185974121094,189.92185974121094,188.96266174316406,189.92185974121094,247914
2020-10-06,189.36538696289062,190.8810577392578,190.8810577392578,189.92185974121094,189.92185974121094,313802
2020-10-07,188.41380310058594,189.92185974121094,189.92185974121094,189.92185974121094,189.92185974121094,250208
2020-10-08,188.41380310058594,189.92185974121094,189.92185974121094,189.92185974121094,189.92185974121094,208923
2020-10-09,188.41380310058594,189.92185974121094,189.92185974121094,188.96266174316406,189.92185974121094,259173
2020-10-12,185.55906677246094,187.0442657470703,196.6362762451172,187.0442657470703,196.6362762451172,1251
2020-10-13,197.92967224121094,199.5138702392578,205.2690887451172,195.6770782470703,195.6770782470703,4378
2020-10-14,196.9780731201172,198.55467224121094,199.5138702392578,198.55467224121094,199.5138702392578,462885
2020-10-15,194.12330627441406,195.6770782470703,198.55467224121094,195.6770782470703,198.55467224121094,365720
2020-10-16,193.17172241210938,194.71786499023438,196.6362762451172,194.71786499023438,196.6362762451172,162426
2020-10-19,193.17172241210938,194.71786499023438,194.71786499023438,194.71786499023438,194.71786499023438,0
2020-10-20,192.2201385498047,193.7586669921875,193.7586669921875,193.7586669921875,193.7586669921875,208715
2020-10-21,196.9780731201172,198.55467224121094,201.43228149414062,198.55467224121094,201.43228149414062,1042
2020-10-22,195.0749053955078,196.6362762451172,196.6362762451172,196.6362762451172,196.6362762451172,417
2020-10-23,201.73597717285156,203.35067749023438,204.30987548828125,201.43228149414062,204.30987548828125,480608
2020-10-26,201.73597717285156,203.35067749023438,203.35067749023438,203.35067749023438,203.35067749023438,208
2020-10-27,199.83282470703125,201.43228149414062,201.43228149414062,201.43228149414062,201.43228149414062,208
2020-11-02,199.83282470703125,201.43228149414062,201.43228149414062,201.43228149414062,201.43228149414062,271267
2020-11-03,199.83282470703125,201.43228149414062,201.43228149414062,191.84027099609375,201.43228149414062,314428
2020-11-04,203.63916015625,205.2690887451172,205.2690887451172,201.43228149414062,201.43228149414062,5004
2020-11-05,198.88124084472656,200.47308349609375,205.2690887451172,200.47308349609375,205.2690887451172,418056
2020-11-06,198.88124084472656,200.47308349609375,202.3914794921875,200.47308349609375,202.3914794921875,323602
2020-11-09,197.92967224121094,199.5138702392578,200.47308349609375,199.5138702392578,200.47308349609375,252918
2020-11-10,197.92967224121094,199.5138702392578,199.5138702392578,199.5138702392578,199.5138702392578,208923
2020-11-11,203.63916015625,205.2690887451172,205.2690887451172,199.5138702392578,202.3914794921875,2919
2020-11-12,203.63916015625,205.2690887451172,205.2690887451172,205.2690887451172,205.2690887451172,2293
2020-11-13,202.68756103515625,204.30987548828125,205.2690887451172,204.30987548828125,205.2690887451172,417639
2020-11-16,199.83282470703125,201.43228149414062,203.35067749023438,201.43228149414062,203.35067749023438,252710
2020-11-17,199.83282470703125,201.43228149414062,201.43228149414062,200.47308349609375,201.43228149414062,267305
2020-11-18,195.0749053955078,196.6362762451172,201.43228149414062,196.6362762451172,201.43228149414062,1459
2020-11-19,195.0749053955078,196.6362762451172,196.6362762451172,195.6770782470703,196.6362762451172,304419
2020-11-20,195.0749053955078,196.6362762451172,196.6362762451172,196.6362762451172,196.6362762451172,208
2020-11-23,195.0749053955078,196.6362762451172,196.6362762451172,187.0442657470703,187.0442657470703,10842
2020-11-24,195.0749053955078,196.6362762451172,196.6362762451172,191.84027099609375,196.6362762451172,313594
2020-11-25,185.55906677246094,187.0442657470703,195.6770782470703,187.0442657470703,195.6770782470703,1668
2020-11-26,190.31698608398438,191.84027099609375,196.6362762451172,187.0442657470703,187.0442657470703,12301
2020-11-27,185.55906677246094,187.0442657470703,191.84027099609375,187.0442657470703,191.84027099609375,7923
2020-11-30,185.55906677246094,187.0442657470703,191.84027099609375,187.0442657470703,190.8810577392578,90491
2020-12-01,194.12330627441406,195.6770782470703,195.6770782470703,187.0442657470703,187.0442657470703,6672
2020-12-02,185.55906677246094,187.0442657470703,195.6770782470703,185.1258544921875,195.6770782470703,425353
2020-12-03,190.31698608398438,191.84027099609375,201.43228149414062,185.1258544921875,192.79946899414062,37322
2020-12-04,193.17172241210938,194.71786499023438,201.43228149414062,187.0442657470703,195.6770782470703,128023
2020-12-07,188.41380310058594,189.92185974121094,194.71786499023438,187.0442657470703,193.7586669921875,36697
2020-12-08,187.46221923828125,188.96266174316406,196.6362762451172,188.96266174316406,196.6362762451172,636154
2020-12-10,195.0749053955078,196.6362762451172,196.6362762451172,191.84027099609375,192.79946899414062,101334
2020-12-11,194.12330627441406,195.6770782470703,196.6362762451172,188.0034637451172,196.6362762451172,13344
2020-12-14,190.31698608398438,191.84027099609375,192.79946899414062,191.84027099609375,191.84027099609375,41284
2020-12-15,190.31698608398438,191.84027099609375,191.84027099609375,191.84027099609375,191.84027099609375,321934
2020-12-16,192.2201385498047,193.7586669921875,193.7586669921875,191.84027099609375,192.79946899414062,213510
2020-12-17,190.31698608398438,191.84027099609375,193.7586669921875,191.84027099609375,193.7586669921875,258548
2020-12-18,190.31698608398438,191.84027099609375,204.30987548828125,191.84027099609375,191.84027099609375,728731
2020-12-21,205.54232788085938,207.18748474121094,207.18748474121094,196.6362762451172,196.6362762451172,243118
2020-12-22,199.83282470703125,201.43228149414062,201.43228149414062,201.43228149414062,201.43228149414062,47539
2020-12-23,209.3486785888672,211.0242919921875,211.0242919921875,201.43228149414062,201.43228149414062,326104
2020-12-28,237.89622497558594,239.8003387451172,244.59634399414062,201.43228149414062,211.0242919921875,829857
2020-12-29,266.44378662109375,268.5763854980469,292.556396484375,239.8003387451172,239.8003387451172,358006
2020-12-30,271.2016906738281,273.37237548828125,273.37237548828125,263.7803649902344,268.5763854980469,43369
2021-01-04,266.44378662109375,268.5763854980469,273.37237548828125,263.7803649902344,273.37237548828125,729565
2021-01-05,252.16998291015625,254.1883544921875,268.5763854980469,251.79034423828125,268.5763854980469,816929
2021-01-06,236.9446258544922,238.84112548828125,254.1883544921875,238.84112548828125,254.1883544921875,890324
2021-01-07,220.7677001953125,222.5347137451172,238.84112548828125,222.5347137451172,238.84112548828125,1228313
2021-01-08,205.54232788085938,207.18748474121094,222.5347137451172,207.18748474121094,222.5347137451172,683902
2021-01-11,214.10659790039062,215.82029724121094,220.61630249023438,195.6770782470703,207.18748474121094,1230190
2021-01-12,205.54232788085938,207.18748474121094,220.61630249023438,204.30987548828125,220.61630249023438,1896786
2021-01-13,218.86451721191406,220.61630249023438,220.61630249023438,206.22828674316406,207.18748474121094,756879
2021-01-14,230.28353881835938,232.12672424316406,234.0451202392578,212.94268798828125,220.61630249023438,1046495
2021-01-15,233.13829040527344,235.0043182373047,239.8003387451172,226.37152099609375,235.0043182373047,1171808
2021-01-18,223.62242126464844,225.4123077392578,235.0043182373047,225.4123077392578,235.0043182373047,179732
2021-01-19,233.13829040527344,235.0043182373047,249.39234924316406,215.82029724121094,222.5347137451172,310883
2021-01-20,228.38037109375,230.20831298828125,235.0043182373047,230.20831298828125,235.0043182373047,193911
2021-01-21,216.9613494873047,218.69790649414062,230.20831298828125,218.69790649414062,230.20831298828125,232902
2021-01-22,216.9613494873047,218.69790649414062,230.20831298828125,218.69790649414062,219.6571044921875,55671
2021-01-25,204.59075927734375,206.22828674316406,218.69790649414062,206.22828674316406,218.69790649414062,30024
2021-01-26,205.54232788085938,207.18748474121094,208.1466827392578,202.3914794921875,208.1466827392578,243327
2021-01-27,200.78440856933594,202.3914794921875,207.18748474121094,202.3914794921875,207.18748474121094,124478
2021-01-28,199.83282470703125,201.43228149414062,211.0242919921875,201.43228149414062,202.3914794921875,185988
2021-01-29,221.71926879882812,223.49391174316406,239.8003387451172,200.47308349609375,200.47308349609375,198081
2021-02-01,211.25184631347656,212.94268798828125,223.49391174316406,211.0242919921875,223.49391174316406,63594
2021-02-02,203.63916015625,205.2690887451172,212.94268798828125,205.2690887451172,212.94268798828125,192451
2021-02-03,213.155029296875,214.86109924316406,220.61630249023438,205.2690887451172,211.0242919921875,38573
2021-02-04,212.20343017578125,213.9019012451172,217.73870849609375,202.3914794921875,214.86109924316406,253752
2021-02-05,204.59075927734375,206.22828674316406,212.94268798828125,205.2690887451172,206.22828674316406,266054
2021-02-08,237.89622497558594,239.8003387451172,256.58636474609375,206.22828674316406,206.22828674316406,409924
2021-02-09,233.13829040527344,235.0043182373047,239.8003387451172,223.49391174316406,239.8003387451172,466846
2021-02-10,216.9613494873047,218.69790649414062,234.0451202392578,218.69790649414062,234.0451202392578,707463
2021-02-11,221.71926879882812,223.49391174316406,228.2899169921875,209.10589599609375,223.49391174316406,292118
2021-02-15,210.3002471923828,211.98348999023438,222.5347137451172,211.0242919921875,215.82029724121094,115095
2021-02-16,226.47720336914062,228.2899169921875,230.20831298828125,211.0242919921875,211.98348999023438,293369
2021-02-17,224.57403564453125,226.37152099609375,226.37152099609375,216.7794952392578,219.6571044921875,240616
2021-02-18,213.155029296875,214.86109924316406,225.4123077392578,211.98348999023438,225.4123077392578,27939
2021-02-19,212.20343017578125,213.9019012451172,219.6571044921875,212.94268798828125,214.86109924316406,195370
2021-02-22,216.9613494873047,218.69790649414062,220.61630249023438,213.9019012451172,213.9019012451172,155129
2021-02-23,209.3486785888672,211.0242919921875,220.61630249023438,211.0242919921875,215.82029724121094,23561
2021-02-24,231.23512268066406,233.08592224121094,246.9943389892578,211.0242919921875,211.0242919921875,33152
2021-02-25,226.47720336914062,228.2899169921875,233.08592224121094,216.7794952392578,233.08592224121094,293369
2021-02-26,214.10659790039062,215.82029724121094,228.2899169921875,214.86109924316406,228.2899169921875,173477
2021-03-01,214.10659790039062,215.82029724121094,220.61630249023438,215.82029724121094,220.61630249023438,126146
2021-03-02,214.10659790039062,215.82029724121094,216.7794952392578,214.86109924316406,214.86109924316406,61718
2021-03-03,210.3002471923828,211.98348999023438,215.82029724121094,211.0242919921875,215.82029724121094,102793
2021-03-04,220.7677001953125,222.5347137451172,223.49391174316406,206.22828674316406,211.98348999023438,45245
2021-03-05,209.3486785888672,211.0242919921875,222.5347137451172,211.0242919921875,222.5347137451172,96955
2021-03-08,209.3486785888672,211.0242919921875,225.4123077392578,211.0242919921875,211.0242919921875,122601
2021-03-09,209.3486785888672,211.0242919921875,211.0242919921875,211.0242919921875,211.0242919921875,5004
2021-03-10,226.47720336914062,228.2899169921875,230.20831298828125,211.0242919921875,211.0242919921875,76939
2021-03-12,221.71926879882812,223.49391174316406,224.45310974121094,220.61630249023438,224.45310974121094,18765
2021-03-15,214.10659790039062,215.82029724121094,223.49391174316406,213.9019012451172,223.49391174316406,25646
2021-03-16,222.67086791992188,224.45310974121094,231.1675262451172,215.82029724121094,220.61630249023438,32318
2021-03-17,214.10659790039062,215.82029724121094,229.24911499023438,215.82029724121094,224.45310974121094,277731
2021-03-18,218.86451721191406,220.61630249023438,228.2899169921875,217.73870849609375,218.69790649414062,270224
2021-03-19,218.86451721191406,220.61630249023438,226.37152099609375,220.61630249023438,221.57550048828125,74645
2021-03-22,218.86451721191406,220.61630249023438,222.5347137451172,220.61630249023438,221.57550048828125,74019
2021-03-23,222.67086791992188,224.45310974121094,225.4123077392578,220.61630249023438,220.61630249023438,146580
2021-03-24,219.8161163330078,221.57550048828125,224.45310974121094,220.61630249023438,222.5347137451172,149082
2021-03-25,219.8161163330078,221.57550048828125,221.57550048828125,221.57550048828125,221.57550048828125,78607
2021-03-26,220.7677001953125,222.5347137451172,222.5347137451172,220.61630249023438,222.5347137451172,9382
2021-03-29,226.47720336914062,228.2899169921875,228.2899169921875,222.5347137451172,222.5347137451172,86738
2021-03-30,225.52560424804688,227.33071899414062,229.24911499023438,221.57550048828125,229.24911499023438,80066
2021-03-31,237.89622497558594,239.8003387451172,256.58636474609375,220.61630249023438,227.33071899414062,102585
2021-04-01,222.67086791992188,224.45310974121094,239.8003387451172,223.49391174316406,239.8003387451172,20850
2021-04-05,219.8161163330078,221.57550048828125,224.45310974121094,221.57550048828125,224.45310974121094,85070
2021-04-06,227.42880249023438,229.24911499023438,235.0043182373047,218.69790649414062,220.61630249023438,38990
2021-04-07,220.7677001953125,222.5347137451172,222.5347137451172,221.57550048828125,221.57550048828125,1459
2021-04-08,220.7677001953125,222.5347137451172,239.8003387451172,222.5347137451172,222.5347137451172,31484
2021-04-09,226.47720336914062,228.2899169921875,242.19833374023438,223.49391174316406,225.4123077392578,23144
2021-04-12,226.47720336914062,228.2899169921875,228.2899169921875,220.61630249023438,228.2899169921875,40450
2021-04-13,240.27517700195312,242.19833374023438,242.19833374023438,221.57550048828125,227.33071899414062,66513
2021-04-14,237.89622497558594,239.8003387451172,242.19833374023438,228.2899169921875,235.96353149414062,252084
2021-04-15,297.3703308105469,299.75042724609375,299.75042724609375,231.1675262451172,231.1675262451172,4319635
2021-04-16,321.1598815917969,323.7304382324219,352.5065002441406,280.5663757324219,299.75042724609375,69546192
2021-04-19,356.84429931640625,359.70050048828125,378.884521484375,323.7304382324219,326.1284484863281,2362799
2021-04-20,361.60223388671875,364.4964904785156,383.6805419921875,359.70050048828125,383.6805419921875,2634274
2021-04-21,378.2549743652344,381.28253173828125,381.28253173828125,352.5065002441406,366.8945007324219,1915968
2021-04-22,399.6656494140625,402.86456298828125,407.6605529785156,381.28253173828125,381.28253173828125,25999963
2021-04-23,418.6973571777344,422.048583984375,431.6405944824219,402.86456298828125,402.86456298828125,10389893
2021-04-26,404.4235534667969,407.6605529785156,431.6405944824219,402.86456298828125,422.048583984375,6805870
2021-04-27,392.5287780761719,395.6705627441406,407.6605529785156,395.6705627441406,407.6605529785156,3069637
2021-04-28,399.6656494140625,402.86456298828125,414.8545837402344,395.6705627441406,395.6705627441406,8520630
2021-04-29,387.7708435058594,390.8745422363281,422.048583984375,390.8745422363281,402.86456298828125,8137603
2021-04-30,394.9077453613281,398.06854248046875,402.86456298828125,393.2725524902344,393.2725524902344,4021262
2021-05-03,437.7290344238281,441.23260498046875,453.2226257324219,400.466552734375,400.466552734375,54880657
2021-05-04,428.21319580078125,431.6405944824219,458.0186462402344,429.2425842285156,443.630615234375,51957392
2021-05-05,423.4552917480469,426.8446044921875,438.8345947265625,417.2525634765625,429.2425842285156,13801899
2021-05-06,423.4552917480469,426.8446044921875,434.0386047363281,422.048583984375,426.8446044921875,3668051
2021-05-07,413.9394226074219,417.2525634765625,446.02862548828125,407.6605529785156,422.048583984375,40353989
2021-05-10,423.4552917480469,426.8446044921875,434.0386047363281,393.2725524902344,419.65057373046875,40096900
2021-05-11,416.318359375,419.65057373046875,438.8345947265625,400.466552734375,426.8446044921875,25841498
2021-05-17,387.7708435058594,390.8745422363281,424.44659423828125,390.8745422363281,419.65057373046875,6714752
2021-05-18,392.5287780761719,395.6705627441406,398.06854248046875,364.4964904785156,386.0785217285156,15046059
2021-05-19,378.2549743652344,381.28253173828125,405.2625732421875,381.28253173828125,395.6705627441406,13288346
2021-05-20,383.0129089355469,386.0785217285156,395.6705627441406,376.48651123046875,381.28253173828125,12999356
2021-05-21,380.63397216796875,383.6805419921875,393.2725524902344,381.28253173828125,386.0785217285156,10797316
2021-05-24,378.2549743652344,381.28253173828125,388.4765319824219,374.0885314941406,383.6805419921875,11239976
2021-05-25,411.5604553222656,414.8545837402344,417.2525634765625,381.28253173828125,381.28253173828125,30208465
2021-05-27,406.8025207519531,410.0585632324219,426.8446044921875,407.6605529785156,414.8545837402344,14887802
2021-05-28,425.834228515625,429.2425842285156,434.0386047363281,410.0585632324219,410.0585632324219,39746400
2021-05-31,425.834228515625,429.2425842285156,436.4366149902344,424.44659423828125,429.2425842285156,15400729
2021-06-02,418.6973571777344,422.048583984375,441.23260498046875,422.048583984375,429.2425842285156,23936580
2021-06-03,430.5921630859375,434.0386047363281,441.23260498046875,419.65057373046875,422.048583984375,39682805
2021-06-04,490.06622314453125,493.9886779785156,520.36669921875,436.4366149902344,436.4366149902344,78505937
2021-06-07,494.8240966796875,498.7846984863281,505.97869873046875,472.4066467285156,496.3866882324219,32714299
2021-06-08,478.17138671875,481.9986572265625,510.77471923828125,479.6006774902344,498.7846984863281,43296645
2021-06-09,449.6238708496094,453.2226257324219,489.19268798828125,453.2226257324219,481.9986572265625,18420116
2021-06-10,440.10797119140625,443.630615234375,455.6206359863281,441.23260498046875,455.6206359863281,10879467
2021-06-11,442.48699951171875,446.02862548828125,470.0086364746094,429.2425842285156,443.630615234375,34257250
2021-06-14,440.10797119140625,443.630615234375,455.6206359863281,434.0386047363281,446.02862548828125,7288355
2021-06-15,440.10797119140625,443.630615234375,450.8246154785156,434.0386047363281,443.630615234375,5006873
2021-06-16,418.6973571777344,422.048583984375,441.23260498046875,414.8545837402344,441.23260498046875,17573787
2021-06-17,390.1498107910156,393.2725524902344,422.048583984375,393.2725524902344,419.65057373046875,16375498
2021-06-18,368.7391357421875,371.6905212402344,393.2725524902344,366.8945007324219,381.28253173828125,5812961
2021-06-21,363.9812316894531,366.8945007324219,376.48651123046875,347.7104797363281,362.0985107421875,10932220
2021-06-22,349.7074279785156,352.5065002441406,374.0885314941406,350.1084899902344,364.4964904785156,23408224
2021-06-23,340.19158935546875,342.91448974609375,354.90447998046875,342.91448974609375,352.5065002441406,6685353
2021-06-24,330.67572021484375,333.32244873046875,350.1084899902344,330.9244689941406,342.91448974609375,7708079
2021-06-25,323.5388488769531,326.1284484863281,342.91448974609375,323.7304382324219,335.720458984375,9252280
2021-06-28,324.2541198730469,326.1284484863281,335.720458984375,323.7304382324219,323.7304382324219,9055241
2021-06-29,324.2541198730469,326.1284484863281,328.5264587402344,321.33245849609375,326.1284484863281,2957251
2021-06-30,329.0226135253906,330.9244689941406,335.720458984375,323.7304382324219,326.1284484863281,9880720
2021-07-01,331.4067687988281,333.32244873046875,335.720458984375,330.9244689941406,330.9244689941406,5500200
2021-07-02,329.0226135253906,330.9244689941406,340.5164794921875,330.9244689941406,333.32244873046875,3841112
2021-07-05,312.3330078125,314.138427734375,330.9244689941406,314.138427734375,330.9244689941406,4513338
2021-07-06,295.6434631347656,297.3524169921875,314.138427734375,297.3524169921875,314.138427734375,3999368
2021-07-07,295.6434631347656,297.3524169921875,304.5464172363281,285.3623962402344,297.3524169921875,1931398
2021-07-08,302.796142578125,304.5464172363281,314.138427734375,297.3524169921875,297.3524169921875,8145318
2021-07-09,300.4118957519531,302.1484069824219,321.33245849609375,297.3524169921875,302.1484069824219,7394068
2021-07-12,300.4118957519531,302.1484069824219,309.3424377441406,299.75042724609375,302.1484069824219,3190362
2021-07-13,300.4118957519531,302.1484069824219,318.9344482421875,294.95440673828125,302.1484069824219,7397821
2021-07-14,298.0277404785156,299.75042724609375,306.9444274902344,297.3524169921875,302.1484069824219,2620513
2021-07-15,298.0277404785156,299.75042724609375,306.9444274902344,297.3524169921875,299.75042724609375,3035024
2021-07-16,298.0277404785156,299.75042724609375,306.9444274902344,297.3524169921875,299.75042724609375,2128854
2021-07-19,295.6434631347656,297.3524169921875,316.53643798828125,297.3524169921875,299.75042724609375,3598201
2021-07-21,293.2592468261719,294.95440673828125,299.75042724609375,294.95440673828125,297.3524169921875,1371140
2021-07-22,302.796142578125,304.5464172363281,304.5464172363281,294.95440673828125,294.95440673828125,4771469
2021-07-23,324.2541198730469,326.1284484863281,328.5264587402344,299.75042724609375,304.5464172363281,15811279
2021-07-26,302.796142578125,304.5464172363281,328.5264587402344,304.5464172363281,328.5264587402344,4983104
2021-07-27,293.2592468261719,294.95440673828125,306.9444274902344,287.7604064941406,304.5464172363281,2891363
2021-07-28,312.3330078125,314.138427734375,318.9344482421875,294.95440673828125,294.95440673828125,10005407
2021-07-29,312.3330078125,314.138427734375,316.53643798828125,306.9444274902344,314.138427734375,3336525
2021-07-30,302.796142578125,304.5464172363281,314.138427734375,304.5464172363281,314.138427734375,1095703
2021-08-02,312.3330078125,314.138427734375,314.138427734375,297.3524169921875,304.5464172363281,4597157
2021-08-03,305.18035888671875,306.9444274902344,314.138427734375,306.9444274902344,314.138427734375,1169306
2021-08-04,300.4118957519531,302.1484069824219,306.9444274902344,299.75042724609375,306.9444274902344,830899
2021-08-05,309.94879150390625,311.74041748046875,314.138427734375,302.1484069824219,302.1484069824219,4164089
2021-08-06,343.327880859375,345.3124694824219,357.302490234375,311.74041748046875,314.138427734375,41172795
2021-08-09,331.4067687988281,333.32244873046875,366.8945007324219,333.32244873046875,345.3124694824219,36337314
2021-08-10,357.6332092285156,359.70050048828125,369.2925109863281,326.1284484863281,333.32244873046875,59090827
2021-08-12,376.70697021484375,378.884521484375,388.4765319824219,350.1084899902344,366.8945007324219,57037660
2021-08-13,360.0174560546875,362.0985107421875,386.0785217285156,359.70050048828125,381.28253173828125,9715999
2021-08-16,374.3227844238281,376.48651123046875,383.6805419921875,362.0985107421875,362.0985107421875,23820025
2021-08-18,393.3965759277344,395.6705627441406,400.466552734375,376.48651123046875,376.48651123046875,38570630
2021-08-19,367.1700744628906,369.2925109863281,410.0585632324219,369.2925109863281,398.06854248046875,38316877
2021-08-20,343.327880859375,345.3124694824219,371.6905212402344,345.3124694824219,350.1084899902344,11974545
2021-08-23,357.6332092285156,359.70050048828125,359.70050048828125,335.720458984375,345.3124694824219,11017707
2021-08-24,357.6332092285156,359.70050048828125,374.0885314941406,354.90447998046875,359.70050048828125,16870493
2021-08-25,345.712158203125,347.7104797363281,371.6905212402344,347.7104797363281,359.70050048828125,10614455
2021-08-26,348.0963134765625,350.1084899902344,357.302490234375,323.7304382324219,347.7104797363281,15934923
2021-08-27,333.791015625,335.720458984375,350.1084899902344,335.720458984375,350.1084899902344,6311292
2021-08-30,367.1700744628906,369.2925109863281,369.2925109863281,333.32244873046875,335.720458984375,19662816
2021-08-31,355.2490234375,357.302490234375,376.48651123046875,357.302490234375,371.6905212402344,10708283
2021-09-01,348.0963134765625,350.1084899902344,366.8945007324219,347.7104797363281,357.302490234375,7119256
2021-09-02,371.9385986328125,374.0885314941406,374.0885314941406,350.1084899902344,350.1084899902344,24421150
2021-09-03,371.9385986328125,374.0885314941406,393.2725524902344,357.302490234375,376.48651123046875,27861929
2021-09-06,367.1700744628906,369.2925109863281,378.884521484375,364.4964904785156,374.0885314941406,4399910
2021-09-07,352.86480712890625,354.90447998046875,369.2925109863281,352.5065002441406,369.2925109863281,10282095
2021-09-08,338.5594787597656,340.5164794921875,364.4964904785156,333.32244873046875,354.90447998046875,17803978
2021-09-09,329.0226135253906,330.9244689941406,340.5164794921875,326.1284484863281,340.5164794921875,4379685
2021-09-10,336.17523193359375,338.11846923828125,342.91448974609375,314.138427734375,330.9244689941406,22440752
2021-09-13,333.791015625,335.720458984375,347.7104797363281,335.720458984375,338.11846923828125,10329843
2021-09-14,355.2490234375,357.302490234375,371.6905212402344,335.720458984375,359.70050048828125,41652986
2021-09-15,348.0963134765625,350.1084899902344,364.4964904785156,342.91448974609375,357.302490234375,9593606
2021-09-16,338.5594787597656,340.5164794921875,350.1084899902344,340.5164794921875,350.1084899902344,10428050
2021-09-17,343.327880859375,345.3124694824219,347.7104797363281,338.11846923828125,340.5164794921875,7605285
2021-09-20,350.4805603027344,352.5065002441406,359.70050048828125,342.91448974609375,345.3124694824219,19415944
2021-09-21,343.327880859375,345.3124694824219,352.5065002441406,340.5164794921875,352.5065002441406,10504155
2021-09-22,340.9436950683594,342.91448974609375,354.90447998046875,342.91448974609375,345.3124694824219,12072543
2021-09-23,343.327880859375,345.3124694824219,352.5065002441406,340.5164794921875,342.91448974609375,9681179
2021-09-24,348.0963134765625,350.1084899902344,354.90447998046875,338.11846923828125,342.91448974609375,12067748
2021-09-27,345.712158203125,347.7104797363281,352.5065002441406,342.91448974609375,352.5065002441406,11051068
2021-09-28,360.0174560546875,362.0985107421875,362.0985107421875,345.3124694824219,347.7104797363281,21141546
2021-09-29,383.85968017578125,386.0785217285156,388.4765319824219,354.90447998046875,362.0985107421875,41700108
2021-09-30,374.3227844238281,376.48651123046875,388.4765319824219,371.6905212402344,388.4765319824219,16226624
2021-10-01,369.5543518066406,371.6905212402344,376.48651123046875,362.0985107421875,376.48651123046875,13459739
2021-10-04,393.3965759277344,395.6705627441406,402.86456298828125,369.2925109863281,371.6905212402344,38187811
2021-10-05,376.70697021484375,378.884521484375,398.06854248046875,371.6905212402344,395.6705627441406,15065450
2021-10-06,371.9385986328125,374.0885314941406,383.6805419921875,352.5065002441406,378.884521484375,14253941
2021-10-07,350.4805603027344,352.5065002441406,374.0885314941406,352.5065002441406,374.0885314941406,12950148
2021-10-08,350.4805603027344,352.5065002441406,359.70050048828125,350.1084899902344,352.5065002441406,9307326
2021-10-11,360.0174560546875,362.0985107421875,374.0885314941406,350.1084899902344,352.5065002441406,24040208
2021-10-12,340.9436950683594,342.91448974609375,366.8945007324219,338.11846923828125,362.0985107421875,15493723
2021-10-13,340.9436950683594,342.91448974609375,347.7104797363281,340.5164794921875,342.91448974609375,5630934
2021-10-14,340.9436950683594,342.91448974609375,347.7104797363281,342.91448974609375,342.91448974609375,8431180
2021-10-15,336.17523193359375,338.11846923828125,345.3124694824219,330.9244689941406,342.91448974609375,9703906
2021-10-18,343.327880859375,345.3124694824219,345.3124694824219,335.720458984375,338.11846923828125,7001449
2021-10-19,345.712158203125,347.7104797363281,347.7104797363281,342.91448974609375,345.3124694824219,7430765
2021-10-21,343.327880859375,345.3124694824219,352.5065002441406,345.3124694824219,347.7104797363281,7639897
2021-10-22,343.327880859375,345.3124694824219,350.1084899902344,338.11846923828125,345.3124694824219,5523970
2021-10-25,350.4805603027344,352.5065002441406,362.0985107421875,342.91448974609375,345.3124694824219,12688472
2021-10-26,360.0174560546875,362.0985107421875,369.2925109863281,350.1084899902344,352.5065002441406,14803982
2021-10-27,357.6332092285156,359.70050048828125,366.8945007324219,354.90447998046875,362.0985107421875,11068166
2021-10-28,362.40167236328125,364.4964904785156,366.8945007324219,352.5065002441406,359.70050048828125,10397608
2021-10-29,355.2490234375,357.302490234375,366.8945007324219,357.302490234375,364.4964904785156,8559621
2021-11-01,360.0174560546875,362.0985107421875,362.0985107421875,350.1084899902344,357.302490234375,8015209
2021-11-02,360.0174560546875,362.0985107421875,366.8945007324219,352.5065002441406,362.0985107421875,5231435
2021-11-03,362.40167236328125,364.4964904785156,366.8945007324219,354.90447998046875,359.70050048828125,10409284
2021-11-04,369.5543518066406,371.6905212402344,388.4765319824219,364.4964904785156,364.4964904785156,34646532
2021-11-05,360.0174560546875,362.0985107421875,381.28253173828125,362.0985107421875,371.6905212402344,8537102
2021-11-08,379.0912170410156,381.28253173828125,383.6805419921875,359.70050048828125,362.0985107421875,35138816
2021-11-09,398.16497802734375,400.466552734375,402.86456298828125,376.48651123046875,383.6805419921875,36675720
2021-11-10,400.5492248535156,402.86456298828125,414.8545837402344,374.0885314941406,400.466552734375,57189870
2021-11-11,383.85968017578125,386.0785217285156,405.2625732421875,381.28253173828125,402.86456298828125,7459956
2021-11-12,371.9385986328125,374.0885314941406,386.0785217285156,371.6905212402344,386.0785217285156,9498110
2021-11-15,379.0912170410156,381.28253173828125,390.8745422363281,366.8945007324219,374.0885314941406,21689711
2021-11-16,374.3227844238281,376.48651123046875,398.06854248046875,366.8945007324219,381.28253173828125,24869857
2021-11-17,369.5543518066406,371.6905212402344,383.6805419921875,371.6905212402344,376.48651123046875,6146780
2021-11-18,374.3227844238281,376.48651123046875,386.0785217285156,366.8945007324219,371.6905212402344,10631553
2021-11-19,391.0123596191406,393.2725524902344,395.6705627441406,376.48651123046875,378.884521484375,16174706
2021-11-22,386.243896484375,388.4765319824219,402.86456298828125,383.6805419921875,393.2725524902344,13917828
2021-11-23,371.9385986328125,374.0885314941406,390.8745422363281,374.0885314941406,388.4765319824219,8505409
2021-11-24,379.0912170410156,381.28253173828125,390.8745422363281,374.0885314941406,376.48651123046875,12243310
2021-11-25,393.3965759277344,395.6705627441406,395.6705627441406,378.884521484375,381.28253173828125,27322731
2021-11-26,433.9283752441406,436.4366149902344,448.4266357421875,393.2725524902344,395.6705627441406,37769547
2021-11-29,431.5440979003906,434.0386047363281,443.630615234375,424.44659423828125,441.23260498046875,5991025
2021-11-30,486.3811950683594,489.19268798828125,508.376708984375,434.0386047363281,434.0386047363281,17805438
2021-12-01,495.9180603027344,498.7846984863281,546.7447509765625,460.4166259765625,489.19268798828125,9642605
2021-12-02,512.607666015625,515.5707397460938,525.1627197265625,493.9886779785156,503.5806884765625,5361752
2021-12-03,493.53387451171875,496.3866882324219,517.9686889648438,479.6006774902344,515.5707397460938,3363840
2021-12-06,460.1547546386719,462.81463623046875,503.5806884765625,462.81463623046875,503.5806884765625,3235817
2021-12-07,429.1598815917969,431.6405944824219,450.8246154785156,431.6405944824219,434.0386047363281,7856744
2021-12-08,457.7705383300781,460.4166259765625,467.61065673828125,407.6605529785156,431.6405944824219,11129258
2021-12-09,427.5286865234375,430.0,467.5,430.0,467.5,7038400
2021-12-10,420.0718078613281,422.5,432.5,410.0,430.0,3673800
2021-12-13,415.1005554199219,417.5,432.5,417.5,425.0,3763200
2021-12-14,452.3850402832031,455.0,455.0,410.0,425.0,12850200
2021-12-15,534.4108276367188,537.5,550.0,455.0,462.5,30929000
2021-12-16,502.09765625,505.0,580.0,500.0,545.0,17389800
2021-12-17,494.6407775878906,497.5,515.0,492.5,505.0,5234600
2021-12-20,519.4971313476562,522.5,525.0,472.5,497.5,9165600
2021-12-21,601.52294921875,605.0,615.0,522.5,522.5,38215200
2021-12-22,566.72412109375,570.0,612.5,570.0,605.0,7719000
2021-12-23,554.2959594726562,557.5,582.5,552.5,572.5,5249200
2021-12-24,561.7528686523438,565.0,565.0,537.5,557.5,4665000
2021-12-27,544.3534545898438,547.5,590.0,527.5,565.0,14399800
2021-12-28,526.9540405273438,530.0,550.0,510.0,547.5,16299600
2021-12-29,497.12640380859375,500.0,535.0,497.5,522.5,12340800
2021-12-30,497.12640380859375,500.0,525.0,477.5,500.0,10966000
2022-01-03,524.4683837890625,527.5,532.5,490.0,497.5,24328600
2022-01-04,559.2672119140625,562.5,562.5,527.5,532.5,11882400
2022-01-05,556.7815551757812,560.0,580.0,552.5,567.5,5975200
2022-01-06,574.1809692382812,577.5,582.5,550.0,567.5,13584200
2022-01-07,569.2098388671875,572.5,597.5,567.5,580.0,6513600
2022-01-10,574.1809692382812,577.5,600.0,540.0,570.0,11775600
2022-01-11,571.6953735351562,575.0,582.5,565.0,580.0,9237000
2022-01-12,541.8677978515625,545.0,592.5,537.5,590.0,9143400
2022-01-13,579.1522216796875,582.5,587.5,537.5,545.0,17342400
2022-01-14,656.2068481445312,660.0,682.5,577.5,582.5,65771000
2022-01-17,686.034423828125,690.0,727.5,650.0,655.0,61127000
2022-01-18,671.1206665039062,675.0,715.0,662.5,690.0,24612600
2022-01-19,738.2327270507812,742.5,742.5,662.5,675.0,32219600
2022-01-20,728.2901611328125,732.5,747.5,692.5,742.5,31960600
2022-01-21,683.5488891601562,687.5,745.0,682.5,732.5,24584600
2022-01-24,646.2643432617188,650.0,687.5,640.0,677.5,11122400
2022-01-25,656.2068481445312,660.0,672.5,625.0,650.0,17304000
2022-01-26,673.6062622070312,677.5,690.0,650.0,660.0,32101400
2022-01-27,691.0057373046875,695.0,700.0,677.5,680.0,25456400
2022-01-28,698.462646484375,702.5,710.0,685.0,697.5,23090800
2022-01-31,651.235595703125,655.0,700.0,655.0,697.5,16029600
2022-02-02,658.6925659179688,662.5,700.0,645.0,650.0,37918200
2022-02-03,613.9511108398438,617.5,662.5,617.5,662.5,22470800
2022-02-04,596.5516967773438,600.0,622.5,575.0,612.5,34498000
2022-02-07,616.436767578125,620.0,632.5,577.5,597.5,34254000
2022-02-08,616.436767578125,620.0,637.5,607.5,622.5,18222000
2022-02-09,618.9224243164062,622.5,627.5,602.5,620.0,11568800
2022-02-10,616.436767578125,620.0,625.0,615.0,622.5,16967400
2022-02-11,626.3793334960938,630.0,632.5,615.0,620.0,21104800
2022-02-14,618.9224243164062,622.5,632.5,617.5,630.0,17641400
2022-02-15,663.663818359375,667.5,667.5,622.5,622.5,51535400
2022-02-16,676.0919189453125,680.0,687.5,642.5,670.0,60692400
2022-02-17,641.2931518554688,645.0,697.5,645.0,680.0,40200000
2022-02-18,616.436767578125,620.0,662.5,620.0,642.5,23420600
2022-02-21,574.1809692382812,577.5,622.5,577.5,620.0,29756200
2022-02-22,534.4108276367188,537.5,570.0,537.5,562.5,21860000
2022-02-23,529.4396362304688,532.5,565.0,500.0,517.5,50741600
2022-02-24,539.382080078125,542.5,567.5,505.0,532.5,23356600
2022-02-25,549.32470703125,552.5,567.5,515.0,542.5,15710400
2022-03-01,539.382080078125,542.5,557.5,537.5,552.5,9491600
2022-03-02,576.6666259765625,580.0,580.0,530.0,542.5,24868200
2022-03-04,546.8390502929688,550.0,590.0,540.0,580.0,20817000
2022-03-07,519.4971313476562,522.5,537.5,515.0,537.5,6613000
2022-03-08,494.6407775878906,497.5,517.5,487.5,510.0,12351400
2022-03-09,497.12640380859375,500.0,515.0,495.0,500.0,11649400
2022-03-10,517.0114135742188,520.0,530.0,495.0,500.0,16832200
2022-03-11,521.982666015625,525.0,545.0,512.5,522.5,14344800
2022-03-14,519.4971313476562,522.5,532.5,512.5,530.0,10354600
2022-03-15,499.612060546875,502.5,530.0,497.5,522.5,10157400
2022-03-16,551.810302734375,555.0,557.5,497.5,510.0,48103600
2022-03-17,521.982666015625,525.0,570.0,522.5,570.0,21210400
2022-03-18,529.4396362304688,532.5,535.0,500.0,525.0,16210000
2022-03-21,521.982666015625,525.0,545.0,512.5,532.5,8966600
2022-03-22,517.0114135742188,520.0,535.0,520.0,525.0,6367600
2022-03-23,544.3534545898438,547.5,552.5,515.0,525.0,24494000
2022-03-24,529.4396362304688,532.5,557.5,532.5,547.5,5278200
2022-03-25,529.4396362304688,532.5,540.0,517.5,540.0,6780400
2022-03-28,529.4396362304688,532.5,540.0,530.0,532.5,7418800
2022-03-29,531.92529296875,535.0,552.5,532.5,532.5,11293400
2022-03-30,519.4971313476562,522.5,547.5,520.0,537.5,11046200
2022-03-31,519.4971313476562,522.5,530.0,515.0,517.5,5941400
2022-04-01,514.52587890625,517.5,520.0,510.0,520.0,4839200
2022-04-04,504.5832824707031,507.5,517.5,502.5,517.5,10775600
2022-04-05,509.5545959472656,512.5,527.5,505.0,507.5,9595600
2022-04-06,499.612060546875,502.5,525.0,497.5,512.5,7227000
2022-04-07,497.12640380859375,500.0,512.5,500.0,502.5,9559400
2022-04-08,502.09765625,505.0,512.5,500.0,505.0,5908000
2022-04-11,497.12640380859375,500.0,512.5,500.0,505.0,8617600
2022-04-12,494.6407775878906,497.5,507.5,495.0,502.5,5485600
2022-04-13,517.0114135742188,520.0,527.5,497.5,497.5,16521400
2022-04-14,512.0402221679688,515.0,525.0,505.0,525.0,11669200
2022-04-18,529.4396362304688,532.5,547.5,505.0,515.0,25591800
2022-04-19,512.0402221679688,515.0,545.0,515.0,542.5,8983000
2022-04-20,586.6092529296875,590.0,590.0,500.0,515.0,81994200
2022-04-21,546.8390502929688,550.0,600.0,550.0,592.5,41295000
2022-04-22,509.5545959472656,512.5,547.5,512.5,545.0,11715200
2022-04-25,502.09765625,505.0,515.0,502.5,512.5,8102000
2022-04-26,467.298828125,470.0,507.5,470.0,507.5,14829000
2022-04-27,439.9568786621094,442.5,470.0,437.5,470.0,9931400
2022-04-28,474.7557067871094,477.5,480.0,425.0,442.5,9394800
2022-05-09,464.8132019042969,467.5,485.0,445.0,470.0,8301600
2022-05-10,442.4425048828125,445.0,467.5,435.0,467.5,6546000
2022-05-11,452.3850402832031,455.0,475.0,440.0,440.0,10649000
2022-05-12,439.9568786621094,442.5,457.5,440.0,457.5,4414600
2022-05-13,454.87066650390625,457.5,457.5,440.0,440.0,5119400
2022-05-17,472.27008056640625,475.0,477.5,450.0,457.5,15584800
2022-05-18,457.3562927246094,460.0,487.5,460.0,475.0,6912200
2022-05-19,459.8419189453125,462.5,467.5,455.0,460.0,4159600
2022-05-20,459.8419189453125,462.5,467.5,450.0,462.5,1728000
2022-05-23,447.4137268066406,450.0,465.0,450.0,462.5,852800
2022-05-24,449.8994140625,452.5,457.5,450.0,450.0,1133800
2022-05-25,449.8994140625,452.5,457.5,445.0,452.5,775600
2022-05-27,469.7844543457031,472.5,487.5,455.0,455.0,7886200
2022-05-30,487.18389892578125,490.0,497.5,467.5,475.0,9778200
2022-05-31,474.7557067871094,477.5,497.5,467.5,490.0,6072000
2022-06-02,482.212646484375,485.0,490.0,475.0,482.5,2848000
2022-06-03,477.2413635253906,480.0,485.0,475.0,485.0,1707000
2022-06-06,467.298828125,470.0,482.5,470.0,480.0,1986200
2022-06-07,472.27008056640625,475.0,480.0,460.0,470.0,3613000
2022-06-08,507.0689697265625,510.0,537.5,472.5,477.5,23823600
2022-06-09,517.0114135742188,520.0,540.0,510.0,512.5,13378600
2022-06-10,504.5832824707031,507.5,525.0,507.5,520.0,3651600
2022-06-13,469.7844543457031,472.5,507.5,472.5,507.5,6080400
2022-06-14,467.298828125,470.0,472.5,452.5,470.0,1616800
2022-06-15,442.4425048828125,445.0,472.5,442.5,470.0,5488000
2022-06-16,430.01434326171875,432.5,452.5,430.0,445.0,4797200
2022-06-17,405.15802001953125,407.5,432.5,402.5,432.5,6362600
2022-06-20,405.9549865722656,407.5,417.5,392.5,410.0,2954400
2022-06-21,413.4265441894531,415.0,415.0,397.5,407.5,1524200
2022-06-22,408.445556640625,410.0,427.5,407.5,415.0,1799600
2022-06-23,405.9549865722656,407.5,420.0,402.5,410.0,1759200
2022-06-24,425.8791809082031,427.5,427.5,407.5,407.5,3272000
2022-06-27,428.3696594238281,430.0,432.5,420.0,432.5,1537200
2022-06-28,415.9170837402344,417.5,430.0,412.5,430.0,2651800
2022-06-29,435.84124755859375,437.5,445.0,410.0,417.5,13313600
2022-06-30,423.3886413574219,425.0,450.0,422.5,440.0,8122800
2022-07-01,408.445556640625,410.0,430.0,410.0,425.0,3030400
2022-07-04,393.50238037109375,395.0,420.0,390.0,410.0,2727600
2022-07-05,381.0497741699219,382.5,395.0,377.5,395.0,3144600
2022-07-06,388.5213623046875,390.0,395.0,380.0,382.5,4999200
2022-07-07,400.97393798828125,402.5,405.0,385.0,385.0,3506600
2022-07-08,400.97393798828125,402.5,410.0,395.0,405.0,2798400
2022-07-11,420.89813232421875,422.5,427.5,400.0,402.5,7532800
2022-07-12,420.89813232421875,422.5,440.0,422.5,422.5,4126400
2022-07-13,423.3886413574219,425.0,442.5,422.5,427.5,3118200
2022-07-14,408.445556640625,410.0,435.0,397.5,425.0,4212400
2022-07-15,405.9549865722656,407.5,425.0,402.5,422.5,4122600
2022-07-18,403.4644775390625,405.0,410.0,395.0,402.5,3770600
2022-07-19,400.97393798828125,402.5,412.5,390.0,407.5,2033600
2022-07-20,403.4644775390625,405.0,410.0,400.0,402.5,1105200
2022-07-21,410.93603515625,412.5,415.0,405.0,405.0,1035400
2022-07-22,415.9170837402344,417.5,425.0,412.5,415.0,1241000
2022-07-25,420.89813232421875,422.5,430.0,412.5,417.5,1152000
2022-07-26,420.89813232421875,422.5,427.5,405.0,422.5,1283800
2022-07-27,410.93603515625,412.5,430.0,412.5,422.5,269400
2022-07-28,403.4644775390625,405.0,420.0,395.0,412.5,1165400
2022-07-29,403.4644775390625,405.0,420.0,402.5,405.0,933400
2022-08-01,398.48345947265625,400.0,410.0,395.0,400.0,1738400
2022-08-02,398.48345947265625,400.0,405.0,397.5,400.0,792200
2022-08-03,400.97393798828125,402.5,402.5,395.0,400.0,689000
2022-08-04,388.5213623046875,390.0,407.5,385.0,405.0,2504800
2022-08-05,383.540283203125,385.0,395.0,385.0,395.0,1123000
2022-08-08,383.540283203125,385.0,390.0,382.5,385.0,525000
2022-08-09,391.0118713378906,392.5,392.5,385.0,385.0,346200
2022-08-10,386.03082275390625,387.5,395.0,382.5,395.0,900600
2022-08-11,373.5782165527344,375.0,390.0,370.0,390.0,3019200
2022-08-12,376.0687255859375,377.5,380.0,372.5,375.0,700400
2022-08-15,376.0687255859375,377.5,385.0,372.5,377.5,939200
2022-08-16,376.0687255859375,377.5,382.5,375.0,382.5,394000
2022-08-18,371.08770751953125,372.5,385.0,367.5,377.5,1039200
2022-08-19,363.61614990234375,365.0,372.5,362.5,372.5,832000
2022-08-22,358.63507080078125,360.0,367.5,340.0,367.5,3303400
2022-08-23,358.63507080078125,360.0,360.0,347.5,360.0,803600
2022-08-24,353.654052734375,355.0,360.0,350.0,357.5,1036200
2022-08-25,353.654052734375,355.0,357.5,350.0,355.0,690200
2022-08-26,351.16351318359375,352.5,357.5,350.0,355.0,336800
2022-08-29,351.16351318359375,352.5,355.0,345.0,352.5,654600
2022-08-30,346.1824951171875,347.5,355.0,347.5,352.5,904800
2022-08-31,348.6729736328125,350.0,352.5,342.5,347.5,746800
2022-09-01,348.6729736328125,350.0,352.5,345.0,347.5,504400
2022-09-02,358.63507080078125,360.0,360.0,347.5,350.0,545200
2022-09-05,348.6729736328125,350.0,365.0,347.5,360.0,818200
2022-09-06,341.2014465332031,342.5,355.0,335.0,350.0,2072400
2022-09-07,371.08770751953125,372.5,405.0,342.5,345.0,5292600
2022-09-08,366.1066589355469,367.5,387.5,367.5,375.0,2737600
2022-09-09,371.08770751953125,372.5,385.0,367.5,375.0,1225600
2022-09-12,368.59716796875,370.0,377.5,367.5,375.0,891800
2022-09-13,373.5782165527344,375.0,377.5,367.5,375.0,560800
2022-09-14,363.61614990234375,365.0,375.0,360.0,370.0,555600
2022-09-15,356.1445617675781,357.5,367.5,342.5,367.5,3074000
2022-09-16,351.16351318359375,352.5,357.5,350.0,357.5,326000
2022-09-19,363.61614990234375,365.0,365.0,355.0,355.0,332200
2022-09-20,361.1256103515625,362.5,370.0,355.0,365.0,194200
2022-09-21,351.16351318359375,352.5,365.0,350.0,362.5,378400
2022-09-22,353.654052734375,355.0,357.5,352.5,352.5,136800
2022-09-23,351.16351318359375,352.5,360.0,352.5,355.0,745600
2022-09-26,346.1824951171875,347.5,357.5,340.0,357.5,609400
2022-09-27,338.71087646484375,340.0,350.0,340.0,347.5,938400
2022-09-28,331.2393493652344,332.5,355.0,322.5,342.5,2827800
2022-09-29,331.2393493652344,332.5,345.0,322.5,332.5,465400
2022-09-30,326.25830078125,327.5,332.5,322.5,332.5,139400
2022-10-03,331.2393493652344,332.5,337.5,325.0,337.5,165000
2022-10-04,336.22039794921875,337.5,342.5,327.5,332.5,391200
2022-10-05,338.71087646484375,340.0,345.0,332.5,337.5,146200
2022-10-06,333.7298889160156,335.0,345.0,327.5,340.0,451800
2022-10-07,366.1066589355469,367.5,377.5,332.5,335.0,2223200
2022-10-10,368.59716796875,370.0,377.5,365.0,365.0,1240200
2022-10-11,378.55926513671875,380.0,392.5,370.0,370.0,3251000
2022-10-12,381.0497741699219,382.5,400.0,377.5,380.0,3018400
2022-10-13,378.55926513671875,380.0,392.5,370.0,387.5,1174400
2022-10-14,368.59716796875,370.0,390.0,370.0,380.0,581400
2022-10-17,376.0687255859375,377.5,377.5,362.5,370.0,640400
2022-10-18,373.5782165527344,375.0,387.5,372.5,377.5,276000
2022-10-19,371.08770751953125,372.5,380.0,372.5,380.0,86000
2022-10-20,383.540283203125,385.0,392.5,372.5,372.5,1126400
2022-10-21,386.03082275390625,387.5,397.5,382.5,385.0,1183200
2022-10-24,423.3886413574219,425.0,427.5,392.5,395.0,8198600
2022-10-25,405.9549865722656,407.5,437.5,402.5,425.0,3695000
2022-10-26,408.445556640625,410.0,425.0,405.0,407.5,982800
2022-10-27,398.48345947265625,400.0,415.0,400.0,410.0,778000
2022-10-28,403.4644775390625,405.0,412.5,400.0,400.0,999600
2022-10-31,403.4644775390625,405.0,410.0,400.0,405.0,730200
2022-11-01,418.4075622558594,420.0,440.0,400.0,405.0,1889200
2022-11-02,420.89813232421875,422.5,430.0,417.5,425.0,985800
2022-11-03,420.89813232421875,422.5,430.0,417.5,425.0,665000
2022-11-04,428.3696594238281,430.0,440.0,422.5,422.5,1515600
2022-11-07,428.3696594238281,430.0,435.0,427.5,430.0,455800
2022-11-08,423.3886413574219,425.0,432.5,420.0,432.5,804200
2022-11-09,423.3886413574219,425.0,427.5,407.5,425.0,1523600
2022-11-10,410.93603515625,412.5,432.5,407.5,425.0,514600
2022-11-11,420.89813232421875,422.5,422.5,410.0,412.5,479000
2022-11-14,415.9170837402344,417.5,422.5,417.5,422.5,221000
2022-11-15,418.4075622558594,420.0,422.5,415.0,417.5,301200
2022-11-16,423.3886413574219,425.0,427.5,417.5,420.0,213400
2022-11-17,420.89813232421875,422.5,432.5,415.0,425.0,1196800
2022-11-18,418.4075622558594,420.0,430.0,420.0,422.5,552000
2022-11-21,428.3696594238281,430.0,437.5,415.0,420.0,1431000
2022-11-22,460.7464599609375,462.5,470.0,430.0,430.0,3617600
2022-11-23,448.2938537597656,450.0,467.5,447.5,447.5,1378000
2022-11-24,455.7654113769531,457.5,462.5,440.0,450.0,426000
2022-11-25,453.27490234375,455.0,460.0,445.0,460.0,790800
2022-11-28,430.8602294921875,432.5,462.5,427.5,460.0,1344400
2022-11-29,403.4644775390625,405.0,432.5,402.5,432.5,4242800
2022-11-30,405.9549865722656,407.5,417.5,400.0,402.5,1735600
2022-12-01,403.4644775390625,405.0,412.5,402.5,410.0,1499400
2022-12-02,408.445556640625,410.0,415.0,407.5,412.5,138400
2022-12-05,403.4644775390625,405.0,410.0,400.0,410.0,264000
2022-12-06,400.97393798828125,402.5,407.5,400.0,405.0,1171400
2022-12-07,398.48345947265625,400.0,407.5,400.0,400.0,441400
2022-12-08,391.0118713378906,392.5,412.5,375.0,402.5,879000
2022-12-09,410.93603515625,412.5,467.5,387.5,467.5,137200
2022-12-12,410.93603515625,412.5,422.5,402.5,412.5,377200
2022-12-13,415.9170837402344,417.5,422.5,405.0,405.0,144200
2022-12-14,408.445556640625,410.0,420.0,400.0,417.5,1047600
2022-12-15,410.93603515625,412.5,412.5,405.0,407.5,49600
2022-12-16,410.93603515625,412.5,412.5,387.5,407.5,61400
2022-12-19,410.93603515625,412.5,412.5,405.0,405.0,124600
2022-12-20,408.445556640625,410.0,410.0,405.0,410.0,9600
2022-12-21,400.97393798828125,402.5,410.0,397.5,410.0,312200
2022-12-22,403.4644775390625,405.0,405.0,402.5,402.5,36600
2022-12-23,403.4644775390625,405.0,407.5,402.5,402.5,226800
2022-12-26,405.9549865722656,407.5,407.5,402.5,402.5,105200
2022-12-27,405.9549865722656,407.5,407.5,400.0,402.5,412200
2022-12-28,400.97393798828125,402.5,410.0,402.5,410.0,365800
2022-12-29,408.445556640625,410.0,410.0,397.5,402.5,1618000
2022-12-30,400.97393798828125,402.5,402.5,400.0,402.5,131200
2023-01-02,398.48345947265625,400.0,402.5,400.0,402.5,362600
2023-01-03,398.48345947265625,400.0,400.0,397.5,400.0,195200
2023-01-04,395.9928894042969,397.5,405.0,397.5,400.0,651800
2023-01-05,398.48345947265625,400.0,400.0,392.5,397.5,967600
2023-01-06,398.48345947265625,400.0,400.0,392.5,400.0,344200
2023-01-09,391.0118713378906,392.5,405.0,392.5,400.0,175400
2023-01-10,398.48345947265625,400.0,400.0,385.0,397.5,385000
2023-01-11,398.48345947265625,400.0,400.0,392.5,400.0,140400
2023-01-12,395.9928894042969,397.5,400.0,390.0,390.0,112600
2023-01-13,398.48345947265625,400.0,400.0,392.5,400.0,109200
2023-01-16,395.9928894042969,397.5,400.0,395.0,400.0,266200
2023-01-17,398.48345947265625,400.0,400.0,392.5,397.5,233200
2023-01-18,398.48345947265625,400.0,402.5,400.0,402.5,198000
2023-01-19,398.48345947265625,400.0,405.0,392.5,392.5,70800
2023-01-20,395.9928894042969,397.5,400.0,390.0,400.0,171800
2023-01-24,398.48345947265625,400.0,402.5,392.5,397.5,69600
2023-01-25,403.4644775390625,405.0,405.0,395.0,400.0,195200
2023-01-26,405.9549865722656,407.5,407.5,402.5,405.0,374800
2023-01-27,410.93603515625,412.5,417.5,405.0,407.5,252800
2023-01-30,405.9549865722656,407.5,412.5,397.5,412.5,482000
2023-01-31,405.9549865722656,407.5,407.5,400.0,405.0,213600
2023-02-01,403.4644775390625,405.0,410.0,400.0,407.5,204200
2023-02-02,395.9928894042969,397.5,407.5,392.5,407.5,573200
2023-02-03,395.9928894042969,397.5,400.0,390.0,397.5,260400
2023-02-06,398.48345947265625,400.0,402.5,395.0,397.5,187600
2023-02-07,395.9928894042969,397.5,405.0,390.0,405.0,555200
2023-02-08,388.5213623046875,390.0,395.0,387.5,395.0,1123600
2023-02-09,388.5213623046875,390.0,390.0,385.0,387.5,190800
2023-02-10,393.50238037109375,395.0,397.5,390.0,390.0,30800
2023-02-13,386.03082275390625,387.5,397.5,387.5,397.5,197400
2023-02-14,388.5213623046875,390.0,390.0,362.5,377.5,785000
2023-02-15,386.03082275390625,387.5,390.0,380.0,390.0,245000
2023-02-16,388.5213623046875,390.0,395.0,385.0,390.0,62400
2023-02-17,386.03082275390625,387.5,392.5,387.5,390.0,49800
2023-02-20,381.0497741699219,382.5,392.5,377.5,387.5,298000
2023-02-21,388.5213623046875,390.0,390.0,382.5,382.5,78400
2023-02-22,398.48345947265625,400.0,402.5,387.5,390.0,419600
2023-02-23,391.0118713378906,392.5,402.5,387.5,400.0,428600
2023-02-24,383.540283203125,385.0,400.0,385.0,390.0,542200
2023-02-27,391.0118713378906,392.5,395.0,382.5,385.0,249400
2023-02-28,398.48345947265625,400.0,400.0,390.0,390.0,189400
2023-03-01,388.5213623046875,390.0,400.0,390.0,400.0,80600
2023-03-02,398.48345947265625,400.0,400.0,390.0,390.0,97200
2023-03-03,383.540283203125,385.0,400.0,380.0,400.0,1081400
2023-03-06,388.5213623046875,390.0,392.5,385.0,385.0,114800
2023-03-07,388.5213623046875,390.0,395.0,385.0,390.0,117000
2023-03-08,388.5213623046875,390.0,390.0,380.0,390.0,136200
2023-03-09,383.540283203125,385.0,390.0,380.0,387.5,158800
2023-03-10,386.03082275390625,387.5,390.0,382.5,385.0,4400
2023-03-13,368.59716796875,370.0,387.5,370.0,387.5,1573000
2023-03-14,368.59716796875,370.0,387.5,370.0,370.0,506400
2023-03-15,366.1066589355469,367.5,370.0,355.0,370.0,155800
2023-03-16,361.1256103515625,362.5,372.5,360.0,365.0,268200
2023-03-17,361.1256103515625,362.5,382.5,362.5,365.0,176000
2023-03-20,368.59716796875,370.0,382.5,360.0,362.5,662400
2023-03-21,376.0687255859375,377.5,385.0,370.0,370.0,123200
2023-03-24,383.540283203125,385.0,390.0,377.5,380.0,438800
2023-03-27,373.5782165527344,375.0,385.0,370.0,382.5,522200
2023-03-28,381.0497741699219,382.5,387.5,372.5,382.5,108200
2023-03-29,373.5782165527344,375.0,382.5,375.0,382.5,92400
2023-03-30,368.59716796875,370.0,382.5,370.0,375.0,26000
2023-03-31,361.1256103515625,362.5,370.0,360.0,370.0,402400
2023-04-03,341.2014465332031,342.5,350.0,337.5,345.0,3058800
2023-04-04,371.08770751953125,372.5,375.0,327.5,335.0,771400
2023-04-05,358.63507080078125,360.0,375.0,352.5,372.5,253400
2023-04-06,356.1445617675781,357.5,360.0,350.0,357.5,296800
2023-04-10,368.59716796875,370.0,372.5,350.0,357.5,185200
2023-04-11,368.59716796875,370.0,372.5,357.5,370.0,186400
2023-04-12,366.1066589355469,367.5,372.5,352.5,367.5,478000
2023-04-13,351.16351318359375,352.5,367.5,350.0,367.5,517000
2023-04-14,351.16351318359375,352.5,355.0,347.5,350.0,136200
2023-04-17,351.16351318359375,352.5,352.5,342.5,342.5,671000
2023-04-18,346.1824951171875,347.5,352.5,337.5,342.5,529800
2023-04-26,346.1824951171875,347.5,350.0,340.0,350.0,72000
2023-04-27,346.1824951171875,347.5,347.5,337.5,342.5,56600
2023-04-28,343.69195556640625,345.0,347.5,335.0,347.5,187800
2023-05-02,338.71087646484375,340.0,340.0,337.5,340.0,35400
2023-05-03,316.29620361328125,317.5,340.0,317.5,325.0,3037800
2023-05-04,318.7867736816406,320.0,332.5,302.5,310.0,1031200
2023-05-05,316.29620361328125,317.5,322.5,307.5,312.5,118000
2023-05-08,311.315185546875,312.5,320.0,310.0,317.5,135000
2023-05-09,313.8056945800781,315.0,317.5,310.0,310.0,199400
2023-05-10,301.35308837890625,302.5,320.0,300.0,315.0,959600
2023-05-11,301.35308837890625,302.5,310.0,300.0,310.0,405800
2023-05-12,303.8435974121094,305.0,312.5,300.0,300.0,203800
2023-05-15,301.35308837890625,302.5,307.5,295.0,305.0,102400
2023-05-16,301.35308837890625,302.5,317.5,297.5,297.5,192000
2023-05-17,311.315185546875,312.5,312.5,302.5,307.5,44800
2023-05-19,303.8435974121094,305.0,317.5,297.5,317.5,189400
2023-05-22,306.3341064453125,307.5,317.5,302.5,302.5,129400
2023-05-23,306.3341064453125,307.5,310.0,302.5,307.5,50800
2023-05-24,306.3341064453125,307.5,310.0,300.0,310.0,200400
2023-05-25,303.8435974121094,305.0,307.5,300.0,302.5,74600
2023-05-26,306.3341064453125,307.5,307.5,300.0,305.0,58400
2023-05-29,308.8246765136719,310.0,310.0,300.0,302.5,264400
2023-05-30,308.8246765136719,310.0,310.0,305.0,305.0,82600
2023-05-31,303.8435974121094,305.0,312.5,305.0,310.0,42800
2023-06-05,301.35308837890625,302.5,307.5,297.5,305.0,212200
2023-06-06,303.8435974121094,305.0,307.5,300.0,300.0,86200
2023-06-07,303.8435974121094,305.0,307.5,302.5,307.5,56800
2023-06-08,303.8435974121094,305.0,305.0,300.0,302.5,49400
2023-06-09,308.8246765136719,310.0,315.0,300.0,305.0,97400
2023-06-12,308.8246765136719,310.0,310.0,302.5,310.0,99200
2023-06-13,308.8246765136719,310.0,310.0,297.5,310.0,283200
2023-06-14,306.3341064453125,307.5,307.5,297.5,300.0,441200
2023-06-15,303.8435974121094,305.0,307.5,295.0,300.0,156600
2023-06-16,298.8625793457031,300.0,302.5,295.0,302.5,80600
2023-06-19,298.8625793457031,300.0,307.5,300.0,300.0,133000
2023-06-20,301.35308837890625,302.5,307.5,290.0,305.0,60800
2023-06-21,311.315185546875,312.5,315.0,300.0,302.5,712600
2023-06-22,308.8246765136719,310.0,315.0,302.5,312.5,221600
2023-06-23,298.8625793457031,300.0,317.5,300.0,310.0,277600
2023-06-26,308.8246765136719,310.0,312.5,297.5,302.5,593400
2023-06-27,298.8625793457031,300.0,320.0,297.5,310.0,1872400
2023-07-03,298.8625793457031,300.0,302.5,290.0,300.0,1032200
2023-07-04,296.8668212890625,297.5,302.5,297.5,300.0,309400
2023-07-05,296.8668212890625,297.5,302.5,297.5,302.5,157600
2023-07-06,304.3508605957031,305.0,307.5,297.5,300.0,307200
2023-07-07,314.32958984375,315.0,320.0,302.5,305.0,636000
2023-07-10,321.8136291503906,322.5,325.0,312.5,315.0,257200
2023-07-11,324.30828857421875,325.0,325.0,317.5,317.5,99200
2023-07-12,324.30828857421875,325.0,330.0,325.0,325.0,119200
2023-07-13,344.2657470703125,345.0,345.0,325.0,325.0,326000
2023-07-14,346.7604064941406,347.5,360.0,345.0,345.0,334000
2023-07-17,354.24444580078125,355.0,357.5,347.5,352.5,100400
2023-07-18,356.7391357421875,357.5,360.0,347.5,357.5,102400
2023-07-20,369.2125549316406,370.0,375.0,357.5,360.0,263000
2023-07-21,371.70721435546875,372.5,375.0,367.5,372.5,152200
2023-07-24,349.2550964355469,350.0,372.5,332.5,360.0,165200
2023-07-25,354.24444580078125,355.0,357.5,342.5,347.5,245200
2023-07-26,359.2337951660156,360.0,370.0,352.5,355.0,192600
2023-07-27,361.7284851074219,362.5,367.5,350.0,355.0,315000
2023-07-28,356.7391357421875,357.5,370.0,350.0,350.0,164800
2023-07-31,339.2763977050781,340.0,350.0,337.5,345.0,709200
2023-08-01,344.2657470703125,345.0,350.0,330.0,340.0,534000
2023-08-02,349.2550964355469,350.0,355.0,345.0,345.0,198200
2023-08-03,344.2657470703125,345.0,352.5,345.0,350.0,71600
2023-08-04,349.2550964355469,350.0,355.0,340.0,355.0,89600
2023-08-07,349.2550964355469,350.0,350.0,337.5,342.5,345400
2023-08-08,341.77105712890625,342.5,350.0,340.0,350.0,79200
2023-08-09,346.7604064941406,347.5,350.0,337.5,340.0,308000
2023-08-10,346.7604064941406,347.5,347.5,337.5,347.5,299200
2023-08-11,346.7604064941406,347.5,350.0,337.5,342.5,272400
2023-08-14,344.2657470703125,345.0,350.0,342.5,345.0,122400
2023-08-15,334.2870178222656,335.0,382.5,335.0,382.5,546400
2023-08-16,334.2870178222656,335.0,342.5,330.0,342.5,71200
2023-08-18,334.2870178222656,335.0,337.5,330.0,335.0,155000
2023-08-21,334.2870178222656,335.0,335.0,325.0,335.0,171600
2023-08-22,336.78167724609375,337.5,337.5,332.5,332.5,39400
2023-08-23,331.7923278808594,332.5,337.5,325.0,337.5,128800
2023-08-24,329.2976379394531,330.0,337.5,325.0,325.0,66600
2023-08-25,339.2763977050781,340.0,345.0,322.5,330.0,92000
2023-08-28,344.2657470703125,345.0,347.5,337.5,340.0,146200
2023-08-29,339.2763977050781,340.0,350.0,340.0,347.5,702400
2023-08-30,341.77105712890625,342.5,345.0,330.0,345.0,236200
2023-08-31,336.78167724609375,337.5,342.5,325.0,342.5,282600
2023-09-01,336.78167724609375,337.5,337.5,325.0,332.5,423800
2023-09-04,314.32958984375,315.0,337.5,315.0,337.5,633400
2023-09-05,324.30828857421875,325.0,325.0,302.5,307.5,409000
2023-09-06,314.32958984375,315.0,325.0,315.0,322.5,118800
2023-09-07,319.3189392089844,320.0,325.0,320.0,325.0,110800
2023-09-08,319.3189392089844,320.0,327.5,320.0,320.0,76200
2023-09-11,324.30828857421875,325.0,325.0,317.5,320.0,344600
2023-09-12,321.8136291503906,322.5,325.0,320.0,325.0,485800
2023-09-13,321.8136291503906,322.5,325.0,320.0,320.0,1053600
2023-09-14,336.78167724609375,337.5,340.0,315.0,315.0,1055600
2023-09-15,351.7497863769531,352.5,365.0,340.0,340.0,1623200
2023-09-18,369.2125549316406,370.0,380.0,360.0,360.0,804800
2023-09-19,371.70721435546875,372.5,375.0,370.0,370.0,666000
2023-09-20,366.71783447265625,367.5,375.0,367.5,372.5,659200
2023-09-21,369.2125549316406,370.0,375.0,360.0,375.0,467800
2023-09-22,366.71783447265625,367.5,380.0,367.5,370.0,159200
2023-09-25,371.70721435546875,372.5,375.0,367.5,370.0,138800
2023-09-26,371.70721435546875,372.5,375.0,367.5,372.5,318800
2023-09-27,371.70721435546875,372.5,372.5,370.0,370.0,27200
2023-09-29,371.70721435546875,372.5,380.0,372.5,372.5,719600
2023-10-02,371.70721435546875,372.5,375.0,367.5,375.0,671000
2023-10-03,379.1912536621094,380.0,380.0,372.5,375.0,430200
2023-10-04,371.70721435546875,372.5,377.5,360.0,375.0,480400
2023-10-05,366.71783447265625,367.5,377.5,365.0,372.5,112800
2023-10-06,369.2125549316406,370.0,372.5,367.5,370.0,302600
2023-10-09,361.7284851074219,362.5,365.0,350.0,365.0,656200
2023-10-10,369.2125549316406,370.0,370.0,362.5,362.5,215600
2023-10-11,374.201904296875,375.0,380.0,352.5,370.0,87800
2023-10-12,371.70721435546875,372.5,380.0,365.0,372.5,463400
2023-10-13,369.2125549316406,370.0,372.5,352.5,370.0,176200
2023-10-16,366.71783447265625,367.5,375.0,357.5,370.0,522400
2023-10-17,369.2125549316406,370.0,375.0,357.5,357.5,156600
2023-10-18,361.7284851074219,362.5,375.0,360.0,360.0,531600
2023-10-19,374.201904296875,375.0,377.5,362.5,362.5,413600
2023-10-20,376.6965637207031,377.5,377.5,365.0,375.0,376600
2023-10-23,371.70721435546875,372.5,385.0,360.0,377.5,398000
2023-10-24,379.1912536621094,380.0,380.0,375.0,375.0,600400
2023-10-25,376.6965637207031,377.5,380.0,365.0,377.5,549200
2023-10-26,376.6965637207031,377.5,377.5,365.0,377.5,13400
2023-10-27,374.201904296875,375.0,377.5,372.5,372.5,179400
2023-10-30,374.201904296875,375.0,380.0,375.0,375.0,228400
2023-10-31,366.71783447265625,367.5,380.0,357.5,365.0,808400
2023-11-01,359.2337951660156,360.0,367.5,350.0,352.5,139400
2023-11-02,374.201904296875,375.0,377.5,350.0,350.0,561600
2023-11-03,369.2125549316406,370.0,380.0,360.0,362.5,451000
2023-11-06,376.6965637207031,377.5,380.0,357.5,370.0,999200
2023-11-07,371.70721435546875,372.5,380.0,362.5,380.0,199000
2023-11-08,354.24444580078125,355.0,375.0,350.0,365.0,1223800
2023-11-09,371.70721435546875,372.5,375.0,355.0,362.5,631600
2023-11-10,361.7284851074219,362.5,375.0,357.5,372.5,187400
2023-11-13,361.7284851074219,362.5,375.0,345.0,362.5,757800
2023-11-14,364.22314453125,365.0,372.5,357.5,362.5,227600
2023-11-15,356.7391357421875,357.5,375.0,345.0,375.0,358800
2023-11-16,361.7284851074219,362.5,375.0,347.5,352.5,780600
2023-11-17,366.71783447265625,367.5,375.0,345.0,355.0,1816400
2023-11-20,364.22314453125,365.0,375.0,357.5,372.5,549000
2023-11-21,366.71783447265625,367.5,437.5,365.0,437.5,579400
2023-11-22,364.22314453125,365.0,395.0,365.0,395.0,70400
2023-11-23,369.2125549316406,370.0,387.5,362.5,362.5,281000
2023-11-24,386.6752624511719,387.5,400.0,377.5,380.0,1173800
2023-11-27,399.148681640625,400.0,405.0,390.0,390.0,304200
2023-11-28,399.148681640625,400.0,420.0,397.5,405.0,133600
2023-11-29,399.148681640625,400.0,430.0,397.5,430.0,255600
2023-11-30,409.1274108886719,410.0,412.5,400.0,402.5,153600
2023-12-01,399.148681640625,400.0,400.0,397.5,400.0,95000
2023-12-04,396.6540222167969,397.5,407.5,387.5,400.0,139600
2023-12-05,406.6327209472656,407.5,410.0,390.0,390.0,138200
2023-12-06,396.6540222167969,397.5,425.0,385.0,407.5,259200
2023-12-07,404.1380310058594,405.0,405.0,382.5,397.5,232800
2023-12-08,404.1380310058594,405.0,415.0,390.0,400.0,407400
2023-12-11,404.1380310058594,405.0,425.0,397.5,412.5,468200
2023-12-12,429.0848388671875,430.0,435.0,402.5,410.0,1028000
2023-12-13,431.57952880859375,432.5,432.5,410.0,430.0,630200
2023-12-14,436.5688781738281,437.5,437.5,422.5,432.5,545400
2023-12-15,444.0528869628906,445.0,445.0,422.5,440.0,374200
2023-12-18,449.0422668457031,450.0,450.0,430.0,445.0,774600
2023-12-19,449.0422668457031,450.0,450.0,435.0,450.0,754800
2023-12-20,424.095458984375,425.0,450.0,425.0,450.0,519000
2023-12-21,449.0422668457031,450.0,450.0,425.0,425.0,1215800
2023-12-22,459.02099609375,460.0,460.0,432.5,450.0,1259400
2023-12-27,466.5050354003906,467.5,467.5,450.0,460.0,719400
2023-12-28,464.0103454589844,465.0,467.5,447.5,467.5,1590000
2023-12-29,464.0103454589844,465.0,465.0,440.0,452.5,2685000
2024-01-02,424.095458984375,425.0,455.0,425.0,452.5,734400
2024-01-03,379.1912536621094,380.0,420.0,370.0,420.0,816200
2024-01-04,354.24444580078125,355.0,382.5,350.0,370.0,293600
2024-01-05,359.2337951660156,360.0,360.0,352.5,355.0,106400
2024-01-08,356.7391357421875,357.5,370.0,347.5,360.0,158600
2024-01-09,356.7391357421875,357.5,360.0,352.5,352.5,55600
2024-01-10,356.7391357421875,357.5,360.0,352.5,352.5,57600
2024-01-11,351.7497863769531,352.5,380.0,350.0,355.0,149800
2024-01-12,351.7497863769531,352.5,357.5,352.5,355.0,44400
2024-01-15,356.7391357421875,357.5,357.5,352.5,355.0,8800
2024-01-16,346.7604064941406,347.5,355.0,347.5,355.0,117400
2024-01-17,341.77105712890625,342.5,347.5,342.5,347.5,96400
2024-01-18,346.7604064941406,347.5,350.0,342.5,342.5,38600
2024-01-19,344.2657470703125,345.0,355.0,345.0,350.0,96400
2024-01-22,344.2657470703125,345.0,355.0,342.5,355.0,12800
2024-01-23,341.77105712890625,342.5,345.0,330.0,342.5,88400
2024-01-24,341.77105712890625,342.5,345.0,335.0,342.5,56200
2024-01-25,331.7923278808594,332.5,345.0,332.5,345.0,109600
2024-01-26,329.2976379394531,330.0,345.0,330.0,332.5,122800
2024-01-29,329.2976379394531,330.0,340.0,330.0,330.0,87200
2024-01-30,329.2976379394531,330.0,335.0,315.0,332.5,152400
2024-01-31,334.2870178222656,335.0,337.5,315.0,330.0,158200
2024-02-01,319.3189392089844,320.0,335.0,317.5,335.0,141000
2024-02-02,316.82427978515625,317.5,322.5,307.5,320.0,87600
2024-02-05,316.82427978515625,317.5,335.0,307.5,317.5,201200
2024-02-06,316.82427978515625,317.5,330.0,315.0,317.5,60000
2024-02-07,324.30828857421875,325.0,330.0,315.0,317.5,129800
2024-02-12,329.2976379394531,330.0,337.5,302.5,327.5,356800
2024-02-13,339.2763977050781,340.0,340.0,317.5,325.0,53400
2024-02-15,336.78167724609375,337.5,360.0,325.0,330.0,285400
2024-02-16,336.78167724609375,337.5,362.5,337.5,340.0,119200
2024-02-19,339.2763977050781,340.0,357.5,337.5,337.5,247800
2024-02-20,344.2657470703125,345.0,352.5,337.5,340.0,543800
2024-02-21,344.2657470703125,345.0,350.0,340.0,340.0,221800
2024-02-22,346.7604064941406,347.5,352.5,340.0,340.0,454600
2024-02-23,346.7604064941406,347.5,352.5,342.5,350.0,124600
2024-02-26,356.7391357421875,357.5,362.5,345.0,347.5,419000
2024-02-27,364.22314453125,365.0,367.5,357.5,357.5,296000
2024-02-28,364.22314453125,365.0,375.0,362.5,367.5,416000
2024-02-29,364.22314453125,365.0,370.0,355.0,365.0,118000
2024-03-01,364.22314453125,365.0,375.0,360.0,365.0,78000
2024-03-04,369.2125549316406,370.0,375.0,352.5,365.0,334600
2024-03-05,371.70721435546875,372.5,375.0,370.0,372.5,108600
2024-03-06,371.70721435546875,372.5,375.0,352.5,365.0,259200
2024-03-07,361.7284851074219,362.5,362.5,360.0,362.5,22200
2024-03-08,371.70721435546875,372.5,382.5,362.5,362.5,139000
2024-03-13,366.71783447265625,367.5,377.5,355.0,372.5,403000
2024-03-14,371.70721435546875,372.5,400.0,360.0,375.0,538800
2024-03-15,361.7284851074219,362.5,375.0,357.5,372.5,76000
2024-03-18,361.7284851074219,362.5,400.0,357.5,362.5,747600
2024-03-19,376.6965637207031,377.5,412.5,362.5,362.5,1257600
2024-03-20,391.6646423339844,392.5,410.0,365.0,375.0,1088000
2024-03-21,396.6540222167969,397.5,410.0,370.0,395.0,1462200
2024-03-22,394.1593017578125,395.0,400.0,390.0,390.0,81600
2024-03-25,404.1380310058594,405.0,417.5,380.0,417.5,324200
2024-03-26,396.6540222167969,397.5,405.0,397.5,405.0,8600
2024-03-27,424.095458984375,425.0,430.0,392.5,400.0,265400
2024-03-28,444.0528869628906,445.0,447.5,410.0,425.0,550400
2024-04-01,384.18060302734375,385.0,445.0,385.0,445.0,1089600
2024-04-02,391.6646423339844,392.5,407.5,365.0,385.0,1016600
2024-04-03,411.6220703125,412.5,425.0,377.5,415.0,328000
2024-04-04,434.0741882324219,435.0,442.5,412.5,425.0,558800
2024-04-05,424.095458984375,425.0,440.0,425.0,440.0,531000
2024-04-16,421.60076904296875,422.5,427.5,415.0,425.0,1037200
2024-04-17,424.095458984375,425.0,440.0,405.0,417.5,397400
2024-04-18,424.095458984375,425.0,427.5,415.0,427.5,529800
2024-04-19,429.0848388671875,430.0,437.5,415.0,425.0,298200
2024-04-22,429.0848388671875,430.0,432.5,425.0,430.0,262400
2024-04-23,429.0848388671875,430.0,435.0,427.5,427.5,239000
2024-04-24,426.59014892578125,427.5,430.0,417.5,430.0,70200
2024-04-25,426.59014892578125,427.5,427.5,415.0,427.5,410000
2024-04-26,419.1061096191406,420.0,435.0,405.0,420.0,750200
2024-04-29,429.0848388671875,430.0,437.5,420.0,420.0,473200
2024-04-30,451.53692626953125,452.5,455.0,422.5,425.0,447400
2024-05-02,431.57952880859375,432.5,455.0,432.5,452.5,253400
2024-05-03,424.095458984375,425.0,435.0,425.0,435.0,104200
2024-05-06,424.095458984375,425.0,425.0,407.5,425.0,233400
2024-05-07,429.0848388671875,430.0,440.0,410.0,410.0,119400
2024-05-08,424.095458984375,425.0,430.0,420.0,430.0,173000
2024-05-13,424.095458984375,425.0,427.5,420.0,425.0,6400
2024-05-14,436.5688781738281,437.5,440.0,425.0,425.0,77200
2024-05-15,434.0741882324219,435.0,437.5,427.5,427.5,10600
2024-05-16,424.095458984375,425.0,427.5,405.0,420.0,186600
2024-05-17,434.0741882324219,435.0,440.0,420.0,430.0,258000
2024-05-20,424.095458984375,425.0,427.5,420.0,420.0,15600
2024-05-21,416.6114196777344,417.5,425.0,417.5,420.0,24800
2024-05-22,424.095458984375,425.0,425.0,417.5,425.0,56800
2024-05-27,421.60076904296875,422.5,425.0,410.0,410.0,88400
2024-05-28,421.60076904296875,422.5,425.0,417.5,422.5,52400
2024-05-29,424.095458984375,425.0,425.0,420.0,420.0,124800
2024-05-30,441.5582275390625,442.5,460.0,420.0,420.0,535000
2024-05-31,421.60076904296875,422.5,442.5,422.5,442.5,30200
2024-06-03,416.6114196777344,417.5,427.5,415.0,422.5,352000
2024-06-04,421.60076904296875,422.5,422.5,417.5,417.5,148600
2024-06-05,419.1061096191406,420.0,425.0,420.0,422.5,40200
2024-06-06,424.095458984375,425.0,425.0,412.5,420.0,20200
2024-06-07,424.095458984375,425.0,425.0,425.0,425.0,24400
2024-06-10,421.60076904296875,422.5,425.0,420.0,420.0,6200
2024-06-11,424.095458984375,425.0,425.0,417.5,417.5,4200
2024-06-12,419.1061096191406,420.0,427.5,420.0,427.5,24400
2024-06-13,419.1061096191406,420.0,437.5,415.0,415.0,363400
2024-06-14,421.60076904296875,422.5,447.5,422.5,432.5,468600
2024-06-19,424.095458984375,425.0,425.0,422.5,422.5,11400
2024-06-20,439.06353759765625,440.0,462.5,420.0,425.0,367400
2024-06-21,431.57952880859375,432.5,442.5,425.0,440.0,113800
2024-06-24,426.59014892578125,427.5,435.0,425.0,432.5,138000
2024-06-25,424.095458984375,425.0,427.5,425.0,427.5,34000
2024-06-26,429.0848388671875,430.0,435.0,405.0,422.5,1312400
2024-06-27,426.59014892578125,427.5,430.0,422.5,430.0,20000
2024-06-28,446.5475769042969,447.5,450.0,425.0,425.0,1999600
2024-07-01,434.5597229003906,435.0,447.5,435.0,447.5,29200
2024-07-02,427.06732177734375,427.5,430.0,427.5,427.5,35600
2024-07-03,429.5647888183594,430.0,432.5,430.0,430.0,21400
2024-07-04,429.5647888183594,430.0,432.5,425.0,430.0,52200
2024-07-05,432.062255859375,432.5,450.0,430.0,430.0,94000
2024-07-08,475.5182189941406,476.0,520.0,324.0,424.0,1741700
2024-07-09,453.5404968261719,454.0,476.0,450.0,476.0,164100
2024-07-10,437.5566711425781,438.0,452.0,436.0,452.0,37500
2024-07-11,445.548583984375,446.0,454.0,438.0,440.0,147000
2024-07-12,453.5404968261719,454.0,500.0,448.0,448.0,537700
2024-07-15,445.548583984375,446.0,478.0,446.0,456.0,89900
2024-07-16,449.5445251464844,450.0,470.0,444.0,446.0,169600
2024-07-17,447.54656982421875,448.0,450.0,412.0,444.0,171100
2024-07-18,469.5242919921875,470.0,480.0,428.0,446.0,1963500
2024-07-19,447.54656982421875,448.0,470.0,448.0,470.0,40900
2024-07-22,447.54656982421875,448.0,452.0,440.0,446.0,64500
2024-07-23,439.5546569824219,440.0,452.0,440.0,452.0,32900
2024-07-24,429.5647888183594,430.0,440.0,430.0,440.0,26200
2024-07-25,431.562744140625,432.0,478.0,430.0,430.0,126000
2024-07-26,435.5587158203125,436.0,436.0,432.0,432.0,60100
2024-07-29,437.5566711425781,438.0,440.0,426.0,436.0,13600
2024-07-30,439.5546569824219,440.0,440.0,420.0,428.0,207400
2024-07-31,445.548583984375,446.0,446.0,428.0,432.0,347200
2024-08-01,433.56072998046875,434.0,444.0,430.0,444.0,80300
2024-08-02,429.5647888183594,430.0,438.0,430.0,438.0,25700
2024-08-05,429.5647888183594,430.0,436.0,420.0,430.0,53900
2024-08-06,427.5668029785156,428.0,434.0,410.0,410.0,9800
2024-08-07,429.5647888183594,430.0,436.0,416.0,428.0,28400
2024-08-08,397.59716796875,398.0,432.0,398.0,420.0,171800
2024-08-09,419.57489013671875,420.0,426.0,396.0,410.0,66200
2024-08-12,423.57086181640625,424.0,430.0,414.0,424.0,29200
2024-08-13,395.59918212890625,396.0,424.0,396.0,410.0,165000
2024-08-14,397.59716796875,398.0,420.0,396.0,408.0,239800
2024-08-15,405.5890808105469,406.0,424.0,400.0,400.0,40600
2024-08-16,401.5931091308594,402.0,420.0,400.0,402.0,34300
2024-08-19,405.5890808105469,406.0,420.0,398.0,402.0,558700
2024-08-20,403.5910949707031,404.0,406.0,398.0,406.0,521100
2024-08-21,393.6012268066406,394.0,404.0,394.0,404.0,85100
2024-08-22,399.59515380859375,400.0,404.0,392.0,394.0,27300
2024-08-23,391.6032409667969,392.0,400.0,384.0,400.0,60000
2024-08-26,387.6072998046875,388.0,400.0,388.0,392.0,36900
2024-08-27,383.611328125,384.0,390.0,384.0,388.0,15400
2024-08-28,407.5870361328125,408.0,420.0,384.0,388.0,351100
2024-08-29,429.5647888183594,430.0,430.0,390.0,408.0,505100
2024-08-30,443.55059814453125,444.0,448.0,402.0,430.0,714500
2024-09-02,429.5647888183594,430.0,450.0,428.0,450.0,70700
2024-09-03,427.5668029785156,428.0,430.0,420.0,430.0,10200
2024-09-04,409.58502197265625,410.0,428.0,410.0,428.0,39600
2024-09-05,413.5809631347656,414.0,414.0,412.0,412.0,6600
2024-09-06,405.5890808105469,406.0,414.0,400.0,408.0,18800
2024-09-09,401.5931091308594,402.0,408.0,402.0,406.0,22700
2024-09-10,399.59515380859375,400.0,410.0,400.0,410.0,96400
2024-09-11,397.59716796875,398.0,402.0,396.0,402.0,15800
2024-09-12,431.562744140625,432.0,444.0,400.0,400.0,486700
2024-09-13,417.5769348144531,418.0,426.0,412.0,420.0,52900
2024-09-17,407.5870361328125,408.0,410.0,408.0,408.0,43900
2024-09-18,409.58502197265625,410.0,410.0,406.0,408.0,20300
2024-09-19,409.58502197265625,410.0,410.0,408.0,410.0,6900
2024-09-20,417.5769348144531,418.0,418.0,410.0,410.0,3300
2024-09-23,417.5769348144531,418.0,422.0,408.0,418.0,47600
2024-09-24,407.5870361328125,408.0,418.0,402.0,418.0,68800
2024-09-25,409.58502197265625,410.0,414.0,408.0,414.0,33100
2024-09-26,439.5546569824219,440.0,444.0,404.0,410.0,274200
2024-09-27,429.5647888183594,430.0,440.0,420.0,440.0,26900
2024-09-30,461.5323791503906,462.0,498.0,410.0,420.0,1609700
2024-10-01,467.52630615234375,468.0,490.0,438.0,464.0,319800
2024-10-02,441.5526428222656,442.0,470.0,442.0,468.0,25300
2024-10-03,449.5445251464844,450.0,450.0,430.0,442.0,27800
2024-10-04,441.5526428222656,442.0,450.0,432.0,432.0,35100
2024-10-07,423.57086181640625,424.0,436.0,416.0,436.0,159500
2024-10-08,431.562744140625,432.0,450.0,410.0,428.0,252300
2024-10-09,447.54656982421875,448.0,470.0,432.0,432.0,345500
2024-10-10,479.51416015625,480.0,488.0,448.0,448.0,539000
2024-10-11,459.534423828125,460.0,470.0,460.0,460.0,55900
2024-10-14,469.5242919921875,470.0,498.0,440.0,460.0,542500
2024-10-15,461.5323791503906,462.0,500.0,446.0,470.0,904200
2024-10-16,479.51416015625,480.0,496.0,456.0,462.0,256800
2024-10-17,489.5040588378906,490.0,498.0,476.0,480.0,711600
2024-10-18,487.5060729980469,488.0,490.0,480.0,480.0,76200
2024-10-21,495.49798583984375,496.0,500.0,476.0,488.0,628100
2024-10-22,487.5060729980469,488.0,500.0,480.0,482.0,474100
2024-10-23,483.5101318359375,484.0,488.0,482.0,488.0,55200
2024-10-24,483.5101318359375,484.0,484.0,482.0,482.0,44100
2024-10-25,497.4959411621094,498.0,500.0,478.0,484.0,958100
2024-10-28,509.4837951660156,510.0,520.0,484.0,498.0,1083900
2024-10-29,529.4635620117188,530.0,550.0,496.0,505.0,1082700
2024-10-30,519.4736938476562,520.0,535.0,515.0,535.0,68500
2024-10-31,534.45849609375,535.0,540.0,520.0,520.0,383900
2024-11-01,534.45849609375,535.0,540.0,520.0,540.0,100300
2024-11-04,524.4686279296875,525.0,535.0,505.0,535.0,92300
2024-11-05,529.4635620117188,530.0,530.0,498.0,525.0,145500
2024-11-06,524.4686279296875,525.0,535.0,500.0,525.0,237100
2024-11-07,509.4837951660156,510.0,525.0,510.0,525.0,5900
2024-11-08,519.4736938476562,520.0,560.0,500.0,500.0,426700
2024-11-11,539.4534301757812,540.0,555.0,500.0,540.0,339900
2024-11-12,544.4483642578125,545.0,550.0,525.0,540.0,523300
2024-11-13,549.4432983398438,550.0,550.0,530.0,535.0,174700
2024-11-14,544.4483642578125,545.0,550.0,500.0,545.0,350400
2024-11-15,544.4483642578125,545.0,550.0,500.0,530.0,531000
2024-11-18,539.4534301757812,540.0,545.0,500.0,545.0,490400
2024-11-19,569.423095703125,570.0,650.0,520.0,520.0,1293800
2024-11-20,554.438232421875,555.0,575.0,550.0,575.0,36200
2024-11-21,564.4281616210938,565.0,565.0,545.0,550.0,1900
2024-11-22,559.4332275390625,560.0,560.0,535.0,550.0,39100
2024-11-25,599.3927001953125,600.0,660.0,545.0,560.0,2516000
2024-11-26,584.4078979492188,585.0,610.0,570.0,610.0,82200
2024-11-28,594.3977661132812,595.0,600.0,540.0,580.0,330300
2024-11-29,594.3977661132812,595.0,600.0,565.0,595.0,196500
2024-12-02,569.423095703125,570.0,595.0,545.0,595.0,208700
2024-12-03,569.423095703125,570.0,570.0,560.0,570.0,10000
2024-12-04,554.438232421875,555.0,565.0,545.0,560.0,39500
2024-12-05,584.4078979492188,585.0,595.0,500.0,550.0,551200
2024-12-06,564.4281616210938,565.0,575.0,565.0,570.0,12500
2024-12-09,539.4534301757812,540.0,560.0,535.0,545.0,47000
2024-12-10,529.4635620117188,530.0,600.0,520.0,530.0,546700
2024-12-11,539.4534301757812,540.0,550.0,535.0,535.0,16100
2024-12-12,564.4281616210938,565.0,580.0,505.0,540.0,274100
2024-12-13,534.45849609375,535.0,580.0,535.0,580.0,195200
2024-12-16,564.4281616210938,565.0,575.0,530.0,540.0,278600
2024-12-17,554.438232421875,555.0,570.0,545.0,565.0,126600
2024-12-18,529.4635620117188,530.0,550.0,500.0,540.0,577400
2024-12-19,554.438232421875,555.0,570.0,510.0,520.0,471700
2024-12-20,564.4281616210938,565.0,570.0,530.0,555.0,322800
2024-12-23,574.4180297851562,575.0,580.0,525.0,565.0,796900
2024-12-24,619.3724975585938,620.0,620.0,560.0,570.0,1879000
2024-12-27,629.3623657226562,630.0,635.0,595.0,615.0,1187500
2024-12-30,644.34716796875,645.0,660.0,610.0,630.0,2135300
2025-01-02,599.3927001953125,600.0,625.0,585.0,620.0,194100
2025-01-03,559.4332275390625,560.0,595.0,560.0,585.0,113300
2025-01-06,539.4534301757812,540.0,580.0,530.0,580.0,89300
2025-01-07,559.4332275390625,560.0,575.0,535.0,535.0,106200
2025-01-08,544.4483642578125,545.0,555.0,535.0,535.0,7500
2025-01-09,539.4534301757812,540.0,555.0,535.0,535.0,16300
2025-01-10,549.4432983398438,550.0,560.0,545.0,560.0,5200
2025-01-13,524.4686279296875,525.0,550.0,525.0,550.0,11100
2025-01-14,534.45849609375,535.0,540.0,525.0,525.0,1300
2025-01-15,529.4635620117188,530.0,540.0,505.0,540.0,24200
2025-01-16,504.4888610839844,505.0,530.0,500.0,530.0,100900
2025-01-17,499.4939270019531,500.0,510.0,500.0,505.0,27800
2025-01-20,489.5040588378906,490.0,500.0,490.0,500.0,15700
2025-01-21,481.51214599609375,482.0,490.0,474.0,488.0,82000
2025-01-22,489.5040588378906,490.0,490.0,482.0,482.0,6200
2025-01-23,489.5040588378906,490.0,500.0,482.0,482.0,6000
2025-01-24,504.4888610839844,505.0,550.0,490.0,490.0,20200
2025-01-30,479.51416015625,480.0,520.0,480.0,520.0,40500
2025-01-31,469.5242919921875,470.0,500.0,470.0,500.0,28600
2025-02-03,487.5060729980469,488.0,498.0,466.0,470.0,15500
2025-02-04,487.5060729980469,488.0,498.0,470.0,498.0,9200
2025-02-05,483.5101318359375,484.0,510.0,462.0,488.0,163700
2025-02-06,465.5283508300781,466.0,486.0,466.0,486.0,11900
2025-02-07,465.5283508300781,466.0,486.0,460.0,466.0,16400
2025-02-10,455.5384521484375,456.0,474.0,452.0,470.0,127500
2025-02-11,471.52227783203125,472.0,498.0,456.0,456.0,31400
2025-02-12,481.51214599609375,482.0,498.0,470.0,470.0,45800
2025-02-13,487.5060729980469,488.0,505.0,482.0,505.0,3100
2025-02-14,491.50201416015625,492.0,505.0,492.0,492.0,34300
2025-02-17,487.5060729980469,488.0,492.0,488.0,492.0,7700
2025-02-18,481.51214599609375,482.0,488.0,482.0,488.0,273400
2025-02-19,481.51214599609375,482.0,500.0,482.0,482.0,32300
2025-02-20,493.5,494.0,498.0,492.0,492.0,9200
2025-02-21,497.4959411621094,498.0,498.0,482.0,482.0,900
2025-02-24,479.51416015625,480.0,510.0,480.0,510.0,17800
2025-02-25,483.5101318359375,484.0,500.0,480.0,480.0,122000
2025-02-26,493.5,494.0,498.0,488.0,488.0,26200
2025-02-27,487.5060729980469,488.0,494.0,488.0,494.0,76000
2025-02-28,479.51416015625,480.0,480.0,454.0,480.0,85100
2025-03-03,495.49798583984375,496.0,496.0,460.0,460.0,83200
2025-03-04,483.5101318359375,484.0,500.0,484.0,496.0,150000
2025-03-05,487.5060729980469,488.0,500.0,482.0,500.0,106500
2025-03-06,487.5060729980469,488.0,494.0,488.0,492.0,75800
2025-03-07,493.5,494.0,500.0,480.0,480.0,128800
2025-03-10,485.5080871582031,486.0,496.0,484.0,494.0,158900
2025-03-11,487.5060729980469,488.0,496.0,480.0,496.0,125500
2025-03-12,489.5040588378906,490.0,498.0,488.0,488.0,77000
2025-03-13,479.51416015625,480.0,482.0,480.0,482.0,5200
2025-03-14,479.51416015625,480.0,480.0,480.0,480.0,1500
2025-03-17,473.5202331542969,474.0,494.0,450.0,480.0,155100
2025-03-18,477.5162048339844,478.0,498.0,462.0,478.0,305300
2025-03-19,473.5202331542969,474.0,505.0,470.0,478.0,323600
2025-03-20,481.51214599609375,482.0,498.0,474.0,474.0,171900
2025-03-21,497.4959411621094,498.0,498.0,478.0,482.0,160000
2025-03-24,497.4959411621094,498.0,510.0,480.0,498.0,67700
2025-03-25,491.50201416015625,492.0,498.0,480.0,498.0,104500
2025-03-26,487.5060729980469,488.0,500.0,484.0,492.0,237100
2025-03-27,497.4959411621094,498.0,498.0,484.0,488.0,169200
2025-04-08,495.49798583984375,496.0,498.0,464.0,498.0,28200
2025-04-09,497.4959411621094,498.0,498.0,496.0,496.0,228400
2025-04-10,493.5,494.0,498.0,484.0,484.0,64000
2025-04-11,493.5,494.0,494.0,494.0,494.0,114000
2025-04-14,497.4959411621094,498.0,498.0,486.0,488.0,79000
2025-04-15,497.4959411621094,498.0,498.0,490.0,498.0,66600
2025-04-16,497.4959411621094,498.0,498.0,496.0,496.0,104100
2025-04-17,493.5,494.0,498.0,494.0,496.0,92100
2025-04-21,495.49798583984375,496.0,496.0,492.0,494.0,46100
2025-04-22,495.49798583984375,496.0,500.0,496.0,496.0,17500
2025-04-23,485.5080871582031,486.0,496.0,486.0,496.0,99700
2025-04-24,487.5060729980469,488.0,488.0,484.0,486.0,47500
2025-04-25,487.5060729980469,488.0,488.0,488.0,488.0,82400
2025-04-28,481.51214599609375,482.0,488.0,482.0,488.0,71000
2025-04-29,489.5040588378906,490.0,498.0,460.0,482.0,191600
2025-04-30,491.50201416015625,492.0,492.0,488.0,490.0,206300
2025-05-02,487.5060729980469,488.0,492.0,488.0,492.0,3800
2025-05-05,487.5060729980469,488.0,498.0,482.0,488.0,67900
2025-05-06,495.49798583984375,496.0,498.0,488.0,488.0,16600
2025-05-07,493.5,494.0,540.0,484.0,505.0,300400
2025-05-08,495.49798583984375,496.0,496.0,492.0,494.0,17500
2025-05-09,485.5080871582031,486.0,498.0,486.0,492.0,276300
2025-05-14,489.5040588378906,490.0,490.0,480.0,486.0,18600
2025-05-15,489.5040588378906,490.0,492.0,490.0,490.0,199900
2025-05-16,489.5040588378906,490.0,498.0,486.0,490.0,288200
2025-05-19,489.5040588378906,490.0,490.0,486.0,490.0,158700
2025-05-20,489.5040588378906,490.0,498.0,484.0,486.0,63200
2025-05-21,481.51214599609375,482.0,490.0,476.0,484.0,53100
2025-05-22,489.5040588378906,490.0,500.0,480.0,482.0,103200
2025-05-23,481.51214599609375,482.0,490.0,482.0,490.0,116100
2025-05-26,481.51214599609375,482.0,498.0,470.0,482.0,147700
2025-05-27,489.5040588378906,490.0,490.0,482.0,482.0,34900
2025-05-28,495.49798583984375,496.0,498.0,488.0,488.0,56600
2025-06-02,497.4959411621094,498.0,500.0,488.0,488.0,402000
2025-06-03,489.5040588378906,490.0,498.0,488.0,498.0,184200
2025-06-04,497.4959411621094,498.0,498.0,490.0,490.0,48300
2025-06-05,495.49798583984375,496.0,500.0,496.0,498.0,104800
2025-06-10,493.5,494.0,496.0,494.0,496.0,243600
2025-06-11,497.4959411621094,498.0,498.0,488.0,494.0,457900
2025-06-12,497.4959411621094,498.0,498.0,490.0,490.0,201900
2025-06-13,497.4959411621094,498.0,498.0,492.0,498.0,124700
2025-06-16,497.4959411621094,498.0,498.0,490.0,490.0,43200
2025-06-17,491.50201416015625,492.0,498.0,492.0,498.0,4500
2025-06-18,491.50201416015625,492.0,492.0,492.0,492.0,3400
2025-06-19,493.5,494.0,494.0,484.0,492.0,49800
2025-06-20,493.5,494.0,500.0,494.0,494.0,125100
2025-06-23,498.0,498.0,498.0,494.0,494.0,22600
2025-06-24,498.0,498.0,498.0,494.0,494.0,42200
2025-06-25,500.0,500.0,500.0,490.0,498.0,27800
2025-06-26,492.0,492.0,492.0,492.0,492.0,4200
2025-06-30,498.0,498.0,498.0,490.0,492.0,119600
2025-07-01,498.0,498.0,498.0,498.0,498.0,0
2025-07-02,496.0,496.0,496.0,494.0,496.0,3300
2025-07-03,490.0,490.0,496.0,488.0,496.0,5500
2025-07-04,492.0,492.0,494.0,490.0,490.0,7500
2025-07-07,490.0,490.0,498.0,486.0,492.0,176800
2025-07-08,492.0,492.0,494.0,490.0,490.0,7900
2025-07-09,492.0,492.0,498.0,492.0,492.0,64100
2025-07-10,492.0,492.0,498.0,490.0,492.0,33700
2025-07-11,498.0,498.0,498.0,492.0,492.0,44900
2025-07-14,492.0,492.0,498.0,490.0,490.0,226100
2025-07-15,498.0,498.0,498.0,490.0,494.0,30900
2025-07-16,490.0,490.0,498.0,490.0,492.0,30300
2025-07-17,498.0,498.0,500.0,490.0,490.0,70600
2025-07-18,490.0,490.0,498.0,490.0,494.0,20600
2025-07-21,490.0,490.0,500.0,488.0,490.0,101000
2025-07-22,525.0,525.0,610.0,490.0,490.0,1260200
2025-07-23,492.0,492.0,535.0,480.0,525.0,1396300
2025-07-24,496.0,496.0,498.0,490.0,490.0,57500
2025-07-25,492.0,492.0,496.0,490.0,490.0,13200
2025-07-28,490.0,490.0,498.0,490.0,492.0,130100
2025-07-29,490.0,490.0,498.0,490.0,490.0,179500
2025-07-30,490.0,490.0,498.0,490.0,490.0,179500
2025-07-31,490.0,490.0,500.0,488.0,492.0,511100
2025-08-01,498.0,498.0,500.0,490.0,490.0,56200
2025-08-04,492.0,492.0,500.0,492.0,498.0,63500
2025-08-05,500.0,500.0,500.0,492.0,492.0,54000
2025-08-06,494.0,494.0,500.0,490.0,492.0,216800
2025-08-07,492.0,492.0,498.0,492.0,492.0,48600
2025-08-08,498.0,498.0,498.0,492.0,492.0,32000
2025-08-11,492.0,492.0,498.0,492.0,498.0,3900
2025-08-12,496.0,496.0,496.0,492.0,492.0,219000
2025-08-13,498.0,498.0,498.0,492.0,496.0,386200
2025-08-14,498.0,498.0,498.0,492.0,492.0,423600
2025-08-15,498.0,498.0,498.0,492.0,498.0,160000
2025-08-19,494.0,494.0,540.0,494.0,498.0,190100
2025-08-20,496.0,496.0,498.0,490.0,494.0,252700
2025-08-21,496.0,496.0,498.0,496.0,496.0,23800
2025-08-22,500.0,500.0,505.0,496.0,496.0,93100
2025-08-25,505.0,505.0,515.0,496.0,510.0,45500
2025-08-26,494.0,494.0,505.0,490.0,505.0,51000
2025-08-27,498.0,498.0,498.0,492.0,494.0,116800
2025-08-28,496.0,496.0,498.0,496.0,498.0,24100
2025-08-29,492.0,492.0,496.0,492.0,496.0,4200
2025-09-01,492.0,492.0,500.0,482.0,486.0,213600
2025-09-02,498.0,498.0,498.0,492.0,492.0,49700
2025-09-03,500.0,500.0,500.0,492.0,492.0,119300
2025-09-04,500.0,500.0,500.0,494.0,500.0,38300
2025-09-08,498.0,498.0,500.0,498.0,500.0,72000
2025-09-09,490.0,490.0,498.0,480.0,498.0,83600
2025-09-10,496.0,496.0,500.0,492.0,492.0,256600
2025-09-11,498.0,498.0,498.0,492.0,496.0,104000
2025-09-12,498.0,498.0,498.0,492.0,498.0,81100
2025-09-15,500.0,500.0,500.0,492.0,498.0,221800
2025-09-16,492.0,492.0,500.0,492.0,500.0,25800
2025-09-17,500.0,500.0,500.0,492.0,492.0,138300
2025-09-18,496.0,496.0,500.0,490.0,500.0,143100
2025-09-19,500.0,500.0,500.0,492.0,496.0,117800
2025-09-22,498.0,498.0,500.0,490.0,500.0,150000
2025-09-23,492.0,492.0,500.0,488.0,496.0,512300
2025-09-24,496.0,496.0,500.0,488.0,492.0,260100
2025-09-25,492.0,492.0,500.0,488.0,496.0,348900
2025-09-26,492.0,492.0,496.0,492.0,492.0,9800
2025-09-29,494.0,494.0,500.0,492.0,492.0,67500
2025-09-30,494.0,494.0,494.0,492.0,494.0,56800
2025-10-01,494.0,494.0,498.0,492.0,494.0,41800
2025-10-02,494.0,494.0,494.0,492.0,492.0,24700
2025-10-03,494.0,494.0,498.0,460.0,460.0,93100
2025-10-06,494.0,494.0,498.0,492.0,494.0,218500
2025-10-07,494.0,494.0,494.0,492.0,494.0,11700
2025-10-08,494.0,494.0,494.0,492.0,494.0,4800
2025-10-09,492.0,492.0,496.0,492.0,492.0,67900
2025-10-10,492.0,492.0,494.0,492.0,492.0,32700
2025-10-13,488.0,488.0,498.0,488.0,492.0,88100
2025-10-14,488.0,488.0,496.0,484.0,488.0,50900
2025-10-15,494.0,494.0,498.0,488.0,488.0,43600
2025-10-16,496.0,496.0,496.0,488.0,494.0,5000
2025-10-17,490.0,490.0,498.0,488.0,496.0,168200
2025-10-20,494.0,494.0,494.0,490.0,490.0,16000
2025-10-21,492.0,492.0,498.0,492.0,494.0,194900
2025-10-22,498.0,498.0,498.0,492.0,492.0,145300
2025-10-23,520.0,520.0,530.0,490.0,498.0,555200
2025-10-24,510.0,510.0,520.0,500.0,520.0,39000
2025-10-27,500.0,500.0,510.0,500.0,510.0,20700
2025-10-28,500.0,500.0,505.0,490.0,500.0,44800
2025-10-29,498.0,498.0,500.0,494.0,494.0,17200
2025-10-30,505.0,505.0,505.0,498.0,498.0,163200
2025-10-31,510.0,510.0,520.0,490.0,505.0,430600
2025-11-03,515.0,515.0,525.0,500.0,505.0,170000
2025-11-04,525.0,525.0,530.0,515.0,515.0,1001900
2025-11-05,515.0,515.0,535.0,500.0,525.0,1121900
2025-11-06,525.0,525.0,530.0,515.0,515.0,586000
2025-11-07,525.0,525.0,530.0,515.0,525.0,497700
2025-11-10,525.0,525.0,540.0,520.0,530.0,834700
2025-11-11,525.0,525.0,530.0,525.0,525.0,11200
2025-11-12,530.0,530.0,535.0,520.0,525.0,1011600
2025-11-13,535.0,535.0,540.0,520.0,530.0,375200
2025-11-14,545.0,545.0,545.0,525.0,525.0,363200
2025-11-17,550.0,550.0,550.0,530.0,545.0,301400
2025-11-18,560.0,560.0,560.0,540.0,550.0,346400
2025-11-19,555.0,555.0,560.0,545.0,560.0,74600
2025-11-20,595.0,595.0,600.0,555.0,555.0,353900
2025-11-21,635.0,635.0,640.0,595.0,595.0,461500
2025-11-24,645.0,645.0,700.0,635.0,635.0,591600
2025-11-25,640.0,640.0,680.0,560.0,650.0,1146000
2025-11-26,645.0,645.0,650.0,585.0,590.0,381700
2025-11-27,650.0,650.0,650.0,605.0,640.0,97500
2025-11-28,645.0,645.0,650.0,625.0,650.0,220100
2025-12-01,610.0,610.0,645.0,600.0,645.0,130800
2025-12-02,595.0,595.0,610.0,595.0,610.0,61200
2025-12-03,610.0,610.0,610.0,560.0,595.0,418300
2025-12-04,595.0,595.0,605.0,580.0,605.0,55300
2025-12-05,590.0,590.0,605.0,585.0,595.0,16000
2025-12-08,625.0,625.0,625.0,580.0,610.0,212000
2025-12-09,620.0,620.0,625.0,595.0,620.0,160600
2025-12-10,655.0,655.0,660.0,600.0,620.0,472300
2025-12-11,665.0,665.0,670.0,625.0,655.0,331800
2025-12-12,700.0,700.0,700.0,650.0,670.0,808900
2025-12-15,740.0,740.0,850.0,680.0,700.0,2663300
2025-12-16,695.0,695.0,740.0,630.0,740.0,4162400
2025-12-17,755.0,755.0,780.0,640.0,695.0,737100
2025-12-18,770.0,770.0,800.0,765.0,785.0,1410700
2025-12-19,770.0,770.0,805.0,770.0,780.0,230900
2025-12-22,795.0,795.0,800.0,770.0,770.0,275800
2025-12-23,805.0,805.0,810.0,775.0,775.0,610800
2025-12-24,805.0,805.0,810.0,785.0,800.0,687400
2025-12-29,785.0,785.0,795.0,760.0,765.0,757500
2025-12-30,800.0,800.0,805.0,760.0,785.0,1253000
