Date,Adj Close,Close,High,Low,Open,Volume
2020-01-02,591.9661865234375,664.4346313476562,687.5053100585938,659.820556640625,682.8911743164062,8338517
2020-01-03,596.0770874023438,669.0487670898438,673.6629028320312,655.2064208984375,664.4346313476562,7730493
2020-01-06,567.3009643554688,636.7498779296875,669.0487670898438,627.5216064453125,669.0487670898438,10223705
2020-01-07,567.3009643554688,636.7498779296875,650.59228515625,627.5216064453125,636.7498779296875,9211163
2020-01-08,563.1900634765625,632.1357421875,632.1357421875,613.6792602539062,632.1357421875,8621019
2020-01-09,546.7466430664062,613.6792602539062,636.7498779296875,609.0651245117188,636.7498779296875,8094917
2020-01-10,526.1922607421875,590.6085815429688,618.2933349609375,581.3803100585938,613.6792602539062,6334239
2020-01-13,517.9703979492188,581.3803100585938,599.8368530273438,576.7661743164062,595.2227172851562,6252425
2020-01-14,526.1922607421875,590.6085815429688,599.8368530273438,585.9944458007812,585.9944458007812,6516071
2020-01-15,501.5270080566406,562.923828125,599.8368530273438,562.923828125,590.6085815429688,7320340
2020-01-16,604.298828125,678.2770385742188,678.2770385742188,535.239013671875,562.923828125,13776596
2020-01-17,501.5270080566406,562.923828125,655.2064208984375,553.695556640625,655.2064208984375,6812010
2020-01-20,509.7486572265625,572.1520385742188,590.6085815429688,562.923828125,562.923828125,7386550
2020-01-21,534.4139404296875,599.8368530273438,599.8368530273438,567.5379638671875,572.1520385742188,8988694
2020-01-22,517.9703979492188,581.3803100585938,622.907470703125,567.5379638671875,595.2227172851562,9981947
2020-01-23,509.7486572265625,572.1520385742188,585.9944458007812,553.695556640625,576.7661743164062,6273772
2020-01-24,501.5270080566406,562.923828125,572.1520385742188,558.3096923828125,562.923828125,4251506
2020-01-27,485.0834045410156,544.46728515625,558.3096923828125,544.46728515625,558.3096923828125,5199572
2020-01-28,485.0834045410156,544.46728515625,558.3096923828125,539.8531494140625,553.695556640625,7694842
2020-01-29,489.1943054199219,549.0814208984375,562.923828125,539.8531494140625,544.46728515625,5937089
2020-01-30,485.0834045410156,544.46728515625,558.3096923828125,535.239013671875,553.695556640625,4657866
2020-01-31,468.639892578125,526.0107421875,553.695556640625,521.3966674804688,544.46728515625,4948170
2020-02-03,443.97467041015625,498.32598876953125,530.6248779296875,498.32598876953125,526.0107421875,6612731
2020-02-04,448.0855407714844,502.94012451171875,512.1683959960938,498.32598876953125,502.94012451171875,5233598
2020-02-05,468.639892578125,526.0107421875,530.6248779296875,502.94012451171875,507.55426025390625,6720552
2020-02-06,493.30517578125,553.695556640625,567.5379638671875,521.3966674804688,530.6248779296875,12573227
2020-02-07,497.41607666015625,558.3096923828125,567.5379638671875,544.46728515625,558.3096923828125,6191633
2020-02-10,497.41607666015625,558.3096923828125,558.3096923828125,516.7825317382812,558.3096923828125,10143733
2020-02-11,476.8616943359375,535.239013671875,558.3096923828125,530.6248779296875,558.3096923828125,6025513
2020-02-12,472.7508239746094,530.6248779296875,544.46728515625,526.0107421875,539.8531494140625,5026733
2020-02-13,472.7508239746094,530.6248779296875,544.46728515625,530.6248779296875,535.239013671875,5914983
2020-02-14,472.7508239746094,530.6248779296875,544.46728515625,470.6412048339844,530.6248779296875,9045909
2020-02-17,456.3073425292969,512.1683959960938,530.6248779296875,507.55426025390625,530.6248779296875,5731091
2020-02-18,456.3073425292969,512.1683959960938,526.0107421875,502.94012451171875,512.1683959960938,6081211
2020-02-19,456.3073425292969,512.1683959960938,521.3966674804688,502.94012451171875,516.7825317382812,6272147
2020-02-20,452.1964111328125,507.55426025390625,526.0107421875,507.55426025390625,512.1683959960938,6738757
2020-02-21,448.0855407714844,502.94012451171875,512.1683959960938,498.32598876953125,502.94012451171875,6115888
2020-02-24,431.6420593261719,484.4836120605469,498.32598876953125,479.8694763183594,498.32598876953125,6374333
2020-02-25,431.6420593261719,484.4836120605469,489.0977478027344,466.027099609375,484.4836120605469,4780858
2020-02-26,423.4202880859375,475.2553405761719,484.4836120605469,466.027099609375,484.4836120605469,4922705
2020-02-27,407.7989501953125,457.7216491699219,475.2553405761719,452.1846923828125,475.2553405761719,4367562
2020-02-28,402.86590576171875,452.1846923828125,454.03033447265625,437.41949462890625,452.1846923828125,4908943
2020-03-02,401.2215270996094,450.33905029296875,457.7216491699219,446.6477355957031,450.33905029296875,4786276
2020-03-03,415.19854736328125,466.027099609375,466.027099609375,452.1846923828125,452.1846923828125,8165136
2020-03-04,439.8638000488281,493.71185302734375,493.71185302734375,457.7216491699219,461.4129638671875,8351412
2020-03-05,476.8616943359375,535.239013671875,535.239013671875,470.6412048339844,493.71185302734375,10868680
2020-03-06,431.6420593261719,484.4836120605469,521.3966674804688,484.4836120605469,521.3966674804688,5017306
2020-03-09,404.5102233886719,454.03033447265625,484.4836120605469,454.03033447265625,484.4836120605469,5062276
2020-03-10,394.6441650390625,442.9564514160156,461.4129638671875,442.9564514160156,457.7216491699219,4525555
2020-03-11,371.6232604980469,417.1173095703125,461.4129638671875,415.27166748046875,457.7216491699219,4458045
2020-03-12,356.8240661621094,400.5064392089844,413.4259948730469,396.8151550292969,411.5803527832031,4483619
2020-03-13,342.0249328613281,383.89556884765625,385.7412414550781,372.8216552734375,385.7412414550781,6755662
2020-03-16,328.8701477050781,369.13037109375,393.12384033203125,361.7477722167969,383.89556884765625,2376612
2020-03-17,312.4266357421875,350.6738586425781,361.7477722167969,343.2912292480469,361.7477722167969,2176033
2020-03-18,309.137939453125,346.9825439453125,359.902099609375,326.68035888671875,350.6738586425781,3447345
2020-03-19,287.7613830566406,322.98907470703125,332.2173156738281,322.98907470703125,332.2173156738281,68485
2020-03-20,284.47265625,319.2977600097656,332.2173156738281,300.84124755859375,322.98907470703125,2300867
2020-03-23,264.7404479980469,297.1499328613281,313.76080322265625,297.1499328613281,311.9151611328125,3328471
2020-03-24,246.652587890625,276.8477783203125,313.76080322265625,276.8477783203125,313.76080322265625,3777852
2020-03-26,231.85345458984375,260.2369079589844,282.3847351074219,258.3912658691406,276.8477783203125,3116839
2020-03-27,245.00828552246094,275.00213623046875,280.5390625,254.699951171875,256.54559326171875,5314761
2020-03-30,240.07521057128906,269.4651794433594,300.84124755859375,267.6195068359375,280.5390625,16110947
2020-03-31,236.78648376464844,265.77386474609375,276.8477783203125,262.0825500488281,263.92822265625,7234625
2020-04-01,226.92037963867188,254.699951171875,276.8477783203125,247.31735229492188,273.1564636230469,8670432
2020-04-02,249.9412841796875,280.5390625,282.3847351074219,254.699951171875,254.699951171875,10816883
2020-04-03,240.07521057128906,269.4651794433594,287.92169189453125,269.4651794433594,280.5390625,9040600
2020-04-06,261.4517822265625,293.4586486816406,295.3042907714844,271.3108215332031,276.8477783203125,10086626
2020-04-07,261.4517822265625,293.4586486816406,317.4521179199219,275.00213623046875,298.99560546875,7201791
2020-04-08,258.1630554199219,289.767333984375,304.5325622558594,276.8477783203125,302.6868896484375,7267567
2020-04-09,241.7195587158203,271.3108215332031,291.61297607421875,271.3108215332031,289.767333984375,11967262
2020-04-13,261.4517822265625,293.4586486816406,306.3782043457031,269.4651794433594,271.3108215332031,10702126
2020-04-14,261.4517822265625,293.4586486816406,302.6868896484375,286.0760192871094,298.99560546875,7855436
2020-04-15,279.53961181640625,313.76080322265625,365.4390563964844,297.1499328613281,298.99560546875,14618141
2020-04-16,261.4517822265625,293.4586486816406,322.98907470703125,293.4586486816406,313.76080322265625,5828618
2020-04-17,295.98309326171875,332.2173156738281,332.2173156738281,286.0760192871094,293.4586486816406,14788921
2020-04-20,291.050048828125,326.68035888671875,341.4455871582031,310.06951904296875,334.06298828125,9679073
2020-04-21,271.31787109375,304.5325622558594,321.1434326171875,304.5325622558594,317.4521179199219,7072514
2020-04-22,258.1630554199219,289.767333984375,306.3782043457031,284.2303771972656,306.3782043457031,9787869
2020-04-23,299.27178955078125,335.90863037109375,339.5999450683594,287.92169189453125,289.767333984375,14498184
2020-04-24,279.53961181640625,313.76080322265625,335.90863037109375,313.76080322265625,334.06298828125,3213715
2020-04-27,268.0291442871094,300.84124755859375,313.76080322265625,293.4586486816406,295.3042907714844,7190521
2020-04-28,287.7613830566406,322.98907470703125,334.06298828125,300.84124755859375,300.84124755859375,17015560
2020-04-29,297.6274719238281,334.06298828125,337.7542724609375,322.98907470703125,324.834716796875,9077335
2020-04-30,304.20489501953125,341.4455871582031,345.13690185546875,315.6064758300781,341.4455871582031,18537949
2020-05-04,284.47265625,319.2977600097656,341.4455871582031,319.2977600097656,341.4455871582031,12753759
2020-05-05,287.7613830566406,322.98907470703125,332.2173156738281,317.4521179199219,319.2977600097656,7442357
2020-05-06,286.11700439453125,321.1434326171875,332.2173156738281,321.1434326171875,324.834716796875,6748943
2020-05-08,274.6065368652344,308.2238464355469,322.98907470703125,304.5325622558594,321.1434326171875,11425556
2020-05-11,284.47265625,319.2977600097656,324.834716796875,293.4586486816406,306.3782043457031,12796237
2020-05-12,279.53961181640625,313.76080322265625,324.834716796875,310.06951904296875,322.98907470703125,7302894
2020-05-13,277.895263671875,311.9151611328125,319.2977600097656,308.2238464355469,308.2238464355469,7900189
2020-05-14,259.80743408203125,291.61297607421875,315.6064758300781,291.61297607421875,313.76080322265625,13275418
2020-05-15,259.80743408203125,291.61297607421875,304.5325622558594,286.0760192871094,298.99560546875,7110441
2020-05-18,271.31787109375,304.5325622558594,308.2238464355469,295.3042907714844,298.99560546875,11063950
2020-05-19,276.2509460449219,310.06951904296875,313.76080322265625,304.5325622558594,308.2238464355469,15230499
2020-05-20,277.895263671875,311.9151611328125,319.2977600097656,308.2238464355469,310.06951904296875,7110008
2020-05-26,287.7613830566406,322.98907470703125,328.5260314941406,311.9151611328125,311.9151611328125,17075051
2020-05-27,277.895263671875,311.9151611328125,328.5260314941406,310.06951904296875,322.98907470703125,9997118
2020-05-28,300.9161376953125,337.7542724609375,346.9825439453125,311.9151611328125,311.9151611328125,16892785
2020-05-29,291.050048828125,326.68035888671875,367.2846984863281,321.1434326171875,337.7542724609375,13771286
2020-06-02,328.8701477050781,369.13037109375,382.0499267578125,328.5260314941406,328.5260314941406,12420869
2020-06-03,315.7153015136719,354.3651428222656,378.3586120605469,352.5195007324219,369.13037109375,9416077
2020-06-04,315.7153015136719,354.3651428222656,372.8216552734375,350.6738586425781,359.902099609375,14311583
2020-06-05,337.09185791015625,378.3586120605469,391.2781982421875,352.5195007324219,354.3651428222656,13560087
2020-06-08,361.75714111328125,406.04339599609375,433.7281799316406,383.89556884765625,385.7412414550781,12580812
2020-06-09,337.09185791015625,378.3586120605469,426.3455810546875,378.3586120605469,411.5803527832031,11722362
2020-06-10,345.3136291503906,387.5868835449219,402.35211181640625,367.2846984863281,383.89556884765625,9533650
2020-06-11,342.0249328613281,383.89556884765625,393.12384033203125,376.5129699707031,393.12384033203125,7108491
2020-06-12,335.447509765625,376.5129699707031,380.20428466796875,359.902099609375,367.2846984863281,7903115
2020-06-15,332.1588134765625,372.8216552734375,383.89556884765625,372.8216552734375,376.5129699707031,6638955
2020-06-16,335.447509765625,376.5129699707031,389.4325256347656,369.13037109375,372.8216552734375,12414042
2020-06-17,332.1588134765625,372.8216552734375,387.5868835449219,372.8216552734375,376.5129699707031,9147987
2020-06-18,335.447509765625,376.5129699707031,387.5868835449219,372.8216552734375,372.8216552734375,12323776
2020-06-19,358.4684753417969,402.35211181640625,407.8890686035156,378.3586120605469,378.3586120605469,18049666
2020-06-22,346.9579772949219,389.4325256347656,406.04339599609375,382.0499267578125,402.35211181640625,8283360
2020-06-23,340.38055419921875,382.0499267578125,394.969482421875,380.20428466796875,391.2781982421875,14120106
2020-06-24,343.6692810058594,385.7412414550781,391.2781982421875,382.0499267578125,383.89556884765625,11714993
2020-06-25,338.7362365722656,380.20428466796875,393.12384033203125,378.3586120605469,389.4325256347656,8958569
2020-06-26,343.6692810058594,385.7412414550781,393.12384033203125,380.20428466796875,383.89556884765625,11079879
2020-06-29,337.09185791015625,378.3586120605469,389.4325256347656,374.6673278808594,387.5868835449219,11814579
2020-06-30,330.5145263671875,370.97601318359375,387.5868835449219,365.4390563964844,382.0499267578125,14698113
2020-07-01,328.8701477050781,369.13037109375,374.6673278808594,367.2846984863281,374.6673278808594,8457066
2020-07-02,335.447509765625,376.5129699707031,380.20428466796875,367.2846984863281,372.8216552734375,7686065
2020-07-03,333.8031921386719,374.6673278808594,385.7412414550781,374.6673278808594,374.6673278808594,7372354
2020-07-06,346.9579772949219,389.4325256347656,394.969482421875,367.2846984863281,374.6673278808594,13756874
2020-07-07,356.8240661621094,400.5064392089844,404.19775390625,389.4325256347656,393.12384033203125,11653443
2020-07-08,368.3345031738281,413.4259948730469,422.6542663574219,400.5064392089844,400.5064392089844,11543130
2020-07-09,361.75714111328125,406.04339599609375,418.96295166015625,406.04339599609375,415.27166748046875,7941367
2020-07-10,361.75714111328125,406.04339599609375,411.5803527832031,398.6607971191406,409.7347106933594,7019200
2020-07-13,360.11279296875,404.19775390625,409.7347106933594,404.19775390625,406.04339599609375,5492043
2020-07-14,394.6441650390625,442.9564514160156,452.1846923828125,404.19775390625,404.19775390625,23277196
2020-07-15,386.4223937988281,433.7281799316406,452.1846923828125,428.19122314453125,444.8020935058594,9275097
2020-07-16,411.087646484375,461.4129638671875,461.4129638671875,426.3455810546875,433.7281799316406,16457058
2020-07-17,401.2215270996094,450.33905029296875,466.027099609375,444.8020935058594,461.4129638671875,7147393
2020-07-20,389.7110900878906,437.41949462890625,454.03033447265625,431.8825378417969,450.33905029296875,7446908
2020-07-21,391.35546875,439.26513671875,446.6477355957031,428.19122314453125,441.11077880859375,7336161
2020-07-22,411.087646484375,461.4129638671875,466.027099609375,433.7281799316406,442.9564514160156,15187154
2020-07-23,431.6420593261719,484.4836120605469,526.0107421875,466.027099609375,466.027099609375,32993546
2020-07-24,427.5311584472656,479.8694763183594,498.32598876953125,452.1846923828125,489.0977478027344,17922448
2020-07-27,427.5311584472656,479.8694763183594,489.0977478027344,466.027099609375,479.8694763183594,9799898
2020-07-28,427.5311584472656,479.8694763183594,484.4836120605469,466.027099609375,470.6412048339844,7771454
2020-07-29,427.5311584472656,479.8694763183594,484.4836120605469,470.6412048339844,484.4836120605469,5411204
2020-07-30,439.8638000488281,493.71185302734375,507.55426025390625,475.2553405761719,479.8694763183594,21759250
2020-08-03,423.4202880859375,475.2553405761719,502.94012451171875,459.5672912597656,498.32598876953125,13496695
2020-08-04,419.3094177246094,470.6412048339844,479.8694763183594,461.4129638671875,479.8694763183594,7627007
2020-08-05,439.8638000488281,493.71185302734375,507.55426025390625,466.027099609375,470.6412048339844,11701015
2020-08-06,435.7529296875,489.0977478027344,526.0107421875,489.0977478027344,502.94012451171875,27516457
2020-08-07,452.1964111328125,507.55426025390625,521.3966674804688,489.0977478027344,489.0977478027344,12891055
2020-08-10,493.30517578125,553.695556640625,599.8368530273438,512.1683959960938,516.7825317382812,61020067
2020-08-11,489.1943054199219,549.0814208984375,562.923828125,530.6248779296875,562.923828125,18178184
2020-08-12,476.8616943359375,535.239013671875,558.3096923828125,530.6248779296875,553.695556640625,10644477
2020-08-13,493.30517578125,553.695556640625,553.695556640625,530.6248779296875,535.239013671875,10101688
2020-08-14,485.0834045410156,544.46728515625,562.923828125,544.46728515625,558.3096923828125,8402776
2020-08-18,472.7508239746094,530.6248779296875,558.3096923828125,526.0107421875,549.0814208984375,11582791
2020-08-19,468.639892578125,526.0107421875,535.239013671875,516.7825317382812,535.239013671875,6272580
2020-08-24,501.5270080566406,562.923828125,572.1520385742188,512.1683959960938,526.0107421875,20745299
2020-08-25,489.1943054199219,549.0814208984375,572.1520385742188,544.46728515625,567.5379638671875,12046909
2020-08-26,493.30517578125,553.695556640625,553.695556640625,539.8531494140625,553.695556640625,5565730
2020-08-27,485.0834045410156,544.46728515625,553.695556640625,539.8531494140625,553.695556640625,8070319
2020-08-28,472.7508239746094,530.6248779296875,549.0814208984375,530.6248779296875,544.46728515625,9569843
2020-08-31,452.1964111328125,507.55426025390625,539.8531494140625,502.94012451171875,535.239013671875,12975470
2020-09-01,464.5290832519531,521.3966674804688,530.6248779296875,507.55426025390625,507.55426025390625,8317603
2020-09-02,460.4181823730469,516.7825317382812,535.239013671875,512.1683959960938,521.3966674804688,8271115
2020-09-03,448.0855407714844,502.94012451171875,530.6248779296875,493.71185302734375,521.3966674804688,12597608
2020-09-04,452.1964111328125,507.55426025390625,539.8531494140625,475.2553405761719,479.8694763183594,14025505
2020-09-07,452.1964111328125,507.55426025390625,521.3966674804688,502.94012451171875,507.55426025390625,9049702
2020-09-08,452.1964111328125,507.55426025390625,516.7825317382812,507.55426025390625,507.55426025390625,5617852
2020-09-09,431.6420593261719,484.4836120605469,512.1683959960938,475.2553405761719,507.55426025390625,11316869
2020-09-10,402.86590576171875,452.1846923828125,479.8694763183594,452.1846923828125,479.8694763183594,10439563
2020-09-11,423.4202880859375,475.2553405761719,479.8694763183594,420.8086242675781,439.26513671875,11125175
2020-09-14,460.4181823730469,516.7825317382812,535.239013671875,475.2553405761719,479.8694763183594,20835782
2020-09-15,443.97467041015625,498.32598876953125,521.3966674804688,489.0977478027344,516.7825317382812,7900515
2020-09-16,423.4202880859375,475.2553405761719,502.94012451171875,466.027099609375,502.94012451171875,17935018
2020-09-17,415.19854736328125,466.027099609375,479.8694763183594,466.027099609375,475.2553405761719,5223953
2020-09-18,423.4202880859375,475.2553405761719,493.71185302734375,466.027099609375,470.6412048339844,8006277
2020-09-21,415.19854736328125,466.027099609375,493.71185302734375,466.027099609375,475.2553405761719,8532270
2020-09-22,399.57720947265625,448.493408203125,466.027099609375,446.6477355957031,466.027099609375,12611587
2020-09-23,397.932861328125,446.6477355957031,466.027099609375,437.41949462890625,450.33905029296875,7545301
2020-09-24,391.35546875,439.26513671875,452.1846923828125,433.7281799316406,441.11077880859375,6041442
2020-09-25,397.932861328125,446.6477355957031,457.7216491699219,442.9564514160156,442.9564514160156,7844058
2020-09-28,394.6441650390625,442.9564514160156,457.7216491699219,439.26513671875,448.493408203125,7696467
2020-09-29,389.7110900878906,437.41949462890625,454.03033447265625,435.5738220214844,442.9564514160156,7058969
2020-09-30,379.84503173828125,426.3455810546875,444.8020935058594,415.27166748046875,439.26513671875,10789358
2020-10-01,392.99981689453125,441.11077880859375,442.9564514160156,431.8825378417969,433.7281799316406,7210460
2020-10-02,402.86590576171875,452.1846923828125,457.7216491699219,442.9564514160156,446.6477355957031,12382617
2020-10-05,415.19854736328125,466.027099609375,470.6412048339844,454.03033447265625,455.8760070800781,9278348
2020-10-06,411.087646484375,461.4129638671875,475.2553405761719,461.4129638671875,470.6412048339844,9537876
2020-10-07,409.44329833984375,459.5672912597656,475.2553405761719,452.1846923828125,459.5672912597656,8409820
2020-10-08,411.087646484375,461.4129638671875,470.6412048339844,459.5672912597656,466.027099609375,5733367
2020-10-09,415.19854736328125,466.027099609375,470.6412048339844,461.4129638671875,461.4129638671875,5049164
2020-10-12,415.19854736328125,466.027099609375,470.6412048339844,461.4129638671875,466.027099609375,6764439
2020-10-13,411.087646484375,461.4129638671875,470.6412048339844,457.7216491699219,461.4129638671875,8302541
2020-10-14,407.7989501953125,457.7216491699219,466.027099609375,457.7216491699219,461.4129638671875,8915982
2020-10-15,406.15460205078125,455.8760070800781,461.4129638671875,455.8760070800781,461.4129638671875,4795812
2020-10-16,415.19854736328125,466.027099609375,466.027099609375,441.11077880859375,461.4129638671875,10961872
2020-10-19,415.19854736328125,466.027099609375,475.2553405761719,461.4129638671875,466.027099609375,6808434
2020-10-20,402.86590576171875,452.1846923828125,470.6412048339844,450.33905029296875,470.6412048339844,14065491
2020-10-21,397.932861328125,446.6477355957031,457.7216491699219,446.6477355957031,452.1846923828125,8361382
2020-10-22,404.5102233886719,454.03033447265625,461.4129638671875,444.8020935058594,448.493408203125,10987337
2020-10-23,402.86590576171875,452.1846923828125,461.4129638671875,448.493408203125,461.4129638671875,8520566
2020-10-26,409.44329833984375,459.5672912597656,461.4129638671875,452.1846923828125,457.7216491699219,8299506
2020-10-27,415.19854736328125,466.027099609375,512.1683959960938,455.8760070800781,457.7216491699219,51148758
2020-11-02,411.087646484375,461.4129638671875,479.8694763183594,461.4129638671875,466.027099609375,11971597
2020-11-03,411.087646484375,461.4129638671875,475.2553405761719,461.4129638671875,466.027099609375,5574507
2020-11-04,406.15460205078125,455.8760070800781,466.027099609375,452.1846923828125,466.027099609375,10720223
2020-11-05,409.44329833984375,459.5672912597656,466.027099609375,455.8760070800781,459.5672912597656,8967130
2020-11-06,415.19854736328125,466.027099609375,470.6412048339844,457.7216491699219,459.5672912597656,7732661
2020-11-09,419.3094177246094,470.6412048339844,475.2553405761719,466.027099609375,470.6412048339844,5623270
2020-11-10,427.5311584472656,479.8694763183594,526.0107421875,475.2553405761719,526.0107421875,19021897
2020-11-11,423.4202880859375,475.2553405761719,493.71185302734375,475.2553405761719,484.4836120605469,9221457
2020-11-12,423.4202880859375,475.2553405761719,484.4836120605469,470.6412048339844,475.2553405761719,7866380
2020-11-13,431.6420593261719,484.4836120605469,489.0977478027344,475.2553405761719,479.8694763183594,9010908
2020-11-16,423.4202880859375,475.2553405761719,489.0977478027344,475.2553405761719,489.0977478027344,9387794
2020-11-17,427.5311584472656,479.8694763183594,484.4836120605469,470.6412048339844,479.8694763183594,10716972
2020-11-18,431.6420593261719,484.4836120605469,484.4836120605469,475.2553405761719,484.4836120605469,9597368
2020-11-19,427.5311584472656,479.8694763183594,489.0977478027344,475.2553405761719,479.8694763183594,16301449
2020-11-20,423.4202880859375,475.2553405761719,484.4836120605469,470.6412048339844,479.8694763183594,9658918
2020-11-23,435.7529296875,489.0977478027344,489.0977478027344,475.2553405761719,479.8694763183594,13678636
2020-11-24,460.4181823730469,516.7825317382812,539.8531494140625,489.0977478027344,498.32598876953125,40571790
2020-11-25,443.97467041015625,498.32598876953125,530.6248779296875,489.0977478027344,521.3966674804688,13716996
2020-11-26,448.0855407714844,502.94012451171875,512.1683959960938,489.0977478027344,498.32598876953125,11758447
2020-11-27,443.97467041015625,498.32598876953125,516.7825317382812,498.32598876953125,507.55426025390625,9340223
2020-11-30,423.4202880859375,475.2553405761719,512.1683959960938,466.027099609375,502.94012451171875,16519800
2020-12-01,431.6420593261719,484.4836120605469,489.0977478027344,475.2553405761719,475.2553405761719,9905010
2020-12-02,439.8638000488281,493.71185302734375,498.32598876953125,484.4836120605469,489.0977478027344,9430814
2020-12-03,431.6420593261719,484.4836120605469,502.94012451171875,479.8694763183594,493.71185302734375,6444769
2020-12-04,423.4202880859375,475.2553405761719,489.0977478027344,475.2553405761719,489.0977478027344,8427483
2020-12-07,443.97467041015625,498.32598876953125,507.55426025390625,475.2553405761719,479.8694763183594,17931876
2020-12-08,439.8638000488281,493.71185302734375,507.55426025390625,484.4836120605469,498.32598876953125,10462211
2020-12-10,443.97467041015625,498.32598876953125,507.55426025390625,484.4836120605469,498.32598876953125,16407428
2020-12-11,435.7529296875,489.0977478027344,512.1683959960938,489.0977478027344,502.94012451171875,16346853
2020-12-14,468.639892578125,526.0107421875,530.6248779296875,493.71185302734375,493.71185302734375,27554059
2020-12-15,468.639892578125,526.0107421875,535.239013671875,512.1683959960938,530.6248779296875,19841228
2020-12-16,460.4181823730469,516.7825317382812,535.239013671875,512.1683959960938,535.239013671875,11982758
2020-12-17,522.081298828125,585.9944458007812,609.0651245117188,516.7825317382812,516.7825317382812,66337105
2020-12-18,513.859619140625,576.7661743164062,636.7498779296875,576.7661743164062,585.9944458007812,30372900
2020-12-21,534.4139404296875,599.8368530273438,599.8368530273438,572.1520385742188,581.3803100585938,23447325
2020-12-22,501.5270080566406,562.923828125,599.8368530273438,558.3096923828125,585.9944458007812,16236540
2020-12-23,517.9703979492188,581.3803100585938,604.4509887695312,530.6248779296875,562.923828125,33991459
2020-12-28,559.0792236328125,627.5216064453125,673.6629028320312,581.3803100585938,595.2227172851562,97452399
2020-12-29,542.6357421875,609.0651245117188,636.7498779296875,599.8368530273438,627.5216064453125,23717257
2020-12-30,522.081298828125,585.9944458007812,645.9781494140625,585.9944458007812,613.6792602539062,29796410
2021-01-04,550.857421875,618.2933349609375,627.5216064453125,585.9944458007812,585.9944458007812,35913382
2021-01-05,550.857421875,618.2933349609375,622.907470703125,604.4509887695312,613.6792602539062,16680285
2021-01-06,538.5248413085938,604.4509887695312,636.7498779296875,585.9944458007812,627.5216064453125,17756220
2021-01-07,542.6357421875,609.0651245117188,618.2933349609375,599.8368530273438,609.0651245117188,12078551
2021-01-08,538.5248413085938,604.4509887695312,627.5216064453125,590.6085815429688,613.6792602539062,17674622
2021-01-11,600.18798828125,673.6629028320312,673.6629028320312,609.0651245117188,609.0651245117188,46115523
2021-01-12,591.9661865234375,664.4346313476562,692.1194458007812,645.9781494140625,673.6629028320312,39317599
2021-01-13,583.7445068359375,655.2064208984375,678.2770385742188,655.2064208984375,664.4346313476562,10865321
2021-01-14,612.5206298828125,687.5053100585938,724.4183349609375,655.2064208984375,669.0487670898438,47489238
2021-01-15,624.853271484375,701.3477172851562,719.80419921875,687.5053100585938,692.1194458007812,21247452
2021-01-18,665.9620361328125,747.489013671875,779.7879028320312,701.3477172851562,710.575927734375,30021046
2021-01-19,653.62939453125,733.6466064453125,761.3313598632812,701.3477172851562,747.489013671875,23141851
2021-01-20,686.5164184570312,770.5596313476562,784.4020385742188,724.4183349609375,733.6466064453125,21194571
2021-01-21,682.405517578125,765.9454956054688,779.7879028320312,756.7172241210938,770.5596313476562,14393939
2021-01-22,670.0728759765625,752.1031494140625,779.7879028320312,747.489013671875,765.9454956054688,14277990
2021-01-25,649.5184326171875,729.032470703125,752.1031494140625,705.9618530273438,738.2607421875,15173826
2021-01-26,641.2967529296875,719.80419921875,747.489013671875,705.9618530273438,729.032470703125,16738910
2021-01-27,657.7402954101562,738.2607421875,761.3313598632812,678.2770385742188,719.80419921875,35127535
2021-01-28,665.9620361328125,747.489013671875,816.700927734375,715.1900634765625,742.8748779296875,42932907
2021-01-29,661.85107421875,742.8748779296875,756.7172241210938,719.80419921875,752.1031494140625,16681694
2021-02-01,715.29248046875,802.8585205078125,812.0867919921875,719.80419921875,738.2607421875,27769267
2021-02-02,690.6272583007812,775.1737670898438,848.9998168945312,775.1737670898438,802.8585205078125,37456035
2021-02-03,690.6272583007812,775.1737670898438,798.244384765625,747.489013671875,784.4020385742188,11365415
2021-02-04,822.17529296875,922.825927734375,968.9672241210938,765.9454956054688,779.7879028320312,94948677
2021-02-05,830.3970947265625,932.05419921875,1001.26611328125,895.14111328125,918.2117919921875,57964128
2021-02-08,834.5079345703125,936.6682739257812,964.3530883789062,922.825927734375,964.3530883789062,11640657
2021-02-09,855.0623168945312,959.7389526367188,987.4237060546875,932.05419921875,932.05419921875,16294947
2021-02-10,855.0623168945312,959.7389526367188,973.5813598632812,945.8965454101562,973.5813598632812,12864506
2021-02-11,953.723388671875,1070.47802734375,1107.39111328125,945.8965454101562,964.3530883789062,66446768
2021-02-15,970.1668090820312,1088.9345703125,1245.81494140625,1024.3367919921875,1070.47802734375,66403098
2021-02-16,953.723388671875,1070.47802734375,1148.918212890625,1061.249755859375,1075.0921630859375,25886680
2021-02-17,1068.827880859375,1199.6737060546875,1213.51611328125,1033.5650634765625,1065.8638916015625,73660155
2021-02-18,1122.269287109375,1259.6573486328125,1347.3258056640625,1204.287841796875,1218.1302490234375,60088039
2021-02-19,1089.38232421875,1222.744384765625,1301.1845703125,1199.6737060546875,1255.043212890625,27803510
2021-02-22,1072.93896484375,1204.287841796875,1264.271484375,1181.2171630859375,1236.586669921875,18246236
2021-02-23,1093.4932861328125,1227.3585205078125,1231.9725341796875,1190.4454345703125,1204.287841796875,15699277
2021-02-24,1060.606201171875,1190.4454345703125,1250.4290771484375,1148.918212890625,1236.586669921875,33179172
2021-02-25,1060.606201171875,1190.4454345703125,1208.9019775390625,1158.146484375,1190.4454345703125,13819832
2021-02-26,1031.830078125,1158.146484375,1171.9888916015625,1107.39111328125,1171.9888916015625,25428523
2021-03-01,1003.0540161132812,1125.84765625,1162.7606201171875,1112.0052490234375,1153.5323486328125,24153309
2021-03-02,974.2777099609375,1093.5487060546875,1158.146484375,1070.47802734375,1125.84765625,30222926
2021-03-03,990.7212524414062,1112.0052490234375,1139.6900634765625,1084.3204345703125,1088.9345703125,34047916
2021-03-04,1105.82568359375,1241.2008056640625,1264.271484375,1084.3204345703125,1112.0052490234375,67174533
2021-03-05,1183.932373046875,1328.8692626953125,1490.3638916015625,1199.6737060546875,1245.81494140625,108518300
2021-03-08,1479.91552734375,1661.086669921875,1661.086669921875,1338.0975341796875,1342.711669921875,104281965
2021-03-09,1377.1436767578125,1545.7333984375,1670.31494140625,1545.7333984375,1670.31494140625,10845924
2021-03-10,1410.0306396484375,1582.646484375,1725.6844482421875,1439.6083984375,1453.4508056640625,106037551
2021-03-12,1410.0306396484375,1582.646484375,1647.2442626953125,1568.8040771484375,1582.646484375,31196458
2021-03-15,1516.9134521484375,1702.61376953125,1817.967041015625,1582.646484375,1596.4888916015625,99183170
2021-03-16,1574.4656982421875,1767.211669921875,1836.423583984375,1702.61376953125,1716.4561767578125,75619137
2021-03-17,1570.3548583984375,1762.5975341796875,1808.73876953125,1734.9127197265625,1767.211669921875,25193700
2021-03-18,1562.1331787109375,1753.3692626953125,1804.1246337890625,1739.52685546875,1762.5975341796875,20363645
2021-03-19,1455.250244140625,1633.40185546875,1762.5975341796875,1633.40185546875,1753.3692626953125,43396700
2021-03-22,1389.4761962890625,1559.5758056640625,1633.40185546875,1531.8909912109375,1624.173583984375,29739520
2021-03-23,1294.92626953125,1453.4508056640625,1619.5594482421875,1453.4508056640625,1554.961669921875,39157222
2021-03-24,1348.367431640625,1513.4344482421875,1573.418212890625,1411.9237060546875,1430.380126953125,49986676
2021-03-25,1319.59130859375,1481.1356201171875,1550.3475341796875,1448.836669921875,1522.6627197265625,21236074
2021-03-26,1430.5849609375,1605.717041015625,1605.717041015625,1471.9073486328125,1481.1356201171875,38796591
2021-03-29,1422.363525390625,1596.4888916015625,1642.630126953125,1578.0323486328125,1610.3311767578125,23966492
2021-03-30,1414.1416015625,1587.2606201171875,1674.9290771484375,1536.505126953125,1605.717041015625,40397760
2021-03-31,1377.1436767578125,1545.7333984375,1601.1029052734375,1494.97802734375,1582.646484375,31856495
2021-04-01,1393.587158203125,1564.18994140625,1578.0323486328125,1513.4344482421875,1550.3475341796875,15445166
2021-04-05,1471.6939697265625,1651.8583984375,1651.8583984375,1545.7333984375,1568.8040771484375,34245570
2021-04-06,1627.9073486328125,1827.1953125,1919.4779052734375,1656.4725341796875,1661.086669921875,97065653
2021-04-07,1578.57666015625,1771.8258056640625,1845.65185546875,1762.5975341796875,1836.423583984375,22394039
2021-04-08,1603.241943359375,1799.510498046875,1845.65185546875,1767.211669921875,1771.8258056640625,18553553
2021-04-09,1578.57666015625,1771.8258056640625,1827.1953125,1767.211669921875,1813.3529052734375,9934809
2021-04-12,1488.137451171875,1670.31494140625,1785.6680908203125,1670.31494140625,1771.8258056640625,21861869
2021-04-13,1607.352783203125,1804.1246337890625,1808.73876953125,1619.5594482421875,1679.543212890625,42226057
2021-04-14,1607.352783203125,1804.1246337890625,1882.5648193359375,1781.053955078125,1808.73876953125,40248002
2021-04-15,1726.5682373046875,1937.9344482421875,1974.847412109375,1790.2822265625,1804.1246337890625,53956872
2021-04-16,1775.898681640625,1993.303955078125,2140.9560546875,1910.2496337890625,1947.1627197265625,55694794
2021-04-19,1784.120361328125,2002.5322265625,2113.271240234375,1984.07568359375,2020.98876953125,25772574
2021-04-20,1841.6727294921875,2067.130126953125,2076.3583984375,1947.1627197265625,2011.760498046875,13598447
2021-04-21,1808.78564453125,2030.217041015625,2150.184326171875,1993.303955078125,2104.04296875,41317760
2021-04-22,1759.4552001953125,1974.847412109375,2067.130126953125,1937.9344482421875,2020.98876953125,19245341
2021-04-23,1743.01171875,1956.3909912109375,1984.07568359375,1919.4779052734375,1984.07568359375,13607766
2021-04-26,1644.3505859375,1845.65185546875,1965.619140625,1822.5811767578125,1956.3909912109375,59117108
2021-04-27,1784.120361328125,2002.5322265625,2030.217041015625,1845.65185546875,1845.65185546875,38243616
2021-04-28,1841.6727294921875,2067.130126953125,2104.04296875,1974.847412109375,2020.98876953125,34685957
2021-04-29,1800.56396484375,2020.98876953125,2094.81494140625,1984.07568359375,2067.130126953125,14045444
2021-04-30,1775.898681640625,1993.303955078125,2030.217041015625,1956.3909912109375,2020.98876953125,13771178
2021-05-03,1743.01171875,1956.3909912109375,1993.303955078125,1928.7061767578125,1974.847412109375,8030225
2021-05-04,1743.01171875,1956.3909912109375,2057.90185546875,1937.9344482421875,1956.3909912109375,15392285
2021-05-05,1685.45947265625,1891.7930908203125,1974.847412109375,1864.1083984375,1965.619140625,20458354
2021-05-06,1677.2376708984375,1882.5648193359375,1947.1627197265625,1864.1083984375,1901.0213623046875,11152916
2021-05-07,1652.5723876953125,1854.880126953125,1901.0213623046875,1841.0377197265625,1882.5648193359375,12647564
2021-05-10,1734.7900390625,1947.1627197265625,1956.3909912109375,1854.880126953125,1873.3365478515625,19627753
2021-05-11,1677.2376708984375,1882.5648193359375,1937.9344482421875,1864.1083984375,1937.9344482421875,16054382
2021-05-17,1669.015869140625,1873.3365478515625,1910.2496337890625,1841.0377197265625,1901.0213623046875,24820716
2021-05-18,1669.015869140625,1873.3365478515625,1891.7930908203125,1841.0377197265625,1864.1083984375,14788054
2021-05-19,1718.346435546875,1928.7061767578125,2011.760498046875,1873.3365478515625,1882.5648193359375,28821687
2021-05-20,1677.2376708984375,1882.5648193359375,1956.3909912109375,1873.3365478515625,1937.9344482421875,11596336
2021-05-21,1660.794189453125,1864.1083984375,1901.0213623046875,1854.880126953125,1891.7930908203125,9464190
2021-05-24,1677.2376708984375,1882.5648193359375,1891.7930908203125,1845.65185546875,1864.1083984375,10581302
2021-05-25,1693.68115234375,1901.0213623046875,1919.4779052734375,1864.1083984375,1891.7930908203125,12599451
2021-05-27,1701.90283203125,1910.2496337890625,1965.619140625,1891.7930908203125,1910.2496337890625,15194523
2021-05-28,1751.2333984375,1965.619140625,1965.619140625,1901.0213623046875,1919.4779052734375,16563795
2021-05-31,1817.007568359375,2039.4453125,2168.640869140625,1974.847412109375,1974.847412109375,43056116
2021-06-02,1792.3421630859375,2011.760498046875,2085.586669921875,1984.07568359375,2076.3583984375,18849275
2021-06-03,1792.3421630859375,2011.760498046875,2076.3583984375,2002.5322265625,2011.760498046875,13617194
2021-06-04,1767.6768798828125,1984.07568359375,2039.4453125,1965.619140625,2011.760498046875,11087031
2021-06-07,1792.3421630859375,2011.760498046875,2011.760498046875,1919.4779052734375,1984.07568359375,17260460
2021-06-08,1874.5595703125,2104.04296875,2122.49951171875,2011.760498046875,2020.98876953125,31307638
2021-06-09,2014.3297119140625,2260.923583984375,2288.608154296875,2104.04296875,2104.04296875,43889426
2021-06-10,1981.4425048828125,2224.010498046875,2288.608154296875,2187.097412109375,2279.380126953125,17658910
2021-06-11,1964.9990234375,2205.553955078125,2233.23876953125,2168.640869140625,2205.553955078125,11470419
2021-06-14,1891.0032958984375,2122.49951171875,2251.6953125,2104.04296875,2168.640869140625,18816008
2021-06-15,1858.1163330078125,2085.586669921875,2122.49951171875,2067.130126953125,2122.49951171875,11307008
2021-06-16,1964.9990234375,2205.553955078125,2214.7822265625,2076.3583984375,2085.586669921875,25260777
2021-06-17,1989.664306640625,2233.23876953125,2260.923583984375,2150.184326171875,2168.640869140625,22184032
2021-06-18,1907.44677734375,2140.9560546875,2251.6953125,2085.586669921875,2233.23876953125,17138660
2021-06-21,2014.3297119140625,2260.923583984375,2353.2060546875,2076.3583984375,2122.49951171875,25145912
2021-06-22,1989.664306640625,2233.23876953125,2353.2060546875,2214.7822265625,2279.380126953125,17522589
2021-06-23,2038.99462890625,2288.608154296875,2343.977783203125,2224.010498046875,2233.23876953125,13247027
2021-06-24,1989.664306640625,2233.23876953125,2325.521240234375,2214.7822265625,2288.608154296875,10684138
2021-06-25,1964.9990234375,2205.553955078125,2242.467041015625,2168.640869140625,2242.467041015625,11697547
2021-06-28,1940.3336181640625,2177.869140625,2214.7822265625,2140.9560546875,2214.7822265625,9672138
2021-06-29,1882.781494140625,2113.271240234375,2214.7822265625,2085.586669921875,2177.869140625,12402555
2021-06-30,1866.338134765625,2094.81494140625,2150.184326171875,2076.3583984375,2113.271240234375,8845113
2021-07-01,1849.8944091796875,2076.3583984375,2177.869140625,2030.217041015625,2094.81494140625,18928922
2021-07-02,1874.5595703125,2104.04296875,2131.727783203125,2076.3583984375,2104.04296875,7065471
2021-07-05,1989.664306640625,2233.23876953125,2260.923583984375,2076.3583984375,2122.49951171875,19828333
2021-07-06,2038.99462890625,2288.608154296875,2334.74951171875,2242.467041015625,2242.467041015625,19848488
2021-07-07,2022.551513671875,2270.15185546875,2380.890869140625,2242.467041015625,2260.923583984375,26873974
2021-07-08,2030.773193359375,2279.380126953125,2334.74951171875,2260.923583984375,2270.15185546875,11511813
2021-07-09,2154.099365234375,2417.803955078125,2436.260498046875,2251.6953125,2279.380126953125,22466425
2021-07-12,2030.773193359375,2279.380126953125,2546.99951171875,2270.15185546875,2427.0322265625,38188134
2021-07-13,2031.325439453125,2280.0,2440.0,2220.0,2360.0,21017300
2021-07-14,2093.690673828125,2350.0,2350.0,2250.0,2290.0,13551400
2021-07-15,2049.144287109375,2300.0,2380.0,2270.0,2350.0,9138500
2021-07-16,2004.5975341796875,2250.0,2320.0,2170.0,2300.0,18149800
2021-07-19,1960.0506591796875,2200.0,2250.0,2180.0,2250.0,9989000
2021-07-21,1870.95751953125,2100.0,2210.0,2090.0,2200.0,16043700
2021-07-22,1942.232177734375,2180.0,2190.0,2090.0,2090.0,15964600
2021-07-23,2093.690673828125,2350.0,2350.0,2110.0,2180.0,16668300
2021-07-26,2191.693359375,2460.0,2490.0,2230.0,2350.0,28065300
2021-07-27,2280.78662109375,2560.0,2690.0,2460.0,2460.0,25656100
2021-07-28,2191.693359375,2460.0,2610.0,2440.0,2590.0,21066200
2021-07-29,2156.05615234375,2420.0,2530.0,2410.0,2460.0,8229700
2021-07-30,2138.237548828125,2400.0,2450.0,2350.0,2410.0,8910400
2021-08-02,2138.237548828125,2400.0,2440.0,2280.0,2420.0,12371400
2021-08-03,2245.149169921875,2520.0,2530.0,2350.0,2400.0,25169000
2021-08-04,2307.51416015625,2590.0,2600.0,2470.0,2550.0,16760200
2021-08-05,2325.3330078125,2610.0,2670.0,2550.0,2600.0,13130600
2021-08-06,2289.695556640625,2570.0,2640.0,2510.0,2620.0,8402500
2021-08-09,2485.70068359375,2790.0,2870.0,2570.0,2580.0,34959300
2021-08-10,2467.882080078125,2770.0,2880.0,2670.0,2780.0,23036400
2021-08-12,2494.6103515625,2800.0,2940.0,2740.0,2780.0,17290600
2021-08-13,2530.24755859375,2840.0,2880.0,2760.0,2820.0,11272000
2021-08-16,2378.7890625,2670.0,2840.0,2660.0,2840.0,20634600
2021-08-18,2405.516845703125,2700.0,2760.0,2530.0,2660.0,16709900
2021-08-19,2307.51416015625,2590.0,2880.0,2540.0,2700.0,36755700
2021-08-20,2307.51416015625,2590.0,2650.0,2560.0,2570.0,12235400
2021-08-23,2316.423583984375,2600.0,2660.0,2560.0,2590.0,9566500
2021-08-24,2441.154052734375,2740.0,2780.0,2600.0,2610.0,18337500
2021-08-25,2405.516845703125,2700.0,2820.0,2680.0,2760.0,11822500
2021-08-26,2298.604736328125,2580.0,2720.0,2550.0,2700.0,17728400
2021-08-27,2334.2421875,2620.0,2640.0,2500.0,2580.0,13156400
2021-08-30,2414.42626953125,2710.0,2740.0,2640.0,2640.0,10992200
2021-08-31,2352.060791015625,2640.0,2740.0,2620.0,2730.0,9025700
2021-09-01,2352.060791015625,2640.0,2740.0,2640.0,2650.0,14156000
2021-09-02,2476.79150390625,2780.0,2810.0,2650.0,2650.0,18857600
2021-09-03,2432.244873046875,2730.0,2830.0,2700.0,2760.0,14052700
2021-09-06,2387.6982421875,2680.0,2780.0,2660.0,2730.0,11640600
2021-09-07,2334.2421875,2620.0,2720.0,2600.0,2680.0,10575000
2021-09-08,2334.2421875,2620.0,2640.0,2580.0,2620.0,10275500
2021-09-09,2316.423583984375,2600.0,2670.0,2470.0,2620.0,15559200
2021-09-10,2369.879638671875,2660.0,2670.0,2600.0,2640.0,9239500
2021-09-13,2441.154052734375,2740.0,2780.0,2660.0,2660.0,17691700
2021-09-14,2476.79150390625,2780.0,2830.0,2690.0,2740.0,21980500
2021-09-15,2476.79150390625,2780.0,2800.0,2730.0,2780.0,9373700
2021-09-16,2654.977783203125,2980.0,3050.0,2780.0,2780.0,54407600
2021-09-17,2850.98291015625,3200.0,3200.0,2980.0,2980.0,20980800
2021-09-20,3038.078857421875,3410.0,3490.0,3190.0,3200.0,32338700
2021-09-21,3091.53466796875,3470.0,3590.0,3260.0,3490.0,22319800
2021-09-22,3225.174560546875,3620.0,3750.0,3470.0,3490.0,20412700
2021-09-23,3029.169677734375,3400.0,3690.0,3370.0,3640.0,16525000
2021-09-24,2966.803955078125,3330.0,3570.0,3290.0,3400.0,17854000
2021-09-27,3127.172119140625,3510.0,3550.0,3350.0,3360.0,10649900
2021-09-28,2948.985595703125,3310.0,3530.0,3270.0,3520.0,12576000
2021-09-29,3002.44140625,3370.0,3450.0,3250.0,3320.0,8370700
2021-09-30,3055.8974609375,3430.0,3490.0,3370.0,3370.0,8732000
2021-10-01,3064.806640625,3440.0,3470.0,3340.0,3430.0,9778600
2021-10-04,2993.5322265625,3360.0,3550.0,3360.0,3470.0,14987000
2021-10-05,3046.988037109375,3420.0,3500.0,3300.0,3360.0,10349600
2021-10-06,2975.713623046875,3340.0,3470.0,3300.0,3430.0,18028200
2021-10-07,3011.350830078125,3380.0,3410.0,3320.0,3340.0,10981400
2021-10-08,3465.726318359375,3890.0,4000.0,3370.0,3380.0,44897300
2021-10-11,3394.45166015625,3810.0,3960.0,3780.0,3900.0,14933500
2021-10-12,3537.000732421875,3970.0,3980.0,3740.0,3810.0,23143800
2021-10-13,3367.723876953125,3780.0,3970.0,3750.0,3900.0,17288400
2021-10-14,3136.081298828125,3520.0,3800.0,3520.0,3780.0,28000300
2021-10-15,3020.26025390625,3390.0,3550.0,3360.0,3520.0,21962100
2021-10-18,3029.169677734375,3400.0,3470.0,3370.0,3390.0,9386500
2021-10-19,3011.350830078125,3380.0,3470.0,3370.0,3400.0,8986500
2021-10-21,2966.803955078125,3330.0,3430.0,3300.0,3390.0,8464300
2021-10-22,3002.44140625,3370.0,3450.0,3320.0,3330.0,17483300
2021-10-25,2842.07373046875,3190.0,3390.0,3140.0,3370.0,26421300
2021-10-26,2922.257568359375,3280.0,3330.0,3180.0,3190.0,22733300
2021-10-27,2806.4365234375,3150.0,3310.0,3150.0,3290.0,9971000
2021-10-28,2806.4365234375,3150.0,3230.0,3100.0,3150.0,9757500
2021-10-29,2833.164306640625,3180.0,3230.0,3130.0,3160.0,12735300
2021-11-01,3002.44140625,3370.0,3430.0,3180.0,3180.0,31898400
2021-11-02,2895.529541015625,3250.0,3410.0,3220.0,3400.0,14371900
2021-11-03,2877.710693359375,3230.0,3300.0,3190.0,3300.0,8871700
2021-11-04,2940.076416015625,3300.0,3330.0,3240.0,3240.0,11932300
2021-11-05,2957.894775390625,3320.0,3390.0,3290.0,3310.0,8480300
2021-11-08,2957.894775390625,3320.0,3380.0,3290.0,3320.0,7995700
2021-11-09,2993.5322265625,3360.0,3380.0,3300.0,3320.0,13345300
2021-11-10,3100.44384765625,3480.0,3480.0,3350.0,3380.0,23867400
2021-11-11,3020.26025390625,3390.0,3500.0,3360.0,3500.0,10086100
2021-11-12,3153.900146484375,3540.0,3580.0,3360.0,3390.0,21313600
2021-11-15,3109.353515625,3490.0,3600.0,3450.0,3600.0,12378500
2021-11-16,3278.630615234375,3680.0,3720.0,3500.0,3500.0,26144500
2021-11-17,3269.72119140625,3670.0,3820.0,3610.0,3680.0,18140000
2021-11-18,3234.083984375,3630.0,3750.0,3610.0,3670.0,6960800
2021-11-19,3207.35595703125,3600.0,3710.0,3600.0,3630.0,5580700
2021-11-22,3198.44677734375,3590.0,3700.0,3550.0,3600.0,6411400
2021-11-23,3136.081298828125,3520.0,3640.0,3410.0,3590.0,10300800
2021-11-24,3073.716064453125,3450.0,3530.0,3430.0,3520.0,7896600
2021-11-25,3367.723876953125,3780.0,3840.0,3460.0,3510.0,30072400
2021-11-26,3287.539794921875,3690.0,3880.0,3640.0,3780.0,17805800
2021-11-29,3198.44677734375,3590.0,3760.0,3550.0,3690.0,18397700
2021-11-30,3296.448974609375,3700.0,3760.0,3500.0,3610.0,29010600
2021-12-01,3296.448974609375,3700.0,3700.0,3570.0,3670.0,8127000
2021-12-02,3225.174560546875,3620.0,3720.0,3610.0,3700.0,4642700
2021-12-03,3242.993408203125,3640.0,3680.0,3620.0,3630.0,2366600
2021-12-06,3198.44677734375,3590.0,3750.0,3570.0,3660.0,13828700
2021-12-07,3234.083984375,3630.0,3640.0,3580.0,3600.0,4093300
2021-12-08,3260.81201171875,3660.0,3720.0,3590.0,3640.0,8765500
2021-12-09,3323.177001953125,3730.0,3750.0,3650.0,3670.0,5046500
2021-12-10,3260.81201171875,3660.0,3820.0,3650.0,3730.0,11824900
2021-12-13,3234.083984375,3630.0,3730.0,3630.0,3670.0,4268000
2021-12-14,3136.081298828125,3520.0,3640.0,3480.0,3640.0,12466800
2021-12-15,3144.99072265625,3530.0,3570.0,3500.0,3520.0,3870700
2021-12-16,3118.2626953125,3500.0,3600.0,3500.0,3540.0,5203300
2021-12-17,3144.99072265625,3530.0,3550.0,3410.0,3480.0,4397300
2021-12-20,3091.53466796875,3470.0,3530.0,3460.0,3530.0,3966100
2021-12-21,2957.894775390625,3320.0,3470.0,3310.0,3470.0,11279200
2021-12-22,2859.89208984375,3210.0,3390.0,3170.0,3320.0,8158200
2021-12-23,2877.710693359375,3230.0,3300.0,3200.0,3210.0,4705200
2021-12-24,2877.710693359375,3230.0,3290.0,3210.0,3240.0,5197800
2021-12-27,2850.98291015625,3200.0,3260.0,3140.0,3230.0,7947800
2021-12-28,3029.169677734375,3400.0,3460.0,3200.0,3220.0,8355400
2021-12-29,2966.803955078125,3330.0,3420.0,3330.0,3420.0,3245000
2021-12-30,2957.894775390625,3320.0,3350.0,3220.0,3340.0,4984500
2022-01-03,3144.99072265625,3530.0,3560.0,3320.0,3320.0,11118200
2022-01-04,3207.35595703125,3600.0,3630.0,3530.0,3580.0,9109100
2022-01-05,3144.99072265625,3530.0,3640.0,3510.0,3600.0,3709400
2022-01-06,3082.625244140625,3460.0,3500.0,3310.0,3500.0,9557800
2022-01-07,3082.625244140625,3460.0,3490.0,3410.0,3460.0,3889500
2022-01-10,3002.44140625,3370.0,3460.0,3360.0,3460.0,8073500
2022-01-11,2797.527099609375,3140.0,3370.0,3140.0,3370.0,23187700
2022-01-12,2948.985595703125,3310.0,3370.0,3160.0,3200.0,13110700
2022-01-13,2993.5322265625,3360.0,3370.0,3250.0,3310.0,5181700
2022-01-14,3020.26025390625,3390.0,3400.0,3310.0,3360.0,3901000
2022-01-17,3038.078857421875,3410.0,3530.0,3350.0,3420.0,12182900
2022-01-18,2940.076416015625,3300.0,3460.0,3270.0,3400.0,5166000
2022-01-19,2886.620361328125,3240.0,3340.0,3230.0,3300.0,5959400
2022-01-20,2868.801513671875,3220.0,3280.0,3210.0,3240.0,3743500
2022-01-21,2904.43896484375,3260.0,3320.0,3180.0,3240.0,6796900
2022-01-24,2895.529541015625,3250.0,3310.0,3210.0,3270.0,8742200
2022-01-25,2699.524658203125,3030.0,3290.0,3030.0,3220.0,21541800
2022-01-26,2512.4287109375,2820.0,3050.0,2820.0,3050.0,5735500
2022-01-27,2646.068603515625,2970.0,2980.0,2630.0,2800.0,67594600
2022-01-28,2637.159423828125,2960.0,3030.0,2880.0,2980.0,15525100
2022-01-31,2458.972900390625,2760.0,3000.0,2760.0,2960.0,11009800
2022-02-02,2583.70361328125,2900.0,2970.0,2610.0,2750.0,20438500
2022-02-03,2441.154052734375,2740.0,2930.0,2740.0,2900.0,6838900
2022-02-04,2441.154052734375,2740.0,2800.0,2700.0,2700.0,10257300
2022-02-07,2405.516845703125,2700.0,2780.0,2670.0,2740.0,7983800
2022-02-08,2298.604736328125,2580.0,2730.0,2570.0,2700.0,11975000
2022-02-09,2325.3330078125,2610.0,2660.0,2500.0,2570.0,13595400
2022-02-10,2467.882080078125,2770.0,2850.0,2610.0,2610.0,19098900
2022-02-11,2396.607421875,2690.0,2800.0,2660.0,2780.0,4632100
2022-02-14,2280.78662109375,2560.0,2690.0,2550.0,2690.0,9019800
2022-02-15,2254.05859375,2530.0,2620.0,2530.0,2550.0,5112000
2022-02-16,2325.3330078125,2610.0,2680.0,2530.0,2540.0,11300200
2022-02-17,2307.51416015625,2590.0,2650.0,2540.0,2600.0,5345800
2022-02-18,2316.423583984375,2600.0,2670.0,2560.0,2570.0,9777400
2022-02-21,2307.51416015625,2590.0,2640.0,2560.0,2600.0,10073400
2022-02-22,2289.695556640625,2570.0,2620.0,2420.0,2590.0,15339700
2022-02-23,2209.511962890625,2480.0,2590.0,2480.0,2570.0,11246500
2022-02-24,2066.962646484375,2320.0,2530.0,2310.0,2490.0,18421300
2022-02-25,2262.9677734375,2540.0,2540.0,2320.0,2320.0,20875200
2022-03-01,2262.9677734375,2540.0,2650.0,2540.0,2570.0,9729700
2022-03-02,2271.87744140625,2550.0,2610.0,2490.0,2540.0,9191400
2022-03-04,2164.96533203125,2430.0,2590.0,2410.0,2550.0,11149500
2022-03-07,2013.5068359375,2260.0,2440.0,2260.0,2370.0,19307800
2022-03-08,1879.8668212890625,2110.0,2320.0,2110.0,2260.0,24408800
2022-03-09,1986.7786865234375,2230.0,2260.0,2090.0,2110.0,9337800
2022-03-10,2049.144287109375,2300.0,2300.0,2170.0,2260.0,6797900
2022-03-11,2049.144287109375,2300.0,2330.0,2250.0,2300.0,3123300
2022-03-14,2084.78125,2340.0,2350.0,2250.0,2300.0,5186200
2022-03-15,1942.232177734375,2180.0,2390.0,2180.0,2340.0,11357700
2022-03-16,1960.0506591796875,2200.0,2220.0,2120.0,2180.0,8035100
2022-03-17,2022.4161376953125,2270.0,2320.0,2200.0,2200.0,18943300
2022-03-18,2031.325439453125,2280.0,2290.0,2250.0,2290.0,10273000
2022-03-21,2245.149169921875,2520.0,2530.0,2290.0,2290.0,21209200
2022-03-22,2182.783935546875,2450.0,2550.0,2420.0,2540.0,15173300
2022-03-23,2369.879638671875,2660.0,2680.0,2440.0,2500.0,26296100
2022-03-24,2414.42626953125,2710.0,2750.0,2610.0,2660.0,17463600
2022-03-25,2405.516845703125,2700.0,2720.0,2630.0,2700.0,7598400
2022-03-28,2369.879638671875,2660.0,2700.0,2650.0,2700.0,3756800
2022-03-29,2254.05859375,2530.0,2660.0,2520.0,2660.0,9091300
2022-03-30,2334.2421875,2620.0,2630.0,2530.0,2530.0,9337800
2022-03-31,2325.3330078125,2610.0,2630.0,2560.0,2620.0,6400300
2022-04-01,2316.423583984375,2600.0,2630.0,2480.0,2630.0,9709500
2022-04-04,2405.516845703125,2700.0,2720.0,2600.0,2630.0,11657600
2022-04-05,2387.6982421875,2680.0,2720.0,2660.0,2720.0,4107000
2022-04-06,2227.33056640625,2500.0,2680.0,2500.0,2680.0,14947600
2022-04-07,2191.693359375,2460.0,2500.0,2400.0,2500.0,12527700
2022-04-08,2102.60009765625,2360.0,2520.0,2360.0,2470.0,9595700
2022-04-11,2031.325439453125,2280.0,2430.0,2260.0,2380.0,11072100
2022-04-12,2004.5975341796875,2250.0,2350.0,2240.0,2280.0,13491300
2022-04-13,2147.146728515625,2410.0,2420.0,2280.0,2300.0,19580000
2022-04-14,2289.695556640625,2570.0,2680.0,2430.0,2500.0,53080400
2022-04-18,2352.060791015625,2640.0,2690.0,2510.0,2570.0,23648300
2022-04-19,2289.695556640625,2570.0,2670.0,2560.0,2660.0,9753700
2022-04-20,2583.70361328125,2900.0,2930.0,2580.0,2620.0,49027100
2022-04-21,2512.4287109375,2820.0,2930.0,2760.0,2910.0,21084700
2022-04-22,2396.607421875,2690.0,2850.0,2650.0,2830.0,21669600
2022-04-25,2316.423583984375,2600.0,2710.0,2520.0,2670.0,14659500
2022-04-26,2254.05859375,2530.0,2630.0,2440.0,2620.0,13357000
2022-04-27,2182.783935546875,2450.0,2560.0,2430.0,2530.0,13425800
2022-04-28,2271.87744140625,2550.0,2620.0,2450.0,2450.0,12484700
2022-05-09,2120.418701171875,2380.0,2530.0,2380.0,2520.0,12991500
2022-05-10,1977.869384765625,2220.0,2300.0,2220.0,2290.0,16341300
2022-05-11,1924.41357421875,2160.0,2260.0,2120.0,2220.0,10478800
2022-05-12,1790.773681640625,2010.0,2160.0,2010.0,2150.0,17205500
2022-05-13,1750.681884765625,1965.0,2010.0,1870.0,1980.0,45502600
2022-05-17,1781.8643798828125,2000.0,2120.0,1965.0,1965.0,17899900
2022-05-18,1777.4097900390625,1995.0,2080.0,1990.0,2030.0,9890200
2022-05-19,1897.685546875,2130.0,2200.0,1860.0,1980.0,30319900
2022-05-20,1906.594970703125,2140.0,2170.0,2090.0,2150.0,10733300
2022-05-23,1844.229736328125,2070.0,2160.0,2070.0,2140.0,4956600
2022-05-24,1879.8668212890625,2110.0,2140.0,2070.0,2070.0,5967900
2022-05-25,1835.3203125,2060.0,2120.0,2020.0,2110.0,7384000
2022-05-27,2049.144287109375,2300.0,2310.0,1980.0,2100.0,36124000
2022-05-30,1977.869384765625,2220.0,2350.0,2210.0,2300.0,14153600
2022-05-31,1960.0506591796875,2200.0,2290.0,2200.0,2240.0,9507000
2022-06-02,1906.594970703125,2140.0,2250.0,2130.0,2240.0,10789400
2022-06-03,2031.325439453125,2280.0,2330.0,2140.0,2140.0,27875600
2022-06-06,2004.5975341796875,2250.0,2310.0,2230.0,2280.0,8973000
2022-06-07,1968.9600830078125,2210.0,2250.0,2200.0,2250.0,4181800
2022-06-08,1951.141357421875,2190.0,2230.0,2160.0,2210.0,5959000
2022-06-09,1933.3228759765625,2170.0,2220.0,2160.0,2190.0,5097100
2022-06-10,1853.1390380859375,2080.0,2170.0,2040.0,2140.0,11903300
2022-06-13,1737.3177490234375,1950.0,2040.0,1935.0,2040.0,20148900
2022-06-14,1759.591064453125,1975.0,2010.0,1850.0,1930.0,12976900
2022-06-15,1772.955078125,1990.0,2030.0,1975.0,1980.0,12821700
2022-06-16,1755.1363525390625,1970.0,2050.0,1970.0,2020.0,7641500
2022-06-17,1692.771240234375,1900.0,1965.0,1865.0,1965.0,7500500
2022-06-20,1648.2244873046875,1850.0,1910.0,1770.0,1905.0,10314100
2022-06-21,1599.223388671875,1795.0,1885.0,1780.0,1850.0,16588600
2022-06-22,1576.9500732421875,1770.0,1835.0,1765.0,1800.0,5462800
2022-06-23,1599.223388671875,1795.0,1810.0,1740.0,1775.0,4289000
2022-06-24,1621.4967041015625,1820.0,1865.0,1775.0,1800.0,8450100
2022-06-27,1701.680419921875,1910.0,1945.0,1825.0,1825.0,14936600
2022-06-28,1701.680419921875,1910.0,1930.0,1865.0,1910.0,7628600
2022-06-29,1630.406005859375,1830.0,1920.0,1805.0,1910.0,6703500
2022-06-30,1519.0394287109375,1705.0,1830.0,1705.0,1830.0,17664600
2022-07-01,1416.5821533203125,1590.0,1700.0,1590.0,1695.0,12919900
2022-07-04,1318.5797119140625,1480.0,1580.0,1480.0,1580.0,24920700
2022-07-05,1354.217041015625,1520.0,1530.0,1430.0,1480.0,8234800
2022-07-06,1354.217041015625,1520.0,1545.0,1415.0,1520.0,15470700
2022-07-07,1367.5809326171875,1535.0,1580.0,1515.0,1530.0,7266000
2022-07-08,1452.219482421875,1630.0,1640.0,1540.0,1550.0,13600100
2022-07-11,1514.5848388671875,1700.0,1705.0,1625.0,1640.0,16975700
2022-07-12,1505.6754150390625,1690.0,1700.0,1635.0,1700.0,5688100
2022-07-13,1447.7647705078125,1625.0,1695.0,1620.0,1690.0,3323200
2022-07-14,1443.3101806640625,1620.0,1685.0,1580.0,1630.0,7267300
2022-07-15,1505.6754150390625,1690.0,1760.0,1620.0,1620.0,15427400
2022-07-18,1492.3114013671875,1675.0,1705.0,1660.0,1700.0,5681600
2022-07-19,1514.5848388671875,1700.0,1720.0,1670.0,1670.0,3315600
2022-07-20,1576.9500732421875,1770.0,1795.0,1710.0,1710.0,17301200
2022-07-21,1594.7685546875,1790.0,1830.0,1760.0,1790.0,8966200
2022-07-22,1634.860595703125,1835.0,1875.0,1800.0,1800.0,12470100
2022-07-25,1563.5860595703125,1755.0,1845.0,1750.0,1835.0,12658100
2022-07-26,1505.6754150390625,1690.0,1790.0,1670.0,1745.0,11054000
2022-07-27,1501.220703125,1685.0,1735.0,1670.0,1685.0,4449200
2022-07-28,1545.767333984375,1735.0,1800.0,1690.0,1695.0,20247300
2022-07-29,1487.8568115234375,1670.0,1760.0,1670.0,1745.0,7941300
2022-08-01,1527.94873046875,1715.0,1735.0,1670.0,1670.0,7357000
2022-08-02,1510.130126953125,1695.0,1725.0,1600.0,1715.0,12869400
2022-08-03,1496.76611328125,1680.0,1695.0,1625.0,1670.0,5901900
2022-08-04,1519.0394287109375,1705.0,1735.0,1670.0,1680.0,8525500
2022-08-05,1559.13134765625,1750.0,1765.0,1700.0,1710.0,13877200
2022-08-08,1532.4033203125,1720.0,1780.0,1720.0,1755.0,7766900
2022-08-09,1465.58349609375,1645.0,1740.0,1645.0,1720.0,14338500
2022-08-10,1438.8553466796875,1615.0,1650.0,1590.0,1645.0,13162400
2022-08-11,1550.221923828125,1740.0,1750.0,1615.0,1625.0,20741100
2022-08-12,1541.3126220703125,1730.0,1800.0,1720.0,1750.0,15087500
2022-08-15,1523.4940185546875,1710.0,1755.0,1695.0,1740.0,4559600
2022-08-16,1487.8568115234375,1670.0,1745.0,1645.0,1710.0,11345700
2022-08-18,1461.1287841796875,1640.0,1675.0,1610.0,1660.0,9798000
2022-08-19,1474.4927978515625,1655.0,1685.0,1640.0,1640.0,7702200
2022-08-22,1376.4903564453125,1545.0,1655.0,1540.0,1655.0,19578700
2022-08-23,1363.1263427734375,1530.0,1565.0,1515.0,1545.0,8650800
2022-08-24,1345.3076171875,1510.0,1540.0,1485.0,1530.0,13424800
2022-08-25,1367.5809326171875,1535.0,1545.0,1510.0,1515.0,4143900
2022-08-26,1340.85302734375,1505.0,1540.0,1500.0,1535.0,8317100
2022-08-29,1327.4888916015625,1490.0,1500.0,1460.0,1490.0,5272800
2022-08-30,1305.2156982421875,1465.0,1510.0,1460.0,1500.0,8902300
2022-08-31,1300.7611083984375,1460.0,1475.0,1440.0,1470.0,5613700
2022-09-01,1314.125,1475.0,1500.0,1475.0,1475.0,4763400
2022-09-02,1300.7611083984375,1460.0,1490.0,1440.0,1480.0,6361300
2022-09-05,1233.9410400390625,1385.0,1450.0,1375.0,1440.0,13128000
2022-09-06,1380.9449462890625,1550.0,1560.0,1385.0,1385.0,27311400
2022-09-07,1327.4888916015625,1490.0,1585.0,1470.0,1555.0,12551200
2022-09-08,1300.7611083984375,1460.0,1500.0,1440.0,1490.0,6011200
2022-09-09,1251.759765625,1405.0,1470.0,1400.0,1460.0,8101100
2022-09-12,1256.21435546875,1410.0,1445.0,1405.0,1405.0,4358900
2022-09-13,1336.3983154296875,1500.0,1525.0,1420.0,1420.0,17584000
2022-09-14,1300.7611083984375,1460.0,1505.0,1455.0,1500.0,5036500
2022-09-15,1291.851806640625,1450.0,1500.0,1440.0,1460.0,6205200
2022-09-16,1260.6689453125,1415.0,1460.0,1410.0,1455.0,4598900
2022-09-19,1242.850341796875,1395.0,1430.0,1385.0,1425.0,4653300
2022-09-20,1242.850341796875,1395.0,1415.0,1390.0,1395.0,2821500
2022-09-21,1238.395751953125,1390.0,1420.0,1375.0,1395.0,4398300
2022-09-22,1251.759765625,1405.0,1415.0,1365.0,1385.0,3499700
2022-09-23,1278.4876708984375,1435.0,1460.0,1405.0,1410.0,7944700
2022-09-26,1238.395751953125,1390.0,1440.0,1380.0,1435.0,4411200
2022-09-27,1247.30517578125,1400.0,1405.0,1380.0,1390.0,2604800
2022-09-28,1242.850341796875,1395.0,1405.0,1385.0,1405.0,2939900
2022-09-29,1158.2117919921875,1300.0,1415.0,1300.0,1410.0,15485600
2022-09-30,1131.48388671875,1270.0,1305.0,1210.0,1300.0,16840500
2022-10-03,1127.029296875,1265.0,1295.0,1245.0,1270.0,3932500
2022-10-04,1171.5758056640625,1315.0,1315.0,1265.0,1275.0,5981300
2022-10-05,1198.3037109375,1345.0,1370.0,1315.0,1320.0,7947500
2022-10-06,1189.39453125,1335.0,1365.0,1320.0,1345.0,3101500
2022-10-07,1176.0303955078125,1320.0,1335.0,1295.0,1335.0,4282800
2022-10-10,1158.2117919921875,1300.0,1320.0,1280.0,1320.0,5814700
2022-10-11,1127.029296875,1265.0,1340.0,1260.0,1300.0,3143600
2022-10-12,1060.2093505859375,1190.0,1265.0,1185.0,1265.0,10865000
2022-10-13,1020.1173706054688,1145.0,1190.0,1115.0,1190.0,8007300
2022-10-14,980.0253295898438,1100.0,1185.0,1100.0,1150.0,3831000
2022-10-17,975.5706787109375,1095.0,1125.0,1060.0,1060.0,3777600
2022-10-18,984.4800415039062,1105.0,1120.0,1065.0,1110.0,3437300
2022-10-19,988.9346923828125,1110.0,1125.0,1075.0,1105.0,3722900
2022-10-20,1006.75341796875,1130.0,1135.0,1110.0,1120.0,2526000
2022-10-21,966.6614379882812,1085.0,1135.0,1080.0,1130.0,8767900
2022-10-24,1029.0267333984375,1155.0,1255.0,1080.0,1090.0,24646100
2022-10-25,1073.5733642578125,1205.0,1220.0,1140.0,1165.0,14588100
2022-10-26,1060.2093505859375,1190.0,1265.0,1185.0,1205.0,6895500
2022-10-27,1046.8453369140625,1175.0,1205.0,1160.0,1190.0,3249000
2022-10-28,1011.2080688476562,1135.0,1190.0,1100.0,1175.0,7776400
2022-10-31,1064.6639404296875,1195.0,1205.0,1125.0,1135.0,5550700
2022-11-01,993.3893432617188,1115.0,1195.0,1115.0,1195.0,20468800
2022-11-02,926.5695190429688,1040.0,1110.0,1040.0,1105.0,22377400
2022-11-03,882.0228271484375,990.0,1050.0,980.0,1040.0,20362600
2022-11-04,868.6588745117188,975.0,1000.0,965.0,990.0,7271900
2022-11-07,882.0228271484375,990.0,1020.0,980.0,980.0,11030100
2022-11-08,877.5681762695312,985.0,1040.0,965.0,1000.0,12296400
2022-11-09,819.6576538085938,920.0,1000.0,920.0,985.0,38690100
2022-11-10,766.20166015625,860.0,920.0,860.0,910.0,38752400
2022-11-11,775.1109619140625,870.0,905.0,835.0,870.0,19768300
2022-11-14,784.0203247070312,880.0,915.0,870.0,875.0,13743900
2022-11-15,801.8389892578125,900.0,925.0,890.0,890.0,9469800
2022-11-16,864.2042236328125,970.0,975.0,895.0,905.0,27168700
2022-11-17,864.2042236328125,970.0,995.0,945.0,980.0,20320300
2022-11-18,846.3856201171875,950.0,975.0,935.0,970.0,8568800
2022-11-21,833.0216064453125,935.0,975.0,935.0,955.0,4485600
2022-11-22,815.2030029296875,915.0,950.0,905.0,935.0,4715800
2022-11-23,828.56689453125,930.0,945.0,915.0,920.0,3164100
2022-11-24,841.9309692382812,945.0,975.0,930.0,930.0,17634700
2022-11-25,828.56689453125,930.0,950.0,925.0,945.0,3956900
2022-11-28,788.4750366210938,885.0,965.0,870.0,965.0,12693100
2022-11-29,792.9296875,890.0,890.0,875.0,885.0,1933000
2022-11-30,766.20166015625,860.0,900.0,860.0,895.0,27415400
2022-12-01,810.7483520507812,910.0,945.0,870.0,895.0,26770000
2022-12-02,819.6576538085938,920.0,925.0,890.0,915.0,6316700
2022-12-05,801.8389892578125,900.0,930.0,895.0,925.0,3657000
2022-12-06,779.565673828125,875.0,910.0,850.0,900.0,7719400
2022-12-07,726.1097412109375,815.0,875.0,815.0,875.0,14079700
2022-12-08,712.7457275390625,800.0,825.0,770.0,815.0,14451800
2022-12-09,730.5643920898438,820.0,835.0,795.0,800.0,5849000
2022-12-12,730.5643920898438,820.0,820.0,790.0,820.0,4192300
2022-12-13,761.7470092773438,855.0,865.0,805.0,820.0,6035800
2022-12-14,735.0191040039062,825.0,865.0,820.0,855.0,3636200
2022-12-15,748.383056640625,840.0,860.0,815.0,825.0,5926700
2022-12-16,735.0191040039062,825.0,845.0,810.0,845.0,3233600
2022-12-19,694.9271240234375,780.0,825.0,780.0,825.0,6671300
2022-12-20,686.0177612304688,770.0,800.0,770.0,780.0,3770000
2022-12-21,686.0177612304688,770.0,785.0,755.0,775.0,1680200
2022-12-22,717.2003784179688,805.0,820.0,770.0,785.0,5970700
2022-12-23,699.3817749023438,785.0,815.0,780.0,810.0,2591300
2022-12-26,690.4724731445312,775.0,795.0,770.0,790.0,1758600
2022-12-27,703.83642578125,790.0,795.0,775.0,775.0,1143700
2022-12-28,694.9271240234375,780.0,795.0,760.0,795.0,2164000
2022-12-29,686.0177612304688,770.0,775.0,760.0,775.0,2651400
2022-12-30,690.4724731445312,775.0,785.0,760.0,770.0,2290700
2023-01-02,686.0177612304688,770.0,780.0,765.0,775.0,798400
2023-01-03,686.0177612304688,770.0,790.0,760.0,770.0,2313900
2023-01-04,672.65380859375,755.0,780.0,755.0,770.0,2403100
2023-01-05,628.107177734375,705.0,765.0,705.0,755.0,5798700
2023-01-06,650.3805541992188,730.0,740.0,680.0,710.0,4991600
2023-01-09,641.47119140625,720.0,755.0,700.0,730.0,2498400
2023-01-10,623.652587890625,700.0,725.0,680.0,710.0,3807200
2023-01-11,645.9259033203125,725.0,745.0,685.0,700.0,4447400
2023-01-12,650.3805541992188,730.0,740.0,725.0,730.0,3757300
2023-01-13,637.0165405273438,715.0,735.0,710.0,730.0,1191900
2023-01-16,659.2898559570312,740.0,750.0,715.0,715.0,6551500
2023-01-17,645.9259033203125,725.0,765.0,720.0,740.0,7291100
2023-01-18,645.9259033203125,725.0,740.0,715.0,725.0,1309900
2023-01-19,650.3805541992188,730.0,740.0,725.0,725.0,1541800
2023-01-20,650.3805541992188,730.0,740.0,725.0,730.0,905400
2023-01-24,686.0177612304688,770.0,775.0,725.0,730.0,19653400
2023-01-25,752.8377075195312,845.0,860.0,775.0,775.0,33453100
2023-01-26,757.2924194335938,850.0,890.0,825.0,850.0,18313300
2023-01-27,770.6563110351562,865.0,900.0,850.0,860.0,12479000
2023-01-30,757.2924194335938,850.0,890.0,830.0,875.0,5542600
2023-01-31,757.2924194335938,850.0,865.0,845.0,855.0,3838000
2023-02-01,819.6576538085938,920.0,920.0,845.0,850.0,14806200
2023-02-02,801.8389892578125,900.0,950.0,895.0,950.0,17097100
2023-02-03,846.3856201171875,950.0,965.0,880.0,900.0,20711000
2023-02-06,819.6576538085938,920.0,960.0,910.0,950.0,10966100
2023-02-07,810.7483520507812,910.0,960.0,900.0,930.0,10719000
2023-02-08,815.2030029296875,915.0,930.0,900.0,910.0,6418300
2023-02-09,761.7470092773438,855.0,925.0,855.0,915.0,14570700
2023-02-10,788.4750366210938,885.0,890.0,825.0,850.0,9642500
2023-02-13,761.7470092773438,855.0,905.0,850.0,885.0,11695900
2023-02-14,788.4750366210938,885.0,895.0,855.0,860.0,6212500
2023-02-15,792.9296875,890.0,920.0,870.0,885.0,10911300
2023-02-16,890.9321899414062,1000.0,1015.0,895.0,895.0,75418500
2023-02-17,864.2042236328125,970.0,1015.0,960.0,1000.0,28070500
2023-02-20,846.3856201171875,950.0,1010.0,950.0,990.0,31302400
2023-02-21,850.8402099609375,955.0,980.0,920.0,950.0,17785300
2023-02-22,864.2042236328125,970.0,1000.0,950.0,955.0,29314400
2023-02-23,864.2042236328125,970.0,1005.0,960.0,985.0,24852100
2023-02-24,868.6588745117188,975.0,1000.0,970.0,975.0,16060700
2023-02-27,864.2042236328125,970.0,985.0,960.0,980.0,6187700
2023-02-28,904.2962036132812,1015.0,1035.0,970.0,970.0,48109200
2023-03-01,882.0228271484375,990.0,1030.0,990.0,1015.0,23812100
2023-03-02,824.1122436523438,925.0,1025.0,925.0,980.0,34981100
2023-03-03,788.4750366210938,885.0,935.0,880.0,920.0,30271200
2023-03-06,801.8389892578125,900.0,915.0,875.0,875.0,25257600
2023-03-07,748.383056640625,840.0,915.0,840.0,905.0,26283400
2023-03-08,708.2910766601562,795.0,840.0,785.0,840.0,34412500
2023-03-09,730.5643920898438,820.0,835.0,790.0,795.0,22534600
2023-03-10,721.6550903320312,810.0,850.0,805.0,825.0,9438700
2023-03-13,699.3817749023438,785.0,810.0,775.0,810.0,7912600
2023-03-14,659.2898559570312,740.0,805.0,735.0,805.0,20284000
2023-03-15,654.835205078125,735.0,770.0,725.0,740.0,6776500
2023-03-16,632.5618896484375,710.0,760.0,690.0,740.0,11492800
2023-03-17,645.9259033203125,725.0,745.0,710.0,710.0,16061900
2023-03-20,632.5618896484375,710.0,735.0,705.0,730.0,4973500
2023-03-21,650.3805541992188,730.0,750.0,710.0,710.0,6104100
2023-03-24,654.835205078125,735.0,755.0,735.0,740.0,4713000
2023-03-27,677.1085205078125,760.0,765.0,730.0,735.0,6099000
2023-03-28,694.9271240234375,780.0,790.0,755.0,760.0,9927700
2023-03-29,717.2003784179688,805.0,810.0,765.0,785.0,11616900
2023-03-30,712.7457275390625,800.0,820.0,780.0,810.0,16218300
2023-03-31,672.65380859375,755.0,805.0,755.0,795.0,14620900
2023-04-03,690.4724731445312,775.0,780.0,735.0,760.0,15042200
2023-04-04,690.4724731445312,775.0,790.0,765.0,775.0,5588200
2023-04-05,699.3817749023438,785.0,795.0,760.0,775.0,7338300
2023-04-06,690.4724731445312,775.0,810.0,770.0,785.0,16846900
2023-04-10,739.4736938476562,830.0,840.0,765.0,780.0,21496400
2023-04-11,761.7470092773438,855.0,860.0,810.0,830.0,24480700
2023-04-12,775.1109619140625,870.0,895.0,855.0,860.0,20161500
2023-04-13,757.2924194335938,850.0,885.0,840.0,870.0,7462500
2023-04-14,761.7470092773438,855.0,870.0,850.0,860.0,4898700
2023-04-17,739.4736938476562,830.0,860.0,825.0,860.0,6665300
2023-04-18,743.9284057617188,835.0,855.0,815.0,830.0,7871400
2023-04-26,779.565673828125,875.0,880.0,830.0,840.0,8178200
2023-04-27,775.1109619140625,870.0,895.0,860.0,880.0,9678200
2023-04-28,806.2936401367188,905.0,915.0,870.0,870.0,22622900
2023-05-02,806.2936401367188,905.0,920.0,885.0,920.0,12166200
2023-05-03,828.56689453125,930.0,930.0,890.0,900.0,10806100
2023-05-04,877.5681762695312,985.0,1015.0,930.0,940.0,35265400
2023-05-05,873.113525390625,980.0,995.0,965.0,985.0,8960300
2023-05-08,886.4775390625,995.0,1010.0,950.0,980.0,15017400
2023-05-09,931.024169921875,1045.0,1055.0,980.0,995.0,27196800
2023-05-10,948.8427734375,1065.0,1085.0,1030.0,1050.0,26434800
2023-05-11,997.843994140625,1120.0,1125.0,1055.0,1055.0,28821200
2023-05-12,1029.0267333984375,1155.0,1170.0,1105.0,1120.0,27121800
2023-05-15,1069.1187744140625,1200.0,1210.0,1135.0,1170.0,28525900
2023-05-16,1020.1173706054688,1145.0,1280.0,1120.0,1210.0,76643900
2023-05-17,1024.5721435546875,1150.0,1200.0,1075.0,1140.0,20169600
2023-05-19,1024.5721435546875,1150.0,1165.0,1110.0,1150.0,12887300
2023-05-22,1015.6627197265625,1140.0,1165.0,1130.0,1160.0,5086600
2023-05-23,1046.8453369140625,1175.0,1200.0,1140.0,1145.0,17150400
2023-05-24,1020.1173706054688,1145.0,1185.0,1140.0,1185.0,8868700
2023-05-25,997.843994140625,1120.0,1150.0,1100.0,1145.0,10751000
2023-05-26,1006.75341796875,1130.0,1140.0,1065.0,1115.0,20091600
2023-05-29,1011.2080688476562,1135.0,1175.0,1105.0,1130.0,14749600
2023-05-30,1020.1173706054688,1145.0,1185.0,1130.0,1135.0,13798100
2023-05-31,984.4800415039062,1105.0,1160.0,1095.0,1145.0,16818900
2023-06-05,1033.4813232421875,1160.0,1160.0,1095.0,1110.0,9465500
2023-06-06,1158.2117919921875,1300.0,1345.0,1155.0,1165.0,89201100
2023-06-07,1140.393310546875,1280.0,1315.0,1255.0,1305.0,28352600
2023-06-08,1140.393310546875,1280.0,1340.0,1265.0,1280.0,27249400
2023-06-09,1118.1199951171875,1255.0,1295.0,1235.0,1285.0,15212800
2023-06-12,1225.03173828125,1375.0,1385.0,1240.0,1240.0,39616500
2023-06-13,1193.84912109375,1340.0,1420.0,1320.0,1420.0,30016000
2023-06-14,1193.84912109375,1340.0,1365.0,1295.0,1340.0,18747100
2023-06-15,1171.5758056640625,1315.0,1340.0,1290.0,1340.0,12719900
2023-06-16,1176.0303955078125,1320.0,1355.0,1300.0,1315.0,10406500
2023-06-19,1198.3037109375,1345.0,1380.0,1310.0,1315.0,13801700
2023-06-20,1153.757080078125,1295.0,1365.0,1260.0,1350.0,11736800
2023-06-21,1153.757080078125,1295.0,1320.0,1280.0,1280.0,4845000
2023-06-22,1158.2117919921875,1300.0,1320.0,1285.0,1295.0,4829800
2023-06-23,1176.0303955078125,1320.0,1360.0,1300.0,1300.0,12165100
2023-06-26,1140.393310546875,1280.0,1345.0,1265.0,1325.0,17538000
2023-06-27,1135.938720703125,1275.0,1300.0,1270.0,1285.0,3983700
2023-07-03,1144.8477783203125,1285.0,1320.0,1210.0,1275.0,12984000
2023-07-04,1127.029296875,1265.0,1300.0,1245.0,1285.0,10001800
2023-07-05,1140.393310546875,1280.0,1315.0,1240.0,1265.0,23824400
2023-07-06,1135.938720703125,1275.0,1305.0,1250.0,1280.0,25992200
2023-07-07,1118.1199951171875,1255.0,1280.0,1255.0,1275.0,5889000
2023-07-10,1113.665283203125,1250.0,1275.0,1245.0,1260.0,4586700
2023-07-11,1144.8477783203125,1285.0,1305.0,1240.0,1250.0,16084500
2023-07-12,1153.757080078125,1295.0,1340.0,1290.0,1300.0,30142300
2023-07-13,1122.5745849609375,1260.0,1310.0,1255.0,1295.0,11205600
2023-07-14,1122.5745849609375,1260.0,1275.0,1255.0,1260.0,2778400
2023-07-17,1109.2105712890625,1245.0,1275.0,1245.0,1260.0,7924100
2023-07-18,1042.390625,1170.0,1255.0,1165.0,1240.0,44406600
2023-07-20,1060.2093505859375,1190.0,1220.0,1170.0,1175.0,14296900
2023-07-21,1091.3919677734375,1225.0,1225.0,1190.0,1190.0,8045900
2023-07-24,1091.3919677734375,1225.0,1255.0,1215.0,1230.0,12318800
2023-07-25,1095.8466796875,1230.0,1245.0,1205.0,1235.0,4739400
2023-07-26,1167.12109375,1310.0,1335.0,1215.0,1230.0,42000700
2023-07-27,1153.757080078125,1295.0,1380.0,1270.0,1320.0,32183600
2023-07-28,1167.12109375,1310.0,1335.0,1275.0,1295.0,7309800
2023-07-31,1144.8477783203125,1285.0,1335.0,1280.0,1315.0,7208800
2023-08-01,1037.9359130859375,1165.0,1295.0,1140.0,1285.0,61408500
2023-08-02,1024.5721435546875,1150.0,1170.0,1125.0,1170.0,9672600
2023-08-03,1015.6627197265625,1140.0,1190.0,1130.0,1150.0,10020400
2023-08-04,1002.2987670898438,1125.0,1155.0,1110.0,1155.0,6441800
2023-08-07,1006.75341796875,1130.0,1145.0,1110.0,1125.0,4244600
2023-08-08,1020.1173706054688,1145.0,1165.0,1130.0,1130.0,6298500
2023-08-09,997.843994140625,1120.0,1160.0,1120.0,1150.0,5450700
2023-08-10,1002.2987670898438,1125.0,1150.0,1115.0,1120.0,5348300
2023-08-11,988.9346923828125,1110.0,1135.0,1110.0,1130.0,2561700
2023-08-14,935.478759765625,1050.0,1120.0,1035.0,1115.0,13249500
2023-08-15,957.7521362304688,1075.0,1100.0,1040.0,1040.0,7414700
2023-08-16,971.1160888671875,1090.0,1125.0,1075.0,1075.0,6096700
2023-08-18,948.8427734375,1065.0,1095.0,1055.0,1090.0,3073200
2023-08-21,944.3881225585938,1060.0,1075.0,1050.0,1065.0,3312900
2023-08-22,908.7508544921875,1020.0,1060.0,1010.0,1060.0,12713900
2023-08-23,913.2055053710938,1025.0,1040.0,1010.0,1015.0,5041300
2023-08-24,904.2962036132812,1015.0,1035.0,1005.0,1020.0,2678900
2023-08-25,890.9321899414062,1000.0,1015.0,970.0,1015.0,10294000
2023-08-28,899.841552734375,1010.0,1055.0,1000.0,1000.0,14231500
2023-08-29,895.3868408203125,1005.0,1050.0,1000.0,1010.0,9629700
2023-08-30,890.9321899414062,1000.0,1020.0,980.0,1020.0,8097400
2023-08-31,877.5681762695312,985.0,1005.0,970.0,1005.0,6243300
2023-09-01,882.0228271484375,990.0,1015.0,985.0,985.0,4646200
2023-09-04,890.9321899414062,1000.0,1010.0,990.0,1005.0,2980100
2023-09-05,917.66015625,1030.0,1055.0,1000.0,1010.0,15733000
2023-09-06,993.3893432617188,1115.0,1125.0,1030.0,1035.0,34474600
2023-09-07,975.5706787109375,1095.0,1130.0,1090.0,1130.0,16481800
2023-09-08,988.9346923828125,1110.0,1120.0,1065.0,1095.0,10073900
2023-09-11,1006.75341796875,1130.0,1150.0,1110.0,1110.0,8963900
2023-09-12,904.2962036132812,1015.0,1140.0,1000.0,1135.0,40024600
2023-09-13,899.841552734375,1010.0,1030.0,970.0,970.0,13223300
2023-09-14,877.5681762695312,985.0,1045.0,975.0,1010.0,23676500
2023-09-15,877.5681762695312,985.0,1010.0,980.0,985.0,12776200
2023-09-18,877.5681762695312,985.0,995.0,945.0,945.0,8623600
2023-09-19,868.6588745117188,975.0,995.0,960.0,985.0,4505900
2023-09-20,895.3868408203125,1005.0,1040.0,975.0,980.0,27836700
2023-09-21,890.9321899414062,1000.0,1020.0,990.0,1005.0,10841700
2023-09-22,886.4775390625,995.0,1010.0,985.0,995.0,10381200
2023-09-25,895.3868408203125,1005.0,1025.0,990.0,995.0,7924300
2023-09-26,882.0228271484375,990.0,1020.0,985.0,1010.0,8305300
2023-09-27,886.4775390625,995.0,1010.0,985.0,990.0,5376800
2023-09-29,886.4775390625,995.0,1005.0,990.0,1005.0,2056200
2023-10-02,904.2962036132812,1015.0,1035.0,995.0,995.0,7033000
2023-10-03,899.841552734375,1010.0,1025.0,995.0,1020.0,3784500
2023-10-04,815.2030029296875,915.0,1010.0,905.0,1010.0,26735000
2023-10-05,752.8377075195312,845.0,930.0,845.0,900.0,18311200
2023-10-06,792.9296875,890.0,915.0,845.0,845.0,15909100
2023-10-09,792.9296875,890.0,910.0,875.0,895.0,6071900
2023-10-10,792.9296875,890.0,910.0,885.0,890.0,3980300
2023-10-11,779.565673828125,875.0,910.0,875.0,890.0,2931100
2023-10-12,784.0203247070312,880.0,890.0,875.0,875.0,1673000
2023-10-13,770.6563110351562,865.0,900.0,855.0,880.0,2943400
2023-10-16,757.2924194335938,850.0,875.0,825.0,865.0,6601400
2023-10-17,766.20166015625,860.0,905.0,845.0,850.0,5677000
2023-10-18,770.6563110351562,865.0,885.0,850.0,860.0,4986600
2023-10-19,694.9271240234375,780.0,875.0,775.0,865.0,16333900
2023-10-20,717.2003784179688,805.0,825.0,775.0,780.0,13566400
2023-10-23,726.1097412109375,815.0,825.0,780.0,810.0,6434300
2023-10-24,735.0191040039062,825.0,830.0,805.0,805.0,1488300
2023-10-25,761.7470092773438,855.0,910.0,825.0,825.0,20336500
2023-10-26,752.8377075195312,845.0,890.0,845.0,870.0,9673700
2023-10-27,743.9284057617188,835.0,865.0,815.0,860.0,4271200
2023-10-30,699.3817749023438,785.0,845.0,760.0,830.0,12492300
2023-10-31,721.6550903320312,810.0,815.0,765.0,785.0,5419100
2023-11-01,690.4724731445312,775.0,815.0,770.0,815.0,2609500
2023-11-02,703.83642578125,790.0,805.0,775.0,775.0,2646200
2023-11-03,721.6550903320312,810.0,835.0,800.0,800.0,5622700
2023-11-06,784.0203247070312,880.0,880.0,815.0,820.0,10384900
2023-11-07,766.20166015625,860.0,890.0,830.0,890.0,9937300
2023-11-08,757.2924194335938,850.0,870.0,840.0,865.0,2946400
2023-11-09,752.8377075195312,845.0,860.0,835.0,850.0,2652400
2023-11-10,726.1097412109375,815.0,865.0,805.0,845.0,6535200
2023-11-13,730.5643920898438,820.0,820.0,795.0,815.0,1766400
2023-11-14,717.2003784179688,805.0,830.0,805.0,820.0,2670300
2023-11-15,743.9284057617188,835.0,835.0,810.0,815.0,5747200
2023-11-16,748.383056640625,840.0,885.0,835.0,835.0,17073900
2023-11-17,748.383056640625,840.0,850.0,830.0,840.0,3265000
2023-11-20,775.1109619140625,870.0,870.0,835.0,845.0,5383500
2023-11-21,770.6563110351562,865.0,890.0,860.0,875.0,6778600
2023-11-22,743.9284057617188,835.0,870.0,825.0,870.0,5022200
2023-11-23,815.2030029296875,915.0,935.0,835.0,840.0,46917700
2023-11-24,824.1122436523438,925.0,935.0,890.0,920.0,26336600
2023-11-27,801.8389892578125,900.0,975.0,900.0,930.0,39267600
2023-11-28,797.38427734375,895.0,920.0,875.0,905.0,15594400
2023-11-29,859.7495727539062,965.0,975.0,895.0,895.0,27907500
2023-11-30,850.8402099609375,955.0,980.0,950.0,970.0,13520400
2023-12-01,846.3856201171875,950.0,970.0,935.0,960.0,6287200
2023-12-04,859.7495727539062,965.0,1000.0,950.0,950.0,17152000
2023-12-05,841.9309692382812,945.0,975.0,920.0,965.0,8180400
2023-12-06,810.7483520507812,910.0,960.0,910.0,945.0,7246200
2023-12-07,784.0203247070312,880.0,930.0,875.0,910.0,12007200
2023-12-08,735.0191040039062,825.0,890.0,810.0,880.0,19535700
2023-12-11,677.1085205078125,760.0,840.0,750.0,825.0,23664500
2023-12-12,694.9271240234375,780.0,820.0,725.0,760.0,39222400
2023-12-13,663.7444458007812,745.0,800.0,740.0,790.0,14541800
2023-12-14,690.4724731445312,775.0,785.0,755.0,755.0,7829800
2023-12-15,681.5631713867188,765.0,800.0,765.0,775.0,8992800
2023-12-18,668.1991577148438,750.0,775.0,740.0,770.0,7391000
2023-12-19,690.4724731445312,775.0,775.0,740.0,740.0,3315500
2023-12-20,703.83642578125,790.0,810.0,770.0,775.0,11238900
2023-12-21,699.3817749023438,785.0,810.0,775.0,790.0,9302300
2023-12-22,677.1085205078125,760.0,790.0,760.0,780.0,6185900
2023-12-27,699.3817749023438,785.0,795.0,760.0,760.0,4462800
2023-12-28,712.7457275390625,800.0,800.0,775.0,795.0,5473700
2023-12-29,703.83642578125,790.0,815.0,790.0,805.0,5747900
2024-01-02,739.4736938476562,830.0,835.0,790.0,790.0,12301000
2024-01-03,775.1109619140625,870.0,870.0,820.0,835.0,16929300
2024-01-04,801.8389892578125,900.0,915.0,850.0,890.0,24149000
2024-01-05,761.7470092773438,855.0,900.0,855.0,900.0,13730200
2024-01-08,775.1109619140625,870.0,900.0,855.0,860.0,7874300
2024-01-09,784.0203247070312,880.0,905.0,845.0,875.0,21702300
2024-01-10,779.565673828125,875.0,895.0,850.0,880.0,6161500
2024-01-11,766.20166015625,860.0,885.0,855.0,880.0,5256900
2024-01-12,730.5643920898438,820.0,870.0,815.0,860.0,10206400
2024-01-15,730.5643920898438,820.0,840.0,820.0,840.0,5590600
2024-01-16,726.1097412109375,815.0,835.0,805.0,830.0,4042200
2024-01-17,708.2910766601562,795.0,820.0,785.0,815.0,6865500
2024-01-18,717.2003784179688,805.0,825.0,790.0,795.0,9641100
2024-01-19,703.83642578125,790.0,810.0,780.0,805.0,10534600
2024-01-22,703.83642578125,790.0,800.0,785.0,795.0,2685100
2024-01-23,694.9271240234375,780.0,800.0,780.0,790.0,3765200
2024-01-24,681.5631713867188,765.0,790.0,760.0,780.0,5046000
2024-01-25,690.4724731445312,775.0,785.0,760.0,760.0,5101700
2024-01-26,654.835205078125,735.0,775.0,735.0,775.0,12263500
2024-01-29,650.3805541992188,730.0,750.0,720.0,735.0,5195700
2024-01-30,650.3805541992188,730.0,740.0,700.0,730.0,10045700
2024-01-31,645.9259033203125,725.0,755.0,725.0,730.0,7149500
2024-02-01,623.652587890625,700.0,730.0,695.0,725.0,17605400
2024-02-02,641.47119140625,720.0,725.0,705.0,705.0,6381900
2024-02-05,650.3805541992188,730.0,745.0,720.0,725.0,5468400
2024-02-06,637.0165405273438,715.0,740.0,715.0,735.0,5068600
2024-02-07,637.0165405273438,715.0,725.0,710.0,715.0,1731000
2024-02-12,623.652587890625,700.0,720.0,690.0,715.0,10709500
2024-02-13,610.2885131835938,685.0,705.0,685.0,705.0,10480000
2024-02-15,628.107177734375,705.0,710.0,690.0,690.0,10306600
2024-02-16,623.652587890625,700.0,720.0,695.0,700.0,8911300
2024-02-19,619.1978759765625,695.0,705.0,685.0,700.0,4272500
2024-02-20,619.1978759765625,695.0,705.0,690.0,695.0,4107100
2024-02-21,628.107177734375,705.0,710.0,700.0,705.0,4051400
2024-02-22,668.1991577148438,750.0,760.0,705.0,710.0,33625200
2024-02-23,654.835205078125,735.0,765.0,735.0,765.0,6766600
2024-02-26,645.9259033203125,725.0,740.0,725.0,735.0,4014200
2024-02-27,659.2898559570312,740.0,740.0,710.0,730.0,10823600
2024-02-28,650.3805541992188,730.0,760.0,730.0,745.0,11320300
2024-02-29,654.835205078125,735.0,750.0,725.0,730.0,4020700
2024-03-01,645.9259033203125,725.0,745.0,725.0,740.0,3781200
2024-03-04,645.9259033203125,725.0,735.0,720.0,725.0,3695600
2024-03-05,641.47119140625,720.0,730.0,720.0,725.0,3175000
2024-03-06,681.5631713867188,765.0,770.0,720.0,720.0,21097400
2024-03-07,703.83642578125,790.0,815.0,750.0,760.0,33693300
2024-03-08,717.2003784179688,805.0,820.0,780.0,795.0,19580400
2024-03-13,712.7457275390625,800.0,820.0,795.0,805.0,12681200
2024-03-14,694.9271240234375,780.0,805.0,780.0,800.0,5409300
2024-03-15,735.0191040039062,825.0,835.0,780.0,780.0,30627800
2024-03-18,721.6550903320312,810.0,855.0,810.0,830.0,29512400
2024-03-19,739.4736938476562,830.0,840.0,805.0,810.0,7679700
2024-03-20,721.6550903320312,810.0,835.0,805.0,830.0,5527800
2024-03-21,726.1097412109375,815.0,830.0,755.0,820.0,35272100
2024-03-22,743.9284057617188,835.0,840.0,805.0,815.0,9729300
2024-03-25,743.9284057617188,835.0,875.0,830.0,875.0,19085600
2024-03-26,739.4736938476562,830.0,845.0,810.0,845.0,10329500
2024-03-27,703.83642578125,790.0,830.0,785.0,830.0,12043300
2024-03-28,690.4724731445312,775.0,800.0,770.0,790.0,9558100
2024-04-01,686.0177612304688,770.0,790.0,760.0,775.0,7755100
2024-04-02,699.3817749023438,785.0,790.0,770.0,780.0,4580100
2024-04-03,690.4724731445312,775.0,795.0,775.0,795.0,3542900
2024-04-04,735.0191040039062,825.0,835.0,770.0,775.0,25205500
2024-04-05,721.6550903320312,810.0,840.0,810.0,825.0,5879900
2024-04-16,721.6550903320312,810.0,820.0,765.0,800.0,10797400
2024-04-17,690.4724731445312,775.0,815.0,770.0,810.0,6883100
2024-04-18,699.3817749023438,785.0,800.0,765.0,775.0,9039700
2024-04-19,677.1085205078125,760.0,790.0,710.0,785.0,15489100
2024-04-22,659.2898559570312,740.0,760.0,740.0,760.0,3091700
2024-04-23,672.65380859375,755.0,765.0,740.0,740.0,3099300
2024-04-24,668.1991577148438,750.0,765.0,750.0,755.0,1741500
2024-04-25,659.2898559570312,740.0,755.0,735.0,750.0,1517000
2024-04-26,663.7444458007812,745.0,750.0,730.0,740.0,1652800
2024-04-29,650.3805541992188,730.0,755.0,720.0,750.0,8925400
2024-04-30,690.4724731445312,775.0,780.0,735.0,740.0,14677000
2024-05-02,677.1085205078125,760.0,780.0,755.0,780.0,4052400
2024-05-03,699.3817749023438,785.0,795.0,760.0,775.0,19823400
2024-05-06,726.1097412109375,815.0,830.0,790.0,790.0,18895000
2024-05-07,703.83642578125,790.0,825.0,780.0,815.0,5483500
2024-05-08,690.4724731445312,775.0,805.0,775.0,795.0,3750900
2024-05-13,699.3817749023438,785.0,795.0,775.0,780.0,1900800
2024-05-14,717.2003784179688,805.0,815.0,785.0,785.0,11186400
2024-05-15,721.6550903320312,810.0,815.0,795.0,810.0,7232200
2024-05-16,748.383056640625,840.0,845.0,810.0,810.0,23100900
2024-05-17,739.4736938476562,830.0,845.0,820.0,840.0,5687000
2024-05-20,726.1097412109375,815.0,835.0,810.0,830.0,8617500
2024-05-21,712.7457275390625,800.0,825.0,800.0,815.0,6269200
2024-05-22,703.83642578125,790.0,805.0,785.0,800.0,4909400
2024-05-27,677.1085205078125,760.0,795.0,755.0,795.0,9318600
2024-05-28,690.4724731445312,775.0,785.0,750.0,750.0,11846700
2024-05-29,686.0177612304688,770.0,780.0,755.0,775.0,5602700
2024-05-30,672.65380859375,755.0,770.0,740.0,770.0,4057500
2024-05-31,650.3805541992188,730.0,760.0,730.0,755.0,5788300
2024-06-03,645.9259033203125,725.0,745.0,710.0,735.0,7314600
2024-06-04,659.2898559570312,740.0,765.0,720.0,725.0,11472700
2024-06-05,645.9259033203125,725.0,755.0,725.0,740.0,6673100
2024-06-06,650.3805541992188,730.0,740.0,720.0,720.0,3046200
2024-06-07,672.65380859375,755.0,755.0,735.0,735.0,5518500
2024-06-10,663.7444458007812,745.0,760.0,740.0,755.0,7338800
2024-06-11,663.7444458007812,745.0,770.0,740.0,745.0,14869800
2024-06-12,632.5618896484375,710.0,750.0,705.0,745.0,10276400
2024-06-13,637.0165405273438,715.0,730.0,710.0,715.0,2953500
2024-06-14,614.7432250976562,690.0,725.0,685.0,720.0,11611300
2024-06-19,579.1058959960938,650.0,700.0,615.0,690.0,19872500
2024-06-20,592.4699096679688,665.0,665.0,640.0,640.0,3968600
2024-06-21,605.8338623046875,680.0,700.0,660.0,670.0,9837800
2024-06-24,601.3792114257812,675.0,695.0,670.0,680.0,5004600
2024-06-25,583.560546875,655.0,685.0,645.0,675.0,7931300
2024-06-26,561.2872924804688,630.0,660.0,620.0,655.0,21489500
2024-06-27,547.92333984375,615.0,645.0,610.0,640.0,12698800
2024-06-28,570.1966552734375,640.0,655.0,615.0,615.0,18079800
2024-07-01,570.1966552734375,640.0,660.0,630.0,650.0,26187300
2024-07-02,565.741943359375,635.0,650.0,635.0,640.0,14100600
2024-07-03,605.8338623046875,680.0,680.0,635.0,640.0,28963400
2024-07-04,610.2885131835938,685.0,690.0,670.0,685.0,19817300
2024-07-05,646.9976196289062,705.0,720.0,665.0,685.0,17366900
2024-07-08,656.1749267578125,715.0,725.0,700.0,715.0,6067300
2024-07-09,660.7635498046875,720.0,735.0,710.0,720.0,9449500
2024-07-10,656.1749267578125,715.0,730.0,710.0,720.0,4695500
2024-07-11,646.9976196289062,705.0,725.0,700.0,710.0,8398900
2024-07-12,665.3522338867188,725.0,735.0,705.0,705.0,9957500
2024-07-15,665.3522338867188,725.0,735.0,720.0,735.0,2877900
2024-07-16,706.64990234375,770.0,770.0,725.0,730.0,27027800
2024-07-17,715.8272094726562,780.0,785.0,755.0,780.0,14756100
2024-07-18,720.4158325195312,785.0,805.0,770.0,780.0,15608200
2024-07-19,706.64990234375,770.0,790.0,760.0,785.0,5361800
2024-07-22,729.5930786132812,795.0,795.0,770.0,770.0,4654300
2024-07-23,720.4158325195312,785.0,800.0,770.0,795.0,3563100
2024-07-24,738.7703247070312,805.0,815.0,775.0,785.0,14544900
2024-07-25,706.64990234375,770.0,810.0,765.0,805.0,12299100
2024-07-26,711.2385864257812,775.0,785.0,770.0,770.0,4415600
2024-07-29,734.1817016601562,800.0,815.0,780.0,780.0,12954100
2024-07-30,720.4158325195312,785.0,830.0,775.0,815.0,10699200
2024-07-31,702.0613403320312,765.0,790.0,760.0,785.0,5982400
2024-08-01,697.4727172851562,760.0,780.0,750.0,765.0,6855000
2024-08-02,692.884033203125,755.0,765.0,740.0,760.0,5473100
2024-08-05,651.5863037109375,710.0,755.0,695.0,755.0,15908400
2024-08-06,660.7635498046875,720.0,725.0,695.0,710.0,9341300
2024-08-07,683.7067260742188,745.0,750.0,720.0,725.0,6199800
2024-08-08,665.3522338867188,725.0,750.0,725.0,745.0,4622600
2024-08-09,674.5294799804688,735.0,750.0,730.0,730.0,3195100
2024-08-12,674.5294799804688,735.0,745.0,730.0,735.0,1995200
2024-08-13,697.4727172851562,760.0,760.0,730.0,735.0,8850100
2024-08-14,697.4727172851562,760.0,770.0,755.0,760.0,6722300
2024-08-15,702.0613403320312,765.0,775.0,750.0,760.0,6487600
2024-08-16,697.4727172851562,760.0,780.0,755.0,770.0,7101100
2024-08-19,692.884033203125,755.0,765.0,750.0,760.0,2805300
2024-08-20,706.64990234375,770.0,780.0,755.0,760.0,7416700
2024-08-21,702.0613403320312,765.0,775.0,760.0,775.0,5090600
2024-08-22,669.9408569335938,730.0,770.0,730.0,765.0,8518300
2024-08-23,692.884033203125,755.0,755.0,730.0,740.0,11109200
2024-08-26,688.29541015625,750.0,760.0,745.0,760.0,4901900
2024-08-27,688.29541015625,750.0,765.0,730.0,755.0,7447700
2024-08-28,692.884033203125,755.0,765.0,740.0,745.0,13269000
2024-08-29,692.884033203125,755.0,765.0,750.0,760.0,4436800
2024-08-30,679.1181030273438,740.0,765.0,735.0,755.0,6916600
2024-09-02,683.7067260742188,745.0,750.0,735.0,740.0,3197100
2024-09-03,674.5294799804688,735.0,750.0,735.0,750.0,2184200
2024-09-04,660.7635498046875,720.0,735.0,715.0,735.0,6162100
2024-09-05,665.3522338867188,725.0,730.0,720.0,725.0,1813700
2024-09-06,656.1749267578125,715.0,735.0,710.0,730.0,5687700
2024-09-09,656.1749267578125,715.0,725.0,715.0,720.0,3600200
2024-09-10,660.7635498046875,720.0,725.0,710.0,720.0,1764400
2024-09-11,656.1749267578125,715.0,725.0,710.0,720.0,3103900
2024-09-12,665.3522338867188,725.0,725.0,710.0,715.0,3000900
2024-09-13,665.3522338867188,725.0,730.0,715.0,730.0,3446100
2024-09-17,660.7635498046875,720.0,725.0,715.0,725.0,2834900
2024-09-18,679.1181030273438,740.0,750.0,715.0,720.0,10600200
2024-09-19,679.1181030273438,740.0,745.0,735.0,740.0,3887400
2024-09-20,674.5294799804688,735.0,755.0,730.0,740.0,2762600
2024-09-23,688.29541015625,750.0,755.0,735.0,735.0,7302500
2024-09-24,683.7067260742188,745.0,760.0,740.0,755.0,3827400
2024-09-25,674.5294799804688,735.0,750.0,730.0,745.0,3139200
2024-09-26,688.29541015625,750.0,750.0,730.0,735.0,2613300
2024-09-27,683.7067260742188,745.0,750.0,735.0,750.0,2755900
2024-09-30,679.1181030273438,740.0,750.0,735.0,745.0,3391300
2024-10-01,715.8272094726562,780.0,790.0,740.0,740.0,36825100
2024-10-02,683.7067260742188,745.0,790.0,740.0,765.0,25711300
2024-10-03,679.1181030273438,740.0,750.0,735.0,750.0,5097700
2024-10-04,674.5294799804688,735.0,745.0,735.0,740.0,4545600
2024-10-07,683.7067260742188,745.0,750.0,735.0,735.0,3369900
2024-10-08,683.7067260742188,745.0,750.0,735.0,745.0,3951700
2024-10-09,679.1181030273438,740.0,750.0,735.0,745.0,6684200
2024-10-10,692.884033203125,755.0,765.0,735.0,735.0,14432200
2024-10-11,692.884033203125,755.0,760.0,745.0,755.0,10913600
2024-10-14,702.0613403320312,765.0,775.0,755.0,760.0,13134600
2024-10-15,702.0613403320312,765.0,775.0,760.0,765.0,3625200
2024-10-16,702.0613403320312,765.0,770.0,670.0,670.0,4300300
2024-10-17,711.2385864257812,775.0,775.0,755.0,765.0,6636600
2024-10-18,711.2385864257812,775.0,790.0,770.0,775.0,15604100
2024-10-21,725.0044555664062,790.0,790.0,765.0,785.0,7168800
2024-10-22,729.5930786132812,795.0,805.0,780.0,790.0,20012600
2024-10-23,734.1817016601562,800.0,820.0,785.0,795.0,17034000
2024-10-24,720.4158325195312,785.0,810.0,775.0,805.0,14693400
2024-10-25,720.4158325195312,785.0,805.0,765.0,785.0,10425700
2024-10-28,720.4158325195312,785.0,800.0,760.0,785.0,7909700
2024-10-29,711.2385864257812,775.0,825.0,775.0,825.0,33873000
2024-10-30,706.64990234375,770.0,795.0,765.0,790.0,13302000
2024-10-31,711.2385864257812,775.0,785.0,765.0,780.0,6727900
2024-11-01,683.7067260742188,745.0,780.0,740.0,775.0,14495200
2024-11-04,660.7635498046875,720.0,750.0,715.0,745.0,8685000
2024-11-05,656.1749267578125,715.0,725.0,710.0,720.0,11352300
2024-11-06,665.3522338867188,725.0,740.0,715.0,715.0,7268700
2024-11-07,674.5294799804688,735.0,750.0,730.0,730.0,10509100
2024-11-08,665.3522338867188,725.0,745.0,720.0,735.0,4792800
2024-11-11,669.9408569335938,730.0,735.0,715.0,730.0,4065100
2024-11-12,697.4727172851562,760.0,765.0,725.0,725.0,7135400
2024-11-13,688.29541015625,750.0,760.0,745.0,760.0,3941200
2024-11-14,679.1181030273438,740.0,755.0,740.0,750.0,6019200
2024-11-15,683.834228515625,725.0,730.0,705.0,725.0,10025900
2024-11-18,688.55029296875,730.0,740.0,715.0,730.0,5069400
2024-11-19,674.4019775390625,715.0,730.0,715.0,725.0,3483400
2024-11-20,683.834228515625,725.0,730.0,715.0,715.0,2751900
2024-11-21,674.4019775390625,715.0,725.0,715.0,725.0,969000
2024-11-22,679.1181030273438,720.0,725.0,715.0,715.0,1398700
2024-11-25,674.4019775390625,715.0,725.0,710.0,720.0,3451900
2024-11-26,669.6859130859375,710.0,720.0,705.0,715.0,2144900
2024-11-28,664.9697875976562,705.0,715.0,705.0,710.0,1398200
2024-11-29,679.1181030273438,720.0,725.0,700.0,700.0,4048000
2024-12-02,664.9697875976562,705.0,725.0,700.0,720.0,3001100
2024-12-03,669.6859130859375,710.0,715.0,700.0,705.0,3867200
2024-12-04,679.1181030273438,720.0,725.0,705.0,710.0,3010000
2024-12-05,674.4019775390625,715.0,725.0,710.0,720.0,1202400
2024-12-06,674.4019775390625,715.0,730.0,715.0,720.0,3221500
2024-12-09,688.55029296875,730.0,750.0,715.0,715.0,8214100
2024-12-10,688.55029296875,730.0,745.0,725.0,745.0,2676600
2024-12-11,674.4019775390625,715.0,745.0,715.0,730.0,4639200
2024-12-12,674.4019775390625,715.0,725.0,710.0,715.0,3466600
2024-12-13,669.6859130859375,710.0,720.0,710.0,715.0,1226900
2024-12-16,646.1054077148438,685.0,715.0,685.0,710.0,7555300
2024-12-17,641.3892822265625,680.0,710.0,645.0,685.0,15860100
2024-12-18,641.3892822265625,680.0,685.0,670.0,680.0,1208800
2024-12-19,617.8087768554688,655.0,675.0,655.0,675.0,3766700
2024-12-20,622.52490234375,660.0,665.0,650.0,655.0,2672600
2024-12-23,627.2410278320312,665.0,685.0,660.0,660.0,2447300
2024-12-24,631.9570922851562,670.0,680.0,660.0,665.0,1811900
2024-12-27,631.9570922851562,670.0,690.0,665.0,690.0,801700
2024-12-30,650.8214721679688,690.0,690.0,655.0,670.0,2016600
2025-01-02,646.1054077148438,685.0,690.0,675.0,690.0,1314400
2025-01-03,641.3892822265625,680.0,695.0,675.0,690.0,1947400
2025-01-06,627.2410278320312,665.0,680.0,660.0,680.0,3221700
2025-01-07,622.52490234375,660.0,675.0,655.0,665.0,2446600
2025-01-08,636.6732177734375,675.0,675.0,655.0,665.0,4437900
2025-01-09,622.52490234375,660.0,675.0,660.0,675.0,1144400
2025-01-10,622.52490234375,660.0,670.0,650.0,660.0,2487600
2025-01-13,617.8087768554688,655.0,660.0,650.0,655.0,1473100
2025-01-14,617.8087768554688,655.0,660.0,645.0,650.0,2238600
2025-01-15,622.52490234375,660.0,665.0,650.0,655.0,2209600
2025-01-16,641.3892822265625,680.0,680.0,650.0,660.0,4216400
2025-01-17,622.52490234375,660.0,680.0,655.0,680.0,1222900
2025-01-20,622.52490234375,660.0,670.0,655.0,660.0,2498900
2025-01-21,627.2410278320312,665.0,665.0,655.0,660.0,4927600
2025-01-22,622.52490234375,660.0,670.0,655.0,665.0,1101600
2025-01-23,617.8087768554688,655.0,665.0,650.0,660.0,3089300
2025-01-24,617.8087768554688,655.0,660.0,655.0,655.0,1308200
2025-01-30,617.8087768554688,655.0,660.0,650.0,650.0,1592400
2025-01-31,636.6732177734375,675.0,685.0,650.0,655.0,4600000
2025-02-03,622.52490234375,660.0,680.0,650.0,670.0,3795000
2025-02-04,622.52490234375,660.0,670.0,655.0,660.0,725700
2025-02-05,608.3765869140625,645.0,665.0,645.0,660.0,4847300
2025-02-06,589.5122680664062,625.0,650.0,615.0,645.0,4474600
2025-02-07,589.5122680664062,625.0,635.0,615.0,625.0,1764800
2025-02-10,589.5122680664062,625.0,635.0,605.0,625.0,4245800
2025-02-11,547.0673828125,580.0,625.0,570.0,625.0,8553800
2025-02-12,547.0673828125,580.0,600.0,580.0,600.0,3655600
2025-02-13,551.783447265625,585.0,590.0,575.0,580.0,2131700
2025-02-14,556.4995727539062,590.0,605.0,585.0,590.0,3587300
2025-02-17,598.9444580078125,635.0,635.0,585.0,590.0,5498100
2025-02-18,594.2283325195312,630.0,640.0,620.0,630.0,4717000
2025-02-19,594.2283325195312,630.0,635.0,615.0,630.0,5657800
2025-02-20,580.080078125,615.0,640.0,615.0,630.0,2466400
2025-02-21,584.796142578125,620.0,630.0,615.0,615.0,999800
2025-02-24,584.796142578125,620.0,625.0,605.0,615.0,523300
2025-02-25,561.2156372070312,595.0,625.0,590.0,620.0,1697300
2025-02-26,565.9317626953125,600.0,605.0,585.0,595.0,1942300
2025-02-27,565.9317626953125,600.0,605.0,585.0,600.0,2489300
2025-02-28,537.6351318359375,570.0,600.0,570.0,600.0,2341400
2025-03-03,542.3512573242188,575.0,590.0,560.0,570.0,3459600
2025-03-04,514.0546875,545.0,585.0,535.0,585.0,3026400
2025-03-05,528.2029418945312,560.0,570.0,545.0,545.0,2670500
2025-03-06,547.0673828125,580.0,595.0,560.0,560.0,2683000
2025-03-07,542.3512573242188,575.0,580.0,565.0,575.0,1123400
2025-03-10,528.2029418945312,560.0,580.0,535.0,575.0,3353400
2025-03-11,532.9190673828125,565.0,565.0,545.0,560.0,1422400
2025-03-12,523.4868774414062,555.0,565.0,555.0,565.0,1484600
2025-03-13,518.770751953125,550.0,560.0,540.0,555.0,1889300
2025-03-14,514.0546875,545.0,560.0,545.0,550.0,2361000
2025-03-17,514.0546875,545.0,555.0,540.0,555.0,1082100
2025-03-18,490.47418212890625,520.0,550.0,500.0,550.0,4893500
2025-03-19,499.9063720703125,530.0,540.0,515.0,515.0,2282300
2025-03-20,490.47418212890625,520.0,550.0,500.0,530.0,6113800
2025-03-21,481.0419921875,510.0,530.0,510.0,520.0,1806300
2025-03-24,462.1775817871094,490.0,510.0,480.0,510.0,2373600
2025-03-25,490.47418212890625,520.0,530.0,490.0,490.0,3908100
2025-03-26,528.2029418945312,560.0,560.0,515.0,520.0,5393400
2025-03-27,499.9063720703125,530.0,560.0,525.0,560.0,3777600
2025-04-08,430.1081237792969,456.0,496.0,452.0,496.0,7332100
2025-04-09,430.1081237792969,456.0,466.0,452.0,454.0,5414800
2025-04-10,462.1775817871094,490.0,494.0,472.0,472.0,1632300
2025-04-11,469.7233581542969,498.0,510.0,480.0,480.0,2383900
2025-04-14,485.7580871582031,515.0,525.0,505.0,510.0,2484000
2025-04-15,495.19024658203125,525.0,535.0,510.0,515.0,2876600
2025-04-16,465.9504699707031,494.0,530.0,492.0,510.0,4640100
2025-04-17,471.60980224609375,500.0,505.0,494.0,494.0,1046200
2025-04-21,476.3258972167969,505.0,520.0,500.0,500.0,1053500
2025-04-22,532.9190673828125,565.0,575.0,505.0,505.0,9946500
2025-04-23,542.3512573242188,575.0,590.0,560.0,570.0,5999800
2025-04-24,551.783447265625,585.0,590.0,565.0,565.0,4798800
2025-04-25,575.3639526367188,610.0,610.0,575.0,585.0,5671700
2025-04-28,598.9444580078125,635.0,655.0,605.0,610.0,10691200
2025-04-29,627.2410278320312,665.0,670.0,620.0,635.0,11154400
2025-04-30,646.1054077148438,685.0,720.0,680.0,700.0,32516100
2025-05-02,627.2410278320312,665.0,695.0,660.0,685.0,8124300
2025-05-05,636.6732177734375,675.0,690.0,665.0,670.0,6876800
2025-05-06,636.6732177734375,675.0,680.0,665.0,665.0,2931500
2025-05-07,627.2410278320312,665.0,675.0,660.0,665.0,5141700
2025-05-08,669.6859130859375,710.0,710.0,665.0,665.0,12015600
2025-05-09,646.1054077148438,685.0,720.0,685.0,710.0,8150400
2025-05-14,664.9697875976562,705.0,710.0,685.0,705.0,14923600
2025-05-15,660.2537231445312,700.0,715.0,690.0,705.0,11719000
2025-05-16,674.4019775390625,715.0,715.0,695.0,700.0,8309400
2025-05-19,683.834228515625,725.0,765.0,715.0,715.0,18098400
2025-05-20,679.1181030273438,720.0,750.0,720.0,730.0,12218500
2025-05-21,664.9697875976562,705.0,715.0,695.0,715.0,8704400
2025-05-22,674.4019775390625,715.0,715.0,700.0,705.0,5196300
2025-05-23,683.834228515625,725.0,730.0,715.0,720.0,1853200
2025-05-26,646.1054077148438,685.0,730.0,675.0,725.0,9320800
2025-05-27,664.9697875976562,705.0,705.0,670.0,685.0,3861500
2025-05-28,660.2537231445312,700.0,710.0,690.0,705.0,2252400
2025-06-02,650.8214721679688,690.0,705.0,685.0,700.0,6657800
2025-06-03,641.3892822265625,680.0,690.0,675.0,690.0,6357100
2025-06-04,688.55029296875,730.0,740.0,685.0,685.0,18497100
2025-06-05,674.4019775390625,715.0,725.0,705.0,720.0,6471200
2025-06-10,707.4146728515625,750.0,760.0,720.0,725.0,18699100
2025-06-11,712.1307983398438,755.0,760.0,745.0,755.0,6023200
2025-06-12,712.1307983398438,755.0,780.0,750.0,750.0,17206900
2025-06-13,702.6986083984375,745.0,760.0,735.0,755.0,8702500
2025-06-16,693.2664184570312,735.0,750.0,730.0,735.0,6328500
2025-06-17,697.9824829101562,740.0,750.0,735.0,745.0,2554800
2025-06-18,693.2664184570312,735.0,750.0,720.0,740.0,3595900
2025-06-19,664.9697875976562,705.0,740.0,700.0,740.0,5271100
2025-06-20,683.834228515625,725.0,735.0,695.0,705.0,3899100
2025-06-23,669.6859130859375,710.0,725.0,675.0,725.0,9185200
2025-06-24,707.4146728515625,750.0,760.0,710.0,710.0,15262400
2025-06-25,707.4146728515625,750.0,755.0,730.0,755.0,5498700
2025-06-26,693.2664184570312,735.0,760.0,735.0,750.0,4899000
2025-06-30,716.846923828125,760.0,780.0,730.0,740.0,9900200
2025-07-01,721.56298828125,765.0,770.0,745.0,760.0,6813500
2025-07-02,712.1307983398438,755.0,775.0,750.0,765.0,8284400
2025-07-03,716.846923828125,760.0,760.0,750.0,755.0,5279200
2025-07-04,736.4865112304688,750.0,750.0,715.0,740.0,9848100
2025-07-07,731.5765991210938,745.0,750.0,730.0,740.0,2465400
2025-07-08,736.4865112304688,750.0,755.0,730.0,745.0,6713900
2025-07-09,741.3964233398438,755.0,755.0,740.0,745.0,2160100
2025-07-10,736.4865112304688,750.0,760.0,745.0,750.0,3517000
2025-07-11,746.3063354492188,760.0,765.0,750.0,750.0,4693100
2025-07-14,746.3063354492188,760.0,770.0,755.0,760.0,2442900
2025-07-15,800.3153076171875,815.0,820.0,755.0,760.0,24381100
2025-07-16,775.7657470703125,790.0,825.0,790.0,815.0,12159200
2025-07-17,795.4053955078125,810.0,825.0,795.0,795.0,10905300
2025-07-18,795.4053955078125,810.0,825.0,785.0,805.0,10544900
2025-07-21,873.9639892578125,890.0,900.0,810.0,825.0,34574300
2025-07-22,869.0540771484375,885.0,920.0,855.0,895.0,20159900
2025-07-23,864.1441650390625,880.0,895.0,845.0,890.0,7773700
2025-07-24,898.5135498046875,915.0,925.0,885.0,885.0,16342100
2025-07-25,883.7838134765625,900.0,925.0,900.0,915.0,6564900
2025-07-28,898.5135498046875,915.0,915.0,885.0,905.0,6217100
2025-07-29,849.4144287109375,865.0,970.0,860.0,915.0,33542400
2025-07-30,893.6036376953125,910.0,910.0,855.0,865.0,12159200
2025-07-31,834.6846923828125,850.0,915.0,835.0,910.0,18722000
2025-08-01,829.7747802734375,845.0,860.0,825.0,850.0,9217700
2025-08-04,834.6846923828125,850.0,870.0,830.0,845.0,12405600
2025-08-05,854.3243408203125,870.0,875.0,845.0,850.0,9132100
2025-08-06,844.5045166015625,860.0,875.0,860.0,870.0,4033200
2025-08-07,864.1441650390625,880.0,890.0,850.0,860.0,8187300
2025-08-08,898.5135498046875,915.0,920.0,870.0,885.0,15342300
2025-08-11,947.6126098632812,965.0,965.0,910.0,920.0,23820000
2025-08-12,942.7026977539062,960.0,970.0,930.0,970.0,14492500
2025-08-13,888.6937255859375,905.0,960.0,900.0,960.0,20768200
2025-08-14,893.6036376953125,910.0,925.0,900.0,910.0,6228400
2025-08-15,903.4234619140625,920.0,925.0,905.0,910.0,7261900
2025-08-19,903.4234619140625,920.0,945.0,900.0,920.0,20390000
2025-08-20,913.2432250976562,930.0,930.0,910.0,925.0,5197900
2025-08-21,908.3333129882812,925.0,955.0,920.0,930.0,13225000
2025-08-22,947.6126098632812,965.0,965.0,920.0,935.0,12881800
2025-08-25,903.4234619140625,920.0,1010.0,900.0,970.0,44662600
2025-08-26,908.3333129882812,925.0,930.0,880.0,920.0,30192200
2025-08-27,854.3243408203125,870.0,925.0,865.0,925.0,18528500
2025-08-28,873.9639892578125,890.0,895.0,855.0,870.0,7421600
2025-08-29,864.1441650390625,880.0,900.0,855.0,860.0,10076000
2025-09-01,800.3153076171875,815.0,860.0,815.0,855.0,19522400
2025-09-02,829.7747802734375,845.0,855.0,815.0,815.0,7230400
2025-09-03,834.6846923828125,850.0,865.0,840.0,855.0,8847600
2025-09-04,824.8648681640625,840.0,860.0,835.0,860.0,4194700
2025-09-08,834.6846923828125,850.0,880.0,840.0,840.0,12474800
2025-09-09,883.7838134765625,900.0,900.0,845.0,845.0,22589800
2025-09-10,883.7838134765625,900.0,910.0,885.0,910.0,9814000
2025-09-11,878.8739013671875,895.0,925.0,880.0,900.0,14515000
2025-09-12,883.7838134765625,900.0,905.0,885.0,905.0,7520200
2025-09-15,883.7838134765625,900.0,910.0,890.0,900.0,5990300
2025-09-16,888.6937255859375,905.0,915.0,890.0,905.0,4948600
2025-09-17,878.8739013671875,895.0,910.0,895.0,910.0,3588800
2025-09-18,893.6036376953125,910.0,915.0,880.0,900.0,7995800
2025-09-19,873.9639892578125,890.0,915.0,885.0,915.0,3845900
2025-09-22,864.1441650390625,880.0,895.0,860.0,890.0,6034100
2025-09-23,873.9639892578125,890.0,905.0,855.0,880.0,6427900
2025-09-24,864.1441650390625,880.0,910.0,875.0,900.0,3355400
2025-09-25,849.4144287109375,865.0,890.0,865.0,885.0,3359200
2025-09-26,854.3243408203125,870.0,880.0,860.0,870.0,2767600
2025-09-29,849.4144287109375,865.0,875.0,855.0,870.0,3868600
2025-09-30,829.7747802734375,845.0,870.0,835.0,870.0,10008700
2025-10-01,829.7747802734375,845.0,875.0,835.0,845.0,9613300
2025-10-02,824.8648681640625,840.0,860.0,835.0,845.0,2845600
2025-10-03,800.3153076171875,815.0,850.0,810.0,840.0,8576700
2025-10-06,765.9459838867188,780.0,820.0,775.0,810.0,12413900
2025-10-07,844.5045166015625,860.0,860.0,790.0,790.0,18291600
2025-10-08,844.5045166015625,860.0,870.0,835.0,860.0,8308700
2025-10-09,839.5946044921875,855.0,875.0,845.0,860.0,5370200
2025-10-10,829.7747802734375,845.0,860.0,845.0,860.0,1731500
2025-10-13,893.6036376953125,910.0,910.0,830.0,845.0,17296200
2025-10-14,854.3243408203125,870.0,910.0,850.0,910.0,12195800
2025-10-15,849.4144287109375,865.0,880.0,855.0,875.0,5161200
2025-10-16,869.0540771484375,885.0,910.0,865.0,865.0,7237600
2025-10-17,839.5946044921875,855.0,890.0,850.0,885.0,5459200
2025-10-20,893.6036376953125,910.0,925.0,855.0,875.0,20145100
2025-10-21,1006.5315551757812,1025.0,1035.0,965.0,965.0,87080500
2025-10-22,986.8919067382812,1005.0,1060.0,995.0,1025.0,33074700
2025-10-23,1065.450439453125,1085.0,1125.0,1020.0,1020.0,54801600
2025-10-24,1075.270263671875,1095.0,1125.0,1070.0,1095.0,24402200
2025-10-27,1080.18017578125,1100.0,1140.0,1055.0,1095.0,26898600
2025-10-28,1080.18017578125,1100.0,1145.0,1090.0,1100.0,19942700
2025-10-29,1075.270263671875,1095.0,1115.0,1050.0,1115.0,10284700
2025-10-30,1090.0,1110.0,1135.0,1095.0,1100.0,10564300
2025-10-31,1045.810791015625,1065.0,1125.0,1060.0,1110.0,12919600
2025-11-03,1099.81982421875,1120.0,1125.0,1070.0,1070.0,11888200
2025-11-04,1090.0,1110.0,1135.0,1070.0,1120.0,9067100
2025-11-05,1065.450439453125,1085.0,1090.0,1065.0,1070.0,13289800
2025-11-06,1050.720703125,1070.0,1090.0,1045.0,1085.0,6928500
2025-11-07,1040.90087890625,1060.0,1090.0,1050.0,1080.0,3330200
2025-11-10,1050.720703125,1070.0,1075.0,1040.0,1060.0,6285400
2025-11-11,1094.909912109375,1115.0,1115.0,1055.0,1080.0,17499000
2025-11-12,1099.81982421875,1120.0,1135.0,1110.0,1120.0,13263900
2025-11-13,1090.0,1110.0,1130.0,1095.0,1115.0,18056400
2025-11-14,1090.0,1090.0,1105.0,1070.0,1075.0,7617100
2025-11-17,1165.0,1165.0,1165.0,1080.0,1085.0,21500400
2025-11-18,1110.0,1110.0,1170.0,1095.0,1165.0,16149800
2025-11-19,1080.0,1080.0,1130.0,1060.0,1105.0,13848900
2025-11-20,1100.0,1100.0,1100.0,1070.0,1080.0,8987300
2025-11-21,1070.0,1070.0,1100.0,1065.0,1100.0,6515400
2025-11-24,1100.0,1100.0,1105.0,1070.0,1095.0,7840200
2025-11-25,1090.0,1090.0,1105.0,1080.0,1105.0,5252000
2025-11-26,1120.0,1120.0,1125.0,1060.0,1095.0,11434100
2025-11-27,1080.0,1080.0,1125.0,1080.0,1125.0,6536300
2025-11-28,1110.0,1110.0,1115.0,1080.0,1080.0,10274800
2025-12-01,1105.0,1105.0,1115.0,1080.0,1115.0,3853200
2025-12-02,1135.0,1135.0,1160.0,1095.0,1105.0,18046700
2025-12-03,1145.0,1145.0,1145.0,1110.0,1140.0,8983600
2025-12-04,1155.0,1155.0,1155.0,1130.0,1145.0,5025400
2025-12-05,1180.0,1180.0,1230.0,1160.0,1160.0,33366800
2025-12-08,1190.0,1190.0,1210.0,1175.0,1185.0,13857900
2025-12-09,1170.0,1170.0,1200.0,1130.0,1190.0,17510300
2025-12-10,1220.0,1220.0,1225.0,1170.0,1170.0,14743000
2025-12-11,1195.0,1195.0,1220.0,1165.0,1220.0,11561100
2025-12-12,1170.0,1170.0,1195.0,1165.0,1195.0,5825500
2025-12-15,1165.0,1165.0,1180.0,1145.0,1170.0,6887100
2025-12-16,1180.0,1180.0,1195.0,1165.0,1165.0,2939600
2025-12-17,1175.0,1175.0,1185.0,1155.0,1180.0,4159600
2025-12-18,1165.0,1165.0,1180.0,1150.0,1155.0,3657900
2025-12-19,1180.0,1180.0,1180.0,1145.0,1175.0,6674600
2025-12-22,1190.0,1190.0,1210.0,1160.0,1180.0,12002600
2025-12-23,1185.0,1185.0,1205.0,1170.0,1190.0,3661300
2025-12-24,1175.0,1175.0,1185.0,1145.0,1185.0,7604800
2025-12-29,1115.0,1115.0,1175.0,1090.0,1175.0,19229100
2025-12-30,1125.0,1125.0,1150.0,1115.0,1115.0,5644500
