Date,Adj Close,Close,High,Low,Open,Volume
2020-01-02,23.95451545715332,24.341819763183594,28.918914794921875,22.88547134399414,26.00621795654297,1307860
2020-01-03,24.56873321533203,24.96596908569336,26.00621795654297,23.093521118164062,24.341819763183594,77385
2020-01-06,25.387691497802734,25.798168182373047,25.798168182373047,23.509620666503906,23.509620666503906,967076
2020-01-07,24.77347183227539,25.17401885986328,25.382068634033203,24.96596908569336,24.96596908569336,49988
2020-01-08,24.77347183227539,25.17401885986328,25.798168182373047,25.17401885986328,25.17401885986328,35087
2020-01-09,24.15925407409668,24.549869537353516,25.17401885986328,24.549869537353516,25.17401885986328,354722
2020-01-10,24.15925407409668,24.549869537353516,24.96596908569336,24.549869537353516,24.549869537353516,964192
2020-01-13,24.978212356567383,25.382068634033203,25.382068634033203,24.549869537353516,24.549869537353516,558039
2020-01-14,24.56873321533203,24.96596908569336,27.046466827392578,24.96596908569336,25.382068634033203,192742
2020-01-15,25.387691497802734,25.798168182373047,26.00621795654297,24.96596908569336,24.96596908569336,159577
2020-01-16,24.77347183227539,25.17401885986328,25.798168182373047,24.549869537353516,25.798168182373047,258591
2020-01-17,24.56873321533203,24.96596908569336,25.17401885986328,24.549869537353516,25.17401885986328,485460
2020-01-20,24.15925407409668,24.549869537353516,24.96596908569336,23.301570892333984,24.96596908569336,526316
2020-01-21,24.15925407409668,24.549869537353516,24.757919311523438,24.549869537353516,24.757919311523438,252343
2020-01-22,24.36399269104004,24.757919311523438,24.757919311523438,23.301570892333984,23.92572021484375,173035
2020-01-23,24.15925407409668,24.549869537353516,24.549869537353516,22.67742156982422,22.88547134399414,406633
2020-01-24,24.15925407409668,24.549869537353516,24.549869537353516,24.549869537353516,24.549869537353516,0
2020-01-27,22.930816650390625,23.301570892333984,32.66381072998047,16.227880477905273,24.757919311523438,2819517
2020-01-28,21.29290199279785,21.63717269897461,29.126964569091797,21.013023376464844,23.093521118164062,251862
2020-01-29,21.702381134033203,22.053272247314453,26.00621795654297,20.804973602294922,20.804973602294922,298005
2020-01-30,21.49764060974121,21.84522247314453,27.046466827392578,19.972774505615234,19.972774505615234,739246
2020-01-31,23.749774932861328,24.133769989013672,24.757919311523438,19.764726638793945,19.764726638793945,987263
2020-02-03,21.29290199279785,21.63717269897461,22.88547134399414,20.804973602294922,22.88547134399414,568133
2020-02-04,22.521337509155273,22.88547134399414,22.88547134399414,22.88547134399414,22.88547134399414,1441
2020-02-05,22.316598892211914,22.67742156982422,22.67742156982422,21.013023376464844,22.053272247314453,964192
2020-02-06,22.111860275268555,22.469371795654297,22.469371795654297,21.221073150634766,22.469371795654297,35087
2020-02-07,22.316598892211914,22.67742156982422,22.67742156982422,21.84522247314453,22.67742156982422,260514
2020-02-10,21.29290199279785,21.63717269897461,22.67742156982422,21.63717269897461,21.84522247314453,2403
2020-02-11,22.316598892211914,22.67742156982422,22.67742156982422,21.42912483215332,21.63717269897461,1441
2020-02-12,22.111860275268555,22.469371795654297,22.88547134399414,21.42912483215332,22.88547134399414,4806
2020-02-13,23.340295791625977,23.717670440673828,23.717670440673828,21.84522247314453,22.261323928833008,315789
2020-02-14,21.907121658325195,22.261323928833008,23.509620666503906,22.053272247314453,23.509620666503906,145638
2020-02-17,22.521337509155273,22.88547134399414,22.88547134399414,22.88547134399414,22.88547134399414,48546
2020-02-18,22.521337509155273,22.88547134399414,22.88547134399414,22.053272247314453,22.053272247314453,9132
2020-02-19,22.521337509155273,22.88547134399414,22.88547134399414,22.88547134399414,22.88547134399414,480
2020-02-20,21.907121658325195,22.261323928833008,22.88547134399414,21.221073150634766,22.88547134399414,7690
2020-02-21,21.907121658325195,22.261323928833008,22.261323928833008,22.261323928833008,22.261323928833008,961
2020-02-24,21.702381134033203,22.053272247314453,22.261323928833008,21.63717269897461,22.261323928833008,23071
2020-02-25,20.678682327270508,21.013023376464844,22.053272247314453,21.013023376464844,22.053272247314453,1922
2020-02-26,21.907121658325195,22.261323928833008,22.261323928833008,21.013023376464844,21.013023376464844,49026
2020-02-27,21.088163375854492,21.42912483215332,22.261323928833008,21.42912483215332,22.261323928833008,16822
2020-02-28,18.426549911499023,18.724477767944336,20.804973602294922,18.724477767944336,20.804973602294922,66330
2020-03-02,22.521337509155273,22.88547134399414,22.88547134399414,22.88547134399414,22.88547134399414,480
2020-03-03,22.521337509155273,22.88547134399414,22.88547134399414,22.261323928833008,22.261323928833008,288873
2020-03-04,23.749774932861328,24.133769989013672,24.133769989013672,22.88547134399414,22.88547134399414,35087
2020-03-05,23.340295791625977,23.717670440673828,24.133769989013672,22.88547134399414,24.133769989013672,87959
2020-03-06,23.340295791625977,23.717670440673828,23.717670440673828,21.84522247314453,23.717670440673828,289353
2020-03-09,22.521337509155273,22.88547134399414,22.88547134399414,22.88547134399414,22.88547134399414,480
2020-03-10,22.726078033447266,23.093521118164062,23.093521118164062,21.42912483215332,22.88547134399414,20187
2020-03-11,22.316598892211914,22.67742156982422,23.301570892333984,20.804973602294922,23.301570892333984,21148
2020-03-12,20.47394371032715,20.804973602294922,22.67742156982422,20.804973602294922,22.67742156982422,961
2020-03-13,22.521337509155273,22.88547134399414,22.88547134399414,20.596925735473633,20.596925735473633,252343
2020-03-16,22.521337509155273,22.88547134399414,22.88547134399414,22.88547134399414,22.88547134399414,961
2020-03-17,21.088163375854492,21.42912483215332,22.053272247314453,21.42912483215332,21.42912483215332,253304
2020-03-18,19.654985427856445,19.972774505615234,19.972774505615234,19.972774505615234,19.972774505615234,6248
2020-03-19,18.426549911499023,18.724477767944336,18.724477767944336,18.724477767944336,18.724477767944336,9613
2020-03-20,17.19811248779297,17.476177215576172,17.476177215576172,17.476177215576172,17.476177215576172,72098
2020-03-23,16.174415588378906,16.435930252075195,16.435930252075195,16.435930252075195,16.435930252075195,61523
2020-03-24,15.150718688964844,15.395681381225586,16.435930252075195,15.395681381225586,16.435930252075195,149483
2020-03-26,15.35545825958252,15.603731155395508,15.603731155395508,15.395681381225586,15.395681381225586,1674118
2020-03-27,18.22180938720703,18.51642608642578,19.764726638793945,15.811779975891113,15.811779975891113,845951
2020-03-30,16.99337387084961,17.268129348754883,23.717670440673828,17.268129348754883,20.596925735473633,279740
2020-03-31,16.174415588378906,16.435930252075195,18.724477767944336,16.435930252075195,18.724477767944336,186974
2020-04-01,18.017070770263672,18.30837631225586,19.556676864624023,15.395681381225586,15.395681381225586,198990
2020-04-02,17.607593536376953,17.89227867126465,20.388874053955078,17.06007957458496,20.388874053955078,204758
2020-04-03,16.379154205322266,16.643978118896484,17.476177215576172,16.643978118896484,16.643978118896484,319154
2020-04-06,17.607593536376953,17.89227867126465,18.51642608642578,17.89227867126465,18.51642608642578,154770
2020-04-07,16.99337387084961,17.268129348754883,17.268129348754883,17.06007957458496,17.06007957458496,961
2020-04-08,17.812332153320312,18.10032844543457,18.10032844543457,16.85202980041504,16.85202980041504,27877
2020-04-09,16.78863525390625,17.06007957458496,20.388874053955078,17.06007957458496,20.388874053955078,115357
2020-04-13,17.19811248779297,17.476177215576172,19.972774505615234,16.01983070373535,16.643978118896484,362893
2020-04-14,16.174415588378906,16.435930252075195,19.34862518310547,16.435930252075195,16.435930252075195,1701516
2020-04-15,16.99337387084961,17.268129348754883,18.51642608642578,16.643978118896484,18.51642608642578,24513
2020-04-16,16.379154205322266,16.643978118896484,19.34862518310547,16.643978118896484,19.34862518310547,582072
2020-04-17,15.35545825958252,15.603731155395508,16.227880477905273,15.603731155395508,16.227880477905273,6743579
2020-04-20,15.35545825958252,15.603731155395508,16.643978118896484,15.603731155395508,16.643978118896484,370584
2020-04-21,15.35545825958252,15.603731155395508,16.643978118896484,14.563482284545898,16.643978118896484,2886809
2020-04-22,15.560196876525879,15.811779975891113,15.811779975891113,15.811779975891113,15.811779975891113,961
2020-04-23,14.536500930786133,14.77153205871582,15.603731155395508,14.77153205871582,15.603731155395508,2632062
2020-04-24,14.127020835876465,14.35543155670166,14.979580879211426,13.939332962036133,13.939332962036133,4139875
2020-04-27,14.127020835876465,14.35543155670166,14.563482284545898,13.523233413696289,13.523233413696289,1164625
2020-04-28,13.308063507080078,13.523233413696289,13.939332962036133,13.523233413696289,13.731283187866211,1557800
2020-04-29,12.489106178283691,12.691034317016602,13.523233413696289,12.691034317016602,12.899084091186523,2270610
2020-04-30,11.874887466430664,12.066884994506836,12.691034317016602,11.858835220336914,11.858835220336914,1009854
2020-05-04,13.922281265258789,14.147381782531738,16.227880477905273,11.234685897827148,12.066884994506836,2528722
2020-05-05,13.308063507080078,13.523233413696289,14.35543155670166,13.523233413696289,14.35543155670166,685893
2020-05-06,13.103322982788086,13.31518268585205,13.523233413696289,12.691034317016602,12.691034317016602,267724
2020-05-08,12.898585319519043,13.107133865356445,13.31518268585205,12.482983589172363,12.482983589172363,567652
2020-05-11,13.103322982788086,13.31518268585205,14.147381782531738,12.274934768676758,12.274934768676758,556597
2020-05-12,13.103322982788086,13.31518268585205,13.523233413696289,13.31518268585205,13.523233413696289,126412
2020-05-13,13.308063507080078,13.523233413696289,13.731283187866211,12.899084091186523,12.899084091186523,95169
2020-05-14,13.308063507080078,13.523233413696289,13.523233413696289,12.691034317016602,12.691034317016602,626773
2020-05-15,13.512803077697754,13.731283187866211,14.147381782531738,12.691034317016602,12.691034317016602,510454
2020-05-18,13.103322982788086,13.31518268585205,14.35543155670166,12.899084091186523,13.731283187866211,1275175
2020-05-19,14.127020835876465,14.35543155670166,14.563482284545898,12.482983589172363,12.482983589172363,1064168
2020-05-20,14.127020835876465,14.35543155670166,14.35543155670166,13.523233413696289,13.523233413696289,34607
2020-05-26,13.512803077697754,13.731283187866211,13.939332962036133,13.523233413696289,13.523233413696289,3364
2020-05-27,13.512803077697754,13.731283187866211,14.35543155670166,13.523233413696289,13.731283187866211,240807
2020-05-28,13.512803077697754,13.731283187866211,14.35543155670166,13.731283187866211,13.731283187866211,156693
2020-05-29,13.512803077697754,13.731283187866211,13.731283187866211,13.731283187866211,13.731283187866211,0
2020-06-02,13.512803077697754,13.731283187866211,14.563482284545898,13.107133865356445,13.939332962036133,855564
2020-06-03,13.512803077697754,13.731283187866211,14.35543155670166,13.31518268585205,13.731283187866211,45662
2020-06-04,14.127020835876465,14.35543155670166,15.187630653381348,13.939332962036133,14.35543155670166,931507
2020-06-05,14.741239547729492,14.979580879211426,14.979580879211426,13.731283187866211,13.939332962036133,966115
2020-06-08,16.379154205322266,16.643978118896484,16.643978118896484,14.563482284545898,14.979580879211426,3332856
2020-06-09,15.35545825958252,15.603731155395508,16.643978118896484,15.603731155395508,16.643978118896484,1926462
2020-06-10,14.945979118347168,15.187630653381348,16.01983070373535,14.979580879211426,15.603731155395508,311463
2020-06-11,14.945979118347168,15.187630653381348,15.603731155395508,14.147381782531738,14.147381782531738,179764
2020-06-12,15.560196876525879,15.811779975891113,15.811779975891113,14.147381782531738,15.395681381225586,437876
2020-06-15,15.35545825958252,15.603731155395508,17.268129348754883,14.77153205871582,14.77153205871582,1646240
2020-06-16,18.426549911499023,18.724477767944336,19.34862518310547,14.563482284545898,14.563482284545898,8293689
2020-06-17,17.19811248779297,17.476177215576172,18.932527542114258,17.476177215576172,18.724477767944336,4227354
2020-06-18,16.174415588378906,16.435930252075195,17.89227867126465,16.435930252075195,17.476177215576172,757030
2020-06-19,15.969676971435547,16.227880477905273,18.30837631225586,15.811779975891113,16.435930252075195,260995
2020-06-22,15.969676971435547,16.227880477905273,17.476177215576172,16.227880477905273,16.85202980041504,252343
2020-06-23,16.379154205322266,16.643978118896484,17.06007957458496,16.435930252075195,16.435930252075195,207642
2020-06-24,16.99337387084961,17.268129348754883,17.476177215576172,16.227880477905273,16.227880477905273,315789
2020-06-25,16.174415588378906,16.435930252075195,17.476177215576172,16.435930252075195,16.643978118896484,732036
2020-06-26,16.583894729614258,16.85202980041504,18.724477767944336,16.227880477905273,16.643978118896484,2607068
2020-06-29,16.78863525390625,17.06007957458496,17.89227867126465,16.435930252075195,17.476177215576172,1061284
2020-06-30,16.174415588378906,16.435930252075195,17.476177215576172,16.435930252075195,17.06007957458496,955540
2020-07-01,16.379154205322266,16.643978118896484,17.476177215576172,15.603731155395508,16.435930252075195,1989428
2020-07-02,21.088163375854492,21.42912483215332,21.84522247314453,16.85202980041504,16.85202980041504,4049992
2020-07-03,28.458782196044922,28.918914794921875,28.918914794921875,21.84522247314453,21.84522247314453,11714025
2020-07-06,37.26258087158203,37.865055084228516,38.905303955078125,30.167213439941406,30.167213439941406,22000026
2020-07-07,34.80570602416992,35.36845779418945,40.5697021484375,35.36845779418945,38.905303955078125,7880326
2020-07-08,32.55357360839844,33.07991027832031,33.287960052490234,33.07991027832031,33.287960052490234,319635
2020-07-09,30.301437377929688,30.791362762451172,32.87186050415039,30.791362762451172,32.87186050415039,120163
2020-07-10,28.254043579101562,28.710865020751953,34.328208923339844,28.710865020751953,30.791362762451172,8349925
2020-07-13,27.025606155395508,27.462566375732422,32.247711181640625,26.838417053222656,26.838417053222656,4621490
2020-07-14,28.458782196044922,28.918914794921875,30.999412536621094,25.798168182373047,25.798168182373047,2005289
2020-07-15,26.616127014160156,27.046466827392578,29.33501434326172,27.046466827392578,27.046466827392578,2830572
2020-07-16,25.592430114746094,26.00621795654297,28.086715698242188,25.17401885986328,25.17401885986328,865658
2020-07-17,25.182950973510742,25.590118408203125,27.462566375732422,24.341819763183594,24.341819763183594,550829
2020-07-20,30.096698760986328,30.58331298828125,30.58331298828125,24.549869537353516,27.670616149902344,8186984
2020-07-21,30.91565704345703,31.415512084960938,34.95235824584961,31.207462310791016,31.207462310791016,10157185
2020-07-22,28.868261337280273,29.33501434326172,32.66381072998047,29.33501434326172,29.33501434326172,4277822
2020-07-23,27.43508529663086,27.878665924072266,29.33501434326172,27.462566375732422,27.462566375732422,2746458
2020-07-24,27.84456443786621,28.29476547241211,30.375263214111328,26.00621795654297,26.00621795654297,1400626
2020-07-27,27.025606155395508,27.462566375732422,31.207462310791016,26.422317504882812,26.422317504882812,2397503
2020-07-28,27.63982582092285,28.086715698242188,31.207462310791016,27.046466827392578,27.046466827392578,260995
2020-07-29,27.2303466796875,27.670616149902344,28.50281524658203,26.21426773071289,26.21426773071289,526797
2020-07-30,26.616127014160156,27.046466827392578,28.086715698242188,26.21426773071289,26.21426773071289,813747
2020-08-03,25.592430114746094,26.00621795654297,27.2545166015625,25.17401885986328,25.17401885986328,1003125
2020-08-04,25.182950973510742,25.590118408203125,27.2545166015625,24.341819763183594,24.341819763183594,3623171
2020-08-05,24.978212356567383,25.382068634033203,26.21426773071289,23.92572021484375,23.92572021484375,399904
2020-08-06,29.89196014404297,30.375263214111328,32.45576095581055,23.717670440673828,23.717670440673828,14234576
2020-08-07,34.19148635864258,34.74430847167969,37.44895553588867,28.50281524658203,28.50281524658203,11319408
2020-08-10,32.34883117675781,32.87186050415039,35.36845779418945,32.45576095581055,34.74430847167969,4504691
2020-08-11,34.60096740722656,35.16040802001953,36.40870666503906,32.66381072998047,32.66381072998047,1515502
2020-08-12,32.963050842285156,33.496009826660156,35.16040802001953,33.287960052490234,35.16040802001953,1107427
2020-08-13,32.34883117675781,32.87186050415039,34.74430847167969,31.415512084960938,31.415512084960938,691661
2020-08-14,32.963050842285156,33.496009826660156,33.496009826660156,30.791362762451172,30.791362762451172,186013
2020-08-18,32.34883117675781,32.87186050415039,33.496009826660156,31.207462310791016,31.415512084960938,699832
2020-08-19,32.14409255981445,32.66381072998047,32.87186050415039,31.207462310791016,31.207462310791016,2016344
2020-08-24,32.34883117675781,32.87186050415039,33.912109375,30.791362762451172,30.791362762451172,958424
2020-08-25,32.34883117675781,32.87186050415039,34.12015914916992,32.45576095581055,32.87186050415039,2291278
2020-08-26,32.55357360839844,33.07991027832031,33.70405960083008,30.999412536621094,30.999412536621094,702716
2020-08-27,31.529874801635742,32.0396614074707,33.07991027832031,31.83161163330078,33.07991027832031,212449
2020-08-28,31.939353942871094,32.45576095581055,33.07991027832031,31.83161163330078,32.0396614074707,1851480
2020-08-31,31.325136184692383,31.83161163330078,32.87186050415039,31.207462310791016,32.45576095581055,339341
2020-09-01,31.529874801635742,32.0396614074707,32.0396614074707,31.62356185913086,31.62356185913086,41336
2020-09-02,31.529874801635742,32.0396614074707,32.0396614074707,32.0396614074707,32.0396614074707,8171
2020-09-03,32.14409255981445,32.66381072998047,33.07991027832031,32.0396614074707,32.0396614074707,8171
2020-09-04,30.096698760986328,30.58331298828125,32.87186050415039,30.58331298828125,32.66381072998047,1282385
2020-09-07,30.096698760986328,30.58331298828125,32.0396614074707,30.58331298828125,30.58331298828125,519587
2020-09-08,30.301437377929688,30.791362762451172,31.207462310791016,30.375263214111328,31.207462310791016,117279
2020-09-09,29.89196014404297,30.375263214111328,30.791362762451172,30.375263214111328,30.791362762451172,25955
2020-09-10,28.049304962158203,28.50281524658203,30.375263214111328,28.29476547241211,28.50281524658203,117760
2020-09-11,28.254043579101562,28.710865020751953,28.710865020751953,26.630367279052734,28.50281524658203,253304
2020-09-14,28.254043579101562,28.710865020751953,30.375263214111328,26.838417053222656,26.838417053222656,362893
2020-09-15,27.2303466796875,27.670616149902344,29.959163665771484,27.670616149902344,28.710865020751953,123047
2020-09-16,29.073001861572266,29.54306411743164,30.167213439941406,29.54306411743164,29.751113891601562,570536
2020-09-17,30.096698760986328,30.58331298828125,31.62356185913086,30.58331298828125,30.999412536621094,1001683
2020-09-18,29.687219619750977,30.167213439941406,30.58331298828125,29.33501434326172,30.58331298828125,77385
2020-09-21,27.63982582092285,28.086715698242188,29.959163665771484,28.086715698242188,28.086715698242188,551310
2020-09-22,29.687219619750977,30.167213439941406,30.375263214111328,28.086715698242188,28.086715698242188,510935
2020-09-23,28.254043579101562,28.710865020751953,30.791362762451172,28.710865020751953,30.167213439941406,175438
2020-09-24,28.458782196044922,28.918914794921875,30.375263214111328,28.918914794921875,30.375263214111328,11055
2020-09-25,28.458782196044922,28.918914794921875,30.167213439941406,28.29476547241211,28.918914794921875,335977
2020-09-28,29.687219619750977,30.167213439941406,30.375263214111328,28.50281524658203,28.50281524658203,438837
2020-09-29,28.868261337280273,29.33501434326172,30.167213439941406,28.29476547241211,29.126964569091797,104301
2020-09-30,28.254043579101562,28.710865020751953,30.791362762451172,28.50281524658203,29.33501434326172,122566
2020-10-01,28.458782196044922,28.918914794921875,28.918914794921875,28.29476547241211,28.50281524658203,140351
2020-10-02,28.663522720336914,29.126964569091797,32.247711181640625,29.126964569091797,29.126964569091797,925259
2020-10-05,34.80570602416992,35.36845779418945,38.905303955078125,30.167213439941406,30.167213439941406,18895480
2020-10-06,32.55357360839844,33.07991027832031,36.40870666503906,33.07991027832031,35.36845779418945,8510464
2020-10-07,32.55357360839844,33.07991027832031,33.496009826660156,31.62356185913086,33.287960052490234,581111
2020-10-08,32.963050842285156,33.496009826660156,34.95235824584961,32.0396614074707,32.0396614074707,451815
2020-10-09,37.26258087158203,37.865055084228516,39.11335372924805,33.70405960083008,33.70405960083008,8174487
2020-10-12,39.1052360534668,39.73750305175781,44.106544494628906,38.48920440673828,38.48920440673828,18365318
2020-10-13,36.44362258911133,37.03285598754883,40.985801696777344,37.03285598754883,39.73750305175781,5138674
2020-10-14,35.624664306640625,36.20065689086914,38.48920440673828,35.36845779418945,37.03285598754883,2273494
2020-10-15,35.624664306640625,36.20065689086914,37.657005310058594,34.74430847167969,36.20065689086914,4303778
2020-10-16,37.05784225463867,37.657005310058594,39.11335372924805,35.16040802001953,36.40870666503906,3697673
2020-10-19,35.624664306640625,36.20065689086914,39.11335372924805,35.36845779418945,38.07310485839844,4323485
2020-10-20,33.167789459228516,33.70405960083008,36.20065689086914,33.70405960083008,36.20065689086914,3352563
2020-10-21,32.7583122253418,33.287960052490234,34.74430847167969,33.287960052490234,33.70405960083008,1334776
2020-10-22,31.12039566040039,31.62356185913086,34.328208923339844,31.62356185913086,33.287960052490234,3205963
2020-10-23,32.7583122253418,33.287960052490234,34.12015914916992,32.247711181640625,33.912109375,2428265
2020-10-26,30.50617790222168,30.999412536621094,33.287960052490234,30.999412536621094,33.287960052490234,1338622
2020-10-27,31.939353942871094,32.45576095581055,33.07991027832031,32.0396614074707,32.0396614074707,668590
2020-11-02,33.78200912475586,34.328208923339844,38.28115463256836,30.375263214111328,33.287960052490234,5506375
2020-11-03,45.45215606689453,46.187042236328125,46.187042236328125,37.44895553588867,38.28115463256836,67243532
2020-11-04,56.508087158203125,57.421730041503906,57.421730041503906,54.509033203125,54.509033203125,20722928
2020-11-05,63.059749603271484,64.0793228149414,71.5691146850586,60.33442687988281,66.57592010498047,253747482
2020-11-06,61.01235580444336,61.99882507324219,71.5691146850586,61.99882507324219,64.49542236328125,52347095
2020-11-09,56.917564392089844,57.83782958984375,62.831024169921875,57.83782958984375,62.41492462158203,16716674
2020-11-10,53.23225402832031,54.092933654785156,56.173431396484375,54.092933654785156,56.173431396484375,4372992
2020-11-11,52.822776794433594,53.67683410644531,62.41492462158203,50.34803771972656,50.34803771972656,87467060
2020-11-12,52.822776794433594,53.67683410644531,57.83782958984375,52.42853546142578,54.925132751464844,17686635
2020-11-13,52.822776794433594,53.67683410644531,56.173431396484375,53.26073455810547,55.34123229980469,14510952
2020-11-16,49.54694366455078,50.34803771972656,54.925132751464844,50.34803771972656,53.67683410644531,10133153
2020-11-17,51.18486022949219,52.01243591308594,53.67683410644531,50.34803771972656,50.34803771972656,24807528
2020-11-18,49.956424713134766,50.764137268066406,52.42853546142578,50.34803771972656,52.01243591308594,5710172
2020-11-19,50.365901947021484,51.18023681640625,52.42853546142578,48.267539978027344,48.267539978027344,2288875
2020-11-20,49.956424713134766,50.764137268066406,52.42853546142578,49.09973907470703,49.09973907470703,5301135
2020-11-23,49.13746643066406,49.93193817138672,51.18023681640625,49.09973907470703,51.18023681640625,6465280
2020-11-24,48.72798538208008,49.515838623046875,50.764137268066406,49.09973907470703,49.515838623046875,5226153
2020-11-25,49.13746643066406,49.93193817138672,49.93193817138672,47.8514404296875,49.93193817138672,7577033
2020-11-26,48.31850814819336,49.09973907470703,49.93193817138672,48.68363952636719,49.93193817138672,4155736
2020-11-27,51.18486022949219,52.01243591308594,56.173431396484375,47.8514404296875,49.09973907470703,34542699
2020-11-30,49.54694366455078,50.34803771972656,52.42853546142578,49.09973907470703,52.01243591308594,6136032
2020-12-01,48.72798538208008,49.515838623046875,50.764137268066406,47.01924133300781,47.01924133300781,4976213
2020-12-02,49.54694366455078,50.34803771972656,52.01243591308594,47.8514404296875,47.8514404296875,5354969
2020-12-03,49.54694366455078,50.34803771972656,51.18023681640625,49.09973907470703,50.34803771972656,4970445
2020-12-04,50.77538299560547,51.596336364746094,52.42853546142578,49.93193817138672,50.34803771972656,5360256
2020-12-07,57.73652267456055,58.67002868652344,60.33442687988281,53.26073455810547,54.092933654785156,48604240
2020-12-08,56.508087158203125,57.421730041503906,60.750526428222656,56.58953094482422,58.67002868652344,14379733
2020-12-10,54.87017059326172,55.75733184814453,58.253929138183594,54.925132751464844,54.925132751464844,8145167
2020-12-11,54.051212310791016,54.925132751464844,56.173431396484375,52.42853546142578,52.42853546142578,5556843
2020-12-14,53.6417350769043,54.509033203125,56.173431396484375,52.01243591308594,52.01243591308594,4015866
2020-12-15,53.23225402832031,54.092933654785156,54.509033203125,52.01243591308594,54.509033203125,4352324
2020-12-16,52.00381851196289,52.844635009765625,54.092933654785156,52.844635009765625,54.092933654785156,2498440
2020-12-17,63.059749603271484,64.0793228149414,65.32762145996094,54.925132751464844,54.925132751464844,84023172
2020-12-18,78.61994934082031,79.89110565185547,79.89110565185547,65.32762145996094,66.99201965332031,92810013
2020-12-21,98.27493286132812,99.86387634277344,99.86387634277344,80.72330474853516,80.72330474853516,148026614
2020-12-22,103.39342498779297,105.06512451171875,121.7091064453125,101.94437408447266,104.02487182617188,116477910
2020-12-23,101.55076599121094,103.19267272949219,116.50785827636719,97.78337860107422,110.26636505126953,52666730
2020-12-28,95.81806182861328,97.36727905273438,107.14562225341797,96.11898040771484,102.77657318115234,29698665
2020-12-29,92.95170593261719,94.45458221435547,100.69607543945312,93.62239074707031,97.36727905273438,13126668
2020-12-30,86.80953216552734,88.21309661865234,97.36727905273438,88.21309661865234,95.702880859375,15966373
2021-01-04,81.07682037353516,82.38770294189453,88.21309661865234,82.38770294189453,88.21309661865234,8140360
2021-01-05,86.80953216552734,88.21309661865234,97.36727905273438,76.97840881347656,82.38770294189453,49140650
2021-01-06,87.62848663330078,89.04529571533203,93.62239074707031,88.21309661865234,89.46139526367188,21519372
2021-01-07,88.44744110107422,89.87749481201172,91.12579345703125,88.62919616699219,89.04529571533203,15256927
2021-01-08,86.4000473022461,87.7969970703125,91.54188537597656,87.7969970703125,91.54188537597656,8963240
2021-01-11,83.94317626953125,85.30039978027344,88.21309661865234,83.21990203857422,87.7969970703125,12138923
2021-01-12,104.4171142578125,106.1053695678711,106.1053695678711,85.30039978027344,85.30039978027344,61190652
2021-01-13,130.00955200195312,132.11158752441406,132.11158752441406,112.34686279296875,112.34686279296875,128407268
2021-01-14,145.36500549316406,147.71531677246094,164.3592987060547,135.23233032226562,135.23233032226562,148399602
2021-01-15,156.62567138671875,159.15805053710938,164.3592987060547,145.63482666015625,156.0373077392578,44797458
2021-01-18,195.52618408203125,198.68751525878906,198.68751525878906,159.15805053710938,166.43980407714844,75952026
2021-01-19,197.5735626220703,200.76800537109375,240.29745483398438,195.56675720214844,208.04974365234375,190583743
2021-01-20,197.5735626220703,200.76800537109375,214.29124450683594,187.24478149414062,200.76800537109375,42426390
2021-01-21,199.6209716796875,202.8485107421875,239.25721740722656,198.68751525878906,200.76800537109375,62113989
2021-01-22,195.52618408203125,198.68751525878906,218.45223999023438,189.3252716064453,203.8887481689453,32129815
2021-01-25,182.21810913085938,185.16427612304688,197.6472625732422,185.16427612304688,189.3252716064453,17507351
2021-01-26,169.93374633789062,172.68128967285156,185.16427612304688,172.68128967285156,185.16427612304688,5951461
2021-01-27,158.67306518554688,161.23855590820312,166.43980407714844,161.23855590820312,166.43980407714844,2603704
2021-01-28,148.4361114501953,150.83607482910156,150.83607482910156,150.83607482910156,150.83607482910156,2661863
2021-01-29,138.19912719726562,140.43357849121094,145.63482666015625,140.43357849121094,140.43357849121094,2761358
2021-02-01,144.34132385253906,146.67507934570312,154.9970703125,131.0713348388672,131.0713348388672,91157043
2021-02-02,135.12803649902344,137.31283569335938,151.87631225585938,137.31283569335938,151.87631225585938,29404505
2021-02-03,168.9100341796875,171.6410369873047,171.6410369873047,144.59457397460938,145.63482666015625,92367811
2021-02-04,160.720458984375,163.3190460205078,209.08999633789062,161.23855590820312,182.0435333251953,131717534
2021-02-05,171.98114013671875,174.7617950439453,191.40576171875,157.0775604248047,164.3592987060547,59383873
2021-02-08,174.02853393554688,176.84228515625,187.24478149414062,174.7617950439453,174.7617950439453,31637144
2021-02-09,166.86265563964844,169.560546875,181.00328063964844,166.43980407714844,176.84228515625,24736391
2021-02-10,162.7678680419922,165.39955139160156,171.6410369873047,160.19830322265625,168.52029418945312,15794779
2021-02-11,163.79156494140625,166.43980407714844,167.48004150390625,159.15805053710938,167.48004150390625,9210297
2021-02-15,160.720458984375,163.3190460205078,168.52029418945312,159.15805053710938,168.52029418945312,10898354
2021-02-16,163.79156494140625,166.43980407714844,177.88253784179688,156.0373077392578,163.3190460205078,23685200
2021-02-17,163.79156494140625,166.43980407714844,175.80203247070312,156.0373077392578,163.3190460205078,32024071
2021-02-18,169.93374633789062,172.68128967285156,183.0837860107422,167.48004150390625,170.60079956054688,39927469
2021-02-19,168.9100341796875,171.6410369873047,181.00328063964844,167.48004150390625,177.88253784179688,29802487
2021-02-22,171.98114013671875,174.7617950439453,176.84228515625,170.60079956054688,172.68128967285156,18018286
2021-02-23,174.02853393554688,176.84228515625,176.84228515625,172.68128967285156,176.84228515625,18488366
2021-02-24,217.0238037109375,220.53273010253906,220.53273010253906,178.92279052734375,178.92279052734375,184084336
2021-02-25,271.27978515625,275.6659240722656,275.6659240722656,234.05596923828125,255.90118408203125,106635552
2021-02-26,317.34613037109375,322.47711181640625,337.04058837890625,256.9414367675781,303.75262451171875,244859223
2021-03-01,317.34613037109375,322.47711181640625,322.47711181640625,322.47711181640625,322.47711181640625,0
2021-03-02,396.17083740234375,402.5762634277344,402.5762634277344,327.6783447265625,327.6783447265625,146131394
2021-03-03,493.4220886230469,501.39990234375,501.39990234375,412.978759765625,412.978759765625,145056170
2021-03-04,493.4220886230469,501.39990234375,501.39990234375,501.39990234375,501.39990234375,0
2021-03-05,493.4220886230469,501.39990234375,501.39990234375,501.39990234375,501.39990234375,0
2021-03-08,493.4220886230469,501.39990234375,501.39990234375,501.39990234375,501.39990234375,0
2021-03-09,493.4220886230469,501.39990234375,501.39990234375,501.39990234375,501.39990234375,0
2021-03-10,460.66375732421875,468.1119384765625,520.1243896484375,468.1119384765625,520.1243896484375,15124267
2021-03-12,429.9528503417969,436.90447998046875,436.90447998046875,436.90447998046875,436.90447998046875,2049029
2021-03-15,400.265625,406.7372741699219,406.7372741699219,406.7372741699219,406.7372741699219,3676043
2021-03-16,372.62579345703125,378.6505432128906,388.0127868652344,378.6505432128906,378.6505432128906,55845296
2021-03-17,347.0333557128906,352.6443176269531,352.6443176269531,352.6443176269531,352.6443176269531,2592649
2021-03-18,325.5357360839844,330.7991027832031,399.45550537109375,328.7185974121094,328.7185974121094,386958889
2021-03-19,327.5831298828125,332.8796081542969,355.76507568359375,313.1148681640625,324.5576171875,57298314
2021-03-22,348.05706787109375,353.6845703125,366.1675720214844,322.47711181640625,332.8796081542969,124083783
2021-03-23,329.6304931640625,334.9600830078125,366.1675720214844,332.8796081542969,357.8455810546875,33649644
2021-03-24,307.1091613769531,312.0746154785156,332.8796081542969,312.0746154785156,331.83935546875,29878430
2021-03-25,285.6115417480469,290.2294006347656,312.0746154785156,290.2294006347656,312.0746154785156,11145411
2021-03-26,282.5404357910156,287.108642578125,301.6721496582031,270.46466064453125,288.1488952636719,17218958
2021-03-29,263.0902099609375,267.34393310546875,291.2696533203125,267.34393310546875,291.2696533203125,9892345
2021-03-30,245.6873321533203,249.65969848632812,283.9879150390625,249.65969848632812,267.34393310546875,50445626
2021-03-31,229.3081817626953,233.01571655273438,248.61944580078125,233.01571655273438,245.4987030029297,12329262
2021-04-01,213.95272827148438,217.4119873046875,228.85472106933594,217.4119873046875,227.81446838378906,12716189
2021-04-05,199.6209716796875,202.8485107421875,212.2107391357422,202.8485107421875,208.04974365234375,30385520
2021-04-06,190.40768432617188,193.48626708984375,203.8887481689453,189.3252716064453,202.8485107421875,34600858
2021-04-07,237.4977569580078,241.33770751953125,241.33770751953125,193.48626708984375,193.48626708984375,98668708
2021-04-08,296.8722229003906,301.6721496582031,301.6721496582031,262.1426696777344,262.1426696777344,102287073
2021-04-09,305.0617980957031,309.994140625,362.0065612792969,280.8671569824219,322.47711181640625,179630113
2021-04-12,288.6826477050781,293.35015869140625,332.8796081542969,289.18914794921875,309.994140625,37998603
2021-04-13,297.8958740234375,302.7123718261719,316.2356262207031,291.2696533203125,297.5111389160156,31834212
2021-04-14,277.4219665527344,281.90740966796875,312.0746154785156,281.90740966796875,306.8733825683594,27528992
2021-04-15,258.9953918457031,263.18292236328125,286.0683898925781,263.18292236328125,281.90740966796875,14694562
2021-04-16,275.3745422363281,279.826904296875,317.27587890625,246.53895568847656,263.18292236328125,70831135
2021-04-19,291.7536926269531,296.47088623046875,300.63189697265625,274.62567138671875,280.8671569824219,20656597
2021-04-20,313.2513427734375,318.31610107421875,334.9600830078125,298.5513916015625,298.5513916015625,108028969
2021-04-21,311.2039794921875,316.2356262207031,346.40283203125,306.8733825683594,322.47711181640625,52513882
2021-04-22,289.706298828125,294.390380859375,328.7185974121094,294.390380859375,322.47711181640625,22516729
2021-04-23,270.2560729980469,274.62567138671875,294.390380859375,274.62567138671875,294.390380859375,31188694
2021-04-26,252.85321044921875,256.9414367675781,276.7061767578125,255.90118408203125,274.62567138671875,13129551
2021-04-27,272.303466796875,276.7061767578125,287.108642578125,240.29745483398438,256.9414367675781,30690736
2021-04-28,263.0902099609375,267.34393310546875,287.108642578125,266.3036804199219,285.0281677246094,9972134
2021-04-29,260.01910400390625,264.2231750488281,275.6659240722656,257.981689453125,268.3841857910156,13451590
2021-04-30,266.1612548828125,270.46466064453125,275.6659240722656,257.981689453125,264.2231750488281,13636161
2021-05-03,257.9716796875,262.1426696777344,276.7061767578125,251.7401885986328,270.46466064453125,16536429
2021-05-04,267.1849670410156,271.5049133300781,278.7866516113281,262.1426696777344,263.18292236328125,22398969
2021-05-05,274.3508605957031,278.7866516113281,288.1488952636719,273.5854187011719,273.5854187011719,20677746
2021-05-06,274.3508605957031,278.7866516113281,282.9476623535156,269.4244384765625,278.7866516113281,7353529
2021-05-07,268.20867919921875,272.545166015625,285.0281677246094,271.5049133300781,282.9476623535156,9213661
2021-05-10,263.0902099609375,267.34393310546875,278.7866516113281,266.3036804199219,271.5049133300781,7296812
2021-05-11,265.1376037597656,269.4244384765625,276.7061767578125,266.3036804199219,267.34393310546875,8286479
2021-05-17,246.71104431152344,250.699951171875,276.7061767578125,250.699951171875,270.46466064453125,12296097
2021-05-18,230.33187866210938,234.05596923828125,250.699951171875,234.05596923828125,250.699951171875,14472980
2021-05-19,218.04751586914062,221.57298278808594,234.05596923828125,220.53273010253906,234.05596923828125,6954105
2021-05-20,212.92901611328125,216.37173461914062,227.81446838378906,209.08999633789062,227.81446838378906,4062489
2021-05-21,266.1612548828125,270.46466064453125,270.46466064453125,216.37173461914062,216.37173461914062,40715261
2021-05-24,280.4930419921875,285.0281677246094,301.6721496582031,253.82069396972656,279.826904296875,59147872
2021-05-25,267.1849670410156,271.5049133300781,291.2696533203125,267.34393310546875,285.0281677246094,16756569
2021-05-27,268.20867919921875,272.545166015625,287.108642578125,268.3841857910156,271.5049133300781,8444614
2021-05-28,268.20867919921875,272.545166015625,282.9476623535156,266.3036804199219,274.62567138671875,23383830
2021-05-31,278.4456481933594,282.9476623535156,287.108642578125,263.18292236328125,275.6659240722656,15926479
2021-06-02,270.2560729980469,274.62567138671875,287.108642578125,270.46466064453125,285.0281677246094,8356174
2021-06-03,268.20867919921875,272.545166015625,276.7061767578125,266.3036804199219,275.6659240722656,6303300
2021-06-04,264.1138916015625,268.3841857910156,274.62567138671875,267.34393310546875,272.545166015625,4396544
2021-06-07,276.39825439453125,280.8671569824219,300.63189697265625,267.34393310546875,268.3841857910156,43069025
2021-06-08,293.8011169433594,298.5513916015625,323.5173645019531,282.9476623535156,282.9476623535156,70481699
2021-06-09,317.34613037109375,322.47711181640625,323.5173645019531,298.5513916015625,301.6721496582031,39730401
2021-06-10,396.17083740234375,402.5762634277344,402.5762634277344,326.6380920410156,326.6380920410156,107029689
2021-06-11,407.4315185546875,414.0190124511719,478.5144348144531,382.8115234375,418.17999267578125,99500240
2021-06-14,399.241943359375,405.697021484375,445.2264709472656,403.61651611328125,415.0592346191406,20298029
2021-06-15,371.6020812988281,377.61029052734375,424.4214782714844,377.61029052734375,409.8580017089844,17568394
2021-06-16,346.0096435546875,351.60406494140625,373.4493103027344,351.60406494140625,364.0870666503906,20772435
2021-06-17,366.4836120605469,372.4090576171875,378.6505432128906,327.6783447265625,332.8796081542969,39984667
2021-06-18,384.91015625,391.1335144042969,436.90447998046875,360.96630859375,374.48956298828125,73324289
2021-06-21,481.1376953125,488.9169006347656,488.9169006347656,391.1335144042969,395.2945251464844,248745793
2021-06-22,474.9955139160156,482.6754150390625,549.2513427734375,455.6289367675781,520.1243896484375,132112151
2021-06-23,532.322509765625,540.9293212890625,543.0098266601562,482.6754150390625,509.7218933105469,75559331
2021-06-24,665.4031982421875,676.1616821289062,676.1616821289062,543.0098266601562,543.0098266601562,193460459
2021-06-25,657.2136840820312,667.8397216796875,757.3010864257812,651.1957397460938,694.8861694335938,162871140
2021-06-28,612.1708984375,622.0687255859375,678.2421875,622.0687255859375,669.920166015625,19954842
2021-06-29,571.2230834960938,580.4588012695312,588.78076171875,580.4588012695312,588.78076171875,5404476
2021-06-30,661.3084106445312,672.0006713867188,674.0811767578125,540.9293212890625,559.65380859375,127255140
2021-07-01,646.9766235351562,657.4371948242188,721.9326171875,647.0347290039062,672.0006713867188,62860445
2021-07-02,708.3984985351562,719.8521118164062,728.1741333007812,657.4371948242188,659.5177001953125,68369224
2021-07-05,884.4744262695312,898.77490234375,898.77490234375,726.0936279296875,726.0936279296875,165922814
2021-07-06,1023.697265625,1040.248779296875,1092.26123046875,915.4188842773438,915.4188842773438,154345776
2021-07-07,954.0858154296875,969.5118408203125,1061.0537109375,967.4313354492188,1040.248779296875,68003446
2021-07-08,956.1332397460938,971.5923461914062,1038.168212890625,902.9359130859375,969.5118408203125,52185595
2021-07-09,1189.09765625,1208.3233642578125,1208.3233642578125,970.5745239257812,970.5745239257812,1251499
2021-07-12,1486.3719482421875,1510.4041748046875,1510.4041748046875,1370.5518798828125,1370.5518798828125,22922407
2021-07-13,1772.63623046875,1801.296875,1868.4259033203125,1616.69189453125,1616.69189453125,43005747
2021-07-14,1651.5244140625,1678.226806640625,2086.595458984375,1678.226806640625,1823.6732177734375,29642357
2021-07-15,1535.917724609375,1560.7509765625,1560.7509765625,1560.7509765625,1560.7509765625,1899683
2021-07-16,1497.382080078125,1521.59228515625,1717.385498046875,1454.4632568359375,1454.4632568359375,171130976
2021-07-19,1425.8160400390625,1448.869140625,1555.1568603515625,1432.0869140625,1499.2159423828125,46951519
2021-07-21,1535.917724609375,1560.7509765625,1611.0977783203125,1381.7401123046875,1454.4632568359375,86950700
2021-07-22,1464.3516845703125,1488.02783203125,1667.0386962890625,1454.4632568359375,1577.533203125,77862715
2021-07-23,1442.331298828125,1465.6514892578125,1543.96875,1432.0869140625,1488.02783203125,25508172
2021-07-26,1502.88720703125,1527.1864013671875,1577.533203125,1482.4337158203125,1488.02783203125,33666604
2021-07-27,1497.382080078125,1521.59228515625,1555.1568603515625,1482.4337158203125,1543.96875,16486865
2021-07-28,1497.382080078125,1521.59228515625,1571.939208984375,1510.4041748046875,1538.3746337890625,22596885
2021-07-29,1491.8770751953125,1515.998291015625,1549.562744140625,1482.4337158203125,1527.1864013671875,17737470
2021-07-30,1497.382080078125,1521.59228515625,1599.9095458984375,1510.4041748046875,1538.3746337890625,36433453
2021-08-02,1480.8668212890625,1504.81005859375,1543.96875,1493.6219482421875,1521.59228515625,16329020
2021-08-03,1486.3719482421875,1510.4041748046875,1538.3746337890625,1493.6219482421875,1515.998291015625,16797192
2021-08-04,1706.5751953125,1734.167724609375,1767.7322998046875,1510.4041748046875,1521.59228515625,111583663
2021-08-05,1618.4940185546875,1644.662353515625,1790.108642578125,1616.69189453125,1762.13818359375,62130932
2021-08-06,1601.9786376953125,1627.8800048828125,1706.197265625,1594.3155517578125,1644.662353515625,25589865
2021-08-09,1513.8973388671875,1538.3746337890625,1667.0386962890625,1521.59228515625,1616.69189453125,24629566
2021-08-10,1409.30078125,1432.0869140625,1571.939208984375,1432.0869140625,1510.4041748046875,31683082
2021-08-12,1392.78564453125,1415.3046875,1493.6219482421875,1342.58154296875,1409.7105712890625,14498516
2021-08-13,1376.270263671875,1398.5223388671875,1448.869140625,1376.14599609375,1415.3046875,6873147
2021-08-16,1293.6942138671875,1314.611083984375,1409.7105712890625,1303.4228515625,1409.7105712890625,18240501
2021-08-18,1205.61279296875,1225.1055908203125,1314.611083984375,1225.1055908203125,1314.611083984375,17385134
2021-08-19,1150.56201171875,1169.1646728515625,1286.640625,1141.1942138671875,1208.3233642578125,14041784
2021-08-20,1249.6534423828125,1269.8582763671875,1348.175537109375,1130.006103515625,1174.7587890625,17321138
2021-08-23,1277.1788330078125,1297.8287353515625,1342.58154296875,1253.0760498046875,1286.640625,11608680
2021-08-24,1293.6942138671875,1314.611083984375,1331.393310546875,1281.0465087890625,1297.8287353515625,4808825
2021-08-25,1288.1890869140625,1309.0169677734375,1398.5223388671875,1297.8287353515625,1336.9874267578125,12357328
2021-08-26,1266.168701171875,1286.640625,1320.205078125,1258.670166015625,1314.611083984375,5820786
2021-08-27,1227.6331787109375,1247.48193359375,1309.0169677734375,1230.69970703125,1286.640625,4102544
2021-08-30,1216.623046875,1236.2938232421875,1286.640625,1213.91748046875,1247.48193359375,3467945
2021-08-31,1238.643310546875,1258.670166015625,1258.670166015625,1219.511474609375,1236.2938232421875,3221435
2021-09-01,1222.1280517578125,1241.8878173828125,1292.234619140625,1241.8878173828125,1269.8582763671875,3644203
2021-09-02,1194.6026611328125,1213.91748046875,1253.0760498046875,1213.91748046875,1241.8878173828125,3543740
2021-09-03,1205.61279296875,1225.1055908203125,1241.8878173828125,1163.570556640625,1219.511474609375,4667604
2021-09-06,1200.107666015625,1219.511474609375,1258.670166015625,1219.511474609375,1247.48193359375,3661364
2021-09-07,1189.09765625,1208.3233642578125,1230.69970703125,1202.729248046875,1219.511474609375,2946145
2021-09-08,1167.0772705078125,1185.947021484375,1219.511474609375,1185.947021484375,1208.3233642578125,2576648
2021-09-09,1249.6534423828125,1269.8582763671875,1303.4228515625,1202.729248046875,1202.729248046875,14799906
2021-09-10,1557.93798828125,1583.1273193359375,1583.1273193359375,1269.8582763671875,1275.452392578125,84970753
2021-09-13,1943.293701171875,1974.713623046875,1974.713623046875,1661.444580078125,1678.226806640625,71272366
2021-09-14,2047.89013671875,2081.001220703125,2455.80517578125,1985.9017333984375,2125.75390625,128484715
2021-09-15,1910.26318359375,1941.1490478515625,2097.783447265625,1935.554931640625,2075.4072265625,39476844
2021-09-16,1992.8394775390625,2025.0604248046875,2232.041748046875,1941.1490478515625,1941.1490478515625,30821995
2021-09-17,1981.8292236328125,2013.8721923828125,2086.595458984375,1974.713623046875,2030.654541015625,10057400
2021-09-20,1954.3038330078125,1985.9017333984375,2053.03076171875,1963.525390625,2019.46630859375,8582272
2021-09-21,1926.7784423828125,1957.9312744140625,2008.278076171875,1929.9609375,1985.9017333984375,8293574
2021-09-22,2064.405517578125,2097.783447265625,2209.665283203125,1963.525390625,1974.713623046875,30165409
2021-09-23,2119.456298828125,2153.724365234375,2181.69482421875,2075.4072265625,2103.377685546875,12240419
2021-09-24,2207.53759765625,2243.22998046875,2293.57666015625,2108.9716796875,2176.100830078125,30355252
2021-09-27,2130.466552734375,2164.91259765625,2254.41796875,2136.942138671875,2226.447509765625,11753476
2021-09-28,2042.38525390625,2075.4072265625,2164.91259765625,2075.4072265625,2164.91259765625,7692047
2021-09-29,2075.41552734375,2108.9716796875,2159.318603515625,2013.8721923828125,2069.813232421875,4440937
2021-09-30,2064.405517578125,2097.783447265625,2159.318603515625,2097.783447265625,2120.159912109375,3916991
2021-10-01,2075.41552734375,2108.9716796875,2131.34814453125,2058.625,2097.783447265625,2764703
2021-10-04,2014.8597412109375,2047.436767578125,2125.75390625,2025.0604248046875,2125.75390625,6801285
2021-10-05,1970.8192138671875,2002.68408203125,2069.813232421875,1991.495849609375,2053.03076171875,6136119
2021-10-06,2020.36474609375,2053.03076171875,2114.56591796875,1974.713623046875,2002.68408203125,4677794
2021-10-07,2102.94091796875,2136.942138671875,2192.883056640625,2069.813232421875,2069.813232421875,10382386
2021-10-08,2091.930908203125,2125.75390625,2192.883056640625,2086.595458984375,2136.942138671875,4928237
2021-10-11,2064.405517578125,2097.783447265625,2153.724365234375,2058.625,2125.75390625,6133616
2021-10-12,2317.63916015625,2355.111572265625,2461.3994140625,2086.595458984375,2097.783447265625,29929803
2021-10-13,2345.16455078125,2383.08203125,2517.34033203125,2304.764892578125,2422.24072265625,18272678
2021-10-14,2697.48974609375,2741.103759765625,2797.044677734375,2355.111572265625,2355.111572265625,22648904
2021-10-15,2697.48974609375,2741.103759765625,2852.985595703125,2673.974853515625,2769.07421875,14721609
2021-10-18,2526.832275390625,2567.68701171875,2741.103759765625,2550.90478515625,2741.103759765625,14133488
2021-10-19,2658.954345703125,2701.9453125,2701.9453125,2422.24072265625,2567.68701171875,14308494
2021-10-21,3316.8115234375,3370.43896484375,3370.43896484375,2724.321533203125,2741.103759765625,33441724
2021-10-22,3096.608154296875,3146.67529296875,3692.09912109375,3146.67529296875,3552.246826171875,22481585
2021-10-25,3206.7099609375,3258.55712890625,3412.39453125,3146.67529296875,3146.67529296875,9068857
2021-10-26,3344.3369140625,3398.409423828125,3552.246826171875,3188.631103515625,3300.5126953125,11899166
2021-10-27,3289.2861328125,3342.468505859375,3468.33544921875,3300.5126953125,3440.364990234375,4123280
2021-10-28,3275.5234375,3328.483154296875,3510.291259765625,3300.5126953125,3342.468505859375,5084831
2021-10-29,3303.048828125,3356.45361328125,3398.409423828125,3300.5126953125,3328.483154296875,3497441
2021-11-01,3247.997802734375,3300.5126953125,3398.409423828125,3300.5126953125,3370.43896484375,2426310
2021-11-02,3275.5234375,3328.483154296875,3412.39453125,3300.5126953125,3300.5126953125,2720549
2021-11-03,3592.0654296875,3650.143310546875,3803.98095703125,3300.5126953125,3328.483154296875,18358304
2021-11-04,3853.556884765625,3915.862548828125,4013.75927734375,3608.187744140625,3678.11376953125,19086930
2021-11-05,3798.50634765625,3859.921875,4013.75927734375,3803.98095703125,3929.847900390625,8821274
2021-11-08,4183.86181640625,4251.5078125,4447.30126953125,3859.921875,3859.921875,17133619
2021-11-09,4197.62451171875,4265.4931640625,4461.28662109375,4153.611328125,4293.4638671875,10950664
2021-11-10,4156.33642578125,4223.53759765625,4405.345703125,4195.56689453125,4279.478515625,6029220
2021-11-11,4197.62451171875,4265.4931640625,4335.41943359375,4223.53759765625,4223.53759765625,2477436
2021-11-12,4197.62451171875,4265.4931640625,4363.3896484375,4237.52294921875,4265.4931640625,3852101
2021-11-15,4266.43798828125,4335.41943359375,4531.21240234375,4251.5078125,4279.478515625,13083987
2021-11-16,4335.251953125,4405.345703125,4461.28662109375,4279.478515625,4349.40478515625,4388202
2021-11-17,4390.302734375,4461.28662109375,4573.16796875,4391.3603515625,4405.345703125,6791811
2021-11-18,4307.72607421875,4377.375,4475.271484375,4363.3896484375,4475.271484375,4321167
2021-11-19,4417.82763671875,4489.2568359375,4629.10888671875,4377.375,4377.375,8195256
2021-11-22,4335.251953125,4405.345703125,4503.2421875,4377.375,4489.2568359375,3284180
2021-11-23,4032.471923828125,4097.67041015625,4447.30126953125,4097.67041015625,4405.345703125,6224605
2021-11-24,3826.031494140625,3887.89208984375,4195.56689453125,3817.966064453125,3859.921875,18192594
2021-11-25,3605.828369140625,3664.128662109375,3971.803466796875,3622.1728515625,3887.89208984375,23151935
2021-11-26,3537.0146484375,3594.202392578125,3762.025146484375,3510.291259765625,3664.128662109375,7299847
2021-11-29,3743.455322265625,3803.98095703125,3845.9365234375,3510.291259765625,3594.202392578125,8737436
2021-11-30,3798.50634765625,3859.921875,4167.5966796875,3678.11376953125,3831.951416015625,20903133
2021-12-01,3826.031494140625,3887.89208984375,3985.788818359375,3748.0400390625,3859.921875,4003689
2021-12-02,3757.218017578125,3817.966064453125,3943.8330078125,3803.98095703125,3859.921875,8901180
2021-12-03,3688.404541015625,3748.0400390625,3887.89208984375,3748.0400390625,3859.921875,3101130
2021-12-06,3826.031494140625,3887.89208984375,3957.818359375,3692.09912109375,3748.0400390625,4673682
2021-12-07,4238.91259765625,4307.44873046875,4461.28662109375,3859.921875,3915.862548828125,21175385
2021-12-08,4225.14990234375,4293.4638671875,4503.2421875,4195.56689453125,3915.862548828125,9993583
2021-12-09,4225.14990234375,4293.4638671875,4391.3603515625,4265.4931640625,4307.44873046875,3008711
2021-12-10,4390.302734375,4461.28662109375,4503.2421875,4293.4638671875,4307.44873046875,8895996
2021-12-13,4335.251953125,4405.345703125,4545.19775390625,4293.4638671875,4461.28662109375,7268743
2021-12-14,4059.99755859375,4125.64111328125,4461.28662109375,4097.67041015625,4461.28662109375,12883776
2021-12-15,3826.031494140625,3887.89208984375,4153.611328125,3887.89208984375,4125.64111328125,9002001
2021-12-16,3977.42138671875,4041.729736328125,4097.67041015625,3622.1728515625,3859.921875,17999354
2021-12-17,3977.42138671875,4041.729736328125,4083.685302734375,3929.847900390625,4055.71484375,2992265
2021-12-20,3770.98095703125,3831.951416015625,4027.744384765625,3817.966064453125,4027.744384765625,4308118
2021-12-21,3853.556884765625,3915.862548828125,3929.847900390625,3803.98095703125,3831.951416015625,2366962
2021-12-22,3784.743408203125,3845.9365234375,3957.818359375,3831.951416015625,3929.847900390625,2502998
2021-12-23,3674.641845703125,3734.0546875,3901.87744140625,3692.09912109375,3845.9365234375,4544618
2021-12-24,3812.268798828125,3873.906982421875,3971.803466796875,3734.0546875,3734.0546875,2966702
2021-12-27,3812.268798828125,3873.906982421875,3957.818359375,3859.921875,3915.862548828125,7567451
2021-12-28,3894.84521484375,3957.818359375,4111.65576171875,3873.906982421875,3873.906982421875,5502057
2021-12-29,3867.319580078125,3929.847900390625,3999.77392578125,3887.89208984375,3985.788818359375,1702511
2021-12-30,3894.84521484375,3957.818359375,3971.803466796875,3845.9365234375,3957.818359375,2999594
2022-01-03,4349.01416015625,4419.33056640625,4419.33056640625,3957.818359375,3957.818359375,15821877
2022-01-04,4844.4716796875,4922.798828125,4992.72509765625,4475.271484375,4559.18310546875,28203696
2022-01-05,5339.9287109375,5426.2666015625,5594.08935546875,4922.798828125,4922.798828125,42198824
2022-01-06,5367.45458984375,5454.2373046875,5622.06005859375,5146.5625,5482.20751953125,22033076
2022-01-07,5587.65771484375,5678.0009765625,5733.94189453125,5370.326171875,5482.20751953125,30229762
2022-01-10,6691.8046875,6800.0,6800.0,5700.0,5700.0,36388400
2022-01-11,7183.84912109375,7300.0,8100.0,7000.0,7000.0,41368500
2022-01-12,6691.8046875,6800.0,7725.0,6800.0,7300.0,24411900
2022-01-13,6371.9755859375,6475.0,6825.0,6325.0,6800.0,22605500
2022-01-14,5929.1357421875,6025.0,6725.0,6025.0,6450.0,26890800
2022-01-17,5535.5,5625.0,6050.0,5625.0,6025.0,14208400
2022-01-18,5781.5224609375,5875.0,5875.0,5250.0,5650.0,39834700
2022-01-19,5658.51123046875,5750.0,6225.0,5700.0,6100.0,28738700
2022-01-20,5437.09130859375,5525.0,5800.0,5500.0,5750.0,13259500
2022-01-21,6002.9423828125,6100.0,6125.0,5525.0,5550.0,21799200
2022-01-24,5830.7265625,5925.0,6300.0,5800.0,6300.0,17982900
2022-01-25,5560.10205078125,5650.0,5950.0,5600.0,5950.0,8881700
2022-01-26,5609.306640625,5700.0,5825.0,5600.0,5625.0,5304500
2022-01-27,5560.10205078125,5650.0,5975.0,5625.0,5700.0,11153400
2022-01-28,5461.693359375,5550.0,5725.0,5525.0,5700.0,6178500
2022-01-31,5510.89794921875,5600.0,5750.0,5275.0,5550.0,9220000
2022-02-02,5658.51123046875,5750.0,5875.0,5600.0,5650.0,8718400
2022-02-03,5535.5,5625.0,5800.0,5625.0,5775.0,4022100
2022-02-04,5510.89794921875,5600.0,5700.0,5600.0,5650.0,3813000
2022-02-07,5412.48876953125,5500.0,5650.0,5425.0,5600.0,7505000
2022-02-08,5486.29541015625,5575.0,5800.0,5425.0,5525.0,8219200
2022-02-09,5437.09130859375,5525.0,5650.0,5475.0,5600.0,7129900
2022-02-10,5560.10205078125,5650.0,5650.0,5475.0,5525.0,6922800
2022-02-11,5560.10205078125,5650.0,5750.0,5525.0,5750.0,3989300
2022-02-14,5461.693359375,5550.0,5675.0,5500.0,5650.0,3430600
2022-02-15,5461.693359375,5550.0,5625.0,5525.0,5550.0,2996800
2022-02-16,5437.09130859375,5525.0,5600.0,5525.0,5575.0,2314600
2022-02-17,5412.48876953125,5500.0,5600.0,5475.0,5525.0,4047600
2022-02-18,5732.31787109375,5825.0,5900.0,5400.0,5500.0,12781200
2022-02-21,5658.51123046875,5750.0,6050.0,5700.0,5825.0,13146400
2022-02-22,5486.29541015625,5575.0,5800.0,5550.0,5750.0,4662600
2022-02-23,5609.306640625,5700.0,5750.0,5525.0,5575.0,5067200
2022-02-24,5240.2734375,5325.0,5725.0,5325.0,5700.0,13848000
2022-02-25,5363.28466796875,5450.0,5550.0,5075.0,5550.0,9042600
2022-03-01,5510.89794921875,5600.0,5700.0,5450.0,5450.0,6940600
2022-03-02,5486.29541015625,5575.0,5675.0,5450.0,5600.0,5512700
2022-03-04,5412.48876953125,5500.0,5600.0,5475.0,5575.0,3330800
2022-03-07,5215.67138671875,5300.0,5550.0,5275.0,5450.0,6120800
2022-03-08,5043.45556640625,5125.0,5400.0,5125.0,5300.0,8260500
2022-03-09,4945.046875,5025.0,5225.0,4770.0,5150.0,11066400
2022-03-10,4920.4443359375,5000.0,5100.0,4820.0,5050.0,3886700
2022-03-11,4900.7626953125,4980.0,5050.0,4910.0,4990.0,4139000
2022-03-14,4861.39892578125,4940.0,5000.0,4880.0,4980.0,2431700
2022-03-15,4900.7626953125,4980.0,5175.0,4940.0,4940.0,7812800
2022-03-16,5166.466796875,5250.0,5350.0,4990.0,5025.0,4094000
2022-03-17,5068.0576171875,5150.0,5325.0,5125.0,5275.0,2146500
2022-03-18,5338.68212890625,5425.0,5450.0,4980.0,5150.0,6751000
2022-03-21,5289.47802734375,5375.0,5525.0,5325.0,5425.0,2250700
2022-03-22,5289.47802734375,5375.0,5425.0,5000.0,5000.0,1818300
2022-03-23,5092.66015625,5175.0,5400.0,5175.0,5375.0,1963600
2022-03-24,5018.853515625,5100.0,5250.0,5075.0,5200.0,1206400
2022-03-25,5117.26220703125,5200.0,5250.0,5050.0,5100.0,2297500
2022-03-28,5215.67138671875,5300.0,5375.0,5150.0,5200.0,3533000
2022-03-29,5437.09130859375,5525.0,5650.0,5250.0,5325.0,9913200
2022-03-30,5683.11328125,5775.0,5800.0,5525.0,5550.0,13899600
2022-03-31,5683.11328125,5775.0,5875.0,5650.0,5800.0,6410800
2022-04-01,5584.70458984375,5675.0,5825.0,5575.0,5775.0,3254000
2022-04-04,5412.48876953125,5500.0,5725.0,5500.0,5700.0,2522600
2022-04-05,5584.70458984375,5675.0,5675.0,5400.0,5500.0,3883700
2022-04-06,5412.48876953125,5500.0,5750.0,5500.0,5675.0,5757600
2022-04-07,5929.1357421875,6025.0,6025.0,5525.0,5525.0,18660600
2022-04-08,5904.533203125,6000.0,6175.0,5850.0,6025.0,14612400
2022-04-11,5609.306640625,5700.0,6000.0,5700.0,6000.0,9784000
2022-04-12,5806.12451171875,5900.0,6025.0,5700.0,5750.0,11056300
2022-04-13,5781.5224609375,5875.0,6000.0,5850.0,5950.0,7756600
2022-04-14,5879.93115234375,5975.0,6050.0,5850.0,5925.0,7804100
2022-04-18,5806.12451171875,5900.0,6050.0,5850.0,6000.0,3345100
2022-04-19,5855.3291015625,5950.0,5950.0,5825.0,5925.0,3346500
2022-04-20,6248.96435546875,6350.0,6350.0,5875.0,5950.0,20871100
2022-04-21,6199.76025390625,6300.0,6575.0,6200.0,6375.0,14041700
2022-04-22,6199.76025390625,6300.0,6400.0,6125.0,6275.0,6908500
2022-04-25,6396.57763671875,6500.0,6675.0,6150.0,6300.0,9919400
2022-04-26,6322.77099609375,6425.0,6650.0,6400.0,6525.0,4379300
2022-04-27,6248.96435546875,6350.0,6525.0,6250.0,6400.0,4771600
2022-04-28,6396.57763671875,6500.0,6650.0,6325.0,6325.0,4703100
2022-05-09,5953.73779296875,6050.0,6500.0,6050.0,6500.0,12515300
2022-05-10,5904.533203125,6000.0,6000.0,5650.0,5975.0,12179400
2022-05-11,6002.9423828125,6100.0,6200.0,5900.0,6200.0,3938700
2022-05-12,6002.9423828125,6100.0,6450.0,5950.0,6100.0,11037400
2022-05-13,5584.70458984375,5675.0,6200.0,5675.0,6200.0,13512700
2022-05-17,5215.67138671875,5300.0,5650.0,5300.0,5650.0,2980300
2022-05-18,4861.39892578125,4940.0,5150.0,4930.0,5075.0,38672400
2022-05-19,4945.046875,5025.0,5200.0,4630.0,4880.0,14731400
2022-05-20,4969.64892578125,5050.0,5550.0,5025.0,5100.0,17116000
2022-05-23,4753.1494140625,4830.0,5200.0,4830.0,5100.0,8382400
2022-05-24,4753.1494140625,4830.0,4960.0,4780.0,4930.0,3219400
2022-05-25,4694.10400390625,4770.0,4920.0,4750.0,4840.0,3320000
2022-05-27,4713.78564453125,4790.0,4930.0,4770.0,4780.0,3257300
2022-05-30,4576.01318359375,4650.0,4860.0,4650.0,4800.0,4027000
2022-05-31,4329.9912109375,4400.0,4660.0,4330.0,4650.0,15848900
2022-06-02,4379.19580078125,4450.0,4550.0,4200.0,4400.0,9113900
2022-06-03,4329.9912109375,4400.0,4580.0,4350.0,4530.0,4835100
2022-06-06,4034.764404296875,4100.0,4450.0,4100.0,4400.0,8390900
2022-06-07,3759.219482421875,3820.0,4100.0,3820.0,4100.0,2801300
2022-06-08,3788.7421875,3850.0,3990.0,3560.0,3600.0,18706600
2022-06-09,3877.310302734375,3940.0,4100.0,3850.0,3850.0,7204700
2022-06-10,3611.606201171875,3670.0,4000.0,3670.0,3960.0,12000800
2022-06-13,3365.583984375,3420.0,3600.0,3420.0,3600.0,3805400
2022-06-14,3149.08447265625,3200.0,3390.0,3190.0,3330.0,15049300
2022-06-15,3641.12890625,3700.0,3840.0,3200.0,3200.0,20626800
2022-06-16,3690.333251953125,3750.0,3960.0,3620.0,3700.0,10105300
2022-06-17,3847.78759765625,3910.0,3940.0,3650.0,3650.0,12545100
2022-06-20,3867.469482421875,3930.0,3980.0,3860.0,3910.0,3996600
2022-06-21,3887.151123046875,3950.0,3980.0,3840.0,3950.0,2956200
2022-06-22,3818.264892578125,3880.0,3970.0,3870.0,3960.0,3058000
2022-06-23,3818.264892578125,3880.0,3900.0,3750.0,3900.0,1961000
2022-06-24,3857.62841796875,3920.0,3950.0,3810.0,3900.0,2640800
2022-06-27,3995.40087890625,4060.0,4300.0,3890.0,3930.0,6080100
2022-06-28,3936.35546875,4000.0,4140.0,3930.0,4110.0,2700400
2022-06-29,3896.991943359375,3960.0,4080.0,3930.0,4000.0,3157900
2022-06-30,3739.537841796875,3800.0,4010.0,3800.0,3930.0,2118200
2022-07-01,3542.719970703125,3600.0,3800.0,3600.0,3800.0,1799200
2022-07-04,3562.40185546875,3620.0,3800.0,3520.0,3570.0,3602100
2022-07-05,3572.24267578125,3630.0,3720.0,3630.0,3650.0,914400
2022-07-06,3562.40185546875,3620.0,3650.0,3500.0,3630.0,1338500
2022-07-07,3542.719970703125,3600.0,3670.0,3560.0,3630.0,509000
2022-07-08,3611.606201171875,3670.0,3690.0,3580.0,3610.0,1245200
2022-07-11,3611.606201171875,3670.0,3750.0,3600.0,3700.0,881900
2022-07-12,3513.197265625,3570.0,3700.0,3570.0,3670.0,1768600
2022-07-13,3375.4248046875,3430.0,3600.0,3400.0,3570.0,1670100
2022-07-14,3395.106689453125,3450.0,3480.0,3380.0,3430.0,836200
2022-07-15,3355.7431640625,3410.0,3540.0,3410.0,3470.0,1312300
2022-07-18,3375.4248046875,3430.0,3450.0,3400.0,3410.0,560800
2022-07-19,3404.947509765625,3460.0,3490.0,3420.0,3460.0,607500
2022-07-20,3424.62939453125,3480.0,3520.0,3440.0,3490.0,2303900
2022-07-21,3463.992919921875,3520.0,3550.0,3480.0,3490.0,1522100
2022-07-22,3473.833740234375,3530.0,3630.0,3520.0,3520.0,1673500
2022-07-25,3434.47021484375,3490.0,3590.0,3480.0,3540.0,1398900
2022-07-26,3395.106689453125,3450.0,3540.0,3450.0,3500.0,919700
2022-07-27,3296.69775390625,3350.0,3500.0,3300.0,3480.0,2437300
2022-07-28,3493.515625,3550.0,3550.0,3360.0,3380.0,3034100
2022-07-29,3473.833740234375,3530.0,3590.0,3500.0,3590.0,1410800
2022-08-01,3611.606201171875,3670.0,3770.0,3560.0,3600.0,3771200
2022-08-02,3532.879150390625,3590.0,3750.0,3580.0,3680.0,3026600
2022-08-03,3562.40185546875,3620.0,3670.0,3570.0,3610.0,1793000
2022-08-04,3562.40185546875,3620.0,3700.0,3570.0,3650.0,1978300
2022-08-05,3788.7421875,3850.0,4020.0,3630.0,3650.0,8740700
2022-08-08,3749.378662109375,3810.0,3920.0,3770.0,3870.0,3260000
2022-08-09,3710.01513671875,3770.0,3880.0,3730.0,3830.0,1995100
2022-08-10,3680.492431640625,3740.0,3840.0,3720.0,3770.0,1534100
2022-08-11,3749.378662109375,3810.0,3840.0,3750.0,3770.0,1830500
2022-08-12,3710.01513671875,3770.0,3840.0,3770.0,3820.0,776700
2022-08-15,3572.24267578125,3630.0,3840.0,3600.0,3770.0,3890400
2022-08-16,3473.833740234375,3530.0,3670.0,3490.0,3670.0,3508400
2022-08-18,3463.992919921875,3520.0,3600.0,3510.0,3530.0,1015300
2022-08-19,3493.515625,3550.0,3600.0,3520.0,3530.0,882900
2022-08-22,3424.62939453125,3480.0,3570.0,3460.0,3560.0,1184000
2022-08-23,3463.992919921875,3520.0,3530.0,3480.0,3480.0,483800
2022-08-24,3483.6748046875,3540.0,3550.0,3490.0,3550.0,761400
2022-08-25,3444.31103515625,3500.0,3550.0,3480.0,3550.0,586600
2022-08-26,3395.106689453125,3450.0,3520.0,3380.0,3520.0,2243500
2022-08-29,3257.334228515625,3310.0,3410.0,3210.0,3410.0,5584100
2022-08-30,3345.90234375,3400.0,3450.0,3310.0,3330.0,2540400
2022-08-31,3306.53857421875,3360.0,3400.0,3330.0,3390.0,1172800
2022-09-01,3296.69775390625,3350.0,3400.0,3350.0,3360.0,681500
2022-09-02,3247.493408203125,3300.0,3380.0,3300.0,3380.0,910000
2022-09-05,3198.288818359375,3250.0,3340.0,3240.0,3300.0,1529400
2022-09-06,3158.92529296875,3210.0,3270.0,3210.0,3250.0,1274000
2022-09-07,3149.08447265625,3200.0,3250.0,3190.0,3240.0,1394500
2022-09-08,3090.0390625,3140.0,3250.0,3100.0,3210.0,3041300
2022-09-09,2981.789306640625,3030.0,3160.0,3000.0,3150.0,2403800
2022-09-12,2981.789306640625,3030.0,3060.0,3010.0,3030.0,1343600
2022-09-13,3050.675537109375,3100.0,3150.0,3020.0,3030.0,1985700
2022-09-14,3050.675537109375,3100.0,3100.0,3030.0,3050.0,774500
2022-09-15,2981.789306640625,3030.0,3100.0,3030.0,3100.0,1031600
2022-09-16,2814.494140625,2860.0,3050.0,2850.0,3030.0,5254700
2022-09-19,2617.676513671875,2660.0,2880.0,2660.0,2860.0,4395200
2022-09-20,2440.54052734375,2480.0,2700.0,2480.0,2660.0,7280400
2022-09-21,2332.290771484375,2370.0,2490.0,2310.0,2480.0,8899900
2022-09-22,2332.290771484375,2370.0,2400.0,2320.0,2370.0,2306100
2022-09-23,2420.858642578125,2460.0,2550.0,2370.0,2380.0,4932600
2022-09-26,2283.086181640625,2320.0,2500.0,2310.0,2500.0,3781400
2022-09-27,2253.5634765625,2290.0,2370.0,2220.0,2320.0,1497400
2022-09-28,2224.041015625,2260.0,2340.0,2220.0,2290.0,1463600
2022-09-29,2224.041015625,2260.0,2300.0,2190.0,2260.0,1882400
2022-09-30,2076.427490234375,2110.0,2280.0,2110.0,2260.0,5788000
2022-10-03,1968.177734375,2000.0,2150.0,1980.0,2110.0,3114300
2022-10-04,2007.5413818359375,2040.0,2090.0,2000.0,2000.0,2492400
2022-10-05,2076.427490234375,2110.0,2130.0,2040.0,2040.0,1887000
2022-10-06,2076.427490234375,2110.0,2160.0,2110.0,2120.0,1569800
2022-10-07,2027.22314453125,2060.0,2140.0,2050.0,2100.0,1191100
2022-10-10,1963.25732421875,1995.0,2080.0,1985.0,2040.0,1264000
2022-10-11,1918.973388671875,1950.0,2070.0,1920.0,1995.0,2979100
2022-10-12,1869.7689208984375,1900.0,2000.0,1900.0,1950.0,2532800
2022-10-13,1771.3599853515625,1800.0,1960.0,1800.0,1890.0,3626000
2022-10-14,1648.348876953125,1675.0,1830.0,1675.0,1810.0,6523700
2022-10-17,1535.1787109375,1560.0,1675.0,1560.0,1675.0,6319200
2022-10-18,1918.973388671875,1950.0,1950.0,1455.0,1550.0,15370900
2022-10-19,2204.359130859375,2240.0,2390.0,1960.0,1970.0,21478600
2022-10-20,2233.8818359375,2270.0,2500.0,2240.0,2250.0,15021100
2022-10-21,2233.8818359375,2270.0,2390.0,2270.0,2290.0,4806100
2022-10-24,2499.585693359375,2540.0,2570.0,2270.0,2280.0,16965100
2022-10-25,2391.3359375,2430.0,2610.0,2410.0,2550.0,12339100
2022-10-26,2243.72265625,2280.0,2470.0,2260.0,2400.0,6323600
2022-10-27,2263.404541015625,2300.0,2360.0,2270.0,2270.0,3773900
2022-10-28,2312.60888671875,2350.0,2420.0,2300.0,2400.0,4573400
2022-10-31,2263.404541015625,2300.0,2440.0,2300.0,2360.0,3192400
2022-11-01,2105.9501953125,2140.0,2340.0,2140.0,2300.0,3351000
2022-11-02,2096.109375,2130.0,2240.0,2110.0,2140.0,2206200
2022-11-03,2096.109375,2130.0,2170.0,2080.0,2130.0,1908100
2022-11-04,2145.313720703125,2180.0,2180.0,2070.0,2140.0,1374800
2022-11-07,2351.972412109375,2390.0,2450.0,2160.0,2180.0,10005900
2022-11-08,2273.245361328125,2310.0,2430.0,2300.0,2400.0,3475300
2022-11-09,2361.8134765625,2400.0,2440.0,2260.0,2310.0,5361000
2022-11-10,2322.44970703125,2360.0,2480.0,2350.0,2390.0,4936500
2022-11-11,2420.858642578125,2460.0,2580.0,2400.0,2440.0,21342800
2022-11-14,2371.654296875,2410.0,2520.0,2390.0,2520.0,5717600
2022-11-15,2391.3359375,2430.0,2480.0,2320.0,2410.0,7227800
2022-11-16,2401.177001953125,2440.0,2520.0,2400.0,2430.0,5997700
2022-11-17,2381.4951171875,2420.0,2490.0,2420.0,2450.0,2299400
2022-11-18,2332.290771484375,2370.0,2480.0,2370.0,2420.0,2523900
2022-11-21,2342.131591796875,2380.0,2480.0,2340.0,2370.0,4218900
2022-11-22,2312.60888671875,2350.0,2430.0,2330.0,2380.0,2044100
2022-11-23,2292.92724609375,2330.0,2390.0,2270.0,2340.0,3897500
2022-11-24,2253.5634765625,2290.0,2370.0,2270.0,2350.0,2598800
2022-11-25,2105.9501953125,2140.0,2320.0,2140.0,2300.0,4570500
2022-11-28,2115.791015625,2150.0,2240.0,2140.0,2140.0,2350100
2022-11-29,2105.9501953125,2140.0,2180.0,2130.0,2160.0,1007300
2022-11-30,2027.22314453125,2060.0,2180.0,2030.0,2140.0,2662300
2022-12-01,2027.22314453125,2060.0,2160.0,2060.0,2070.0,1613900
2022-12-02,2007.5413818359375,2040.0,2080.0,2010.0,2070.0,1029100
2022-12-05,1923.893798828125,1955.0,2070.0,1950.0,2040.0,2880200
2022-12-06,1850.087158203125,1880.0,1960.0,1820.0,1955.0,2441100
2022-12-07,1850.087158203125,1880.0,1910.0,1825.0,1885.0,989300
2022-12-08,1810.7236328125,1840.0,1910.0,1780.0,1880.0,967100
2022-12-09,1800.8826904296875,1830.0,1880.0,1780.0,1850.0,987200
2022-12-12,1751.67822265625,1780.0,1835.0,1775.0,1830.0,1037100
2022-12-13,1968.177734375,2000.0,2060.0,1775.0,1780.0,6605300
2022-12-14,1874.6893310546875,1905.0,2060.0,1880.0,2000.0,3239000
2022-12-15,1864.8485107421875,1895.0,1940.0,1835.0,1910.0,1500100
2022-12-16,1850.087158203125,1880.0,1935.0,1875.0,1895.0,1733500
2022-12-19,1800.8826904296875,1830.0,1920.0,1820.0,1900.0,1142100
2022-12-20,1746.7578125,1775.0,1845.0,1750.0,1830.0,1191800
2022-12-21,1761.5191650390625,1790.0,1805.0,1775.0,1775.0,701900
2022-12-22,1746.7578125,1775.0,1800.0,1765.0,1800.0,753000
2022-12-23,1746.7578125,1775.0,1790.0,1765.0,1775.0,443200
2022-12-26,1692.6329345703125,1720.0,1785.0,1715.0,1780.0,1316100
2022-12-27,1692.6329345703125,1720.0,1745.0,1720.0,1720.0,638400
2022-12-28,1746.7578125,1775.0,1800.0,1730.0,1730.0,1148200
2022-12-29,1756.5986328125,1785.0,1790.0,1760.0,1780.0,382400
2022-12-30,1736.9168701171875,1765.0,1840.0,1765.0,1785.0,1549400
2023-01-02,1746.7578125,1775.0,1795.0,1740.0,1775.0,413600
2023-01-03,1746.7578125,1775.0,1795.0,1760.0,1775.0,290600
2023-01-04,1731.9964599609375,1760.0,1795.0,1750.0,1775.0,333100
2023-01-05,1658.1898193359375,1685.0,1765.0,1665.0,1750.0,2065100
2023-01-06,1668.0306396484375,1695.0,1705.0,1640.0,1640.0,587500
2023-01-09,1682.7919921875,1710.0,1730.0,1700.0,1700.0,391800
2023-01-10,1618.8262939453125,1645.0,1720.0,1645.0,1710.0,660300
2023-01-11,1608.9853515625,1635.0,1665.0,1615.0,1645.0,451900
2023-01-12,1648.348876953125,1675.0,1720.0,1620.0,1640.0,982400
2023-01-13,1628.6671142578125,1655.0,1710.0,1650.0,1675.0,434400
2023-01-16,1643.428466796875,1670.0,1680.0,1655.0,1655.0,250000
2023-01-17,1663.1102294921875,1690.0,1705.0,1650.0,1680.0,531800
2023-01-18,1658.1898193359375,1685.0,1695.0,1660.0,1690.0,289500
2023-01-19,1672.951171875,1700.0,1715.0,1685.0,1685.0,637700
2023-01-20,1672.951171875,1700.0,1715.0,1680.0,1700.0,533400
2023-01-24,1692.6329345703125,1720.0,1750.0,1700.0,1700.0,475800
2023-01-25,1731.9964599609375,1760.0,1795.0,1700.0,1700.0,1177900
2023-01-26,1800.8826904296875,1830.0,1870.0,1760.0,1760.0,2453100
2023-01-27,1771.3599853515625,1800.0,1885.0,1795.0,1870.0,968700
2023-01-30,1756.5986328125,1785.0,1830.0,1785.0,1830.0,702200
2023-01-31,1746.7578125,1775.0,1820.0,1775.0,1790.0,389100
2023-02-01,1687.71240234375,1715.0,1795.0,1700.0,1770.0,2693100
2023-02-02,1781.200927734375,1810.0,1850.0,1720.0,1720.0,2243800
2023-02-03,1761.5191650390625,1790.0,1870.0,1785.0,1830.0,1870000
2023-02-06,1722.155517578125,1750.0,1790.0,1720.0,1790.0,642000
2023-02-07,1712.314697265625,1740.0,1780.0,1730.0,1755.0,537300
2023-02-08,1702.4737548828125,1730.0,1760.0,1720.0,1740.0,492800
2023-02-09,1677.87158203125,1705.0,1745.0,1705.0,1730.0,651600
2023-02-10,1643.428466796875,1670.0,1705.0,1620.0,1705.0,3044600
2023-02-13,1613.90576171875,1640.0,1680.0,1635.0,1670.0,829500
2023-02-14,1613.90576171875,1640.0,1670.0,1635.0,1640.0,457000
2023-02-15,1628.6671142578125,1655.0,1675.0,1630.0,1640.0,647600
2023-02-16,1618.8262939453125,1645.0,1700.0,1645.0,1655.0,1550300
2023-02-17,1604.06494140625,1630.0,1665.0,1625.0,1650.0,948100
2023-02-20,1594.2239990234375,1620.0,1630.0,1600.0,1630.0,413100
2023-02-21,1594.2239990234375,1620.0,1640.0,1610.0,1625.0,527200
2023-02-22,1589.3035888671875,1615.0,1625.0,1600.0,1625.0,707700
2023-02-23,1579.462646484375,1605.0,1615.0,1600.0,1615.0,528100
2023-02-24,1579.462646484375,1605.0,1620.0,1600.0,1615.0,185800
2023-02-27,1584.3831787109375,1610.0,1640.0,1605.0,1610.0,464100
2023-02-28,1574.542236328125,1600.0,1620.0,1600.0,1610.0,645900
2023-03-01,1594.2239990234375,1620.0,1630.0,1600.0,1600.0,643000
2023-03-02,1604.06494140625,1630.0,1630.0,1610.0,1620.0,483800
2023-03-03,1579.462646484375,1605.0,1630.0,1605.0,1630.0,254200
2023-03-06,1579.462646484375,1605.0,1615.0,1600.0,1605.0,132800
2023-03-07,1574.542236328125,1600.0,1620.0,1600.0,1605.0,397400
2023-03-08,1574.542236328125,1600.0,1615.0,1590.0,1605.0,1662300
2023-03-09,1579.462646484375,1605.0,1615.0,1600.0,1605.0,330600
2023-03-10,1584.3831787109375,1610.0,1620.0,1600.0,1610.0,1060500
2023-03-13,1574.542236328125,1600.0,1615.0,1585.0,1600.0,1486400
2023-03-14,1574.542236328125,1600.0,1605.0,1600.0,1600.0,1326100
2023-03-15,1574.542236328125,1600.0,1610.0,1600.0,1600.0,1247800
2023-03-16,1525.3377685546875,1550.0,1605.0,1500.0,1560.0,1740000
2023-03-17,1476.13330078125,1500.0,1560.0,1500.0,1530.0,1130200
2023-03-20,1476.13330078125,1500.0,1520.0,1500.0,1500.0,725400
2023-03-21,1485.9742431640625,1510.0,1530.0,1500.0,1505.0,278100
2023-03-24,1481.0538330078125,1505.0,1510.0,1500.0,1510.0,581000
2023-03-27,1485.9742431640625,1510.0,1510.0,1495.0,1505.0,600200
2023-03-28,1510.576416015625,1535.0,1535.0,1500.0,1510.0,714700
2023-03-29,1500.735595703125,1525.0,1565.0,1510.0,1535.0,1005600
2023-03-30,1495.815185546875,1520.0,1540.0,1505.0,1525.0,270100
2023-03-31,1481.0538330078125,1505.0,1520.0,1500.0,1520.0,583700
2023-04-03,1481.0538330078125,1505.0,1520.0,1505.0,1505.0,220300
2023-04-04,1476.13330078125,1500.0,1515.0,1500.0,1510.0,2293000
2023-04-05,1481.0538330078125,1505.0,1510.0,1500.0,1500.0,201800
2023-04-06,1476.13330078125,1500.0,1505.0,1500.0,1500.0,757200
2023-04-10,1481.0538330078125,1505.0,1510.0,1500.0,1505.0,480000
2023-04-11,1481.0538330078125,1505.0,1510.0,1500.0,1505.0,448300
2023-04-12,1397.40625,1420.0,1515.0,1420.0,1515.0,909200
2023-04-13,1348.2017822265625,1370.0,1425.0,1350.0,1420.0,1614400
2023-04-14,1358.042724609375,1380.0,1460.0,1370.0,1375.0,548400
2023-04-17,1358.042724609375,1380.0,1400.0,1370.0,1380.0,291900
2023-04-18,1303.9178466796875,1325.0,1380.0,1325.0,1380.0,542000
2023-04-26,1239.9520263671875,1260.0,1325.0,1260.0,1325.0,613600
2023-04-27,1259.6337890625,1280.0,1300.0,1260.0,1260.0,383300
2023-04-28,1259.6337890625,1280.0,1315.0,1275.0,1280.0,733600
2023-05-02,1274.3951416015625,1295.0,1330.0,1280.0,1280.0,892700
2023-05-03,1274.3951416015625,1295.0,1310.0,1280.0,1290.0,211600
2023-05-04,1269.4747314453125,1290.0,1300.0,1280.0,1295.0,159200
2023-05-05,1249.7928466796875,1270.0,1295.0,1250.0,1290.0,429200
2023-05-08,1254.71337890625,1275.0,1285.0,1255.0,1280.0,242900
2023-05-09,1269.4747314453125,1290.0,1310.0,1270.0,1275.0,527400
2023-05-10,1274.3951416015625,1295.0,1310.0,1290.0,1295.0,403900
2023-05-11,1279.3155517578125,1300.0,1315.0,1280.0,1290.0,655900
2023-05-12,1264.55419921875,1285.0,1310.0,1280.0,1300.0,410400
2023-05-15,1244.8724365234375,1265.0,1300.0,1265.0,1285.0,445900
2023-05-16,1254.71337890625,1275.0,1300.0,1265.0,1265.0,352100
2023-05-17,1185.8271484375,1205.0,1275.0,1200.0,1275.0,723700
2023-05-19,1151.384033203125,1170.0,1205.0,1150.0,1205.0,1054200
2023-05-22,1082.497802734375,1100.0,1190.0,1090.0,1180.0,2324400
2023-05-23,1052.97509765625,1070.0,1100.0,1025.0,1100.0,2506300
2023-05-24,1018.531982421875,1035.0,1070.0,1025.0,1070.0,763600
2023-05-25,1018.531982421875,1035.0,1100.0,1020.0,1035.0,761000
2023-05-26,984.0888671875,1000.0,1050.0,995.0,1050.0,1298700
2023-05-29,993.9298095703125,1010.0,1020.0,1000.0,1000.0,826600
2023-05-30,1023.4524536132812,1040.0,1060.0,1010.0,1015.0,616000
2023-05-31,1003.7706909179688,1020.0,1040.0,1015.0,1040.0,436500
2023-06-05,1033.2933349609375,1050.0,1065.0,1020.0,1020.0,961600
2023-06-06,1057.8955078125,1075.0,1130.0,1050.0,1050.0,2158400
2023-06-07,1102.1795654296875,1120.0,1155.0,1075.0,1080.0,2202800
2023-06-08,1249.7928466796875,1270.0,1320.0,1120.0,1130.0,7510500
2023-06-09,1481.0538330078125,1505.0,1545.0,1275.0,1275.0,14484400
2023-06-12,1850.087158203125,1880.0,1880.0,1410.0,1515.0,20973200
2023-06-13,1968.177734375,2000.0,2230.0,1855.0,1900.0,28767400
2023-06-14,1914.0528564453125,1945.0,2150.0,1760.0,2020.0,15577600
2023-06-15,1736.9168701171875,1765.0,1980.0,1760.0,1945.0,7334800
2023-06-16,1613.90576171875,1640.0,1780.0,1585.0,1760.0,9603100
2023-06-19,1791.041748046875,1820.0,1845.0,1635.0,1640.0,10384200
2023-06-20,1702.4737548828125,1730.0,1895.0,1730.0,1820.0,5511300
2023-06-21,1776.280517578125,1805.0,1845.0,1695.0,1730.0,7286500
2023-06-22,1766.4395751953125,1795.0,1860.0,1780.0,1810.0,5402700
2023-06-23,1722.155517578125,1750.0,1830.0,1750.0,1790.0,2469900
2023-06-26,1712.314697265625,1740.0,1795.0,1730.0,1750.0,1713900
2023-06-27,1712.314697265625,1740.0,1805.0,1740.0,1745.0,2942500
2023-07-03,1682.7919921875,1710.0,1770.0,1680.0,1750.0,1922800
2023-07-04,1717.235107421875,1745.0,1775.0,1690.0,1725.0,3491000
2023-07-05,1692.6329345703125,1720.0,1765.0,1720.0,1745.0,2028200
2023-07-06,1707.394287109375,1735.0,1750.0,1700.0,1735.0,1254800
2023-07-07,1682.7919921875,1710.0,1745.0,1710.0,1735.0,1025700
2023-07-10,1810.7236328125,1840.0,1880.0,1710.0,1710.0,9949000
2023-07-11,1869.7689208984375,1900.0,1960.0,1850.0,1850.0,12270200
2023-07-12,1771.3599853515625,1800.0,1930.0,1790.0,1910.0,6421300
2023-07-13,1781.200927734375,1810.0,1875.0,1810.0,1840.0,3769200
2023-07-14,1781.200927734375,1810.0,1845.0,1800.0,1825.0,1551000
2023-07-17,1786.121337890625,1815.0,1840.0,1800.0,1825.0,1307000
2023-07-18,1731.9964599609375,1760.0,1835.0,1755.0,1830.0,2683700
2023-07-20,1712.314697265625,1740.0,1780.0,1715.0,1765.0,1507600
2023-07-21,1692.6329345703125,1720.0,1750.0,1715.0,1740.0,710300
2023-07-24,1820.564453125,1850.0,1855.0,1730.0,1730.0,5716400
2023-07-25,1776.280517578125,1805.0,1870.0,1800.0,1855.0,3035700
2023-07-26,1746.7578125,1775.0,1805.0,1760.0,1805.0,1525500
2023-07-27,1736.9168701171875,1765.0,1800.0,1750.0,1775.0,1679000
2023-07-28,1771.3599853515625,1800.0,1800.0,1745.0,1765.0,1618800
2023-07-31,1781.200927734375,1810.0,1890.0,1805.0,1810.0,5022800
2023-08-01,1727.0760498046875,1755.0,1830.0,1755.0,1830.0,2854400
2023-08-02,1559.7808837890625,1585.0,1780.0,1555.0,1775.0,4572200
2023-08-03,1628.6671142578125,1655.0,1680.0,1585.0,1585.0,1991000
2023-08-04,1618.8262939453125,1645.0,1680.0,1625.0,1670.0,1116200
2023-08-07,1594.2239990234375,1620.0,1665.0,1590.0,1655.0,1189100
2023-08-08,1594.2239990234375,1620.0,1650.0,1620.0,1620.0,1001100
2023-08-09,1525.3377685546875,1550.0,1635.0,1530.0,1635.0,2713800
2023-08-10,1530.2581787109375,1555.0,1565.0,1515.0,1550.0,1625800
2023-08-11,1495.815185546875,1520.0,1565.0,1515.0,1560.0,724200
2023-08-14,1485.9742431640625,1510.0,1540.0,1500.0,1510.0,911100
2023-08-15,1505.656005859375,1530.0,1565.0,1500.0,1510.0,794000
2023-08-16,1589.3035888671875,1615.0,1690.0,1530.0,1550.0,5991600
2023-08-18,1549.9400634765625,1575.0,1630.0,1565.0,1620.0,1059900
2023-08-21,1525.3377685546875,1550.0,1620.0,1550.0,1575.0,1348500
2023-08-22,1515.4969482421875,1540.0,1565.0,1535.0,1555.0,888600
2023-08-23,1515.4969482421875,1540.0,1570.0,1535.0,1540.0,581500
2023-08-24,1510.576416015625,1535.0,1585.0,1535.0,1555.0,686800
2023-08-25,1505.656005859375,1530.0,1550.0,1530.0,1530.0,611700
2023-08-28,1485.9742431640625,1510.0,1550.0,1510.0,1535.0,670700
2023-08-29,1485.9742431640625,1510.0,1535.0,1510.0,1515.0,684100
2023-08-30,1485.9742431640625,1510.0,1530.0,1510.0,1510.0,598600
2023-08-31,1604.06494140625,1630.0,1700.0,1510.0,1515.0,7903200
2023-09-01,1594.2239990234375,1620.0,1675.0,1580.0,1630.0,4674200
2023-09-04,1564.7012939453125,1590.0,1650.0,1590.0,1630.0,1835100
2023-09-05,1540.09912109375,1565.0,1615.0,1565.0,1590.0,840200
2023-09-06,1525.3377685546875,1550.0,1600.0,1550.0,1565.0,862900
2023-09-07,1569.621826171875,1595.0,1635.0,1550.0,1550.0,1934900
2023-09-08,1530.2581787109375,1555.0,1600.0,1555.0,1595.0,879100
2023-09-11,1540.09912109375,1565.0,1605.0,1550.0,1560.0,1164000
2023-09-12,1535.1787109375,1560.0,1575.0,1555.0,1575.0,604100
2023-09-13,1535.1787109375,1560.0,1580.0,1550.0,1560.0,693800
2023-09-14,1515.4969482421875,1540.0,1565.0,1525.0,1560.0,649100
2023-09-15,1510.576416015625,1535.0,1550.0,1525.0,1550.0,357300
2023-09-18,1481.0538330078125,1505.0,1540.0,1500.0,1535.0,1065100
2023-09-19,1559.7808837890625,1585.0,1645.0,1505.0,1505.0,3790600
2023-09-20,1540.09912109375,1565.0,1615.0,1565.0,1585.0,1195600
2023-09-21,1549.9400634765625,1575.0,1575.0,1530.0,1565.0,927400
2023-09-22,1530.2581787109375,1555.0,1585.0,1550.0,1580.0,731200
2023-09-25,1520.4173583984375,1545.0,1570.0,1535.0,1555.0,394600
2023-09-26,1490.8946533203125,1515.0,1555.0,1510.0,1535.0,646600
2023-09-27,1481.0538330078125,1505.0,1540.0,1505.0,1515.0,787100
2023-09-29,1495.815185546875,1520.0,1535.0,1505.0,1525.0,414800
2023-10-02,1481.0538330078125,1505.0,1530.0,1500.0,1525.0,907600
2023-10-03,1407.2470703125,1430.0,1525.0,1355.0,1515.0,3183500
2023-10-04,1343.2813720703125,1365.0,1460.0,1360.0,1435.0,1520200
2023-10-05,1303.9178466796875,1325.0,1400.0,1310.0,1365.0,1250100
2023-10-06,1298.997314453125,1320.0,1340.0,1315.0,1320.0,179600
2023-10-09,1318.6790771484375,1340.0,1355.0,1295.0,1325.0,984200
2023-10-10,1328.52001953125,1350.0,1370.0,1340.0,1340.0,731500
2023-10-11,1303.9178466796875,1325.0,1400.0,1315.0,1355.0,893900
2023-10-12,1298.997314453125,1320.0,1345.0,1305.0,1305.0,265700
2023-10-13,1269.4747314453125,1290.0,1320.0,1290.0,1320.0,472200
2023-10-16,1239.9520263671875,1260.0,1300.0,1160.0,1300.0,2046400
2023-10-17,1239.9520263671875,1260.0,1290.0,1225.0,1260.0,516300
2023-10-18,1235.0316162109375,1255.0,1275.0,1225.0,1260.0,959500
2023-10-19,1210.4293212890625,1230.0,1260.0,1230.0,1260.0,316800
2023-10-20,1180.90673828125,1200.0,1230.0,1170.0,1230.0,842600
2023-10-23,1175.9862060546875,1195.0,1220.0,1175.0,1200.0,432300
2023-10-24,1195.66796875,1215.0,1225.0,1195.0,1195.0,357400
2023-10-25,1195.66796875,1215.0,1230.0,1200.0,1220.0,474000
2023-10-26,1175.9862060546875,1195.0,1215.0,1180.0,1215.0,504600
2023-10-27,1180.90673828125,1200.0,1200.0,1180.0,1195.0,192100
2023-10-30,1171.0657958984375,1190.0,1210.0,1175.0,1200.0,518500
2023-10-31,1175.9862060546875,1195.0,1215.0,1180.0,1190.0,843500
2023-11-01,1141.5430908203125,1160.0,1220.0,1160.0,1195.0,805700
2023-11-02,1175.9862060546875,1195.0,1205.0,1160.0,1160.0,396300
2023-11-03,1289.156494140625,1310.0,1385.0,1180.0,1195.0,5811900
2023-11-06,1294.076904296875,1315.0,1385.0,1275.0,1320.0,2440800
2023-11-07,1254.71337890625,1275.0,1320.0,1260.0,1315.0,1005500
2023-11-08,1225.190673828125,1245.0,1290.0,1235.0,1280.0,480900
2023-11-09,1274.3951416015625,1295.0,1320.0,1245.0,1250.0,1951900
2023-11-10,1254.71337890625,1275.0,1295.0,1255.0,1295.0,927400
2023-11-13,1215.3497314453125,1235.0,1305.0,1210.0,1280.0,1154500
2023-11-14,1235.0316162109375,1255.0,1270.0,1220.0,1230.0,969700
2023-11-15,1328.52001953125,1350.0,1395.0,1260.0,1265.0,5636200
2023-11-16,1343.2813720703125,1365.0,1415.0,1340.0,1340.0,4476100
2023-11-17,1343.2813720703125,1365.0,1390.0,1335.0,1365.0,1800500
2023-11-20,1338.36083984375,1360.0,1390.0,1335.0,1365.0,1208600
2023-11-21,1274.3951416015625,1295.0,1370.0,1285.0,1360.0,1732100
2023-11-22,1225.190673828125,1245.0,1300.0,1230.0,1295.0,902700
2023-11-23,1377.7244873046875,1400.0,1480.0,1250.0,1250.0,10622700
2023-11-24,1535.1787109375,1560.0,1675.0,1400.0,1420.0,25191700
2023-11-27,1485.9742431640625,1510.0,1680.0,1510.0,1570.0,11872700
2023-11-28,1456.4515380859375,1480.0,1525.0,1420.0,1490.0,3993800
2023-11-29,1426.928955078125,1450.0,1500.0,1435.0,1480.0,2494600
2023-11-30,1422.0084228515625,1445.0,1525.0,1430.0,1450.0,2801300
2023-12-01,1535.1787109375,1560.0,1575.0,1380.0,1435.0,5192100
2023-12-04,1422.0084228515625,1445.0,1620.0,1440.0,1560.0,3786500
2023-12-05,1412.1676025390625,1435.0,1500.0,1415.0,1445.0,1888100
2023-12-06,1397.40625,1420.0,1460.0,1405.0,1435.0,881600
2023-12-07,1328.52001953125,1350.0,1425.0,1320.0,1425.0,2869300
2023-12-08,1333.4404296875,1355.0,1380.0,1330.0,1350.0,1085800
2023-12-11,1284.2359619140625,1305.0,1445.0,1300.0,1350.0,3093600
2023-12-12,1436.769775390625,1460.0,1575.0,1305.0,1305.0,14543600
2023-12-13,1382.6448974609375,1405.0,1505.0,1405.0,1475.0,3302800
2023-12-14,1412.1676025390625,1435.0,1505.0,1420.0,1420.0,3098300
2023-12-15,1318.6790771484375,1340.0,1485.0,1335.0,1445.0,3635000
2023-12-18,1289.156494140625,1310.0,1390.0,1295.0,1340.0,1470100
2023-12-19,1313.7586669921875,1335.0,1360.0,1315.0,1315.0,1187100
2023-12-20,1294.076904296875,1315.0,1355.0,1305.0,1335.0,1537100
2023-12-21,1284.2359619140625,1305.0,1330.0,1300.0,1315.0,949400
2023-12-22,1264.55419921875,1285.0,1340.0,1275.0,1310.0,1568800
2023-12-27,1289.156494140625,1310.0,1325.0,1285.0,1295.0,596300
2023-12-28,1298.997314453125,1320.0,1320.0,1295.0,1310.0,430000
2023-12-29,1269.4747314453125,1290.0,1320.0,1285.0,1320.0,625200
2024-01-02,1279.3155517578125,1300.0,1325.0,1300.0,1300.0,582300
2024-01-03,1323.599609375,1345.0,1360.0,1305.0,1305.0,1419900
2024-01-04,1308.8382568359375,1330.0,1350.0,1315.0,1350.0,1070000
2024-01-05,1303.9178466796875,1325.0,1355.0,1325.0,1330.0,535500
2024-01-08,1303.9178466796875,1325.0,1345.0,1315.0,1325.0,748000
2024-01-09,1279.3155517578125,1300.0,1350.0,1295.0,1320.0,1475200
2024-01-10,1294.076904296875,1315.0,1325.0,1295.0,1300.0,636500
2024-01-11,1308.8382568359375,1330.0,1370.0,1310.0,1315.0,1863500
2024-01-12,1279.3155517578125,1300.0,1330.0,1245.0,1330.0,1951700
2024-01-15,1264.55419921875,1285.0,1310.0,1280.0,1295.0,751900
2024-01-16,1284.2359619140625,1305.0,1305.0,1285.0,1285.0,637700
2024-01-17,1254.71337890625,1275.0,1305.0,1270.0,1305.0,827700
2024-01-18,1235.0316162109375,1255.0,1280.0,1245.0,1275.0,622900
2024-01-19,1230.111083984375,1250.0,1305.0,1250.0,1260.0,1106600
2024-01-22,1254.71337890625,1275.0,1285.0,1250.0,1255.0,554200
2024-01-23,1249.7928466796875,1270.0,1285.0,1250.0,1275.0,364200
2024-01-24,1215.3497314453125,1235.0,1270.0,1225.0,1270.0,500400
2024-01-25,1220.270263671875,1240.0,1250.0,1225.0,1235.0,428300
2024-01-26,1185.8271484375,1205.0,1240.0,1200.0,1240.0,576100
2024-01-29,1161.224853515625,1180.0,1205.0,1175.0,1205.0,736100
2024-01-30,1175.9862060546875,1195.0,1205.0,1180.0,1180.0,340200
2024-01-31,1180.90673828125,1200.0,1220.0,1190.0,1190.0,266800
2024-02-01,1185.8271484375,1205.0,1250.0,1200.0,1250.0,358900
2024-02-02,1180.90673828125,1200.0,1245.0,1200.0,1230.0,385800
2024-02-05,1166.1453857421875,1185.0,1200.0,1185.0,1200.0,389200
2024-02-06,1166.1453857421875,1185.0,1200.0,1170.0,1195.0,268800
2024-02-07,1156.304443359375,1175.0,1200.0,1170.0,1185.0,186700
2024-02-12,1161.224853515625,1180.0,1195.0,1175.0,1180.0,236000
2024-02-13,1161.224853515625,1180.0,1185.0,1170.0,1180.0,251300
2024-02-15,1166.1453857421875,1185.0,1200.0,1180.0,1180.0,515600
2024-02-16,1156.304443359375,1175.0,1195.0,1175.0,1185.0,235900
2024-02-19,1112.0205078125,1130.0,1200.0,1130.0,1175.0,847500
2024-02-20,1092.338623046875,1110.0,1155.0,1105.0,1155.0,575600
2024-02-21,1102.1795654296875,1120.0,1125.0,1095.0,1110.0,787100
2024-02-22,1102.1795654296875,1120.0,1150.0,1115.0,1130.0,390900
2024-02-23,1107.0999755859375,1125.0,1130.0,1115.0,1125.0,221800
2024-02-26,1107.0999755859375,1125.0,1130.0,1115.0,1125.0,219500
2024-02-27,1107.0999755859375,1125.0,1125.0,1105.0,1125.0,270300
2024-02-28,1116.94091796875,1135.0,1140.0,1120.0,1125.0,228700
2024-02-29,1112.0205078125,1130.0,1140.0,1125.0,1135.0,396800
2024-03-01,1107.0999755859375,1125.0,1145.0,1120.0,1135.0,180900
2024-03-04,1102.1795654296875,1120.0,1130.0,1105.0,1125.0,227900
2024-03-05,1107.0999755859375,1125.0,1175.0,1120.0,1120.0,670300
2024-03-06,1175.9862060546875,1195.0,1220.0,1130.0,1130.0,1548400
2024-03-07,1185.8271484375,1205.0,1230.0,1195.0,1200.0,1312400
2024-03-08,1156.304443359375,1175.0,1220.0,1175.0,1215.0,481600
2024-03-13,1126.78173828125,1145.0,1200.0,1140.0,1200.0,315200
2024-03-14,1131.7022705078125,1150.0,1160.0,1130.0,1145.0,234700
2024-03-15,1126.78173828125,1145.0,1175.0,1130.0,1130.0,296900
2024-03-18,1121.861328125,1140.0,1160.0,1140.0,1145.0,188800
2024-03-19,1126.78173828125,1145.0,1155.0,1135.0,1140.0,217500
2024-03-20,1126.78173828125,1145.0,1150.0,1135.0,1135.0,205400
2024-03-21,1146.463623046875,1165.0,1200.0,1145.0,1150.0,571600
2024-03-22,1126.78173828125,1145.0,1195.0,1140.0,1175.0,729400
2024-03-25,1151.384033203125,1170.0,1185.0,1150.0,1185.0,515300
2024-03-26,1161.224853515625,1180.0,1195.0,1155.0,1195.0,521700
2024-03-27,1151.384033203125,1170.0,1220.0,1170.0,1180.0,494500
2024-03-28,1146.463623046875,1165.0,1180.0,1145.0,1180.0,270300
2024-04-01,1097.2591552734375,1115.0,1165.0,1110.0,1165.0,685900
2024-04-02,1067.7364501953125,1085.0,1130.0,1070.0,1115.0,971700
2024-04-03,1087.418212890625,1105.0,1110.0,1080.0,1090.0,321200
2024-04-04,1082.497802734375,1100.0,1120.0,1090.0,1090.0,160700
2024-04-05,1082.497802734375,1100.0,1120.0,1060.0,1100.0,608500
2024-04-16,1033.2933349609375,1050.0,1090.0,1050.0,1090.0,559500
2024-04-17,1033.2933349609375,1050.0,1085.0,1040.0,1050.0,396400
2024-04-18,1023.4524536132812,1040.0,1050.0,1030.0,1050.0,193000
2024-04-19,989.0093383789062,1005.0,1040.0,1000.0,1025.0,656000
2024-04-22,998.8502197265625,1015.0,1020.0,1010.0,1010.0,362000
2024-04-23,1008.6911010742188,1025.0,1030.0,1010.0,1015.0,221100
2024-04-24,1003.7706909179688,1020.0,1040.0,1005.0,1025.0,276000
2024-04-25,984.0888671875,1000.0,1030.0,995.0,1030.0,316300
2024-04-26,989.0093383789062,1005.0,1005.0,990.0,1005.0,425800
2024-04-29,974.2479858398438,990.0,1005.0,985.0,1005.0,425500
2024-04-30,993.9298095703125,1010.0,1050.0,985.0,995.0,797800
2024-05-02,974.2479858398438,990.0,1025.0,990.0,1015.0,417000
2024-05-03,969.3275756835938,985.0,1000.0,985.0,990.0,352000
2024-05-06,979.16845703125,995.0,995.0,975.0,985.0,479500
2024-05-07,969.3275756835938,985.0,1005.0,980.0,995.0,324800
2024-05-08,944.725341796875,960.0,995.0,960.0,985.0,369100
2024-05-13,929.9639892578125,945.0,975.0,900.0,965.0,971400
2024-05-14,905.36181640625,920.0,960.0,915.0,945.0,667800
2024-05-15,895.5208740234375,910.0,940.0,900.0,920.0,842900
2024-05-16,900.4413452148438,915.0,930.0,910.0,910.0,330800
2024-05-17,905.36181640625,920.0,930.0,915.0,915.0,195500
2024-05-20,895.5208740234375,910.0,940.0,905.0,920.0,678100
2024-05-21,885.6799926757812,900.0,930.0,890.0,915.0,646400
2024-05-22,939.8048706054688,955.0,980.0,900.0,900.0,2986500
2024-05-27,925.0435791015625,940.0,970.0,925.0,960.0,1121000
2024-05-28,915.2026977539062,930.0,945.0,920.0,940.0,421600
2024-05-29,920.1231079101562,935.0,950.0,905.0,930.0,840000
2024-05-30,920.1231079101562,935.0,950.0,920.0,935.0,378400
2024-05-31,915.2026977539062,930.0,1000.0,920.0,940.0,1199400
2024-06-03,910.2822265625,925.0,980.0,925.0,960.0,857700
2024-06-04,880.7595825195312,895.0,945.0,890.0,925.0,1609800
2024-06-05,865.9982299804688,880.0,905.0,880.0,895.0,806200
2024-06-06,875.839111328125,890.0,905.0,880.0,885.0,254200
2024-06-07,865.9982299804688,880.0,895.0,880.0,890.0,354600
2024-06-10,806.952880859375,820.0,880.0,795.0,880.0,1139100
2024-06-11,806.952880859375,820.0,830.0,815.0,825.0,248600
2024-06-12,757.7484741210938,770.0,820.0,765.0,815.0,1037800
2024-06-13,718.3848876953125,730.0,795.0,720.0,770.0,1017500
2024-06-14,703.62353515625,715.0,730.0,680.0,730.0,1590500
2024-06-19,669.180419921875,680.0,715.0,680.0,715.0,929800
2024-06-20,693.7826538085938,705.0,720.0,675.0,680.0,392800
2024-06-21,747.9075927734375,760.0,775.0,705.0,705.0,1037600
2024-06-24,752.8280029296875,765.0,800.0,755.0,780.0,608700
2024-06-25,733.146240234375,745.0,770.0,730.0,765.0,225600
2024-06-26,772.509765625,785.0,785.0,730.0,745.0,537700
2024-06-27,738.066650390625,750.0,795.0,750.0,785.0,504600
2024-06-28,757.7484741210938,770.0,795.0,760.0,765.0,710900
2024-07-01,767.58935546875,780.0,790.0,770.0,775.0,264200
2024-07-02,762.6688842773438,775.0,795.0,765.0,780.0,240100
2024-07-03,787.2711181640625,800.0,825.0,765.0,775.0,773300
2024-07-04,782.3506469726562,795.0,830.0,795.0,810.0,612600
2024-07-05,767.58935546875,780.0,805.0,780.0,800.0,390500
2024-07-08,777.4302368164062,790.0,795.0,780.0,780.0,381500
2024-07-09,802.032470703125,815.0,815.0,785.0,790.0,481100
2024-07-10,792.1915893554688,805.0,820.0,795.0,810.0,441300
2024-07-11,787.2711181640625,800.0,810.0,795.0,805.0,278400
2024-07-12,792.1915893554688,805.0,815.0,795.0,805.0,335000
2024-07-15,802.032470703125,815.0,820.0,800.0,800.0,415600
2024-07-16,792.1915893554688,805.0,820.0,805.0,815.0,312400
2024-07-17,905.36181640625,920.0,935.0,810.0,815.0,2885300
2024-07-18,870.918701171875,885.0,935.0,860.0,930.0,2470200
2024-07-19,856.1573486328125,870.0,900.0,870.0,890.0,523400
2024-07-22,865.9982299804688,880.0,900.0,850.0,870.0,746600
2024-07-23,934.8844604492188,950.0,970.0,880.0,880.0,3389500
2024-07-24,934.8844604492188,950.0,965.0,920.0,960.0,1375100
2024-07-25,890.6004638671875,905.0,950.0,905.0,950.0,755800
2024-07-26,910.2822265625,925.0,935.0,910.0,920.0,622900
2024-07-29,895.5208740234375,910.0,935.0,905.0,930.0,511100
2024-07-30,910.2822265625,925.0,935.0,900.0,910.0,736400
2024-07-31,910.2822265625,925.0,965.0,915.0,930.0,1771300
2024-08-01,900.4413452148438,915.0,930.0,905.0,925.0,254900
2024-08-02,885.6799926757812,900.0,925.0,860.0,915.0,568400
2024-08-05,836.4755859375,850.0,900.0,850.0,900.0,919600
2024-08-06,826.6346435546875,840.0,840.0,805.0,840.0,546000
2024-08-07,836.4755859375,850.0,885.0,830.0,840.0,592400
2024-08-08,831.5551147460938,845.0,870.0,840.0,855.0,155700
2024-08-09,831.5551147460938,845.0,865.0,840.0,860.0,349800
2024-08-12,836.4755859375,850.0,860.0,835.0,850.0,158200
2024-08-13,885.6799926757812,900.0,900.0,845.0,845.0,641200
2024-08-14,875.839111328125,890.0,925.0,885.0,900.0,641900
2024-08-15,890.6004638671875,905.0,905.0,875.0,895.0,565600
2024-08-16,885.6799926757812,900.0,905.0,890.0,905.0,277700
2024-08-19,875.839111328125,890.0,900.0,860.0,900.0,753100
2024-08-20,979.16845703125,995.0,1000.0,900.0,900.0,5370500
2024-08-21,1013.611572265625,1030.0,1155.0,980.0,995.0,9371200
2024-08-22,984.0888671875,1000.0,1040.0,980.0,1030.0,2474300
2024-08-23,993.9298095703125,1010.0,1060.0,1000.0,1000.0,2632400
2024-08-26,984.0888671875,1000.0,1045.0,995.0,1015.0,1524800
2024-08-27,969.3275756835938,985.0,1010.0,980.0,1005.0,598100
2024-08-28,959.4866943359375,975.0,1010.0,970.0,990.0,1248900
2024-08-29,934.8844604492188,950.0,990.0,940.0,975.0,583200
2024-08-30,964.4071044921875,980.0,990.0,940.0,950.0,557000
2024-09-02,993.9298095703125,1010.0,1035.0,980.0,980.0,1565800
2024-09-03,979.16845703125,995.0,1035.0,980.0,1010.0,927300
2024-09-04,969.3275756835938,985.0,990.0,965.0,985.0,303800
2024-09-05,964.4071044921875,980.0,990.0,965.0,980.0,367800
2024-09-06,979.16845703125,995.0,995.0,980.0,980.0,237000
2024-09-09,969.3275756835938,985.0,1000.0,975.0,995.0,401600
2024-09-10,969.3275756835938,985.0,985.0,970.0,985.0,292500
2024-09-11,969.3275756835938,985.0,985.0,965.0,985.0,344100
2024-09-12,969.3275756835938,985.0,990.0,970.0,985.0,318900
2024-09-13,959.4866943359375,975.0,985.0,975.0,985.0,273500
2024-09-17,989.0093383789062,1005.0,1025.0,965.0,980.0,2043400
2024-09-18,998.8502197265625,1015.0,1060.0,990.0,1005.0,4539100
2024-09-19,984.0888671875,1000.0,1035.0,995.0,1015.0,1131100
2024-09-20,984.0888671875,1000.0,1020.0,990.0,1020.0,577500
2024-09-23,979.16845703125,995.0,1010.0,985.0,1000.0,1524700
2024-09-24,984.0888671875,1000.0,1005.0,990.0,995.0,524700
2024-09-25,984.0888671875,1000.0,1015.0,985.0,1000.0,540300
2024-09-26,998.8502197265625,1015.0,1015.0,995.0,1005.0,831800
2024-09-27,989.0093383789062,1005.0,1020.0,990.0,1015.0,189600
2024-09-30,979.16845703125,995.0,1015.0,965.0,1015.0,998500
2024-10-01,949.6458129882812,965.0,995.0,965.0,995.0,503700
2024-10-02,905.36181640625,920.0,975.0,905.0,965.0,1952700
2024-10-03,900.4413452148438,915.0,935.0,900.0,920.0,549200
2024-10-04,885.6799926757812,900.0,915.0,885.0,915.0,431300
2024-10-07,925.0435791015625,940.0,940.0,885.0,895.0,1284000
2024-10-08,934.8844604492188,950.0,950.0,925.0,950.0,763100
2024-10-09,915.2026977539062,930.0,950.0,930.0,950.0,263000
2024-10-10,905.36181640625,920.0,945.0,910.0,930.0,509800
2024-10-11,920.1231079101562,935.0,935.0,915.0,925.0,243100
2024-10-14,915.2026977539062,930.0,930.0,910.0,925.0,196100
2024-10-15,920.1231079101562,935.0,935.0,910.0,925.0,317300
2024-10-16,905.36181640625,920.0,935.0,920.0,930.0,286000
2024-10-17,939.8048706054688,955.0,955.0,920.0,920.0,1038100
2024-10-18,925.0435791015625,940.0,970.0,940.0,955.0,467600
2024-10-21,925.0435791015625,940.0,955.0,940.0,945.0,290200
2024-10-22,929.9639892578125,945.0,965.0,940.0,940.0,337200
2024-10-23,993.9298095703125,1010.0,1010.0,925.0,945.0,800400
2024-10-24,954.5662231445312,970.0,1000.0,960.0,1000.0,995900
2024-10-25,984.0888671875,1000.0,1000.0,950.0,975.0,528500
2024-10-28,949.6458129882812,965.0,1000.0,950.0,1000.0,208000
2024-10-29,954.5662231445312,970.0,975.0,955.0,965.0,323200
2024-10-30,959.4866943359375,975.0,975.0,950.0,970.0,360100
2024-10-31,964.4071044921875,980.0,980.0,950.0,970.0,537500
2024-11-01,954.5662231445312,970.0,980.0,950.0,975.0,383300
2024-11-04,949.6458129882812,965.0,970.0,920.0,960.0,551600
2024-11-05,925.0435791015625,940.0,965.0,930.0,965.0,138600
2024-11-06,944.725341796875,960.0,960.0,920.0,940.0,541400
2024-11-07,900.4413452148438,915.0,960.0,905.0,960.0,302900
2024-11-08,949.6458129882812,965.0,965.0,900.0,915.0,623400
2024-11-11,841.39599609375,855.0,960.0,855.0,940.0,738800
2024-11-12,880.7595825195312,895.0,910.0,860.0,875.0,421700
2024-11-13,885.6799926757812,900.0,900.0,830.0,895.0,214800
2024-11-14,880.7595825195312,895.0,900.0,875.0,900.0,128800
2024-11-15,870.918701171875,885.0,895.0,850.0,885.0,204000
2024-11-18,856.1573486328125,870.0,885.0,855.0,885.0,222100
2024-11-19,885.6799926757812,900.0,930.0,855.0,860.0,329500
2024-11-20,880.7595825195312,895.0,905.0,885.0,905.0,142700
2024-11-21,865.9982299804688,880.0,895.0,870.0,895.0,208300
2024-11-22,865.9982299804688,880.0,885.0,865.0,875.0,151500
2024-11-25,875.839111328125,890.0,900.0,855.0,895.0,401400
2024-11-26,865.9982299804688,880.0,900.0,870.0,890.0,279200
2024-11-28,856.1573486328125,870.0,900.0,870.0,900.0,177000
2024-11-29,841.39599609375,855.0,875.0,845.0,875.0,295100
2024-12-02,836.4755859375,850.0,865.0,845.0,845.0,209300
2024-12-03,836.4755859375,850.0,875.0,845.0,850.0,207900
2024-12-04,841.39599609375,855.0,870.0,845.0,850.0,410100
2024-12-05,846.3164672851562,860.0,865.0,850.0,860.0,139800
2024-12-06,836.4755859375,850.0,860.0,840.0,860.0,302400
2024-12-09,841.39599609375,855.0,870.0,855.0,870.0,269400
2024-12-10,841.39599609375,855.0,870.0,850.0,855.0,368800
2024-12-11,841.39599609375,855.0,860.0,845.0,855.0,279600
2024-12-12,821.7142333984375,835.0,860.0,830.0,850.0,448600
2024-12-13,811.8733520507812,825.0,840.0,825.0,835.0,410600
2024-12-16,767.58935546875,780.0,825.0,775.0,825.0,751200
2024-12-17,787.2711181640625,800.0,800.0,780.0,780.0,745000
2024-12-18,787.2711181640625,800.0,805.0,780.0,800.0,222200
2024-12-19,787.2711181640625,800.0,800.0,770.0,785.0,212400
2024-12-20,806.952880859375,820.0,820.0,770.0,800.0,481100
2024-12-23,792.1915893554688,805.0,850.0,805.0,815.0,368400
2024-12-24,792.1915893554688,805.0,820.0,805.0,805.0,205300
2024-12-27,792.1915893554688,805.0,825.0,805.0,805.0,82700
2024-12-30,688.8622436523438,700.0,815.0,700.0,810.0,1676300
2025-01-02,733.146240234375,745.0,750.0,720.0,725.0,795900
2025-01-03,723.3053588867188,735.0,755.0,730.0,745.0,214200
2025-01-06,728.2257690429688,740.0,755.0,735.0,735.0,215000
2025-01-07,546.1693115234375,555.0,765.0,555.0,735.0,3228700
2025-01-08,679.0213623046875,690.0,690.0,600.0,600.0,8484900
2025-01-09,767.58935546875,780.0,860.0,720.0,720.0,12328100
2025-01-10,747.9075927734375,760.0,850.0,730.0,790.0,3234400
2025-01-13,693.7826538085938,705.0,760.0,695.0,760.0,1372700
2025-01-14,693.7826538085938,705.0,725.0,695.0,700.0,771300
2025-01-15,698.703125,710.0,725.0,665.0,695.0,1085300
2025-01-16,688.8622436523438,700.0,730.0,685.0,710.0,628600
2025-01-17,688.8622436523438,700.0,710.0,690.0,700.0,669600
2025-01-20,693.7826538085938,705.0,705.0,685.0,695.0,414200
2025-01-21,679.0213623046875,690.0,705.0,685.0,705.0,412200
2025-01-22,674.1008911132812,685.0,700.0,675.0,690.0,368300
2025-01-23,674.1008911132812,685.0,695.0,680.0,685.0,235000
2025-01-24,654.4191284179688,665.0,695.0,660.0,680.0,313800
2025-01-30,654.4191284179688,665.0,705.0,660.0,665.0,591800
2025-01-31,654.4191284179688,665.0,700.0,660.0,665.0,204000
2025-02-03,649.4986572265625,660.0,665.0,635.0,665.0,542300
2025-02-04,644.5782470703125,655.0,675.0,640.0,660.0,621800
2025-02-05,639.6577758789062,650.0,670.0,645.0,655.0,297900
2025-02-06,634.7373657226562,645.0,650.0,635.0,650.0,1119000
2025-02-07,615.0555419921875,625.0,650.0,615.0,645.0,713800
2025-02-10,595.373779296875,605.0,625.0,600.0,625.0,382100
2025-02-11,600.2942504882812,610.0,610.0,600.0,605.0,538900
2025-02-12,615.0555419921875,625.0,650.0,610.0,610.0,392400
2025-02-13,619.9760131835938,630.0,650.0,630.0,630.0,175300
2025-02-14,610.1351318359375,620.0,645.0,620.0,630.0,130700
2025-02-17,624.8964233398438,635.0,640.0,620.0,620.0,303900
2025-02-18,619.9760131835938,630.0,650.0,630.0,635.0,269400
2025-02-19,615.0555419921875,625.0,630.0,615.0,630.0,121800
2025-02-20,605.2146606445312,615.0,630.0,600.0,625.0,416400
2025-02-21,669.180419921875,680.0,695.0,630.0,630.0,2105700
2025-02-24,693.7826538085938,705.0,745.0,690.0,695.0,2527400
2025-02-25,659.3395385742188,670.0,725.0,660.0,710.0,911500
2025-02-26,649.4986572265625,660.0,700.0,650.0,670.0,184800
2025-02-27,639.6577758789062,650.0,655.0,630.0,650.0,383700
2025-02-28,654.4191284179688,665.0,670.0,610.0,655.0,411200
2025-03-03,654.4191284179688,665.0,680.0,665.0,665.0,257500
2025-03-04,619.9760131835938,630.0,665.0,620.0,665.0,304300
2025-03-05,624.8964233398438,635.0,660.0,630.0,630.0,220400
2025-03-06,629.81689453125,640.0,650.0,630.0,650.0,74400
2025-03-07,629.81689453125,640.0,655.0,630.0,630.0,95300
2025-03-10,615.0555419921875,625.0,670.0,615.0,650.0,642700
2025-03-11,615.0555419921875,625.0,635.0,615.0,630.0,310300
2025-03-12,619.9760131835938,630.0,645.0,625.0,625.0,346100
2025-03-13,615.0555419921875,625.0,645.0,605.0,630.0,234300
2025-03-14,590.453369140625,600.0,625.0,600.0,625.0,276300
2025-03-17,600.2942504882812,610.0,610.0,600.0,610.0,143000
2025-03-18,595.373779296875,605.0,615.0,590.0,610.0,647700
2025-03-19,615.0555419921875,625.0,630.0,605.0,605.0,339400
2025-03-20,600.2942504882812,610.0,640.0,605.0,625.0,301100
2025-03-21,600.2942504882812,610.0,615.0,600.0,610.0,410000
2025-03-24,590.453369140625,600.0,610.0,600.0,610.0,308400
2025-03-25,595.373779296875,605.0,620.0,600.0,600.0,153900
2025-03-26,605.2146606445312,615.0,650.0,600.0,605.0,580400
2025-03-27,659.3395385742188,670.0,670.0,600.0,615.0,679000
2025-04-08,595.373779296875,605.0,635.0,595.0,610.0,396800
2025-04-09,595.373779296875,605.0,615.0,600.0,600.0,259800
2025-04-10,615.0555419921875,625.0,635.0,610.0,610.0,271600
2025-04-11,629.81689453125,640.0,650.0,625.0,625.0,482600
2025-04-14,644.5782470703125,655.0,660.0,640.0,640.0,257300
2025-04-15,649.4986572265625,660.0,675.0,645.0,655.0,692300
2025-04-16,634.7373657226562,645.0,685.0,620.0,670.0,809900
2025-04-17,639.6577758789062,650.0,670.0,640.0,650.0,329900
2025-04-21,664.260009765625,675.0,715.0,650.0,660.0,2154100
2025-04-22,685.0,685.0,700.0,645.0,675.0,580300
2025-04-23,685.0,685.0,700.0,665.0,685.0,577700
2025-04-24,675.0,675.0,685.0,665.0,685.0,486100
2025-04-25,695.0,695.0,705.0,670.0,675.0,905200
2025-04-28,715.0,715.0,730.0,700.0,700.0,1680300
2025-04-29,730.0,730.0,740.0,715.0,715.0,725200
2025-04-30,735.0,735.0,750.0,730.0,735.0,964700
2025-05-02,730.0,730.0,760.0,725.0,745.0,979000
2025-05-05,740.0,740.0,750.0,730.0,730.0,638800
2025-05-06,750.0,750.0,755.0,735.0,745.0,449800
2025-05-07,750.0,750.0,750.0,740.0,750.0,292800
2025-05-08,745.0,745.0,770.0,740.0,750.0,962900
2025-05-09,745.0,745.0,760.0,745.0,750.0,158900
2025-05-14,750.0,750.0,750.0,740.0,745.0,189900
2025-05-15,745.0,745.0,755.0,740.0,755.0,490100
2025-05-16,750.0,750.0,760.0,740.0,740.0,108200
2025-05-19,750.0,750.0,770.0,725.0,755.0,1331100
2025-05-20,745.0,745.0,760.0,740.0,750.0,332800
2025-05-21,745.0,745.0,750.0,740.0,745.0,919900
2025-05-22,745.0,745.0,750.0,745.0,745.0,243700
2025-05-23,755.0,755.0,760.0,750.0,755.0,197500
2025-05-26,740.0,740.0,765.0,730.0,765.0,344700
2025-05-27,735.0,735.0,745.0,735.0,735.0,288100
2025-05-28,740.0,740.0,745.0,735.0,735.0,182600
2025-06-02,730.0,730.0,740.0,730.0,740.0,170500
2025-06-03,715.0,715.0,730.0,710.0,730.0,132400
2025-06-04,725.0,725.0,735.0,710.0,715.0,200500
2025-06-05,730.0,730.0,730.0,710.0,725.0,80100
2025-06-10,730.0,730.0,740.0,720.0,730.0,136100
2025-06-11,720.0,720.0,730.0,720.0,725.0,164900
2025-06-12,720.0,720.0,730.0,705.0,720.0,307800
2025-06-13,715.0,715.0,740.0,715.0,720.0,73300
2025-06-16,705.0,705.0,715.0,705.0,715.0,141800
2025-06-17,715.0,715.0,715.0,705.0,705.0,147100
2025-06-18,695.0,695.0,720.0,695.0,720.0,947300
2025-06-19,690.0,690.0,705.0,675.0,695.0,379600
2025-06-20,660.0,660.0,700.0,645.0,690.0,1800500
2025-06-23,690.0,690.0,700.0,655.0,660.0,759800
2025-06-24,765.0,765.0,825.0,690.0,690.0,3729500
2025-06-25,775.0,775.0,780.0,760.0,765.0,2228900
2025-06-26,780.0,780.0,785.0,775.0,775.0,1126600
2025-06-30,785.0,785.0,795.0,785.0,785.0,1544100
2025-07-01,780.0,780.0,800.0,780.0,785.0,1108700
2025-07-02,790.0,790.0,800.0,775.0,775.0,590100
2025-07-03,790.0,790.0,790.0,780.0,790.0,454800
2025-07-04,850.0,850.0,860.0,780.0,790.0,3754500
2025-07-07,850.0,850.0,910.0,845.0,850.0,4958600
2025-07-08,875.0,875.0,875.0,850.0,850.0,1573600
2025-07-09,935.0,935.0,950.0,875.0,875.0,3894800
2025-07-10,1010.0,1010.0,1030.0,940.0,945.0,5358700
2025-07-11,1130.0,1130.0,1140.0,1025.0,1025.0,9485400
2025-07-14,1035.0,1035.0,1250.0,1000.0,1150.0,11439600
2025-07-15,1095.0,1095.0,1145.0,1030.0,1035.0,3759000
2025-07-16,1105.0,1105.0,1170.0,1060.0,1115.0,3217800
2025-07-17,1105.0,1105.0,1150.0,1095.0,1110.0,2263300
2025-07-18,1115.0,1115.0,1135.0,1110.0,1120.0,1667100
2025-07-21,1130.0,1130.0,1160.0,1105.0,1150.0,3263700
2025-07-22,1140.0,1140.0,1155.0,1125.0,1130.0,2956300
2025-07-23,1200.0,1200.0,1230.0,1140.0,1140.0,3322100
2025-07-24,1280.0,1280.0,1350.0,1200.0,1200.0,12412600
2025-07-25,1340.0,1340.0,1385.0,1275.0,1300.0,7606500
2025-07-28,1400.0,1400.0,1420.0,1340.0,1345.0,6225300
2025-07-29,1375.0,1375.0,1435.0,1320.0,1405.0,3169800
2025-07-30,1370.0,1370.0,1405.0,1370.0,1375.0,1776600
2025-07-31,1305.0,1305.0,1385.0,1295.0,1375.0,2517300
2025-08-01,1255.0,1255.0,1315.0,1180.0,1305.0,2698900
2025-08-04,1370.0,1370.0,1380.0,1185.0,1255.0,3370600
2025-08-05,1335.0,1335.0,1380.0,1300.0,1370.0,2087900
2025-08-06,1340.0,1340.0,1365.0,1315.0,1345.0,1566100
2025-08-07,1340.0,1340.0,1345.0,1295.0,1340.0,1527700
2025-08-08,1460.0,1460.0,1495.0,1340.0,1340.0,9035900
2025-08-11,1595.0,1595.0,1625.0,1470.0,1470.0,8277800
2025-08-12,1580.0,1580.0,1655.0,1500.0,1600.0,9906500
2025-08-13,1550.0,1550.0,1600.0,1535.0,1585.0,1986200
2025-08-14,1520.0,1520.0,1550.0,1505.0,1550.0,2547500
2025-08-15,1540.0,1540.0,1540.0,1480.0,1520.0,2592900
2025-08-19,1535.0,1535.0,1615.0,1535.0,1550.0,3713300
2025-08-20,1545.0,1545.0,1590.0,1535.0,1590.0,1563400
2025-08-21,1535.0,1535.0,1585.0,1535.0,1585.0,1017700
2025-08-22,1555.0,1555.0,1580.0,1535.0,1560.0,1030700
2025-08-25,1575.0,1575.0,1585.0,1555.0,1555.0,2984200
2025-08-26,1600.0,1600.0,1600.0,1570.0,1580.0,2414900
2025-08-27,1580.0,1580.0,1695.0,1575.0,1600.0,6153300
2025-08-28,1585.0,1585.0,1610.0,1555.0,1590.0,2220800
2025-08-29,1570.0,1570.0,1590.0,1405.0,1580.0,3750700
2025-09-01,1575.0,1575.0,1600.0,1485.0,1510.0,2611000
2025-09-02,1635.0,1635.0,1650.0,1585.0,1600.0,3104500
2025-09-03,1605.0,1605.0,1660.0,1605.0,1650.0,1409300
2025-09-04,1570.0,1570.0,1645.0,1560.0,1645.0,2818900
2025-09-08,1535.0,1535.0,1580.0,1530.0,1570.0,1599600
2025-09-09,1470.0,1470.0,1535.0,1420.0,1535.0,1732700
2025-09-10,1480.0,1480.0,1505.0,1465.0,1465.0,888100
2025-09-11,1510.0,1510.0,1530.0,1485.0,1505.0,780900
2025-09-12,1490.0,1490.0,1520.0,1480.0,1520.0,1232000
2025-09-15,1500.0,1500.0,1510.0,1490.0,1500.0,709900
2025-09-16,1510.0,1510.0,1515.0,1485.0,1500.0,566400
2025-09-17,1530.0,1530.0,1540.0,1500.0,1535.0,1181800
2025-09-18,1580.0,1580.0,1615.0,1535.0,1535.0,2423100
2025-09-19,1535.0,1535.0,1590.0,1530.0,1590.0,1177400
2025-09-22,1500.0,1500.0,1550.0,1475.0,1540.0,1375300
2025-09-23,1485.0,1485.0,1510.0,1480.0,1500.0,867000
2025-09-24,1495.0,1495.0,1510.0,1485.0,1490.0,843400
2025-09-25,1485.0,1485.0,1510.0,1480.0,1500.0,1050000
2025-09-26,1480.0,1480.0,1505.0,1450.0,1500.0,1390000
2025-09-29,1480.0,1480.0,1510.0,1475.0,1500.0,731100
2025-09-30,1485.0,1485.0,1500.0,1470.0,1480.0,907400
2025-10-01,1540.0,1540.0,1555.0,1485.0,1485.0,2499900
2025-10-02,1525.0,1525.0,1640.0,1505.0,1555.0,4822500
2025-10-03,1495.0,1495.0,1535.0,1480.0,1525.0,1699800
2025-10-06,1510.0,1510.0,1525.0,1500.0,1500.0,900300
2025-10-07,1490.0,1490.0,1525.0,1485.0,1515.0,1486100
2025-10-08,1485.0,1485.0,1515.0,1460.0,1495.0,1486300
2025-10-09,1555.0,1555.0,1580.0,1485.0,1485.0,2674200
2025-10-10,1530.0,1530.0,1590.0,1530.0,1570.0,1027700
2025-10-13,1520.0,1520.0,1550.0,1505.0,1530.0,1158000
2025-10-14,1500.0,1500.0,1550.0,1295.0,1520.0,2711400
2025-10-15,1500.0,1500.0,1520.0,1465.0,1500.0,730300
2025-10-16,1495.0,1495.0,1530.0,1495.0,1500.0,494900
2025-10-17,1465.0,1465.0,1500.0,1425.0,1500.0,875900
2025-10-20,1510.0,1510.0,1530.0,1465.0,1465.0,973500
2025-10-21,1520.0,1520.0,1530.0,1510.0,1510.0,580600
2025-10-22,1480.0,1480.0,1530.0,1480.0,1520.0,1213300
2025-10-23,1490.0,1490.0,1515.0,1475.0,1490.0,680900
2025-10-24,1485.0,1485.0,1505.0,1480.0,1490.0,583900
2025-10-27,1490.0,1490.0,1495.0,1450.0,1495.0,901600
2025-10-28,1480.0,1480.0,1495.0,1475.0,1490.0,388500
2025-10-29,1490.0,1490.0,1550.0,1460.0,1500.0,989000
2025-10-30,1475.0,1475.0,1500.0,1300.0,1300.0,723600
2025-10-31,1495.0,1495.0,1495.0,1470.0,1475.0,959600
2025-11-03,1495.0,1495.0,1505.0,1490.0,1495.0,566300
2025-11-04,1480.0,1480.0,1495.0,1475.0,1495.0,428200
2025-11-05,1475.0,1475.0,1485.0,1470.0,1480.0,833700
2025-11-06,1480.0,1480.0,1485.0,1470.0,1475.0,578000
2025-11-07,1460.0,1460.0,1480.0,1450.0,1480.0,342600
2025-11-10,1475.0,1475.0,1485.0,1460.0,1460.0,496400
2025-11-11,1480.0,1480.0,1490.0,1465.0,1475.0,792000
2025-11-12,1475.0,1475.0,1485.0,1430.0,1480.0,421200
2025-11-13,1485.0,1485.0,1490.0,1465.0,1475.0,689100
2025-11-14,1470.0,1470.0,1495.0,1460.0,1490.0,756900
2025-11-17,1475.0,1475.0,1530.0,1475.0,1530.0,1400400
2025-11-18,1470.0,1470.0,1485.0,1465.0,1480.0,544800
2025-11-19,1490.0,1490.0,1490.0,1465.0,1480.0,690500
2025-11-20,1485.0,1485.0,1495.0,1475.0,1485.0,619200
2025-11-21,1470.0,1470.0,1485.0,1470.0,1485.0,80500
2025-11-24,1480.0,1480.0,1500.0,1460.0,1465.0,505300
2025-11-25,1470.0,1470.0,1490.0,1470.0,1490.0,708700
2025-11-26,1485.0,1485.0,1490.0,1470.0,1470.0,775800
2025-11-27,1500.0,1500.0,1535.0,1475.0,1475.0,5003200
2025-11-28,1500.0,1500.0,1520.0,1485.0,1505.0,1171100
2025-12-01,1470.0,1470.0,1505.0,1450.0,1500.0,1214500
2025-12-02,1480.0,1480.0,1490.0,1470.0,1470.0,735500
2025-12-03,1485.0,1485.0,1485.0,1470.0,1485.0,653000
2025-12-04,1480.0,1480.0,1495.0,1475.0,1495.0,698300
2025-12-05,1480.0,1480.0,1485.0,1475.0,1480.0,455100
2025-12-08,1490.0,1490.0,1505.0,1475.0,1495.0,1828700
2025-12-09,1495.0,1495.0,1500.0,1485.0,1490.0,1244300
2025-12-10,1455.0,1455.0,1495.0,1455.0,1485.0,1648600
2025-12-11,1465.0,1465.0,1500.0,1450.0,1455.0,1964900
2025-12-12,1480.0,1480.0,1485.0,1450.0,1465.0,1475100
2025-12-15,1535.0,1535.0,1540.0,1480.0,1485.0,5545900
2025-12-16,1490.0,1490.0,1530.0,1475.0,1525.0,2582800
2025-12-17,1475.0,1475.0,1515.0,1475.0,1500.0,2192200
2025-12-18,1465.0,1465.0,1495.0,1460.0,1495.0,1567700
2025-12-19,1475.0,1475.0,1480.0,1400.0,1465.0,1735400
2025-12-22,1475.0,1475.0,1485.0,1440.0,1480.0,1427600
2025-12-23,1465.0,1465.0,1480.0,1450.0,1480.0,702700
2025-12-24,1470.0,1470.0,1485.0,1450.0,1450.0,1042400
2025-12-29,1440.0,1440.0,1480.0,1345.0,1480.0,3381500
2025-12-30,1490.0,1490.0,1490.0,1395.0,1440.0,1813400
