Date,Adj Close,Close,High,Low,Open,Volume
2020-01-02,170.8200225830078,170.8200225830078,170.8200225830078,156.70265197753906,158.11439514160156,23770313
2020-01-03,167.9965362548828,167.9965362548828,173.6434783935547,165.17306518554688,172.23175048828125,19543177
2020-01-06,162.34959411621094,162.34959411621094,167.9965362548828,160.9378662109375,167.9965362548828,6884008
2020-01-07,165.17306518554688,165.17306518554688,167.9965362548828,159.526123046875,162.34959411621094,7252207
2020-01-08,183.525634765625,183.525634765625,190.58432006835938,165.17306518554688,166.58480834960938,65142365
2020-01-09,180.70216369628906,180.70216369628906,186.34910583496094,175.0552215576172,183.525634765625,27464489
2020-01-10,179.29043579101562,179.29043579101562,182.11390686035156,176.46694946289062,180.70216369628906,9705216
2020-01-13,176.46694946289062,176.46694946289062,182.11390686035156,175.0552215576172,179.29043579101562,13085169
2020-01-14,180.70216369628906,180.70216369628906,187.76084899902344,176.46694946289062,176.46694946289062,29570266
2020-01-15,176.46694946289062,176.46694946289062,183.525634765625,176.46694946289062,182.11390686035156,12358970
2020-01-16,175.0552215576172,175.0552215576172,176.46694946289062,169.4082794189453,176.46694946289062,8453565
2020-01-17,172.23175048828125,172.23175048828125,175.0552215576172,170.8200225830078,175.0552215576172,3729735
2020-01-20,169.4082794189453,169.4082794189453,173.6434783935547,166.58480834960938,173.6434783935547,6841365
2020-01-21,172.23175048828125,172.23175048828125,173.6434783935547,166.58480834960938,169.4082794189453,3858937
2020-01-22,163.76133728027344,163.76133728027344,173.6434783935547,163.76133728027344,170.8200225830078,7747201
2020-01-23,162.34959411621094,162.34959411621094,165.17306518554688,160.9378662109375,162.34959411621094,3621357
2020-01-24,163.76133728027344,163.76133728027344,167.9965362548828,162.34959411621094,162.34959411621094,2461225
2020-01-27,160.9378662109375,160.9378662109375,165.17306518554688,160.9378662109375,163.76133728027344,7319642
2020-01-28,160.9378662109375,160.9378662109375,162.34959411621094,155.29092407226562,160.9378662109375,10538233
2020-01-29,166.58480834960938,166.58480834960938,175.0552215576172,160.9378662109375,162.34959411621094,6412531
2020-01-30,160.9378662109375,160.9378662109375,167.9965362548828,160.9378662109375,166.58480834960938,1882788
2020-01-31,158.11439514160156,158.11439514160156,163.76133728027344,156.70265197753906,160.9378662109375,6025348
2020-02-03,155.29092407226562,155.29092407226562,158.11439514160156,152.4674530029297,155.29092407226562,5327767
2020-02-04,151.0557098388672,151.0557098388672,158.11439514160156,149.64398193359375,158.11439514160156,8057457
2020-02-05,146.8205108642578,146.8205108642578,153.87918090820312,146.8205108642578,152.4674530029297,10700161
2020-02-06,146.8205108642578,146.8205108642578,151.0557098388672,145.4087677001953,151.0557098388672,9912478
2020-02-07,148.23223876953125,148.23223876953125,149.64398193359375,143.99703979492188,146.8205108642578,9285024
2020-02-10,143.99703979492188,143.99703979492188,148.23223876953125,143.99703979492188,148.23223876953125,6225244
2020-02-11,145.4087677001953,145.4087677001953,149.64398193359375,145.4087677001953,145.4087677001953,7147230
2020-02-12,145.4087677001953,145.4087677001953,148.23223876953125,143.99703979492188,148.23223876953125,2231720
2020-02-13,142.58529663085938,142.58529663085938,146.8205108642578,142.58529663085938,146.8205108642578,7982797
2020-02-14,142.58529663085938,142.58529663085938,145.4087677001953,141.17356872558594,142.58529663085938,3727185
2020-02-17,142.58529663085938,142.58529663085938,143.99703979492188,141.17356872558594,142.58529663085938,3045329
2020-02-18,143.99703979492188,143.99703979492188,145.4087677001953,141.17356872558594,142.58529663085938,3656633
2020-02-19,152.4674530029297,152.4674530029297,152.4674530029297,143.99703979492188,143.99703979492188,13638813
2020-02-20,151.0557098388672,151.0557098388672,156.70265197753906,149.64398193359375,153.87918090820312,8903083
2020-02-21,148.23223876953125,148.23223876953125,153.87918090820312,146.8205108642578,152.4674530029297,4971893
2020-02-24,142.58529663085938,142.58529663085938,146.8205108642578,141.17356872558594,146.8205108642578,5671174
2020-02-25,140.4676971435547,140.4676971435547,143.99703979492188,139.76182556152344,142.58529663085938,6817281
2020-02-26,135.52662658691406,135.52662658691406,141.17356872558594,134.11488342285156,134.11488342285156,5125180
2020-02-27,129.8796844482422,129.8796844482422,136.9383544921875,129.8796844482422,136.2324981689453,6360964
2020-02-28,115.76232147216797,115.76232147216797,129.17381286621094,111.52711486816406,129.17381286621094,23308471
2020-03-02,114.3505859375,114.3505859375,119.99752807617188,110.82125091552734,115.76232147216797,9407426
2020-03-03,115.76232147216797,115.76232147216797,119.29166412353516,115.05645751953125,115.76232147216797,7028511
2020-03-04,123.52687072753906,123.52687072753906,124.23273468017578,113.64472198486328,115.76232147216797,17800216
2020-03-05,123.52687072753906,123.52687072753906,137.64422607421875,121.40926361083984,125.64447021484375,43757058
2020-03-06,117.17405700683594,117.17405700683594,123.52687072753906,117.17405700683594,122.1151351928711,13514003
2020-03-09,106.58604431152344,106.58604431152344,115.05645751953125,105.88017272949219,115.05645751953125,13685281
2020-03-10,108.70364379882812,108.70364379882812,112.93885040283203,105.17430877685547,105.88017272949219,11836351
2020-03-11,100.23323059082031,100.23323059082031,110.1153793334961,98.11563110351562,109.40951538085938,10944825
2020-03-12,90.35108184814453,90.35108184814453,99.5273666381836,90.35108184814453,99.5273666381836,9994505
2020-03-13,88.23347473144531,88.23347473144531,93.88042449951172,84.70413970947266,93.17455291748047,11397884
2020-03-16,88.23347473144531,88.23347473144531,88.23347473144531,88.23347473144531,88.23347473144531,0
2020-03-17,76.93959045410156,76.93959045410156,81.17479705810547,76.93959045410156,77.64546203613281,4541360
2020-03-18,71.99851989746094,71.99851989746094,76.93959045410156,71.99851989746094,76.93959045410156,5914138
2020-03-19,67.05744171142578,67.05744171142578,71.99851989746094,67.05744171142578,71.99851989746094,11968104
2020-03-20,64.23397064208984,64.23397064208984,68.46917724609375,62.822235107421875,67.05744171142578,20038878
2020-03-23,59.99876403808594,59.99876403808594,64.23397064208984,59.99876403808594,62.11636734008789,7769159
2020-03-24,59.29289627075195,59.29289627075195,62.822235107421875,56.469425201416016,59.99876403808594,10592351
2020-03-26,62.822235107421875,62.822235107421875,67.76331329345703,59.29289627075195,59.29289627075195,39701483
2020-03-27,69.175048828125,69.175048828125,76.93959045410156,64.23397064208984,65.64570617675781,61399454
2020-03-30,68.46917724609375,68.46917724609375,71.99851989746094,64.9398422241211,69.175048828125,14779962
2020-03-31,69.88091278076172,69.88091278076172,73.4102554321289,68.46917724609375,68.46917724609375,14146982
2020-04-01,69.175048828125,69.175048828125,74.82199096679688,68.46917724609375,70.58678436279297,26140162
2020-04-02,79.7630615234375,79.7630615234375,87.5276107788086,67.76331329345703,68.46917724609375,58128445
2020-04-03,83.29240417480469,83.29240417480469,88.23347473144531,78.35132598876953,81.17479705810547,37611432
2020-04-06,88.93934631347656,88.93934631347656,93.88042449951172,83.29240417480469,83.29240417480469,35616866
2020-04-07,88.23347473144531,88.23347473144531,94.58628845214844,84.70413970947266,93.17455291748047,28912778
2020-04-08,82.58653259277344,82.58653259277344,91.05695343017578,82.58653259277344,89.64521026611328,25060498
2020-04-09,83.29240417480469,83.29240417480469,85.41000366210938,79.05719757080078,83.29240417480469,13165354
2020-04-13,81.88066864013672,81.88066864013672,83.9982681274414,79.7630615234375,83.29240417480469,6980485
2020-04-14,84.70413970947266,84.70413970947266,87.5276107788086,82.58653259277344,82.58653259277344,16805270
2020-04-15,82.58653259277344,82.58653259277344,88.23347473144531,81.88066864013672,86.11587524414062,14650759
2020-04-16,81.17479705810547,81.17479705810547,83.29240417480469,78.35132598876953,83.29240417480469,9028177
2020-04-17,83.9982681274414,83.9982681274414,85.41000366210938,81.88066864013672,81.88066864013672,15723198
2020-04-20,83.29240417480469,83.29240417480469,84.70413970947266,79.7630615234375,84.70413970947266,11737749
2020-04-21,81.88066864013672,81.88066864013672,83.29240417480469,79.7630615234375,83.29240417480469,6561143
2020-04-22,82.58653259277344,82.58653259277344,83.29240417480469,79.7630615234375,80.46893310546875,5122913
2020-04-23,82.58653259277344,82.58653259277344,83.29240417480469,81.17479705810547,82.58653259277344,4384673
2020-04-24,81.17479705810547,81.17479705810547,81.88066864013672,79.05719757080078,81.88066864013672,5917963
2020-04-27,81.88066864013672,81.88066864013672,81.88066864013672,79.05719757080078,81.88066864013672,2619753
2020-04-28,82.58653259277344,82.58653259277344,82.58653259277344,80.46893310546875,81.88066864013672,2215853
2020-04-29,80.46893310546875,80.46893310546875,83.29240417480469,80.46893310546875,83.29240417480469,4353506
2020-04-30,83.9982681274414,83.9982681274414,86.82173919677734,81.88066864013672,81.88066864013672,15215454
2020-05-04,93.17455291748047,93.17455291748047,93.17455291748047,81.88066864013672,83.9982681274414,20220499
2020-05-05,102.35083770751953,102.35083770751953,106.58604431152344,90.35108184814453,93.88042449951172,112279093
2020-05-06,98.11563110351562,98.11563110351562,105.17430877685547,97.40975952148438,103.7625732421875,55052090
2020-05-08,95.29216003417969,95.29216003417969,98.82149505615234,95.29216003417969,98.82149505615234,11708849
2020-05-11,95.9980239868164,95.9980239868164,102.35083770751953,95.9980239868164,95.9980239868164,22796618
2020-05-12,92.46868133544922,92.46868133544922,98.11563110351562,92.46868133544922,95.29216003417969,24774609
2020-05-13,91.7628173828125,91.7628173828125,93.88042449951172,88.23347473144531,92.46868133544922,11922486
2020-05-14,90.35108184814453,90.35108184814453,95.9980239868164,88.93934631347656,91.7628173828125,47132619
2020-05-15,87.5276107788086,87.5276107788086,91.05695343017578,86.11587524414062,90.35108184814453,11810567
2020-05-18,116.46819305419922,116.46819305419922,117.87992858886719,88.23347473144531,88.23347473144531,282174496
2020-05-19,110.1153793334961,110.1153793334961,121.40926361083984,108.70364379882812,117.17405700683594,159650284
2020-05-20,104.46843719482422,104.46843719482422,110.1153793334961,104.46843719482422,105.88017272949219,46782837
2020-05-26,105.17430877685547,105.17430877685547,107.9977798461914,103.7625732421875,104.46843719482422,24105645
2020-05-27,103.7625732421875,103.7625732421875,107.29190826416016,101.64496612548828,107.29190826416016,48851071
2020-05-28,108.70364379882812,108.70364379882812,122.82099914550781,103.7625732421875,103.7625732421875,410806367
2020-05-29,105.17430877685547,105.17430877685547,112.93885040283203,104.46843719482422,108.70364379882812,127703368
2020-06-02,105.17430877685547,105.17430877685547,108.70364379882812,104.46843719482422,105.17430877685547,41989163
2020-06-03,111.52711486816406,111.52711486816406,115.76232147216797,105.88017272949219,107.9977798461914,231349259
2020-06-04,112.23298645019531,112.23298645019531,118.5857925415039,112.23298645019531,116.46819305419922,285113573
2020-06-05,114.3505859375,114.3505859375,114.3505859375,108.70364379882812,112.93885040283203,61028563
2020-06-08,129.8796844482422,129.8796844482422,132.70315551757812,115.05645751953125,115.76232147216797,420501950
2020-06-09,121.40926361083984,121.40926361083984,134.11488342285156,121.40926361083984,130.58554077148438,173292923
2020-06-10,116.46819305419922,116.46819305419922,121.40926361083984,112.93885040283203,114.3505859375,102378797
2020-06-11,119.29166412353516,119.29166412353516,126.350341796875,114.3505859375,114.3505859375,170197442
2020-06-12,145.4087677001953,145.4087677001953,146.8205108642578,122.1151351928711,125.64447021484375,900230711
2020-06-15,139.76182556152344,139.76182556152344,146.8205108642578,135.52662658691406,135.52662658691406,468605431
2020-06-16,140.4676971435547,140.4676971435547,148.23223876953125,139.76182556152344,141.17356872558594,184517970
2020-06-17,139.05596923828125,139.05596923828125,142.58529663085938,137.64422607421875,142.58529663085938,71901279
2020-06-18,133.40902709960938,133.40902709960938,139.76182556152344,131.29141235351562,139.76182556152344,151248569
2020-06-19,129.17381286621094,129.17381286621094,132.70315551757812,127.76207733154297,131.99728393554688,76949532
2020-06-22,135.52662658691406,135.52662658691406,139.76182556152344,126.350341796875,127.76207733154297,206909839
2020-06-23,133.40902709960938,133.40902709960938,136.9383544921875,132.70315551757812,135.52662658691406,46372137
2020-06-24,131.99728393554688,131.99728393554688,136.2324981689453,131.29141235351562,132.70315551757812,58829285
2020-06-25,129.17381286621094,129.17381286621094,132.70315551757812,128.4679412841797,130.58554077148438,52244199
2020-06-26,127.76207733154297,127.76207733154297,131.29141235351562,127.05620574951172,129.8796844482422,34215753
2020-06-29,133.40902709960938,133.40902709960938,136.9383544921875,125.64447021484375,127.76207733154297,124366200
2020-06-30,130.58554077148438,130.58554077148438,137.64422607421875,129.17381286621094,137.64422607421875,41940854
2020-07-01,131.29141235351562,131.29141235351562,135.52662658691406,129.17381286621094,131.29141235351562,83622736
2020-07-02,129.8796844482422,129.8796844482422,134.11488342285156,128.4679412841797,131.99728393554688,51677096
2020-07-03,129.8796844482422,129.8796844482422,131.99728393554688,129.17381286621094,130.58554077148438,33728835
2020-07-06,129.17381286621094,129.17381286621094,131.99728393554688,128.4679412841797,130.58554077148438,38110392
2020-07-07,129.17381286621094,129.17381286621094,130.58554077148438,128.4679412841797,129.17381286621094,33723168
2020-07-08,131.99728393554688,131.99728393554688,134.11488342285156,129.17381286621094,129.8796844482422,199318050
2020-07-09,130.5703125,130.5703125,133.42430114746094,129.8568115234375,133.42430114746094,71629956
2020-07-10,130.5703125,130.5703125,131.997314453125,129.8568115234375,130.5703125,34163609
2020-07-13,130.5703125,130.5703125,134.13780212402344,130.5703125,134.13780212402344,32738239
2020-07-14,129.143310546875,129.143310546875,131.2838134765625,128.4298095703125,130.5703125,43442389
2020-07-15,129.8568115234375,129.8568115234375,130.5703125,129.143310546875,129.8568115234375,45432581
2020-07-16,129.143310546875,129.143310546875,130.5703125,129.143310546875,129.143310546875,17149709
2020-07-17,129.143310546875,129.143310546875,129.8568115234375,129.143310546875,129.143310546875,14766244
2020-07-20,129.143310546875,129.143310546875,129.8568115234375,129.143310546875,129.143310546875,33852606
2020-07-21,129.143310546875,129.143310546875,129.8568115234375,128.4298095703125,129.143310546875,22703746
2020-07-22,127.71631622314453,127.71631622314453,129.143310546875,125.57582092285156,129.143310546875,58629376
2020-07-23,128.4298095703125,128.4298095703125,129.143310546875,127.00281524658203,127.71631622314453,18971435
2020-07-24,128.4298095703125,128.4298095703125,129.143310546875,127.71631622314453,127.71631622314453,35398369
2020-07-27,131.997314453125,131.997314453125,136.99180603027344,128.4298095703125,128.4298095703125,415473620
2020-07-28,127.71631622314453,127.71631622314453,134.85130310058594,127.71631622314453,132.7108154296875,198089424
2020-07-29,127.71631622314453,127.71631622314453,130.5703125,127.00281524658203,130.5703125,47725366
2020-07-30,127.00281524658203,127.00281524658203,131.2838134765625,127.00281524658203,131.2838134765625,37197951
2020-08-03,122.0083236694336,122.0083236694336,131.2838134765625,119.15432739257812,131.2838134765625,143026695
2020-08-04,127.00281524658203,127.00281524658203,127.71631622314453,122.7218246459961,122.7218246459961,53867351
2020-08-05,127.00281524658203,127.00281524658203,128.4298095703125,124.86231994628906,128.4298095703125,39959413
2020-08-06,129.8568115234375,129.8568115234375,132.7108154296875,126.28931427001953,127.00281524658203,247719769
2020-08-07,137.70530700683594,137.70530700683594,146.9807891845703,130.5703125,131.2838134765625,1246240343
2020-08-10,141.98629760742188,141.98629760742188,145.5537872314453,138.41879272460938,139.13229370117188,456301430
2020-08-11,140.55929565429688,140.55929565429688,146.9807891845703,139.13229370117188,145.5537872314453,286816672
2020-08-12,141.27279663085938,141.27279663085938,145.5537872314453,138.41879272460938,141.27279663085938,308818666
2020-08-13,139.84579467773438,139.84579467773438,144.1267852783203,139.84579467773438,141.98629760742188,120500104
2020-08-14,139.84579467773438,139.84579467773438,141.98629760742188,139.13229370117188,140.55929565429688,81226606
2020-08-18,139.84579467773438,139.84579467773438,141.98629760742188,139.13229370117188,141.98629760742188,73054625
2020-08-19,140.55929565429688,140.55929565429688,144.1267852783203,139.84579467773438,141.98629760742188,237425010
2020-08-24,188.3637237548828,188.3637237548828,188.3637237548828,141.27279663085938,142.69979858398438,2521390469
2020-08-25,188.3637237548828,188.3637237548828,209.76869201660156,181.22874450683594,184.08273315429688,2493706196
2020-08-26,206.91470336914062,206.91470336914062,222.61167907714844,179.80174255371094,188.3637237548828,2859697055
2020-08-27,204.06069946289062,204.06069946289062,216.9036865234375,192.64471435546875,211.19569396972656,1123699171
2020-08-28,209.76869201660156,209.76869201660156,215.4766845703125,202.6337127685547,204.06069946289062,698117336
2020-08-31,204.06069946289062,204.06069946289062,216.9036865234375,196.92572021484375,211.19569396972656,579320388
2020-09-01,204.06069946289062,204.06069946289062,208.34170532226562,198.3527069091797,202.6337127685547,353068064
2020-09-02,199.7797088623047,199.7797088623047,206.91470336914062,198.3527069091797,204.06069946289062,302941853
2020-09-03,198.3527069091797,198.3527069091797,204.06069946289062,195.49871826171875,204.06069946289062,244408201
2020-09-04,198.3527069091797,198.3527069091797,198.3527069091797,191.2177276611328,196.92572021484375,227991499
2020-09-07,201.2067108154297,201.2067108154297,211.19569396972656,198.3527069091797,199.7797088623047,556641729
2020-09-08,195.49871826171875,195.49871826171875,205.48770141601562,192.64471435546875,204.06069946289062,256132675
2020-09-09,186.9367218017578,186.9367218017578,195.49871826171875,186.9367218017578,192.64471435546875,263055040
2020-09-10,174.09375,174.09375,184.08273315429688,174.09375,184.08273315429688,220858483
2020-09-11,178.37474060058594,178.37474060058594,186.9367218017578,162.67776489257812,166.95875549316406,629146109
2020-09-14,184.08273315429688,184.08273315429688,191.2177276611328,179.80174255371094,184.08273315429688,382872872
2020-09-15,179.80174255371094,179.80174255371094,188.3637237548828,176.94773864746094,185.50973510742188,186227459
2020-09-16,185.50973510742188,185.50973510742188,195.49871826171875,176.94773864746094,179.80174255371094,502325743
2020-09-17,179.80174255371094,179.80174255371094,191.2177276611328,178.37474060058594,186.9367218017578,195136652
2020-09-18,181.22874450683594,181.22874450683594,186.9367218017578,178.37474060058594,181.22874450683594,146966295
2020-09-21,174.09375,174.09375,184.08273315429688,172.666748046875,184.08273315429688,157722162
2020-09-22,166.95875549316406,166.95875549316406,174.09375,165.53175354003906,172.666748046875,212858191
2020-09-23,159.8237762451172,159.8237762451172,171.23974609375,155.5427703857422,169.81275939941406,249684032
2020-09-24,151.26177978515625,151.26177978515625,159.8237762451172,151.26177978515625,156.9697723388672,215136961
2020-09-25,158.3967742919922,158.3967742919922,164.10476684570312,149.83477783203125,154.11578369140625,424656254
2020-09-28,158.3967742919922,158.3967742919922,165.53175354003906,155.5427703857422,161.25076293945312,150391247
2020-09-29,154.11578369140625,154.11578369140625,162.67776489257812,149.83477783203125,159.8237762451172,156866940
2020-09-30,149.83477783203125,149.83477783203125,155.5427703857422,146.9807891845703,155.5427703857422,87777421
2020-10-01,156.9697723388672,156.9697723388672,158.3967742919922,151.26177978515625,151.26177978515625,100164966
2020-10-02,151.26177978515625,151.26177978515625,159.8237762451172,149.83477783203125,158.3967742919922,138753389
2020-10-05,155.5427703857422,155.5427703857422,155.5427703857422,151.26177978515625,152.68878173828125,50335181
2020-10-06,155.5427703857422,155.5427703857422,159.8237762451172,155.5427703857422,155.5427703857422,118949295
2020-10-07,152.68878173828125,152.68878173828125,158.3967742919922,151.26177978515625,154.11578369140625,95636017
2020-10-08,154.11578369140625,154.11578369140625,156.9697723388672,152.68878173828125,154.11578369140625,121692397
2020-10-09,152.68878173828125,152.68878173828125,156.9697723388672,149.83477783203125,149.83477783203125,89607837
2020-10-12,178.37474060058594,178.37474060058594,189.7907257080078,154.11578369140625,155.5427703857422,1860546627
2020-10-13,182.65573120117188,182.65573120117188,195.49871826171875,168.38575744628906,179.80174255371094,1520260921
2020-10-14,179.80174255371094,179.80174255371094,191.2177276611328,176.94773864746094,184.08273315429688,629777924
2020-10-15,171.23974609375,171.23974609375,182.65573120117188,171.23974609375,179.80174255371094,274263045
2020-10-16,174.09375,174.09375,181.22874450683594,171.23974609375,171.23974609375,337184790
2020-10-19,176.94773864746094,176.94773864746094,185.50973510742188,175.520751953125,175.520751953125,478206437
2020-10-20,174.09375,174.09375,178.37474060058594,174.09375,178.37474060058594,134768800
2020-10-21,174.09375,174.09375,179.80174255371094,172.666748046875,176.94773864746094,179816798
2020-10-22,181.22874450683594,181.22874450683594,186.9367218017578,174.09375,176.94773864746094,616374822
2020-10-23,178.37474060058594,178.37474060058594,188.3637237548828,178.37474060058594,181.22874450683594,312170177
2020-10-26,178.37474060058594,178.37474060058594,182.65573120117188,176.94773864746094,178.37474060058594,200471908
2020-10-27,175.520751953125,175.520751953125,178.37474060058594,174.09375,176.94773864746094,171591698
2020-11-02,172.666748046875,172.666748046875,176.94773864746094,169.81275939941406,174.09375,197965387
2020-11-03,171.23974609375,171.23974609375,175.520751953125,169.81275939941406,174.09375,106772403
2020-11-04,169.81275939941406,169.81275939941406,176.94773864746094,169.81275939941406,172.666748046875,177251132
2020-11-05,174.09375,174.09375,174.09375,171.23974609375,171.23974609375,98062089
2020-11-06,174.09375,174.09375,176.94773864746094,172.666748046875,175.520751953125,146585355
2020-11-09,174.09375,174.09375,176.94773864746094,172.666748046875,175.520751953125,114707103
2020-11-10,188.3637237548828,188.3637237548828,189.7907257080078,174.09375,175.520751953125,920399227
2020-11-11,184.08273315429688,184.08273315429688,196.92572021484375,182.65573120117188,192.64471435546875,900541595
2020-11-12,181.22874450683594,181.22874450683594,185.50973510742188,179.80174255371094,185.50973510742188,131165991
2020-11-13,184.08273315429688,184.08273315429688,186.9367218017578,178.37474060058594,181.22874450683594,190842742
2020-11-16,185.50973510742188,185.50973510742188,188.3637237548828,184.08273315429688,185.50973510742188,117162327
2020-11-17,185.50973510742188,185.50973510742188,189.7907257080078,185.50973510742188,185.50973510742188,166764501
2020-11-18,191.2177276611328,191.2177276611328,194.07171630859375,185.50973510742188,186.9367218017578,416663671
2020-11-19,196.92572021484375,196.92572021484375,202.6337127685547,191.2177276611328,191.2177276611328,667297110
2020-11-20,194.07171630859375,194.07171630859375,201.2067108154297,194.07171630859375,198.3527069091797,204529798
2020-11-23,201.2067108154297,201.2067108154297,202.6337127685547,195.49871826171875,196.92572021484375,301719707
2020-11-24,201.2067108154297,201.2067108154297,206.91470336914062,199.7797088623047,202.6337127685547,286670631
2020-11-25,198.3527069091797,198.3527069091797,204.06069946289062,196.92572021484375,202.6337127685547,343341911
2020-11-26,202.6337127685547,202.6337127685547,204.06069946289062,198.3527069091797,198.3527069091797,225921559
2020-11-27,202.6337127685547,202.6337127685547,205.48770141601562,199.7797088623047,204.06069946289062,146570919
2020-11-30,194.07171630859375,194.07171630859375,205.48770141601562,189.7907257080078,205.48770141601562,357216353
2020-12-01,199.7797088623047,199.7797088623047,199.7797088623047,191.2177276611328,195.49871826171875,344740792
2020-12-02,242.5896453857422,242.5896453857422,248.29763793945312,198.3527069091797,198.3527069091797,3015252991
2020-12-03,236.88165283203125,236.88165283203125,248.29763793945312,234.0276641845703,245.4436492919922,738270583
2020-12-04,236.88165283203125,236.88165283203125,245.4436492919922,228.31967163085938,232.6006622314453,754612443
2020-12-07,248.29763793945312,248.29763793945312,255.43263244628906,236.88165283203125,241.1626434326172,1076271352
2020-12-08,251.15164184570312,251.15164184570312,262.567626953125,245.4436492919922,249.72463989257812,524101948
2020-12-10,251.15164184570312,251.15164184570312,258.28662109375,248.29763793945312,252.57862854003906,361639345
2020-12-11,249.72463989257812,249.72463989257812,258.28662109375,246.87063598632812,251.15164184570312,384758930
2020-12-14,271.1296081542969,271.1296081542969,281.11859130859375,249.72463989257812,249.72463989257812,1579125477
2020-12-15,269.7026062011719,269.7026062011719,276.83758544921875,265.421630859375,271.1296081542969,460632480
2020-12-16,273.9836120605469,273.9836120605469,279.69158935546875,269.7026062011719,269.7026062011719,437816330
2020-12-17,292.5345764160156,292.5345764160156,303.9505615234375,271.1296081542969,275.4106140136719,1182065758
2020-12-18,349.614501953125,349.614501953125,353.8954772949219,293.9615783691406,296.8155822753906,1546143650
2020-12-21,435.234375,435.234375,435.234375,353.8954772949219,356.7494812011719,1519927074
2020-12-22,442.3693542480469,442.3693542480469,513.71923828125,424.5318908691406,463.7743225097656,2319332153
2020-12-23,453.07183837890625,453.07183837890625,481.61181640625,413.82940673828125,453.07183837890625,1526648457
2020-12-28,435.234375,435.234375,478.0443115234375,431.6668701171875,453.07183837890625,571397181
2020-12-29,435.234375,435.234375,453.07183837890625,420.9643859863281,445.9368591308594,625766426
2020-12-30,410.26190185546875,410.26190185546875,449.5043640136719,406.69439697265625,435.234375,716903769
2021-01-04,417.3968811035156,417.3968811035156,431.6668701171875,388.85693359375,413.82940673828125,588822715
2021-01-05,410.26190185546875,410.26190185546875,428.0993957519531,406.69439697265625,420.9643859863281,258455033
2021-01-06,420.9643859863281,420.9643859863281,456.63934326171875,403.1269226074219,417.3968811035156,1076347315
2021-01-07,438.8018798828125,438.8018798828125,460.20684814453125,420.9643859863281,428.0993957519531,869133561
2021-01-08,435.234375,435.234375,460.20684814453125,431.6668701171875,445.9368591308594,628217586
2021-01-11,435.234375,435.234375,445.9368591308594,424.5318908691406,435.234375,426732641
2021-01-12,542.2592163085938,542.2592163085938,542.2592163085938,435.234375,438.8018798828125,2793699062
2021-01-13,542.2592163085938,542.2592163085938,542.2592163085938,542.2592163085938,542.2592163085938,0
2021-01-14,549.3942260742188,549.3942260742188,602.9066162109375,517.2867431640625,556.5291748046875,2195891330
2021-01-15,549.3942260742188,549.3942260742188,581.5016479492188,535.1242065429688,563.6641845703125,717717084
2021-01-18,513.71923828125,513.71923828125,560.0966796875,513.71923828125,549.3942260742188,580928940
2021-01-19,478.0443115234375,478.0443115234375,506.5842590332031,478.0443115234375,478.0443115234375,933622512
2021-01-20,474.476806640625,474.476806640625,495.88177490234375,445.9368591308594,445.9368591308594,1729316304
2021-01-21,445.9368591308594,445.9368591308594,492.3143005371094,442.3693542480469,474.476806640625,766348269
2021-01-22,417.3968811035156,417.3968811035156,449.5043640136719,417.3968811035156,445.9368591308594,611436623
2021-01-25,388.85693359375,388.85693359375,417.3968811035156,388.85693359375,392.4244384765625,820290744
2021-01-26,378.1544494628906,378.1544494628906,431.6668701171875,363.88446044921875,388.85693359375,1890117377
2021-01-27,378.1544494628906,378.1544494628906,406.69439697265625,363.88446044921875,378.1544494628906,859563821
2021-01-28,352.4684753417969,352.4684753417969,388.85693359375,352.4684753417969,363.88446044921875,707767526
2021-01-29,328.20953369140625,328.20953369140625,367.45196533203125,328.20953369140625,352.4684753417969,613269842
2021-02-01,333.9175109863281,333.9175109863281,342.4794921875,305.3775634765625,328.20953369140625,1666265197
2021-02-02,331.0635070800781,331.0635070800781,378.1544494628906,321.07452392578125,343.906494140625,1634476223
2021-02-03,348.1875,348.1875,356.7494812011719,329.63653564453125,336.7715148925781,738751032
2021-02-04,343.906494140625,343.906494140625,363.88446044921875,336.7715148925781,352.4684753417969,760744757
2021-02-05,346.760498046875,346.760498046875,349.614501953125,341.0525207519531,348.1875,209218522
2021-02-08,385.2894287109375,385.2894287109375,395.9919128417969,348.1875,349.614501953125,1487836347
2021-02-09,367.45196533203125,367.45196533203125,403.1269226074219,360.3169860839844,388.85693359375,830544297
2021-02-10,374.5869445800781,374.5869445800781,378.1544494628906,356.7494812011719,363.88446044921875,254177101
2021-02-11,374.5869445800781,374.5869445800781,378.1544494628906,363.88446044921875,378.1544494628906,160284744
2021-02-15,406.69439697265625,406.69439697265625,410.26190185546875,378.1544494628906,381.7219543457031,767687304
2021-02-16,410.26190185546875,410.26190185546875,420.9643859863281,399.5594177246094,410.26190185546875,430731246
2021-02-17,392.4244384765625,392.4244384765625,420.9643859863281,385.2894287109375,406.69439697265625,451569958
2021-02-18,381.7219543457031,381.7219543457031,399.5594177246094,378.1544494628906,392.4244384765625,290797196
2021-02-19,385.2894287109375,385.2894287109375,388.85693359375,367.45196533203125,381.7219543457031,217046844
2021-02-22,395.9919128417969,395.9919128417969,413.82940673828125,385.2894287109375,385.2894287109375,628174558
2021-02-23,399.5594177246094,399.5594177246094,406.69439697265625,392.4244384765625,399.5594177246094,242852067
2021-02-24,403.1269226074219,403.1269226074219,406.69439697265625,395.9919128417969,403.1269226074219,229143708
2021-02-25,417.3968811035156,417.3968811035156,435.234375,403.1269226074219,403.1269226074219,657965632
2021-02-26,413.82940673828125,413.82940673828125,420.9643859863281,399.5594177246094,410.26190185546875,430544840
2021-03-01,417.3968811035156,417.3968811035156,424.5318908691406,410.26190185546875,420.9643859863281,229295355
2021-03-02,406.69439697265625,406.69439697265625,424.5318908691406,406.69439697265625,420.9643859863281,190253393
2021-03-03,413.82940673828125,413.82940673828125,420.9643859863281,399.5594177246094,406.69439697265625,319787568
2021-03-04,420.9643859863281,420.9643859863281,445.9368591308594,406.69439697265625,424.5318908691406,996424986
2021-03-05,406.69439697265625,406.69439697265625,420.9643859863281,406.69439697265625,420.9643859863281,190084507
2021-03-08,403.1269226074219,403.1269226074219,420.9643859863281,399.5594177246094,410.26190185546875,221846571
2021-03-09,381.7219543457031,381.7219543457031,410.26190185546875,378.1544494628906,403.1269226074219,370477620
2021-03-10,367.45196533203125,367.45196533203125,385.2894287109375,363.88446044921875,385.2894287109375,274688133
2021-03-12,388.85693359375,388.85693359375,395.9919128417969,367.45196533203125,371.01947021484375,230157585
2021-03-15,381.7219543457031,381.7219543457031,395.9919128417969,378.1544494628906,392.4244384765625,126235641
2021-03-16,374.5869445800781,374.5869445800781,392.4244384765625,374.5869445800781,381.7219543457031,213026096
2021-03-17,381.7219543457031,381.7219543457031,388.85693359375,374.5869445800781,374.5869445800781,279841469
2021-03-18,378.1544494628906,378.1544494628906,388.85693359375,378.1544494628906,381.7219543457031,217303187
2021-03-19,371.01947021484375,371.01947021484375,381.7219543457031,367.45196533203125,374.5869445800781,614252464
2021-03-22,360.3169860839844,360.3169860839844,378.1544494628906,360.3169860839844,371.01947021484375,240906444
2021-03-23,348.1875,348.1875,363.88446044921875,345.33349609375,360.3169860839844,365797725
2021-03-24,343.906494140625,343.906494140625,349.614501953125,338.1985168457031,346.760498046875,130188555
2021-03-25,336.7715148925781,336.7715148925781,352.4684753417969,331.0635070800781,343.906494140625,195340156
2021-03-26,348.1875,348.1875,353.8954772949219,333.9175109863281,336.7715148925781,248104212
2021-03-29,341.0525207519531,341.0525207519531,352.4684753417969,339.6255187988281,349.614501953125,145778346
2021-03-30,342.4794921875,342.4794921875,346.760498046875,339.6255187988281,339.6255187988281,132698439
2021-03-31,345.33349609375,345.33349609375,345.33349609375,325.35552978515625,343.906494140625,298990621
2021-04-01,374.5869445800781,374.5869445800781,381.7219543457031,343.906494140625,346.760498046875,606394289
2021-04-05,363.88446044921875,363.88446044921875,378.1544494628906,356.7494812011719,374.5869445800781,208384884
2021-04-06,363.88446044921875,363.88446044921875,367.45196533203125,360.3169860839844,367.45196533203125,70776836
2021-04-07,367.45196533203125,367.45196533203125,367.45196533203125,360.3169860839844,363.88446044921875,70800522
2021-04-08,381.7219543457031,381.7219543457031,385.2894287109375,363.88446044921875,367.45196533203125,273964936
2021-04-09,374.5869445800781,374.5869445800781,385.2894287109375,371.01947021484375,381.7219543457031,116260154
2021-04-12,355.3224792480469,355.3224792480469,378.1544494628906,351.04150390625,374.5869445800781,137847571
2021-04-13,349.614501953125,349.614501953125,360.3169860839844,342.4794921875,355.3224792480469,101314512
2021-04-14,355.3224792480469,355.3224792480469,360.3169860839844,349.614501953125,349.614501953125,141132089
2021-04-15,351.04150390625,351.04150390625,360.3169860839844,349.614501953125,356.7494812011719,85148686
2021-04-16,348.1875,348.1875,353.8954772949219,348.1875,351.04150390625,61944168
2021-04-19,349.614501953125,349.614501953125,351.04150390625,345.33349609375,345.33349609375,37799494
2021-04-20,348.1875,348.1875,349.614501953125,346.760498046875,349.614501953125,18524203
2021-04-21,345.33349609375,345.33349609375,349.614501953125,343.906494140625,346.760498046875,41629072
2021-04-22,341.0525207519531,341.0525207519531,348.1875,341.0525207519531,345.33349609375,52987602
2021-04-23,341.0525207519531,341.0525207519531,342.4794921875,335.3445129394531,341.0525207519531,74591278
2021-04-26,336.7715148925781,336.7715148925781,343.906494140625,335.3445129394531,341.0525207519531,61116836
2021-04-27,332.4905090332031,332.4905090332031,341.0525207519531,332.4905090332031,336.7715148925781,70113766
2021-04-28,332.4905090332031,332.4905090332031,338.1985168457031,329.63653564453125,332.4905090332031,84945042
2021-04-29,335.3445129394531,335.3445129394531,338.1985168457031,332.4905090332031,335.3445129394531,72786089
2021-04-30,336.7715148925781,336.7715148925781,336.7715148925781,331.0635070800781,335.3445129394531,48792081
2021-05-03,328.20953369140625,328.20953369140625,339.6255187988281,328.20953369140625,336.7715148925781,102291107
2021-05-04,322.50152587890625,322.50152587890625,329.63653564453125,321.07452392578125,328.20953369140625,108668131
2021-05-05,333.9175109863281,333.9175109863281,339.6255187988281,316.7935485839844,322.50152587890625,232336145
2021-05-06,333.9175109863281,333.9175109863281,336.7715148925781,329.63653564453125,333.9175109863281,71523298
2021-05-07,326.78253173828125,326.78253173828125,336.7715148925781,325.35552978515625,332.4905090332031,52949060
2021-05-10,325.35552978515625,325.35552978515625,331.0635070800781,322.50152587890625,325.35552978515625,70329043
2021-05-11,322.50152587890625,322.50152587890625,328.20953369140625,319.6475524902344,326.78253173828125,75503402
2021-05-17,301.0965576171875,301.0965576171875,325.35552978515625,301.0965576171875,322.50152587890625,131292411
2021-05-18,296.8155822753906,296.8155822753906,306.8045654296875,282.54559326171875,301.0965576171875,183046515
2021-05-19,285.39959716796875,285.39959716796875,295.3885803222656,282.54559326171875,295.3885803222656,120814890
2021-05-20,286.82659912109375,286.82659912109375,296.8155822753906,282.54559326171875,285.39959716796875,76649164
2021-05-21,285.39959716796875,285.39959716796875,291.1075744628906,282.54559326171875,288.2535705566406,70389029
2021-05-24,288.2535705566406,288.2535705566406,291.1075744628906,285.39959716796875,285.39959716796875,56849136
2021-05-25,293.9615783691406,293.9615783691406,302.5235595703125,288.2535705566406,289.6805725097656,162378791
2021-05-27,289.6805725097656,289.6805725097656,301.0965576171875,288.2535705566406,293.9615783691406,70216779
2021-05-28,286.82659912109375,286.82659912109375,293.9615783691406,285.39959716796875,289.6805725097656,64492314
2021-05-31,291.1075744628906,291.1075744628906,292.5345764160156,286.82659912109375,289.6805725097656,46369933
2021-06-02,329.63653564453125,329.63653564453125,348.1875,293.9615783691406,296.8155822753906,914496766
2021-06-03,326.78253173828125,326.78253173828125,336.7715148925781,322.50152587890625,333.9175109863281,286652972
2021-06-04,338.1985168457031,338.1985168457031,346.760498046875,322.50152587890625,326.78253173828125,539741074
2021-06-07,328.20953369140625,328.20953369140625,343.906494140625,328.20953369140625,341.0525207519531,204505411
2021-06-08,321.07452392578125,321.07452392578125,338.1985168457031,321.07452392578125,331.0635070800781,175085747
2021-06-09,321.07452392578125,321.07452392578125,323.92852783203125,309.6585388183594,321.07452392578125,170470743
2021-06-10,325.35552978515625,325.35552978515625,331.0635070800781,319.6475524902344,322.50152587890625,142776520
2021-06-11,325.35552978515625,325.35552978515625,333.9175109863281,325.35552978515625,328.20953369140625,164033733
2021-06-14,315.3665466308594,315.3665466308594,331.0635070800781,315.3665466308594,328.20953369140625,112059026
2021-06-15,312.5125427246094,312.5125427246094,319.6475524902344,309.6585388183594,315.3665466308594,71281532
2021-06-16,305.3775634765625,305.3775634765625,313.9395446777344,303.9505615234375,312.5125427246094,101430560
2021-06-17,296.8155822753906,296.8155822753906,306.8045654296875,295.3885803222656,303.9505615234375,132572581
2021-06-18,302.5235595703125,302.5235595703125,309.6585388183594,293.9615783691406,305.3775634765625,179246509
2021-06-21,293.9615783691406,293.9615783691406,302.5235595703125,289.6805725097656,295.3885803222656,130856250
2021-06-22,318.2205505371094,318.2205505371094,326.78253173828125,293.9615783691406,293.9615783691406,590166795
2021-06-23,301.0965576171875,301.0965576171875,321.07452392578125,301.0965576171875,321.07452392578125,237765725
2021-06-24,302.5235595703125,302.5235595703125,311.0855407714844,299.6695556640625,301.0965576171875,141199923
2021-06-25,308.2315673828125,308.2315673828125,318.2205505371094,306.8045654296875,306.8045654296875,345221241
2021-06-28,295.3885803222656,295.3885803222656,308.2315673828125,295.3885803222656,308.2315673828125,128207613
2021-06-29,289.6805725097656,289.6805725097656,301.0965576171875,286.82659912109375,295.3885803222656,140929846
2021-06-30,285.39959716796875,285.39959716796875,298.2425537109375,285.39959716796875,289.6805725097656,227076151
2021-07-01,288.2535705566406,288.2535705566406,293.9615783691406,285.39959716796875,286.82659912109375,107874998
2021-07-02,293.9615783691406,293.9615783691406,302.5235595703125,286.82659912109375,289.6805725097656,206588665
2021-07-05,289.6805725097656,289.6805725097656,295.3885803222656,289.6805725097656,293.9615783691406,50494536
2021-07-06,291.1075744628906,291.1075744628906,293.9615783691406,288.2535705566406,289.6805725097656,56539394
2021-07-07,292.5345764160156,292.5345764160156,299.6695556640625,289.6805725097656,289.6805725097656,111034217
2021-07-08,291.1075744628906,291.1075744628906,301.0965576171875,291.1075744628906,293.9615783691406,162018454
2021-07-09,289.6805725097656,289.6805725097656,293.9615783691406,288.2535705566406,292.5345764160156,82515045
2021-07-12,291.1075744628906,291.1075744628906,293.9615783691406,289.6805725097656,291.1075744628906,60581587
2021-07-13,288.2535705566406,288.2535705566406,292.5345764160156,286.82659912109375,291.1075744628906,66071994
2021-07-14,282.54559326171875,282.54559326171875,288.2535705566406,282.54559326171875,288.2535705566406,94907355
2021-07-15,283.97259521484375,283.97259521484375,288.2535705566406,282.54559326171875,285.39959716796875,63535480
2021-07-16,283.97259521484375,283.97259521484375,286.82659912109375,282.54559326171875,285.39959716796875,42931806
2021-07-19,283.97259521484375,283.97259521484375,289.6805725097656,282.54559326171875,283.97259521484375,63885726
2021-07-21,285.39959716796875,285.39959716796875,288.2535705566406,283.97259521484375,285.39959716796875,65487831
2021-07-22,289.6805725097656,289.6805725097656,299.6695556640625,286.82659912109375,286.82659912109375,140387869
2021-07-23,288.2535705566406,288.2535705566406,292.5345764160156,286.82659912109375,291.1075744628906,54166301
2021-07-26,285.39959716796875,285.39959716796875,289.6805725097656,285.39959716796875,289.6805725097656,39797534
2021-07-27,288.2535705566406,288.2535705566406,295.3885803222656,285.39959716796875,285.39959716796875,162452652
2021-07-28,286.82659912109375,286.82659912109375,291.1075744628906,286.82659912109375,288.2535705566406,77078317
2021-07-29,285.39959716796875,285.39959716796875,291.1075744628906,285.39959716796875,289.6805725097656,59085859
2021-07-30,291.1075744628906,291.1075744628906,305.3775634765625,285.39959716796875,286.82659912109375,592446126
2021-08-02,289.6805725097656,289.6805725097656,293.9615783691406,288.2535705566406,293.9615783691406,91372661
2021-08-03,301.0965576171875,301.0965576171875,305.3775634765625,288.2535705566406,289.6805725097656,391216683
2021-08-04,374.5869445800781,374.5869445800781,374.5869445800781,303.9505615234375,305.3775634765625,2608653665
2021-08-05,453.07183837890625,453.07183837890625,467.3418273925781,385.2894287109375,399.5594177246094,3731715975
2021-08-06,424.5318908691406,424.5318908691406,470.9093322753906,424.5318908691406,456.63934326171875,944524000
2021-08-09,428.0993957519531,428.0993957519531,456.63934326171875,395.9919128417969,413.82940673828125,2986167034
2021-08-10,413.82940673828125,413.82940673828125,445.9368591308594,403.1269226074219,428.0993957519531,734604845
2021-08-12,424.5318908691406,424.5318908691406,453.07183837890625,413.82940673828125,417.3968811035156,1373938916
2021-08-13,424.5318908691406,424.5318908691406,438.8018798828125,413.82940673828125,424.5318908691406,777437143
2021-08-16,445.9368591308594,445.9368591308594,453.07183837890625,420.9643859863281,435.234375,1294082458
2021-08-18,417.3968811035156,417.3968811035156,453.07183837890625,417.3968811035156,449.5043640136719,653001644
2021-08-19,388.85693359375,388.85693359375,388.85693359375,388.85693359375,388.85693359375,50070710
2021-08-20,392.4244384765625,392.4244384765625,403.1269226074219,363.88446044921875,363.88446044921875,1823610063
2021-08-23,378.1544494628906,378.1544494628906,406.69439697265625,367.45196533203125,399.5594177246094,1177626929
2021-08-24,395.9919128417969,395.9919128417969,413.82940673828125,367.45196533203125,381.7219543457031,1147554706
2021-08-25,381.7219543457031,381.7219543457031,410.26190185546875,381.7219543457031,403.1269226074219,737886980
2021-08-26,374.5869445800781,374.5869445800781,395.9919128417969,374.5869445800781,385.2894287109375,318904875
2021-08-27,356.7494812011719,356.7494812011719,378.1544494628906,355.3224792480469,378.1544494628906,434853046
2021-08-30,346.760498046875,346.760498046875,363.88446044921875,345.33349609375,356.7494812011719,627960683
2021-08-31,338.1985168457031,338.1985168457031,353.8954772949219,336.7715148925781,348.1875,561721905
2021-09-01,349.614501953125,349.614501953125,360.3169860839844,335.3445129394531,339.6255187988281,733715145
2021-09-02,345.33349609375,345.33349609375,353.8954772949219,342.4794921875,351.04150390625,290881009
2021-09-03,346.760498046875,346.760498046875,349.614501953125,341.0525207519531,348.1875,245697481
2021-09-06,335.3445129394531,335.3445129394531,348.1875,328.20953369140625,346.760498046875,299529374
2021-09-07,329.63653564453125,329.63653564453125,338.1985168457031,328.20953369140625,335.3445129394531,248760976
2021-09-08,311.0855407714844,311.0855407714844,338.1985168457031,308.2315673828125,328.20953369140625,609584903
2021-09-09,312.5125427246094,312.5125427246094,316.7935485839844,302.5235595703125,311.0855407714844,397467287
2021-09-10,315.3665466308594,315.3665466308594,322.50152587890625,308.2315673828125,312.5125427246094,487716892
2021-09-13,316.7935485839844,316.7935485839844,318.2205505371094,309.6585388183594,315.3665466308594,177990446
2021-09-14,318.2205505371094,318.2205505371094,329.63653564453125,316.7935485839844,316.7935485839844,346798959
2021-09-15,313.9395446777344,313.9395446777344,321.07452392578125,312.5125427246094,318.2205505371094,106655795
2021-09-16,318.2205505371094,318.2205505371094,319.6475524902344,312.5125427246094,313.9395446777344,108103029
2021-09-17,316.7935485839844,316.7935485839844,321.07452392578125,313.9395446777344,319.6475524902344,103930914
2021-09-20,333.9175109863281,333.9175109863281,346.760498046875,313.9395446777344,326.78253173828125,1014071963
2021-09-21,319.6475524902344,319.6475524902344,332.4905090332031,315.3665466308594,332.4905090332031,445863573
2021-09-22,311.0855407714844,311.0855407714844,322.50152587890625,309.6585388183594,319.6475524902344,323343284
2021-09-23,305.3775634765625,305.3775634765625,313.9395446777344,303.9505615234375,312.5125427246094,226534735
2021-09-24,303.9505615234375,303.9505615234375,309.6585388183594,303.9505615234375,306.8045654296875,108675139
2021-09-27,301.0965576171875,301.0965576171875,306.8045654296875,301.0965576171875,303.9505615234375,95222842
2021-09-28,293.9615783691406,293.9615783691406,303.9505615234375,292.5345764160156,301.0965576171875,145908690
2021-09-29,305.3775634765625,305.3775634765625,308.2315673828125,288.2535705566406,293.9615783691406,206669534
2021-09-30,298.2425537109375,298.2425537109375,308.2315673828125,295.3885803222656,306.8045654296875,149102528
2021-10-01,296.8155822753906,296.8155822753906,301.0965576171875,293.9615783691406,298.2425537109375,71762262
2021-10-04,302.5235595703125,302.5235595703125,305.3775634765625,296.8155822753906,296.8155822753906,119774244
2021-10-05,296.8155822753906,296.8155822753906,303.9505615234375,296.8155822753906,303.9505615234375,125879789
2021-10-06,298.2425537109375,298.2425537109375,302.5235595703125,295.3885803222656,299.6695556640625,167875365
2021-10-07,315.3665466308594,315.3665466308594,319.6475524902344,298.2425537109375,298.2425537109375,536181293
2021-10-08,311.0855407714844,311.0855407714844,321.07452392578125,309.6585388183594,318.2205505371094,183501456
2021-10-11,301.0965576171875,301.0965576171875,315.3665466308594,301.0965576171875,311.0855407714844,123210549
2021-10-12,301.0965576171875,301.0965576171875,305.3775634765625,299.6695556640625,301.0965576171875,86725283
2021-10-13,295.3885803222656,295.3885803222656,303.9505615234375,295.3885803222656,302.5235595703125,127843912
2021-10-14,298.2425537109375,298.2425537109375,302.5235595703125,293.9615783691406,298.2425537109375,178860805
2021-10-15,302.5235595703125,302.5235595703125,306.8045654296875,298.2425537109375,299.6695556640625,105154321
2021-10-18,322.50152587890625,322.50152587890625,326.78253173828125,303.9505615234375,303.9505615234375,556640468
2021-10-19,318.2205505371094,318.2205505371094,326.78253173828125,315.3665466308594,325.35552978515625,220616716
2021-10-21,309.6585388183594,309.6585388183594,322.50152587890625,308.2315673828125,318.2205505371094,178021140
2021-10-22,316.7935485839844,316.7935485839844,318.2205505371094,306.8045654296875,312.5125427246094,91654792
2021-10-25,316.7935485839844,316.7935485839844,326.78253173828125,316.7935485839844,316.7935485839844,251117671
2021-10-26,313.9395446777344,313.9395446777344,321.07452392578125,312.5125427246094,316.7935485839844,90837412
2021-10-27,309.6585388183594,309.6585388183594,315.3665466308594,309.6585388183594,315.3665466308594,68049292
2021-10-28,306.8045654296875,306.8045654296875,315.3665466308594,302.5235595703125,309.6585388183594,120628625
2021-10-29,305.3775634765625,305.3775634765625,311.0855407714844,305.3775634765625,306.8045654296875,61836108
2021-11-01,306.8045654296875,306.8045654296875,312.5125427246094,305.3775634765625,306.8045654296875,46435245
2021-11-02,302.5235595703125,302.5235595703125,309.6585388183594,301.0965576171875,306.8045654296875,74563667
2021-11-03,303.9505615234375,303.9505615234375,306.8045654296875,299.6695556640625,302.5235595703125,65308433
2021-11-04,305.3775634765625,305.3775634765625,308.2315673828125,303.9505615234375,303.9505615234375,69317549
2021-11-05,306.8045654296875,306.8045654296875,313.9395446777344,303.9505615234375,305.3775634765625,144600909
2021-11-08,315.3665466308594,315.3665466308594,319.6475524902344,306.8045654296875,306.8045654296875,254257129
2021-11-09,293.9615783691406,293.9615783691406,321.07452392578125,293.9615783691406,316.7935485839844,564987642
2021-11-10,273.9836120605469,273.9836120605469,288.2535705566406,273.9836120605469,288.2535705566406,176200675
2021-11-11,255.43263244628906,255.43263244628906,255.43263244628906,255.43263244628906,255.43263244628906,73195200
2021-11-12,266.8486022949219,266.8486022949219,269.7026062011719,238.30865478515625,238.30865478515625,1242323589
2021-11-15,292.5345764160156,292.5345764160156,292.5345764160156,258.28662109375,265.421630859375,655721760
2021-11-16,306.8045654296875,306.8045654296875,315.3665466308594,285.39959716796875,292.5345764160156,864060393
2021-11-17,361.4165344238281,361.4165344238281,377.2161560058594,286.3682861328125,286.3682861328125,819152963
2021-11-18,343.6419372558594,343.6419372558594,361.4165344238281,337.71710205078125,361.4165344238281,349599076
2021-11-19,337.71710205078125,337.71710205078125,353.5167236328125,335.74212646484375,341.6669921875,185280492
2021-11-22,315.9925842285156,315.9925842285156,315.9925842285156,315.9925842285156,315.9925842285156,78020460
2021-11-23,294.2680969238281,294.2680969238281,294.2680969238281,294.2680969238281,294.2680969238281,68130001
2021-11-24,310.0677490234375,310.0677490234375,317.9675598144531,274.5185546875,274.5185546875,2325599496
2021-11-25,306.1178283691406,306.1178283691406,314.01763916015625,302.16790771484375,312.0426940917969,497620974
2021-11-26,310.0677490234375,310.0677490234375,325.86737060546875,300.1929626464844,306.1178283691406,1326792198
2021-11-29,300.1929626464844,300.1929626464844,315.9925842285156,296.2430725097656,308.0927734375,969399318
2021-11-30,294.2680969238281,294.2680969238281,308.0927734375,288.3432312011719,300.1929626464844,553445877
2021-12-01,282.41839599609375,282.41839599609375,298.218017578125,280.44342041015625,290.3182067871094,452392674
2021-12-02,292.29315185546875,292.29315185546875,300.1929626464844,274.5185546875,278.4684753417969,543635318
2021-12-03,292.29315185546875,292.29315185546875,296.2430725097656,290.3182067871094,294.2680969238281,157437106
2021-12-06,300.1929626464844,300.1929626464844,304.14288330078125,286.3682861328125,292.29315185546875,447152248
2021-12-07,296.2430725097656,296.2430725097656,306.1178283691406,294.2680969238281,302.16790771484375,421074472
2021-12-08,294.2680969238281,294.2680969238281,302.16790771484375,292.29315185546875,298.218017578125,269391931
2021-12-09,308.0927734375,308.0927734375,308.0927734375,292.29315185546875,294.2680969238281,416658267
2021-12-10,302.16790771484375,302.16790771484375,312.0426940917969,302.16790771484375,308.0927734375,238999118
2021-12-13,306.1178283691406,306.1178283691406,312.0426940917969,302.16790771484375,302.16790771484375,262226902
2021-12-14,300.1929626464844,300.1929626464844,308.0927734375,296.2430725097656,306.1178283691406,223237533
2021-12-15,298.218017578125,298.218017578125,304.14288330078125,298.218017578125,300.1929626464844,99331846
2021-12-16,298.218017578125,298.218017578125,302.16790771484375,294.2680969238281,300.1929626464844,189194204
2021-12-17,294.2680969238281,294.2680969238281,300.1929626464844,294.2680969238281,298.218017578125,173449734
2021-12-20,288.3432312011719,288.3432312011719,296.2430725097656,284.3933410644531,296.2430725097656,228544594
2021-12-21,288.3432312011719,288.3432312011719,294.2680969238281,288.3432312011719,288.3432312011719,98628234
2021-12-22,284.3933410644531,284.3933410644531,294.2680969238281,282.41839599609375,288.3432312011719,146679993
2021-12-23,284.3933410644531,284.3933410644531,288.3432312011719,280.44342041015625,284.3933410644531,81150154
2021-12-24,286.3682861328125,286.3682861328125,286.3682861328125,282.41839599609375,284.3933410644531,62349511
2021-12-27,282.41839599609375,282.41839599609375,286.3682861328125,282.41839599609375,286.3682861328125,78104715
2021-12-28,278.4684753417969,278.4684753417969,292.29315185546875,276.4935302734375,282.41839599609375,249739015
2021-12-29,268.5937194824219,268.5937194824219,282.41839599609375,266.6187438964844,280.44342041015625,271741860
2021-12-30,266.6187438964844,266.6187438964844,272.5436096191406,264.643798828125,268.5937194824219,149468311
2022-01-03,270.56866455078125,270.56866455078125,272.5436096191406,264.643798828125,266.6187438964844,123900522
2022-01-04,278.4684753417969,278.4684753417969,288.3432312011719,270.56866455078125,270.56866455078125,212059449
2022-01-05,272.5436096191406,272.5436096191406,282.41839599609375,272.5436096191406,282.41839599609375,101945578
2022-01-06,270.56866455078125,270.56866455078125,274.5185546875,268.5937194824219,272.5436096191406,84430636
2022-01-07,268.5937194824219,268.5937194824219,272.5436096191406,264.643798828125,270.56866455078125,126247717
2022-01-10,266.6187438964844,266.6187438964844,272.5436096191406,264.643798828125,270.56866455078125,99186323
2022-01-11,260.6938781738281,260.6938781738281,268.5937194824219,260.6938781738281,266.6187438964844,110857483
2022-01-12,250.81912231445312,250.81912231445312,264.643798828125,242.9193115234375,262.6688537597656,221252575
2022-01-13,256.7439880371094,256.7439880371094,262.6688537597656,244.89425659179688,252.79408264160156,138250226
2022-01-14,254.76902770996094,254.76902770996094,260.6938781738281,252.79408264160156,256.7439880371094,59222248
2022-01-17,250.81912231445312,250.81912231445312,256.7439880371094,248.8441619873047,254.76902770996094,49290977
2022-01-18,254.76902770996094,254.76902770996094,266.6187438964844,250.81912231445312,250.81912231445312,192433065
2022-01-19,256.7439880371094,256.7439880371094,264.643798828125,254.76902770996094,254.76902770996094,105315885
2022-01-20,256.7439880371094,256.7439880371094,260.6938781738281,254.76902770996094,256.7439880371094,45448457
2022-01-21,254.76902770996094,254.76902770996094,258.71893310546875,252.79408264160156,256.7439880371094,48710407
2022-01-24,246.8692169189453,246.8692169189453,256.7439880371094,242.9193115234375,252.79408264160156,130488829
2022-01-25,238.9694061279297,238.9694061279297,248.8441619873047,236.99444580078125,246.8692169189453,114428199
2022-01-26,231.069580078125,231.069580078125,242.9193115234375,227.1196746826172,238.9694061279297,124462561
2022-01-27,231.069580078125,231.069580078125,236.99444580078125,225.1447296142578,231.069580078125,102836940
2022-01-28,242.9193115234375,242.9193115234375,244.89425659179688,231.069580078125,231.069580078125,157236797
2022-01-31,274.5185546875,274.5185546875,278.4684753417969,244.89425659179688,244.89425659179688,721725364
2022-02-02,274.5185546875,274.5185546875,284.3933410644531,260.6938781738281,274.5185546875,290107353
2022-02-03,280.44342041015625,280.44342041015625,290.3182067871094,262.6688537597656,274.5185546875,403494313
2022-02-04,274.5185546875,274.5185546875,282.41839599609375,272.5436096191406,280.44342041015625,139807731
2022-02-07,274.5185546875,274.5185546875,282.41839599609375,270.56866455078125,274.5185546875,160785640
2022-02-08,290.3182067871094,290.3182067871094,292.29315185546875,274.5185546875,274.5185546875,513550056
2022-02-09,288.3432312011719,288.3432312011719,298.218017578125,284.3933410644531,292.29315185546875,331929801
2022-02-10,278.4684753417969,278.4684753417969,290.3182067871094,278.4684753417969,288.3432312011719,163076630
2022-02-11,278.4684753417969,278.4684753417969,284.3933410644531,274.5185546875,280.44342041015625,142823194
2022-02-14,268.5937194824219,268.5937194824219,278.4684753417969,264.643798828125,278.4684753417969,201783461
2022-02-15,272.5436096191406,272.5436096191406,276.4935302734375,264.643798828125,272.5436096191406,182006188
2022-02-16,276.4935302734375,276.4935302734375,286.3682861328125,272.5436096191406,274.5185546875,267813362
2022-02-17,274.5185546875,274.5185546875,280.44342041015625,272.5436096191406,278.4684753417969,108346032
2022-02-18,280.44342041015625,280.44342041015625,282.41839599609375,270.56866455078125,270.56866455078125,165680843
2022-02-21,278.4684753417969,278.4684753417969,288.3432312011719,276.4935302734375,282.41839599609375,167967985
2022-02-22,274.5185546875,274.5185546875,280.44342041015625,270.56866455078125,280.44342041015625,111334760
2022-02-23,272.5436096191406,272.5436096191406,278.4684753417969,270.56866455078125,274.5185546875,78999622
2022-02-24,256.7439880371094,256.7439880371094,276.4935302734375,256.7439880371094,272.5436096191406,248942034
2022-02-25,260.6938781738281,260.6938781738281,266.6187438964844,250.81912231445312,256.7439880371094,131423433
2022-03-01,262.6688537597656,262.6688537597656,266.6187438964844,260.6938781738281,260.6938781738281,95994046
2022-03-02,254.76902770996094,254.76902770996094,262.6688537597656,252.79408264160156,262.6688537597656,99197361
2022-03-04,248.8441619873047,248.8441619873047,256.7439880371094,246.8692169189453,252.79408264160156,99334985
2022-03-07,238.9694061279297,238.9694061279297,250.81912231445312,238.9694061279297,248.8441619873047,87705953
2022-03-08,238.9694061279297,238.9694061279297,246.8692169189453,236.99444580078125,246.8692169189453,99591396
2022-03-09,240.94435119628906,240.94435119628906,244.89425659179688,238.9694061279297,242.9193115234375,73157460
2022-03-10,248.8441619873047,248.8441619873047,250.81912231445312,242.9193115234375,244.89425659179688,93693536
2022-03-11,246.8692169189453,246.8692169189453,250.81912231445312,244.89425659179688,250.81912231445312,47027734
2022-03-14,244.89425659179688,244.89425659179688,250.81912231445312,242.9193115234375,248.8441619873047,56935511
2022-03-15,242.9193115234375,242.9193115234375,252.79408264160156,240.94435119628906,244.89425659179688,108030885
2022-03-16,246.8692169189453,246.8692169189453,246.8692169189453,242.9193115234375,244.89425659179688,67716219
2022-03-17,244.89425659179688,244.89425659179688,254.76902770996094,242.9193115234375,248.8441619873047,156013781
2022-03-18,240.94435119628906,240.94435119628906,246.8692169189453,240.94435119628906,244.89425659179688,70131870
2022-03-21,240.94435119628906,240.94435119628906,242.9193115234375,238.9694061279297,240.94435119628906,61390704
2022-03-22,242.9193115234375,242.9193115234375,246.8692169189453,240.94435119628906,242.9193115234375,166219387
2022-03-23,250.81912231445312,250.81912231445312,260.6938781738281,242.9193115234375,242.9193115234375,497588467
2022-03-24,246.8692169189453,246.8692169189453,252.79408264160156,244.89425659179688,250.81912231445312,118963293
2022-03-25,240.94435119628906,240.94435119628906,248.8441619873047,240.94435119628906,246.8692169189453,149684215
2022-03-28,240.94435119628906,240.94435119628906,248.8441619873047,240.94435119628906,240.94435119628906,151510992
2022-03-29,244.89425659179688,244.89425659179688,248.8441619873047,240.94435119628906,242.9193115234375,170731999
2022-03-30,242.9193115234375,242.9193115234375,248.8441619873047,240.94435119628906,246.8692169189453,94947034
2022-03-31,242.9193115234375,242.9193115234375,246.8692169189453,240.94435119628906,244.89425659179688,84157110
2022-04-01,242.9193115234375,242.9193115234375,244.89425659179688,240.94435119628906,242.9193115234375,49752760
2022-04-04,242.9193115234375,242.9193115234375,244.89425659179688,238.9694061279297,242.9193115234375,93021622
2022-04-05,240.94435119628906,240.94435119628906,242.9193115234375,238.9694061279297,240.94435119628906,61711622
2022-04-06,233.04454040527344,233.04454040527344,242.9193115234375,229.09463500976562,242.9193115234375,220623902
2022-04-07,229.09463500976562,229.09463500976562,235.0194854736328,217.24490356445312,217.24490356445312,125838391
2022-04-08,229.09463500976562,229.09463500976562,231.069580078125,223.16976928710938,229.09463500976562,194230575
2022-04-11,223.16976928710938,223.16976928710938,233.04454040527344,223.16976928710938,229.09463500976562,112623398
2022-04-12,223.16976928710938,223.16976928710938,227.1196746826172,219.21986389160156,219.21986389160156,71014119
2022-04-13,221.19482421875,221.19482421875,225.1447296142578,221.19482421875,223.16976928710938,54370488
2022-04-14,223.16976928710938,223.16976928710938,227.1196746826172,221.19482421875,223.16976928710938,53449859
2022-04-18,221.19482421875,221.19482421875,225.1447296142578,217.24490356445312,223.16976928710938,97515702
2022-04-19,219.21986389160156,219.21986389160156,221.19482421875,217.24490356445312,221.19482421875,81670976
2022-04-20,217.24490356445312,217.24490356445312,219.21986389160156,205.3951873779297,205.3951873779297,130766101
2022-04-21,211.32005310058594,211.32005310058594,217.24490356445312,211.32005310058594,215.26995849609375,36686631
2022-04-22,211.32005310058594,211.32005310058594,215.26995849609375,197.49537658691406,197.49537658691406,64600197
2022-04-25,209.3450927734375,209.3450927734375,211.32005310058594,203.42022705078125,211.32005310058594,86497621
2022-04-26,209.3450927734375,209.3450927734375,211.32005310058594,199.47032165527344,199.47032165527344,52555155
2022-04-27,213.2949981689453,213.2949981689453,213.2949981689453,205.3951873779297,209.3450927734375,61486807
2022-04-28,211.32005310058594,211.32005310058594,217.24490356445312,205.3951873779297,215.26995849609375,70821000
2022-05-09,201.44528198242188,201.44528198242188,211.32005310058594,201.44528198242188,209.3450927734375,95929741
2022-05-10,197.49537658691406,197.49537658691406,201.44528198242188,193.54547119140625,199.47032165527344,125652564
2022-05-11,199.47032165527344,199.47032165527344,201.44528198242188,195.52041625976562,199.47032165527344,105192337
2022-05-12,194.53294372558594,194.53294372558594,199.47032165527344,193.54547119140625,199.47032165527344,72884036
2022-05-13,203.42022705078125,203.42022705078125,207.37014770507812,195.52041625976562,197.49537658691406,170761874
2022-05-17,199.47032165527344,199.47032165527344,205.3951873779297,197.49537658691406,205.3951873779297,83263216
2022-05-18,209.3450927734375,209.3450927734375,213.2949981689453,199.47032165527344,201.44528198242188,142648911
2022-05-19,209.3450927734375,209.3450927734375,229.09463500976562,201.44528198242188,229.09463500976562,81538821
2022-05-20,211.32005310058594,211.32005310058594,215.26995849609375,205.3951873779297,207.37014770507812,79313250
2022-05-23,209.3450927734375,209.3450927734375,213.2949981689453,207.37014770507812,211.32005310058594,44485599
2022-05-24,211.32005310058594,211.32005310058594,219.21986389160156,207.37014770507812,209.3450927734375,141393894
2022-05-25,207.37014770507812,207.37014770507812,215.26995849609375,207.37014770507812,211.32005310058594,84686034
2022-05-27,205.3951873779297,205.3951873779297,211.32005310058594,203.42022705078125,207.37014770507812,94378818
2022-05-30,207.37014770507812,207.37014770507812,211.32005310058594,205.3951873779297,205.3951873779297,130177530
2022-05-31,203.42022705078125,203.42022705078125,213.2949981689453,203.42022705078125,207.37014770507812,352061311
2022-06-02,201.44528198242188,201.44528198242188,207.37014770507812,199.47032165527344,203.42022705078125,99990595
2022-06-03,203.42022705078125,203.42022705078125,207.37014770507812,199.47032165527344,203.42022705078125,73312603
2022-06-06,201.44528198242188,201.44528198242188,205.3951873779297,199.47032165527344,205.3951873779297,51250112
2022-06-07,199.47032165527344,199.47032165527344,203.42022705078125,197.49537658691406,201.44528198242188,77770733
2022-06-08,199.47032165527344,199.47032165527344,203.42022705078125,197.49537658691406,199.47032165527344,87805398
2022-06-09,197.49537658691406,197.49537658691406,201.44528198242188,197.49537658691406,201.44528198242188,69961031
2022-06-10,197.49537658691406,197.49537658691406,199.47032165527344,195.52041625976562,197.49537658691406,68107013
2022-06-13,190.58303833007812,190.58303833007812,197.49537658691406,188.6080780029297,194.53294372558594,112790389
2022-06-14,185.64564514160156,185.64564514160156,192.5579833984375,185.64564514160156,190.58303833007812,79268996
2022-06-15,180.70826721191406,180.70826721191406,188.6080780029297,179.72079467773438,187.62060546875,117314950
2022-06-16,183.6707000732422,183.6707000732422,194.53294372558594,180.70826721191406,181.69573974609375,201669838
2022-06-17,182.68321228027344,182.68321228027344,186.6331329345703,180.70826721191406,184.65817260742188,46764032
2022-06-20,181.69573974609375,181.69573974609375,185.64564514160156,178.73330688476562,185.64564514160156,56148454
2022-06-21,180.70826721191406,180.70826721191406,184.65817260742188,180.70826721191406,182.68321228027344,88946792
2022-06-22,178.73330688476562,178.73330688476562,182.68321228027344,177.74583435058594,181.69573974609375,88902842
2022-06-23,178.73330688476562,178.73330688476562,180.70826721191406,176.75836181640625,178.73330688476562,51949166
2022-06-24,183.6707000732422,183.6707000732422,183.6707000732422,177.74583435058594,177.74583435058594,97437320
2022-06-27,197.49537658691406,197.49537658691406,203.42022705078125,183.6707000732422,183.6707000732422,406319595
2022-06-28,192.5579833984375,192.5579833984375,201.44528198242188,190.58303833007812,197.49537658691406,172225604
2022-06-29,185.64564514160156,185.64564514160156,193.54547119140625,184.65817260742188,192.5579833984375,104417838
2022-06-30,178.73330688476562,178.73330688476562,185.64564514160156,178.73330688476562,185.64564514160156,69654695
2022-07-01,178.73330688476562,178.73330688476562,182.68321228027344,177.74583435058594,178.73330688476562,71104754
2022-07-04,171.8209686279297,171.8209686279297,179.72079467773438,168.85853576660156,178.73330688476562,100529443
2022-07-05,174.7834014892578,174.7834014892578,176.75836181640625,171.8209686279297,171.8209686279297,62312649
2022-07-06,173.79592895507812,173.79592895507812,176.75836181640625,172.80845642089844,174.7834014892578,29408182
2022-07-07,173.79592895507812,173.79592895507812,176.75836181640625,172.80845642089844,173.79592895507812,36748101
2022-07-08,177.74583435058594,177.74583435058594,179.72079467773438,174.7834014892578,174.7834014892578,60308450
2022-07-11,187.62060546875,187.62060546875,189.59555053710938,177.74583435058594,177.74583435058594,172841315
2022-07-12,199.47032165527344,199.47032165527344,201.44528198242188,186.6331329345703,187.62060546875,249679165
2022-07-13,196.5078887939453,196.5078887939453,205.3951873779297,194.53294372558594,201.44528198242188,305778505
2022-07-14,194.53294372558594,194.53294372558594,201.44528198242188,193.54547119140625,196.5078887939453,93534039
2022-07-15,199.47032165527344,199.47032165527344,213.2949981689453,194.53294372558594,194.53294372558594,700099541
2022-07-18,197.49537658691406,197.49537658691406,203.42022705078125,196.5078887939453,201.44528198242188,179801174
2022-07-19,205.3951873779297,205.3951873779297,205.3951873779297,195.52041625976562,197.49537658691406,187701511
2022-07-20,201.44528198242188,201.44528198242188,211.32005310058594,199.47032165527344,211.32005310058594,209304852
2022-07-21,201.44528198242188,201.44528198242188,207.37014770507812,197.49537658691406,201.44528198242188,168070570
2022-07-22,199.47032165527344,199.47032165527344,205.3951873779297,197.49537658691406,201.44528198242188,130665542
2022-07-25,197.49537658691406,197.49537658691406,201.44528198242188,195.52041625976562,199.47032165527344,116693569
2022-07-26,187.62060546875,187.62060546875,199.47032165527344,185.64564514160156,197.49537658691406,313235692
2022-07-27,190.58303833007812,190.58303833007812,193.54547119140625,179.72079467773438,179.72079467773438,137559880
2022-07-28,191.5705108642578,191.5705108642578,194.53294372558594,190.58303833007812,190.58303833007812,91745744
2022-07-29,189.59555053710938,189.59555053710938,193.54547119140625,187.62060546875,187.62060546875,63368674
2022-08-01,184.65817260742188,184.65817260742188,190.58303833007812,182.68321228027344,190.58303833007812,108707255
2022-08-02,185.64564514160156,185.64564514160156,188.6080780029297,182.68321228027344,184.65817260742188,78027245
2022-08-03,186.6331329345703,186.6331329345703,188.6080780029297,184.65817260742188,185.64564514160156,56981689
2022-08-04,187.62060546875,187.62060546875,190.58303833007812,185.64564514160156,186.6331329345703,69243546
2022-08-05,188.6080780029297,188.6080780029297,189.59555053710938,186.6331329345703,187.62060546875,36322977
2022-08-08,187.62060546875,187.62060546875,189.59555053710938,187.62060546875,188.6080780029297,42238964
2022-08-09,190.58303833007812,190.58303833007812,190.58303833007812,186.6331329345703,187.62060546875,75035580
2022-08-10,185.64564514160156,185.64564514160156,190.58303833007812,185.64564514160156,190.58303833007812,51877063
2022-08-11,187.62060546875,187.62060546875,190.58303833007812,185.64564514160156,185.64564514160156,88354981
2022-08-12,185.64564514160156,185.64564514160156,188.6080780029297,185.64564514160156,187.62060546875,42956854
2022-08-15,185.64564514160156,185.64564514160156,189.59555053710938,185.64564514160156,185.64564514160156,54078735
2022-08-16,185.64564514160156,185.64564514160156,188.6080780029297,185.64564514160156,185.64564514160156,52769540
2022-08-18,185.64564514160156,185.64564514160156,186.6331329345703,184.65817260742188,185.64564514160156,45387594
2022-08-19,185.64564514160156,185.64564514160156,188.6080780029297,184.65817260742188,185.64564514160156,46436328
2022-08-22,183.6707000732422,183.6707000732422,186.6331329345703,182.68321228027344,185.64564514160156,61303410
2022-08-23,182.68321228027344,182.68321228027344,184.65817260742188,180.70826721191406,183.6707000732422,59120169
2022-08-24,181.69573974609375,181.69573974609375,184.65817260742188,180.70826721191406,183.6707000732422,52794553
2022-08-25,180.70826721191406,180.70826721191406,183.6707000732422,179.72079467773438,182.68321228027344,57995687
2022-08-26,180.70826721191406,180.70826721191406,182.68321228027344,178.73330688476562,181.69573974609375,70742011
2022-08-29,178.73330688476562,178.73330688476562,179.72079467773438,177.74583435058594,179.72079467773438,31137944
2022-08-30,177.74583435058594,177.74583435058594,179.72079467773438,177.74583435058594,178.73330688476562,39258742
2022-08-31,180.70826721191406,180.70826721191406,183.6707000732422,177.74583435058594,178.73330688476562,136286433
2022-09-01,178.73330688476562,178.73330688476562,181.69573974609375,178.73330688476562,180.70826721191406,35794965
2022-09-02,178.73330688476562,178.73330688476562,181.69573974609375,177.74583435058594,178.73330688476562,34067937
2022-09-05,175.7708740234375,175.7708740234375,178.73330688476562,174.7834014892578,178.73330688476562,85442913
2022-09-06,174.7834014892578,174.7834014892578,176.75836181640625,174.7834014892578,175.7708740234375,44740086
2022-09-07,175.7708740234375,175.7708740234375,175.7708740234375,171.8209686279297,174.7834014892578,59501545
2022-09-08,174.7834014892578,174.7834014892578,176.75836181640625,173.79592895507812,175.7708740234375,44159515
2022-09-09,174.7834014892578,174.7834014892578,177.74583435058594,173.79592895507812,174.7834014892578,51094867
2022-09-12,174.7834014892578,174.7834014892578,176.75836181640625,173.79592895507812,174.7834014892578,29461956
2022-09-13,174.7834014892578,174.7834014892578,176.75836181640625,173.79592895507812,174.7834014892578,57795075
2022-09-14,173.79592895507812,173.79592895507812,175.7708740234375,171.8209686279297,173.79592895507812,40674370
2022-09-15,185.64564514160156,185.64564514160156,190.58303833007812,172.80845642089844,173.79592895507812,574185502
2022-09-16,182.68321228027344,182.68321228027344,192.5579833984375,182.68321228027344,185.64564514160156,186522141
2022-09-19,176.75836181640625,176.75836181640625,185.64564514160156,176.75836181640625,182.68321228027344,102299510
2022-09-20,174.7834014892578,174.7834014892578,179.72079467773438,173.79592895507812,177.74583435058594,90967903
2022-09-21,172.80845642089844,172.80845642089844,175.7708740234375,172.80845642089844,174.7834014892578,40934832
2022-09-22,174.7834014892578,174.7834014892578,175.7708740234375,172.80845642089844,174.7834014892578,41958451
2022-09-23,173.79592895507812,173.79592895507812,177.74583435058594,173.79592895507812,174.7834014892578,31112627
2022-09-26,171.8209686279297,171.8209686279297,174.7834014892578,170.83349609375,173.79592895507812,52053573
2022-09-27,170.83349609375,170.83349609375,172.80845642089844,169.8460235595703,172.80845642089844,51302467
2022-09-28,168.85853576660156,168.85853576660156,173.79592895507812,168.85853576660156,170.83349609375,125680210
2022-09-29,166.8835906982422,166.8835906982422,170.83349609375,165.8961181640625,168.85853576660156,57381091
2022-09-30,160.95872497558594,160.95872497558594,166.8835906982422,157.9962921142578,165.8961181640625,96473450
2022-10-03,159.97125244140625,159.97125244140625,162.93368530273438,158.98377990722656,160.95872497558594,31386153
2022-10-04,162.93368530273438,162.93368530273438,162.93368530273438,159.97125244140625,159.97125244140625,40965719
2022-10-05,160.95872497558594,160.95872497558594,164.90863037109375,160.95872497558594,162.93368530273438,52256414
2022-10-06,159.97125244140625,159.97125244140625,164.90863037109375,158.98377990722656,160.95872497558594,55425703
2022-10-07,158.98377990722656,158.98377990722656,160.95872497558594,157.9962921142578,160.95872497558594,36028489
2022-10-10,156.02134704589844,156.02134704589844,159.97125244140625,154.04638671875,158.98377990722656,66544850
2022-10-11,154.04638671875,154.04638671875,157.9962921142578,154.04638671875,156.02134704589844,22098543
2022-10-12,151.08395385742188,151.08395385742188,157.00881958007812,150.0964813232422,154.04638671875,84557322
2022-10-13,147.13404846191406,147.13404846191406,151.08395385742188,147.13404846191406,151.08395385742188,76165429
2022-10-14,137.25927734375,137.25927734375,148.1215362548828,137.25927734375,147.13404846191406,183607947
2022-10-17,134.29685974121094,134.29685974121094,138.24676513671875,128.3719940185547,138.24676513671875,167447163
2022-10-18,138.24676513671875,138.24676513671875,143.18414306640625,133.3093719482422,135.28433227539062,162747306
2022-10-19,134.29685974121094,134.29685974121094,140.22171020507812,131.3344268798828,138.24676513671875,143833648
2022-10-20,135.28433227539062,135.28433227539062,137.25927734375,133.3093719482422,134.29685974121094,35700988
2022-10-21,136.2718048095703,136.2718048095703,141.20919799804688,135.28433227539062,135.28433227539062,95934298
2022-10-24,141.20919799804688,141.20919799804688,144.17161560058594,135.28433227539062,136.2718048095703,130365687
2022-10-25,147.13404846191406,147.13404846191406,157.00881958007812,141.20919799804688,141.20919799804688,615219172
2022-10-26,141.20919799804688,141.20919799804688,148.1215362548828,140.22171020507812,147.13404846191406,184222138
2022-10-27,136.2718048095703,136.2718048095703,143.18414306640625,136.2718048095703,141.20919799804688,109994273
2022-10-28,134.29685974121094,134.29685974121094,138.24676513671875,134.29685974121094,136.2718048095703,58594993
2022-10-31,133.3093719482422,133.3093719482422,138.24676513671875,133.3093719482422,134.29685974121094,61478301
2022-11-01,133.3093719482422,133.3093719482422,136.2718048095703,133.3093719482422,133.3093719482422,37994712
2022-11-02,130.34693908691406,130.34693908691406,133.3093719482422,130.34693908691406,133.3093719482422,52925189
2022-11-03,129.35946655273438,129.35946655273438,130.34693908691406,127.38451385498047,130.34693908691406,130845090
2022-11-04,129.35946655273438,129.35946655273438,132.3218994140625,127.38451385498047,129.35946655273438,60858742
2022-11-07,130.34693908691406,130.34693908691406,132.3218994140625,128.3719940185547,129.35946655273438,70982422
2022-11-08,132.3218994140625,132.3218994140625,135.28433227539062,130.34693908691406,130.34693908691406,82863713
2022-11-09,131.3344268798828,131.3344268798828,134.29685974121094,130.34693908691406,132.3218994140625,90266114
2022-11-10,130.34693908691406,130.34693908691406,133.3093719482422,130.34693908691406,131.3344268798828,51710679
2022-11-11,131.3344268798828,131.3344268798828,134.29685974121094,129.35946655273438,129.35946655273438,112422887
2022-11-14,130.34693908691406,130.34693908691406,133.3093719482422,130.34693908691406,131.3344268798828,70734923
2022-11-15,133.3093719482422,133.3093719482422,137.25927734375,130.34693908691406,130.34693908691406,150486057
2022-11-16,131.3344268798828,131.3344268798828,134.29685974121094,130.34693908691406,133.3093719482422,60092850
2022-11-17,130.34693908691406,130.34693908691406,132.3218994140625,130.34693908691406,131.3344268798828,47081406
2022-11-18,130.34693908691406,130.34693908691406,133.3093719482422,130.34693908691406,130.34693908691406,54460415
2022-11-21,130.34693908691406,130.34693908691406,132.3218994140625,130.34693908691406,130.34693908691406,63290292
2022-11-22,130.34693908691406,130.34693908691406,133.3093719482422,129.35946655273438,131.3344268798828,65310694
2022-11-23,130.34693908691406,130.34693908691406,132.3218994140625,129.35946655273438,130.34693908691406,40635686
2022-11-24,130.34693908691406,130.34693908691406,131.3344268798828,129.35946655273438,130.34693908691406,48037176
2022-11-25,129.35946655273438,129.35946655273438,131.3344268798828,128.3719940185547,130.34693908691406,47295892
2022-11-28,128.3719940185547,128.3719940185547,130.34693908691406,127.38451385498047,129.35946655273438,47820968
2022-11-29,126.39704132080078,126.39704132080078,128.3719940185547,123.43460845947266,128.3719940185547,119957443
2022-11-30,127.38451385498047,127.38451385498047,127.38451385498047,124.42208099365234,126.39704132080078,57157794
2022-12-01,125.40956115722656,125.40956115722656,127.38451385498047,124.42208099365234,127.38451385498047,50861647
2022-12-02,124.42208099365234,124.42208099365234,125.40956115722656,123.43460845947266,125.40956115722656,45014725
2022-12-05,118.49722290039062,118.49722290039062,125.40956115722656,116.52227020263672,124.42208099365234,157038109
2022-12-06,112.5723648071289,112.5723648071289,118.49722290039062,111.58488464355469,118.49722290039062,65598802
2022-12-07,108.62245178222656,108.62245178222656,112.5723648071289,107.63497924804688,112.5723648071289,50620426
2022-12-08,108.62245178222656,108.62245178222656,109.60993194580078,103.68506622314453,108.62245178222656,68243522
2022-12-09,107.63497924804688,107.63497924804688,110.59740447998047,106.64749908447266,108.62245178222656,57090856
2022-12-12,110.59740447998047,110.59740447998047,114.54731750488281,106.64749908447266,107.63497924804688,77803949
2022-12-13,110.59740447998047,110.59740447998047,113.5598373413086,107.63497924804688,110.59740447998047,58632158
2022-12-14,105.66002655029297,105.66002655029297,110.59740447998047,104.67254638671875,110.59740447998047,63873901
2022-12-15,103.68506622314453,103.68506622314453,105.66002655029297,102.69759368896484,105.66002655029297,50755720
2022-12-16,101.71011352539062,101.71011352539062,103.68506622314453,101.71011352539062,103.68506622314453,39615206
2022-12-19,98.74768829345703,98.74768829345703,101.71011352539062,98.74768829345703,101.71011352539062,72439671
2022-12-20,98.74768829345703,98.74768829345703,103.68506622314453,96.77273559570312,96.77273559570312,116426120
2022-12-21,97.76020812988281,97.76020812988281,100.72264099121094,96.77273559570312,98.74768829345703,85005940
2022-12-22,99.73516082763672,99.73516082763672,103.68506622314453,97.76020812988281,97.76020812988281,141667926
2022-12-23,100.72264099121094,100.72264099121094,101.71011352539062,98.74768829345703,99.73516082763672,43039286
2022-12-26,99.73516082763672,99.73516082763672,101.71011352539062,99.73516082763672,100.72264099121094,32758843
2022-12-27,99.73516082763672,99.73516082763672,102.69759368896484,98.74768829345703,99.73516082763672,56318483
2022-12-28,98.74768829345703,98.74768829345703,101.71011352539062,98.74768829345703,99.73516082763672,61186648
2022-12-29,98.74768829345703,98.74768829345703,99.73516082763672,97.76020812988281,98.74768829345703,29376890
2022-12-30,100.72264099121094,100.72264099121094,102.69759368896484,97.76020812988281,98.74768829345703,91194946
2023-01-02,114.54731750488281,114.54731750488281,122.44712829589844,100.72264099121094,101.71011352539062,1339839389
2023-01-03,110.59740447998047,110.59740447998047,116.52227020263672,108.62245178222656,116.52227020263672,289395134
2023-01-04,112.5723648071289,112.5723648071289,117.5097427368164,108.62245178222656,110.59740447998047,348146080
2023-01-05,113.5598373413086,113.5598373413086,119.48470306396484,110.59740447998047,114.54731750488281,413153983
2023-01-06,112.5723648071289,112.5723648071289,117.5097427368164,111.58488464355469,114.54731750488281,139005484
2023-01-09,106.64749908447266,106.64749908447266,115.5347900390625,105.66002655029297,112.5723648071289,185500953
2023-01-10,110.59740447998047,110.59740447998047,112.5723648071289,104.67254638671875,105.66002655029297,227358541
2023-01-11,108.62245178222656,108.62245178222656,112.5723648071289,107.63497924804688,111.58488464355469,78742705
2023-01-12,109.60993194580078,109.60993194580078,112.5723648071289,107.63497924804688,109.60993194580078,104353027
2023-01-13,113.5598373413086,113.5598373413086,115.5347900390625,108.62245178222656,110.59740447998047,229903816
2023-01-16,118.49722290039062,118.49722290039062,120.47217559814453,113.5598373413086,113.5598373413086,429470922
2023-01-17,116.52227020263672,116.52227020263672,119.48470306396484,115.5347900390625,119.48470306396484,126793856
2023-01-18,117.5097427368164,117.5097427368164,121.45965576171875,115.5347900390625,116.52227020263672,243257243
2023-01-19,117.5097427368164,117.5097427368164,118.49722290039062,115.5347900390625,117.5097427368164,111230150
2023-01-20,125.40956115722656,125.40956115722656,127.38451385498047,116.52227020263672,117.5097427368164,451915093
2023-01-24,123.43460845947266,123.43460845947266,128.3719940185547,122.44712829589844,126.39704132080078,194743600
2023-01-25,124.42208099365234,124.42208099365234,127.38451385498047,122.44712829589844,123.43460845947266,131365710
2023-01-26,123.43460845947266,123.43460845947266,126.39704132080078,122.44712829589844,126.39704132080078,92178969
2023-01-27,125.40956115722656,125.40956115722656,130.34693908691406,122.44712829589844,123.43460845947266,306348949
2023-01-30,123.43460845947266,123.43460845947266,126.39704132080078,123.43460845947266,125.40956115722656,77127376
2023-01-31,118.49722290039062,118.49722290039062,124.42208099365234,118.49722290039062,124.42208099365234,105561561
2023-02-01,120.47217559814453,120.47217559814453,123.43460845947266,118.49722290039062,118.49722290039062,127747904
2023-02-02,126.39704132080078,126.39704132080078,126.39704132080078,120.47217559814453,121.45965576171875,124933863
2023-02-03,126.39704132080078,126.39704132080078,128.3719940185547,125.40956115722656,127.38451385498047,94274309
2023-02-06,134.29685974121094,134.29685974121094,136.2718048095703,125.40956115722656,126.39704132080078,317997526
2023-02-07,135.28433227539062,135.28433227539062,138.24676513671875,132.3218994140625,138.24676513671875,120410415
2023-02-08,126.39704132080078,126.39704132080078,137.25927734375,126.39704132080078,135.28433227539062,302985224
2023-02-09,122.44712829589844,122.44712829589844,126.39704132080078,118.49722290039062,118.49722290039062,177209113
2023-02-10,118.49722290039062,118.49722290039062,125.40956115722656,114.54731750488281,122.44712829589844,246952215
2023-02-13,114.54731750488281,114.54731750488281,118.49722290039062,114.54731750488281,118.49722290039062,90492955
2023-02-14,116.52227020263672,116.52227020263672,121.45965576171875,115.5347900390625,115.5347900390625,155906133
2023-02-15,116.52227020263672,116.52227020263672,118.49722290039062,115.5347900390625,118.49722290039062,66015420
2023-02-16,117.5097427368164,117.5097427368164,119.48470306396484,116.52227020263672,116.52227020263672,55899233
2023-02-17,116.52227020263672,116.52227020263672,119.48470306396484,116.52227020263672,118.49722290039062,40494518
2023-02-20,117.5097427368164,117.5097427368164,118.49722290039062,116.52227020263672,116.52227020263672,29522514
2023-02-21,119.48470306396484,119.48470306396484,122.44712829589844,117.5097427368164,117.5097427368164,103791292
2023-02-22,117.5097427368164,117.5097427368164,120.47217559814453,117.5097427368164,119.48470306396484,48321030
2023-02-23,117.5097427368164,117.5097427368164,119.48470306396484,117.5097427368164,118.49722290039062,35680835
2023-02-24,117.5097427368164,117.5097427368164,120.47217559814453,115.5347900390625,118.49722290039062,71738187
2023-02-27,117.5097427368164,117.5097427368164,118.49722290039062,116.52227020263672,117.5097427368164,31093184
2023-02-28,117.5097427368164,117.5097427368164,118.49722290039062,113.5598373413086,117.5097427368164,59014243
2023-03-01,116.52227020263672,116.52227020263672,118.49722290039062,115.5347900390625,117.5097427368164,17409116
2023-03-02,114.54731750488281,114.54731750488281,116.52227020263672,114.54731750488281,116.52227020263672,32118322
2023-03-03,113.5598373413086,113.5598373413086,115.5347900390625,112.5723648071289,115.5347900390625,32153057
2023-03-06,110.59740447998047,110.59740447998047,113.5598373413086,109.60993194580078,113.5598373413086,84815151
2023-03-07,110.59740447998047,110.59740447998047,114.54731750488281,109.60993194580078,110.59740447998047,77924559
2023-03-08,109.60993194580078,109.60993194580078,112.5723648071289,108.62245178222656,110.59740447998047,38065803
2023-03-09,112.5723648071289,112.5723648071289,112.5723648071289,109.60993194580078,110.59740447998047,37483409
2023-03-10,109.60993194580078,109.60993194580078,112.5723648071289,109.60993194580078,112.5723648071289,28617075
2023-03-13,109.60993194580078,109.60993194580078,110.59740447998047,105.66002655029297,108.62245178222656,98890316
2023-03-14,103.68506622314453,103.68506622314453,113.5598373413086,103.68506622314453,109.60993194580078,105309403
2023-03-15,102.69759368896484,102.69759368896484,106.64749908447266,101.71011352539062,104.67254638671875,33378908
2023-03-16,99.73516082763672,99.73516082763672,102.69759368896484,98.74768829345703,102.69759368896484,41965843
2023-03-17,101.71011352539062,101.71011352539062,103.68506622314453,99.73516082763672,101.71011352539062,36536957
2023-03-20,100.72264099121094,100.72264099121094,101.71011352539062,98.74768829345703,101.71011352539062,58314885
2023-03-21,102.69759368896484,102.69759368896484,106.64749908447266,100.72264099121094,100.72264099121094,119550648
2023-03-24,103.68506622314453,103.68506622314453,105.66002655029297,101.71011352539062,102.69759368896484,39544015
2023-03-27,105.66002655029297,105.66002655029297,107.63497924804688,102.69759368896484,103.68506622314453,34616709
2023-03-28,106.64749908447266,106.64749908447266,108.62245178222656,105.66002655029297,105.66002655029297,25332542
2023-03-29,108.62245178222656,108.62245178222656,110.59740447998047,105.66002655029297,107.63497924804688,32506078
2023-03-30,108.62245178222656,108.62245178222656,110.59740447998047,106.64749908447266,108.62245178222656,20591165
2023-03-31,108.62245178222656,108.62245178222656,111.58488464355469,107.63497924804688,108.62245178222656,62189710
2023-04-03,107.63497924804688,107.63497924804688,109.60993194580078,103.68506622314453,103.68506622314453,38010105
2023-04-04,104.67254638671875,104.67254638671875,107.63497924804688,104.67254638671875,107.63497924804688,20860640
2023-04-05,104.67254638671875,104.67254638671875,106.64749908447266,104.67254638671875,104.67254638671875,23844811
2023-04-06,103.68506622314453,103.68506622314453,105.66002655029297,102.69759368896484,105.66002655029297,31735325
2023-04-10,101.71011352539062,101.71011352539062,104.67254638671875,100.72264099121094,103.68506622314453,43484664
2023-04-11,102.69759368896484,102.69759368896484,103.68506622314453,101.71011352539062,101.71011352539062,18429292
2023-04-12,101.71011352539062,101.71011352539062,103.68506622314453,100.72264099121094,103.68506622314453,20123003
2023-04-13,102.69759368896484,102.69759368896484,103.68506622314453,101.71011352539062,101.71011352539062,15273674
2023-04-14,103.68506622314453,103.68506622314453,107.63497924804688,102.69759368896484,102.69759368896484,90609920
2023-04-17,103.68506622314453,103.68506622314453,105.66002655029297,103.68506622314453,103.68506622314453,18772692
2023-04-18,102.69759368896484,102.69759368896484,104.67254638671875,100.72264099121094,103.68506622314453,48177128
2023-04-26,102.69759368896484,102.69759368896484,102.69759368896484,100.72264099121094,101.71011352539062,19922188
2023-04-27,102.69759368896484,102.69759368896484,103.68506622314453,101.71011352539062,102.69759368896484,26947669
2023-04-28,101.71011352539062,101.71011352539062,103.68506622314453,100.72264099121094,102.69759368896484,50206340
2023-05-02,99.73516082763672,99.73516082763672,102.69759368896484,98.74768829345703,101.71011352539062,53314869
2023-05-03,100.72264099121094,100.72264099121094,101.71011352539062,98.74768829345703,99.73516082763672,51863594
2023-05-04,99.73516082763672,99.73516082763672,101.71011352539062,98.74768829345703,100.72264099121094,36150619
2023-05-05,99.73516082763672,99.73516082763672,100.72264099121094,98.74768829345703,99.73516082763672,32581320
2023-05-08,109.60993194580078,109.60993194580078,116.52227020263672,98.74768829345703,99.73516082763672,371779545
2023-05-09,107.63497924804688,107.63497924804688,112.5723648071289,106.64749908447266,110.59740447998047,237188240
2023-05-10,100.72264099121094,100.72264099121094,108.62245178222656,100.72264099121094,107.63497924804688,248448959
2023-05-11,102.69759368896484,102.69759368896484,103.68506622314453,100.72264099121094,101.71011352539062,84193263
2023-05-12,101.71011352539062,101.71011352539062,102.69759368896484,98.74768829345703,102.69759368896484,187874680
2023-05-15,100.72264099121094,100.72264099121094,102.69759368896484,98.74768829345703,98.74768829345703,123034072
2023-05-16,101.0,101.0,103.0,100.0,102.0,119517200
2023-05-17,101.0,101.0,102.0,100.0,102.0,52029100
2023-05-19,101.0,101.0,102.0,94.0,100.0,78936900
2023-05-22,100.0,100.0,101.0,100.0,101.0,95249900
2023-05-23,101.0,101.0,102.0,100.0,100.0,195107800
2023-05-24,100.0,100.0,102.0,100.0,101.0,118359900
2023-05-25,101.0,101.0,101.0,99.0,100.0,211292200
2023-05-26,101.0,101.0,103.0,100.0,101.0,566506700
2023-05-29,99.0,99.0,102.0,99.0,102.0,303265400
2023-05-30,100.0,100.0,101.0,98.0,100.0,205373100
2023-05-31,99.0,99.0,101.0,96.0,101.0,457932900
2023-06-05,98.0,98.0,100.0,96.0,98.0,254017400
2023-06-06,97.0,97.0,98.0,96.0,97.0,144003000
2023-06-07,95.0,95.0,98.0,95.0,97.0,117967700
2023-06-08,94.0,94.0,96.0,92.0,95.0,229959000
2023-06-09,93.0,93.0,95.0,92.0,94.0,117068300
2023-06-12,96.0,96.0,97.0,93.0,93.0,216298500
2023-06-13,95.0,95.0,98.0,95.0,97.0,113536300
2023-06-14,95.0,95.0,97.0,95.0,95.0,76388500
2023-06-15,95.0,95.0,96.0,94.0,95.0,40936800
2023-06-16,96.0,96.0,96.0,94.0,96.0,61489400
2023-06-19,96.0,96.0,97.0,95.0,96.0,36544700
2023-06-20,95.0,95.0,97.0,95.0,96.0,81470500
2023-06-21,97.0,97.0,97.0,95.0,96.0,32527600
2023-06-22,104.0,104.0,107.0,96.0,97.0,721396400
2023-06-23,102.0,102.0,106.0,102.0,105.0,212262200
2023-06-26,104.0,104.0,105.0,101.0,103.0,133981100
2023-06-27,102.0,102.0,105.0,101.0,104.0,140927800
2023-07-03,103.0,103.0,105.0,101.0,102.0,109195400
2023-07-04,109.0,109.0,110.0,103.0,104.0,410330800
2023-07-05,109.0,109.0,110.0,106.0,109.0,119224400
2023-07-06,110.0,110.0,113.0,107.0,109.0,262392400
2023-07-07,111.0,111.0,113.0,110.0,110.0,170021800
2023-07-10,112.0,112.0,115.0,111.0,112.0,192925600
2023-07-11,109.0,109.0,114.0,109.0,112.0,243526600
2023-07-12,110.0,110.0,111.0,109.0,109.0,58560400
2023-07-13,110.0,110.0,114.0,109.0,110.0,187558400
2023-07-14,110.0,110.0,111.0,108.0,110.0,93057800
2023-07-17,112.0,112.0,115.0,109.0,110.0,238637400
2023-07-18,111.0,111.0,114.0,111.0,112.0,135834200
2023-07-20,110.0,110.0,112.0,109.0,112.0,99632600
2023-07-21,109.0,109.0,111.0,109.0,110.0,84002700
2023-07-24,107.0,107.0,109.0,107.0,109.0,105324400
2023-07-25,106.0,106.0,108.0,105.0,107.0,97001600
2023-07-26,106.0,106.0,107.0,105.0,106.0,59123400
2023-07-27,106.0,106.0,108.0,105.0,106.0,53492100
2023-07-28,104.0,104.0,106.0,102.0,106.0,135245800
2023-07-31,104.0,104.0,106.0,103.0,104.0,68641500
2023-08-01,100.0,100.0,104.0,99.0,104.0,190457600
2023-08-02,99.0,99.0,100.0,98.0,100.0,92563900
2023-08-03,101.0,101.0,103.0,99.0,99.0,107687500
2023-08-04,101.0,101.0,102.0,100.0,102.0,43453000
2023-08-07,101.0,101.0,102.0,100.0,101.0,59138900
2023-08-08,100.0,100.0,102.0,100.0,102.0,30636900
2023-08-09,99.0,99.0,102.0,99.0,101.0,81583500
2023-08-10,98.0,98.0,100.0,97.0,99.0,72832600
2023-08-11,97.0,97.0,101.0,96.0,100.0,78906500
2023-08-14,97.0,97.0,98.0,96.0,97.0,53905300
2023-08-15,97.0,97.0,99.0,96.0,97.0,72746800
2023-08-16,98.0,98.0,101.0,97.0,98.0,84654200
2023-08-18,97.0,97.0,99.0,97.0,98.0,33074500
2023-08-21,96.0,96.0,99.0,96.0,97.0,62834300
2023-08-22,96.0,96.0,97.0,95.0,96.0,51314200
2023-08-23,95.0,95.0,97.0,95.0,97.0,58146000
2023-08-24,95.0,95.0,97.0,95.0,95.0,75451500
2023-08-25,96.0,96.0,97.0,95.0,95.0,49331200
2023-08-28,99.0,99.0,100.0,96.0,97.0,82351600
2023-08-29,98.0,98.0,100.0,98.0,99.0,62066200
2023-08-30,98.0,98.0,99.0,97.0,99.0,33574700
2023-08-31,97.0,97.0,99.0,97.0,98.0,226041800
2023-09-01,96.0,96.0,98.0,96.0,98.0,59257500
2023-09-04,97.0,97.0,98.0,96.0,96.0,56462900
2023-09-05,98.0,98.0,98.0,96.0,97.0,60672500
2023-09-06,97.0,97.0,98.0,96.0,98.0,50610400
2023-09-07,96.0,96.0,99.0,96.0,98.0,30984800
2023-09-08,96.0,96.0,97.0,95.0,96.0,88344400
2023-09-11,97.0,97.0,99.0,95.0,96.0,142884100
2023-09-12,97.0,97.0,98.0,96.0,98.0,41732400
2023-09-13,96.0,96.0,97.0,95.0,97.0,49796500
2023-09-14,96.0,96.0,96.0,95.0,96.0,19729400
2023-09-15,97.0,97.0,97.0,95.0,96.0,85350100
2023-09-18,96.0,96.0,100.0,96.0,100.0,45966600
2023-09-19,96.0,96.0,97.0,95.0,97.0,52800000
2023-09-20,96.0,96.0,97.0,96.0,96.0,36490500
2023-09-21,95.0,95.0,97.0,95.0,96.0,18718100
2023-09-22,96.0,96.0,96.0,95.0,95.0,20772400
2023-09-25,95.0,95.0,96.0,95.0,96.0,37259100
2023-09-26,93.0,93.0,96.0,93.0,95.0,60858400
2023-09-27,94.0,94.0,95.0,93.0,93.0,37099400
2023-09-29,93.0,93.0,94.0,92.0,94.0,64281100
2023-10-02,93.0,93.0,94.0,92.0,93.0,42387500
2023-10-03,92.0,92.0,94.0,91.0,93.0,74639900
2023-10-04,91.0,91.0,92.0,90.0,92.0,96449300
2023-10-05,90.0,90.0,92.0,90.0,91.0,40267600
2023-10-06,91.0,91.0,91.0,89.0,90.0,35598200
2023-10-09,89.0,89.0,91.0,89.0,90.0,94235900
2023-10-10,89.0,89.0,90.0,88.0,90.0,58335300
2023-10-11,88.0,88.0,90.0,88.0,89.0,55768600
2023-10-12,86.0,86.0,89.0,85.0,88.0,114620900
2023-10-13,86.0,86.0,88.0,86.0,86.0,35151100
2023-10-16,83.0,83.0,87.0,81.0,86.0,140286200
2023-10-17,81.0,81.0,84.0,79.0,83.0,111824500
2023-10-18,81.0,81.0,83.0,80.0,81.0,42822000
2023-10-19,80.0,80.0,81.0,79.0,81.0,28729100
2023-10-20,77.0,77.0,81.0,77.0,80.0,80376200
2023-10-23,76.0,76.0,78.0,72.0,77.0,115843200
2023-10-24,81.0,81.0,82.0,75.0,76.0,105464600
2023-10-25,80.0,80.0,82.0,78.0,82.0,80332500
2023-10-26,78.0,78.0,81.0,77.0,79.0,51604200
2023-10-27,79.0,79.0,81.0,77.0,78.0,51010600
2023-10-30,77.0,77.0,81.0,77.0,80.0,34920100
2023-10-31,78.0,78.0,78.0,75.0,78.0,80734500
2023-11-01,75.0,75.0,78.0,73.0,78.0,92664200
2023-11-02,77.0,77.0,79.0,75.0,75.0,55197300
2023-11-03,84.0,84.0,87.0,77.0,78.0,269982000
2023-11-06,83.0,83.0,87.0,82.0,84.0,100083300
2023-11-07,80.0,80.0,84.0,79.0,83.0,77668800
2023-11-08,80.0,80.0,81.0,78.0,80.0,47401800
2023-11-09,84.0,84.0,85.0,80.0,81.0,79580400
2023-11-10,83.0,83.0,85.0,82.0,84.0,51584700
2023-11-13,83.0,83.0,84.0,81.0,83.0,32242300
2023-11-14,81.0,81.0,83.0,80.0,83.0,57327400
2023-11-15,82.0,82.0,84.0,81.0,81.0,56908700
2023-11-16,82.0,82.0,83.0,81.0,83.0,43183200
2023-11-17,80.0,80.0,83.0,80.0,82.0,33344600
2023-11-20,79.0,79.0,81.0,79.0,80.0,74355000
2023-11-21,78.0,78.0,80.0,77.0,79.0,66670900
2023-11-22,77.0,77.0,80.0,77.0,78.0,65006000
2023-11-23,80.0,80.0,82.0,77.0,77.0,66796700
2023-11-24,86.0,86.0,86.0,80.0,81.0,281838700
2023-11-27,84.0,84.0,90.0,84.0,90.0,182973400
2023-11-28,82.0,82.0,85.0,82.0,84.0,107999800
2023-11-29,83.0,83.0,84.0,81.0,82.0,51956900
2023-11-30,80.0,80.0,84.0,80.0,83.0,67911200
2023-12-01,81.0,81.0,82.0,80.0,80.0,41208600
2023-12-04,80.0,80.0,83.0,80.0,81.0,98299700
2023-12-05,81.0,81.0,81.0,80.0,81.0,43734700
2023-12-06,82.0,82.0,85.0,80.0,81.0,106820000
2023-12-07,82.0,82.0,84.0,80.0,82.0,65302700
2023-12-08,81.0,81.0,83.0,80.0,82.0,39961000
2023-12-11,81.0,81.0,85.0,80.0,81.0,162800500
2023-12-12,85.0,85.0,86.0,80.0,81.0,263759400
2023-12-13,82.0,82.0,86.0,82.0,85.0,94874100
2023-12-14,85.0,85.0,85.0,83.0,83.0,129938100
2023-12-15,82.0,82.0,86.0,82.0,85.0,52596500
2023-12-18,81.0,81.0,83.0,81.0,83.0,36801200
2023-12-19,80.0,80.0,82.0,80.0,81.0,64055100
2023-12-20,80.0,80.0,82.0,79.0,80.0,93092200
2023-12-21,79.0,79.0,81.0,79.0,79.0,63777200
2023-12-22,79.0,79.0,81.0,79.0,80.0,29625400
2023-12-27,79.0,79.0,80.0,78.0,80.0,47431500
2023-12-28,80.0,80.0,81.0,79.0,80.0,29411300
2023-12-29,80.0,80.0,82.0,79.0,80.0,48305400
2024-01-02,81.0,81.0,82.0,79.0,79.0,40831200
2024-01-03,83.0,83.0,85.0,80.0,81.0,105333100
2024-01-04,84.0,84.0,85.0,82.0,82.0,86551700
2024-01-05,83.0,83.0,85.0,83.0,84.0,43009800
2024-01-08,84.0,84.0,85.0,82.0,83.0,41928100
2024-01-09,84.0,84.0,84.0,82.0,84.0,24478500
2024-01-10,83.0,83.0,84.0,82.0,84.0,13089500
2024-01-11,83.0,83.0,85.0,82.0,82.0,80451800
2024-01-12,83.0,83.0,84.0,82.0,83.0,15413600
2024-01-15,82.0,82.0,83.0,81.0,83.0,33839300
2024-01-16,81.0,81.0,82.0,81.0,82.0,35473200
2024-01-17,80.0,80.0,82.0,80.0,81.0,43029800
2024-01-18,81.0,81.0,82.0,80.0,81.0,33544800
2024-01-19,80.0,80.0,81.0,80.0,81.0,27702800
2024-01-22,80.0,80.0,81.0,80.0,81.0,26431400
2024-01-23,80.0,80.0,81.0,80.0,80.0,13826300
2024-01-24,79.0,79.0,81.0,78.0,80.0,61550700
2024-01-25,79.0,79.0,81.0,79.0,79.0,35962700
2024-01-26,78.0,78.0,80.0,78.0,79.0,30207300
2024-01-29,78.0,78.0,79.0,77.0,78.0,29906100
2024-01-30,77.0,77.0,79.0,77.0,78.0,36664900
2024-01-31,77.0,77.0,78.0,76.0,77.0,28579900
2024-02-01,79.0,79.0,79.0,77.0,77.0,19516600
2024-02-02,79.0,79.0,80.0,78.0,79.0,17389700
2024-02-05,79.0,79.0,80.0,79.0,79.0,16362200
2024-02-06,80.0,80.0,80.0,79.0,79.0,12087800
2024-02-07,79.0,79.0,80.0,78.0,80.0,28783300
2024-02-12,80.0,80.0,83.0,78.0,79.0,99449000
2024-02-13,80.0,80.0,82.0,79.0,80.0,37672000
2024-02-15,81.0,81.0,82.0,80.0,81.0,46022200
2024-02-16,80.0,80.0,81.0,79.0,81.0,12354500
2024-02-19,80.0,80.0,81.0,79.0,80.0,53710800
2024-02-20,80.0,80.0,80.0,79.0,79.0,13880600
2024-02-21,80.0,80.0,81.0,79.0,80.0,72505400
2024-02-22,80.0,80.0,80.0,79.0,80.0,12882900
2024-02-23,79.0,79.0,80.0,79.0,80.0,9270600
2024-02-26,78.0,78.0,80.0,78.0,80.0,27121000
2024-02-27,78.0,78.0,80.0,78.0,79.0,38491000
2024-02-28,78.0,78.0,79.0,78.0,79.0,12516400
2024-02-29,77.0,77.0,79.0,77.0,78.0,30394600
2024-03-01,78.0,78.0,80.0,77.0,77.0,39375600
2024-03-04,78.0,78.0,80.0,78.0,79.0,59596100
2024-03-05,77.0,77.0,79.0,77.0,78.0,39972300
2024-03-06,79.0,79.0,87.0,77.0,87.0,28653800
2024-03-07,79.0,79.0,80.0,77.0,79.0,23405300
2024-03-08,79.0,79.0,80.0,78.0,79.0,18428800
2024-03-13,78.0,78.0,80.0,77.0,79.0,52596900
2024-03-14,78.0,78.0,79.0,78.0,79.0,6626000
2024-03-15,80.0,80.0,82.0,78.0,78.0,113624600
2024-03-18,80.0,80.0,82.0,79.0,80.0,56317800
2024-03-19,79.0,79.0,81.0,79.0,81.0,27968800
2024-03-20,78.0,78.0,80.0,78.0,79.0,20424100
2024-03-21,79.0,79.0,80.0,78.0,78.0,16616300
2024-03-22,80.0,80.0,81.0,79.0,79.0,37300400
2024-03-25,79.0,79.0,80.0,79.0,80.0,16368600
2024-03-26,79.0,79.0,80.0,78.0,80.0,24818600
2024-03-27,78.0,78.0,80.0,78.0,79.0,21791600
2024-03-28,76.0,76.0,80.0,76.0,79.0,115283400
2024-04-01,75.0,75.0,77.0,73.0,77.0,117122800
2024-04-02,77.0,77.0,77.0,74.0,75.0,42021500
2024-04-03,74.0,74.0,77.0,74.0,77.0,44781600
2024-04-04,75.0,75.0,76.0,74.0,75.0,29780200
2024-04-05,74.0,74.0,76.0,74.0,75.0,22987600
2024-04-16,73.0,73.0,75.0,65.0,65.0,61230600
2024-04-17,72.0,72.0,74.0,71.0,73.0,34019900
2024-04-18,70.0,70.0,73.0,69.0,72.0,172753900
2024-04-19,67.0,67.0,70.0,65.0,70.0,84510100
2024-04-22,65.0,65.0,68.0,65.0,66.0,47791700
2024-04-23,66.0,66.0,68.0,65.0,65.0,65171800
2024-04-24,67.0,67.0,68.0,66.0,66.0,46514300
2024-04-25,65.0,65.0,68.0,65.0,68.0,38615400
2024-04-26,66.0,66.0,68.0,64.0,65.0,54714500
2024-04-29,65.0,65.0,66.0,65.0,66.0,15651500
2024-04-30,66.0,66.0,66.0,64.0,65.0,30926500
2024-05-02,65.0,65.0,66.0,64.0,66.0,27573000
2024-05-03,64.0,64.0,66.0,64.0,65.0,29287800
2024-05-06,62.0,62.0,65.0,61.0,64.0,74512700
2024-05-07,62.0,62.0,63.0,61.0,62.0,21371900
2024-05-08,59.0,59.0,63.0,58.0,63.0,67809600
2024-05-13,56.0,56.0,59.0,56.0,59.0,83893100
2024-05-14,57.0,57.0,58.0,56.0,57.0,99848400
2024-05-15,64.0,64.0,64.0,57.0,57.0,193444700
2024-05-16,65.0,65.0,69.0,62.0,64.0,104693400
2024-05-17,65.0,65.0,67.0,64.0,65.0,51000400
2024-05-20,62.0,62.0,66.0,61.0,66.0,95402300
2024-05-21,63.0,63.0,67.0,62.0,62.0,185014600
2024-05-22,63.0,63.0,66.0,62.0,64.0,90064300
2024-05-27,62.0,62.0,65.0,62.0,63.0,109719000
2024-05-28,62.0,62.0,64.0,61.0,62.0,40758600
2024-05-29,61.0,61.0,63.0,61.0,62.0,52164700
2024-05-30,60.0,60.0,62.0,59.0,61.0,66667300
2024-05-31,55.0,55.0,60.0,55.0,60.0,408870600
2024-06-03,50.0,50.0,57.0,50.0,55.0,627834000
2024-06-04,53.0,53.0,54.0,50.0,51.0,308326300
2024-06-05,51.0,51.0,54.0,50.0,53.0,136824800
2024-06-06,50.0,50.0,52.0,50.0,52.0,261967100
2024-06-07,50.0,50.0,51.0,50.0,51.0,65728700
2024-06-10,50.0,50.0,51.0,50.0,51.0,157333400
2024-06-11,50.0,50.0,50.0,50.0,50.0,8547000
2024-06-12,50.0,50.0,50.0,50.0,50.0,10163000
2024-06-13,50.0,50.0,50.0,50.0,50.0,9179400
2024-06-14,50.0,50.0,50.0,50.0,50.0,5158000
2024-06-19,50.0,50.0,50.0,50.0,50.0,7791100
2024-06-20,50.0,50.0,50.0,50.0,50.0,2566400
2024-06-21,50.0,50.0,50.0,50.0,50.0,319072000
2024-06-24,50.0,50.0,51.0,50.0,50.0,96740200
2024-06-25,50.0,50.0,50.0,50.0,50.0,29082400
2024-06-26,50.0,50.0,50.0,50.0,50.0,15329800
2024-06-27,50.0,50.0,50.0,50.0,50.0,68231600
2024-06-28,50.0,50.0,50.0,50.0,50.0,31286700
2024-07-01,50.0,50.0,50.0,50.0,50.0,31167600
2024-07-02,50.0,50.0,50.0,50.0,50.0,33366500
2024-07-03,53.0,53.0,58.0,50.0,50.0,668687000
2024-07-04,56.0,56.0,58.0,53.0,54.0,530313600
2024-07-05,54.0,54.0,57.0,53.0,57.0,180339200
2024-07-08,52.0,52.0,55.0,51.0,54.0,239594000
2024-07-09,54.0,54.0,57.0,51.0,53.0,216470300
2024-07-10,59.0,59.0,61.0,54.0,55.0,518677300
2024-07-11,56.0,56.0,61.0,56.0,59.0,405438400
2024-07-12,57.0,57.0,59.0,55.0,56.0,226423100
2024-07-15,58.0,58.0,58.0,56.0,57.0,29599100
2024-07-16,58.0,58.0,59.0,57.0,58.0,88361200
2024-07-17,58.0,58.0,59.0,57.0,58.0,110973700
2024-07-18,58.0,58.0,59.0,57.0,58.0,63497700
2024-07-19,56.0,56.0,58.0,55.0,58.0,148545200
2024-07-22,56.0,56.0,58.0,55.0,56.0,217895800
2024-07-23,56.0,56.0,57.0,55.0,56.0,118281400
2024-07-24,54.0,54.0,64.0,54.0,64.0,115927400
2024-07-25,56.0,56.0,59.0,53.0,55.0,432596400
2024-07-26,58.0,58.0,58.0,56.0,57.0,111061300
2024-07-29,58.0,58.0,58.0,57.0,58.0,38535200
2024-07-30,58.0,58.0,60.0,57.0,59.0,104758500
2024-07-31,58.0,58.0,60.0,57.0,58.0,97093800
2024-08-01,58.0,58.0,58.0,56.0,58.0,76968500
2024-08-02,57.0,57.0,58.0,56.0,58.0,40342500
2024-08-05,54.0,54.0,58.0,52.0,58.0,330696300
2024-08-06,53.0,53.0,56.0,53.0,54.0,134397100
2024-08-07,54.0,54.0,54.0,53.0,53.0,15717900
2024-08-08,54.0,54.0,54.0,53.0,53.0,19177600
2024-08-09,54.0,54.0,56.0,53.0,54.0,116101600
2024-08-12,54.0,54.0,55.0,54.0,54.0,99185900
2024-08-13,55.0,55.0,57.0,54.0,55.0,144850900
2024-08-14,56.0,56.0,57.0,55.0,56.0,49783000
2024-08-15,56.0,56.0,57.0,55.0,56.0,52225200
2024-08-16,59.0,59.0,60.0,56.0,56.0,433501900
2024-08-19,64.0,64.0,65.0,58.0,59.0,729233500
2024-08-20,71.0,71.0,75.0,63.0,65.0,1272111300
2024-08-21,66.0,66.0,73.0,66.0,71.0,474832900
2024-08-22,61.0,61.0,67.0,60.0,66.0,749532300
2024-08-23,64.0,64.0,65.0,62.0,62.0,429036100
2024-08-26,66.0,66.0,68.0,64.0,65.0,301667100
2024-08-27,64.0,64.0,67.0,63.0,66.0,178527100
2024-08-28,66.0,66.0,68.0,63.0,64.0,326866800
2024-08-29,64.0,64.0,67.0,63.0,66.0,224737900
2024-08-30,63.0,63.0,65.0,63.0,64.0,120256300
2024-09-02,65.0,65.0,66.0,63.0,64.0,274218700
2024-09-03,64.0,64.0,66.0,63.0,65.0,175737700
2024-09-04,63.0,63.0,65.0,62.0,63.0,102807400
2024-09-05,67.0,67.0,67.0,63.0,63.0,290317300
2024-09-06,66.0,66.0,68.0,66.0,67.0,101749800
2024-09-09,65.0,65.0,67.0,64.0,66.0,155810000
2024-09-10,64.0,64.0,67.0,64.0,65.0,205348600
2024-09-11,64.0,64.0,66.0,63.0,64.0,253438900
2024-09-12,64.0,64.0,65.0,62.0,64.0,224376600
2024-09-13,64.0,64.0,64.0,63.0,64.0,54037200
2024-09-17,64.0,64.0,65.0,63.0,64.0,83637100
2024-09-18,68.0,68.0,70.0,63.0,64.0,868002000
2024-09-19,69.0,69.0,70.0,66.0,69.0,220748400
2024-09-20,66.0,66.0,70.0,66.0,70.0,218892500
2024-09-23,66.0,66.0,67.0,65.0,66.0,266113800
2024-09-24,67.0,67.0,69.0,66.0,66.0,283764100
2024-09-25,65.0,65.0,68.0,65.0,66.0,140849300
2024-09-26,66.0,66.0,66.0,65.0,66.0,59461200
2024-09-27,66.0,66.0,66.0,65.0,66.0,43529900
2024-09-30,64.0,64.0,66.0,63.0,66.0,226607600
2024-10-01,64.0,64.0,64.0,63.0,63.0,137744500
2024-10-02,60.0,60.0,64.0,59.0,63.0,424700300
2024-10-03,63.0,63.0,64.0,60.0,60.0,112136300
2024-10-04,62.0,62.0,64.0,61.0,62.0,119913800
2024-10-07,60.0,60.0,63.0,59.0,63.0,342821400
2024-10-08,60.0,60.0,61.0,59.0,60.0,253198300
2024-10-09,60.0,60.0,62.0,60.0,61.0,119768600
2024-10-10,60.0,60.0,61.0,59.0,61.0,178761500
2024-10-11,60.0,60.0,61.0,59.0,60.0,79731100
2024-10-14,59.0,59.0,60.0,59.0,60.0,117506900
2024-10-15,62.0,62.0,63.0,59.0,59.0,246141900
2024-10-16,61.0,61.0,63.0,61.0,62.0,140047200
2024-10-17,62.0,62.0,64.0,61.0,61.0,204302300
2024-10-18,62.0,62.0,63.0,61.0,63.0,87330600
2024-10-21,62.0,62.0,63.0,61.0,62.0,176097900
2024-10-22,63.0,63.0,63.0,61.0,63.0,114521900
2024-10-23,62.0,62.0,63.0,61.0,63.0,108361700
2024-10-24,61.0,61.0,63.0,61.0,62.0,42467700
2024-10-25,61.0,61.0,63.0,60.0,62.0,178449200
2024-10-28,60.0,60.0,62.0,60.0,61.0,199648200
2024-10-29,61.0,61.0,61.0,59.0,60.0,128186500
2024-10-30,59.0,59.0,61.0,59.0,60.0,77453500
2024-10-31,60.0,60.0,62.0,59.0,60.0,234606300
2024-11-01,60.0,60.0,62.0,59.0,61.0,109708600
2024-11-04,58.0,58.0,61.0,58.0,60.0,246665800
2024-11-05,58.0,58.0,59.0,58.0,58.0,123623500
2024-11-06,57.0,57.0,60.0,56.0,59.0,197886300
2024-11-07,56.0,56.0,58.0,56.0,57.0,137525200
2024-11-08,57.0,57.0,58.0,56.0,56.0,40692200
2024-11-11,55.0,55.0,58.0,53.0,57.0,185168900
2024-11-12,55.0,55.0,56.0,54.0,55.0,102234000
2024-11-13,54.0,54.0,56.0,54.0,55.0,109901300
2024-11-14,53.0,53.0,55.0,53.0,54.0,82435000
2024-11-15,54.0,54.0,54.0,53.0,53.0,82048600
2024-11-18,53.0,53.0,54.0,53.0,53.0,35784300
2024-11-19,54.0,54.0,56.0,53.0,53.0,155584800
2024-11-20,54.0,54.0,56.0,53.0,54.0,177728500
2024-11-21,54.0,54.0,55.0,54.0,54.0,85632200
2024-11-22,54.0,54.0,63.0,54.0,63.0,34389000
2024-11-25,56.0,56.0,56.0,54.0,55.0,46176500
2024-11-26,56.0,56.0,56.0,54.0,56.0,93720200
2024-11-28,55.0,55.0,56.0,55.0,56.0,58764100
2024-11-29,55.0,55.0,56.0,54.0,56.0,68951300
2024-12-02,54.0,54.0,56.0,53.0,55.0,141622300
2024-12-03,54.0,54.0,55.0,53.0,55.0,32229600
2024-12-04,53.0,53.0,55.0,53.0,54.0,70145900
2024-12-05,54.0,54.0,54.0,53.0,54.0,21732700
2024-12-06,53.0,53.0,54.0,53.0,54.0,48419100
2024-12-09,54.0,54.0,55.0,53.0,54.0,71555400
2024-12-10,54.0,54.0,55.0,53.0,54.0,76497400
2024-12-11,54.0,54.0,56.0,54.0,54.0,111839000
2024-12-12,56.0,56.0,57.0,55.0,55.0,110398000
2024-12-13,55.0,55.0,56.0,55.0,56.0,51984200
2024-12-16,54.0,54.0,56.0,53.0,56.0,41507100
2024-12-17,53.0,53.0,54.0,53.0,54.0,94058100
2024-12-18,53.0,53.0,54.0,52.0,53.0,95919200
2024-12-19,52.0,52.0,53.0,51.0,53.0,105879900
2024-12-20,52.0,52.0,54.0,51.0,52.0,82871600
2024-12-23,54.0,54.0,55.0,52.0,53.0,189370500
2024-12-24,53.0,53.0,55.0,53.0,54.0,65282000
2024-12-27,53.0,53.0,54.0,52.0,53.0,62881900
2024-12-30,54.0,54.0,54.0,52.0,53.0,97577000
2025-01-02,55.0,55.0,56.0,53.0,54.0,93059600
2025-01-03,54.0,54.0,56.0,54.0,55.0,10954200
2025-01-06,53.0,53.0,55.0,53.0,54.0,52291000
2025-01-07,53.0,53.0,54.0,53.0,53.0,27026600
2025-01-08,52.0,52.0,54.0,52.0,53.0,52717200
2025-01-09,52.0,52.0,53.0,51.0,52.0,63433000
2025-01-10,53.0,53.0,53.0,51.0,52.0,44579500
2025-01-13,52.0,52.0,53.0,51.0,52.0,29431700
2025-01-14,52.0,52.0,53.0,51.0,52.0,161431800
2025-01-15,54.0,54.0,55.0,52.0,52.0,71221700
2025-01-16,54.0,54.0,55.0,53.0,54.0,57602600
2025-01-17,53.0,53.0,54.0,52.0,54.0,73124400
2025-01-20,54.0,54.0,54.0,53.0,53.0,14357900
2025-01-21,53.0,53.0,54.0,53.0,54.0,38011200
2025-01-22,53.0,53.0,54.0,52.0,53.0,33624200
2025-01-23,54.0,54.0,55.0,53.0,53.0,100912300
2025-01-24,53.0,53.0,55.0,53.0,54.0,38196300
2025-01-30,53.0,53.0,54.0,52.0,53.0,36616200
2025-01-31,53.0,53.0,54.0,52.0,53.0,40407700
2025-02-03,52.0,52.0,53.0,51.0,53.0,132951100
2025-02-04,53.0,53.0,53.0,51.0,52.0,39510500
2025-02-05,52.0,52.0,53.0,51.0,52.0,31442300
2025-02-06,51.0,51.0,53.0,50.0,52.0,294702900
2025-02-07,51.0,51.0,52.0,50.0,51.0,74948300
2025-02-10,50.0,50.0,52.0,50.0,51.0,339133800
2025-02-11,50.0,50.0,51.0,50.0,50.0,57515900
2025-02-12,51.0,51.0,51.0,50.0,50.0,26644300
2025-02-13,50.0,50.0,51.0,50.0,51.0,26905000
2025-02-14,50.0,50.0,51.0,50.0,50.0,16707800
2025-02-17,52.0,52.0,53.0,50.0,50.0,136360000
2025-02-18,52.0,52.0,54.0,51.0,52.0,95269000
2025-02-19,52.0,52.0,52.0,51.0,52.0,26976800
2025-02-20,51.0,51.0,52.0,51.0,52.0,50139000
2025-02-21,51.0,51.0,52.0,50.0,51.0,32616300
2025-02-24,50.0,50.0,51.0,50.0,51.0,21323800
2025-02-25,52.0,52.0,52.0,50.0,51.0,173973500
2025-02-26,51.0,51.0,52.0,50.0,52.0,132762000
2025-02-27,51.0,51.0,53.0,50.0,51.0,130245800
2025-02-28,50.0,50.0,51.0,50.0,51.0,194674100
2025-03-03,50.0,50.0,51.0,50.0,50.0,117970000
2025-03-04,50.0,50.0,51.0,50.0,50.0,57587700
2025-03-05,51.0,51.0,51.0,50.0,50.0,36237500
2025-03-06,50.0,50.0,51.0,50.0,51.0,66171400
2025-03-07,50.0,50.0,51.0,50.0,50.0,31360400
2025-03-10,50.0,50.0,50.0,50.0,50.0,16956900
2025-03-11,50.0,50.0,50.0,50.0,50.0,18087300
2025-03-12,50.0,50.0,50.0,50.0,50.0,13414900
2025-03-13,50.0,50.0,50.0,50.0,50.0,20556700
2025-03-14,50.0,50.0,50.0,50.0,50.0,5818000
2025-03-17,50.0,50.0,50.0,50.0,50.0,21573700
2025-03-18,50.0,50.0,50.0,50.0,50.0,4753500
2025-03-19,50.0,50.0,50.0,50.0,50.0,5912000
2025-03-20,50.0,50.0,50.0,50.0,50.0,5843600
2025-03-21,50.0,50.0,50.0,50.0,50.0,1049400
2025-03-24,50.0,50.0,50.0,50.0,50.0,4165200
2025-03-25,50.0,50.0,50.0,50.0,50.0,7373300
2025-03-26,50.0,50.0,50.0,50.0,50.0,8854700
2025-03-27,50.0,50.0,50.0,50.0,50.0,3608500
2025-04-08,50.0,50.0,50.0,50.0,50.0,910100
2025-04-09,50.0,50.0,50.0,50.0,50.0,5886700
2025-04-10,50.0,50.0,50.0,50.0,50.0,7089300
2025-04-11,50.0,50.0,50.0,50.0,50.0,3810800
2025-04-14,50.0,50.0,50.0,50.0,50.0,6538500
2025-04-15,50.0,50.0,50.0,50.0,50.0,2261000
2025-04-16,50.0,50.0,50.0,50.0,50.0,2503600
2025-04-17,50.0,50.0,50.0,50.0,50.0,4837000
2025-04-21,50.0,50.0,50.0,50.0,50.0,4666800
2025-04-22,50.0,50.0,50.0,50.0,50.0,4265000
2025-04-23,52.0,52.0,53.0,50.0,50.0,585121400
2025-04-24,69.0,69.0,69.0,53.0,53.0,1938078300
2025-04-25,63.0,63.0,69.0,61.0,69.0,1124592000
2025-04-28,63.0,63.0,67.0,62.0,64.0,517920100
2025-04-29,64.0,64.0,65.0,61.0,64.0,322536800
2025-04-30,61.0,61.0,64.0,61.0,64.0,182797800
2025-05-02,63.0,63.0,65.0,62.0,63.0,279762500
2025-05-05,68.0,68.0,70.0,63.0,63.0,1166186900
2025-05-06,66.0,66.0,69.0,65.0,68.0,251026200
2025-05-07,65.0,65.0,68.0,64.0,67.0,264341800
2025-05-08,68.0,68.0,71.0,65.0,65.0,935997700
2025-05-09,67.0,67.0,71.0,67.0,68.0,234104300
2025-05-14,71.0,71.0,72.0,68.0,68.0,559283000
2025-05-15,71.0,71.0,73.0,70.0,71.0,466435200
2025-05-16,69.0,69.0,71.0,68.0,71.0,267858800
2025-05-19,69.0,69.0,71.0,68.0,69.0,206152100
2025-05-20,67.0,67.0,70.0,67.0,69.0,272504500
2025-05-21,67.0,67.0,68.0,65.0,67.0,205765500
2025-05-22,68.0,68.0,68.0,67.0,67.0,42580900
2025-05-23,65.0,65.0,67.0,65.0,67.0,149540800
2025-05-26,61.0,61.0,66.0,59.0,65.0,599292100
2025-05-27,62.0,62.0,64.0,60.0,61.0,220936200
2025-05-28,62.0,62.0,65.0,61.0,63.0,206205500
2025-06-02,61.0,61.0,63.0,59.0,62.0,210535400
2025-06-03,60.0,60.0,62.0,60.0,61.0,102493100
2025-06-04,60.0,60.0,63.0,60.0,60.0,98915900
2025-06-05,60.0,60.0,61.0,59.0,61.0,105529300
2025-06-10,61.0,61.0,62.0,60.0,60.0,69882700
2025-06-11,61.0,61.0,62.0,60.0,62.0,42701600
2025-06-12,60.0,60.0,61.0,60.0,61.0,59350300
2025-06-13,60.0,60.0,61.0,59.0,60.0,57352000
2025-06-16,59.0,59.0,61.0,58.0,60.0,100425600
2025-06-17,59.0,59.0,59.0,57.0,58.0,76290500
2025-06-18,56.0,56.0,59.0,56.0,59.0,88515600
2025-06-19,59.0,59.0,62.0,56.0,56.0,315720600
2025-06-20,59.0,59.0,61.0,57.0,59.0,120195000
2025-06-23,58.0,58.0,59.0,57.0,58.0,53821800
2025-06-24,57.0,57.0,60.0,57.0,59.0,116259300
2025-06-25,57.0,57.0,58.0,56.0,57.0,56656700
2025-06-26,56.0,56.0,58.0,55.0,57.0,99619100
2025-06-30,60.0,60.0,62.0,56.0,57.0,353276800
2025-07-01,58.0,58.0,62.0,58.0,61.0,213151500
2025-07-02,58.0,58.0,60.0,57.0,59.0,85248300
2025-07-03,59.0,59.0,59.0,58.0,58.0,50582900
2025-07-04,59.0,59.0,61.0,58.0,60.0,49262800
2025-07-07,58.0,58.0,59.0,57.0,59.0,44599200
2025-07-08,58.0,58.0,59.0,58.0,59.0,19726600
2025-07-09,59.0,59.0,62.0,57.0,58.0,213789500
2025-07-10,60.0,60.0,61.0,59.0,60.0,88534200
2025-07-11,61.0,61.0,62.0,59.0,60.0,134416800
2025-07-14,59.0,59.0,61.0,59.0,61.0,90808400
2025-07-15,59.0,59.0,61.0,59.0,60.0,69428700
2025-07-16,60.0,60.0,60.0,59.0,60.0,29560200
2025-07-17,62.0,62.0,65.0,59.0,60.0,347623900
2025-07-18,62.0,62.0,64.0,61.0,63.0,104620300
2025-07-21,62.0,62.0,65.0,61.0,62.0,123942600
2025-07-22,62.0,62.0,65.0,62.0,62.0,286386300
2025-07-23,63.0,63.0,63.0,62.0,62.0,58225800
2025-07-24,65.0,65.0,66.0,63.0,63.0,318695800
2025-07-25,64.0,64.0,65.0,63.0,65.0,132725600
2025-07-28,64.0,64.0,66.0,63.0,64.0,222786700
2025-07-29,64.0,64.0,65.0,62.0,64.0,143383300
2025-07-30,63.0,63.0,67.0,62.0,65.0,472579600
2025-07-31,63.0,63.0,64.0,62.0,63.0,179269100
2025-08-01,63.0,63.0,64.0,63.0,63.0,77472000
2025-08-04,62.0,62.0,64.0,62.0,63.0,136450000
2025-08-05,62.0,62.0,63.0,62.0,63.0,80508300
2025-08-06,60.0,60.0,63.0,60.0,62.0,105077400
2025-08-07,61.0,61.0,63.0,59.0,60.0,223182200
2025-08-08,60.0,60.0,62.0,59.0,62.0,85322800
2025-08-11,60.0,60.0,62.0,59.0,60.0,122340800
2025-08-12,63.0,63.0,63.0,60.0,60.0,115126000
2025-08-13,62.0,62.0,64.0,62.0,63.0,65231200
2025-08-14,63.0,63.0,63.0,62.0,63.0,63441200
2025-08-15,62.0,62.0,63.0,62.0,63.0,50419000
2025-08-19,61.0,61.0,63.0,61.0,62.0,74414200
2025-08-20,61.0,61.0,63.0,61.0,61.0,153819500
2025-08-21,62.0,62.0,63.0,61.0,61.0,121743300
2025-08-22,63.0,63.0,66.0,62.0,62.0,395182000
2025-08-25,85.0,85.0,85.0,64.0,65.0,2543322300
2025-08-26,82.0,82.0,99.0,81.0,90.0,4146891000
2025-08-27,85.0,85.0,88.0,83.0,83.0,677469900
2025-08-28,87.0,87.0,91.0,81.0,85.0,877231500
2025-08-29,81.0,81.0,87.0,76.0,87.0,911816600
2025-09-01,79.0,79.0,82.0,73.0,75.0,663805400
2025-09-02,81.0,81.0,84.0,79.0,79.0,273723400
2025-09-03,80.0,80.0,82.0,78.0,82.0,164067000
2025-09-04,78.0,78.0,81.0,78.0,80.0,170768200
2025-09-08,75.0,75.0,79.0,75.0,78.0,285173400
2025-09-09,74.0,74.0,76.0,73.0,75.0,229300000
2025-09-10,75.0,75.0,78.0,74.0,74.0,249875900
2025-09-11,76.0,76.0,79.0,75.0,76.0,209299400
2025-09-12,78.0,78.0,79.0,76.0,77.0,182806400
2025-09-15,80.0,80.0,83.0,77.0,78.0,321136700
2025-09-16,79.0,79.0,81.0,78.0,80.0,121351100
2025-09-17,80.0,80.0,82.0,78.0,80.0,215076100
2025-09-18,77.0,77.0,81.0,77.0,81.0,160270600
2025-09-19,76.0,76.0,78.0,75.0,77.0,107767500
2025-09-22,75.0,75.0,77.0,73.0,76.0,127245700
2025-09-23,76.0,76.0,77.0,74.0,75.0,175713900
2025-09-24,76.0,76.0,78.0,74.0,77.0,271088000
2025-09-25,74.0,74.0,76.0,73.0,75.0,137947100
2025-09-26,75.0,75.0,76.0,73.0,74.0,141918800
2025-09-29,78.0,78.0,79.0,75.0,75.0,229991200
2025-09-30,75.0,75.0,79.0,75.0,78.0,105898500
2025-10-01,76.0,76.0,78.0,75.0,76.0,145492200
2025-10-02,78.0,78.0,81.0,75.0,76.0,489667400
2025-10-03,76.0,76.0,78.0,75.0,78.0,171558600
2025-10-06,74.0,74.0,77.0,74.0,76.0,155109000
2025-10-07,74.0,74.0,77.0,73.0,75.0,224438800
2025-10-08,73.0,73.0,75.0,73.0,75.0,115919800
2025-10-09,75.0,75.0,76.0,72.0,74.0,331666900
2025-10-10,72.0,72.0,75.0,72.0,75.0,146874100
2025-10-13,71.0,71.0,72.0,69.0,72.0,156295600
2025-10-14,68.0,68.0,71.0,68.0,71.0,192104900
2025-10-15,68.0,68.0,70.0,67.0,68.0,120165800
2025-10-16,70.0,70.0,70.0,67.0,69.0,93996700
2025-10-17,66.0,66.0,70.0,66.0,70.0,136531500
2025-10-20,70.0,70.0,72.0,66.0,67.0,203052300
2025-10-21,70.0,70.0,71.0,69.0,70.0,108073700
2025-10-22,68.0,68.0,70.0,68.0,70.0,97951000
2025-10-23,69.0,69.0,71.0,68.0,69.0,100554500
2025-10-24,69.0,69.0,70.0,68.0,70.0,75678100
2025-10-27,68.0,68.0,71.0,66.0,69.0,180738800
2025-10-28,69.0,69.0,69.0,67.0,69.0,43060100
2025-10-29,68.0,68.0,69.0,68.0,69.0,112201400
2025-10-30,70.0,70.0,71.0,68.0,68.0,156145400
2025-10-31,68.0,68.0,70.0,68.0,70.0,149214500
2025-11-03,67.0,67.0,68.0,66.0,68.0,188640100
2025-11-04,67.0,67.0,67.0,66.0,67.0,150981700
2025-11-05,66.0,66.0,67.0,66.0,66.0,92260700
2025-11-06,66.0,66.0,68.0,66.0,66.0,135357700
2025-11-07,67.0,67.0,68.0,66.0,67.0,96407200
2025-11-10,66.0,66.0,68.0,65.0,67.0,336047000
2025-11-11,68.0,68.0,68.0,66.0,66.0,109752300
2025-11-12,68.0,68.0,68.0,67.0,68.0,48571600
2025-11-13,77.0,77.0,82.0,68.0,68.0,2544717100
2025-11-14,74.0,74.0,78.0,72.0,78.0,494946100
2025-11-17,72.0,72.0,75.0,72.0,74.0,220901100
2025-11-18,70.0,70.0,72.0,69.0,72.0,176871400
2025-11-19,70.0,70.0,73.0,70.0,71.0,187122000
2025-11-20,70.0,70.0,72.0,70.0,71.0,109191000
2025-11-21,71.0,71.0,72.0,69.0,70.0,111654100
2025-11-24,71.0,71.0,72.0,70.0,71.0,91494700
2025-11-25,74.0,74.0,76.0,70.0,71.0,456504400
2025-11-26,75.0,75.0,77.0,73.0,75.0,335137200
2025-11-27,73.0,73.0,78.0,73.0,75.0,375069200
2025-11-28,73.0,73.0,75.0,72.0,74.0,129185600
2025-12-01,74.0,74.0,75.0,73.0,73.0,155711700
2025-12-02,74.0,74.0,75.0,72.0,74.0,182181300
2025-12-03,72.0,72.0,74.0,72.0,74.0,117659200
2025-12-04,72.0,72.0,73.0,71.0,72.0,114412600
2025-12-05,72.0,72.0,74.0,72.0,72.0,115683200
2025-12-08,75.0,75.0,76.0,72.0,73.0,287015900
2025-12-09,77.0,77.0,77.0,74.0,75.0,362673000
2025-12-10,75.0,75.0,80.0,75.0,77.0,387455300
2025-12-11,73.0,73.0,76.0,72.0,75.0,238460400
2025-12-12,75.0,75.0,76.0,73.0,73.0,166343800
2025-12-15,81.0,81.0,82.0,75.0,75.0,1264782400
2025-12-16,79.0,79.0,86.0,78.0,84.0,1001529300
2025-12-17,80.0,80.0,83.0,77.0,79.0,638573000
2025-12-18,79.0,79.0,81.0,78.0,80.0,263283500
2025-12-19,76.0,76.0,80.0,76.0,79.0,198202400
2025-12-22,76.0,76.0,77.0,76.0,76.0,113679900
2025-12-23,76.0,76.0,77.0,75.0,76.0,147538300
2025-12-24,77.0,77.0,79.0,75.0,76.0,308784000
2025-12-29,78.0,78.0,80.0,77.0,78.0,230307100
2025-12-30,77.0,77.0,78.0,77.0,78.0,105712100
