Date,Adj Close,Close,High,Low,Open,Volume
2020-01-02,252.62725830078125,252.95057678222656,252.95057678222656,251.14378356933594,251.14378356933594,189285
2020-01-03,249.01828002929688,249.3369903564453,252.95057678222656,249.3369903564453,251.14378356933594,124862
2020-01-06,249.01828002929688,249.3369903564453,249.3369903564453,247.53021240234375,249.3369903564453,134049
2020-01-07,249.01828002929688,249.3369903564453,249.3369903564453,245.72341918945312,247.53021240234375,66748
2020-01-08,249.01828002929688,249.3369903564453,249.3369903564453,249.3369903564453,249.3369903564453,221
2020-01-09,241.8003692626953,242.10983276367188,249.3369903564453,242.10983276367188,249.3369903564453,996
2020-01-10,241.8003692626953,242.10983276367188,243.9166259765625,236.68946838378906,242.10983276367188,288799
2020-01-13,241.8003692626953,242.10983276367188,242.10983276367188,242.10983276367188,242.10983276367188,5423
2020-01-14,238.19140625,238.4962615966797,238.4962615966797,229.46231079101562,234.88267517089844,7305
2020-01-15,241.8003692626953,242.10983276367188,242.10983276367188,224.0419464111328,234.88267517089844,311823
2020-01-16,243.60484313964844,243.9166259765625,243.9166259765625,234.88267517089844,238.4962615966797,543505
2020-01-17,243.60484313964844,243.9166259765625,251.14378356933594,234.88267517089844,236.68946838378906,362742
2020-01-20,245.40933227539062,245.72341918945312,245.72341918945312,238.4962615966797,243.9166259765625,280165
2020-01-21,243.60484313964844,243.9166259765625,247.53021240234375,243.9166259765625,243.9166259765625,276733
2020-01-22,241.8003692626953,242.10983276367188,242.10983276367188,234.88267517089844,238.4962615966797,214856
2020-01-23,243.60484313964844,243.9166259765625,245.72341918945312,236.68946838378906,242.10983276367188,299094
2020-01-24,243.60484313964844,243.9166259765625,247.53021240234375,242.10983276367188,243.9166259765625,511404
2020-01-27,245.40933227539062,245.72341918945312,245.72341918945312,243.9166259765625,243.9166259765625,279501
2020-01-28,241.8003692626953,242.10983276367188,243.9166259765625,234.88267517089844,243.9166259765625,274520
2020-01-29,245.40933227539062,245.72341918945312,245.72341918945312,245.72341918945312,245.72341918945312,154970
2020-01-30,249.01828002929688,249.3369903564453,252.95057678222656,243.9166259765625,243.9166259765625,221497
2020-01-31,249.01828002929688,249.3369903564453,249.3369903564453,234.88267517089844,249.3369903564453,192717
2020-02-03,245.40933227539062,245.72341918945312,252.95057678222656,245.72341918945312,249.3369903564453,192496
2020-02-04,254.43174743652344,254.7573699951172,254.7573699951172,238.4962615966797,238.4962615966797,20699
2020-02-05,261.649658203125,261.9845275878906,261.9845275878906,243.9166259765625,243.9166259765625,33982
2020-02-06,263.4541320800781,263.79132080078125,263.79132080078125,258.3709411621094,261.9845275878906,27784
2020-02-07,265.25860595703125,265.5981140136719,265.5981140136719,261.9845275878906,261.9845275878906,15165
2020-02-10,267.0630798339844,267.4049072265625,267.4049072265625,263.79132080078125,263.79132080078125,111800
2020-02-11,268.8675842285156,269.211669921875,269.211669921875,267.4049072265625,267.4049072265625,16050
2020-02-12,265.25860595703125,265.5981140136719,271.0184631347656,265.5981140136719,271.0184631347656,111579
2020-02-13,265.25860595703125,265.5981140136719,269.211669921875,263.79132080078125,265.5981140136719,5423
2020-02-14,265.25860595703125,265.5981140136719,265.5981140136719,265.5981140136719,265.5981140136719,442
2020-02-17,265.25860595703125,265.5981140136719,265.5981140136719,265.5981140136719,265.5981140136719,55346
2020-02-18,270.67205810546875,271.0184631347656,271.0184631347656,271.0184631347656,271.0184631347656,110
2020-02-19,270.67205810546875,271.0184631347656,271.0184631347656,271.0184631347656,271.0184631347656,0
2020-02-20,270.67205810546875,271.0184631347656,271.0184631347656,271.0184631347656,271.0184631347656,0
2020-02-21,270.67205810546875,271.0184631347656,271.0184631347656,271.0184631347656,271.0184631347656,0
2020-02-24,268.8675842285156,269.211669921875,269.211669921875,252.95057678222656,252.95057678222656,3210
2020-02-25,268.8675842285156,269.211669921875,269.211669921875,269.211669921875,269.211669921875,332
2020-02-26,268.8675842285156,269.211669921875,269.211669921875,261.9845275878906,261.9845275878906,2213
2020-02-27,268.8675842285156,269.211669921875,269.211669921875,269.211669921875,269.211669921875,0
2020-02-28,268.8675842285156,269.211669921875,269.211669921875,269.211669921875,269.211669921875,0
2020-03-02,268.8675842285156,269.211669921875,269.211669921875,269.211669921875,269.211669921875,0
2020-03-03,268.8675842285156,269.211669921875,269.211669921875,269.211669921875,269.211669921875,0
2020-03-04,268.8675842285156,269.211669921875,269.211669921875,269.211669921875,269.211669921875,0
2020-03-05,268.8675842285156,269.211669921875,269.211669921875,269.211669921875,269.211669921875,0
2020-03-06,268.8675842285156,269.211669921875,269.211669921875,269.211669921875,269.211669921875,0
2020-03-09,268.8675842285156,269.211669921875,269.211669921875,269.211669921875,269.211669921875,0
2020-03-10,270.67205810546875,271.0184631347656,271.0184631347656,243.9166259765625,267.4049072265625,4981
2020-03-11,268.8675842285156,269.211669921875,269.211669921875,269.211669921875,269.211669921875,110
2020-03-12,245.40933227539062,245.72341918945312,247.53021240234375,245.72341918945312,247.53021240234375,12397
2020-03-13,259.84515380859375,260.177734375,260.177734375,229.46231079101562,245.72341918945312,5202
2020-03-16,259.84515380859375,260.177734375,260.177734375,260.177734375,260.177734375,0
2020-03-17,259.84515380859375,260.177734375,260.177734375,260.177734375,260.177734375,0
2020-03-18,225.56004333496094,225.84872436523438,240.3030548095703,225.84872436523438,240.3030548095703,11069
2020-03-19,225.56004333496094,225.84872436523438,225.84872436523438,225.84872436523438,225.84872436523438,1106
2020-03-20,225.56004333496094,225.84872436523438,225.84872436523438,213.20120239257812,213.20120239257812,221
2020-03-23,211.12420654296875,211.3944091796875,216.8147735595703,211.3944091796875,216.8147735595703,221
2020-03-24,211.12420654296875,211.3944091796875,211.3944091796875,211.3944091796875,211.3944091796875,10958
2020-03-26,254.43174743652344,254.7573699951172,254.7573699951172,196.94009399414062,196.94009399414062,325106
2020-03-27,254.43174743652344,254.7573699951172,261.9845275878906,238.4962615966797,238.4962615966797,63316
2020-03-30,238.19140625,238.4962615966797,238.4962615966797,238.4962615966797,238.4962615966797,12840
2020-03-31,252.62725830078125,252.95057678222656,254.7573699951172,225.84872436523438,254.7573699951172,2324
2020-04-01,252.62725830078125,252.95057678222656,252.95057678222656,236.68946838378906,236.68946838378906,5756
2020-04-02,236.38693237304688,236.68946838378906,254.7573699951172,236.68946838378906,236.68946838378906,12397
2020-04-03,254.43174743652344,254.7573699951172,254.7573699951172,238.4962615966797,254.7573699951172,10073
2020-04-06,261.649658203125,261.9845275878906,261.9845275878906,261.9845275878906,261.9845275878906,6641
2020-04-07,258.0406799316406,258.3709411621094,258.3709411621094,252.95057678222656,252.95057678222656,7305
2020-04-08,258.0406799316406,258.3709411621094,258.3709411621094,258.3709411621094,258.3709411621094,0
2020-04-09,258.0406799316406,258.3709411621094,258.3709411621094,258.3709411621094,258.3709411621094,0
2020-04-13,258.0406799316406,258.3709411621094,258.3709411621094,258.3709411621094,258.3709411621094,0
2020-04-14,258.0406799316406,258.3709411621094,258.3709411621094,258.3709411621094,258.3709411621094,0
2020-04-15,252.62725830078125,252.95057678222656,252.95057678222656,240.3030548095703,240.3030548095703,2324
2020-04-16,243.60484313964844,243.9166259765625,263.79132080078125,243.9166259765625,263.79132080078125,11290
2020-04-17,252.62725830078125,252.95057678222656,269.211669921875,227.655517578125,256.56414794921875,138145
2020-04-20,247.21380615234375,247.53021240234375,247.53021240234375,236.68946838378906,236.68946838378906,73611
2020-04-21,230.97349548339844,231.26910400390625,233.0758819580078,231.26910400390625,233.0758819580078,87558
2020-04-22,236.38693237304688,236.68946838378906,236.68946838378906,216.8147735595703,218.62156677246094,410008
2020-04-23,245.40933227539062,245.72341918945312,247.53021240234375,243.9166259765625,243.9166259765625,100288
2020-04-24,243.60484313964844,243.9166259765625,245.72341918945312,234.88267517089844,245.72341918945312,147775
2020-04-27,245.40933227539062,245.72341918945312,245.72341918945312,227.655517578125,227.655517578125,68630
2020-04-28,241.8003692626953,242.10983276367188,252.95057678222656,234.88267517089844,252.95057678222656,210317
2020-04-29,243.60484313964844,243.9166259765625,243.9166259765625,225.84872436523438,243.9166259765625,458492
2020-04-30,227.36453247070312,227.655517578125,252.95057678222656,227.655517578125,252.95057678222656,240426
2020-05-04,214.73318481445312,215.00799560546875,233.0758819580078,213.20120239257812,213.20120239257812,69072
2020-05-05,212.92869567871094,213.20120239257812,213.20120239257812,213.20120239257812,213.20120239257812,17821
2020-05-06,198.4928436279297,198.74688720703125,211.3944091796875,198.74688720703125,200.5536651611328,161501
2020-05-08,198.4928436279297,198.74688720703125,198.74688720703125,198.74688720703125,198.74688720703125,98738
2020-05-11,211.12420654296875,211.3944091796875,211.3944091796875,209.58761596679688,209.58761596679688,332
2020-05-12,198.4928436279297,198.74688720703125,211.3944091796875,198.74688720703125,211.3944091796875,170800
2020-05-13,198.4928436279297,198.74688720703125,207.7808380126953,198.74688720703125,198.74688720703125,95528
2020-05-14,200.2973175048828,200.5536651611328,205.9740447998047,198.74688720703125,205.9740447998047,147775
2020-05-15,198.4928436279297,198.74688720703125,198.74688720703125,198.74688720703125,198.74688720703125,246735
2020-05-18,203.90628051757812,204.16725158691406,204.16725158691406,186.09934997558594,198.74688720703125,158734
2020-05-19,198.4928436279297,198.74688720703125,198.74688720703125,198.74688720703125,198.74688720703125,144565
2020-05-20,198.4928436279297,198.74688720703125,198.74688720703125,198.74688720703125,198.74688720703125,111247
2020-05-26,200.2973175048828,200.5536651611328,200.5536651611328,198.74688720703125,198.74688720703125,105601
2020-05-27,198.4928436279297,198.74688720703125,207.7808380126953,198.74688720703125,207.7808380126953,332
2020-05-28,203.90628051757812,204.16725158691406,207.7808380126953,198.74688720703125,207.7808380126953,483620
2020-05-29,202.10179138183594,202.36045837402344,205.9740447998047,198.74688720703125,198.74688720703125,510297
2020-06-02,198.4928436279297,198.74688720703125,204.16725158691406,198.74688720703125,198.74688720703125,317801
2020-06-03,200.2973175048828,200.5536651611328,200.5536651611328,200.5536651611328,200.5536651611328,2324
2020-06-04,200.2973175048828,200.5536651611328,205.9740447998047,198.74688720703125,200.5536651611328,24131
2020-06-05,202.10179138183594,202.36045837402344,202.36045837402344,198.74688720703125,198.74688720703125,201683
2020-06-08,202.10179138183594,202.36045837402344,202.36045837402344,198.74688720703125,202.36045837402344,106487
2020-06-09,202.10179138183594,202.36045837402344,202.36045837402344,202.36045837402344,202.36045837402344,1217
2020-06-10,202.10179138183594,202.36045837402344,204.16725158691406,198.74688720703125,198.74688720703125,45052
2020-06-11,198.4928436279297,198.74688720703125,202.36045837402344,198.74688720703125,198.74688720703125,258248
2020-06-12,202.10179138183594,202.36045837402344,202.36045837402344,198.74688720703125,198.74688720703125,199691
2020-06-15,221.9510955810547,222.2351531982422,225.84872436523438,198.74688720703125,198.74688720703125,219505
2020-06-16,220.1466064453125,220.42835998535156,220.42835998535156,209.58761596679688,220.42835998535156,11290
2020-06-17,220.1466064453125,220.42835998535156,220.42835998535156,220.42835998535156,220.42835998535156,0
2020-06-18,207.51524353027344,207.7808380126953,216.8147735595703,205.9740447998047,216.8147735595703,135267
2020-06-19,223.75558471679688,224.0419464111328,224.0419464111328,215.00799560546875,215.00799560546875,221
2020-06-22,227.36453247070312,227.655517578125,247.53021240234375,216.8147735595703,224.0419464111328,141687
2020-06-23,232.77796936035156,233.0758819580078,234.88267517089844,227.655517578125,227.655517578125,77153
2020-06-24,220.1466064453125,220.42835998535156,233.0758819580078,216.8147735595703,233.0758819580078,139695
2020-06-25,212.92869567871094,213.20120239257812,220.42835998535156,209.58761596679688,220.42835998535156,35200
2020-06-26,216.5376434326172,216.8147735595703,234.88267517089844,213.20120239257812,213.20120239257812,105269
2020-06-29,218.34213256835938,218.62156677246094,218.62156677246094,216.8147735595703,216.8147735595703,340161
2020-06-30,214.73318481445312,215.00799560546875,258.3709411621094,215.00799560546875,220.42835998535156,1297660
2020-07-01,220.1466064453125,220.42835998535156,249.3369903564453,211.3944091796875,211.3944091796875,1170252
2020-07-02,230.97349548339844,231.26910400390625,236.68946838378906,220.42835998535156,222.2351531982422,1001887
2020-07-03,243.60484313964844,243.9166259765625,252.95057678222656,233.0758819580078,233.0758819580078,1050924
2020-07-06,256.2362060546875,256.56414794921875,267.4049072265625,249.3369903564453,249.3369903564453,745631
2020-07-07,261.649658203125,261.9845275878906,267.4049072265625,252.95057678222656,256.56414794921875,855439
2020-07-08,261.649658203125,261.9845275878906,263.79132080078125,256.56414794921875,263.79132080078125,1030335
2020-07-09,254.43174743652344,254.7573699951172,263.79132080078125,252.95057678222656,254.7573699951172,652981
2020-07-10,261.649658203125,261.9845275878906,261.9845275878906,254.7573699951172,261.9845275878906,578595
2020-07-13,263.4541320800781,263.79132080078125,263.79132080078125,261.9845275878906,261.9845275878906,719508
2020-07-14,268.8675842285156,269.211669921875,269.211669921875,261.9845275878906,263.79132080078125,673459
2020-07-15,272.4765319824219,272.82525634765625,272.82525634765625,271.0184631347656,271.0184631347656,382778
2020-07-16,270.67205810546875,271.0184631347656,274.6320495605469,263.79132080078125,272.82525634765625,119770
2020-07-17,263.4541320800781,263.79132080078125,274.6320495605469,263.79132080078125,274.6320495605469,42284
2020-07-20,272.4765319824219,272.82525634765625,272.82525634765625,272.82525634765625,272.82525634765625,221
2020-07-21,267.0630798339844,267.4049072265625,274.6320495605469,267.4049072265625,274.6320495605469,22360
2020-07-22,261.649658203125,261.9845275878906,261.9845275878906,260.177734375,261.9845275878906,12397
2020-07-23,272.4765319824219,272.82525634765625,274.6320495605469,263.79132080078125,274.6320495605469,223047
2020-07-24,270.67205810546875,271.0184631347656,276.4388427734375,267.4049072265625,272.82525634765625,273966
2020-07-27,270.67205810546875,271.0184631347656,271.0184631347656,265.5981140136719,271.0184631347656,30219
2020-07-28,270.67205810546875,271.0184631347656,271.0184631347656,271.0184631347656,271.0184631347656,0
2020-07-29,270.67205810546875,271.0184631347656,271.0184631347656,271.0184631347656,271.0184631347656,328870
2020-07-30,270.67205810546875,271.0184631347656,280.05242919921875,271.0184631347656,280.05242919921875,225925
2020-08-03,270.67205810546875,271.0184631347656,272.82525634765625,254.7573699951172,272.82525634765625,19371
2020-08-04,259.84515380859375,260.177734375,271.0184631347656,252.95057678222656,252.95057678222656,256144
2020-08-05,259.84515380859375,260.177734375,260.177734375,260.177734375,260.177734375,1439
2020-08-06,259.84515380859375,260.177734375,260.177734375,260.177734375,260.177734375,3874
2020-08-07,261.649658203125,261.9845275878906,261.9845275878906,261.9845275878906,261.9845275878906,1328
2020-08-10,261.649658203125,261.9845275878906,261.9845275878906,249.3369903564453,254.7573699951172,1217
2020-08-11,269.09027099609375,269.211669921875,269.211669921875,269.211669921875,269.211669921875,553
2020-08-12,265.47833251953125,265.5981140136719,269.211669921875,252.95057678222656,267.4049072265625,17268
2020-08-13,265.47833251953125,265.5981140136719,265.5981140136719,265.5981140136719,265.5981140136719,0
2020-08-14,252.8365020751953,252.95057678222656,265.5981140136719,252.95057678222656,265.5981140136719,11069
2020-08-18,263.67236328125,263.79132080078125,263.79132080078125,263.79132080078125,263.79132080078125,110
2020-08-19,263.67236328125,263.79132080078125,263.79132080078125,263.79132080078125,263.79132080078125,996
2020-08-24,263.67236328125,263.79132080078125,263.79132080078125,263.79132080078125,263.79132080078125,5534
2020-08-25,247.4185791015625,247.53021240234375,269.211669921875,247.53021240234375,252.95057678222656,37525
2020-08-26,247.4185791015625,247.53021240234375,252.95057678222656,247.53021240234375,247.53021240234375,202901
2020-08-27,249.22454833984375,249.3369903564453,249.3369903564453,249.3369903564453,249.3369903564453,153421
2020-08-28,247.4185791015625,247.53021240234375,249.3369903564453,245.72341918945312,249.3369903564453,144455
2020-08-31,249.22454833984375,249.3369903564453,249.3369903564453,247.53021240234375,247.53021240234375,87558
2020-09-01,247.4185791015625,247.53021240234375,247.53021240234375,238.4962615966797,238.4962615966797,442
2020-09-02,243.80662536621094,243.9166259765625,247.53021240234375,243.9166259765625,247.53021240234375,60438
2020-09-03,245.61260986328125,245.72341918945312,245.72341918945312,236.68946838378906,236.68946838378906,664
2020-09-04,245.61260986328125,245.72341918945312,245.72341918945312,245.72341918945312,245.72341918945312,0
2020-09-07,245.61260986328125,245.72341918945312,247.53021240234375,245.72341918945312,247.53021240234375,3763
2020-09-08,243.80662536621094,243.9166259765625,243.9166259765625,243.9166259765625,243.9166259765625,110
2020-09-09,240.19468688964844,240.3030548095703,240.3030548095703,234.88267517089844,234.88267517089844,3652
2020-09-10,243.80662536621094,243.9166259765625,243.9166259765625,240.3030548095703,240.3030548095703,9298
2020-09-11,243.80662536621094,243.9166259765625,243.9166259765625,243.9166259765625,243.9166259765625,0
2020-09-14,242.0006561279297,242.10983276367188,243.9166259765625,242.10983276367188,243.9166259765625,2103
2020-09-15,243.80662536621094,243.9166259765625,243.9166259765625,240.3030548095703,242.10983276367188,6641
2020-09-16,242.0006561279297,242.10983276367188,243.9166259765625,242.10983276367188,243.9166259765625,4759
2020-09-17,242.0006561279297,242.10983276367188,242.10983276367188,242.10983276367188,242.10983276367188,1881
2020-09-18,242.0006561279297,242.10983276367188,242.10983276367188,242.10983276367188,242.10983276367188,110
2020-09-21,242.0006561279297,242.10983276367188,242.10983276367188,242.10983276367188,242.10983276367188,1771
2020-09-22,227.5528564453125,227.655517578125,242.10983276367188,227.655517578125,242.10983276367188,3320
2020-09-23,242.0006561279297,242.10983276367188,242.10983276367188,229.46231079101562,229.46231079101562,1217
2020-09-24,242.0006561279297,242.10983276367188,242.10983276367188,242.10983276367188,242.10983276367188,0
2020-09-25,242.0006561279297,242.10983276367188,242.10983276367188,242.10983276367188,242.10983276367188,221
2020-09-28,247.4185791015625,247.53021240234375,258.3709411621094,242.10983276367188,242.10983276367188,629071
2020-09-29,243.80662536621094,243.9166259765625,256.56414794921875,234.88267517089844,234.88267517089844,876471
2020-09-30,243.80662536621094,243.9166259765625,245.72341918945312,243.9166259765625,243.9166259765625,682647
2020-10-01,242.0006561279297,242.10983276367188,245.72341918945312,242.10983276367188,245.72341918945312,621655
2020-10-02,242.0006561279297,242.10983276367188,243.9166259765625,242.10983276367188,243.9166259765625,442
2020-10-05,243.80662536621094,243.9166259765625,243.9166259765625,243.9166259765625,243.9166259765625,55346
2020-10-06,243.80662536621094,243.9166259765625,243.9166259765625,243.9166259765625,243.9166259765625,609478
2020-10-07,243.80662536621094,243.9166259765625,245.72341918945312,243.9166259765625,243.9166259765625,611360
2020-10-08,243.80662536621094,243.9166259765625,247.53021240234375,243.9166259765625,243.9166259765625,749284
2020-10-09,247.4185791015625,247.53021240234375,247.53021240234375,242.10983276367188,243.9166259765625,614127
2020-10-12,245.61260986328125,245.72341918945312,245.72341918945312,242.10983276367188,243.9166259765625,618002
2020-10-13,243.80662536621094,243.9166259765625,243.9166259765625,243.9166259765625,243.9166259765625,612135
2020-10-14,252.8365020751953,252.95057678222656,258.3709411621094,243.9166259765625,258.3709411621094,36971
2020-10-15,316.045654296875,316.188232421875,316.188232421875,261.9845275878906,261.9845275878906,1692725
2020-10-16,361.19500732421875,361.35797119140625,390.2666015625,316.188232421875,334.2561340332031,1524028
2020-10-19,343.13525390625,343.2900695800781,361.35797119140625,336.0628967285156,361.35797119140625,144565
2020-10-20,319.6575622558594,319.8017883300781,343.2900695800781,319.8017883300781,343.2900695800781,90879
2020-10-21,297.98590087890625,298.1203308105469,319.8017883300781,298.1203308105469,319.8017883300781,47708
2020-10-22,314.2396545410156,314.3814392089844,316.188232421875,298.1203308105469,298.1203308105469,11733
2020-10-23,323.26953125,323.4153747558594,325.22216796875,299.9271240234375,314.3814392089844,20146
2020-10-26,352.1651306152344,352.3240051269531,361.35797119140625,303.5406799316406,323.4153747558594,60106
2020-10-27,330.4934387207031,330.6425476074219,352.3240051269531,328.83575439453125,352.3240051269531,21031
2020-11-02,328.6874694824219,328.83575439453125,330.6425476074219,314.3814392089844,330.6425476074219,36528
2020-11-03,323.26953125,323.4153747558594,328.83575439453125,316.188232421875,328.83575439453125,35200
2020-11-04,316.045654296875,316.188232421875,321.60858154296875,307.1542663574219,314.3814392089844,31769
2020-11-05,299.7918701171875,299.9271240234375,316.188232421875,294.5067443847656,316.188232421875,83573
2020-11-06,292.5679626464844,292.699951171875,298.1203308105469,290.8931579589844,298.1203308105469,26787
2020-11-09,292.5679626464844,292.699951171875,292.699951171875,281.8592224121094,292.699951171875,10515
2020-11-10,285.34405517578125,285.4728088378906,289.08636474609375,285.4728088378906,289.08636474609375,12286
2020-11-11,292.5679626464844,292.699951171875,316.188232421875,285.4728088378906,285.4728088378906,45384
2020-11-12,290.761962890625,290.8931579589844,292.699951171875,289.08636474609375,292.699951171875,10294
2020-11-13,290.761962890625,290.8931579589844,290.8931579589844,290.8931579589844,290.8931579589844,885
2020-11-16,283.5380859375,283.666015625,289.08636474609375,281.8592224121094,289.08636474609375,3210
2020-11-17,287.1500244140625,287.2795715332031,287.2795715332031,272.82525634765625,272.82525634765625,47487
2020-11-18,287.1500244140625,287.2795715332031,290.8931579589844,274.6320495605469,274.6320495605469,9187
2020-11-19,287.1500244140625,287.2795715332031,289.08636474609375,287.2795715332031,287.2795715332031,129511
2020-11-20,285.34405517578125,285.4728088378906,285.4728088378906,276.4388427734375,276.4388427734375,14832
2020-11-23,287.1500244140625,287.2795715332031,289.08636474609375,285.4728088378906,285.4728088378906,67633
2020-11-24,278.1201477050781,278.2456359863281,285.4728088378906,278.2456359863281,285.4728088378906,11180
2020-11-25,278.1201477050781,278.2456359863281,280.05242919921875,278.2456359863281,278.2456359863281,64755
2020-11-26,281.73211669921875,281.8592224121094,281.8592224121094,276.4388427734375,278.2456359863281,31436
2020-11-27,276.3141784667969,276.4388427734375,287.2795715332031,276.4388427734375,283.666015625,27673
2020-11-30,276.3141784667969,276.4388427734375,278.2456359863281,276.4388427734375,278.2456359863281,34093
2020-12-01,279.9261474609375,280.05242919921875,280.05242919921875,274.6320495605469,276.4388427734375,5756
2020-12-02,279.9261474609375,280.05242919921875,281.8592224121094,278.2456359863281,280.05242919921875,885
2020-12-03,276.3141784667969,276.4388427734375,283.666015625,276.4388427734375,281.8592224121094,15054
2020-12-04,274.5082092285156,274.6320495605469,276.4388427734375,274.6320495605469,276.4388427734375,13172
2020-12-07,343.13525390625,343.2900695800781,343.2900695800781,276.4388427734375,276.4388427734375,623204
2020-12-08,386.4786376953125,386.65301513671875,428.2091979980469,368.5851135253906,368.5851135253906,1282495
2020-12-10,361.19500732421875,361.35797119140625,388.4598083496094,361.35797119140625,386.65301513671875,302857
2020-12-11,335.9113464355469,336.0628967285156,361.35797119140625,336.0628967285156,361.35797119140625,100177
2020-12-14,312.4336853027344,312.57464599609375,336.0628967285156,312.57464599609375,336.0628967285156,67523
2020-12-15,290.761962890625,290.8931579589844,314.3814392089844,290.8931579589844,312.57464599609375,429933
2020-12-16,276.3141784667969,276.4388427734375,301.7339172363281,271.0184631347656,290.8931579589844,1363966
2020-12-17,269.09027099609375,269.211669921875,290.8931579589844,267.4049072265625,276.4388427734375,1956508
2020-12-18,270.896240234375,271.0184631347656,278.2456359863281,267.4049072265625,271.0184631347656,1256925
2020-12-21,270.896240234375,271.0184631347656,274.6320495605469,265.5981140136719,272.82525634765625,867173
2020-12-22,269.09027099609375,269.211669921875,272.82525634765625,267.4049072265625,271.0184631347656,561327
2020-12-23,270.896240234375,271.0184631347656,271.0184631347656,269.211669921875,269.211669921875,66194
2020-12-28,267.2843017578125,267.4049072265625,285.4728088378906,267.4049072265625,285.4728088378906,454064
2020-12-29,265.47833251953125,265.5981140136719,271.0184631347656,265.5981140136719,267.4049072265625,361525
2020-12-30,269.09027099609375,269.211669921875,271.0184631347656,254.7573699951172,261.9845275878906,613685
2021-01-04,267.2843017578125,267.4049072265625,271.0184631347656,261.9845275878906,269.211669921875,594313
2021-01-05,269.09027099609375,269.211669921875,271.0184631347656,267.4049072265625,269.211669921875,488712
2021-01-06,269.09027099609375,269.211669921875,271.0184631347656,261.9845275878906,269.211669921875,86783
2021-01-07,335.9113464355469,336.0628967285156,336.0628967285156,269.211669921875,271.0184631347656,14331605
2021-01-08,388.2846374511719,388.4598083496094,419.17523193359375,354.13079833984375,354.13079833984375,12851411
2021-01-11,361.19500732421875,361.35797119140625,392.0733947753906,361.35797119140625,390.2666015625,2043403
2021-01-12,335.9113464355469,336.0628967285156,352.3240051269531,336.0628967285156,352.3240051269531,871711
2021-01-13,330.4934387207031,330.6425476074219,355.9375915527344,312.57464599609375,312.57464599609375,3447772
2021-01-14,326.8814697265625,327.0289611816406,343.2900695800781,310.7678527832031,330.6425476074219,2695609
2021-01-15,323.26953125,323.4153747558594,336.0628967285156,321.60858154296875,336.0628967285156,472550
2021-01-18,317.85162353515625,317.9950256347656,401.1073303222656,312.57464599609375,323.4153747558594,7651470
2021-01-19,319.6575622558594,319.8017883300781,377.61907958984375,316.188232421875,317.9950256347656,6265698
2021-01-20,321.4635314941406,321.60858154296875,345.09686279296875,319.8017883300781,319.8017883300781,3201589
2021-01-21,321.4635314941406,321.60858154296875,334.2561340332031,319.8017883300781,321.60858154296875,2502338
2021-01-22,319.6575622558594,319.8017883300781,330.6425476074219,316.188232421875,321.60858154296875,1129074
2021-01-25,326.8814697265625,327.0289611816406,332.4493408203125,305.34747314453125,319.8017883300781,2264126
2021-01-26,330.4934387207031,330.6425476074219,336.0628967285156,317.9950256347656,327.0289611816406,3140929
2021-01-27,319.6575622558594,319.8017883300781,336.0628967285156,316.188232421875,334.2561340332031,2318698
2021-01-28,303.4037780761719,303.5406799316406,334.2561340332031,299.9271240234375,319.8017883300781,1708887
2021-01-29,294.3739318847656,294.5067443847656,327.0289611816406,289.08636474609375,301.7339172363281,1193387
2021-02-01,307.0157470703125,307.1542663574219,316.188232421875,289.08636474609375,296.31353759765625,306067
2021-02-02,296.1799011230469,296.31353759765625,319.8017883300781,294.5067443847656,308.9610595703125,576492
2021-02-03,299.7918701171875,299.9271240234375,319.8017883300781,289.08636474609375,296.31353759765625,1442115
2021-02-04,292.5679626464844,292.699951171875,317.9950256347656,289.08636474609375,305.34747314453125,1771429
2021-02-05,297.98590087890625,298.1203308105469,301.7339172363281,290.8931579589844,294.5067443847656,973660
2021-02-08,372.0308532714844,372.1986999511719,372.1986999511719,308.9610595703125,308.9610595703125,7052065
2021-02-09,373.8368225097656,374.0054931640625,451.69744873046875,346.9036560058594,397.4937744140625,11999181
2021-02-10,370.2248840332031,370.39190673828125,383.0394592285156,363.1647644042969,377.61907958984375,1899501
2021-02-11,370.2248840332031,370.39190673828125,377.61907958984375,361.35797119140625,370.39190673828125,882006
2021-02-15,364.8069763183594,364.9715576171875,379.4258728027344,359.5511779785156,370.39190673828125,860088
2021-02-16,375.6427917480469,375.8122863769531,375.8122863769531,357.744384765625,370.39190673828125,890640
2021-02-17,469.5534973144531,469.7653503417969,469.7653503417969,361.35797119140625,375.8122863769531,12436200
2021-02-18,447.8818359375,448.0838928222656,578.1727294921875,437.2431335449219,487.833251953125,25480882
2021-02-19,422.59814453125,422.788818359375,448.0838928222656,417.3684387207031,448.0838928222656,7938942
2021-02-22,474.06842041015625,474.2823181152344,510.4181213378906,422.788818359375,422.788818359375,13039590
2021-02-23,591.4568481445312,591.7236938476562,591.7236938476562,474.2823181152344,483.3162841796875,47930643
2021-02-24,731.4198608398438,731.7498779296875,736.266845703125,632.37646484375,682.0631713867188,91481143
2021-02-25,731.4198608398438,731.7498779296875,731.7498779296875,731.7498779296875,731.7498779296875,0
2021-02-26,753.9945678710938,754.3347778320312,912.4288940429688,682.0631713867188,731.7498779296875,146417693
2021-03-01,767.5393676757812,767.8856811523438,858.2251586914062,749.8178100585938,767.8856811523438,93550448
2021-03-02,726.9049682617188,727.23291015625,804.021484375,718.198974609375,772.4026489257812,132128925
2021-03-03,735.934814453125,736.266845703125,822.08935546875,727.23291015625,727.23291015625,167135432
2021-03-04,699.8153076171875,700.1310424804688,785.9535522460938,686.5801391601562,740.7838134765625,64101865
2021-03-05,654.6659545898438,654.9613037109375,713.6820068359375,654.9613037109375,704.6480102539062,41881240
2021-03-08,614.031494140625,614.3085327148438,700.1310424804688,609.7915649414062,614.3085327148438,47376622
2021-03-09,614.031494140625,614.3085327148438,691.0971069335938,582.689697265625,614.3085327148438,95860069
2021-03-10,595.9718017578125,596.2406616210938,650.4443359375,591.7236938476562,627.8594970703125,39144785
2021-03-12,568.8821411132812,569.1387939453125,609.7915649414062,560.1048583984375,605.2745971679688,39175668
2021-03-15,541.79248046875,542.0369262695312,578.1727294921875,533.0029907226562,578.1727294921875,22286155
2021-03-16,505.6730041503906,505.9011535644531,542.0369262695312,505.9011535644531,542.0369262695312,26336876
2021-03-17,550.8223876953125,551.0709228515625,600.7576293945312,474.2823181152344,474.2823181152344,159117122
2021-03-18,514.702880859375,514.9351196289062,560.1048583984375,514.9351196289062,560.1048583984375,34019562
2021-03-19,487.6132507324219,487.833251953125,510.4181213378906,483.3162841796875,505.9011535644531,14710288
2021-03-22,501.1580810546875,501.3841857910156,533.0029907226562,474.2823181152344,487.833251953125,22239775
2021-03-23,483.09832763671875,483.3162841796875,519.4520874023438,474.2823181152344,501.3841857910156,25500918
2021-03-24,469.5534973144531,469.7653503417969,514.9351196289062,460.7314147949219,487.833251953125,18959482
2021-03-25,444.2698669433594,444.4703063964844,474.2823181152344,440.8567199707031,456.2144470214844,14771612
2021-03-26,446.0758361816406,446.277099609375,469.7653503417969,442.66351318359375,444.4703063964844,7593024
2021-03-29,449.6877746582031,449.8906555175781,474.2823181152344,446.277099609375,448.0838928222656,7062027
2021-03-30,465.03857421875,465.2483825683594,523.9690551757812,446.277099609375,449.8906555175781,71654819
2021-03-31,446.0758361816406,446.277099609375,474.2823181152344,433.6295471191406,469.7653503417969,20449196
2021-04-01,447.8818359375,448.0838928222656,460.7314147949219,439.0499267578125,446.277099609375,20666709
2021-04-05,440.65789794921875,440.8567199707031,456.2144470214844,439.0499267578125,448.0838928222656,5240011
2021-04-06,435.2399597167969,435.43634033203125,444.4703063964844,431.8227844238281,440.8567199707031,7389459
2021-04-07,449.6877746582031,449.8906555175781,465.2483825683594,430.0159912109375,435.43634033203125,34819544
2021-04-08,474.06842041015625,474.2823181152344,487.833251953125,449.8906555175781,456.2144470214844,29135652
2021-04-09,460.5236511230469,460.7314147949219,533.0029907226562,456.2144470214844,478.79931640625,47523402
2021-04-12,449.8906555175781,449.8906555175781,474.2823181152344,440.8567199707031,460.7314147949219,11407746
2021-04-13,439.0499267578125,439.0499267578125,460.7314147949219,435.43634033203125,449.8906555175781,9579642
2021-04-14,456.2144470214844,456.2144470214844,465.2483825683594,437.2431335449219,439.0499267578125,12012907
2021-04-15,448.0838928222656,448.0838928222656,465.2483825683594,444.4703063964844,460.7314147949219,6686444
2021-04-16,449.8906555175781,449.8906555175781,456.2144470214844,446.277099609375,448.0838928222656,4727500
2021-04-19,439.0499267578125,439.0499267578125,451.69744873046875,431.8227844238281,449.8906555175781,10313208
2021-04-20,439.0499267578125,439.0499267578125,451.69744873046875,435.43634033203125,440.8567199707031,11177946
2021-04-21,440.8567199707031,440.8567199707031,446.277099609375,439.0499267578125,440.8567199707031,8513331
2021-04-22,439.0499267578125,439.0499267578125,449.8906555175781,435.43634033203125,440.8567199707031,7179805
2021-04-23,435.43634033203125,435.43634033203125,440.8567199707031,433.6295471191406,439.0499267578125,5463612
2021-04-26,431.8227844238281,431.8227844238281,437.2431335449219,428.2091979980469,435.43634033203125,7091915
2021-04-27,426.40240478515625,426.40240478515625,433.6295471191406,424.5956115722656,431.8227844238281,4718866
2021-04-28,424.5956115722656,424.5956115722656,431.8227844238281,422.788818359375,426.40240478515625,4883578
2021-04-29,428.2091979980469,428.2091979980469,446.277099609375,424.5956115722656,426.40240478515625,17390069
2021-04-30,424.5956115722656,424.5956115722656,433.6295471191406,424.5956115722656,430.0159912109375,3870953
2021-05-03,415.5616760253906,415.5616760253906,430.0159912109375,406.5277099609375,424.5956115722656,8695754
2021-05-04,417.3684387207031,417.3684387207031,426.40240478515625,408.3345031738281,417.3684387207031,9620045
2021-05-05,419.17523193359375,419.17523193359375,422.788818359375,413.7548828125,415.5616760253906,3639050
2021-05-06,413.7548828125,413.7548828125,420.9820251464844,411.9480895996094,419.17523193359375,3405708
2021-05-07,406.5277099609375,406.5277099609375,417.3684387207031,404.7209167480469,413.7548828125,10989324
2021-05-10,406.5277099609375,406.5277099609375,411.9480895996094,399.3005676269531,411.9480895996094,7860239
2021-05-11,404.7209167480469,404.7209167480469,408.3345031738281,402.91412353515625,406.5277099609375,7485984
2021-05-17,401.1073303222656,401.1073303222656,406.5277099609375,397.4937744140625,404.7209167480469,4516740
2021-05-18,404.7209167480469,404.7209167480469,404.7209167480469,397.4937744140625,401.1073303222656,2962823
2021-05-19,402.91412353515625,402.91412353515625,413.7548828125,397.4937744140625,404.7209167480469,6274443
2021-05-20,401.1073303222656,401.1073303222656,406.5277099609375,399.3005676269531,402.91412353515625,5264032
2021-05-21,404.7209167480469,404.7209167480469,419.17523193359375,397.4937744140625,402.91412353515625,19376243
2021-05-24,404.7209167480469,404.7209167480469,411.9480895996094,397.4937744140625,406.5277099609375,14916289
2021-05-25,401.1073303222656,401.1073303222656,404.7209167480469,397.4937744140625,404.7209167480469,6432070
2021-05-27,401.1073303222656,401.1073303222656,402.91412353515625,397.4937744140625,401.1073303222656,8646827
2021-05-28,410.14129638671875,410.14129638671875,413.7548828125,397.4937744140625,401.1073303222656,17150085
2021-05-31,424.5956115722656,424.5956115722656,424.5956115722656,411.9480895996094,415.5616760253906,33142316
2021-06-02,424.5956115722656,424.5956115722656,444.4703063964844,424.5956115722656,431.8227844238281,38325210
2021-06-03,402.91412353515625,402.91412353515625,428.2091979980469,399.3005676269531,426.40240478515625,23240113
2021-06-04,399.3005676269531,399.3005676269531,411.9480895996094,397.4937744140625,411.9480895996094,10837563
2021-06-07,384.8462219238281,384.8462219238281,402.91412353515625,381.232666015625,401.1073303222656,17210634
2021-06-08,379.4258728027344,379.4258728027344,386.65301513671875,372.1986999511719,384.8462219238281,11611643
2021-06-09,383.0394592285156,383.0394592285156,388.4598083496094,375.8122863769531,379.4258728027344,7040885
2021-06-10,476.2055358886719,476.2055358886719,476.2055358886719,384.6993713378906,395.9042053222656,104516977
2021-06-11,444.45849609375,444.45849609375,583.585205078125,444.45849609375,494.8802490234375,282247020
2021-06-14,427.6512451171875,427.6512451171875,485.54290771484375,425.7837829589844,440.7235412597656,59039471
2021-06-15,407.1090393066406,407.1090393066406,433.253662109375,399.63916015625,422.048828125,21165075
2021-06-16,422.048828125,422.048828125,438.8560791015625,390.3017883300781,405.2415771484375,39344082
2021-06-17,410.843994140625,410.843994140625,431.3861999511719,403.37408447265625,423.9162902832031,20189960
2021-06-18,395.9042053222656,395.9042053222656,416.4464111328125,392.16925048828125,410.843994140625,10703342
2021-06-21,394.0367431640625,394.0367431640625,414.5789489746094,382.8319091796875,388.434326171875,23328855
2021-06-22,394.0367431640625,394.0367431640625,403.37408447265625,394.0367431640625,394.0367431640625,17346973
2021-06-23,394.0367431640625,394.0367431640625,412.7114562988281,390.3017883300781,392.16925048828125,30478411
2021-06-24,367.8921203613281,367.8921203613281,397.77166748046875,367.8921203613281,395.9042053222656,55446808
2021-06-25,358.55474853515625,358.55474853515625,367.8921203613281,343.6149597167969,347.34991455078125,57985426
2021-06-28,390.3017883300781,390.3017883300781,422.048828125,360.4222412109375,364.15716552734375,102904316
2021-06-29,371.6270751953125,371.6270751953125,394.0367431640625,367.8921203613281,394.0367431640625,22487611
2021-06-30,382.8319091796875,382.8319091796875,397.77166748046875,369.75958251953125,371.6270751953125,39020972
2021-07-01,369.75958251953125,369.75958251953125,390.3017883300781,369.75958251953125,382.8319091796875,18027465
2021-07-02,369.75958251953125,369.75958251953125,377.2294921875,367.8921203613281,369.75958251953125,7927184
2021-07-05,377.2294921875,377.2294921875,386.56683349609375,364.15716552734375,380.96441650390625,40087547
2021-07-06,394.0367431640625,394.0367431640625,395.9042053222656,380.96441650390625,380.96441650390625,31902474
2021-07-07,446.3259582519531,446.3259582519531,490.2115783691406,394.0367431640625,397.77166748046875,342484046
2021-07-08,518.2236938476562,518.2236938476562,541.5670776367188,429.5187072753906,451.9283752441406,329011185
2021-07-09,546.2357788085938,546.2357788085938,574.2478637695312,485.54290771484375,508.88629150390625,289644826
2021-07-12,583.585205078125,583.585205078125,625.6033325195312,527.56103515625,555.5731201171875,205971527
2021-07-13,550.9044189453125,550.9044189453125,606.9286499023438,546.2357788085938,588.25390625,184094580
2021-07-14,522.892333984375,522.892333984375,574.2478637695312,513.5549926757812,536.8983764648438,127365397
2021-07-15,578.91650390625,578.91650390625,592.9225463867188,494.8802490234375,527.56103515625,249174408
2021-07-16,592.9225463867188,592.9225463867188,644.278076171875,574.2478637695312,578.91650390625,277290696
2021-07-19,592.9225463867188,592.9225463867188,620.9346923828125,574.2478637695312,597.5912475585938,146289476
2021-07-21,574.2478637695312,574.2478637695312,616.2659912109375,574.2478637695312,597.5912475585938,85948994
2021-07-22,560.2418212890625,560.2418212890625,592.9225463867188,550.9044189453125,578.91650390625,92115403
2021-07-23,536.8983764648438,536.8983764648438,569.5791625976562,522.892333984375,564.9104614257812,159457433
2021-07-26,499.5489501953125,499.5489501953125,550.9044189453125,499.5489501953125,536.8983764648438,115899740
2021-07-27,499.5489501953125,499.5489501953125,555.5731201171875,494.8802490234375,504.2176208496094,203556391
2021-07-28,508.88629150390625,508.88629150390625,532.229736328125,499.5489501953125,499.5489501953125,97192961
2021-07-29,630.2720336914062,630.2720336914062,630.2720336914062,518.2236938476562,527.56103515625,527111860
2021-07-30,784.3385009765625,784.3385009765625,784.3385009765625,644.278076171875,648.94677734375,690984459
2021-08-02,756.326416015625,756.326416015625,901.0555419921875,732.9830322265625,812.3505859375,502022765
2021-08-03,905.7242431640625,905.7242431640625,938.405029296875,756.326416015625,760.9951171875,630180570
2021-08-04,1129.8209228515625,1129.8209228515625,1129.8209228515625,915.0615844726562,915.0615844726562,487287985
2021-08-05,1409.94189453125,1409.94189453125,1409.94189453125,1153.1644287109375,1153.1644287109375,367375762
2021-08-06,1493.9781494140625,1493.9781494140625,1760.093017578125,1400.6044921875,1479.9720458984375,659733131
2021-08-09,1470.634765625,1470.634765625,1834.7918701171875,1391.26708984375,1493.9781494140625,615975276
2021-08-10,1367.9237060546875,1367.9237060546875,1601.3577880859375,1367.9237060546875,1493.9781494140625,314489098
2021-08-12,1503.3155517578125,1503.3155517578125,1531.32763671875,1274.550048828125,1367.9237060546875,356657854
2021-08-13,1531.32763671875,1531.32763671875,1615.3638916015625,1484.6407470703125,1517.321533203125,330100357
2021-08-16,1428.6165771484375,1428.6165771484375,1559.3397216796875,1428.6165771484375,1540.6649169921875,167311470
2021-08-18,1330.5743408203125,1330.5743408203125,1414.610595703125,1330.5743408203125,1414.610595703125,179826245
2021-08-19,1241.869384765625,1241.869384765625,1297.8935546875,1241.869384765625,1260.5440673828125,109859170
2021-08-20,1255.8753662109375,1255.8753662109375,1363.2550048828125,1157.8330078125,1167.17041015625,446538580
2021-08-23,1568.677001953125,1568.677001953125,1568.677001953125,1269.8814697265625,1269.8814697265625,389295654
2021-08-24,1708.737548828125,1708.737548828125,1834.7918701171875,1610.6951904296875,1680.7254638671875,562119173
2021-08-25,1708.737548828125,1708.737548828125,1708.737548828125,1708.737548828125,1708.737548828125,0
2021-08-26,1592.0205078125,1592.0205078125,1792.7738037109375,1592.0205078125,1727.4122314453125,287415717
2021-08-27,1484.6407470703125,1484.6407470703125,1610.6951904296875,1484.6407470703125,1592.0205078125,264035348
2021-08-30,1521.990234375,1521.990234375,1568.677001953125,1447.2913818359375,1484.6407470703125,145114090
2021-08-31,1419.279296875,1419.279296875,1512.65283203125,1419.279296875,1507.984130859375,209343678
2021-09-01,1475.303466796875,1475.303466796875,1573.345703125,1358.58642578125,1419.279296875,303782435
2021-09-02,1461.29736328125,1461.29736328125,1517.321533203125,1447.2913818359375,1489.3094482421875,105216853
2021-09-03,1363.2550048828125,1363.2550048828125,1479.9720458984375,1363.2550048828125,1475.303466796875,186846213
2021-09-06,1344.580322265625,1344.580322265625,1414.610595703125,1297.8935546875,1363.2550048828125,113328779
2021-09-07,1349.2490234375,1349.2490234375,1395.935791015625,1335.242919921875,1353.917724609375,66204449
2021-09-08,1283.887451171875,1283.887451171875,1363.2550048828125,1269.8814697265625,1349.2490234375,75560195
2021-09-09,1237.20068359375,1237.20068359375,1330.5743408203125,1195.1824951171875,1283.887451171875,126369827
2021-09-10,1386.5985107421875,1386.5985107421875,1391.26708984375,1223.194580078125,1251.2066650390625,231199205
2021-09-13,1461.29736328125,1461.29736328125,1484.6407470703125,1339.91162109375,1386.5985107421875,265834250
2021-09-14,1405.273193359375,1405.273193359375,1531.32763671875,1405.273193359375,1465.966064453125,177285699
2021-09-15,1358.58642578125,1358.58642578125,1437.9539794921875,1339.91162109375,1400.6044921875,88604990
2021-09-16,1386.5985107421875,1386.5985107421875,1419.279296875,1353.917724609375,1372.5924072265625,65999251
2021-09-17,1465.966064453125,1465.966064453125,1465.966064453125,1377.2611083984375,1391.26708984375,101871262
2021-09-20,1419.279296875,1419.279296875,1475.303466796875,1391.26708984375,1470.634765625,124200906
2021-09-21,1400.6044921875,1400.6044921875,1419.279296875,1325.9056396484375,1400.6044921875,79327639
2021-09-22,1400.6044921875,1400.6044921875,1437.9539794921875,1391.26708984375,1405.273193359375,63281354
2021-09-23,1363.2550048828125,1363.2550048828125,1419.279296875,1353.917724609375,1419.279296875,40670795
2021-09-24,1367.9237060546875,1367.9237060546875,1395.935791015625,1339.91162109375,1358.58642578125,41780637
2021-09-27,1363.2550048828125,1363.2550048828125,1391.26708984375,1339.91162109375,1372.5924072265625,36572958
2021-09-28,1274.550048828125,1274.550048828125,1372.5924072265625,1269.8814697265625,1363.2550048828125,86904296
2021-09-29,1353.917724609375,1353.917724609375,1367.9237060546875,1218.52587890625,1241.869384765625,108817763
2021-09-30,1288.55615234375,1288.55615234375,1358.58642578125,1283.887451171875,1349.2490234375,41473056
2021-10-01,1307.2308349609375,1307.2308349609375,1330.5743408203125,1269.8814697265625,1288.55615234375,27590229
2021-10-04,1283.887451171875,1283.887451171875,1339.91162109375,1274.550048828125,1325.9056396484375,32297232
2021-10-05,1293.224853515625,1293.224853515625,1307.2308349609375,1265.2127685546875,1283.887451171875,24701726
2021-10-06,1400.6044921875,1400.6044921875,1405.273193359375,1279.21875,1297.8935546875,145339743
2021-10-07,1353.917724609375,1353.917724609375,1423.9478759765625,1344.580322265625,1400.6044921875,56197127
2021-10-08,1335.242919921875,1335.242919921875,1381.9298095703125,1302.5621337890625,1353.917724609375,38301283
2021-10-11,1241.869384765625,1241.869384765625,1395.935791015625,1241.869384765625,1367.9237060546875,102044866
2021-10-12,1162.501708984375,1162.501708984375,1279.21875,1157.8330078125,1237.20068359375,100397399
2021-10-13,1083.1341552734375,1083.1341552734375,1199.8511962890625,1083.1341552734375,1167.17041015625,146052042
2021-10-14,1157.8330078125,1157.8330078125,1176.5078125,1008.4352416992188,1069.1280517578125,145552972
2021-10-15,1143.8270263671875,1143.8270263671875,1190.5137939453125,1129.8209228515625,1167.17041015625,38619145
2021-10-18,1265.2127685546875,1265.2127685546875,1265.2127685546875,1139.1583251953125,1143.8270263671875,105047426
2021-10-19,1237.20068359375,1237.20068359375,1283.887451171875,1213.8572998046875,1283.887451171875,33079894
2021-10-21,1279.21875,1279.21875,1321.2369384765625,1227.86328125,1246.5379638671875,109555551
2021-10-22,1311.8995361328125,1311.8995361328125,1325.9056396484375,1265.2127685546875,1279.21875,63045420
2021-10-25,1391.26708984375,1391.26708984375,1400.6044921875,1293.224853515625,1321.2369384765625,142367062
2021-10-26,1381.9298095703125,1381.9298095703125,1456.628662109375,1316.5682373046875,1400.6044921875,167433667
2021-10-27,1297.8935546875,1297.8935546875,1377.2611083984375,1293.224853515625,1372.5924072265625,105700394
2021-10-28,1316.5682373046875,1316.5682373046875,1363.2550048828125,1279.21875,1297.8935546875,47587416
2021-10-29,1316.5682373046875,1316.5682373046875,1344.580322265625,1297.8935546875,1321.2369384765625,34796439
2021-11-01,1344.580322265625,1344.580322265625,1405.273193359375,1321.2369384765625,1321.2369384765625,96356215
2021-11-02,1302.5621337890625,1302.5621337890625,1363.2550048828125,1293.224853515625,1349.2490234375,36229927
2021-11-03,1311.8995361328125,1311.8995361328125,1330.5743408203125,1293.224853515625,1302.5621337890625,18167012
2021-11-04,1381.9298095703125,1381.9298095703125,1381.9298095703125,1316.5682373046875,1335.242919921875,47275336
2021-11-05,1358.58642578125,1358.58642578125,1419.279296875,1344.580322265625,1419.279296875,62198500
2021-11-08,1456.628662109375,1456.628662109375,1512.65283203125,1353.917724609375,1367.9237060546875,264707593
2021-11-09,1409.94189453125,1409.94189453125,1484.6407470703125,1377.2611083984375,1470.634765625,98293164
2021-11-10,1395.935791015625,1395.935791015625,1437.9539794921875,1377.2611083984375,1409.94189453125,50458569
2021-11-11,1423.9478759765625,1423.9478759765625,1437.9539794921875,1372.5924072265625,1391.26708984375,50009941
2021-11-12,1433.2852783203125,1433.2852783203125,1479.9720458984375,1414.610595703125,1419.279296875,97191354
2021-11-15,1732.0809326171875,1732.0809326171875,1783.4364013671875,1433.2852783203125,1433.2852783203125,482522292
2021-11-16,1923.496826171875,1923.496826171875,1942.171630859375,1690.062744140625,1736.7496337890625,392533506
2021-11-17,1904.8221435546875,1904.8221435546875,2026.2078857421875,1886.1474609375,1923.496826171875,201257134
2021-11-18,2091.5693359375,2091.5693359375,2138.256103515625,1867.47265625,1904.8221435546875,238855542
2021-11-19,2035.545166015625,2035.545166015625,2222.29248046875,1988.8583984375,2110.244140625,161070843
2021-11-22,2007.5330810546875,2007.5330810546875,2119.58154296875,1988.8583984375,2044.882568359375,77827001
2021-11-23,1970.1837158203125,1970.1837158203125,2026.2078857421875,1867.47265625,2007.5330810546875,125469144
2021-11-24,1970.1837158203125,1970.1837158203125,2044.882568359375,1932.834228515625,1979.52099609375,82806566
2021-11-25,2072.894775390625,2072.894775390625,2110.244140625,1970.1837158203125,1970.1837158203125,87389230
2021-11-26,2026.2078857421875,2026.2078857421875,2082.23193359375,1942.171630859375,2044.882568359375,68654177
2021-11-29,2194.280517578125,2194.280517578125,2278.316650390625,1867.47265625,1867.47265625,216150417
2021-11-30,2128.9189453125,2128.9189453125,2343.67822265625,2100.90673828125,2194.280517578125,117205141
2021-12-01,2156.930908203125,2156.930908203125,2222.29248046875,2082.23193359375,2156.930908203125,46951583
2021-12-02,2007.5330810546875,2007.5330810546875,2166.268310546875,2007.5330810546875,2100.90673828125,97978086
2021-12-03,2054.219970703125,2054.219970703125,2054.219970703125,1932.834228515625,2026.2078857421875,94790891
2021-12-06,2567.77490234375,2567.77490234375,2567.77490234375,1988.8583984375,2063.557373046875,287486293
2021-12-07,2521.088134765625,2521.088134765625,2670.48583984375,2465.06396484375,2521.088134765625,212089635
2021-12-08,2418.377197265625,2418.377197265625,2651.811279296875,2353.015625,2549.10009765625,182621038
2021-12-09,2446.38916015625,2446.38916015625,2549.10009765625,2399.702392578125,2409.039794921875,82618718
2021-12-10,2418.377197265625,2418.377197265625,2539.762939453125,2409.039794921875,2437.0517578125,82120183
2021-12-13,2418.377197265625,2418.377197265625,2502.413330078125,2399.702392578125,2427.714599609375,43308478
2021-12-14,2455.7265625,2455.7265625,2474.4013671875,2250.3046875,2399.702392578125,90069215
2021-12-15,2427.714599609375,2427.714599609375,2530.425537109375,2409.039794921875,2455.7265625,90599344
2021-12-16,2427.714599609375,2427.714599609375,2474.4013671875,2381.027587890625,2455.7265625,53626701
2021-12-17,2521.088134765625,2521.088134765625,2521.088134765625,2409.039794921875,2427.714599609375,66428173
2021-12-20,2455.7265625,2455.7265625,2707.83544921875,2446.38916015625,2493.075927734375,215873144
2021-12-21,2455.7265625,2455.7265625,2521.088134765625,2353.015625,2474.4013671875,89622730
2021-12-22,2605.124267578125,2605.124267578125,2614.461669921875,2455.7265625,2455.7265625,99862237
2021-12-23,2549.10009765625,2549.10009765625,2698.498046875,2549.10009765625,2605.124267578125,76094500
2021-12-24,2614.461669921875,2614.461669921875,2633.136474609375,2530.425537109375,2577.1123046875,69134826
2021-12-27,2539.762939453125,2539.762939453125,2661.148681640625,2539.762939453125,2614.461669921875,57987889
2021-12-28,2558.4375,2558.4375,2586.44970703125,2493.075927734375,2567.77490234375,52908618
2021-12-29,2530.425537109375,2530.425537109375,2577.1123046875,2511.750732421875,2549.10009765625,19285851
2021-12-30,2455.7265625,2455.7265625,2558.4375,2455.7265625,2530.425537109375,33127445
2022-01-03,2399.702392578125,2399.702392578125,2511.750732421875,2381.027587890625,2465.06396484375,60812027
2022-01-04,2343.67822265625,2343.67822265625,2437.0517578125,2240.96728515625,2399.702392578125,119651977
2022-01-05,2203.61767578125,2203.61767578125,2334.3408203125,2203.61767578125,2334.3408203125,82140853
2022-01-06,2278.316650390625,2278.316650390625,2287.654052734375,2091.5693359375,2194.280517578125,143970834
2022-01-07,2194.280517578125,2194.280517578125,2334.3408203125,2175.605712890625,2325.00341796875,99169857
2022-01-10,2222.29248046875,2222.29248046875,2231.6298828125,2100.90673828125,2184.943115234375,82334270
2022-01-11,2072.894775390625,2072.894775390625,2259.641845703125,2072.894775390625,2231.6298828125,111535446
2022-01-12,2119.58154296875,2119.58154296875,2203.61767578125,2044.882568359375,2054.219970703125,118729233
2022-01-13,2278.316650390625,2278.316650390625,2315.666015625,2128.9189453125,2147.593505859375,135586883
2022-01-14,2138.256103515625,2138.256103515625,2296.991455078125,2128.9189453125,2278.316650390625,137346587
2022-01-17,2138.256103515625,2138.256103515625,2194.280517578125,2072.894775390625,2138.256103515625,116374607
2022-01-18,2082.23193359375,2082.23193359375,2175.605712890625,2026.2078857421875,2175.605712890625,72979273
2022-01-19,1970.1837158203125,1970.1837158203125,2100.90673828125,1970.1837158203125,2072.894775390625,70127076
2022-01-20,1960.8463134765625,1960.8463134765625,2063.557373046875,1942.171630859375,1970.1837158203125,47102697
2022-01-21,1970.1837158203125,1970.1837158203125,1988.8583984375,1923.496826171875,1951.5089111328125,50385208
2022-01-24,1834.7918701171875,1834.7918701171875,1960.8463134765625,1834.7918701171875,1960.8463134765625,107258757
2022-01-25,1708.737548828125,1708.737548828125,1820.785888671875,1708.737548828125,1802.111083984375,124147465
2022-01-26,1680.7254638671875,1680.7254638671875,1774.0989990234375,1592.0205078125,1708.737548828125,213636753
2022-01-27,1666.7193603515625,1666.7193603515625,1704.06884765625,1601.3577880859375,1680.7254638671875,96382775
2022-01-28,1792.7738037109375,1792.7738037109375,1830.1231689453125,1676.0567626953125,1680.7254638671875,129021860
2022-01-31,1802.111083984375,1802.111083984375,1853.4666748046875,1769.430419921875,1802.111083984375,66453448
2022-02-02,1979.52099609375,1979.52099609375,2026.2078857421875,1811.448486328125,1820.785888671875,121134302
2022-02-03,1960.8463134765625,1960.8463134765625,2016.8704833984375,1886.1474609375,1979.52099609375,65452737
2022-02-04,1988.8583984375,1988.8583984375,2072.894775390625,1867.47265625,1867.47265625,60822844
2022-02-07,1960.8463134765625,1960.8463134765625,2026.2078857421875,1932.834228515625,1988.8583984375,44051835
2022-02-08,1979.52099609375,1979.52099609375,2054.219970703125,1951.5089111328125,1960.8463134765625,76734402
2022-02-09,1998.19580078125,1998.19580078125,2026.2078857421875,1960.8463134765625,1979.52099609375,44554761
2022-02-10,2110.244140625,2110.244140625,2222.29248046875,1998.19580078125,2007.5330810546875,139441076
2022-02-11,2138.256103515625,2138.256103515625,2166.268310546875,2072.894775390625,2119.58154296875,41205100
2022-02-14,1988.8583984375,1988.8583984375,2166.268310546875,1988.8583984375,2138.256103515625,73880920
2022-02-15,2016.8704833984375,2016.8704833984375,2072.894775390625,1960.8463134765625,1970.1837158203125,44801833
2022-02-16,2016.8704833984375,2016.8704833984375,2054.219970703125,1988.8583984375,2026.2078857421875,26849442
2022-02-17,2147.593505859375,2147.593505859375,2222.29248046875,1998.19580078125,1998.19580078125,77392939
2022-02-18,2100.90673828125,2100.90673828125,2194.280517578125,2100.90673828125,2147.593505859375,48288684
2022-02-21,2278.316650390625,2278.316650390625,2287.654052734375,2072.894775390625,2072.894775390625,111267276
2022-02-22,2240.96728515625,2240.96728515625,2362.35302734375,2212.955078125,2278.316650390625,108785741
2022-02-23,2287.654052734375,2287.654052734375,2325.00341796875,2240.96728515625,2259.641845703125,43478226
2022-02-24,2128.9189453125,2128.9189453125,2296.991455078125,2128.9189453125,2287.654052734375,91445835
2022-02-25,2184.943115234375,2184.943115234375,2231.6298828125,2054.219970703125,2054.219970703125,74682538
2022-03-01,2184.943115234375,2184.943115234375,2278.316650390625,2156.930908203125,2203.61767578125,42583755
2022-03-02,2054.219970703125,2054.219970703125,2175.605712890625,2054.219970703125,2166.268310546875,58783510
2022-03-04,1960.8463134765625,1960.8463134765625,2110.244140625,1951.5089111328125,2054.219970703125,88045625
2022-03-07,1895.4847412109375,1895.4847412109375,1960.8463134765625,1862.803955078125,1951.5089111328125,64141018
2022-03-08,1825.45458984375,1825.45458984375,1988.8583984375,1792.7738037109375,1867.47265625,89183312
2022-03-09,1848.7979736328125,1848.7979736328125,1914.1595458984375,1825.45458984375,1867.47265625,53563514
2022-03-10,1914.1595458984375,1914.1595458984375,1914.1595458984375,1844.1292724609375,1895.4847412109375,55208518
2022-03-11,2016.8704833984375,2016.8704833984375,2044.882568359375,1886.1474609375,1923.496826171875,79469007
2022-03-14,1998.19580078125,1998.19580078125,2091.5693359375,1998.19580078125,2035.545166015625,48150637
2022-03-15,1923.496826171875,1923.496826171875,2044.882568359375,1904.8221435546875,1998.19580078125,49013086
2022-03-16,2063.557373046875,2063.557373046875,2100.90673828125,1923.496826171875,1923.496826171875,82897812
2022-03-17,2082.23193359375,2082.23193359375,2156.930908203125,2063.557373046875,2082.23193359375,66245252
2022-03-18,2054.219970703125,2054.219970703125,2110.244140625,2007.5330810546875,2082.23193359375,303332523
2022-03-21,2026.2078857421875,2026.2078857421875,2100.90673828125,2026.2078857421875,2091.5693359375,21612739
2022-03-22,2091.5693359375,2091.5693359375,2100.90673828125,2026.2078857421875,2035.545166015625,25724820
2022-03-23,2091.5693359375,2091.5693359375,2110.244140625,2054.219970703125,2100.90673828125,16415233
2022-03-24,2110.244140625,2110.244140625,2110.244140625,2063.557373046875,2100.90673828125,19329011
2022-03-25,2054.219970703125,2054.219970703125,2166.268310546875,2054.219970703125,2128.9189453125,39360040
2022-03-28,2035.545166015625,2035.545166015625,2082.23193359375,2026.2078857421875,2054.219970703125,18056917
2022-03-29,2044.882568359375,2044.882568359375,2072.894775390625,2035.545166015625,2035.545166015625,20331970
2022-03-30,2110.244140625,2110.244140625,2128.9189453125,2054.219970703125,2054.219970703125,35611444
2022-03-31,2082.23193359375,2082.23193359375,2138.256103515625,2063.557373046875,2138.256103515625,23404786
2022-04-01,2044.882568359375,2044.882568359375,2082.23193359375,2026.2078857421875,2082.23193359375,16946861
2022-04-04,1970.1837158203125,1970.1837158203125,2072.894775390625,1914.1595458984375,2072.894775390625,59415059
2022-04-05,1960.8463134765625,1960.8463134765625,2016.8704833984375,1932.834228515625,1979.52099609375,33906787
2022-04-06,1830.1231689453125,1830.1231689453125,1960.8463134765625,1825.45458984375,1951.5089111328125,133348563
2022-04-07,1802.111083984375,1802.111083984375,1848.7979736328125,1746.0869140625,1811.448486328125,82927585
2022-04-08,1736.7496337890625,1736.7496337890625,1825.45458984375,1732.0809326171875,1811.448486328125,59169808
2022-04-11,1718.0748291015625,1718.0748291015625,1788.1051025390625,1690.062744140625,1736.7496337890625,65267246
2022-04-12,1774.0989990234375,1774.0989990234375,1797.4425048828125,1718.0748291015625,1718.0748291015625,42943921
2022-04-13,1755.42431640625,1755.42431640625,1792.7738037109375,1736.7496337890625,1783.4364013671875,27349262
2022-04-14,1834.7918701171875,1834.7918701171875,1853.4666748046875,1746.0869140625,1764.76171875,40481127
2022-04-18,1811.448486328125,1811.448486328125,1853.4666748046875,1774.0989990234375,1839.4605712890625,31384876
2022-04-19,1769.430419921875,1769.430419921875,1830.1231689453125,1755.42431640625,1816.1171875,28898200
2022-04-20,1774.0989990234375,1774.0989990234375,1820.785888671875,1755.42431640625,1778.7677001953125,26971104
2022-04-21,1764.76171875,1764.76171875,1792.7738037109375,1760.093017578125,1778.7677001953125,19482480
2022-04-22,1736.7496337890625,1736.7496337890625,1778.7677001953125,1732.0809326171875,1774.0989990234375,21561547
2022-04-25,1736.7496337890625,1736.7496337890625,1746.0869140625,1680.7254638671875,1736.7496337890625,28776860
2022-04-26,1615.3638916015625,1615.3638916015625,1746.0869140625,1615.3638916015625,1741.4183349609375,79021236
2022-04-27,1521.990234375,1521.990234375,1615.3638916015625,1503.3155517578125,1615.3638916015625,90726896
2022-04-28,1564.0084228515625,1564.0084228515625,1564.0084228515625,1493.9781494140625,1526.658935546875,44556475
2022-05-09,1456.628662109375,1456.628662109375,1564.0084228515625,1456.628662109375,1559.3397216796875,9429535
2022-05-10,1358.58642578125,1358.58642578125,1391.26708984375,1358.58642578125,1367.9237060546875,51807665
2022-05-11,1265.2127685546875,1265.2127685546875,1353.917724609375,1265.2127685546875,1353.917724609375,141459525
2022-05-12,1181.176513671875,1181.176513671875,1265.2127685546875,1181.176513671875,1265.2127685546875,71394136
2022-05-13,1162.501708984375,1162.501708984375,1185.8450927734375,1101.808837890625,1106.4775390625,144231828
2022-05-17,1190.5137939453125,1190.5137939453125,1241.869384765625,1148.4957275390625,1181.176513671875,72409091
2022-05-18,1190.5137939453125,1190.5137939453125,1246.5379638671875,1171.839111328125,1190.5137939453125,56606450
2022-05-19,1265.2127685546875,1265.2127685546875,1330.5743408203125,1111.146240234375,1167.17041015625,164509180
2022-05-20,1297.8935546875,1297.8935546875,1335.242919921875,1246.5379638671875,1279.21875,53310766
2022-05-23,1241.869384765625,1241.869384765625,1377.2611083984375,1232.531982421875,1302.5621337890625,51655802
2022-05-24,1279.21875,1279.21875,1311.8995361328125,1241.869384765625,1246.5379638671875,34918636
2022-05-25,1274.550048828125,1274.550048828125,1321.2369384765625,1251.2066650390625,1279.21875,22398399
2022-05-27,1297.8935546875,1297.8935546875,1349.2490234375,1283.887451171875,1283.887451171875,43460662
2022-05-30,1255.8753662109375,1255.8753662109375,1330.5743408203125,1251.2066650390625,1311.8995361328125,29060880
2022-05-31,1381.9298095703125,1381.9298095703125,1381.9298095703125,1246.5379638671875,1255.8753662109375,134504993
2022-06-02,1288.55615234375,1288.55615234375,1381.9298095703125,1288.55615234375,1381.9298095703125,43693276
2022-06-03,1209.1885986328125,1209.1885986328125,1283.887451171875,1199.8511962890625,1283.887451171875,49715640
2022-06-06,1167.17041015625,1167.17041015625,1227.86328125,1153.1644287109375,1199.8511962890625,30809660
2022-06-07,1171.839111328125,1171.839111328125,1195.1824951171875,1148.4957275390625,1171.839111328125,24119870
2022-06-08,1269.8814697265625,1269.8814697265625,1321.2369384765625,1176.5078125,1176.5078125,99851206
2022-06-09,1330.5743408203125,1330.5743408203125,1358.58642578125,1260.5440673828125,1260.5440673828125,58820994
2022-06-10,1302.5621337890625,1302.5621337890625,1353.917724609375,1274.550048828125,1321.2369384765625,45179349
2022-06-13,1213.8572998046875,1213.8572998046875,1288.55615234375,1213.8572998046875,1255.8753662109375,24872331
2022-06-14,1129.8209228515625,1129.8209228515625,1195.1824951171875,1129.8209228515625,1185.8450927734375,43096319
2022-06-15,1059.790771484375,1059.790771484375,1153.1644287109375,1055.1220703125,1129.8209228515625,58692478
2022-06-16,1022.4412841796875,1022.4412841796875,1129.8209228515625,1022.4412841796875,1059.790771484375,76895904
2022-06-17,1059.790771484375,1059.790771484375,1064.45947265625,975.7544555664062,999.097900390625,50542211
2022-06-20,994.42919921875,994.42919921875,1069.1280517578125,989.760498046875,1064.45947265625,32817508
2022-06-21,1027.1099853515625,1027.1099853515625,1055.1220703125,971.0858154296875,999.097900390625,26969283
2022-06-22,1013.1039428710938,1013.1039428710938,1073.7967529296875,1003.7665405273438,1036.4473876953125,18350576
2022-06-23,1003.7665405273438,1003.7665405273438,1036.4473876953125,999.097900390625,1013.1039428710938,10028741
2022-06-24,1027.1099853515625,1027.1099853515625,1055.1220703125,1017.7725830078125,1017.7725830078125,17870248
2022-06-27,1027.1099853515625,1027.1099853515625,1083.1341552734375,1017.7725830078125,1055.1220703125,19805483
2022-06-28,975.7544555664062,975.7544555664062,1041.115966796875,957.0797729492188,1027.1099853515625,28003836
2022-06-29,938.405029296875,938.405029296875,980.4231567382812,938.405029296875,975.7544555664062,15408739
2022-06-30,919.7302856445312,919.7302856445312,957.0797729492188,905.7242431640625,943.07373046875,30800878
2022-07-01,943.07373046875,943.07373046875,961.7484130859375,919.7302856445312,919.7302856445312,30171579
2022-07-04,882.380859375,882.380859375,989.760498046875,877.712158203125,947.7423706054688,38466961
2022-07-05,924.3989868164062,924.3989868164062,957.0797729492188,887.0494995117188,891.7182006835938,15333343
2022-07-06,924.3989868164062,924.3989868164062,943.07373046875,915.0615844726562,924.3989868164062,10593889
2022-07-07,961.7484130859375,961.7484130859375,980.4231567382812,924.3989868164062,924.3989868164062,20614598
2022-07-08,1097.1402587890625,1097.1402587890625,1101.808837890625,961.7484130859375,971.0858154296875,68411603
2022-07-11,1153.1644287109375,1153.1644287109375,1185.8450927734375,1059.790771484375,1106.4775390625,71392423
2022-07-12,1148.4957275390625,1148.4957275390625,1185.8450927734375,1092.4715576171875,1167.17041015625,48353264
2022-07-13,1092.4715576171875,1092.4715576171875,1199.8511962890625,1078.4654541015625,1157.8330078125,60018762
2022-07-14,1106.4775390625,1106.4775390625,1134.4896240234375,1055.1220703125,1092.4715576171875,24074569
2022-07-15,1209.1885986328125,1209.1885986328125,1265.2127685546875,1106.4775390625,1111.146240234375,98425107
2022-07-18,1260.5440673828125,1260.5440673828125,1279.21875,1218.52587890625,1232.531982421875,55381265
2022-07-19,1279.21875,1279.21875,1302.5621337890625,1227.86328125,1260.5440673828125,46765021
2022-07-20,1269.8814697265625,1269.8814697265625,1307.2308349609375,1241.869384765625,1297.8935546875,39678224
2022-07-21,1237.20068359375,1237.20068359375,1288.55615234375,1218.52587890625,1269.8814697265625,26064209
2022-07-22,1237.20068359375,1237.20068359375,1283.887451171875,1237.20068359375,1246.5379638671875,19477018
2022-07-25,1181.176513671875,1181.176513671875,1265.2127685546875,1167.17041015625,1237.20068359375,40164442
2022-07-26,1167.17041015625,1167.17041015625,1232.531982421875,1157.8330078125,1171.839111328125,43865380
2022-07-27,1153.1644287109375,1153.1644287109375,1195.1824951171875,1153.1644287109375,1167.17041015625,24395002
2022-07-28,1269.8814697265625,1269.8814697265625,1288.55615234375,1167.17041015625,1167.17041015625,87578791
2022-07-29,1232.531982421875,1232.531982421875,1288.55615234375,1218.52587890625,1274.550048828125,31915433
2022-08-01,1265.2127685546875,1265.2127685546875,1274.550048828125,1209.1885986328125,1232.531982421875,29971951
2022-08-02,1246.5379638671875,1246.5379638671875,1260.5440673828125,1195.1824951171875,1260.5440673828125,35650856
2022-08-03,1367.9237060546875,1367.9237060546875,1372.5924072265625,1223.194580078125,1246.5379638671875,93502412
2022-08-04,1349.2490234375,1349.2490234375,1409.94189453125,1344.580322265625,1372.5924072265625,58029871
2022-08-05,1367.9237060546875,1367.9237060546875,1391.26708984375,1335.242919921875,1349.2490234375,26591553
2022-08-08,1409.94189453125,1409.94189453125,1419.279296875,1330.5743408203125,1372.5924072265625,36953365
2022-08-09,1377.2611083984375,1377.2611083984375,1433.2852783203125,1377.2611083984375,1414.610595703125,34688271
2022-08-10,1335.242919921875,1335.242919921875,1381.9298095703125,1335.242919921875,1381.9298095703125,27638637
2022-08-11,1414.610595703125,1414.610595703125,1428.6165771484375,1353.917724609375,1353.917724609375,43545590
2022-08-12,1433.2852783203125,1433.2852783203125,1456.628662109375,1391.26708984375,1414.610595703125,32913895
2022-08-15,1353.917724609375,1353.917724609375,1475.303466796875,1353.917724609375,1475.303466796875,55634548
2022-08-16,1260.5440673828125,1260.5440673828125,1377.2611083984375,1260.5440673828125,1353.917724609375,61702535
2022-08-18,1260.5440673828125,1260.5440673828125,1283.887451171875,1204.5198974609375,1213.8572998046875,44819718
2022-08-19,1241.869384765625,1241.869384765625,1279.21875,1241.869384765625,1260.5440673828125,12812931
2022-08-22,1176.5078125,1176.5078125,1241.869384765625,1157.8330078125,1213.8572998046875,49641529
2022-08-23,1120.483642578125,1120.483642578125,1195.1824951171875,1111.146240234375,1157.8330078125,86826330
2022-08-24,1134.4896240234375,1134.4896240234375,1162.501708984375,1111.146240234375,1115.81494140625,49676228
2022-08-25,1162.501708984375,1162.501708984375,1171.839111328125,1134.4896240234375,1134.4896240234375,25731032
2022-08-26,1148.4957275390625,1148.4957275390625,1185.8450927734375,1134.4896240234375,1171.839111328125,30907440
2022-08-29,1106.4775390625,1106.4775390625,1129.8209228515625,1069.1280517578125,1129.8209228515625,38698825
2022-08-30,1139.1583251953125,1139.1583251953125,1162.501708984375,1111.146240234375,1120.483642578125,31803624
2022-08-31,1143.8270263671875,1143.8270263671875,1148.4957275390625,1101.808837890625,1139.1583251953125,31176359
2022-09-01,1111.146240234375,1111.146240234375,1148.4957275390625,1111.146240234375,1143.8270263671875,11262494
2022-09-02,1101.808837890625,1101.808837890625,1129.8209228515625,1101.808837890625,1115.81494140625,14850230
2022-09-05,1120.483642578125,1120.483642578125,1139.1583251953125,1097.1402587890625,1101.808837890625,17664301
2022-09-06,1115.81494140625,1115.81494140625,1139.1583251953125,1097.1402587890625,1125.15234375,13892037
2022-09-07,1073.7967529296875,1073.7967529296875,1120.483642578125,1073.7967529296875,1111.146240234375,22683491
2022-09-08,1092.4715576171875,1092.4715576171875,1106.4775390625,1069.1280517578125,1073.7967529296875,11311972
2022-09-09,1017.7725830078125,1017.7725830078125,1097.1402587890625,1017.7725830078125,1092.4715576171875,41849608
2022-09-12,1003.7665405273438,1003.7665405273438,1064.45947265625,994.42919921875,1017.7725830078125,28772897
2022-09-13,1064.45947265625,1064.45947265625,1101.808837890625,1008.4352416992188,1017.7725830078125,46063431
2022-09-14,1045.78466796875,1045.78466796875,1050.453369140625,1003.7665405273438,1045.78466796875,26615114
2022-09-15,1017.7725830078125,1017.7725830078125,1073.7967529296875,1017.7725830078125,1055.1220703125,12584066
2022-09-16,999.097900390625,999.097900390625,1031.7786865234375,975.7544555664062,1022.4412841796875,22768954
2022-09-19,975.7544555664062,975.7544555664062,1008.4352416992188,966.4171142578125,999.097900390625,18206852
2022-09-20,980.4231567382812,980.4231567382812,1003.7665405273438,971.0858154296875,985.0918579101562,9180107
2022-09-21,961.7484130859375,961.7484130859375,1003.7665405273438,952.4110717773438,989.760498046875,9289667
2022-09-22,966.4171142578125,966.4171142578125,985.0918579101562,938.405029296875,938.405029296875,6577552
2022-09-23,966.4171142578125,966.4171142578125,1003.7665405273438,961.7484130859375,966.4171142578125,20168755
2022-09-26,919.7302856445312,919.7302856445312,966.4171142578125,919.7302856445312,966.4171142578125,28808774
2022-09-27,952.4110717773438,952.4110717773438,952.4110717773438,915.0615844726562,929.0676879882812,11994606
2022-09-28,919.7302856445312,919.7302856445312,947.7423706054688,919.7302856445312,947.7423706054688,18010116
2022-09-29,882.380859375,882.380859375,933.736328125,873.04345703125,924.3989868164062,27472102
2022-09-30,826.356689453125,826.356689453125,882.380859375,821.68798828125,882.380859375,39748158
2022-10-03,854.3687744140625,854.3687744140625,882.380859375,789.0072021484375,789.0072021484375,20342573
2022-10-04,887.0494995117188,887.0494995117188,901.0555419921875,854.3687744140625,863.7061157226562,16674835
2022-10-05,891.7182006835938,891.7182006835938,943.07373046875,877.712158203125,901.0555419921875,20644800
2022-10-06,882.380859375,882.380859375,910.3929443359375,877.712158203125,905.7242431640625,7619495
2022-10-07,877.712158203125,877.712158203125,891.7182006835938,868.3748168945312,877.712158203125,4738703
2022-10-10,831.0253295898438,831.0253295898438,882.380859375,817.019287109375,877.712158203125,16557779
2022-10-11,821.68798828125,821.68798828125,849.7000732421875,821.68798828125,840.3627319335938,8225983
2022-10-12,798.3445434570312,798.3445434570312,845.0313720703125,789.0072021484375,821.68798828125,12650573
2022-10-13,746.9890747070312,746.9890747070312,807.6819458007812,746.9890747070312,798.3445434570312,45854914
2022-10-14,700.30224609375,700.30224609375,775.0011596679688,695.633544921875,751.6577758789062,83560312
2022-10-17,681.6275024414062,681.6275024414062,700.30224609375,653.6154174804688,700.30224609375,66128945
2022-10-18,770.3324584960938,770.3324584960938,798.3445434570312,676.9588623046875,690.9649047851562,102076138
2022-10-19,746.9890747070312,746.9890747070312,817.019287109375,737.6517333984375,775.0011596679688,125478676
2022-10-20,732.9830322265625,732.9830322265625,765.663818359375,714.3082885742188,737.6517333984375,52693461
2022-10-21,732.9830322265625,732.9830322265625,789.0072021484375,732.9830322265625,732.9830322265625,50165874
2022-10-24,915.0615844726562,915.0615844726562,915.0615844726562,737.6517333984375,746.9890747070312,127187616
2022-10-25,905.7242431640625,905.7242431640625,1003.7665405273438,896.3869018554688,999.097900390625,182274473
2022-10-26,868.3748168945312,868.3748168945312,947.7423706054688,845.0313720703125,905.7242431640625,92218751
2022-10-27,882.380859375,882.380859375,910.3929443359375,831.0253295898438,831.0253295898438,69864582
2022-10-28,821.68798828125,821.68798828125,887.0494995117188,821.68798828125,887.0494995117188,46166993
2022-10-31,831.0253295898438,831.0253295898438,873.04345703125,789.0072021484375,789.0072021484375,31380378
2022-11-01,775.0011596679688,775.0011596679688,840.3627319335938,775.0011596679688,831.0253295898438,52801414
2022-11-02,751.6577758789062,751.6577758789062,789.0072021484375,737.6517333984375,737.6517333984375,39798065
2022-11-03,770.3324584960938,770.3324584960938,803.0132446289062,737.6517333984375,756.326416015625,42532563
2022-11-04,775.0011596679688,775.0011596679688,784.3385009765625,756.326416015625,770.3324584960938,12119052
2022-11-07,784.3385009765625,784.3385009765625,812.3505859375,756.326416015625,775.0011596679688,65672500
2022-11-08,765.663818359375,765.663818359375,803.0132446289062,760.9951171875,793.6759033203125,28712602
2022-11-09,831.0253295898438,831.0253295898438,840.3627319335938,746.9890747070312,746.9890747070312,113792186
2022-11-10,807.6819458007812,807.6819458007812,845.0313720703125,793.6759033203125,831.0253295898438,50504085
2022-11-11,854.3687744140625,854.3687744140625,905.7242431640625,826.356689453125,849.7000732421875,158898924
2022-11-14,840.3627319335938,840.3627319335938,882.380859375,831.0253295898438,868.3748168945312,71466855
2022-11-15,859.0374145507812,859.0374145507812,891.7182006835938,812.3505859375,840.3627319335938,89122695
2022-11-16,840.3627319335938,840.3627319335938,882.380859375,831.0253295898438,859.0374145507812,119537598
2022-11-17,887.0494995117188,887.0494995117188,896.3869018554688,807.6819458007812,807.6819458007812,106355183
2022-11-18,873.04345703125,873.04345703125,929.0676879882812,849.7000732421875,896.3869018554688,143722691
2022-11-21,875.0,875.0,925.0,855.0,925.0,72021500
2022-11-22,870.0,870.0,890.0,850.0,880.0,45447700
2022-11-23,940.0,940.0,1050.0,855.0,1050.0,156577800
2022-11-24,915.0,915.0,955.0,915.0,940.0,66875200
2022-11-25,855.0,855.0,920.0,855.0,915.0,112070600
2022-11-28,800.0,800.0,905.0,800.0,905.0,56360300
2022-11-29,780.0,780.0,790.0,745.0,745.0,217503700
2022-11-30,735.0,735.0,785.0,730.0,775.0,185896900
2022-12-01,800.0,800.0,810.0,730.0,730.0,179233700
2022-12-02,795.0,795.0,825.0,770.0,805.0,104307000
2022-12-05,740.0,740.0,825.0,740.0,825.0,88112900
2022-12-06,715.0,715.0,775.0,695.0,775.0,64722800
2022-12-07,685.0,685.0,730.0,665.0,715.0,104168900
2022-12-08,690.0,690.0,705.0,650.0,655.0,71891600
2022-12-09,680.0,680.0,700.0,670.0,690.0,17351800
2022-12-12,675.0,675.0,685.0,655.0,685.0,16037900
2022-12-13,710.0,710.0,730.0,660.0,680.0,148785100
2022-12-14,705.0,705.0,740.0,680.0,740.0,68407200
2022-12-15,750.0,750.0,770.0,700.0,705.0,105025400
2022-12-16,735.0,735.0,755.0,720.0,750.0,48586600
2022-12-19,715.0,715.0,745.0,700.0,735.0,33119200
2022-12-20,665.0,665.0,720.0,665.0,715.0,83302500
2022-12-21,625.0,625.0,670.0,620.0,655.0,114984100
2022-12-22,635.0,635.0,675.0,630.0,675.0,32804100
2022-12-23,650.0,650.0,655.0,615.0,640.0,31240400
2022-12-26,655.0,655.0,665.0,640.0,650.0,21300200
2022-12-27,650.0,650.0,675.0,650.0,655.0,35765800
2022-12-28,650.0,650.0,660.0,645.0,650.0,22456600
2022-12-29,630.0,630.0,650.0,615.0,650.0,41665200
2022-12-30,645.0,645.0,655.0,630.0,630.0,24560400
2023-01-02,655.0,655.0,675.0,640.0,650.0,27298300
2023-01-03,655.0,655.0,680.0,640.0,655.0,27895800
2023-01-04,650.0,650.0,665.0,650.0,655.0,16034600
2023-01-05,610.0,610.0,660.0,605.0,655.0,91919800
2023-01-06,615.0,615.0,625.0,590.0,610.0,26650400
2023-01-09,645.0,645.0,650.0,610.0,610.0,45593800
2023-01-10,655.0,655.0,660.0,640.0,650.0,18530300
2023-01-11,655.0,655.0,690.0,650.0,660.0,57259400
2023-01-12,705.0,705.0,715.0,650.0,655.0,60275900
2023-01-13,705.0,705.0,730.0,690.0,710.0,32999000
2023-01-16,690.0,690.0,715.0,685.0,705.0,12475700
2023-01-17,680.0,680.0,710.0,680.0,690.0,21155500
2023-01-18,665.0,665.0,690.0,655.0,685.0,20004600
2023-01-19,685.0,685.0,705.0,655.0,660.0,38203000
2023-01-20,680.0,680.0,695.0,675.0,685.0,8772600
2023-01-24,700.0,700.0,715.0,680.0,680.0,24467200
2023-01-25,755.0,755.0,760.0,695.0,705.0,75843500
2023-01-26,780.0,780.0,790.0,755.0,760.0,44692100
2023-01-27,750.0,750.0,790.0,745.0,785.0,28799700
2023-01-30,730.0,730.0,765.0,725.0,750.0,16608400
2023-01-31,740.0,740.0,760.0,725.0,730.0,20172300
2023-02-01,745.0,745.0,770.0,745.0,745.0,22431400
2023-02-02,805.0,805.0,825.0,750.0,755.0,107685200
2023-02-03,775.0,775.0,830.0,775.0,815.0,96519000
2023-02-06,725.0,725.0,780.0,725.0,780.0,56304100
2023-02-07,730.0,730.0,745.0,685.0,685.0,22749700
2023-02-08,725.0,725.0,740.0,715.0,730.0,13910500
2023-02-09,675.0,675.0,730.0,675.0,725.0,68908900
2023-02-10,635.0,635.0,660.0,630.0,655.0,126231200
2023-02-13,645.0,645.0,665.0,625.0,630.0,48202700
2023-02-14,650.0,650.0,660.0,645.0,645.0,27587900
2023-02-15,665.0,665.0,680.0,645.0,650.0,34156100
2023-02-16,690.0,690.0,710.0,665.0,665.0,65472800
2023-02-17,680.0,680.0,705.0,670.0,705.0,14048100
2023-02-20,655.0,655.0,685.0,650.0,675.0,20580300
2023-02-21,660.0,660.0,670.0,655.0,665.0,9667900
2023-02-22,650.0,650.0,655.0,640.0,655.0,18498400
2023-02-23,655.0,655.0,665.0,650.0,650.0,14388800
2023-02-24,650.0,650.0,660.0,640.0,655.0,22475400
2023-02-27,655.0,655.0,655.0,640.0,650.0,7861600
2023-02-28,640.0,640.0,660.0,630.0,660.0,21209900
2023-03-01,650.0,650.0,665.0,635.0,640.0,45383100
2023-03-02,650.0,650.0,660.0,645.0,660.0,14796300
2023-03-03,650.0,650.0,660.0,635.0,655.0,12268900
2023-03-06,645.0,645.0,660.0,635.0,650.0,9270800
2023-03-07,640.0,640.0,660.0,630.0,645.0,23842700
2023-03-08,630.0,630.0,645.0,610.0,640.0,48711600
2023-03-09,620.0,620.0,645.0,615.0,630.0,35390000
2023-03-10,625.0,625.0,630.0,605.0,615.0,15202300
2023-03-13,585.0,585.0,620.0,585.0,620.0,64270500
2023-03-14,545.0,545.0,580.0,545.0,580.0,29540500
2023-03-15,510.0,510.0,535.0,510.0,530.0,129523600
2023-03-16,478.0,478.0,505.0,476.0,480.0,170987400
2023-03-17,545.0,545.0,545.0,480.0,480.0,84952200
2023-03-20,610.0,610.0,610.0,520.0,550.0,84243100
2023-03-21,615.0,615.0,650.0,595.0,620.0,33025800
2023-03-24,620.0,620.0,635.0,610.0,615.0,14942200
2023-03-27,615.0,615.0,630.0,610.0,620.0,8047400
2023-03-28,620.0,620.0,640.0,615.0,620.0,10693400
2023-03-29,615.0,615.0,660.0,615.0,620.0,23161800
2023-03-30,605.0,605.0,635.0,600.0,625.0,11017400
2023-03-31,600.0,600.0,610.0,600.0,605.0,6567500
2023-04-03,595.0,595.0,610.0,585.0,600.0,8371000
2023-04-04,590.0,590.0,605.0,585.0,600.0,7106900
2023-04-05,595.0,595.0,605.0,590.0,590.0,8026800
2023-04-06,575.0,575.0,600.0,555.0,600.0,18053000
2023-04-10,575.0,575.0,590.0,560.0,575.0,7741300
2023-04-11,575.0,575.0,605.0,570.0,575.0,20980500
2023-04-12,580.0,580.0,610.0,575.0,580.0,29492500
2023-04-13,570.0,570.0,585.0,560.0,580.0,15550600
2023-04-14,575.0,575.0,600.0,570.0,570.0,16451800
2023-04-17,590.0,590.0,595.0,570.0,580.0,10280600
2023-04-18,590.0,590.0,600.0,575.0,590.0,12996400
2023-04-26,590.0,590.0,590.0,575.0,590.0,5581400
2023-04-27,590.0,590.0,610.0,580.0,590.0,14737900
2023-04-28,605.0,605.0,625.0,590.0,595.0,13840900
2023-05-02,590.0,590.0,615.0,585.0,605.0,8362000
2023-05-03,580.0,580.0,600.0,555.0,595.0,22926800
2023-05-04,580.0,580.0,590.0,570.0,580.0,7942000
2023-05-05,580.0,580.0,595.0,550.0,580.0,26204600
2023-05-08,580.0,580.0,590.0,555.0,555.0,10073800
2023-05-09,585.0,585.0,600.0,570.0,580.0,18079100
2023-05-10,595.0,595.0,620.0,585.0,595.0,25303600
2023-05-11,595.0,595.0,625.0,585.0,600.0,36332100
2023-05-12,600.0,600.0,605.0,580.0,595.0,13776800
2023-05-15,570.0,570.0,600.0,565.0,595.0,26001200
2023-05-16,560.0,560.0,580.0,555.0,570.0,15326600
2023-05-17,555.0,555.0,565.0,555.0,560.0,6986000
2023-05-19,555.0,555.0,565.0,545.0,555.0,9539100
2023-05-22,550.0,550.0,560.0,535.0,555.0,16943700
2023-05-23,550.0,550.0,565.0,540.0,550.0,16471300
2023-05-24,545.0,545.0,550.0,530.0,550.0,14338100
2023-05-25,540.0,540.0,545.0,530.0,545.0,10847600
2023-05-26,520.0,520.0,540.0,510.0,540.0,20940500
2023-05-29,484.0,484.0,520.0,484.0,520.0,37084200
2023-05-30,482.0,482.0,494.0,474.0,478.0,24402300
2023-05-31,450.0,450.0,486.0,450.0,480.0,45089800
2023-06-05,466.0,466.0,480.0,450.0,454.0,21167600
2023-06-06,484.0,484.0,498.0,464.0,466.0,55670100
2023-06-07,490.0,490.0,515.0,486.0,488.0,65201300
2023-06-08,500.0,500.0,525.0,486.0,490.0,113523800
2023-06-09,520.0,520.0,535.0,505.0,505.0,78247300
2023-06-12,525.0,525.0,535.0,510.0,525.0,40371900
2023-06-13,525.0,525.0,565.0,525.0,525.0,74395300
2023-06-14,530.0,530.0,540.0,500.0,530.0,42827000
2023-06-15,510.0,510.0,535.0,505.0,530.0,21208600
2023-06-16,515.0,515.0,540.0,505.0,515.0,35808500
2023-06-19,505.0,505.0,525.0,498.0,510.0,32716000
2023-06-20,490.0,490.0,515.0,490.0,505.0,35017500
2023-06-21,500.0,500.0,505.0,466.0,490.0,38981500
2023-06-22,500.0,500.0,515.0,498.0,505.0,27080000
2023-06-23,486.0,486.0,505.0,486.0,500.0,19200900
2023-06-26,486.0,486.0,490.0,476.0,486.0,17705500
2023-06-27,488.0,488.0,500.0,486.0,486.0,20681900
2023-07-03,476.0,476.0,492.0,472.0,490.0,29795800
2023-07-04,468.0,468.0,486.0,466.0,476.0,44674900
2023-07-05,464.0,464.0,476.0,460.0,466.0,25359500
2023-07-06,466.0,466.0,474.0,462.0,462.0,17062200
2023-07-07,460.0,460.0,472.0,460.0,466.0,22064500
2023-07-10,468.0,468.0,480.0,462.0,464.0,45484300
2023-07-11,476.0,476.0,488.0,468.0,472.0,63306000
2023-07-12,480.0,480.0,484.0,476.0,478.0,36646300
2023-07-13,482.0,482.0,498.0,482.0,482.0,42087900
2023-07-14,480.0,480.0,486.0,476.0,484.0,23622200
2023-07-17,482.0,482.0,488.0,480.0,480.0,11840900
2023-07-18,472.0,472.0,486.0,466.0,482.0,32262000
2023-07-20,472.0,472.0,476.0,470.0,472.0,6936800
2023-07-21,466.0,466.0,472.0,464.0,472.0,15523100
2023-07-24,464.0,464.0,470.0,462.0,468.0,10447500
2023-07-25,460.0,460.0,468.0,460.0,464.0,30775300
2023-07-26,456.0,456.0,464.0,452.0,462.0,21670400
2023-07-27,458.0,458.0,462.0,456.0,456.0,12577400
2023-07-28,458.0,458.0,460.0,456.0,460.0,12142900
2023-07-31,454.0,454.0,462.0,450.0,458.0,24549800
2023-08-01,432.0,432.0,456.0,432.0,456.0,34996900
2023-08-02,418.0,418.0,432.0,410.0,416.0,28295500
2023-08-03,416.0,416.0,424.0,414.0,418.0,17667600
2023-08-04,408.0,408.0,420.0,406.0,416.0,25612700
2023-08-07,402.0,402.0,412.0,376.0,376.0,23020900
2023-08-08,408.0,408.0,420.0,400.0,402.0,26801000
2023-08-09,392.0,392.0,410.0,392.0,408.0,23684900
2023-08-10,392.0,392.0,398.0,390.0,392.0,28089600
2023-08-11,394.0,394.0,408.0,392.0,392.0,16204400
2023-08-14,388.0,388.0,398.0,376.0,398.0,16984400
2023-08-15,388.0,388.0,392.0,386.0,390.0,4582300
2023-08-16,388.0,388.0,396.0,386.0,388.0,27893600
2023-08-18,384.0,384.0,392.0,376.0,390.0,16902000
2023-08-21,368.0,368.0,384.0,366.0,384.0,20722000
2023-08-22,358.0,358.0,370.0,350.0,368.0,30017700
2023-08-23,358.0,358.0,366.0,342.0,342.0,29818700
2023-08-24,364.0,364.0,398.0,360.0,360.0,55829600
2023-08-25,352.0,352.0,370.0,352.0,364.0,19212000
2023-08-28,354.0,354.0,358.0,348.0,352.0,12952200
2023-08-29,356.0,356.0,364.0,352.0,354.0,10835500
2023-08-30,332.0,332.0,362.0,332.0,356.0,28539200
2023-08-31,344.0,344.0,352.0,332.0,334.0,43599400
2023-09-01,326.0,326.0,346.0,324.0,346.0,38401600
2023-09-04,326.0,326.0,338.0,296.0,296.0,18916700
2023-09-05,326.0,326.0,334.0,322.0,328.0,14749200
2023-09-06,326.0,326.0,336.0,322.0,326.0,23359400
2023-09-07,326.0,326.0,340.0,320.0,330.0,31510800
2023-09-08,324.0,324.0,330.0,316.0,328.0,20664700
2023-09-11,330.0,330.0,342.0,322.0,324.0,25149600
2023-09-12,320.0,320.0,334.0,318.0,332.0,24443600
2023-09-13,318.0,318.0,320.0,312.0,320.0,19381400
2023-09-14,310.0,310.0,320.0,300.0,300.0,19916000
2023-09-15,296.0,296.0,314.0,296.0,310.0,34684500
2023-09-18,296.0,296.0,306.0,282.0,296.0,39711100
2023-09-19,350.0,350.0,362.0,290.0,300.0,266169100
2023-09-20,336.0,336.0,380.0,336.0,352.0,247028600
2023-09-21,322.0,322.0,356.0,318.0,318.0,70581100
2023-09-22,328.0,328.0,338.0,302.0,302.0,28998000
2023-09-25,322.0,322.0,336.0,320.0,332.0,16803400
2023-09-26,310.0,310.0,328.0,308.0,324.0,20092700
2023-09-27,308.0,308.0,316.0,306.0,310.0,10872000
2023-09-29,310.0,310.0,314.0,304.0,308.0,6030100
2023-10-02,306.0,306.0,314.0,300.0,310.0,11390000
2023-10-03,320.0,320.0,324.0,296.0,296.0,50285200
2023-10-04,302.0,302.0,322.0,300.0,322.0,27654900
2023-10-05,302.0,302.0,308.0,300.0,304.0,7319900
2023-10-06,298.0,298.0,304.0,298.0,302.0,9115700
2023-10-09,298.0,298.0,308.0,296.0,298.0,14580500
2023-10-10,300.0,300.0,304.0,300.0,300.0,6400000
2023-10-11,302.0,302.0,314.0,298.0,302.0,17630800
2023-10-12,298.0,298.0,304.0,298.0,302.0,7757900
2023-10-13,278.0,278.0,298.0,276.0,298.0,37807100
2023-10-16,268.0,268.0,282.0,248.0,276.0,26998900
2023-10-17,264.0,264.0,284.0,264.0,270.0,20658300
2023-10-18,270.0,270.0,270.0,264.0,264.0,10845000
2023-10-19,254.0,254.0,272.0,254.0,270.0,22516900
2023-10-20,248.0,248.0,256.0,244.0,254.0,17591200
2023-10-23,236.0,236.0,248.0,216.0,216.0,18305400
2023-10-24,246.0,246.0,258.0,234.0,236.0,26326200
2023-10-25,238.0,238.0,252.0,236.0,246.0,18507400
2023-10-26,228.0,228.0,240.0,224.0,240.0,11644100
2023-10-27,226.0,226.0,236.0,222.0,230.0,15168100
2023-10-30,210.0,210.0,230.0,208.0,224.0,15595500
2023-10-31,224.0,224.0,224.0,210.0,210.0,20714200
2023-11-01,216.0,216.0,230.0,210.0,226.0,9665200
2023-11-02,224.0,224.0,226.0,216.0,216.0,12847500
2023-11-03,234.0,234.0,242.0,222.0,224.0,35331000
2023-11-06,240.0,240.0,244.0,234.0,234.0,18116400
2023-11-07,232.0,232.0,240.0,230.0,240.0,10279400
2023-11-08,228.0,228.0,238.0,228.0,234.0,4339400
2023-11-09,252.0,252.0,256.0,228.0,228.0,68125800
2023-11-10,250.0,250.0,268.0,248.0,254.0,67508000
2023-11-13,246.0,246.0,254.0,242.0,250.0,16588100
2023-11-14,280.0,280.0,288.0,244.0,246.0,83623000
2023-11-15,278.0,278.0,300.0,272.0,300.0,87765000
2023-11-16,274.0,274.0,300.0,270.0,300.0,126225400
2023-11-17,270.0,270.0,284.0,268.0,276.0,28030300
2023-11-20,268.0,268.0,272.0,254.0,270.0,26557000
2023-11-21,262.0,262.0,276.0,260.0,270.0,17045600
2023-11-22,250.0,250.0,264.0,248.0,264.0,27038300
2023-11-23,280.0,280.0,288.0,250.0,250.0,182256100
2023-11-24,350.0,350.0,350.0,280.0,292.0,614076800
2023-11-27,372.0,372.0,412.0,354.0,374.0,838340200
2023-11-28,376.0,376.0,398.0,352.0,364.0,379229100
2023-11-29,362.0,362.0,384.0,354.0,384.0,175249100
2023-11-30,334.0,334.0,382.0,324.0,368.0,399751700
2023-12-01,384.0,384.0,384.0,334.0,338.0,328902400
2023-12-04,358.0,358.0,396.0,354.0,386.0,288605300
2023-12-05,364.0,364.0,378.0,352.0,362.0,193795500
2023-12-06,362.0,362.0,372.0,358.0,366.0,60564700
2023-12-07,348.0,348.0,368.0,342.0,362.0,115297000
2023-12-08,352.0,352.0,362.0,346.0,350.0,69551100
2023-12-11,370.0,370.0,416.0,352.0,352.0,652071800
2023-12-12,440.0,440.0,462.0,370.0,380.0,971881700
2023-12-13,424.0,424.0,474.0,412.0,446.0,446667200
2023-12-14,486.0,486.0,494.0,438.0,440.0,605238300
2023-12-15,476.0,476.0,505.0,470.0,492.0,236173000
2023-12-18,446.0,446.0,486.0,436.0,480.0,173445200
2023-12-19,470.0,470.0,480.0,446.0,452.0,137191200
2023-12-20,470.0,470.0,496.0,462.0,474.0,175421300
2023-12-21,458.0,458.0,480.0,452.0,472.0,83748300
2023-12-22,462.0,462.0,492.0,458.0,460.0,187317000
2023-12-27,448.0,448.0,474.0,440.0,462.0,85409100
2023-12-28,448.0,448.0,460.0,444.0,448.0,35277500
2023-12-29,436.0,436.0,452.0,430.0,450.0,42786300
2024-01-02,458.0,458.0,462.0,430.0,436.0,81024000
2024-01-03,466.0,466.0,480.0,454.0,458.0,150112400
2024-01-04,466.0,466.0,476.0,464.0,468.0,44306300
2024-01-05,460.0,460.0,480.0,460.0,468.0,66324900
2024-01-08,454.0,454.0,468.0,448.0,462.0,50717100
2024-01-09,470.0,470.0,474.0,450.0,456.0,119911300
2024-01-10,460.0,460.0,480.0,460.0,474.0,80056100
2024-01-11,460.0,460.0,476.0,460.0,462.0,91290900
2024-01-12,396.0,396.0,462.0,362.0,462.0,388641800
2024-01-15,380.0,380.0,404.0,370.0,396.0,136338100
2024-01-16,360.0,360.0,382.0,350.0,372.0,103629800
2024-01-17,356.0,356.0,370.0,340.0,344.0,108151100
2024-01-18,356.0,356.0,364.0,346.0,358.0,61258200
2024-01-19,354.0,354.0,374.0,350.0,360.0,152659400
2024-01-22,356.0,356.0,368.0,350.0,354.0,68036900
2024-01-23,350.0,350.0,362.0,350.0,356.0,25512300
2024-01-24,344.0,344.0,354.0,342.0,352.0,23591300
2024-01-25,346.0,346.0,356.0,344.0,346.0,26842000
2024-01-26,322.0,322.0,350.0,318.0,348.0,60623100
2024-01-29,318.0,318.0,336.0,306.0,306.0,29146600
2024-01-30,330.0,330.0,334.0,318.0,324.0,32358300
2024-01-31,328.0,328.0,336.0,324.0,330.0,22460900
2024-02-01,318.0,318.0,330.0,314.0,328.0,30411400
2024-02-02,318.0,318.0,324.0,316.0,320.0,15654000
2024-02-05,308.0,308.0,322.0,306.0,318.0,21205500
2024-02-06,318.0,318.0,330.0,292.0,292.0,41566400
2024-02-07,314.0,314.0,322.0,310.0,320.0,17370500
2024-02-12,314.0,314.0,320.0,312.0,314.0,12803000
2024-02-13,310.0,310.0,318.0,306.0,314.0,15254900
2024-02-15,306.0,306.0,316.0,306.0,312.0,15732700
2024-02-16,294.0,294.0,310.0,292.0,306.0,25931600
2024-02-19,272.0,272.0,298.0,268.0,296.0,46135800
2024-02-20,270.0,270.0,278.0,260.0,274.0,22519000
2024-02-21,250.0,250.0,272.0,246.0,270.0,55274500
2024-02-22,256.0,256.0,262.0,234.0,234.0,22888300
2024-02-23,256.0,256.0,266.0,252.0,258.0,20893200
2024-02-26,248.0,248.0,256.0,248.0,256.0,15469600
2024-02-27,246.0,246.0,250.0,240.0,250.0,20187300
2024-02-28,246.0,246.0,254.0,242.0,244.0,40208500
2024-02-29,248.0,248.0,260.0,244.0,244.0,33050100
2024-03-01,242.0,242.0,252.0,238.0,250.0,23919200
2024-03-04,226.0,226.0,244.0,224.0,242.0,25836700
2024-03-05,242.0,242.0,268.0,210.0,210.0,295753300
2024-03-06,296.0,296.0,298.0,238.0,248.0,503048400
2024-03-07,276.0,276.0,300.0,276.0,296.0,231830000
2024-03-08,292.0,292.0,312.0,276.0,278.0,330372900
2024-03-13,268.0,268.0,298.0,262.0,294.0,154631700
2024-03-14,262.0,262.0,282.0,254.0,254.0,95980900
2024-03-15,256.0,256.0,266.0,256.0,266.0,35724800
2024-03-18,262.0,262.0,274.0,248.0,260.0,89345600
2024-03-19,254.0,254.0,268.0,254.0,262.0,37240000
2024-03-20,252.0,252.0,264.0,248.0,252.0,42686700
2024-03-21,280.0,280.0,282.0,254.0,258.0,147022600
2024-03-22,280.0,280.0,306.0,280.0,280.0,284215900
2024-03-25,286.0,286.0,296.0,282.0,296.0,76723200
2024-03-26,304.0,304.0,318.0,288.0,318.0,252120600
2024-03-27,300.0,300.0,314.0,296.0,308.0,99438400
2024-03-28,278.0,278.0,306.0,276.0,300.0,108157600
2024-04-01,270.0,270.0,284.0,266.0,278.0,39747900
2024-04-02,278.0,278.0,286.0,270.0,270.0,53794200
2024-04-03,264.0,264.0,280.0,264.0,280.0,35524700
2024-04-04,270.0,270.0,274.0,266.0,268.0,24753000
2024-04-05,268.0,268.0,274.0,266.0,270.0,15626400
2024-04-16,252.0,252.0,268.0,248.0,268.0,52556800
2024-04-17,260.0,260.0,262.0,250.0,252.0,29764400
2024-04-18,254.0,254.0,266.0,252.0,260.0,26689000
2024-04-19,242.0,242.0,254.0,234.0,254.0,45424900
2024-04-22,242.0,242.0,248.0,226.0,240.0,20613900
2024-04-23,248.0,248.0,252.0,242.0,242.0,26485700
2024-04-24,254.0,254.0,264.0,248.0,250.0,49137700
2024-04-25,248.0,248.0,256.0,244.0,256.0,21660400
2024-04-26,240.0,240.0,252.0,240.0,248.0,14904400
2024-04-29,242.0,242.0,252.0,238.0,240.0,21327000
2024-04-30,246.0,246.0,254.0,244.0,244.0,22332800
2024-05-02,244.0,244.0,250.0,240.0,248.0,16505700
2024-05-03,248.0,248.0,254.0,244.0,244.0,23024200
2024-05-06,252.0,252.0,260.0,250.0,258.0,25451100
2024-05-07,248.0,248.0,254.0,246.0,254.0,18220900
2024-05-08,246.0,246.0,250.0,244.0,250.0,13999500
2024-05-13,234.0,234.0,246.0,234.0,246.0,26482700
2024-05-14,232.0,232.0,242.0,232.0,234.0,23679300
2024-05-15,230.0,230.0,236.0,230.0,232.0,20724800
2024-05-16,240.0,240.0,244.0,230.0,230.0,45117200
2024-05-17,240.0,240.0,242.0,236.0,242.0,12164700
2024-05-20,240.0,240.0,246.0,240.0,240.0,27124700
2024-05-21,232.0,232.0,242.0,232.0,240.0,16694600
2024-05-22,278.0,278.0,284.0,236.0,250.0,353828400
2024-05-27,264.0,264.0,296.0,262.0,282.0,292567700
2024-05-28,268.0,268.0,278.0,260.0,264.0,116329200
2024-05-29,264.0,264.0,276.0,264.0,270.0,37959400
2024-05-30,258.0,258.0,266.0,254.0,266.0,27319300
2024-05-31,264.0,264.0,280.0,258.0,258.0,111856100
2024-06-03,264.0,264.0,276.0,262.0,266.0,69358800
2024-06-04,256.0,256.0,274.0,254.0,266.0,61948900
2024-06-05,242.0,242.0,258.0,238.0,256.0,57150700
2024-06-06,242.0,242.0,248.0,240.0,242.0,17700600
2024-06-07,240.0,240.0,248.0,240.0,244.0,16755900
2024-06-10,238.0,238.0,242.0,234.0,242.0,20126100
2024-06-11,236.0,236.0,242.0,236.0,240.0,9995400
2024-06-12,234.0,234.0,240.0,226.0,238.0,25134200
2024-06-13,236.0,236.0,250.0,236.0,236.0,33749100
2024-06-14,230.0,230.0,238.0,230.0,238.0,13339600
2024-06-19,220.0,220.0,234.0,218.0,230.0,23768100
2024-06-20,230.0,230.0,236.0,216.0,220.0,28036700
2024-06-21,230.0,230.0,242.0,228.0,230.0,30063300
2024-06-24,240.0,240.0,246.0,230.0,232.0,44464900
2024-06-25,236.0,236.0,242.0,232.0,242.0,14235500
2024-06-26,238.0,238.0,242.0,234.0,238.0,8883600
2024-06-27,236.0,236.0,244.0,232.0,238.0,21480000
2024-06-28,246.0,246.0,252.0,236.0,238.0,69219400
2024-07-01,240.0,240.0,250.0,240.0,246.0,30076700
2024-07-02,244.0,244.0,254.0,240.0,240.0,45239100
2024-07-03,256.0,256.0,264.0,242.0,250.0,99127400
2024-07-04,258.0,258.0,268.0,254.0,256.0,72810900
2024-07-05,252.0,252.0,260.0,248.0,260.0,44384800
2024-07-08,252.0,252.0,260.0,250.0,252.0,34466500
2024-07-09,262.0,262.0,264.0,250.0,252.0,64779200
2024-07-10,258.0,258.0,264.0,254.0,262.0,31865500
2024-07-11,254.0,254.0,262.0,252.0,260.0,19323400
2024-07-12,260.0,260.0,264.0,256.0,256.0,34506000
2024-07-15,270.0,270.0,276.0,260.0,262.0,71824800
2024-07-16,262.0,262.0,274.0,260.0,270.0,39487900
2024-07-17,262.0,262.0,270.0,258.0,262.0,28876300
2024-07-18,264.0,264.0,276.0,262.0,264.0,81636700
2024-07-19,252.0,252.0,266.0,252.0,266.0,44383600
2024-07-22,256.0,256.0,264.0,252.0,264.0,17191000
2024-07-23,256.0,256.0,268.0,256.0,256.0,56784700
2024-07-24,252.0,252.0,264.0,252.0,258.0,27149100
2024-07-25,242.0,242.0,254.0,242.0,254.0,27020900
2024-07-26,244.0,244.0,248.0,242.0,242.0,11612400
2024-07-29,246.0,246.0,250.0,244.0,246.0,12910700
2024-07-30,260.0,260.0,262.0,246.0,246.0,56217600
2024-07-31,254.0,254.0,266.0,254.0,262.0,76114500
2024-08-01,256.0,256.0,258.0,254.0,258.0,14385800
2024-08-02,252.0,252.0,258.0,250.0,254.0,21674600
2024-08-05,232.0,232.0,252.0,228.0,250.0,70596800
2024-08-06,230.0,230.0,236.0,224.0,234.0,39306000
2024-08-07,234.0,234.0,240.0,230.0,230.0,23402400
2024-08-08,240.0,240.0,246.0,232.0,234.0,38138000
2024-08-09,240.0,240.0,246.0,238.0,240.0,13890300
2024-08-12,240.0,240.0,242.0,236.0,240.0,10257100
2024-08-13,242.0,242.0,244.0,238.0,240.0,16626300
2024-08-14,250.0,250.0,254.0,242.0,244.0,39001200
2024-08-15,250.0,250.0,256.0,246.0,250.0,33330200
2024-08-16,246.0,246.0,252.0,244.0,250.0,23273600
2024-08-19,262.0,262.0,262.0,244.0,246.0,68547300
2024-08-20,284.0,284.0,296.0,262.0,262.0,291511100
2024-08-21,280.0,280.0,298.0,274.0,284.0,192892000
2024-08-22,268.0,268.0,286.0,268.0,280.0,75066600
2024-08-23,290.0,290.0,296.0,268.0,270.0,190877200
2024-08-26,288.0,288.0,300.0,284.0,292.0,78253500
2024-08-27,278.0,278.0,290.0,278.0,290.0,48323300
2024-08-28,284.0,284.0,290.0,278.0,280.0,58464800
2024-08-29,278.0,278.0,286.0,274.0,284.0,42626700
2024-08-30,282.0,282.0,288.0,276.0,278.0,38549200
2024-09-02,318.0,318.0,318.0,280.0,284.0,386182500
2024-09-03,304.0,304.0,336.0,302.0,320.0,253637000
2024-09-04,292.0,292.0,310.0,288.0,302.0,101580400
2024-09-05,288.0,288.0,302.0,286.0,292.0,77586300
2024-09-06,286.0,286.0,296.0,286.0,294.0,41662000
2024-09-09,280.0,280.0,302.0,280.0,288.0,181302500
2024-09-10,284.0,284.0,286.0,274.0,282.0,81406400
2024-09-11,278.0,278.0,288.0,276.0,284.0,52580500
2024-09-12,286.0,286.0,290.0,278.0,280.0,55600100
2024-09-13,284.0,284.0,288.0,280.0,288.0,31012800
2024-09-17,300.0,300.0,304.0,284.0,284.0,138986100
2024-09-18,306.0,306.0,312.0,298.0,304.0,179872100
2024-09-19,302.0,302.0,312.0,296.0,312.0,87910200
2024-09-20,294.0,294.0,306.0,294.0,302.0,56506000
2024-09-23,302.0,302.0,306.0,294.0,294.0,49594100
2024-09-24,302.0,302.0,310.0,298.0,304.0,43561300
2024-09-25,296.0,296.0,306.0,294.0,304.0,41452400
2024-09-26,296.0,296.0,304.0,294.0,296.0,40330600
2024-09-27,290.0,290.0,298.0,290.0,296.0,37953900
2024-09-30,284.0,284.0,290.0,282.0,288.0,30116300
2024-10-01,280.0,280.0,288.0,278.0,284.0,42608100
2024-10-02,254.0,254.0,282.0,250.0,280.0,157660000
2024-10-03,260.0,260.0,264.0,250.0,254.0,42663700
2024-10-04,252.0,252.0,262.0,252.0,262.0,21725900
2024-10-07,254.0,254.0,262.0,250.0,252.0,23334000
2024-10-08,264.0,264.0,268.0,254.0,254.0,57000300
2024-10-09,260.0,260.0,270.0,260.0,266.0,37755500
2024-10-10,256.0,256.0,264.0,256.0,262.0,11307400
2024-10-11,258.0,258.0,262.0,256.0,256.0,13477600
2024-10-14,264.0,264.0,268.0,260.0,260.0,35679800
2024-10-15,266.0,266.0,270.0,262.0,266.0,21057100
2024-10-16,268.0,268.0,270.0,264.0,266.0,21819900
2024-10-17,276.0,276.0,282.0,268.0,270.0,86978000
2024-10-18,282.0,282.0,286.0,276.0,278.0,60744300
2024-10-21,278.0,278.0,286.0,276.0,282.0,52319100
2024-10-22,280.0,280.0,282.0,276.0,278.0,35391900
2024-10-23,274.0,274.0,282.0,272.0,280.0,41059600
2024-10-24,274.0,274.0,286.0,274.0,274.0,51896000
2024-10-25,262.0,262.0,278.0,262.0,274.0,34702600
2024-10-28,260.0,260.0,264.0,256.0,264.0,18895100
2024-10-29,260.0,260.0,268.0,260.0,262.0,20485100
2024-10-30,258.0,258.0,264.0,256.0,264.0,15732000
2024-10-31,266.0,266.0,276.0,260.0,260.0,43005000
2024-11-01,260.0,260.0,268.0,260.0,268.0,16568000
2024-11-04,256.0,256.0,280.0,254.0,262.0,23594800
2024-11-05,256.0,256.0,260.0,254.0,256.0,9515100
2024-11-06,246.0,246.0,258.0,244.0,244.0,23551000
2024-11-07,246.0,246.0,252.0,246.0,246.0,9659500
2024-11-08,246.0,246.0,252.0,242.0,246.0,12138700
2024-11-11,240.0,240.0,248.0,234.0,246.0,17262600
2024-11-12,240.0,240.0,246.0,236.0,240.0,25629100
2024-11-13,248.0,248.0,250.0,238.0,240.0,24492100
2024-11-14,244.0,244.0,254.0,240.0,250.0,21560000
2024-11-15,236.0,236.0,244.0,236.0,242.0,14859800
2024-11-18,234.0,234.0,238.0,230.0,236.0,16800400
2024-11-19,244.0,244.0,246.0,232.0,232.0,23666800
2024-11-20,244.0,244.0,248.0,238.0,244.0,23143200
2024-11-21,300.0,300.0,300.0,238.0,244.0,30007600
2024-11-22,274.0,274.0,294.0,254.0,294.0,216646900
2024-11-25,262.0,262.0,300.0,260.0,300.0,64555900
2024-11-26,268.0,268.0,284.0,258.0,262.0,106232100
2024-11-28,272.0,272.0,288.0,270.0,270.0,133343300
2024-11-29,260.0,260.0,274.0,258.0,274.0,39610600
2024-12-02,262.0,262.0,270.0,258.0,262.0,33501200
2024-12-03,260.0,260.0,270.0,258.0,262.0,26774900
2024-12-04,260.0,260.0,268.0,258.0,260.0,28625900
2024-12-05,256.0,256.0,264.0,254.0,260.0,14674900
2024-12-06,256.0,256.0,260.0,252.0,256.0,19009900
2024-12-09,256.0,256.0,264.0,254.0,256.0,41707000
2024-12-10,254.0,254.0,256.0,250.0,256.0,26286700
2024-12-11,252.0,252.0,258.0,248.0,254.0,34634300
2024-12-12,242.0,242.0,252.0,240.0,252.0,34440400
2024-12-13,234.0,234.0,246.0,232.0,242.0,56119900
2024-12-16,232.0,232.0,240.0,230.0,234.0,23519500
2024-12-17,230.0,230.0,234.0,228.0,232.0,24755100
2024-12-18,230.0,230.0,234.0,226.0,230.0,18232000
2024-12-19,218.0,218.0,226.0,218.0,226.0,32493600
2024-12-20,214.0,214.0,222.0,210.0,220.0,29115300
2024-12-23,220.0,220.0,222.0,216.0,218.0,18832600
2024-12-24,216.0,216.0,224.0,214.0,222.0,14427000
2024-12-27,216.0,216.0,222.0,216.0,218.0,9451300
2024-12-30,218.0,218.0,222.0,214.0,216.0,14236800
2025-01-02,224.0,224.0,226.0,218.0,222.0,20589100
2025-01-03,224.0,224.0,232.0,224.0,228.0,19634500
2025-01-06,222.0,222.0,236.0,222.0,224.0,46375700
2025-01-07,222.0,222.0,226.0,220.0,224.0,15825400
2025-01-08,222.0,222.0,228.0,220.0,222.0,9953400
2025-01-09,216.0,216.0,224.0,216.0,222.0,11887200
2025-01-10,214.0,214.0,218.0,214.0,214.0,12366200
2025-01-13,212.0,212.0,216.0,210.0,212.0,10073300
2025-01-14,210.0,210.0,216.0,206.0,212.0,20160100
2025-01-15,224.0,224.0,226.0,210.0,210.0,48811000
2025-01-16,218.0,218.0,230.0,216.0,226.0,26007300
2025-01-17,216.0,216.0,218.0,214.0,218.0,9394100
2025-01-20,216.0,216.0,218.0,214.0,216.0,7845600
2025-01-21,218.0,218.0,226.0,216.0,218.0,34674100
2025-01-22,216.0,216.0,220.0,214.0,218.0,13599200
2025-01-23,214.0,214.0,220.0,214.0,216.0,13473700
2025-01-24,212.0,212.0,216.0,212.0,212.0,5937800
2025-01-30,208.0,208.0,214.0,204.0,214.0,20769800
2025-01-31,210.0,210.0,214.0,208.0,208.0,11700800
2025-02-03,204.0,204.0,210.0,204.0,210.0,11273800
2025-02-04,206.0,206.0,210.0,204.0,204.0,10546100
2025-02-05,202.0,202.0,208.0,200.0,206.0,8689800
2025-02-06,194.0,194.0,206.0,193.0,202.0,29062200
2025-02-07,191.0,191.0,196.0,187.0,196.0,14562200
2025-02-10,183.0,183.0,193.0,181.0,192.0,21859300
2025-02-11,177.0,177.0,185.0,175.0,183.0,27164000
2025-02-12,198.0,198.0,206.0,177.0,177.0,75919500
2025-02-13,196.0,196.0,202.0,192.0,200.0,15912900
2025-02-14,195.0,195.0,204.0,195.0,196.0,16408000
2025-02-17,202.0,202.0,206.0,195.0,195.0,21929200
2025-02-18,202.0,202.0,210.0,202.0,210.0,14070900
2025-02-19,200.0,200.0,210.0,200.0,204.0,20601900
2025-02-20,200.0,200.0,204.0,199.0,202.0,8871200
2025-02-21,198.0,198.0,202.0,196.0,200.0,7600200
2025-02-24,194.0,194.0,200.0,192.0,198.0,10385400
2025-02-25,185.0,185.0,195.0,184.0,193.0,14608600
2025-02-26,184.0,184.0,192.0,182.0,185.0,12725000
2025-02-27,180.0,180.0,187.0,179.0,184.0,13375700
2025-02-28,173.0,173.0,180.0,171.0,180.0,23948500
2025-03-03,185.0,185.0,194.0,174.0,174.0,24232600
2025-03-04,183.0,183.0,191.0,182.0,186.0,16625400
2025-03-05,187.0,187.0,196.0,184.0,184.0,28213400
2025-03-06,188.0,188.0,192.0,187.0,189.0,16229100
2025-03-07,186.0,186.0,190.0,185.0,190.0,7420400
2025-03-10,182.0,182.0,186.0,181.0,186.0,7644400
2025-03-11,179.0,179.0,182.0,178.0,181.0,10729600
2025-03-12,180.0,180.0,183.0,179.0,180.0,10109100
2025-03-13,179.0,179.0,183.0,178.0,181.0,4607800
2025-03-14,177.0,177.0,179.0,175.0,179.0,8357400
2025-03-17,177.0,177.0,180.0,175.0,178.0,6791500
2025-03-18,168.0,168.0,178.0,155.0,178.0,24252200
2025-03-19,166.0,166.0,170.0,164.0,169.0,8637500
2025-03-20,166.0,166.0,171.0,164.0,165.0,15845300
2025-03-21,161.0,161.0,166.0,157.0,166.0,14552300
2025-03-24,156.0,156.0,160.0,148.0,160.0,22469800
2025-03-25,164.0,164.0,165.0,156.0,156.0,12755400
2025-03-26,183.0,183.0,187.0,163.0,163.0,41137000
2025-03-27,184.0,184.0,187.0,178.0,182.0,14609400
2025-04-08,159.0,159.0,165.0,158.0,160.0,16699500
2025-04-09,156.0,156.0,163.0,153.0,160.0,10819900
2025-04-10,174.0,174.0,177.0,162.0,162.0,25107400
2025-04-11,171.0,171.0,178.0,171.0,174.0,6855300
2025-04-14,195.0,195.0,200.0,171.0,171.0,46175100
2025-04-15,191.0,191.0,198.0,190.0,195.0,23649100
2025-04-16,189.0,189.0,198.0,186.0,192.0,14893500
2025-04-17,190.0,190.0,192.0,187.0,189.0,14623500
2025-04-21,191.0,191.0,197.0,189.0,192.0,22622500
2025-04-22,208.0,208.0,210.0,190.0,191.0,95810900
2025-04-23,208.0,208.0,212.0,204.0,210.0,40404800
2025-04-24,212.0,212.0,218.0,208.0,210.0,50699900
2025-04-25,236.0,236.0,242.0,208.0,212.0,107969700
2025-04-28,262.0,262.0,264.0,242.0,242.0,163832500
2025-04-29,282.0,282.0,282.0,256.0,264.0,152443900
2025-04-30,260.0,260.0,290.0,254.0,282.0,200476800
2025-05-02,268.0,268.0,272.0,256.0,268.0,78705900
2025-05-05,264.0,264.0,270.0,260.0,268.0,40595800
2025-05-06,276.0,276.0,280.0,266.0,266.0,84461200
2025-05-07,276.0,276.0,284.0,272.0,280.0,44818100
2025-05-08,280.0,280.0,296.0,272.0,276.0,98286600
2025-05-09,260.0,260.0,280.0,260.0,274.0,50322900
2025-05-14,262.0,262.0,268.0,256.0,260.0,49253800
2025-05-15,262.0,262.0,270.0,262.0,262.0,33651800
2025-05-16,266.0,266.0,274.0,262.0,262.0,30028600
2025-05-19,264.0,264.0,272.0,258.0,266.0,46556300
2025-05-20,256.0,256.0,268.0,250.0,264.0,55528100
2025-05-21,254.0,254.0,260.0,250.0,260.0,47375800
2025-05-22,246.0,246.0,256.0,240.0,254.0,69519100
2025-05-23,250.0,250.0,250.0,246.0,246.0,11951800
2025-05-26,240.0,240.0,252.0,234.0,252.0,51899700
2025-05-27,242.0,242.0,250.0,238.0,238.0,52206900
2025-05-28,242.0,242.0,252.0,240.0,244.0,56409700
2025-06-02,224.0,224.0,246.0,224.0,244.0,65922700
2025-06-03,226.0,226.0,228.0,218.0,224.0,27681700
2025-06-04,228.0,228.0,232.0,226.0,226.0,20525000
2025-06-05,228.0,228.0,236.0,226.0,228.0,17641100
2025-06-10,238.0,238.0,240.0,228.0,228.0,22288200
2025-06-11,234.0,234.0,244.0,232.0,242.0,22762600
2025-06-12,234.0,234.0,238.0,232.0,236.0,10094800
2025-06-13,226.0,226.0,234.0,226.0,234.0,18965900
2025-06-16,226.0,226.0,228.0,224.0,228.0,8791000
2025-06-17,234.0,234.0,242.0,224.0,226.0,46684600
2025-06-18,236.0,236.0,244.0,232.0,234.0,48081200
2025-06-19,220.0,220.0,244.0,214.0,240.0,77049100
2025-06-20,218.0,218.0,222.0,212.0,218.0,25288400
2025-06-23,206.0,206.0,214.0,202.0,214.0,28567100
2025-06-24,220.0,220.0,232.0,216.0,216.0,53931100
2025-06-25,214.0,214.0,226.0,214.0,224.0,17147100
2025-06-26,220.0,220.0,224.0,214.0,214.0,20343400
2025-06-30,224.0,224.0,228.0,220.0,222.0,17683800
2025-07-01,220.0,220.0,226.0,218.0,226.0,7390200
2025-07-02,216.0,216.0,220.0,214.0,220.0,10901500
2025-07-03,216.0,216.0,222.0,216.0,216.0,7502000
2025-07-04,220.0,220.0,222.0,216.0,216.0,11324200
2025-07-07,218.0,218.0,220.0,214.0,218.0,9161400
2025-07-08,224.0,224.0,226.0,218.0,218.0,16097700
2025-07-09,226.0,226.0,228.0,222.0,224.0,10698300
2025-07-10,230.0,230.0,238.0,226.0,228.0,46742000
2025-07-11,234.0,234.0,238.0,228.0,230.0,36608700
2025-07-14,230.0,230.0,238.0,230.0,234.0,35487500
2025-07-15,234.0,234.0,244.0,230.0,232.0,43514800
2025-07-16,242.0,242.0,244.0,234.0,234.0,44604800
2025-07-17,240.0,240.0,248.0,238.0,244.0,30889000
2025-07-18,246.0,246.0,250.0,238.0,240.0,46439000
2025-07-21,252.0,252.0,254.0,244.0,246.0,56689600
2025-07-22,246.0,246.0,258.0,242.0,248.0,46593900
2025-07-23,256.0,256.0,256.0,242.0,246.0,34448000
2025-07-24,252.0,252.0,272.0,252.0,258.0,124618300
2025-07-25,244.0,244.0,256.0,244.0,252.0,27590700
2025-07-28,252.0,252.0,256.0,244.0,244.0,24767100
2025-07-29,250.0,250.0,258.0,246.0,252.0,39216100
2025-07-30,248.0,248.0,254.0,246.0,250.0,26549200
2025-07-31,242.0,242.0,252.0,240.0,248.0,44774200
2025-08-01,248.0,248.0,254.0,242.0,242.0,43881200
2025-08-04,266.0,266.0,266.0,244.0,248.0,118628500
2025-08-05,260.0,260.0,272.0,258.0,268.0,94085400
2025-08-06,266.0,266.0,276.0,258.0,262.0,90381500
2025-08-07,260.0,260.0,266.0,260.0,266.0,23837100
2025-08-08,258.0,258.0,260.0,250.0,260.0,58404400
2025-08-11,288.0,288.0,288.0,260.0,262.0,153442200
2025-08-12,352.0,352.0,358.0,290.0,294.0,623500700
2025-08-13,344.0,344.0,376.0,340.0,354.0,414053200
2025-08-14,344.0,344.0,356.0,332.0,348.0,141584100
2025-08-15,330.0,330.0,354.0,330.0,346.0,136795200
2025-08-19,324.0,324.0,344.0,314.0,326.0,152632700
2025-08-20,354.0,354.0,356.0,324.0,326.0,227817500
2025-08-21,346.0,346.0,358.0,338.0,354.0,103638300
2025-08-22,342.0,342.0,368.0,342.0,346.0,188153200
2025-08-25,374.0,374.0,382.0,346.0,350.0,348011700
2025-08-26,356.0,356.0,382.0,350.0,382.0,147555200
2025-08-27,350.0,350.0,360.0,336.0,358.0,91255900
2025-08-28,354.0,354.0,364.0,346.0,354.0,79377700
2025-08-29,332.0,332.0,352.0,320.0,350.0,150949900
2025-09-01,326.0,326.0,332.0,300.0,300.0,96994800
2025-09-02,330.0,330.0,340.0,328.0,330.0,56662400
2025-09-03,326.0,326.0,336.0,320.0,332.0,66288200
2025-09-04,320.0,320.0,330.0,320.0,326.0,29809200
2025-09-08,308.0,308.0,330.0,308.0,324.0,66654500
2025-09-09,318.0,318.0,320.0,304.0,308.0,48490100
2025-09-10,330.0,330.0,340.0,316.0,320.0,162922300
2025-09-11,344.0,344.0,360.0,334.0,338.0,235809100
2025-09-12,348.0,348.0,356.0,338.0,348.0,97461900
2025-09-15,350.0,350.0,354.0,342.0,348.0,38412100
2025-09-16,348.0,348.0,352.0,342.0,352.0,34786700
2025-09-17,356.0,356.0,360.0,344.0,350.0,100014500
2025-09-18,334.0,334.0,370.0,332.0,362.0,164453600
2025-09-19,318.0,318.0,334.0,318.0,334.0,97347600
2025-09-22,314.0,314.0,326.0,310.0,320.0,59675400
2025-09-23,314.0,314.0,318.0,306.0,314.0,50506500
2025-09-24,308.0,308.0,314.0,304.0,312.0,59674700
2025-09-25,304.0,304.0,314.0,302.0,310.0,38871100
2025-09-26,330.0,330.0,342.0,304.0,304.0,185249000
2025-09-29,338.0,338.0,344.0,326.0,338.0,126602300
2025-09-30,332.0,332.0,342.0,328.0,342.0,47605000
2025-10-01,362.0,362.0,384.0,332.0,334.0,612089300
2025-10-02,420.0,420.0,430.0,372.0,372.0,756550200
2025-10-03,394.0,394.0,428.0,382.0,424.0,336516300
2025-10-06,380.0,380.0,400.0,374.0,396.0,136883700
2025-10-07,380.0,380.0,398.0,380.0,386.0,144016300
2025-10-08,378.0,378.0,394.0,366.0,384.0,135036300
2025-10-09,384.0,384.0,394.0,372.0,384.0,158882900
2025-10-10,372.0,372.0,386.0,370.0,384.0,87889200
2025-10-13,374.0,374.0,378.0,354.0,362.0,81468600
2025-10-14,356.0,356.0,380.0,352.0,378.0,114651000
2025-10-15,352.0,352.0,370.0,338.0,358.0,99247200
2025-10-16,354.0,354.0,370.0,350.0,358.0,69065600
2025-10-17,340.0,340.0,360.0,338.0,358.0,75016100
2025-10-20,356.0,356.0,360.0,340.0,340.0,75888800
2025-10-21,356.0,356.0,366.0,352.0,360.0,54429900
2025-10-22,358.0,358.0,368.0,354.0,356.0,94334100
2025-10-23,378.0,378.0,382.0,354.0,360.0,129780400
2025-10-24,374.0,374.0,386.0,370.0,378.0,85166200
2025-10-27,398.0,398.0,404.0,362.0,378.0,244751700
2025-10-28,388.0,388.0,406.0,380.0,402.0,193864200
2025-10-29,394.0,394.0,398.0,374.0,388.0,122751600
2025-10-30,410.0,410.0,428.0,396.0,396.0,367696200
2025-10-31,388.0,388.0,426.0,388.0,420.0,223691200
2025-11-03,402.0,402.0,404.0,390.0,392.0,116482500
2025-11-04,406.0,406.0,412.0,398.0,402.0,158723000
2025-11-05,390.0,390.0,408.0,384.0,402.0,99102500
2025-11-06,394.0,394.0,396.0,384.0,390.0,63859700
2025-11-07,394.0,394.0,398.0,386.0,398.0,43740100
2025-11-10,384.0,384.0,394.0,380.0,390.0,101268300
2025-11-11,376.0,376.0,384.0,372.0,384.0,66491000
2025-11-12,380.0,380.0,390.0,376.0,378.0,63956900
2025-11-13,378.0,378.0,388.0,376.0,378.0,80913200
2025-11-14,372.0,372.0,380.0,370.0,376.0,60219000
2025-11-17,376.0,376.0,382.0,370.0,370.0,57063400
2025-11-18,372.0,372.0,380.0,372.0,376.0,28059100
2025-11-19,368.0,368.0,376.0,368.0,372.0,31701100
2025-11-20,380.0,380.0,382.0,370.0,370.0,60344500
2025-11-21,382.0,382.0,386.0,374.0,380.0,43887500
2025-11-24,384.0,384.0,392.0,378.0,382.0,73270200
2025-11-25,394.0,394.0,396.0,384.0,392.0,83770500
2025-11-26,396.0,396.0,406.0,392.0,398.0,126551700
2025-11-27,494.0,494.0,494.0,410.0,410.0,1233827400
2025-11-28,434.0,434.0,545.0,428.0,525.0,1168513600
2025-12-01,422.0,422.0,446.0,422.0,438.0,223325500
2025-12-02,448.0,448.0,456.0,424.0,426.0,325282300
2025-12-03,436.0,436.0,452.0,430.0,448.0,114963400
2025-12-04,428.0,428.0,440.0,426.0,438.0,62888700
2025-12-05,432.0,432.0,436.0,426.0,426.0,50706700
2025-12-08,438.0,438.0,444.0,432.0,434.0,69728300
2025-12-09,432.0,432.0,442.0,432.0,442.0,59971600
2025-12-10,460.0,460.0,472.0,428.0,434.0,357506500
2025-12-11,468.0,468.0,525.0,460.0,470.0,657149900
2025-12-12,470.0,470.0,498.0,470.0,484.0,267957900
2025-12-15,565.0,565.0,575.0,500.0,510.0,1402119400
2025-12-16,590.0,590.0,615.0,520.0,565.0,853956800
2025-12-17,540.0,540.0,610.0,540.0,605.0,491692100
2025-12-18,515.0,515.0,575.0,510.0,520.0,248737400
2025-12-19,482.0,482.0,525.0,472.0,515.0,308915900
2025-12-22,472.0,472.0,494.0,468.0,484.0,190159500
2025-12-23,474.0,474.0,496.0,472.0,472.0,162863500
2025-12-24,456.0,456.0,478.0,456.0,474.0,107141100
2025-12-29,470.0,470.0,474.0,456.0,456.0,80632000
2025-12-30,480.0,480.0,505.0,470.0,470.0,203701800
