Date,Adj Close,Close,High,Low,Open,Volume
2020-01-02,339.4350891113281,339.4350891113281,349.8259582519531,334.2396545410156,349.8259582519531,1931849
2020-01-03,335.9714660644531,335.9714660644531,339.4350891113281,329.0442199707031,339.4350891113281,1312151
2020-01-06,332.5078430175781,332.5078430175781,335.9714660644531,329.0442199707031,335.9714660644531,798932
2020-01-07,334.2396545410156,334.2396545410156,341.1669006347656,330.7760314941406,332.5078430175781,1190083
2020-01-08,329.0442199707031,329.0442199707031,335.9714660644531,325.5805969238281,334.2396545410156,3226447
2020-01-09,332.5078430175781,332.5078430175781,332.5078430175781,329.0442199707031,329.0442199707031,2584345
2020-01-10,337.7032775878906,337.7032775878906,337.7032775878906,329.0442199707031,329.0442199707031,1323007
2020-01-13,380.9985656738281,380.9985656738281,386.1940002441406,337.7032775878906,337.7032775878906,28580821
2020-01-14,346.3623352050781,346.3623352050781,384.4621887207031,342.8987121582031,382.7303771972656,16440355
2020-01-15,351.5577697753906,351.5577697753906,360.2168273925781,335.9714660644531,342.8987121582031,4004938
2020-01-16,351.5577697753906,351.5577697753906,355.0213928222656,346.3623352050781,355.0213928222656,2277383
2020-01-17,351.5577697753906,351.5577697753906,353.2895812988281,348.0941467285156,351.5577697753906,902869
2020-01-20,372.3395080566406,372.3395080566406,375.8031311035156,353.2895812988281,353.2895812988281,11376179
2020-01-21,358.4850158691406,358.4850158691406,375.8031311035156,358.4850158691406,374.0713195800781,4302661
2020-01-22,349.8259582519531,349.8259582519531,361.9486389160156,346.3623352050781,355.0213928222656,3479246
2020-01-23,356.7532043457031,356.7532043457031,360.2168273925781,348.0941467285156,349.8259582519531,1445653
2020-01-24,356.7532043457031,356.7532043457031,360.2168273925781,353.2895812988281,360.2168273925781,1096655
2020-01-27,346.3623352050781,346.3623352050781,356.7532043457031,325.5805969238281,356.7532043457031,6267656
2020-01-28,334.2396545410156,334.2396545410156,346.3623352050781,329.0442199707031,346.3623352050781,2505237
2020-01-29,334.2396545410156,334.2396545410156,341.1669006347656,332.5078430175781,334.2396545410156,932318
2020-01-30,316.9215393066406,316.9215393066406,334.2396545410156,316.9215393066406,332.5078430175781,2827905
2020-01-31,311.7261047363281,311.7261047363281,316.9215393066406,304.7988586425781,315.1897277832031,2902509
2020-02-03,308.2624816894531,308.2624816894531,316.9215393066406,304.7988586425781,311.7261047363281,2196197
2020-02-04,308.2624816894531,308.2624816894531,315.1897277832031,304.7988586425781,308.2624816894531,1884269
2020-02-05,318.6533508300781,318.6533508300781,320.3851623535156,309.9942932128906,309.9942932128906,728947
2020-02-06,329.0442199707031,329.0442199707031,332.5078430175781,320.3851623535156,320.3851623535156,1373244
2020-02-07,320.3851623535156,320.3851623535156,329.0442199707031,315.1897277832031,329.0442199707031,1577423
2020-02-10,322.1169738769531,322.1169738769531,323.8487854003906,316.9215393066406,318.6533508300781,706889
2020-02-11,322.1169738769531,322.1169738769531,337.7032775878906,322.1169738769531,323.8487854003906,1179227
2020-02-12,318.6533508300781,318.6533508300781,325.5805969238281,316.9215393066406,323.8487854003906,699729
2020-02-13,316.9215393066406,316.9215393066406,322.1169738769531,315.1897277832031,320.3851623535156,651341
2020-02-14,315.1897277832031,315.1897277832031,316.9215393066406,309.9942932128906,316.9215393066406,525230
2020-02-17,313.4579162597656,313.4579162597656,322.1169738769531,306.5306701660156,306.5306701660156,358584
2020-02-18,313.4579162597656,313.4579162597656,320.3851623535156,311.7261047363281,316.9215393066406,572579
2020-02-19,315.1897277832031,315.1897277832031,318.6533508300781,311.7261047363281,313.4579162597656,522574
2020-02-20,311.7261047363281,311.7261047363281,316.9215393066406,309.9942932128906,315.1897277832031,705157
2020-02-21,311.7261047363281,311.7261047363281,313.4579162597656,309.9942932128906,311.7261047363281,402353
2020-02-24,303.0670471191406,303.0670471191406,311.7261047363281,296.1398010253906,311.7261047363281,951604
2020-02-25,296.1398010253906,296.1398010253906,303.0670471191406,294.4079895019531,303.0670471191406,886008
2020-02-26,277.0898742675781,277.0898742675781,299.6034240722656,277.0898742675781,299.6034240722656,1828836
2020-02-27,242.45362854003906,242.45362854003906,285.7489318847656,238.99000549316406,278.8216857910156,3684349
2020-02-28,233.79457092285156,233.79457092285156,238.99000549316406,202.62196350097656,238.99000549316406,1337096
2020-03-02,226.86732482910156,226.86732482910156,259.7717590332031,216.47645568847656,238.99000549316406,1333054
2020-03-03,237.25819396972656,237.25819396972656,245.91725158691406,235.52638244628906,237.25819396972656,4898107
2020-03-04,252.84449768066406,252.84449768066406,259.7717590332031,228.59913635253906,237.25819396972656,1429370
2020-03-05,258.0399475097656,258.0399475097656,271.8944396972656,251.11268615722656,252.84449768066406,1575344
2020-03-06,244.18544006347656,244.18544006347656,258.0399475097656,242.45362854003906,251.11268615722656,815677
2020-03-09,225.13551330566406,225.13551330566406,245.91725158691406,223.40370178222656,245.91725158691406,945599
2020-03-10,225.13551330566406,225.13551330566406,247.64906311035156,223.40370178222656,225.13551330566406,1423942
2020-03-11,202.62196350097656,202.62196350097656,230.33094787597656,202.62196350097656,225.13551330566406,2332470
2020-03-12,183.57203674316406,183.57203674316406,202.62196350097656,183.57203674316406,202.62196350097656,1716583
2020-03-13,206.08558654785156,206.08558654785156,211.28102111816406,171.44935607910156,199.15834045410156,1088571
2020-03-16,200.89015197753906,200.89015197753906,204.35377502441406,192.23109436035156,204.35377502441406,618312
2020-03-17,187.03565979003906,187.03565979003906,199.15834045410156,187.03565979003906,199.15834045410156,458710
2020-03-18,185.30384826660156,185.30384826660156,187.03565979003906,174.91297912597656,187.03565979003906,565650
2020-03-19,173.18116760253906,173.18116760253906,174.91297912597656,173.18116760253906,174.91297912597656,84766
2020-03-20,183.57203674316406,183.57203674316406,187.03565979003906,161.05848693847656,161.05848693847656,2098842
2020-03-23,172.3152618408203,172.3152618408203,173.18116760253906,171.44935607910156,173.18116760253906,172074
2020-03-24,164.52210998535156,164.52210998535156,180.10841369628906,161.05848693847656,172.3152618408203,1330860
2020-03-26,169.71754455566406,169.71754455566406,181.84022521972656,167.1198272705078,168.8516387939453,2019965
2020-03-27,181.84022521972656,181.84022521972656,211.28102111816406,161.05848693847656,161.05848693847656,1820636
2020-03-30,172.3152618408203,172.3152618408203,181.84022521972656,169.71754455566406,181.84022521972656,256147
2020-03-31,195.69471740722656,195.69471740722656,204.35377502441406,176.64479064941406,183.57203674316406,5164995
2020-04-01,185.30384826660156,185.30384826660156,207.81739807128906,185.30384826660156,187.03565979003906,947216
2020-04-02,190.49928283691406,190.49928283691406,207.81739807128906,173.18116760253906,181.84022521972656,1053463
2020-04-03,197.42652893066406,197.42652893066406,199.15834045410156,190.49928283691406,190.49928283691406,937053
2020-04-06,207.81739807128906,207.81739807128906,214.74464416503906,199.15834045410156,199.15834045410156,2349216
2020-04-07,202.62196350097656,202.62196350097656,221.67189025878906,199.15834045410156,209.54920959472656,1998023
2020-04-08,192.23109436035156,192.23109436035156,202.62196350097656,188.76747131347656,202.62196350097656,996413
2020-04-09,193.96290588378906,193.96290588378906,202.62196350097656,190.49928283691406,202.62196350097656,646490
2020-04-13,195.69471740722656,195.69471740722656,199.15834045410156,187.03565979003906,193.96290588378906,649955
2020-04-14,204.35377502441406,204.35377502441406,207.81739807128906,195.69471740722656,199.15834045410156,1210524
2020-04-15,190.49928283691406,190.49928283691406,209.54920959472656,190.49928283691406,204.35377502441406,2045949
2020-04-16,188.76747131347656,188.76747131347656,197.42652893066406,180.10841369628906,187.03565979003906,1076906
2020-04-17,195.69471740722656,195.69471740722656,200.89015197753906,190.49928283691406,190.49928283691406,812674
2020-04-20,199.15834045410156,199.15834045410156,202.62196350097656,192.23109436035156,200.89015197753906,1619460
2020-04-21,188.76747131347656,188.76747131347656,199.15834045410156,185.30384826660156,199.15834045410156,1649255
2020-04-22,183.57203674316406,183.57203674316406,188.76747131347656,176.64479064941406,188.76747131347656,965001
2020-04-23,183.57203674316406,183.57203674316406,190.49928283691406,183.57203674316406,183.57203674316406,1726977
2020-04-24,171.44935607910156,171.44935607910156,185.30384826660156,171.44935607910156,185.30384826660156,3472433
2020-04-27,172.3152618408203,172.3152618408203,185.30384826660156,169.71754455566406,173.18116760253906,2188690
2020-04-28,172.3152618408203,172.3152618408203,176.64479064941406,171.44935607910156,176.64479064941406,1049074
2020-04-29,169.71754455566406,169.71754455566406,174.91297912597656,166.25392150878906,174.91297912597656,1550515
2020-04-30,174.91297912597656,174.91297912597656,174.91297912597656,171.44935607910156,172.3152618408203,1490924
2020-05-04,176.64479064941406,176.64479064941406,178.37660217285156,167.98573303222656,174.91297912597656,697304
2020-05-05,174.91297912597656,174.91297912597656,183.57203674316406,174.91297912597656,176.64479064941406,1725822
2020-05-06,172.3152618408203,172.3152618408203,178.37660217285156,167.98573303222656,173.18116760253906,1850778
2020-05-08,173.18116760253906,173.18116760253906,174.91297912597656,172.3152618408203,172.3152618408203,814176
2020-05-11,176.64479064941406,176.64479064941406,178.37660217285156,173.18116760253906,173.18116760253906,506521
2020-05-12,200.89015197753906,200.89015197753906,202.62196350097656,173.18116760253906,176.64479064941406,11921504
2020-05-13,207.81739807128906,207.81739807128906,209.54920959472656,188.76747131347656,202.62196350097656,8471591
2020-05-14,193.96290588378906,193.96290588378906,209.54920959472656,193.96290588378906,209.54920959472656,3934723
2020-05-15,181.84022521972656,181.84022521972656,193.96290588378906,181.84022521972656,193.96290588378906,2533069
2020-05-18,185.30384826660156,185.30384826660156,192.23109436035156,181.84022521972656,185.30384826660156,1405002
2020-05-19,183.57203674316406,183.57203674316406,192.23109436035156,181.84022521972656,190.49928283691406,1083720
2020-05-20,185.30384826660156,185.30384826660156,190.49928283691406,181.84022521972656,185.30384826660156,597062
2020-05-26,183.57203674316406,183.57203674316406,190.49928283691406,183.57203674316406,187.03565979003906,848706
2020-05-27,195.69471740722656,195.69471740722656,199.15834045410156,181.84022521972656,183.57203674316406,2161089
2020-05-28,190.49928283691406,190.49928283691406,197.42652893066406,188.76747131347656,197.42652893066406,1362041
2020-05-29,190.49928283691406,190.49928283691406,190.49928283691406,187.03565979003906,190.49928283691406,461135
2020-06-02,190.49928283691406,190.49928283691406,192.23109436035156,187.03565979003906,190.49928283691406,2180029
2020-06-03,192.23109436035156,192.23109436035156,195.69471740722656,187.03565979003906,190.49928283691406,1974002
2020-06-04,192.23109436035156,192.23109436035156,195.69471740722656,190.49928283691406,193.96290588378906,2140533
2020-06-05,193.96290588378906,193.96290588378906,197.42652893066406,192.23109436035156,192.23109436035156,1500625
2020-06-08,226.86732482910156,226.86732482910156,238.99000549316406,195.69471740722656,199.15834045410156,12175919
2020-06-09,219.94007873535156,219.94007873535156,233.79457092285156,216.47645568847656,230.33094787597656,8304020
2020-06-10,206.08558654785156,206.08558654785156,221.67189025878906,206.08558654785156,219.94007873535156,2897312
2020-06-11,195.69471740722656,195.69471740722656,207.81739807128906,192.23109436035156,206.08558654785156,4774306
2020-06-12,193.96290588378906,193.96290588378906,195.69471740722656,185.30384826660156,185.30384826660156,2189961
2020-06-15,195.69471740722656,195.69471740722656,202.62196350097656,192.23109436035156,195.69471740722656,2605248
2020-06-16,202.62196350097656,202.62196350097656,207.81739807128906,197.42652893066406,199.15834045410156,1625465
2020-06-17,204.35377502441406,204.35377502441406,206.08558654785156,195.69471740722656,202.62196350097656,670396
2020-06-18,200.89015197753906,200.89015197753906,206.08558654785156,200.89015197753906,204.35377502441406,1091111
2020-06-19,199.15834045410156,199.15834045410156,202.62196350097656,195.69471740722656,202.62196350097656,743729
2020-06-22,200.89015197753906,200.89015197753906,206.08558654785156,195.69471740722656,204.35377502441406,2264334
2020-06-23,200.89015197753906,200.89015197753906,200.89015197753906,199.15834045410156,200.89015197753906,521303
2020-06-24,204.35377502441406,204.35377502441406,207.81739807128906,200.89015197753906,200.89015197753906,1230272
2020-06-25,199.15834045410156,199.15834045410156,202.62196350097656,197.42652893066406,202.62196350097656,469219
2020-06-26,193.96290588378906,193.96290588378906,204.35377502441406,193.96290588378906,199.15834045410156,1141232
2020-06-29,192.23109436035156,192.23109436035156,199.15834045410156,190.49928283691406,193.96290588378906,1242398
2020-06-30,192.23109436035156,192.23109436035156,197.42652893066406,192.23109436035156,197.42652893066406,533198
2020-07-01,193.96290588378906,193.96290588378906,195.69471740722656,192.23109436035156,192.23109436035156,619004
2020-07-02,192.23109436035156,192.23109436035156,195.69471740722656,190.49928283691406,193.96290588378906,1103237
2020-07-03,192.23109436035156,192.23109436035156,195.69471740722656,190.49928283691406,192.23109436035156,260536
2020-07-06,193.96290588378906,193.96290588378906,199.15834045410156,192.23109436035156,195.69471740722656,1068938
2020-07-07,190.49928283691406,190.49928283691406,197.42652893066406,190.49928283691406,193.96290588378906,1767397
2020-07-08,192.23109436035156,192.23109436035156,195.69471740722656,190.49928283691406,190.49928283691406,568653
2020-07-09,195.69471740722656,195.69471740722656,209.54920959472656,192.23109436035156,192.23109436035156,10827967
2020-07-10,195.69471740722656,195.69471740722656,199.15834045410156,192.23109436035156,195.69471740722656,1758389
2020-07-13,199.15834045410156,199.15834045410156,204.35377502441406,195.69471740722656,197.42652893066406,3931143
2020-07-14,199.15834045410156,199.15834045410156,202.62196350097656,197.42652893066406,197.42652893066406,2393909
2020-07-15,197.42652893066406,197.42652893066406,200.89015197753906,195.69471740722656,199.15834045410156,1401769
2020-07-16,188.76747131347656,188.76747131347656,199.15834045410156,185.30384826660156,197.42652893066406,7017506
2020-07-17,187.03565979003906,187.03565979003906,193.96290588378906,187.03565979003906,190.49928283691406,4226903
2020-07-20,185.30384826660156,185.30384826660156,192.23109436035156,183.57203674316406,188.76747131347656,3290542
2020-07-21,190.49928283691406,190.49928283691406,193.96290588378906,185.30384826660156,185.30384826660156,3275991
2020-07-22,187.03565979003906,187.03565979003906,193.96290588378906,187.03565979003906,193.96290588378906,2532723
2020-07-23,185.30384826660156,185.30384826660156,190.49928283691406,183.57203674316406,190.49928283691406,7501970
2020-07-24,178.37660217285156,178.37660217285156,187.03565979003906,176.64479064941406,183.57203674316406,8597817
2020-07-27,181.84022521972656,181.84022521972656,190.49928283691406,178.37660217285156,178.37660217285156,6946829
2020-07-28,180.10841369628906,180.10841369628906,187.03565979003906,178.37660217285156,187.03565979003906,3301282
2020-07-29,180.10841369628906,180.10841369628906,183.57203674316406,178.37660217285156,181.84022521972656,1811397
2020-07-30,173.18116760253906,173.18116760253906,193.96290588378906,172.3152618408203,180.10841369628906,35934508
2020-08-03,164.52210998535156,164.52210998535156,176.64479064941406,161.05848693847656,173.18116760253906,7552899
2020-08-04,165.3880157470703,165.3880157470703,170.5834503173828,162.79029846191406,164.52210998535156,5832966
2020-08-05,163.6562042236328,163.6562042236328,176.64479064941406,162.79029846191406,165.3880157470703,11910879
2020-08-06,166.25392150878906,166.25392150878906,171.44935607910156,164.52210998535156,167.1198272705078,4466305
2020-08-07,166.25392150878906,166.25392150878906,167.98573303222656,163.6562042236328,166.25392150878906,2131987
2020-08-10,163.6562042236328,163.6562042236328,167.98573303222656,163.6562042236328,166.25392150878906,3780780
2020-08-11,167.1198272705078,167.1198272705078,167.98573303222656,163.6562042236328,164.52210998535156,3454301
2020-08-12,164.52210998535156,164.52210998535156,178.37660217285156,164.52210998535156,168.8516387939453,12635207
2020-08-13,167.1198272705078,167.1198272705078,167.98573303222656,164.52210998535156,166.25392150878906,2659873
2020-08-14,167.1198272705078,167.1198272705078,167.98573303222656,165.3880157470703,167.98573303222656,1218608
2020-08-18,165.3880157470703,165.3880157470703,169.71754455566406,164.52210998535156,167.1198272705078,2621763
2020-08-19,164.52210998535156,164.52210998535156,167.1198272705078,164.52210998535156,164.52210998535156,1685056
2020-08-24,166.25392150878906,166.25392150878906,169.71754455566406,164.52210998535156,164.52210998535156,3071927
2020-08-25,168.8516387939453,168.8516387939453,171.44935607910156,166.25392150878906,167.1198272705078,4388237
2020-08-26,166.25392150878906,166.25392150878906,169.71754455566406,165.3880157470703,169.71754455566406,2634813
2020-08-27,171.44935607910156,171.44935607910156,171.44935607910156,166.25392150878906,166.25392150878906,3179445
2020-08-28,173.18116760253906,173.18116760253906,181.84022521972656,172.3152618408203,173.18116760253906,14569944
2020-08-31,167.1198272705078,167.1198272705078,176.64479064941406,161.05848693847656,174.91297912597656,9988730
2020-09-01,167.1198272705078,167.1198272705078,170.5834503173828,165.3880157470703,167.1198272705078,3852497
2020-09-02,167.1198272705078,167.1198272705078,169.71754455566406,167.1198272705078,167.1198272705078,1326472
2020-09-03,171.44935607910156,171.44935607910156,173.18116760253906,166.25392150878906,167.98573303222656,7984124
2020-09-04,166.25392150878906,166.25392150878906,178.37660217285156,163.6562042236328,174.91297912597656,14949893
2020-09-07,167.1198272705078,167.1198272705078,173.18116760253906,165.3880157470703,166.25392150878906,6119256
2020-09-08,166.25392150878906,166.25392150878906,168.8516387939453,162.79029846191406,167.1198272705078,2824325
2020-09-09,163.6562042236328,163.6562042236328,165.3880157470703,161.9243927001953,165.3880157470703,5801670
2020-09-10,152.39942932128906,152.39942932128906,163.6562042236328,152.39942932128906,163.6562042236328,5048932
2020-09-11,157.59486389160156,157.59486389160156,158.4607696533203,142.00856018066406,151.5335235595703,8596662
2020-09-14,158.4607696533203,158.4607696533203,166.25392150878906,148.0699005126953,161.9243927001953,5972358
2020-09-15,157.59486389160156,157.59486389160156,159.32667541503906,156.7289581298828,159.32667541503906,1087993
2020-09-16,154.9971466064453,154.9971466064453,158.4607696533203,154.9971466064453,158.4607696533203,721787
2020-09-17,154.13124084472656,154.13124084472656,156.7289581298828,153.2653350830078,154.9971466064453,893630
2020-09-18,154.9971466064453,154.9971466064453,157.59486389160156,153.2653350830078,154.13124084472656,1163752
2020-09-21,148.93580627441406,148.93580627441406,155.86305236816406,148.0699005126953,154.9971466064453,2608366
2020-09-22,141.1426544189453,141.1426544189453,148.93580627441406,138.54493713378906,147.20399475097656,4894643
2020-09-23,133.34950256347656,133.34950256347656,147.20399475097656,131.61769104003906,132.4835968017578,5268355
2020-09-24,124.69043731689453,124.69043731689453,133.34950256347656,124.69043731689453,129.88587951660156,3346437
2020-09-25,125.55634307861328,125.55634307861328,127.28815460205078,116.03137969970703,116.03137969970703,3823279
2020-09-28,124.69043731689453,124.69043731689453,129.0199737548828,121.22681427001953,125.55634307861328,2831139
2020-09-29,122.09272003173828,122.09272003173828,129.88587951660156,121.22681427001953,127.28815460205078,3670837
2020-09-30,123.82453155517578,123.82453155517578,127.28815460205078,118.62909698486328,121.22681427001953,3520937
2020-10-01,121.22681427001953,121.22681427001953,126.42224884033203,121.22681427001953,123.82453155517578,2480177
2020-10-02,121.22681427001953,121.22681427001953,142.00856018066406,119.49500274658203,121.22681427001953,45642492
2020-10-05,125.55634307861328,125.55634307861328,135.08131408691406,121.22681427001953,122.95862579345703,24058159
2020-10-06,131.61769104003906,131.61769104003906,137.6790313720703,124.69043731689453,125.55634307861328,19091568
2020-10-07,126.42224884033203,126.42224884033203,134.2154083251953,126.42224884033203,131.61769104003906,17522921
2020-10-08,127.28815460205078,127.28815460205078,129.0199737548828,123.82453155517578,123.82453155517578,3578680
2020-10-09,125.55634307861328,125.55634307861328,129.0199737548828,123.82453155517578,123.82453155517578,3178405
2020-10-12,125.55634307861328,125.55634307861328,130.7517852783203,123.82453155517578,123.82453155517578,8938731
2020-10-13,125.55634307861328,125.55634307861328,125.55634307861328,122.09272003173828,123.82453155517578,3640349
2020-10-14,128.15406799316406,128.15406799316406,137.6790313720703,125.55634307861328,127.28815460205078,61805104
2020-10-15,129.0199737548828,129.0199737548828,139.4108428955078,125.55634307861328,127.28815460205078,52836923
2020-10-16,129.88587951660156,129.88587951660156,134.2154083251953,128.15406799316406,130.7517852783203,12649643
2020-10-19,128.15406799316406,128.15406799316406,131.61769104003906,128.15406799316406,131.61769104003906,7352762
2020-10-20,126.42224884033203,126.42224884033203,129.88587951660156,125.55634307861328,128.15406799316406,3793368
2020-10-21,128.15406799316406,128.15406799316406,131.61769104003906,125.55634307861328,127.28815460205078,5436965
2020-10-22,127.28815460205078,127.28815460205078,129.88587951660156,126.42224884033203,129.0199737548828,3682040
2020-10-23,125.55634307861328,125.55634307861328,129.0199737548828,125.55634307861328,127.28815460205078,3148956
2020-10-26,126.42224884033203,126.42224884033203,127.28815460205078,125.55634307861328,125.55634307861328,2180837
2020-10-27,123.82453155517578,123.82453155517578,126.42224884033203,123.82453155517578,126.42224884033203,2879758
2020-11-02,119.49500274658203,119.49500274658203,124.69043731689453,118.62909698486328,124.69043731689453,4904921
2020-11-03,123.82453155517578,123.82453155517578,125.55634307861328,119.49500274658203,119.49500274658203,3922828
2020-11-04,121.22681427001953,121.22681427001953,125.55634307861328,120.36090850830078,123.82453155517578,2201971
2020-11-05,122.09272003173828,122.09272003173828,122.95862579345703,120.36090850830078,121.22681427001953,1208099
2020-11-06,121.22681427001953,121.22681427001953,122.95862579345703,120.36090850830078,122.95862579345703,2346791
2020-11-09,122.09272003173828,122.09272003173828,122.95862579345703,120.36090850830078,122.09272003173828,2917522
2020-11-10,122.09272003173828,122.09272003173828,123.82453155517578,120.36090850830078,122.09272003173828,2991780
2020-11-11,120.36090850830078,120.36090850830078,123.82453155517578,120.36090850830078,123.82453155517578,5481081
2020-11-12,120.36090850830078,120.36090850830078,122.95862579345703,119.49500274658203,120.36090850830078,7363849
2020-11-13,120.36090850830078,120.36090850830078,122.09272003173828,118.62909698486328,118.62909698486328,2941197
2020-11-16,119.49500274658203,119.49500274658203,122.95862579345703,119.49500274658203,120.36090850830078,5106213
2020-11-17,119.49500274658203,119.49500274658203,121.22681427001953,118.62909698486328,119.49500274658203,7389833
2020-11-18,120.36090850830078,120.36090850830078,121.22681427001953,119.49500274658203,119.49500274658203,4017873
2020-11-19,123.82453155517578,123.82453155517578,128.15406799316406,119.49500274658203,120.36090850830078,30174413
2020-11-20,129.88587951660156,129.88587951660156,129.88587951660156,123.82453155517578,124.69043731689453,21461918
2020-11-23,134.2154083251953,134.2154083251953,135.08131408691406,130.7517852783203,130.7517852783203,30652525
2020-11-24,133.34950256347656,133.34950256347656,138.54493713378906,131.61769104003906,138.54493713378906,15621444
2020-11-25,132.4835968017578,132.4835968017578,135.9472198486328,132.4835968017578,134.2154083251953,11875771
2020-11-26,133.34950256347656,133.34950256347656,135.08131408691406,127.28815460205078,127.28815460205078,9039551
2020-11-27,136.81312561035156,136.81312561035156,138.54493713378906,133.34950256347656,133.34950256347656,17850901
2020-11-30,134.2154083251953,134.2154083251953,146.3380889892578,127.28815460205078,136.81312561035156,37365148
2020-12-01,132.4835968017578,132.4835968017578,136.81312561035156,128.15406799316406,135.08131408691406,10393624
2020-12-02,133.34950256347656,133.34950256347656,133.34950256347656,130.7517852783203,132.4835968017578,3886796
2020-12-03,130.7517852783203,130.7517852783203,135.08131408691406,129.0199737548828,133.34950256347656,8107463
2020-12-04,129.0199737548828,129.0199737548828,131.61769104003906,129.0199737548828,130.7517852783203,8254939
2020-12-07,152.39942932128906,152.39942932128906,156.7289581298828,129.0199737548828,129.0199737548828,66244039
2020-12-08,151.5335235595703,151.5335235595703,161.05848693847656,148.0699005126953,152.39942932128906,49486097
2020-12-10,148.0699005126953,148.0699005126953,153.2653350830078,147.20399475097656,151.5335235595703,24505436
2020-12-11,146.3380889892578,146.3380889892578,150.66761779785156,145.47218322753906,149.8017120361328,7471828
2020-12-14,147.20399475097656,147.20399475097656,149.8017120361328,145.47218322753906,146.3380889892578,9967596
2020-12-15,152.39942932128906,152.39942932128906,152.39942932128906,144.6062774658203,147.20399475097656,30769396
2020-12-16,152.39942932128906,152.39942932128906,163.6562042236328,152.39942932128906,154.13124084472656,64891814
2020-12-17,149.8017120361328,149.8017120361328,154.9971466064453,148.93580627441406,153.2653350830078,13937312
2020-12-18,150.66761779785156,150.66761779785156,156.7289581298828,148.93580627441406,149.8017120361328,34824225
2020-12-21,150.66761779785156,150.66761779785156,155.86305236816406,149.8017120361328,155.86305236816406,33981755
2020-12-22,150.66761779785156,150.66761779785156,164.52210998535156,149.8017120361328,154.13124084472656,80359431
2020-12-23,147.20399475097656,147.20399475097656,154.9971466064453,142.00856018066406,152.39942932128906,33525123
2020-12-28,151.5335235595703,151.5335235595703,159.32667541503906,145.47218322753906,148.93580627441406,44047746
2020-12-29,148.0699005126953,148.0699005126953,154.13124084472656,147.20399475097656,152.39942932128906,11677944
2020-12-30,138.54493713378906,138.54493713378906,150.66761779785156,138.54493713378906,148.0699005126953,27681185
2021-01-04,136.81312561035156,136.81312561035156,142.00856018066406,129.0199737548828,138.54493713378906,15067573
2021-01-05,137.6790313720703,137.6790313720703,145.47218322753906,135.08131408691406,138.54493713378906,16013635
2021-01-06,141.1426544189453,141.1426544189453,144.6062774658203,139.4108428955078,139.4108428955078,17365745
2021-01-07,139.4108428955078,139.4108428955078,143.74037170410156,138.54493713378906,141.1426544189453,7645981
2021-01-08,137.6790313720703,137.6790313720703,142.8744659423828,136.81312561035156,139.4108428955078,5882510
2021-01-11,137.6790313720703,137.6790313720703,147.20399475097656,135.9472198486328,137.6790313720703,23850630
2021-01-12,135.9472198486328,135.9472198486328,138.54493713378906,135.08131408691406,137.6790313720703,5752357
2021-01-13,135.08131408691406,135.08131408691406,136.81312561035156,132.4835968017578,135.9472198486328,7646443
2021-01-14,134.2154083251953,134.2154083251953,138.54493713378906,134.2154083251953,135.08131408691406,7367198
2021-01-15,138.54493713378906,138.54493713378906,142.8744659423828,134.2154083251953,134.2154083251953,19569795
2021-01-18,135.08131408691406,135.08131408691406,142.8744659423828,135.08131408691406,141.1426544189453,18285591
2021-01-19,129.88587951660156,129.88587951660156,136.81312561035156,129.88587951660156,135.9472198486328,19227841
2021-01-20,129.88587951660156,129.88587951660156,132.4835968017578,126.42224884033203,129.88587951660156,8029048
2021-01-21,129.0199737548828,129.0199737548828,137.6790313720703,129.0199737548828,130.7517852783203,29081453
2021-01-22,129.0199737548828,129.0199737548828,134.2154083251953,126.42224884033203,129.0199737548828,25199045
2021-01-25,121.22681427001953,121.22681427001953,129.88587951660156,121.22681427001953,129.0199737548828,14333313
2021-01-26,117.76319122314453,117.76319122314453,127.28815460205078,116.03137969970703,121.22681427001953,20020537
2021-01-27,111.70185089111328,111.70185089111328,119.49500274658203,109.97003936767578,117.76319122314453,14945620
2021-01-28,103.90869903564453,103.90869903564453,111.70185089111328,103.90869903564453,110.83594512939453,15486557
2021-01-29,96.98145294189453,96.98145294189453,106.50641632080078,96.98145294189453,106.50641632080078,8447569
2021-02-01,96.11554718017578,96.11554718017578,103.04279327392578,90.92011260986328,94.38373565673828,29902905
2021-02-02,114.29956817626953,114.29956817626953,114.29956817626953,96.11554718017578,96.11554718017578,42742177
2021-02-03,111.70185089111328,111.70185089111328,123.82453155517578,109.97003936767578,116.03137969970703,34023330
2021-02-04,111.70185089111328,111.70185089111328,117.76319122314453,106.50641632080078,110.83594512939453,16381458
2021-02-05,110.83594512939453,110.83594512939453,116.89728546142578,108.23822784423828,112.56775665283203,27446056
2021-02-08,121.22681427001953,121.22681427001953,122.95862579345703,110.83594512939453,112.56775665283203,49412186
2021-02-09,121.22681427001953,121.22681427001953,129.88587951660156,118.62909698486328,122.95862579345703,44486824
2021-02-10,122.95862579345703,122.95862579345703,126.42224884033203,118.62909698486328,122.09272003173828,10309435
2021-02-11,122.09272003173828,122.09272003173828,128.15406799316406,121.22681427001953,123.82453155517578,17019171
2021-02-15,125.55634307861328,125.55634307861328,126.42224884033203,121.22681427001953,122.09272003173828,15566588
2021-02-16,122.95862579345703,122.95862579345703,127.28815460205078,121.22681427001953,125.55634307861328,6801894
2021-02-17,120.36090850830078,120.36090850830078,124.69043731689453,117.76319122314453,122.95862579345703,7905940
2021-02-18,120.36090850830078,120.36090850830078,122.95862579345703,119.49500274658203,120.36090850830078,3361335
2021-02-19,120.36090850830078,120.36090850830078,123.82453155517578,117.76319122314453,118.62909698486328,6813558
2021-02-22,116.89728546142578,116.89728546142578,122.09272003173828,116.03137969970703,121.22681427001953,8127096
2021-02-23,112.56775665283203,112.56775665283203,117.76319122314453,111.70185089111328,116.89728546142578,15653434
2021-02-24,109.97003936767578,109.97003936767578,113.43366241455078,108.23822784423828,112.56775665283203,9102952
2021-02-25,110.83594512939453,110.83594512939453,112.56775665283203,109.97003936767578,110.83594512939453,6729138
2021-02-26,109.10413360595703,109.10413360595703,112.56775665283203,108.23822784423828,109.10413360595703,5381416
2021-03-01,109.10413360595703,109.10413360595703,112.56775665283203,107.37232208251953,110.83594512939453,9169819
2021-03-02,114.29956817626953,114.29956817626953,116.03137969970703,109.10413360595703,110.83594512939453,16689228
2021-03-03,110.83594512939453,110.83594512939453,116.03137969970703,108.23822784423828,108.23822784423828,8893114
2021-03-04,109.10413360595703,109.10413360595703,113.43366241455078,108.23822784423828,110.83594512939453,8158508
2021-03-05,109.97003936767578,109.97003936767578,111.70185089111328,108.23822784423828,109.10413360595703,4440783
2021-03-08,109.10413360595703,109.10413360595703,116.03137969970703,109.10413360595703,116.03137969970703,3238458
2021-03-09,108.23822784423828,108.23822784423828,110.83594512939453,107.37232208251953,109.97003936767578,3349786
2021-03-10,116.89728546142578,116.89728546142578,119.49500274658203,107.37232208251953,108.23822784423828,67256390
2021-03-12,113.43366241455078,113.43366241455078,117.76319122314453,109.97003936767578,109.97003936767578,17815794
2021-03-15,114.29956817626953,114.29956817626953,115.16547393798828,107.37232208251953,107.37232208251953,11547214
2021-03-16,118.62909698486328,118.62909698486328,122.09272003173828,114.29956817626953,115.16547393798828,40272855
2021-03-17,116.03137969970703,116.03137969970703,119.49500274658203,113.43366241455078,119.49500274658203,16470959
2021-03-18,114.29956817626953,114.29956817626953,117.76319122314453,113.43366241455078,116.89728546142578,10498947
2021-03-19,114.29956817626953,114.29956817626953,116.03137969970703,112.56775665283203,114.29956817626953,9995197
2021-03-22,113.43366241455078,113.43366241455078,124.69043731689453,109.97003936767578,119.49500274658203,32539104
2021-03-23,114.29956817626953,114.29956817626953,115.16547393798828,112.56775665283203,113.43366241455078,3734701
2021-03-24,109.97003936767578,109.97003936767578,115.16547393798828,109.97003936767578,115.16547393798828,7687094
2021-03-25,109.97003936767578,109.97003936767578,109.97003936767578,107.37232208251953,109.97003936767578,5124691
2021-03-26,109.10413360595703,109.10413360595703,111.70185089111328,108.23822784423828,109.97003936767578,5574047
2021-03-29,109.10413360595703,109.10413360595703,111.70185089111328,109.10413360595703,109.10413360595703,2827905
2021-03-30,108.23822784423828,108.23822784423828,109.97003936767578,107.37232208251953,109.10413360595703,4221706
2021-03-31,103.04279327392578,103.04279327392578,108.23822784423828,101.31098175048828,108.23822784423828,10700239
2021-04-01,103.90869903564453,103.90869903564453,104.77460479736328,101.31098175048828,103.04279327392578,2206591
2021-04-05,105.64051055908203,105.64051055908203,112.56775665283203,103.04279327392578,103.90869903564453,11229165
2021-04-06,107.37232208251953,107.37232208251953,108.23822784423828,104.77460479736328,105.64051055908203,2508124
2021-04-07,106.50641632080078,106.50641632080078,108.23822784423828,106.50641632080078,107.37232208251953,1931734
2021-04-08,106.50641632080078,106.50641632080078,108.23822784423828,105.64051055908203,107.37232208251953,1358461
2021-04-09,107.37232208251953,107.37232208251953,108.23822784423828,106.50641632080078,106.50641632080078,2173792
2021-04-12,105.64051055908203,105.64051055908203,109.10413360595703,104.77460479736328,107.37232208251953,3573252
2021-04-13,105.64051055908203,105.64051055908203,121.22681427001953,103.90869903564453,112.56775665283203,18691524
2021-04-14,105.64051055908203,105.64051055908203,106.50641632080078,103.90869903564453,105.64051055908203,3142605
2021-04-15,105.64051055908203,105.64051055908203,107.37232208251953,103.90869903564453,105.64051055908203,5514687
2021-04-16,105.64051055908203,105.64051055908203,107.37232208251953,104.77460479736328,105.64051055908203,3336506
2021-04-19,105.64051055908203,105.64051055908203,107.37232208251953,104.77460479736328,107.37232208251953,3074352
2021-04-20,109.97003936767578,109.97003936767578,118.62909698486328,105.64051055908203,106.50641632080078,77460617
2021-04-21,111.70185089111328,111.70185089111328,114.29956817626953,109.10413360595703,109.97003936767578,15429391
2021-04-22,108.23822784423828,108.23822784423828,112.56775665283203,108.23822784423828,111.70185089111328,8815046
2021-04-23,106.50641632080078,106.50641632080078,109.97003936767578,104.77460479736328,108.23822784423828,5946720
2021-04-26,109.10413360595703,109.10413360595703,111.70185089111328,106.50641632080078,109.10413360595703,12981896
2021-04-27,106.50641632080078,106.50641632080078,111.70185089111328,106.50641632080078,109.10413360595703,12937665
2021-04-28,107.37232208251953,107.37232208251953,109.97003936767578,106.50641632080078,106.50641632080078,7136226
2021-04-29,107.37232208251953,107.37232208251953,108.23822784423828,106.50641632080078,107.37232208251953,3664255
2021-04-30,107.37232208251953,107.37232208251953,108.23822784423828,106.50641632080078,108.23822784423828,3294815
2021-05-03,105.64051055908203,105.64051055908203,108.23822784423828,104.77460479736328,107.37232208251953,6512948
2021-05-04,104.77460479736328,104.77460479736328,107.37232208251953,104.77460479736328,106.50641632080078,5581207
2021-05-05,104.77460479736328,104.77460479736328,106.50641632080078,103.90869903564453,105.64051055908203,6197671
2021-05-06,103.90869903564453,103.90869903564453,108.23822784423828,103.04279327392578,104.77460479736328,8246508
2021-05-07,103.90869903564453,103.90869903564453,104.77460479736328,103.04279327392578,104.77460479736328,3278532
2021-05-10,104.77460479736328,104.77460479736328,105.64051055908203,103.04279327392578,103.90869903564453,4282105
2021-05-11,103.90869903564453,103.90869903564453,107.37232208251953,102.17688751220703,104.77460479736328,7102966
2021-05-17,101.31098175048828,101.31098175048828,105.64051055908203,101.31098175048828,103.90869903564453,4308551
2021-05-18,98.71326446533203,98.71326446533203,101.31098175048828,97.84735870361328,101.31098175048828,4828700
2021-05-19,96.98145294189453,96.98145294189453,100.44507598876953,95.24964141845703,98.71326446533203,4275060
2021-05-20,98.71326446533203,98.71326446533203,107.37232208251953,95.24964141845703,96.98145294189453,18580080
2021-05-21,98.71326446533203,98.71326446533203,101.31098175048828,96.11554718017578,99.57917022705078,3822355
2021-05-24,95.24964141845703,95.24964141845703,98.71326446533203,93.51782989501953,98.71326446533203,3593462
2021-05-25,93.51782989501953,93.51782989501953,96.98145294189453,91.78601837158203,95.24964141845703,5629249
2021-05-27,94.38373565673828,94.38373565673828,95.24964141845703,93.51782989501953,93.51782989501953,2436177
2021-05-28,97.84735870361328,97.84735870361328,98.71326446533203,94.38373565673828,95.24964141845703,4346200
2021-05-31,94.38373565673828,94.38373565673828,99.57917022705078,93.51782989501953,98.71326446533203,7684091
2021-06-02,94.38373565673828,94.38373565673828,96.11554718017578,90.92011260986328,90.92011260986328,14394521
2021-06-03,91.78601837158203,91.78601837158203,95.24964141845703,90.92011260986328,90.92011260986328,15740510
2021-06-04,94.38373565673828,94.38373565673828,98.71326446533203,91.78601837158203,91.78601837158203,25149501
2021-06-07,94.38373565673828,94.38373565673828,96.11554718017578,93.51782989501953,95.24964141845703,5488472
2021-06-08,93.51782989501953,93.51782989501953,94.38373565673828,92.65192413330078,94.38373565673828,3936455
2021-06-09,92.65192413330078,92.65192413330078,95.24964141845703,92.65192413330078,93.51782989501953,5227589
2021-06-10,92.65192413330078,92.65192413330078,94.38373565673828,91.78601837158203,92.65192413330078,3027350
2021-06-11,93.51782989501953,93.51782989501953,94.38373565673828,91.78601837158203,93.51782989501953,3822009
2021-06-14,90.92011260986328,90.92011260986328,93.51782989501953,90.05420684814453,93.51782989501953,7524259
2021-06-15,90.05420684814453,90.05420684814453,93.51782989501953,89.18830108642578,90.92011260986328,13022432
2021-06-16,86.59058380126953,86.59058380126953,90.05420684814453,85.72467803955078,87.45648956298828,11234709
2021-06-17,84.85877227783203,84.85877227783203,89.18830108642578,83.99286651611328,86.59058380126953,7540427
2021-06-18,80.52924346923828,80.52924346923828,86.59058380126953,79.66333770751953,86.59058380126953,15835902
2021-06-21,77.06562042236328,77.06562042236328,80.52924346923828,75.33380889892578,77.93152618408203,10269015
2021-06-22,80.52924346923828,80.52924346923828,87.45648956298828,72.73609161376953,72.73609161376953,23230239
2021-06-23,79.66333770751953,79.66333770751953,87.45648956298828,77.93152618408203,77.93152618408203,16466340
2021-06-24,80.52924346923828,80.52924346923828,80.52924346923828,75.33380889892578,75.33380889892578,1824563
2021-06-25,80.52924346923828,80.52924346923828,80.52924346923828,77.93152618408203,79.66333770751953,1281317
2021-06-28,77.93152618408203,77.93152618408203,82.26105499267578,77.93152618408203,80.52924346923828,1873875
2021-06-29,79.66333770751953,79.66333770751953,83.99286651611328,76.19971466064453,76.19971466064453,8557512
2021-06-30,78.79743194580078,78.79743194580078,79.66333770751953,74.46790313720703,74.46790313720703,1764741
2021-07-01,75.33380889892578,75.33380889892578,78.79743194580078,73.60199737548828,76.19971466064453,7725435
2021-07-02,74.46790313720703,74.46790313720703,77.93152618408203,74.46790313720703,74.46790313720703,1963377
2021-07-05,75.33380889892578,75.33380889892578,78.79743194580078,72.73609161376953,75.33380889892578,6749117
2021-07-06,75.33380889892578,75.33380889892578,76.19971466064453,73.60199737548828,75.33380889892578,3239959
2021-07-07,73.60199737548828,73.60199737548828,78.79743194580078,73.60199737548828,75.33380889892578,10627714
2021-07-08,73.60199737548828,73.60199737548828,75.33380889892578,69.27246856689453,69.27246856689453,2154391
2021-07-09,72.73609161376953,72.73609161376953,74.46790313720703,72.73609161376953,74.46790313720703,1930694
2021-07-12,71.00428009033203,71.00428009033203,73.60199737548828,71.00428009033203,72.73609161376953,2017078
2021-07-13,73.60199737548828,73.60199737548828,84.85877227783203,70.13837432861328,71.00428009033203,49438170
2021-07-14,74.46790313720703,74.46790313720703,77.93152618408203,71.00428009033203,73.60199737548828,14688664
2021-07-15,76.19971466064453,76.19971466064453,80.52924346923828,73.60199737548828,77.06562042236328,23527616
2021-07-16,73.60199737548828,73.60199737548828,77.06562042236328,73.60199737548828,76.19971466064453,5916116
2021-07-19,72.73609161376953,72.73609161376953,74.46790313720703,71.87018585205078,73.60199737548828,5906415
2021-07-21,76.19971466064453,76.19971466064453,78.79743194580078,71.87018585205078,72.73609161376953,13596051
2021-07-22,77.93152618408203,77.93152618408203,78.79743194580078,76.19971466064453,76.19971466064453,4948344
2021-07-23,75.33380889892578,75.33380889892578,78.79743194580078,75.33380889892578,77.93152618408203,2563673
2021-07-26,74.46790313720703,74.46790313720703,77.06562042236328,73.60199737548828,73.60199737548828,3165817
2021-07-27,73.60199737548828,73.60199737548828,75.33380889892578,72.73609161376953,74.46790313720703,5453133
2021-07-28,72.73609161376953,72.73609161376953,73.60199737548828,71.87018585205078,73.60199737548828,2863706
2021-07-29,71.87018585205078,71.87018585205078,73.60199737548828,71.87018585205078,73.60199737548828,1342409
2021-07-30,72.73609161376953,72.73609161376953,72.73609161376953,71.00428009033203,72.73609161376953,1607449
2021-08-02,71.00428009033203,71.00428009033203,73.60199737548828,69.27246856689453,72.73609161376953,7059890
2021-08-03,68.40656280517578,68.40656280517578,71.87018585205078,67.54065704345703,68.40656280517578,8813198
2021-08-04,71.00428009033203,71.00428009033203,71.87018585205078,67.54065704345703,68.40656280517578,11597335
2021-08-05,70.13837432861328,70.13837432861328,72.73609161376953,70.13837432861328,72.73609161376953,3066384
2021-08-06,70.13837432861328,70.13837432861328,71.87018585205078,69.27246856689453,70.13837432861328,1938778
2021-08-09,68.40656280517578,68.40656280517578,71.00428009033203,68.40656280517578,71.00428009033203,3569556
2021-08-10,65.80884552001953,65.80884552001953,69.27246856689453,64.94293975830078,69.27246856689453,3930335
2021-08-12,65.80884552001953,65.80884552001953,67.54065704345703,64.94293975830078,66.67475128173828,2909323
2021-08-13,66.67475128173828,66.67475128173828,68.40656280517578,65.80884552001953,68.40656280517578,1150817
2021-08-16,65.80884552001953,65.80884552001953,71.00428009033203,64.94293975830078,71.00428009033203,5000428
2021-08-18,71.87018585205078,71.87018585205078,88.32239532470703,64.0770263671875,66.67475128173828,328089605
2021-08-19,67.54065704345703,67.54065704345703,72.73609161376953,67.54065704345703,72.73609161376953,11932013
2021-08-20,71.00428009033203,71.00428009033203,74.46790313720703,63.211124420166016,63.211124420166016,78473314
2021-08-23,73.60199737548828,73.60199737548828,81.39514923095703,71.00428009033203,73.60199737548828,95577945
2021-08-24,71.00428009033203,71.00428009033203,75.33380889892578,69.27246856689453,69.27246856689453,12955912
2021-08-25,71.00428009033203,71.00428009033203,74.46790313720703,70.13837432861328,70.13837432861328,13075555
2021-08-26,70.13837432861328,70.13837432861328,71.87018585205078,66.67475128173828,66.67475128173828,7935851
2021-08-27,67.54065704345703,67.54065704345703,71.00428009033203,66.67475128173828,71.00428009033203,12646756
2021-08-30,66.67475128173828,66.67475128173828,68.40656280517578,65.80884552001953,68.40656280517578,6934010
2021-08-31,67.54065704345703,67.54065704345703,71.00428009033203,65.80884552001953,66.67475128173828,16463222
2021-09-01,73.60199737548828,73.60199737548828,78.79743194580078,66.67475128173828,71.00428009033203,108759402
2021-09-02,70.13837432861328,70.13837432861328,76.19971466064453,70.13837432861328,73.60199737548828,23910221
2021-09-03,70.13837432861328,70.13837432861328,72.73609161376953,68.40656280517578,70.13837432861328,17583782
2021-09-06,69.27246856689453,69.27246856689453,71.87018585205078,68.40656280517578,69.27246856689453,5938983
2021-09-07,70.13837432861328,70.13837432861328,71.00428009033203,69.27246856689453,69.27246856689453,4470694
2021-09-08,71.00428009033203,71.00428009033203,71.00428009033203,65.80884552001953,65.80884552001953,8056072
2021-09-09,69.27246856689453,69.27246856689453,74.46790313720703,66.67475128173828,66.67475128173828,20275184
2021-09-10,75.33380889892578,75.33380889892578,75.33380889892578,70.13837432861328,71.00428009033203,37671879
2021-09-13,71.00428009033203,71.00428009033203,79.66333770751953,70.13837432861328,75.33380889892578,59452770
2021-09-14,70.13837432861328,70.13837432861328,72.73609161376953,67.54065704345703,67.54065704345703,4920165
2021-09-15,71.87018585205078,71.87018585205078,71.87018585205078,70.13837432861328,70.13837432861328,3987962
2021-09-16,70.13837432861328,70.13837432861328,71.87018585205078,70.13837432861328,71.00428009033203,4028382
2021-09-17,71.00428009033203,71.00428009033203,75.33380889892578,69.27246856689453,69.27246856689453,19249783
2021-09-20,70.13837432861328,70.13837432861328,71.87018585205078,69.27246856689453,70.13837432861328,5556955
2021-09-21,71.00428009033203,71.00428009033203,75.33380889892578,69.27246856689453,69.27246856689453,43675188
2021-09-22,75.33380889892578,75.33380889892578,77.06562042236328,70.13837432861328,71.87018585205078,67367487
2021-09-23,75.33380889892578,75.33380889892578,77.06562042236328,73.60199737548828,76.19971466064453,22097553
2021-09-24,73.60199737548828,73.60199737548828,76.19971466064453,71.87018585205078,75.33380889892578,11699078
2021-09-27,82.26105499267578,82.26105499267578,83.99286651611328,71.87018585205078,73.60199737548828,249349287
2021-09-28,77.06562042236328,77.06562042236328,83.99286651611328,77.06562042236328,83.12696075439453,75539277
2021-09-29,74.46790313720703,74.46790313720703,82.26105499267578,72.73609161376953,79.66333770751953,24477142
2021-09-30,75.33380889892578,75.33380889892578,77.06562042236328,74.46790313720703,74.46790313720703,12647333
2021-10-01,73.60199737548828,73.60199737548828,76.19971466064453,73.60199737548828,76.19971466064453,8605785
2021-10-04,72.73609161376953,72.73609161376953,74.46790313720703,71.87018585205078,73.60199737548828,11523424
2021-10-05,77.06562042236328,77.06562042236328,77.06562042236328,72.73609161376953,72.73609161376953,26674263
2021-10-06,75.33380889892578,75.33380889892578,77.93152618408203,74.46790313720703,77.93152618408203,10057213
2021-10-07,75.33380889892578,75.33380889892578,82.26105499267578,72.73609161376953,72.73609161376953,119824809
2021-10-08,74.46790313720703,74.46790313720703,76.19971466064453,72.73609161376953,75.33380889892578,15793172
2021-10-11,73.60199737548828,73.60199737548828,74.46790313720703,72.73609161376953,74.46790313720703,7895893
2021-10-12,72.73609161376953,72.73609161376953,74.46790313720703,71.00428009033203,73.60199737548828,12585895
2021-10-13,71.87018585205078,71.87018585205078,73.60199737548828,71.87018585205078,72.73609161376953,3917862
2021-10-14,72.73609161376953,72.73609161376953,74.46790313720703,71.87018585205078,71.87018585205078,5201373
2021-10-15,72.73609161376953,72.73609161376953,73.60199737548828,71.87018585205078,71.87018585205078,5288912
2021-10-18,72.73609161376953,72.73609161376953,73.60199737548828,71.87018585205078,72.73609161376953,3738628
2021-10-19,77.06562042236328,77.06562042236328,79.66333770751953,71.87018585205078,72.73609161376953,97363128
2021-10-21,75.33380889892578,75.33380889892578,82.26105499267578,73.60199737548828,75.33380889892578,108671171
2021-10-22,73.60199737548828,73.60199737548828,76.19971466064453,71.00428009033203,71.00428009033203,13258601
2021-10-25,72.73609161376953,72.73609161376953,76.19971466064453,72.73609161376953,72.73609161376953,15612783
2021-10-26,72.73609161376953,72.73609161376953,74.46790313720703,72.73609161376953,74.46790313720703,6668046
2021-10-27,72.73609161376953,72.73609161376953,74.46790313720703,72.73609161376953,72.73609161376953,5314434
2021-10-28,71.87018585205078,71.87018585205078,73.60199737548828,71.00428009033203,72.73609161376953,7745761
2021-10-29,71.87018585205078,71.87018585205078,73.60199737548828,71.87018585205078,71.87018585205078,2697637
2021-11-01,75.33380889892578,75.33380889892578,76.19971466064453,71.87018585205078,72.73609161376953,22808138
2021-11-02,73.60199737548828,73.60199737548828,75.33380889892578,72.73609161376953,75.33380889892578,9131593
2021-11-03,73.60199737548828,73.60199737548828,74.46790313720703,72.73609161376953,74.46790313720703,2579957
2021-11-04,73.60199737548828,73.60199737548828,74.46790313720703,72.73609161376953,72.73609161376953,5084502
2021-11-05,75.33380889892578,75.33380889892578,77.06562042236328,72.73609161376953,73.60199737548828,26101106
2021-11-08,74.46790313720703,74.46790313720703,77.06562042236328,71.87018585205078,76.19971466064453,30928652
2021-11-09,74.46790313720703,74.46790313720703,77.06562042236328,73.60199737548828,74.46790313720703,15198073
2021-11-10,74.46790313720703,74.46790313720703,76.19971466064453,73.60199737548828,74.46790313720703,8076282
2021-11-11,75.33380889892578,75.33380889892578,75.33380889892578,73.60199737548828,73.60199737548828,5010360
2021-11-12,73.60199737548828,73.60199737548828,76.19971466064453,73.60199737548828,76.19971466064453,5896484
2021-11-15,72.73609161376953,72.73609161376953,75.33380889892578,72.73609161376953,75.33380889892578,3346784
2021-11-16,72.73609161376953,72.73609161376953,74.46790313720703,72.73609161376953,72.73609161376953,3507309
2021-11-17,72.73609161376953,72.73609161376953,73.60199737548828,72.73609161376953,72.73609161376953,2587348
2021-11-18,71.87018585205078,71.87018585205078,73.60199737548828,71.87018585205078,72.73609161376953,3837368
2021-11-19,72.73609161376953,72.73609161376953,73.60199737548828,71.87018585205078,71.87018585205078,2040291
2021-11-22,72.73609161376953,72.73609161376953,73.60199737548828,71.87018585205078,72.73609161376953,1893277
2021-11-23,71.87018585205078,71.87018585205078,72.73609161376953,71.87018585205078,72.73609161376953,1705959
2021-11-24,69.27246856689453,69.27246856689453,71.87018585205078,68.40656280517578,71.00428009033203,10020835
2021-11-25,70.13837432861328,70.13837432861328,71.87018585205078,68.40656280517578,69.27246856689453,3837830
2021-11-26,69.27246856689453,69.27246856689453,71.87018585205078,68.40656280517578,71.00428009033203,2788755
2021-11-29,66.67475128173828,66.67475128173828,69.27246856689453,64.94293975830078,67.54065704345703,5816452
2021-11-30,64.94293975830078,64.94293975830078,67.54065704345703,64.94293975830078,66.67475128173828,4743240
2021-12-01,61.479312896728516,61.479312896728516,64.94293975830078,60.613407135009766,64.0770263671875,19106581
2021-12-02,61.479312896728516,61.479312896728516,62.345218658447266,60.613407135009766,62.345218658447266,2306024
2021-12-03,64.0770263671875,64.0770263671875,66.67475128173828,61.479312896728516,61.479312896728516,14961211
2021-12-06,63.211124420166016,63.211124420166016,64.94293975830078,61.479312896728516,64.0770263671875,3758722
2021-12-07,61.479312896728516,61.479312896728516,63.211124420166016,60.613407135009766,62.345218658447266,3705483
2021-12-08,60.613407135009766,60.613407135009766,61.479312896728516,59.747501373291016,61.479312896728516,2656178
2021-12-09,63.211124420166016,63.211124420166016,69.27246856689453,59.747501373291016,60.613407135009766,30582194
2021-12-10,63.211124420166016,63.211124420166016,64.0770263671875,61.479312896728516,61.479312896728516,6267540
2021-12-13,61.479312896728516,61.479312896728516,63.211124420166016,58.881595611572266,58.881595611572266,2651212
2021-12-14,62.345218658447266,62.345218658447266,62.345218658447266,60.613407135009766,62.345218658447266,2140994
2021-12-15,61.479312896728516,61.479312896728516,62.345218658447266,60.613407135009766,60.613407135009766,547865
2021-12-16,60.613407135009766,60.613407135009766,62.345218658447266,58.015689849853516,58.015689849853516,2285005
2021-12-17,59.747501373291016,59.747501373291016,62.345218658447266,58.015689849853516,58.015689849853516,864412
2021-12-20,72.73609161376953,72.73609161376953,77.06562042236328,58.881595611572266,59.747501373291016,91279325
2021-12-21,68.40656280517578,68.40656280517578,77.93152618408203,68.40656280517578,73.60199737548828,27977984
2021-12-22,69.27246856689453,69.27246856689453,73.60199737548828,64.0770263671875,64.0770263671875,36060618
2021-12-23,65.80884552001953,65.80884552001953,69.27246856689453,64.94293975830078,69.27246856689453,9200307
2021-12-24,63.211124420166016,63.211124420166016,66.67475128173828,63.211124420166016,64.94293975830078,5286718
2021-12-27,66.67475128173828,66.67475128173828,70.13837432861328,61.479312896728516,63.211124420166016,18764742
2021-12-28,67.54065704345703,67.54065704345703,70.13837432861328,66.67475128173828,66.67475128173828,6538932
2021-12-29,67.54065704345703,67.54065704345703,69.27246856689453,64.94293975830078,64.94293975830078,1417937
2021-12-30,65.80884552001953,65.80884552001953,69.27246856689453,64.94293975830078,64.94293975830078,1873875
2022-01-03,63.211124420166016,63.211124420166016,65.80884552001953,63.211124420166016,64.94293975830078,1681822
2022-01-04,64.0770263671875,64.0770263671875,69.27246856689453,62.345218658447266,63.211124420166016,9671259
2022-01-05,64.94293975830078,64.94293975830078,71.87018585205078,64.0770263671875,64.94293975830078,23335909
2022-01-06,64.0770263671875,64.0770263671875,66.67475128173828,63.211124420166016,64.94293975830078,5575548
2022-01-07,64.0770263671875,64.0770263671875,67.54065704345703,63.211124420166016,64.0770263671875,9084706
2022-01-10,63.211124420166016,63.211124420166016,64.94293975830078,63.211124420166016,64.0770263671875,2849270
2022-01-11,63.211124420166016,63.211124420166016,66.67475128173828,62.345218658447266,63.211124420166016,8861356
2022-01-12,63.211124420166016,63.211124420166016,64.0770263671875,62.345218658447266,64.0770263671875,1822831
2022-01-13,62.345218658447266,62.345218658447266,64.0770263671875,62.345218658447266,62.345218658447266,2477867
2022-01-14,62.345218658447266,62.345218658447266,64.94293975830078,61.479312896728516,62.345218658447266,5310508
2022-01-17,60.613407135009766,60.613407135009766,64.0770263671875,59.747501373291016,63.211124420166016,6729484
2022-01-18,62.345218658447266,62.345218658447266,64.94293975830078,60.613407135009766,60.613407135009766,18556405
2022-01-19,61.479312896728516,61.479312896728516,65.80884552001953,61.479312896728516,64.0770263671875,11402625
2022-01-20,62.345218658447266,62.345218658447266,63.211124420166016,60.613407135009766,60.613407135009766,2721543
2022-01-21,62.345218658447266,62.345218658447266,67.54065704345703,61.479312896728516,62.345218658447266,31545116
2022-01-24,58.015689849853516,58.015689849853516,63.211124420166016,58.015689849853516,61.479312896728516,21798328
2022-01-25,54.552066802978516,54.552066802978516,60.613407135009766,54.552066802978516,60.613407135009766,7459818
2022-01-26,51.088443756103516,51.088443756103516,51.954349517822266,51.088443756103516,51.088443756103516,6234396
2022-01-27,47.624820709228516,47.624820709228516,51.088443756103516,47.624820709228516,47.624820709228516,14530794
2022-01-28,49.356632232666016,49.356632232666016,51.954349517822266,45.027103424072266,46.758914947509766,59063928
2022-01-31,49.356632232666016,49.356632232666016,51.954349517822266,48.490726470947266,51.954349517822266,9176402
2022-02-02,48.490726470947266,48.490726470947266,50.222537994384766,47.624820709228516,49.356632232666016,4766222
2022-02-03,51.954349517822266,51.954349517822266,56.283878326416016,48.490726470947266,51.088443756103516,83066308
2022-02-04,50.222537994384766,50.222537994384766,52.820255279541016,50.222537994384766,51.088443756103516,23184045
2022-02-07,50.222537994384766,50.222537994384766,51.954349517822266,50.222537994384766,50.222537994384766,7993709
2022-02-08,49.356632232666016,49.356632232666016,51.088443756103516,48.490726470947266,49.356632232666016,9115540
2022-02-09,50.222537994384766,50.222537994384766,50.222537994384766,48.490726470947266,49.356632232666016,4515040
2022-02-10,49.356632232666016,49.356632232666016,50.222537994384766,48.490726470947266,50.222537994384766,3380044
2022-02-11,49.356632232666016,49.356632232666016,50.222537994384766,48.490726470947266,49.356632232666016,5158528
2022-02-14,50.222537994384766,50.222537994384766,50.222537994384766,48.490726470947266,50.222537994384766,3251508
2022-02-15,49.356632232666016,49.356632232666016,50.222537994384766,49.356632232666016,50.222537994384766,2353142
2022-02-16,49.356632232666016,49.356632232666016,50.222537994384766,48.490726470947266,49.356632232666016,1513675
2022-02-17,49.356632232666016,49.356632232666016,50.222537994384766,48.490726470947266,49.356632232666016,1651449
2022-02-18,49.356632232666016,49.356632232666016,50.222537994384766,48.490726470947266,49.356632232666016,1632048
2022-02-21,49.356632232666016,49.356632232666016,50.222537994384766,48.490726470947266,49.356632232666016,2066737
2022-02-22,49.356632232666016,49.356632232666016,50.222537994384766,48.490726470947266,49.356632232666016,1811397
2022-02-23,49.356632232666016,49.356632232666016,50.222537994384766,48.490726470947266,50.222537994384766,4932638
2022-02-24,46.758914947509766,46.758914947509766,50.222537994384766,46.758914947509766,49.356632232666016,10539714
2022-02-25,47.624820709228516,47.624820709228516,48.490726470947266,44.161197662353516,46.758914947509766,5150098
2022-03-01,47.624820709228516,47.624820709228516,50.222537994384766,45.893009185791016,46.758914947509766,10674024
2022-03-02,46.758914947509766,46.758914947509766,48.490726470947266,45.893009185791016,47.624820709228516,4776616
2022-03-04,45.027103424072266,45.027103424072266,46.758914947509766,44.161197662353516,46.758914947509766,4614012
2022-03-07,45.027103424072266,45.027103424072266,45.027103424072266,43.295291900634766,45.027103424072266,18367470
2022-03-08,45.027103424072266,45.027103424072266,45.027103424072266,43.295291900634766,45.027103424072266,3495183
2022-03-09,45.027103424072266,45.027103424072266,45.027103424072266,44.161197662353516,45.027103424072266,1879419
2022-03-10,45.027103424072266,45.027103424072266,45.027103424072266,44.161197662353516,45.027103424072266,1148623
2022-03-11,45.893009185791016,45.893009185791016,50.222537994384766,44.161197662353516,44.161197662353516,20027928
2022-03-14,46.758914947509766,46.758914947509766,46.758914947509766,45.027103424072266,46.758914947509766,2457195
2022-03-15,47.624820709228516,47.624820709228516,48.490726470947266,46.758914947509766,47.624820709228516,9128475
2022-03-16,49.356632232666016,49.356632232666016,51.954349517822266,47.624820709228516,51.954349517822266,3502690
2022-03-17,48.490726470947266,48.490726470947266,52.820255279541016,47.624820709228516,52.820255279541016,3139024
2022-03-18,49.356632232666016,49.356632232666016,53.686161041259766,47.624820709228516,53.686161041259766,7071785
2022-03-21,50.222537994384766,50.222537994384766,51.954349517822266,48.490726470947266,51.954349517822266,2863937
2022-03-22,49.356632232666016,49.356632232666016,57.149784088134766,48.490726470947266,57.149784088134766,1005305
2022-03-23,49.356632232666016,49.356632232666016,50.222537994384766,48.490726470947266,49.356632232666016,2807926
2022-03-24,50.222537994384766,50.222537994384766,52.820255279541016,49.356632232666016,50.222537994384766,11335643
2022-03-25,49.356632232666016,49.356632232666016,53.686161041259766,49.356632232666016,53.686161041259766,3661483
2022-03-28,49.356632232666016,49.356632232666016,51.954349517822266,49.356632232666016,51.088443756103516,2772587
2022-03-29,50.222537994384766,50.222537994384766,54.552066802978516,49.356632232666016,54.552066802978516,1540352
2022-03-30,49.356632232666016,49.356632232666016,51.088443756103516,49.356632232666016,50.222537994384766,995720
2022-03-31,49.356632232666016,49.356632232666016,51.954349517822266,48.490726470947266,51.954349517822266,355234
2022-04-01,48.490726470947266,48.490726470947266,50.222537994384766,48.490726470947266,50.222537994384766,1326703
2022-04-04,48.490726470947266,48.490726470947266,51.954349517822266,47.624820709228516,51.954349517822266,966964
2022-04-05,50.222537994384766,50.222537994384766,51.088443756103516,49.356632232666016,49.356632232666016,2623379
2022-04-06,49.356632232666016,49.356632232666016,51.088443756103516,48.490726470947266,51.088443756103516,817987
2022-04-07,49.356632232666016,49.356632232666016,51.088443756103516,48.490726470947266,51.088443756103516,1315385
2022-04-08,49.356632232666016,49.356632232666016,51.954349517822266,48.490726470947266,51.954349517822266,1942705
2022-04-11,48.490726470947266,48.490726470947266,50.222537994384766,47.624820709228516,50.222537994384766,2175987
2022-04-12,47.624820709228516,47.624820709228516,48.490726470947266,46.758914947509766,48.490726470947266,1204057
2022-04-13,47.624820709228516,47.624820709228516,49.356632232666016,46.758914947509766,49.356632232666016,1497853
2022-04-14,49.356632232666016,49.356632232666016,53.686161041259766,46.758914947509766,48.490726470947266,20792330
2022-04-18,48.490726470947266,48.490726470947266,51.954349517822266,47.624820709228516,51.954349517822266,4471502
2022-04-19,48.490726470947266,48.490726470947266,51.954349517822266,46.758914947509766,51.954349517822266,2657794
2022-04-20,45.893009185791016,45.893009185791016,51.954349517822266,45.893009185791016,51.954349517822266,10619284
2022-04-21,44.161197662353516,44.161197662353516,45.893009185791016,43.295291900634766,45.027103424072266,24964608
2022-04-22,44.161197662353516,44.161197662353516,45.893009185791016,44.161197662353516,45.027103424072266,3514354
2022-04-25,44.161197662353516,44.161197662353516,45.893009185791016,43.295291900634766,44.161197662353516,1992018
2022-04-26,45.027103424072266,45.027103424072266,45.893009185791016,43.295291900634766,45.027103424072266,928276
2022-04-27,44.161197662353516,44.161197662353516,45.027103424072266,43.295291900634766,45.027103424072266,2163399
2022-04-28,44.161197662353516,44.161197662353516,45.027103424072266,43.295291900634766,44.161197662353516,871803
2022-05-09,44.161197662353516,44.161197662353516,45.027103424072266,43.295291900634766,44.161197662353516,1336057
2022-05-10,44.161197662353516,44.161197662353516,44.161197662353516,43.295291900634766,44.161197662353516,5269279
2022-05-11,44.161197662353516,44.161197662353516,44.161197662353516,43.295291900634766,44.161197662353516,1123101
2022-05-12,43.295291900634766,43.295291900634766,44.161197662353516,43.295291900634766,43.295291900634766,1377517
2022-05-13,43.295291900634766,43.295291900634766,44.161197662353516,43.295291900634766,44.161197662353516,1902978
2022-05-17,43.295291900634766,43.295291900634766,44.161197662353516,43.295291900634766,43.295291900634766,1514021
2022-05-18,43.295291900634766,43.295291900634766,43.295291900634766,43.295291900634766,43.295291900634766,708160
2022-05-19,43.295291900634766,43.295291900634766,43.295291900634766,43.295291900634766,43.295291900634766,863950
2022-05-20,43.295291900634766,43.295291900634766,43.295291900634766,43.295291900634766,43.295291900634766,169071
2022-05-23,43.295291900634766,43.295291900634766,44.161197662353516,43.295291900634766,43.295291900634766,903446
2022-05-24,44.161197662353516,44.161197662353516,44.161197662353516,43.295291900634766,43.295291900634766,1091920
2022-05-25,44.161197662353516,44.161197662353516,44.161197662353516,43.295291900634766,43.295291900634766,1690830
2022-05-27,44.161197662353516,44.161197662353516,44.161197662353516,43.295291900634766,44.161197662353516,3974335
2022-05-30,44.161197662353516,44.161197662353516,44.161197662353516,43.295291900634766,44.161197662353516,302804
2022-05-31,44.161197662353516,44.161197662353516,44.161197662353516,43.295291900634766,43.295291900634766,4826737
2022-06-02,43.295291900634766,43.295291900634766,44.161197662353516,43.295291900634766,44.161197662353516,3079896
2022-06-03,44.161197662353516,44.161197662353516,44.161197662353516,43.295291900634766,43.295291900634766,476957
2022-06-06,44.161197662353516,44.161197662353516,44.161197662353516,43.295291900634766,44.161197662353516,665199
2022-06-07,44.161197662353516,44.161197662353516,44.161197662353516,43.295291900634766,43.295291900634766,2335473
2022-06-08,44.161197662353516,44.161197662353516,44.161197662353516,43.295291900634766,44.161197662353516,743960
2022-06-09,43.295291900634766,43.295291900634766,44.161197662353516,43.295291900634766,43.295291900634766,630553
2022-06-10,43.295291900634766,43.295291900634766,44.161197662353516,43.295291900634766,43.295291900634766,1560100
2022-06-13,43.295291900634766,43.295291900634766,43.295291900634766,43.295291900634766,43.295291900634766,341030
2022-06-14,43.295291900634766,43.295291900634766,44.161197662353516,43.295291900634766,43.295291900634766,972045
2022-06-15,44.161197662353516,44.161197662353516,44.161197662353516,43.295291900634766,43.295291900634766,1081757
2022-06-16,43.295291900634766,43.295291900634766,44.161197662353516,43.295291900634766,44.161197662353516,1197474
2022-06-17,44.161197662353516,44.161197662353516,44.161197662353516,43.295291900634766,43.295291900634766,2760461
2022-06-20,44.161197662353516,44.161197662353516,44.161197662353516,43.295291900634766,43.295291900634766,533660
2022-06-21,44.161197662353516,44.161197662353516,44.161197662353516,43.295291900634766,44.161197662353516,842932
2022-06-22,44.161197662353516,44.161197662353516,44.161197662353516,43.295291900634766,43.295291900634766,756664
2022-06-23,44.161197662353516,44.161197662353516,44.161197662353516,43.295291900634766,44.161197662353516,413439
2022-06-24,44.161197662353516,44.161197662353516,44.161197662353516,43.295291900634766,43.295291900634766,486542
2022-06-27,44.161197662353516,44.161197662353516,44.161197662353516,43.295291900634766,43.295291900634766,635173
2022-06-28,44.161197662353516,44.161197662353516,44.161197662353516,43.295291900634766,44.161197662353516,675477
2022-06-29,44.161197662353516,44.161197662353516,44.161197662353516,43.295291900634766,43.295291900634766,827688
2022-06-30,44.161197662353516,44.161197662353516,44.161197662353516,43.295291900634766,43.295291900634766,843163
2022-07-01,44.161197662353516,44.161197662353516,44.161197662353516,43.295291900634766,44.161197662353516,534007
2022-07-04,44.161197662353516,44.161197662353516,44.161197662353516,43.295291900634766,44.161197662353516,2530413
2022-07-05,44.161197662353516,44.161197662353516,44.161197662353516,43.295291900634766,43.295291900634766,119989
2022-07-06,44.161197662353516,44.161197662353516,44.161197662353516,43.295291900634766,44.161197662353516,280284
2022-07-07,44.161197662353516,44.161197662353516,44.161197662353516,43.295291900634766,43.295291900634766,89848
2022-07-08,44.161197662353516,44.161197662353516,44.161197662353516,43.295291900634766,43.295291900634766,240788
2022-07-11,44.161197662353516,44.161197662353516,44.161197662353516,43.295291900634766,43.295291900634766,175076
2022-07-12,43.295291900634766,43.295291900634766,44.161197662353516,43.295291900634766,44.161197662353516,1339868
2022-07-13,44.161197662353516,44.161197662353516,44.161197662353516,43.295291900634766,43.295291900634766,248179
2022-07-14,44.161197662353516,44.161197662353516,44.161197662353516,43.295291900634766,44.161197662353516,240557
2022-07-15,43.295291900634766,43.295291900634766,44.161197662353516,43.295291900634766,43.295291900634766,399812
2022-07-18,44.161197662353516,44.161197662353516,44.161197662353516,43.295291900634766,43.295291900634766,1265149
2022-07-19,44.161197662353516,44.161197662353516,44.161197662353516,43.295291900634766,43.295291900634766,382258
2022-07-20,44.161197662353516,44.161197662353516,45.027103424072266,43.295291900634766,43.295291900634766,2012459
2022-07-21,44.161197662353516,44.161197662353516,45.027103424072266,43.295291900634766,44.161197662353516,227391
2022-07-22,44.161197662353516,44.161197662353516,45.027103424072266,44.161197662353516,44.161197662353516,3236148
2022-07-25,44.161197662353516,44.161197662353516,44.161197662353516,43.295291900634766,43.295291900634766,391728
2022-07-26,44.161197662353516,44.161197662353516,45.027103424072266,44.161197662353516,44.161197662353516,1761392
2022-07-27,45.027103424072266,45.027103424072266,45.027103424072266,43.295291900634766,44.161197662353516,1314461
2022-07-28,45.027103424072266,45.027103424072266,45.893009185791016,44.161197662353516,45.027103424072266,2068007
2022-07-29,44.161197662353516,44.161197662353516,45.893009185791016,44.161197662353516,45.027103424072266,301649
2022-08-01,45.027103424072266,45.027103424072266,45.027103424072266,43.295291900634766,44.161197662353516,404316
2022-08-02,45.027103424072266,45.027103424072266,45.027103424072266,43.295291900634766,45.027103424072266,731026
2022-08-03,45.027103424072266,45.027103424072266,45.027103424072266,44.161197662353516,45.027103424072266,653535
2022-08-04,45.027103424072266,45.027103424072266,45.027103424072266,43.295291900634766,44.161197662353516,986365
2022-08-05,45.027103424072266,45.027103424072266,45.027103424072266,43.295291900634766,45.027103424072266,287444
2022-08-08,44.161197662353516,44.161197662353516,45.027103424072266,43.295291900634766,44.161197662353516,4926748
2022-08-09,45.027103424072266,45.027103424072266,45.893009185791016,43.295291900634766,44.161197662353516,6049849
2022-08-10,44.161197662353516,44.161197662353516,45.027103424072266,43.295291900634766,44.161197662353516,1152434
2022-08-11,45.027103424072266,45.027103424072266,45.893009185791016,44.161197662353516,44.161197662353516,1518640
2022-08-12,44.161197662353516,44.161197662353516,45.027103424072266,44.161197662353516,45.027103424072266,374521
2022-08-15,44.161197662353516,44.161197662353516,45.027103424072266,43.295291900634766,44.161197662353516,234205
2022-08-16,45.893009185791016,45.893009185791016,45.893009185791016,44.161197662353516,45.027103424072266,2548429
2022-08-18,44.161197662353516,44.161197662353516,45.893009185791016,44.161197662353516,45.027103424072266,1423480
2022-08-19,44.161197662353516,44.161197662353516,45.027103424072266,44.161197662353516,44.161197662353516,582626
2022-08-22,45.027103424072266,45.027103424072266,45.027103424072266,44.161197662353516,44.161197662353516,1030250
2022-08-23,45.027103424072266,45.027103424072266,45.027103424072266,44.161197662353516,45.027103424072266,379140
2022-08-24,45.027103424072266,45.027103424072266,45.027103424072266,44.161197662353516,45.027103424072266,508369
2022-08-25,45.027103424072266,45.027103424072266,45.027103424072266,44.161197662353516,44.161197662353516,243098
2022-08-26,44.161197662353516,44.161197662353516,45.027103424072266,44.161197662353516,44.161197662353516,903331
2022-08-29,44.161197662353516,44.161197662353516,45.027103424072266,43.295291900634766,44.161197662353516,1640016
2022-08-30,44.161197662353516,44.161197662353516,45.027103424072266,43.295291900634766,45.027103424072266,1827334
2022-08-31,45.027103424072266,45.027103424072266,45.027103424072266,43.295291900634766,44.161197662353516,646259
2022-09-01,44.161197662353516,44.161197662353516,45.027103424072266,43.295291900634766,44.161197662353516,467949
2022-09-02,45.027103424072266,45.027103424072266,45.027103424072266,43.295291900634766,43.295291900634766,295759
2022-09-05,45.027103424072266,45.027103424072266,45.027103424072266,43.295291900634766,44.161197662353516,6485693
2022-09-06,45.027103424072266,45.027103424072266,45.027103424072266,44.161197662353516,44.161197662353516,996644
2022-09-07,45.027103424072266,45.027103424072266,45.027103424072266,44.161197662353516,45.027103424072266,31065
2022-09-08,45.027103424072266,45.027103424072266,45.027103424072266,44.161197662353516,44.161197662353516,515760
2022-09-09,45.027103424072266,45.027103424072266,45.027103424072266,44.161197662353516,45.027103424072266,24944
2022-09-12,45.893009185791016,45.893009185791016,45.893009185791016,44.161197662353516,45.027103424072266,1793266
2022-09-13,46.758914947509766,46.758914947509766,46.758914947509766,45.027103424072266,45.027103424072266,2590350
2022-09-14,47.624820709228516,47.624820709228516,48.490726470947266,45.893009185791016,47.624820709228516,4693582
2022-09-15,45.893009185791016,45.893009185791016,48.490726470947266,45.893009185791016,47.624820709228516,1613801
2022-09-16,45.027103424072266,45.027103424072266,46.758914947509766,44.161197662353516,45.027103424072266,4001127
2022-09-19,44.161197662353516,44.161197662353516,45.893009185791016,44.161197662353516,45.893009185791016,508715
2022-09-20,44.161197662353516,44.161197662353516,44.161197662353516,43.295291900634766,44.161197662353516,12057777
2022-09-21,44.161197662353516,44.161197662353516,44.161197662353516,43.295291900634766,43.295291900634766,651572
2022-09-22,48.490726470947266,48.490726470947266,48.490726470947266,43.295291900634766,43.295291900634766,6711930
2022-09-23,52.820255279541016,52.820255279541016,52.820255279541016,49.356632232666016,49.356632232666016,6770482
2022-09-26,58.015689849853516,58.015689849853516,58.015689849853516,54.552066802978516,58.015689849853516,10245571
2022-09-27,55.417972564697266,55.417972564697266,63.211124420166016,54.552066802978516,60.613407135009766,17857369
2022-09-28,53.686161041259766,53.686161041259766,55.417972564697266,51.954349517822266,55.417972564697266,6954335
2022-09-29,51.088443756103516,51.088443756103516,54.552066802978516,50.222537994384766,52.820255279541016,3160851
2022-09-30,51.954349517822266,51.954349517822266,52.820255279541016,48.490726470947266,50.222537994384766,2604093
2022-10-03,51.954349517822266,51.954349517822266,54.552066802978516,51.088443756103516,51.954349517822266,1996406
2022-10-04,51.954349517822266,51.954349517822266,54.552066802978516,50.222537994384766,51.954349517822266,1201747
2022-10-05,51.954349517822266,51.954349517822266,54.552066802978516,50.222537994384766,52.820255279541016,2050569
2022-10-06,50.222537994384766,50.222537994384766,52.820255279541016,49.356632232666016,51.954349517822266,2106695
2022-10-07,54.552066802978516,54.552066802978516,54.552066802978516,49.356632232666016,49.356632232666016,9104338
2022-10-10,51.954349517822266,51.954349517822266,58.015689849853516,51.088443756103516,54.552066802978516,16276827
2022-10-11,50.222537994384766,50.222537994384766,51.954349517822266,49.356632232666016,51.088443756103516,1843387
2022-10-12,50.222537994384766,50.222537994384766,51.088443756103516,46.758914947509766,47.624820709228516,2136144
2022-10-13,50.222537994384766,50.222537994384766,51.088443756103516,47.624820709228516,47.624820709228516,173806
2022-10-14,50.222537994384766,50.222537994384766,50.222537994384766,47.624820709228516,47.624820709228516,643949
2022-10-17,50.222537994384766,50.222537994384766,51.088443756103516,46.758914947509766,46.758914947509766,305922
2022-10-18,50.222537994384766,50.222537994384766,51.954349517822266,46.758914947509766,46.758914947509766,1085221
2022-10-19,50.222537994384766,50.222537994384766,50.222537994384766,46.758914947509766,46.758914947509766,642333
2022-10-20,50.222537994384766,50.222537994384766,50.222537994384766,46.758914947509766,46.758914947509766,672359
2022-10-21,54.552066802978516,54.552066802978516,54.552066802978516,47.624820709228516,47.624820709228516,9292003
2022-10-24,51.954349517822266,51.954349517822266,55.417972564697266,51.088443756103516,54.552066802978516,2502697
2022-10-25,52.820255279541016,52.820255279541016,54.552066802978516,51.088443756103516,51.088443756103516,318625
2022-10-26,52.820255279541016,52.820255279541016,53.686161041259766,51.088443756103516,53.686161041259766,540012
2022-10-27,51.088443756103516,51.088443756103516,52.820255279541016,51.088443756103516,52.820255279541016,886701
2022-10-28,53.686161041259766,53.686161041259766,55.417972564697266,50.222537994384766,51.088443756103516,8166361
2022-10-31,51.954349517822266,51.954349517822266,54.552066802978516,51.088443756103516,53.686161041259766,3378542
2022-11-01,53.686161041259766,53.686161041259766,54.552066802978516,51.954349517822266,51.954349517822266,3140872
2022-11-02,50.222537994384766,50.222537994384766,53.686161041259766,50.222537994384766,51.954349517822266,8155967
2022-11-03,49.356632232666016,49.356632232666016,50.222537994384766,47.624820709228516,50.222537994384766,1348530
2022-11-04,50.222537994384766,50.222537994384766,50.222537994384766,48.490726470947266,48.490726470947266,689913
2022-11-07,51.088443756103516,51.088443756103516,51.088443756103516,47.624820709228516,47.624820709228516,406164
2022-11-08,51.088443756103516,51.088443756103516,51.954349517822266,49.356632232666016,50.222537994384766,1336519
2022-11-09,51.088443756103516,51.088443756103516,51.954349517822266,49.356632232666016,51.954349517822266,1950789
2022-11-10,51.088443756103516,51.088443756103516,51.088443756103516,49.356632232666016,50.222537994384766,207990
2022-11-11,51.954349517822266,51.954349517822266,51.954349517822266,49.356632232666016,49.356632232666016,161911
2022-11-14,50.222537994384766,50.222537994384766,51.954349517822266,50.222537994384766,51.954349517822266,886470
2022-11-15,51.088443756103516,51.088443756103516,51.954349517822266,49.356632232666016,50.222537994384766,902176
2022-11-16,51.088443756103516,51.088443756103516,51.954349517822266,50.222537994384766,51.088443756103516,917651
2022-11-17,51.954349517822266,51.954349517822266,51.954349517822266,50.222537994384766,51.088443756103516,2237772
2022-11-18,51.954349517822266,51.954349517822266,52.820255279541016,51.088443756103516,51.954349517822266,843509
2022-11-21,51.954349517822266,51.954349517822266,52.820255279541016,51.088443756103516,51.954349517822266,580086
2022-11-22,51.954349517822266,51.954349517822266,51.954349517822266,50.222537994384766,51.088443756103516,314468
2022-11-23,51.954349517822266,51.954349517822266,53.686161041259766,51.088443756103516,51.954349517822266,1772132
2022-11-24,51.954349517822266,51.954349517822266,52.820255279541016,51.088443756103516,52.820255279541016,447854
2022-11-25,52.820255279541016,52.820255279541016,54.552066802978516,51.088443756103516,51.954349517822266,1707575
2022-11-28,51.954349517822266,51.954349517822266,52.820255279541016,51.954349517822266,52.820255279541016,3320107
2022-11-29,51.088443756103516,51.088443756103516,53.686161041259766,51.088443756103516,51.954349517822266,7437067
2022-11-30,52.820255279541016,52.820255279541016,52.820255279541016,51.088443756103516,51.088443756103516,338720
2022-12-01,51.954349517822266,51.954349517822266,52.820255279541016,51.088443756103516,51.954349517822266,645566
2022-12-02,52.820255279541016,52.820255279541016,53.686161041259766,50.222537994384766,50.222537994384766,2794876
2022-12-05,53.686161041259766,53.686161041259766,54.552066802978516,51.954349517822266,52.820255279541016,1008654
2022-12-06,51.954349517822266,51.954349517822266,53.686161041259766,51.088443756103516,51.088443756103516,970659
2022-12-07,51.088443756103516,51.088443756103516,52.820255279541016,49.356632232666016,49.356632232666016,1604216
2022-12-08,52.820255279541016,52.820255279541016,53.686161041259766,51.954349517822266,51.954349517822266,1239164
2022-12-09,52.820255279541016,52.820255279541016,52.820255279541016,51.088443756103516,51.954349517822266,260189
2022-12-12,52.820255279541016,52.820255279541016,53.686161041259766,51.088443756103516,51.088443756103516,1078523
2022-12-13,51.954349517822266,51.954349517822266,53.686161041259766,51.088443756103516,52.820255279541016,299224
2022-12-14,51.954349517822266,51.954349517822266,53.686161041259766,51.088443756103516,51.954349517822266,426605
2022-12-15,52.820255279541016,52.820255279541016,52.820255279541016,51.088443756103516,51.954349517822266,795467
2022-12-16,51.954349517822266,51.954349517822266,52.820255279541016,51.088443756103516,52.820255279541016,127612
2022-12-19,53.686161041259766,53.686161041259766,53.686161041259766,51.088443756103516,51.954349517822266,554101
2022-12-20,51.954349517822266,51.954349517822266,53.686161041259766,51.088443756103516,53.686161041259766,1432372
2022-12-21,53.686161041259766,53.686161041259766,53.686161041259766,51.088443756103516,51.954349517822266,1048959
2022-12-22,53.686161041259766,53.686161041259766,53.686161041259766,51.954349517822266,53.686161041259766,210992
2022-12-23,53.686161041259766,53.686161041259766,53.686161041259766,51.954349517822266,53.686161041259766,505482
2022-12-26,52.820255279541016,52.820255279541016,54.552066802978516,51.954349517822266,53.686161041259766,62477
2022-12-27,54.552066802978516,54.552066802978516,54.552066802978516,51.954349517822266,52.820255279541016,1986936
2022-12-28,52.820255279541016,52.820255279541016,54.552066802978516,51.954349517822266,54.552066802978516,4427155
2022-12-29,52.820255279541016,52.820255279541016,52.820255279541016,50.222537994384766,51.954349517822266,817640
2022-12-30,57.149784088134766,57.149784088134766,57.149784088134766,51.088443756103516,52.820255279541016,4068225
2023-01-02,54.552066802978516,54.552066802978516,56.283878326416016,53.686161041259766,56.283878326416016,837504
2023-01-03,51.954349517822266,51.954349517822266,54.552066802978516,51.954349517822266,54.552066802978516,630322
2023-01-04,52.820255279541016,52.820255279541016,53.686161041259766,51.088443756103516,51.954349517822266,1005652
2023-01-05,51.088443756103516,51.088443756103516,51.954349517822266,50.222537994384766,51.088443756103516,352809
2023-01-06,51.954349517822266,51.954349517822266,51.954349517822266,49.356632232666016,51.088443756103516,655267
2023-01-09,49.356632232666016,49.356632232666016,54.552066802978516,48.490726470947266,51.088443756103516,2181068
2023-01-10,46.758914947509766,46.758914947509766,50.222537994384766,46.758914947509766,50.222537994384766,1776290
2023-01-11,49.356632232666016,49.356632232666016,51.088443756103516,45.893009185791016,46.758914947509766,3489986
2023-01-12,50.222537994384766,50.222537994384766,50.222537994384766,47.624820709228516,48.490726470947266,239517
2023-01-13,51.954349517822266,51.954349517822266,51.954349517822266,48.490726470947266,48.490726470947266,652957
2023-01-16,51.954349517822266,51.954349517822266,52.820255279541016,49.356632232666016,51.088443756103516,792811
2023-01-17,51.088443756103516,51.088443756103516,51.954349517822266,50.222537994384766,51.954349517822266,424988
2023-01-18,51.954349517822266,51.954349517822266,51.954349517822266,48.490726470947266,50.222537994384766,1521297
2023-01-19,51.954349517822266,51.954349517822266,51.954349517822266,50.222537994384766,51.954349517822266,364704
2023-01-20,51.954349517822266,51.954349517822266,52.820255279541016,51.088443756103516,51.088443756103516,740611
2023-01-24,51.088443756103516,51.088443756103516,51.954349517822266,51.088443756103516,51.088443756103516,774911
2023-01-25,51.954349517822266,51.954349517822266,52.820255279541016,50.222537994384766,50.222537994384766,449817
2023-01-26,52.820255279541016,52.820255279541016,52.820255279541016,51.088443756103516,51.954349517822266,3791982
2023-01-27,52.820255279541016,52.820255279541016,53.686161041259766,51.954349517822266,51.954349517822266,523151
2023-01-30,51.954349517822266,51.954349517822266,52.820255279541016,51.088443756103516,52.820255279541016,589902
2023-01-31,52.820255279541016,52.820255279541016,52.820255279541016,51.088443756103516,51.954349517822266,176116
2023-02-01,52.820255279541016,52.820255279541016,53.686161041259766,51.954349517822266,52.820255279541016,593367
2023-02-02,52.820255279541016,52.820255279541016,52.820255279541016,51.088443756103516,51.954349517822266,2265373
2023-02-03,51.954349517822266,51.954349517822266,52.820255279541016,51.088443756103516,52.820255279541016,294720
2023-02-06,52.820255279541016,52.820255279541016,52.820255279541016,51.088443756103516,51.954349517822266,526962
2023-02-07,49.356632232666016,49.356632232666016,52.820255279541016,49.356632232666016,52.820255279541016,1623155
2023-02-08,46.758914947509766,46.758914947509766,48.490726470947266,46.758914947509766,46.758914947509766,14473629
2023-02-09,44.161197662353516,44.161197662353516,48.490726470947266,44.161197662353516,44.161197662353516,8636158
2023-02-10,43.295291900634766,43.295291900634766,43.295291900634766,43.295291900634766,43.295291900634766,11654847
2023-02-13,43.295291900634766,43.295291900634766,44.161197662353516,43.295291900634766,43.295291900634766,874229
2023-02-14,46.758914947509766,46.758914947509766,46.758914947509766,43.295291900634766,43.295291900634766,2372428
2023-02-15,46.758914947509766,46.758914947509766,47.624820709228516,45.027103424072266,46.758914947509766,1186503
2023-02-16,47.624820709228516,47.624820709228516,47.624820709228516,45.893009185791016,46.758914947509766,1468173
2023-02-17,47.624820709228516,47.624820709228516,47.624820709228516,46.758914947509766,46.758914947509766,856559
2023-02-20,46.758914947509766,46.758914947509766,48.490726470947266,45.893009185791016,47.624820709228516,1828143
2023-02-21,51.088443756103516,51.088443756103516,51.088443756103516,46.758914947509766,46.758914947509766,3305093
2023-02-22,55.417972564697266,55.417972564697266,55.417972564697266,51.954349517822266,55.417972564697266,10749436
2023-02-23,60.613407135009766,60.613407135009766,60.613407135009766,57.149784088134766,60.613407135009766,11993452
2023-02-24,58.881595611572266,58.881595611572266,66.67475128173828,57.149784088134766,64.0770263671875,32591996
2023-02-27,57.149784088134766,57.149784088134766,60.613407135009766,55.417972564697266,58.881595611572266,4681340
2023-02-28,53.686161041259766,53.686161041259766,57.149784088134766,53.686161041259766,53.686161041259766,4666673
2023-03-01,52.820255279541016,52.820255279541016,54.552066802978516,50.222537994384766,50.222537994384766,4587219
2023-03-02,51.954349517822266,51.954349517822266,52.820255279541016,49.356632232666016,49.356632232666016,1042145
2023-03-03,52.820255279541016,52.820255279541016,52.820255279541016,50.222537994384766,51.088443756103516,648338
2023-03-06,57.149784088134766,57.149784088134766,58.015689849853516,51.088443756103516,51.088443756103516,14614637
2023-03-07,62.345218658447266,62.345218658447266,62.345218658447266,54.552066802978516,54.552066802978516,11040346
2023-03-08,67.54065704345703,67.54065704345703,68.40656280517578,58.015689849853516,62.345218658447266,28182279
2023-03-09,67.54065704345703,67.54065704345703,71.00428009033203,65.80884552001953,68.40656280517578,18162021
2023-03-10,69.27246856689453,69.27246856689453,71.00428009033203,67.54065704345703,67.54065704345703,6586166
2023-03-13,71.00428009033203,71.00428009033203,74.46790313720703,67.54065704345703,68.40656280517578,7397686
2023-03-14,67.54065704345703,67.54065704345703,71.00428009033203,66.67475128173828,66.67475128173828,4892448
2023-03-15,63.211124420166016,63.211124420166016,69.27246856689453,63.211124420166016,64.0770263671875,18279586
2023-03-16,60.613407135009766,60.613407135009766,62.345218658447266,58.881595611572266,61.479312896728516,3209240
2023-03-17,57.149784088134766,57.149784088134766,61.479312896728516,57.149784088134766,61.479312896728516,3267907
2023-03-20,53.686161041259766,53.686161041259766,58.881595611572266,53.686161041259766,57.149784088134766,24105623
2023-03-21,52.820255279541016,52.820255279541016,58.881595611572266,50.222537994384766,50.222537994384766,29190125
2023-03-24,58.015689849853516,58.015689849853516,58.015689849853516,50.222537994384766,50.222537994384766,2068816
2023-03-27,61.479312896728516,61.479312896728516,62.345218658447266,58.881595611572266,59.747501373291016,3901001
2023-03-28,60.613407135009766,60.613407135009766,61.479312896728516,58.015689849853516,58.015689849853516,1889235
2023-03-29,66.67475128173828,66.67475128173828,66.67475128173828,59.747501373291016,60.613407135009766,9291657
2023-03-30,71.00428009033203,71.00428009033203,72.73609161376953,66.67475128173828,66.67475128173828,13065970
2023-03-31,73.60199737548828,73.60199737548828,75.33380889892578,67.54065704345703,71.00428009033203,6084841
2023-04-03,73.60199737548828,73.60199737548828,78.79743194580078,71.87018585205078,73.60199737548828,8021195
2023-04-04,71.00428009033203,71.00428009033203,72.73609161376953,70.13837432861328,72.73609161376953,3719226
2023-04-05,77.93152618408203,77.93152618408203,77.93152618408203,67.54065704345703,71.00428009033203,21950539
2023-04-06,77.93152618408203,77.93152618408203,83.12696075439453,74.46790313720703,77.93152618408203,10621131
2023-04-10,77.93152618408203,77.93152618408203,81.39514923095703,76.19971466064453,77.93152618408203,5344230
2023-04-11,73.60199737548828,73.60199737548828,77.93152618408203,72.73609161376953,77.93152618408203,5489857
2023-04-12,72.73609161376953,72.73609161376953,74.46790313720703,70.13837432861328,72.73609161376953,1057736
2023-04-13,69.27246856689453,69.27246856689453,73.60199737548828,68.40656280517578,72.73609161376953,2400838
2023-04-14,76.19971466064453,76.19971466064453,76.19971466064453,68.40656280517578,69.27246856689453,15938222
2023-04-17,83.12696075439453,83.12696075439453,83.12696075439453,77.06562042236328,77.06562042236328,40484656
2023-04-18,77.93152618408203,77.93152618408203,85.72467803955078,77.93152618408203,83.99286651611328,11531392
2023-04-26,73.60199737548828,73.60199737548828,79.66333770751953,72.73609161376953,78.79743194580078,6443541
2023-04-27,72.73609161376953,72.73609161376953,78.79743194580078,71.87018585205078,72.73609161376953,6537085
2023-04-28,71.87018585205078,71.87018585205078,75.33380889892578,71.00428009033203,73.60199737548828,3599814
2023-05-02,71.87018585205078,71.87018585205078,73.60199737548828,69.27246856689453,71.87018585205078,5293416
2023-05-03,71.00428009033203,71.00428009033203,73.60199737548828,70.13837432861328,71.00428009033203,2730666
2023-05-04,71.00428009033203,71.00428009033203,71.87018585205078,69.27246856689453,70.13837432861328,1539197
2023-05-05,67.54065704345703,67.54065704345703,71.87018585205078,67.54065704345703,71.87018585205078,2866362
2023-05-08,64.0770263671875,64.0770263671875,71.87018585205078,64.0770263671875,67.54065704345703,3152074
2023-05-09,63.211124420166016,63.211124420166016,64.94293975830078,62.345218658447266,64.0770263671875,3331771
2023-05-10,61.479312896728516,61.479312896728516,64.0770263671875,61.479312896728516,64.0770263671875,1881959
2023-05-11,58.015689849853516,58.015689849853516,61.479312896728516,58.015689849853516,58.015689849853516,11595602
2023-05-12,54.552066802978516,54.552066802978516,58.015689849853516,54.552066802978516,54.552066802978516,8518247
2023-05-15,53.686161041259766,53.686161041259766,55.417972564697266,51.088443756103516,51.088443756103516,15427543
2023-05-16,53.686161041259766,53.686161041259766,58.015689849853516,52.820255279541016,53.686161041259766,9630031
2023-05-17,53.686161041259766,53.686161041259766,54.552066802978516,51.088443756103516,53.686161041259766,6282207
2023-05-19,52.820255279541016,52.820255279541016,53.686161041259766,52.820255279541016,53.686161041259766,787845
2023-05-22,52.820255279541016,52.820255279541016,53.686161041259766,51.954349517822266,53.686161041259766,1489076
2023-05-23,51.954349517822266,51.954349517822266,53.686161041259766,51.954349517822266,52.820255279541016,8116933
2023-05-24,51.954349517822266,51.954349517822266,53.686161041259766,51.954349517822266,52.820255279541016,1237894
2023-05-25,52.820255279541016,52.820255279541016,52.820255279541016,51.954349517822266,51.954349517822266,1721203
2023-05-26,51.954349517822266,51.954349517822266,53.686161041259766,51.954349517822266,52.820255279541016,2187189
2023-05-29,54.552066802978516,54.552066802978516,54.552066802978516,51.954349517822266,52.820255279541016,4396552
2023-05-30,56.283878326416016,56.283878326416016,57.149784088134766,52.820255279541016,54.552066802978516,3611940
2023-05-31,52.820255279541016,52.820255279541016,57.149784088134766,52.820255279541016,56.283878326416016,4503145
2023-06-05,52.820255279541016,52.820255279541016,55.417972564697266,52.820255279541016,53.686161041259766,1947786
2023-06-06,57.149784088134766,57.149784088134766,57.149784088134766,52.820255279541016,53.686161041259766,2815779
2023-06-07,58.881595611572266,58.881595611572266,59.747501373291016,55.417972564697266,57.149784088134766,4402095
2023-06-08,61.479312896728516,61.479312896728516,61.479312896728516,58.015689849853516,60.613407135009766,2721427
2023-06-09,65.80884552001953,65.80884552001953,65.80884552001953,60.613407135009766,61.479312896728516,3502690
2023-06-12,61.479312896728516,61.479312896728516,65.80884552001953,60.613407135009766,65.80884552001953,1739796
2023-06-13,63.211124420166016,63.211124420166016,65.80884552001953,60.613407135009766,60.613407135009766,467487
2023-06-14,60.613407135009766,60.613407135009766,63.211124420166016,59.747501373291016,63.211124420166016,1063741
2023-06-15,61.479312896728516,61.479312896728516,61.479312896728516,58.881595611572266,60.613407135009766,872958
2023-06-16,62.345218658447266,62.345218658447266,62.345218658447266,58.881595611572266,61.479312896728516,1003804
2023-06-19,64.0770263671875,64.0770263671875,64.0770263671875,60.613407135009766,61.479312896728516,1834264
2023-06-20,64.94293975830078,64.94293975830078,65.80884552001953,63.211124420166016,64.0770263671875,3200001
2023-06-21,68.40656280517578,68.40656280517578,68.40656280517578,64.94293975830078,65.80884552001953,9816656
2023-06-22,67.54065704345703,67.54065704345703,70.13837432861328,66.67475128173828,67.54065704345703,6231509
2023-06-23,69.27246856689453,69.27246856689453,70.13837432861328,67.54065704345703,67.54065704345703,1765434
2023-06-26,68.40656280517578,68.40656280517578,70.13837432861328,67.54065704345703,68.40656280517578,1919261
2023-06-27,68.40656280517578,68.40656280517578,68.40656280517578,63.211124420166016,66.67475128173828,3112001
2023-07-03,64.0770263671875,64.0770263671875,69.27246856689453,62.345218658447266,67.54065704345703,7791840
2023-07-04,65.80884552001953,65.80884552001953,66.67475128173828,59.747501373291016,59.747501373291016,1411007
2023-07-05,65.80884552001953,65.80884552001953,66.67475128173828,61.479312896728516,61.479312896728516,812905
2023-07-06,65.80884552001953,65.80884552001953,66.67475128173828,62.345218658447266,62.345218658447266,1863251
2023-07-07,67.54065704345703,67.54065704345703,67.54065704345703,63.211124420166016,63.211124420166016,1703995
2023-07-10,73.60199737548828,73.60199737548828,73.60199737548828,67.54065704345703,67.54065704345703,9904887
2023-07-11,73.60199737548828,73.60199737548828,77.93152618408203,71.00428009033203,77.93152618408203,14084326
2023-07-12,73.60199737548828,73.60199737548828,75.33380889892578,71.00428009033203,71.00428009033203,2219871
2023-07-13,71.00428009033203,71.00428009033203,73.60199737548828,68.40656280517578,73.60199737548828,2904010
2023-07-14,71.87018585205078,71.87018585205078,74.46790313720703,70.13837432861328,71.00428009033203,1325432
2023-07-17,72.73609161376953,72.73609161376953,75.33380889892578,71.00428009033203,71.87018585205078,1269999
2023-07-18,73.60199737548828,73.60199737548828,73.60199737548828,71.00428009033203,72.73609161376953,1761854
2023-07-20,73.60199737548828,73.60199737548828,74.46790313720703,71.00428009033203,74.46790313720703,2188575
2023-07-21,73.60199737548828,73.60199737548828,74.46790313720703,71.87018585205078,72.73609161376953,680328
2023-07-24,76.19971466064453,76.19971466064453,77.06562042236328,72.73609161376953,73.60199737548828,2737480
2023-07-25,75.33380889892578,75.33380889892578,77.06562042236328,74.46790313720703,76.19971466064453,2687128
2023-07-26,82.26105499267578,82.26105499267578,82.26105499267578,73.60199737548828,74.46790313720703,19600976
2023-07-27,90.05420684814453,90.05420684814453,90.05420684814453,83.12696075439453,83.99286651611328,17394501
2023-07-28,87.45648956298828,87.45648956298828,96.98145294189453,85.72467803955078,91.78601837158203,20412035
2023-07-31,96.11554718017578,96.11554718017578,96.11554718017578,86.59058380126953,86.59058380126953,29816290
2023-08-01,101.31098175048828,101.31098175048828,103.90869903564453,96.11554718017578,99.57917022705078,13039062
2023-08-02,104.77460479736328,104.77460479736328,106.50641632080078,96.98145294189453,102.17688751220703,17848014
2023-08-03,94.38373565673828,94.38373565673828,107.37232208251953,94.38373565673828,105.64051055908203,24573111
2023-08-04,86.59058380126953,86.59058380126953,94.38373565673828,86.59058380126953,90.05420684814453,21958854
2023-08-07,95.24964141845703,95.24964141845703,95.24964141845703,83.99286651611328,86.59058380126953,7729708
2023-08-08,96.98145294189453,96.98145294189453,101.31098175048828,95.24964141845703,98.71326446533203,9822084
2023-08-09,99.57917022705078,99.57917022705078,108.23822784423828,95.24964141845703,96.98145294189453,34269893
2023-08-10,103.04279327392578,103.04279327392578,105.64051055908203,99.57917022705078,101.31098175048828,13180186
2023-08-11,102.17688751220703,102.17688751220703,104.77460479736328,96.98145294189453,103.04279327392578,5261542
2023-08-14,98.71326446533203,98.71326446533203,102.17688751220703,96.98145294189453,102.17688751220703,1757696
2023-08-15,99.57917022705078,99.57917022705078,101.31098175048828,95.24964141845703,101.31098175048828,3008872
2023-08-16,101.31098175048828,101.31098175048828,101.31098175048828,96.98145294189453,99.57917022705078,2123441
2023-08-18,101.31098175048828,101.31098175048828,101.31098175048828,98.71326446533203,101.31098175048828,2852042
2023-08-21,100.44507598876953,100.44507598876953,104.77460479736328,99.57917022705078,101.31098175048828,5485700
2023-08-22,101.31098175048828,101.31098175048828,104.77460479736328,100.44507598876953,100.44507598876953,3778701
2023-08-23,102.17688751220703,102.17688751220703,103.90869903564453,99.57917022705078,102.17688751220703,1530766
2023-08-24,103.04279327392578,103.04279327392578,103.90869903564453,99.57917022705078,102.17688751220703,4463880
2023-08-25,109.97003936767578,109.97003936767578,111.70185089111328,103.04279327392578,103.04279327392578,42233114
2023-08-28,104.77460479736328,104.77460479736328,112.56775665283203,103.90869903564453,111.70185089111328,19131526
2023-08-29,106.50641632080078,106.50641632080078,108.23822784423828,103.90869903564453,104.77460479736328,13209750
2023-08-30,105.64051055908203,105.64051055908203,109.10413360595703,103.90869903564453,106.50641632080078,8367653
2023-08-31,104.77460479736328,104.77460479736328,107.37232208251953,103.90869903564453,106.50641632080078,11131118
2023-09-01,106.50641632080078,106.50641632080078,107.37232208251953,104.77460479736328,105.64051055908203,3875363
2023-09-04,107.37232208251953,107.37232208251953,109.97003936767578,106.50641632080078,106.50641632080078,4744164
2023-09-05,110.83594512939453,110.83594512939453,112.56775665283203,107.37232208251953,107.37232208251953,9240727
2023-09-06,108.23822784423828,108.23822784423828,112.56775665283203,108.23822784423828,110.83594512939453,6102973
2023-09-07,106.50641632080078,106.50641632080078,109.10413360595703,75.33380889892578,108.23822784423828,19700987
2023-09-08,106.50641632080078,106.50641632080078,109.97003936767578,104.77460479736328,107.37232208251953,4014177
2023-09-11,109.10413360595703,109.10413360595703,113.43366241455078,106.50641632080078,108.23822784423828,5356356
2023-09-12,108.23822784423828,108.23822784423828,110.83594512939453,107.37232208251953,109.97003936767578,2628923
2023-09-13,108.23822784423828,108.23822784423828,109.10413360595703,104.77460479736328,108.23822784423828,2236963
2023-09-14,110.83594512939453,110.83594512939453,113.43366241455078,108.23822784423828,108.23822784423828,7231040
2023-09-15,109.10413360595703,109.10413360595703,111.70185089111328,109.10413360595703,110.83594512939453,1078061
2023-09-18,110.83594512939453,110.83594512939453,114.29956817626953,108.23822784423828,109.97003936767578,4051941
2023-09-19,109.97003936767578,109.97003936767578,112.56775665283203,109.10413360595703,112.56775665283203,3435131
2023-09-20,112.56775665283203,112.56775665283203,113.43366241455078,109.97003936767578,110.83594512939453,5611811
2023-09-21,109.97003936767578,109.97003936767578,112.56775665283203,109.10413360595703,112.56775665283203,7138420
2023-09-22,109.97003936767578,109.97003936767578,112.56775665283203,108.23822784423828,109.97003936767578,7495849
2023-09-25,109.97003936767578,109.97003936767578,110.83594512939453,109.10413360595703,110.83594512939453,2945701
2023-09-26,109.10413360595703,109.10413360595703,111.70185089111328,109.10413360595703,109.97003936767578,8211863
2023-09-27,110.83594512939453,110.83594512939453,111.70185089111328,109.10413360595703,109.10413360595703,1767859
2023-09-29,110.83594512939453,110.83594512939453,111.70185089111328,109.97003936767578,110.83594512939453,522112
2023-10-02,112.56775665283203,112.56775665283203,115.16547393798828,109.97003936767578,109.97003936767578,8192230
2023-10-03,111.70185089111328,111.70185089111328,114.29956817626953,110.83594512939453,112.56775665283203,1171951
2023-10-04,110.83594512939453,110.83594512939453,111.70185089111328,110.83594512939453,111.70185089111328,3412380
2023-10-05,111.70185089111328,111.70185089111328,112.56775665283203,110.83594512939453,111.70185089111328,517146
2023-10-06,118.62909698486328,118.62909698486328,137.6790313720703,111.70185089111328,111.70185089111328,21608585
2023-10-09,116.03137969970703,116.03137969970703,122.09272003173828,111.70185089111328,111.70185089111328,4921897
2023-10-10,116.03137969970703,116.03137969970703,121.22681427001953,110.83594512939453,110.83594512939453,2842687
2023-10-11,113.43366241455078,113.43366241455078,117.76319122314453,111.70185089111328,111.70185089111328,2195504
2023-10-12,114.29956817626953,114.29956817626953,114.29956817626953,110.83594512939453,110.83594512939453,779299
2023-10-13,111.70185089111328,111.70185089111328,115.16547393798828,103.90869903564453,108.23822784423828,3572674
2023-10-16,111.70185089111328,111.70185089111328,113.43366241455078,105.64051055908203,105.64051055908203,1197820
2023-10-17,112.56775665283203,112.56775665283203,115.16547393798828,106.50641632080078,106.50641632080078,2176333
2023-10-18,111.70185089111328,111.70185089111328,114.29956817626953,105.64051055908203,105.64051055908203,3621871
2023-10-19,113.43366241455078,113.43366241455078,126.42224884033203,106.50641632080078,106.50641632080078,5999959
2023-10-20,111.70185089111328,111.70185089111328,115.16547393798828,111.70185089111328,113.43366241455078,1409622
2023-10-23,115.16547393798828,115.16547393798828,117.76319122314453,112.56775665283203,112.56775665283203,2184533
2023-10-24,113.43366241455078,113.43366241455078,116.03137969970703,112.56775665283203,115.16547393798828,612768
2023-10-25,116.03137969970703,116.03137969970703,129.0199737548828,113.43366241455078,116.03137969970703,7443303
2023-10-26,117.76319122314453,117.76319122314453,126.42224884033203,117.76319122314453,119.49500274658203,2557668
2023-10-27,117.76319122314453,117.76319122314453,122.09272003173828,116.03137969970703,116.89728546142578,1431564
2023-10-30,117.76319122314453,117.76319122314453,122.95862579345703,112.56775665283203,112.56775665283203,634711
2023-10-31,117.76319122314453,117.76319122314453,124.69043731689453,110.83594512939453,110.83594512939453,4279911
2023-11-01,117.76319122314453,117.76319122314453,118.62909698486328,116.03137969970703,117.76319122314453,1699838
2023-11-02,118.62909698486328,118.62909698486328,119.49500274658203,112.56775665283203,112.56775665283203,213533
2023-11-03,120.36090850830078,120.36090850830078,125.55634307861328,113.43366241455078,113.43366241455078,3061187
2023-11-06,122.09272003173828,122.09272003173828,126.42224884033203,120.36090850830078,120.36090850830078,2817858
2023-11-07,122.95862579345703,122.95862579345703,127.28815460205078,118.62909698486328,124.69043731689453,1954600
2023-11-08,123.82453155517578,123.82453155517578,127.28815460205078,121.22681427001953,122.95862579345703,2246087
2023-11-09,122.95862579345703,122.95862579345703,127.28815460205078,122.95862579345703,126.42224884033203,260767
2023-11-10,122.09272003173828,122.09272003173828,127.28815460205078,122.09272003173828,124.69043731689453,982439
2023-11-13,122.09272003173828,122.09272003173828,122.95862579345703,119.49500274658203,122.09272003173828,802627
2023-11-14,129.88587951660156,129.88587951660156,134.2154083251953,122.09272003173828,122.09272003173828,8425165
2023-11-15,134.2154083251953,134.2154083251953,135.08131408691406,129.88587951660156,129.88587951660156,4409486
2023-11-16,133.34950256347656,133.34950256347656,136.81312561035156,133.34950256347656,134.2154083251953,1586315
2023-11-17,146.3380889892578,146.3380889892578,147.20399475097656,132.4835968017578,133.34950256347656,6478880
2023-11-20,151.5335235595703,151.5335235595703,154.13124084472656,144.6062774658203,146.3380889892578,10426999
2023-11-21,204.35377502441406,204.35377502441406,204.35377502441406,151.5335235595703,153.2653350830078,92702459
2023-11-22,207.81739807128906,207.81739807128906,244.18544006347656,206.08558654785156,221.67189025878906,81539583
2023-11-23,209.54920959472656,209.54920959472656,218.20826721191406,173.18116760253906,207.81739807128906,34891323
2023-11-24,213.01283264160156,213.01283264160156,219.94007873535156,190.49928283691406,213.01283264160156,16297961
2023-11-27,207.81739807128906,207.81739807128906,237.25819396972656,207.81739807128906,213.01283264160156,24449541
2023-11-28,214.74464416503906,214.74464416503906,228.59913635253906,202.62196350097656,207.81739807128906,16053246
2023-11-29,219.94007873535156,219.94007873535156,221.67189025878906,211.28102111816406,216.47645568847656,6436958
2023-11-30,216.47645568847656,216.47645568847656,226.86732482910156,183.57203674316406,219.94007873535156,33566583
2023-12-01,216.47645568847656,216.47645568847656,223.40370178222656,207.81739807128906,216.47645568847656,6113020
2023-12-04,228.59913635253906,228.59913635253906,233.79457092285156,216.47645568847656,216.47645568847656,15986265
2023-12-05,226.86732482910156,226.86732482910156,232.06275939941406,221.67189025878906,230.33094787597656,24523221
2023-12-06,219.94007873535156,219.94007873535156,251.11268615722656,216.47645568847656,225.13551330566406,21060604
2023-12-07,204.35377502441406,204.35377502441406,223.40370178222656,204.35377502441406,219.94007873535156,21782507
2023-12-08,207.81739807128906,207.81739807128906,211.28102111816406,187.03565979003906,202.62196350097656,12461863
2023-12-11,218.20826721191406,218.20826721191406,221.67189025878906,206.08558654785156,209.54920959472656,7865405
2023-12-12,219.94007873535156,219.94007873535156,221.67189025878906,207.81739807128906,218.20826721191406,5859875
2023-12-13,214.74464416503906,214.74464416503906,221.67189025878906,213.01283264160156,218.20826721191406,2973995
2023-12-14,213.01283264160156,213.01283264160156,216.47645568847656,209.54920959472656,214.74464416503906,3248852
2023-12-15,214.74464416503906,214.74464416503906,218.20826721191406,211.28102111816406,213.01283264160156,2891422
2023-12-18,213.01283264160156,213.01283264160156,219.94007873535156,207.81739807128906,214.74464416503906,4026996
2023-12-19,204.35377502441406,204.35377502441406,216.47645568847656,204.35377502441406,213.01283264160156,2869249
2023-12-20,209.54920959472656,209.54920959472656,214.74464416503906,199.15834045410156,204.35377502441406,2562172
2023-12-21,209.54920959472656,209.54920959472656,218.20826721191406,206.08558654785156,209.54920959472656,963153
2023-12-22,207.81739807128906,207.81739807128906,213.01283264160156,206.08558654785156,207.81739807128906,758973
2023-12-27,207.81739807128906,207.81739807128906,211.28102111816406,202.62196350097656,207.81739807128906,1028749
2023-12-28,221.67189025878906,221.67189025878906,221.67189025878906,206.08558654785156,206.08558654785156,3905505
2023-12-29,214.74464416503906,214.74464416503906,225.13551330566406,214.74464416503906,221.67189025878906,1771093
2024-01-02,214.74464416503906,214.74464416503906,219.94007873535156,214.74464416503906,214.74464416503906,391266
2024-01-03,214.74464416503906,214.74464416503906,219.94007873535156,213.01283264160156,214.74464416503906,1000224
2024-01-04,209.54920959472656,209.54920959472656,218.20826721191406,180.10841369628906,214.74464416503906,15631607
2024-01-05,211.28102111816406,211.28102111816406,225.13551330566406,200.89015197753906,207.81739807128906,4454987
2024-01-08,207.81739807128906,207.81739807128906,218.20826721191406,207.81739807128906,211.28102111816406,2525216
2024-01-09,207.81739807128906,207.81739807128906,216.47645568847656,204.35377502441406,206.08558654785156,4078272
2024-01-10,207.81739807128906,207.81739807128906,209.54920959472656,204.35377502441406,207.81739807128906,1137537
2024-01-11,199.15834045410156,199.15834045410156,207.81739807128906,195.69471740722656,204.35377502441406,2921102
2024-01-12,197.42652893066406,197.42652893066406,204.35377502441406,193.96290588378906,199.15834045410156,4362830
2024-01-15,197.42652893066406,197.42652893066406,199.15834045410156,195.69471740722656,199.15834045410156,1329590
2024-01-16,193.96290588378906,193.96290588378906,200.89015197753906,181.84022521972656,181.84022521972656,1778484
2024-01-17,192.23109436035156,192.23109436035156,197.42652893066406,180.10841369628906,180.10841369628906,1342524
2024-01-18,195.69471740722656,195.69471740722656,197.42652893066406,178.37660217285156,178.37660217285156,802050
2024-01-19,193.96290588378906,193.96290588378906,199.15834045410156,180.10841369628906,180.10841369628906,1045725
2024-01-22,193.96290588378906,193.96290588378906,199.15834045410156,183.57203674316406,183.57203674316406,931972
2024-01-23,193.96290588378906,193.96290588378906,197.42652893066406,181.84022521972656,181.84022521972656,1264918
2024-01-24,192.23109436035156,192.23109436035156,193.96290588378906,181.84022521972656,181.84022521972656,924234
2024-01-25,192.23109436035156,192.23109436035156,195.69471740722656,181.84022521972656,181.84022521972656,172305
2024-01-26,195.69471740722656,195.69471740722656,200.89015197753906,181.84022521972656,181.84022521972656,1632048
2024-01-29,202.62196350097656,202.62196350097656,207.81739807128906,190.49928283691406,190.49928283691406,1006345
2024-01-30,206.08558654785156,206.08558654785156,207.81739807128906,190.49928283691406,190.49928283691406,1323585
2024-01-31,214.74464416503906,214.74464416503906,214.74464416503906,193.96290588378906,193.96290588378906,4251386
2024-02-01,206.08558654785156,206.08558654785156,219.94007873535156,197.42652893066406,197.42652893066406,1318965
2024-02-02,207.81739807128906,207.81739807128906,216.47645568847656,192.23109436035156,192.23109436035156,2408691
2024-02-05,213.01283264160156,213.01283264160156,219.94007873535156,206.08558654785156,206.08558654785156,2385132
2024-02-06,207.81739807128906,207.81739807128906,214.74464416503906,207.81739807128906,211.28102111816406,456978
2024-02-07,209.54920959472656,209.54920959472656,216.47645568847656,206.08558654785156,206.08558654785156,922040
2024-02-12,207.81739807128906,207.81739807128906,218.20826721191406,207.81739807128906,209.54920959472656,675362
2024-02-13,209.54920959472656,209.54920959472656,211.28102111816406,204.35377502441406,207.81739807128906,881851
2024-02-15,216.47645568847656,216.47645568847656,216.47645568847656,209.54920959472656,211.28102111816406,2464124
2024-02-16,216.47645568847656,216.47645568847656,218.20826721191406,213.01283264160156,216.47645568847656,1446693
2024-02-19,213.01283264160156,213.01283264160156,218.20826721191406,211.28102111816406,216.47645568847656,847320
2024-02-20,213.01283264160156,213.01283264160156,216.47645568847656,211.28102111816406,213.01283264160156,905987
2024-02-21,211.28102111816406,211.28102111816406,214.74464416503906,211.28102111816406,214.74464416503906,675477
2024-02-22,214.74464416503906,214.74464416503906,214.74464416503906,207.81739807128906,213.01283264160156,156252
2024-02-23,211.28102111816406,211.28102111816406,214.74464416503906,207.81739807128906,211.28102111816406,159370
2024-02-26,209.54920959472656,209.54920959472656,214.74464416503906,207.81739807128906,211.28102111816406,427529
2024-02-27,209.54920959472656,209.54920959472656,216.47645568847656,207.81739807128906,216.47645568847656,611267
2024-02-28,209.54920959472656,209.54920959472656,213.01283264160156,207.81739807128906,207.81739807128906,318972
2024-02-29,207.81739807128906,207.81739807128906,214.74464416503906,206.08558654785156,209.54920959472656,908412
2024-03-01,206.08558654785156,206.08558654785156,207.81739807128906,206.08558654785156,206.08558654785156,138005
2024-03-04,207.81739807128906,207.81739807128906,216.47645568847656,206.08558654785156,216.47645568847656,412400
2024-03-05,228.59913635253906,228.59913635253906,235.52638244628906,209.54920959472656,213.01283264160156,6048694
2024-03-06,228.59913635253906,228.59913635253906,242.45362854003906,225.13551330566406,232.06275939941406,2509395
2024-03-07,237.25819396972656,237.25819396972656,237.25819396972656,230.33094787597656,230.33094787597656,1373705
2024-03-08,249.38087463378906,249.38087463378906,256.3081359863281,237.25819396972656,237.25819396972656,6769558
2024-03-13,266.6990051269531,266.6990051269531,275.3580627441406,249.38087463378906,249.38087463378906,11247874
2024-03-14,266.6990051269531,266.6990051269531,270.1626281738281,261.5035705566406,268.4308166503906,1824909
2024-03-15,275.3580627441406,275.3580627441406,287.4807434082031,266.6990051269531,268.4308166503906,5350119
2024-03-18,268.4308166503906,268.4308166503906,278.8216857910156,249.38087463378906,278.8216857910156,2671999
2024-03-19,249.38087463378906,249.38087463378906,275.3580627441406,245.91725158691406,266.6990051269531,4062797
2024-03-20,252.84449768066406,252.84449768066406,256.3081359863281,221.67189025878906,247.64906311035156,2059577
2024-03-21,247.64906311035156,247.64906311035156,258.0399475097656,242.45362854003906,252.84449768066406,1470945
2024-03-22,233.79457092285156,233.79457092285156,247.64906311035156,233.79457092285156,247.64906311035156,1728594
2024-03-25,242.45362854003906,242.45362854003906,258.0399475097656,226.86732482910156,258.0399475097656,1440572
2024-03-26,244.18544006347656,244.18544006347656,251.11268615722656,232.06275939941406,251.11268615722656,1676048
2024-03-27,249.38087463378906,249.38087463378906,251.11268615722656,233.79457092285156,245.91725158691406,1022513
2024-03-28,225.13551330566406,225.13551330566406,249.38087463378906,225.13551330566406,249.38087463378906,2223567
2024-04-01,214.74464416503906,214.74464416503906,233.79457092285156,209.54920959472656,225.13551330566406,3360180
2024-04-02,226.86732482910156,226.86732482910156,233.79457092285156,214.74464416503906,214.74464416503906,1073326
2024-04-03,207.81739807128906,207.81739807128906,242.45362854003906,207.81739807128906,218.20826721191406,1869025
2024-04-04,218.20826721191406,218.20826721191406,223.40370178222656,181.84022521972656,207.81739807128906,4219511
2024-04-05,218.20826721191406,218.20826721191406,233.79457092285156,218.20826721191406,232.06275939941406,1901823
2024-04-16,213.01283264160156,213.01283264160156,221.67189025878906,204.35377502441406,221.67189025878906,1896857
2024-04-17,207.81739807128906,207.81739807128906,214.74464416503906,206.08558654785156,214.74464416503906,745462
2024-04-18,202.62196350097656,202.62196350097656,230.33094787597656,200.89015197753906,230.33094787597656,180273
2024-04-19,200.89015197753906,200.89015197753906,216.47645568847656,200.89015197753906,216.47645568847656,1620268
2024-04-22,199.15834045410156,199.15834045410156,216.47645568847656,199.15834045410156,200.89015197753906,926082
2024-04-23,192.23109436035156,192.23109436035156,199.15834045410156,183.57203674316406,199.15834045410156,3136830
2024-04-24,188.76747131347656,188.76747131347656,199.15834045410156,166.25392150878906,192.23109436035156,1267343
2024-04-25,193.96290588378906,193.96290588378906,199.15834045410156,178.37660217285156,178.37660217285156,573041
2024-04-26,187.03565979003906,187.03565979003906,193.96290588378906,185.30384826660156,193.96290588378906,373366
2024-04-29,200.89015197753906,200.89015197753906,207.81739807128906,185.30384826660156,190.49928283691406,1274388
2024-04-30,199.15834045410156,199.15834045410156,204.35377502441406,197.42652893066406,204.35377502441406,238247
2024-05-02,193.96290588378906,193.96290588378906,199.15834045410156,192.23109436035156,199.15834045410156,287791
2024-05-03,193.96290588378906,193.96290588378906,204.35377502441406,193.96290588378906,193.96290588378906,175769
2024-05-06,193.96290588378906,193.96290588378906,202.62196350097656,190.49928283691406,195.69471740722656,135003
2024-05-07,197.42652893066406,197.42652893066406,200.89015197753906,190.49928283691406,193.96290588378906,425681
2024-05-08,197.42652893066406,197.42652893066406,200.89015197753906,195.69471740722656,200.89015197753906,219307
2024-05-13,197.42652893066406,197.42652893066406,199.15834045410156,193.96290588378906,195.69471740722656,132346
2024-05-14,190.49928283691406,190.49928283691406,200.89015197753906,188.76747131347656,197.42652893066406,430878
2024-05-15,199.15834045410156,199.15834045410156,202.62196350097656,190.49928283691406,190.49928283691406,840738
2024-05-16,195.69471740722656,195.69471740722656,204.35377502441406,190.49928283691406,199.15834045410156,813598
2024-05-17,192.23109436035156,192.23109436035156,197.42652893066406,190.49928283691406,195.69471740722656,508600
2024-05-20,190.49928283691406,190.49928283691406,199.15834045410156,188.76747131347656,192.23109436035156,379486
2024-05-21,188.76747131347656,188.76747131347656,195.69471740722656,187.03565979003906,195.69471740722656,529965
2024-05-22,185.30384826660156,185.30384826660156,190.49928283691406,181.84022521972656,190.49928283691406,1218954
2024-05-27,176.64479064941406,176.64479064941406,187.03565979003906,174.91297912597656,185.30384826660156,428799
2024-05-28,185.30384826660156,185.30384826660156,192.23109436035156,178.37660217285156,178.37660217285156,632170
2024-05-29,185.30384826660156,185.30384826660156,190.49928283691406,181.84022521972656,185.30384826660156,195748
2024-05-30,187.03565979003906,187.03565979003906,190.49928283691406,180.10841369628906,185.30384826660156,153711
2024-05-31,187.03565979003906,187.03565979003906,187.03565979003906,183.57203674316406,183.57203674316406,129459
2024-06-03,178.37660217285156,178.37660217285156,188.76747131347656,173.18116760253906,188.76747131347656,898481
2024-06-04,180.10841369628906,180.10841369628906,181.84022521972656,176.64479064941406,180.10841369628906,541975
2024-06-05,180.10841369628906,180.10841369628906,183.57203674316406,174.91297912597656,180.10841369628906,126457
2024-06-06,178.37660217285156,178.37660217285156,183.57203674316406,173.18116760253906,183.57203674316406,324169
2024-06-07,174.91297912597656,174.91297912597656,180.10841369628906,174.91297912597656,174.91297912597656,201176
2024-06-10,153.2653350830078,153.2653350830078,180.10841369628906,141.1426544189453,180.10841369628906,2441835
2024-06-11,164.52210998535156,164.52210998535156,190.49928283691406,142.8744659423828,151.5335235595703,8320766
2024-06-12,164.52210998535156,164.52210998535156,167.1198272705078,160.1925811767578,167.1198272705078,535970
2024-06-13,162.79029846191406,162.79029846191406,168.8516387939453,161.05848693847656,168.8516387939453,318163
2024-06-14,162.79029846191406,162.79029846191406,172.3152618408203,160.1925811767578,167.98573303222656,1359501
2024-06-19,160.1925811767578,160.1925811767578,167.98573303222656,159.32667541503906,162.79029846191406,1389874
2024-06-20,161.05848693847656,161.05848693847656,165.3880157470703,158.4607696533203,158.4607696533203,705273
2024-06-21,159.32667541503906,159.32667541503906,164.52210998535156,157.59486389160156,161.05848693847656,558028
2024-06-24,158.4607696533203,158.4607696533203,168.8516387939453,155.86305236816406,157.59486389160156,497629
2024-06-25,149.8017120361328,149.8017120361328,158.4607696533203,148.93580627441406,157.59486389160156,1370818
2024-06-26,148.93580627441406,148.93580627441406,154.9971466064453,148.93580627441406,154.9971466064453,1217106
2024-06-27,151.5335235595703,151.5335235595703,152.39942932128906,148.93580627441406,152.39942932128906,895131
2024-06-28,163.6562042236328,163.6562042236328,163.6562042236328,151.5335235595703,151.5335235595703,731719
2024-07-01,160.1925811767578,160.1925811767578,163.6562042236328,155.86305236816406,163.6562042236328,739456
2024-07-02,164.52210998535156,164.52210998535156,192.23109436035156,157.59486389160156,160.1925811767578,1073211
2024-07-03,160.1925811767578,160.1925811767578,173.18116760253906,151.5335235595703,173.18116760253906,628590
2024-07-04,157.59486389160156,157.59486389160156,161.9243927001953,155.86305236816406,161.05848693847656,395770
2024-07-05,155.86305236816406,155.86305236816406,156.7289581298828,154.9971466064453,155.86305236816406,369670
2024-07-08,160.1925811767578,160.1925811767578,160.1925811767578,154.13124084472656,155.86305236816406,4287879
2024-07-09,159.32667541503906,159.32667541503906,161.05848693847656,158.4607696533203,161.05848693847656,482615
2024-07-10,159.32667541503906,159.32667541503906,160.1925811767578,158.4607696533203,160.1925811767578,2406035
2024-07-11,157.59486389160156,157.59486389160156,159.32667541503906,153.2653350830078,159.32667541503906,755971
2024-07-12,154.9971466064453,154.9971466064453,160.1925811767578,153.2653350830078,160.1925811767578,227969
2024-07-15,154.13124084472656,154.13124084472656,155.86305236816406,152.39942932128906,155.86305236816406,239402
2024-07-16,155.86305236816406,155.86305236816406,188.76747131347656,153.2653350830078,153.2653350830078,1035101
2024-07-17,156.7289581298828,156.7289581298828,160.1925811767578,151.5335235595703,159.32667541503906,186740
2024-07-18,154.13124084472656,154.13124084472656,156.7289581298828,153.2653350830078,156.7289581298828,242636
2024-07-19,153.2653350830078,153.2653350830078,155.86305236816406,152.39942932128906,154.13124084472656,192053
2024-07-22,154.13124084472656,154.13124084472656,154.13124084472656,152.39942932128906,154.13124084472656,133963
2024-07-23,151.5335235595703,151.5335235595703,154.13124084472656,148.93580627441406,153.2653350830078,443235
2024-07-24,150.66761779785156,150.66761779785156,153.2653350830078,147.20399475097656,153.2653350830078,426720
2024-07-25,151.5335235595703,151.5335235595703,153.2653350830078,150.66761779785156,152.39942932128906,116063
2024-07-26,152.39942932128906,152.39942932128906,156.7289581298828,152.39942932128906,153.2653350830078,350961
2024-07-29,152.39942932128906,152.39942932128906,154.13124084472656,148.93580627441406,154.13124084472656,1132340
2024-07-30,151.5335235595703,151.5335235595703,153.2653350830078,149.8017120361328,153.2653350830078,89155
2024-07-31,148.93580627441406,148.93580627441406,153.2653350830078,145.47218322753906,150.66761779785156,132346
2024-08-01,149.8017120361328,149.8017120361328,152.39942932128906,142.8744659423828,148.0699005126953,407781
2024-08-02,149.8017120361328,149.8017120361328,155.86305236816406,145.47218322753906,148.0699005126953,253607
2024-08-05,145.47218322753906,145.47218322753906,149.8017120361328,134.2154083251953,149.8017120361328,551330
2024-08-06,144.6062774658203,144.6062774658203,145.47218322753906,143.74037170410156,145.47218322753906,101050
2024-08-07,140.27674865722656,140.27674865722656,145.47218322753906,134.2154083251953,145.47218322753906,834732
2024-08-08,130.7517852783203,130.7517852783203,142.00856018066406,127.28815460205078,141.1426544189453,725021
2024-08-09,133.34950256347656,133.34950256347656,142.00856018066406,119.49500274658203,130.7517852783203,1092497
2024-08-12,129.0199737548828,129.0199737548828,134.2154083251953,128.15406799316406,133.34950256347656,377870
2024-08-13,126.42224884033203,126.42224884033203,129.88587951660156,125.55634307861328,129.88587951660156,403277
2024-08-14,126.42224884033203,126.42224884033203,129.0199737548828,124.69043731689453,129.0199737548828,644873
2024-08-15,127.28815460205078,127.28815460205078,128.15406799316406,125.55634307861328,126.42224884033203,114331
2024-08-16,129.0199737548828,129.0199737548828,129.0199737548828,127.28815460205078,128.15406799316406,198173
2024-08-19,129.88587951660156,129.88587951660156,134.2154083251953,129.0199737548828,130.7517852783203,236399
2024-08-20,129.88587951660156,129.88587951660156,131.61769104003906,129.88587951660156,130.7517852783203,128189
2024-08-21,129.88587951660156,129.88587951660156,129.88587951660156,129.0199737548828,129.0199737548828,181313
2024-08-22,129.88587951660156,129.88587951660156,134.2154083251953,126.42224884033203,129.88587951660156,145858
2024-08-23,132.4835968017578,132.4835968017578,132.4835968017578,124.69043731689453,129.88587951660156,221502
2024-08-26,133.34950256347656,133.34950256347656,133.34950256347656,129.88587951660156,132.4835968017578,141239
2024-08-27,141.1426544189453,141.1426544189453,142.8744659423828,132.4835968017578,133.34950256347656,405355
2024-08-28,136.81312561035156,136.81312561035156,146.3380889892578,136.81312561035156,142.8744659423828,496820
2024-08-29,138.54493713378906,138.54493713378906,142.00856018066406,134.2154083251953,141.1426544189453,492663
2024-08-30,136.81312561035156,136.81312561035156,137.6790313720703,134.2154083251953,136.81312561035156,122415
2024-09-02,138.54493713378906,138.54493713378906,139.4108428955078,135.08131408691406,136.81312561035156,242289
2024-09-03,135.9472198486328,135.9472198486328,141.1426544189453,135.9472198486328,140.27674865722656,513566
2024-09-04,136.81312561035156,136.81312561035156,136.81312561035156,135.08131408691406,135.9472198486328,175307
2024-09-05,137.6790313720703,137.6790313720703,142.00856018066406,135.08131408691406,135.08131408691406,284903
2024-09-06,137.6790313720703,137.6790313720703,137.6790313720703,135.9472198486328,137.6790313720703,143549
2024-09-09,136.81312561035156,136.81312561035156,140.27674865722656,135.9472198486328,136.81312561035156,284326
2024-09-10,135.9472198486328,135.9472198486328,136.81312561035156,133.34950256347656,136.81312561035156,316893
2024-09-11,126.42224884033203,126.42224884033203,135.08131408691406,126.42224884033203,135.08131408691406,761514
2024-09-12,127.28815460205078,127.28815460205078,131.61769104003906,124.69043731689453,129.88587951660156,690028
2024-09-13,128.15406799316406,128.15406799316406,129.88587951660156,126.42224884033203,127.28815460205078,124840
2024-09-17,125.55634307861328,125.55634307861328,133.34950256347656,125.55634307861328,128.15406799316406,958649
2024-09-18,168.8516387939453,168.8516387939453,168.8516387939453,142.8744659423828,142.8744659423828,9899921
2024-09-19,173.18116760253906,173.18116760253906,223.40370178222656,173.18116760253906,197.42652893066406,36890963
2024-09-20,138.54493713378906,138.54493713378906,178.37660217285156,135.9472198486328,176.64479064941406,23891281
2024-09-23,136.81312561035156,136.81312561035156,142.8744659423828,135.08131408691406,142.8744659423828,4403250
2024-09-24,131.61769104003906,131.61769104003906,138.54493713378906,131.61769104003906,137.6790313720703,5497133
2024-09-25,130.7517852783203,130.7517852783203,144.6062774658203,129.88587951660156,133.34950256347656,10288416
2024-09-26,125.6637191772461,125.6637191772461,136.28318786621094,123.89380645751953,133.62831115722656,7367939
2024-09-27,124.77876281738281,124.77876281738281,130.97344970703125,123.00885009765625,127.43362426757812,5755203
2024-09-30,125.6637191772461,125.6637191772461,127.43362426757812,123.89380645751953,123.89380645751953,880383
2024-10-01,125.6637191772461,125.6637191772461,129.2035369873047,124.77876281738281,128.31858825683594,1230118
2024-10-02,123.89380645751953,123.89380645751953,127.43362426757812,122.12389373779297,125.6637191772461,2434585
2024-10-03,123.00885009765625,123.00885009765625,125.6637191772461,122.12389373779297,123.89380645751953,836539
2024-10-04,123.00885009765625,123.00885009765625,123.89380645751953,122.12389373779297,123.00885009765625,416744
2024-10-07,125.6637191772461,125.6637191772461,125.6637191772461,120.3539810180664,123.00885009765625,925018
2024-10-08,124.77876281738281,124.77876281738281,130.0885009765625,123.89380645751953,126.54867553710938,978919
2024-10-09,123.00885009765625,123.00885009765625,126.54867553710938,120.3539810180664,125.6637191772461,1041747
2024-10-10,123.00885009765625,123.00885009765625,124.77876281738281,120.3539810180664,123.00885009765625,1139040
2024-10-11,131.85841369628906,131.85841369628906,148.6725616455078,123.89380645751953,123.89380645751953,18571211
2024-10-14,127.43362426757812,127.43362426757812,133.62831115722656,127.43362426757812,131.85841369628906,3376214
2024-10-15,126.54867553710938,126.54867553710938,129.2035369873047,125.6637191772461,127.43362426757812,2021005
2024-10-16,135.39822387695312,135.39822387695312,146.0177001953125,126.54867553710938,126.54867553710938,26989711
2024-10-17,131.85841369628906,131.85841369628906,135.39822387695312,129.2035369873047,135.39822387695312,3854091
2024-10-18,130.97344970703125,130.97344970703125,133.62831115722656,129.2035369873047,132.7433624267578,1861901
2024-10-21,128.31858825683594,128.31858825683594,133.62831115722656,122.12389373779297,122.12389373779297,4186876
2024-10-22,128.31858825683594,128.31858825683594,132.7433624267578,127.43362426757812,129.2035369873047,1128531
2024-10-23,128.31858825683594,128.31858825683594,130.97344970703125,120.3539810180664,120.3539810180664,1290234
2024-10-24,126.54867553710938,126.54867553710938,133.62831115722656,126.54867553710938,127.43362426757812,1474311
2024-10-25,127.43362426757812,127.43362426757812,129.2035369873047,125.6637191772461,126.54867553710938,876993
2024-10-28,124.77876281738281,124.77876281738281,128.31858825683594,119.46902465820312,119.46902465820312,1506968
2024-10-29,125.6637191772461,125.6637191772461,126.54867553710938,123.89380645751953,123.89380645751953,850212
2024-10-30,124.77876281738281,124.77876281738281,126.54867553710938,119.46902465820312,119.46902465820312,522964
2024-10-31,125.6637191772461,125.6637191772461,130.97344970703125,123.89380645751953,123.89380645751953,2261695
2024-11-01,125.6637191772461,125.6637191772461,127.43362426757812,117.69911193847656,117.69911193847656,1612849
2024-11-04,123.00885009765625,123.00885009765625,126.54867553710938,116.81415557861328,116.81415557861328,1059262
2024-11-05,123.00885009765625,123.00885009765625,127.43362426757812,115.04425048828125,115.04425048828125,1212151
2024-11-06,122.12389373779297,122.12389373779297,125.6637191772461,119.46902465820312,121.23893737792969,1826758
2024-11-07,117.69911193847656,117.69911193847656,123.00885009765625,113.27433776855469,113.27433776855469,2274464
2024-11-08,116.81415557861328,116.81415557861328,121.23893737792969,108.84955596923828,108.84955596923828,630540
2024-11-11,119.46902465820312,119.46902465820312,119.46902465820312,107.964599609375,107.964599609375,468272
2024-11-12,123.00885009765625,123.00885009765625,126.54867553710938,115.04425048828125,115.04425048828125,951912
2024-11-13,121.23893737792969,121.23893737792969,123.89380645751953,115.04425048828125,115.04425048828125,725573
2024-11-14,120.3539810180664,120.3539810180664,122.12389373779297,112.3893814086914,112.3893814086914,1686073
2024-11-15,115.04425048828125,115.04425048828125,120.3539810180664,114.15929412841797,119.46902465820312,1279273
2024-11-18,106.19468688964844,106.19468688964844,118.58406829833984,106.19468688964844,106.19468688964844,2210393
2024-11-19,110.61946868896484,110.61946868896484,115.04425048828125,107.964599609375,114.15929412841797,901627
2024-11-20,109.73451232910156,109.73451232910156,111.50442504882812,101.76991271972656,101.76991271972656,389737
2024-11-21,107.964599609375,107.964599609375,110.61946868896484,100.88495635986328,100.88495635986328,244758
2024-11-22,108.84955596923828,108.84955596923828,109.73451232910156,100.0,100.0,292557
2024-11-25,108.84955596923828,108.84955596923828,108.84955596923828,100.0,100.0,569859
2024-11-26,107.964599609375,107.964599609375,110.61946868896484,100.0,100.0,4974599
2024-11-28,107.964599609375,107.964599609375,109.73451232910156,99.11504364013672,99.11504364013672,289167
2024-11-29,103.53982543945312,103.53982543945312,108.84955596923828,99.11504364013672,99.11504364013672,1069432
2024-12-02,105.30973052978516,105.30973052978516,109.73451232910156,94.69026184082031,94.69026184082031,1137345
2024-12-03,103.53982543945312,103.53982543945312,107.964599609375,103.53982543945312,105.30973052978516,631331
2024-12-04,104.4247817993164,104.4247817993164,106.19468688964844,95.5752182006836,95.5752182006836,235153
2024-12-05,105.30973052978516,105.30973052978516,109.73451232910156,95.5752182006836,95.5752182006836,376968
2024-12-06,112.3893814086914,112.3893814086914,130.97344970703125,96.46017456054688,96.46017456054688,6699996
2024-12-09,112.3893814086914,112.3893814086914,117.69911193847656,107.07964324951172,112.3893814086914,905582
2024-12-10,112.3893814086914,112.3893814086914,115.04425048828125,109.73451232910156,113.27433776855469,959370
2024-12-11,111.50442504882812,111.50442504882812,118.58406829833984,110.61946868896484,110.61946868896484,814391
2024-12-12,113.27433776855469,113.27433776855469,116.81415557861328,110.61946868896484,111.50442504882812,514828
2024-12-13,109.73451232910156,109.73451232910156,113.27433776855469,108.84955596923828,113.27433776855469,427592
2024-12-16,111.50442504882812,111.50442504882812,112.3893814086914,109.73451232910156,109.73451232910156,144753
2024-12-17,111.50442504882812,111.50442504882812,112.3893814086914,109.73451232910156,110.61946868896484,263629
2024-12-18,107.07964324951172,107.07964324951172,111.50442504882812,107.07964324951172,111.50442504882812,327361
2024-12-19,116.81415557861328,116.81415557861328,139.82301330566406,103.53982543945312,107.07964324951172,18161021
2024-12-20,133.62831115722656,133.62831115722656,137.1681365966797,115.04425048828125,118.58406829833984,15698977
2024-12-23,132.7433624267578,132.7433624267578,141.59292602539062,123.89380645751953,136.28318786621094,4171282
2024-12-24,128.31858825683594,128.31858825683594,150.44247436523438,127.43362426757812,131.85841369628906,9414595
2024-12-27,134.51327514648438,134.51327514648438,134.51327514648438,123.89380645751953,126.54867553710938,1270007
2024-12-30,130.97344970703125,130.97344970703125,134.51327514648438,130.0885009765625,133.62831115722656,871569
2025-01-02,128.31858825683594,128.31858825683594,134.51327514648438,128.31858825683594,133.62831115722656,680034
2025-01-03,125.6637191772461,125.6637191772461,132.7433624267578,125.6637191772461,128.31858825683594,825465
2025-01-06,130.0885009765625,130.0885009765625,132.7433624267578,123.89380645751953,128.31858825683594,1024119
2025-01-07,125.6637191772461,125.6637191772461,130.97344970703125,124.77876281738281,130.0885009765625,854167
2025-01-08,127.43362426757812,127.43362426757812,130.97344970703125,125.6637191772461,126.54867553710938,426462
2025-01-09,126.54867553710938,126.54867553710938,129.2035369873047,123.89380645751953,127.43362426757812,1006378
2025-01-10,125.6637191772461,125.6637191772461,128.31858825683594,122.12389373779297,126.54867553710938,1181302
2025-01-13,119.46902465820312,119.46902465820312,127.43362426757812,119.46902465820312,125.6637191772461,1629008
2025-01-14,123.00885009765625,123.00885009765625,127.43362426757812,119.46902465820312,119.46902465820312,791565
2025-01-15,123.00885009765625,123.00885009765625,130.97344970703125,122.12389373779297,123.00885009765625,1029204
2025-01-16,123.89380645751953,123.89380645751953,126.54867553710938,119.46902465820312,123.89380645751953,937448
2025-01-17,117.69911193847656,117.69911193847656,123.89380645751953,114.15929412841797,123.89380645751953,1543806
2025-01-20,116.81415557861328,116.81415557861328,120.3539810180664,114.15929412841797,119.46902465820312,1249328
2025-01-21,107.07964324951172,107.07964324951172,120.3539810180664,106.19468688964844,117.69911193847656,4426662
2025-01-22,120.3539810180664,120.3539810180664,133.62831115722656,107.964599609375,109.73451232910156,16436189
2025-01-23,105.30973052978516,105.30973052978516,120.3539810180664,103.53982543945312,120.3539810180664,28096772
2025-01-24,107.07964324951172,107.07964324951172,108.84955596923828,104.4247817993164,106.19468688964844,3202533
2025-01-30,106.19468688964844,106.19468688964844,108.84955596923828,102.65486907958984,107.07964324951172,3808665
2025-01-31,107.07964324951172,107.07964324951172,110.61946868896484,106.19468688964844,106.19468688964844,1901112
2025-02-03,105.30973052978516,105.30973052978516,108.84955596923828,105.30973052978516,107.07964324951172,707719
2025-02-04,107.07964324951172,107.07964324951172,107.964599609375,105.30973052978516,105.30973052978516,265889
2025-02-05,102.65486907958984,102.65486907958984,107.964599609375,100.88495635986328,107.964599609375,4201905
2025-02-06,102.65486907958984,102.65486907958984,104.4247817993164,102.65486907958984,103.53982543945312,541270
2025-02-07,102.65486907958984,102.65486907958984,103.53982543945312,100.88495635986328,103.53982543945312,456746
2025-02-10,104.4247817993164,104.4247817993164,111.50442504882812,99.11504364013672,102.65486907958984,1799638
2025-02-11,104.4247817993164,104.4247817993164,107.07964324951172,102.65486907958984,105.30973052978516,596414
2025-02-12,105.30973052978516,105.30973052978516,107.07964324951172,104.4247817993164,104.4247817993164,432564
2025-02-13,103.53982543945312,103.53982543945312,106.19468688964844,102.65486907958984,105.30973052978516,1057341
2025-02-14,105.30973052978516,105.30973052978516,105.30973052978516,103.53982543945312,103.53982543945312,341825
2025-02-17,104.4247817993164,104.4247817993164,106.19468688964844,102.65486907958984,104.4247817993164,542400
2025-02-18,106.19468688964844,106.19468688964844,107.07964324951172,104.4247817993164,104.4247817993164,1182997
2025-02-19,106.19468688964844,106.19468688964844,108.84955596923828,104.4247817993164,106.19468688964844,2202822
2025-02-20,106.19468688964844,106.19468688964844,109.73451232910156,105.30973052978516,107.07964324951172,1694661
2025-02-21,106.19468688964844,106.19468688964844,107.964599609375,105.30973052978516,106.19468688964844,998468
2025-02-24,105.30973052978516,105.30973052978516,107.964599609375,103.53982543945312,107.964599609375,1131017
2025-02-25,103.53982543945312,103.53982543945312,106.19468688964844,103.53982543945312,105.30973052978516,1239045
2025-02-26,103.53982543945312,103.53982543945312,104.4247817993164,100.0,103.53982543945312,1105140
2025-02-27,103.53982543945312,103.53982543945312,104.4247817993164,101.76991271972656,101.76991271972656,162720
2025-02-28,102.65486907958984,102.65486907958984,107.07964324951172,97.34513092041016,101.76991271972656,616980
2025-03-03,103.53982543945312,103.53982543945312,105.30973052978516,101.76991271972656,101.76991271972656,344311
2025-03-04,103.53982543945312,103.53982543945312,107.07964324951172,100.88495635986328,104.4247817993164,1425382
2025-03-05,106.19468688964844,106.19468688964844,111.50442504882812,105.30973052978516,105.30973052978516,2480237
2025-03-06,105.30973052978516,105.30973052978516,108.84955596923828,103.53982543945312,108.84955596923828,1769241
2025-03-07,106.19468688964844,106.19468688964844,111.50442504882812,105.30973052978516,106.19468688964844,2240451
2025-03-10,115.04425048828125,115.04425048828125,124.77876281738281,107.07964324951172,107.07964324951172,12846179
2025-03-11,111.50442504882812,111.50442504882812,116.81415557861328,110.61946868896484,115.92919921875,2954611
2025-03-12,110.61946868896484,110.61946868896484,115.92919921875,107.964599609375,112.3893814086914,1531715
2025-03-13,111.50442504882812,111.50442504882812,114.15929412841797,111.50442504882812,111.50442504882812,1103897
2025-03-14,110.61946868896484,110.61946868896484,113.27433776855469,110.61946868896484,113.27433776855469,1463689
2025-03-17,116.81415557861328,116.81415557861328,118.58406829833984,112.3893814086914,114.15929412841797,3030208
2025-03-18,126.54867553710938,126.54867553710938,135.39822387695312,118.58406829833984,118.58406829833984,11776295
2025-03-19,134.51327514648438,134.51327514648438,139.82301330566406,122.12389373779297,128.31858825683594,7346695
2025-03-20,133.62831115722656,133.62831115722656,139.82301330566406,130.0885009765625,134.51327514648438,2856188
2025-03-21,132.7433624267578,132.7433624267578,138.0531005859375,130.0885009765625,137.1681365966797,1312156
2025-03-24,132.7433624267578,132.7433624267578,137.1681365966797,116.81415557861328,132.7433624267578,5636666
2025-03-25,167.2566375732422,167.2566375732422,172.56637573242188,130.0885009765625,134.51327514648438,36447472
2025-03-26,171.68141174316406,171.68141174316406,185.84071350097656,156.6371612548828,169.02655029296875,53891508
2025-03-27,176.99114990234375,176.99114990234375,185.84071350097656,163.71681213378906,167.2566375732422,38621140
2025-04-08,176.99114990234375,176.99114990234375,185.84071350097656,166.37167358398438,170.7964630126953,42889263
2025-04-09,184.07080078125,184.07080078125,187.61062622070312,176.99114990234375,176.99114990234375,37148524
2025-04-10,184.07080078125,184.07080078125,185.84071350097656,171.68141174316406,184.07080078125,31465189
2025-04-11,185.84071350097656,185.84071350097656,185.84071350097656,178.7610626220703,178.7610626220703,22651302
2025-04-14,187.61062622070312,187.61062622070312,187.61062622070312,180.53097534179688,184.07080078125,31834134
2025-04-15,205.3097381591797,205.3097381591797,208.8495635986328,184.07080078125,185.84071350097656,54132989
2025-04-16,221.2389373779297,221.2389373779297,223.00885009765625,200.0,205.3097381591797,62585276
2025-04-17,224.7787628173828,224.7787628173828,230.0885009765625,217.69911193847656,221.2389373779297,35875918
2025-04-21,221.2389373779297,221.2389373779297,226.54867553710938,212.38937377929688,224.7787628173828,20287455
2025-04-22,226.54867553710938,226.54867553710938,228.31858825683594,221.2389373779297,221.2389373779297,18714382
2025-04-23,230.0885009765625,230.0885009765625,233.62831115722656,223.00885009765625,226.54867553710938,36580925
2025-04-24,228.31858825683594,228.31858825683594,235.39822387695312,226.54867553710938,230.0885009765625,25506812
2025-04-25,221.2389373779297,221.2389373779297,228.31858825683594,217.69911193847656,228.31858825683594,18159326
2025-04-28,219.46902465820312,219.46902465820312,224.7787628173828,217.69911193847656,221.2389373779297,13964427
2025-04-29,215.92919921875,215.92919921875,224.7787628173828,214.15928649902344,219.46902465820312,15337038
2025-04-30,212.38937377929688,212.38937377929688,219.46902465820312,212.38937377929688,217.69911193847656,16641962
2025-05-02,217.69911193847656,217.69911193847656,219.46902465820312,212.38937377929688,212.38937377929688,18832467
2025-05-05,217.69911193847656,217.69911193847656,223.00885009765625,214.15928649902344,215.92919921875,19507416
2025-05-06,230.0885009765625,230.0885009765625,237.1681365966797,217.69911193847656,217.69911193847656,35665738
2025-05-07,228.31858825683594,228.31858825683594,231.85841369628906,226.54867553710938,230.0885009765625,10042536
2025-05-08,223.00885009765625,223.00885009765625,228.31858825683594,217.69911193847656,228.31858825683594,13489375
2025-05-09,223.00885009765625,223.00885009765625,224.7787628173828,219.46902465820312,223.00885009765625,10912636
2025-05-14,253.09735107421875,253.09735107421875,269.02655029296875,221.2389373779297,223.00885009765625,100661417
2025-05-15,253.09735107421875,253.09735107421875,253.09735107421875,253.09735107421875,253.09735107421875,0
2025-05-16,233.62831115722656,233.62831115722656,253.09735107421875,231.85841369628906,247.78761291503906,34294370
2025-05-19,253.09735107421875,253.09735107421875,256.6371765136719,224.7787628173828,233.62831115722656,38685098
2025-05-20,230.0885009765625,230.0885009765625,254.86724853515625,215.92919921875,253.09735107421875,64187164
2025-05-21,223.00885009765625,223.00885009765625,231.85841369628906,223.00885009765625,230.0885009765625,15378057
2025-05-22,238.93804931640625,238.93804931640625,240.7079620361328,221.2389373779297,223.00885009765625,25487150
2025-05-23,231.85841369628906,231.85841369628906,238.93804931640625,231.85841369628906,235.39822387695312,12766853
2025-05-26,235.39822387695312,235.39822387695312,238.93804931640625,223.00885009765625,233.62831115722656,15666433
2025-05-27,260.0,260.0,266.0,246.0,250.0,34792200
2025-05-28,254.0,254.0,264.0,254.0,260.0,9720300
2025-06-02,260.0,260.0,264.0,254.0,254.0,12096900
2025-06-03,264.0,264.0,276.0,260.0,260.0,22018700
2025-06-04,264.0,264.0,264.0,248.0,264.0,24146700
2025-06-05,258.0,258.0,264.0,252.0,264.0,14670100
2025-06-10,254.0,254.0,258.0,244.0,256.0,22958800
2025-06-11,250.0,250.0,258.0,244.0,254.0,20609400
2025-06-12,248.0,248.0,254.0,246.0,250.0,7642000
2025-06-13,248.0,248.0,252.0,244.0,252.0,15459900
2025-06-16,258.0,258.0,262.0,248.0,248.0,27809200
2025-06-17,262.0,262.0,278.0,254.0,258.0,104102900
2025-06-18,266.0,266.0,284.0,256.0,266.0,73654700
2025-06-19,256.0,256.0,270.0,256.0,266.0,41180900
2025-06-20,254.0,254.0,262.0,250.0,256.0,30077400
2025-06-23,254.0,254.0,258.0,250.0,254.0,16083000
2025-06-24,258.0,258.0,264.0,254.0,254.0,14230300
2025-06-25,260.0,260.0,274.0,254.0,258.0,27967400
2025-06-26,266.0,266.0,274.0,256.0,260.0,24957200
2025-06-30,280.0,280.0,294.0,268.0,270.0,27495100
2025-07-01,266.0,266.0,280.0,266.0,280.0,11942600
2025-07-02,260.0,260.0,270.0,258.0,270.0,10185700
2025-07-03,262.0,262.0,268.0,256.0,260.0,10622400
2025-07-04,258.0,258.0,264.0,258.0,262.0,19302900
2025-07-07,282.0,282.0,284.0,258.0,258.0,40729200
2025-07-08,274.0,274.0,284.0,274.0,284.0,9960300
2025-07-09,282.0,282.0,282.0,274.0,276.0,11025600
2025-07-10,286.0,286.0,288.0,282.0,282.0,14465000
2025-07-11,280.0,280.0,292.0,280.0,286.0,7270100
2025-07-14,276.0,276.0,282.0,268.0,282.0,11294100
2025-07-15,278.0,278.0,278.0,262.0,278.0,8152100
2025-07-16,282.0,282.0,288.0,278.0,278.0,12169900
2025-07-17,274.0,274.0,284.0,274.0,284.0,5339900
2025-07-18,284.0,284.0,284.0,274.0,276.0,8308800
2025-07-21,276.0,276.0,286.0,276.0,280.0,8012500
2025-07-22,264.0,264.0,278.0,262.0,278.0,12111900
2025-07-23,260.0,260.0,272.0,258.0,264.0,13291900
2025-07-24,258.0,258.0,266.0,258.0,262.0,7603300
2025-07-25,256.0,256.0,260.0,250.0,260.0,8211500
2025-07-28,282.0,282.0,286.0,248.0,256.0,54705900
2025-07-29,290.0,290.0,304.0,272.0,284.0,55454900
2025-07-30,284.0,284.0,294.0,280.0,292.0,18497200
2025-07-31,292.0,292.0,300.0,278.0,284.0,42010200
2025-08-01,298.0,298.0,300.0,286.0,296.0,26955300
2025-08-04,314.0,314.0,316.0,292.0,298.0,56026100
2025-08-05,296.0,296.0,322.0,268.0,316.0,59244600
2025-08-06,302.0,302.0,306.0,290.0,296.0,20002200
2025-08-07,312.0,312.0,314.0,296.0,296.0,23083000
2025-08-08,312.0,312.0,316.0,304.0,312.0,20285400
2025-08-11,340.0,340.0,342.0,304.0,312.0,57182200
2025-08-12,304.0,304.0,340.0,298.0,340.0,52139900
2025-08-13,286.0,286.0,306.0,282.0,304.0,20633500
2025-08-14,288.0,288.0,298.0,286.0,286.0,8230000
2025-08-15,280.0,280.0,294.0,280.0,290.0,6067200
2025-08-19,290.0,290.0,292.0,274.0,280.0,5906400
2025-08-20,298.0,298.0,298.0,286.0,294.0,5822200
2025-08-21,290.0,290.0,300.0,288.0,300.0,2592000
2025-08-22,318.0,318.0,322.0,288.0,292.0,50173700
2025-08-25,324.0,324.0,326.0,312.0,318.0,38150700
2025-08-26,308.0,308.0,328.0,294.0,324.0,36499000
2025-08-27,310.0,310.0,312.0,302.0,308.0,9279200
2025-08-28,312.0,312.0,314.0,306.0,310.0,6995500
2025-08-29,294.0,294.0,314.0,288.0,310.0,17055400
2025-09-01,296.0,296.0,298.0,278.0,286.0,15754400
2025-09-02,302.0,302.0,302.0,292.0,296.0,6928300
2025-09-03,318.0,318.0,320.0,296.0,302.0,17566100
2025-09-04,322.0,322.0,328.0,312.0,318.0,31387600
2025-09-08,326.0,326.0,334.0,316.0,322.0,26523800
2025-09-09,334.0,334.0,336.0,316.0,326.0,36590200
2025-09-10,326.0,326.0,342.0,326.0,332.0,15793400
2025-09-11,328.0,328.0,328.0,320.0,326.0,11165500
2025-09-12,324.0,324.0,328.0,320.0,328.0,15489300
2025-09-15,320.0,320.0,324.0,312.0,324.0,17736500
2025-09-16,324.0,324.0,330.0,314.0,320.0,37871100
2025-09-17,318.0,318.0,324.0,314.0,322.0,15314400
2025-09-18,316.0,316.0,320.0,312.0,318.0,6010900
2025-09-19,316.0,316.0,322.0,314.0,316.0,5744700
2025-09-22,318.0,318.0,326.0,316.0,324.0,10490200
2025-09-23,322.0,322.0,324.0,320.0,324.0,13143300
2025-09-24,322.0,322.0,326.0,320.0,322.0,12894600
2025-09-25,320.0,320.0,326.0,316.0,324.0,8994200
2025-09-26,354.0,354.0,372.0,316.0,320.0,66383400
2025-09-29,442.0,442.0,442.0,354.0,366.0,115000100
2025-09-30,550.0,550.0,550.0,464.0,500.0,86868100
2025-10-01,620.0,620.0,650.0,530.0,650.0,85530800
2025-10-02,620.0,620.0,620.0,620.0,620.0,0
2025-10-03,715.0,715.0,770.0,580.0,580.0,61872000
2025-10-06,715.0,715.0,715.0,715.0,715.0,0
2025-10-07,715.0,715.0,715.0,715.0,715.0,0
2025-10-08,715.0,715.0,715.0,715.0,715.0,0
2025-10-09,715.0,715.0,715.0,715.0,715.0,0
2025-10-10,715.0,715.0,715.0,715.0,715.0,0
2025-10-13,645.0,645.0,700.0,645.0,700.0,16357600
2025-10-14,585.0,585.0,585.0,585.0,585.0,2701600
2025-10-15,530.0,530.0,530.0,530.0,530.0,2018800
2025-10-16,478.0,478.0,492.0,478.0,492.0,9235300
2025-10-17,432.0,432.0,432.0,432.0,432.0,2707200
2025-10-20,474.0,474.0,474.0,400.0,400.0,10478300
2025-10-21,520.0,520.0,520.0,520.0,520.0,7333900
2025-10-22,635.0,635.0,650.0,510.0,525.0,91351900
2025-10-23,560.0,560.0,650.0,550.0,645.0,41450000
2025-10-24,498.0,498.0,630.0,498.0,560.0,34145400
2025-10-27,476.0,476.0,530.0,424.0,520.0,36236300
2025-10-28,490.0,490.0,545.0,454.0,476.0,30028400
2025-10-29,472.0,472.0,510.0,466.0,470.0,16623800
2025-10-30,474.0,474.0,490.0,440.0,472.0,9658000
2025-10-31,480.0,480.0,505.0,476.0,490.0,12233800
2025-11-03,530.0,530.0,565.0,480.0,480.0,35046900
2025-11-04,500.0,500.0,545.0,490.0,530.0,17955000
2025-11-05,515.0,515.0,530.0,494.0,510.0,8724300
2025-11-06,540.0,540.0,555.0,510.0,525.0,13226800
2025-11-07,510.0,510.0,545.0,510.0,540.0,9232700
2025-11-10,520.0,520.0,540.0,505.0,510.0,9378800
2025-11-11,615.0,615.0,620.0,510.0,525.0,51203400
2025-11-12,625.0,625.0,660.0,595.0,625.0,32327000
2025-11-13,780.0,780.0,780.0,630.0,640.0,87077300
2025-11-14,665.0,665.0,920.0,665.0,820.0,155118900
2025-11-17,580.0,580.0,650.0,570.0,640.0,92742000
2025-11-18,590.0,590.0,635.0,555.0,580.0,58391100
2025-11-19,645.0,645.0,665.0,585.0,590.0,50112700
2025-11-20,620.0,620.0,665.0,600.0,665.0,33938300
2025-11-21,630.0,630.0,650.0,605.0,630.0,28308900
2025-11-24,680.0,680.0,685.0,620.0,630.0,50660100
2025-11-25,700.0,700.0,725.0,660.0,685.0,49574800
2025-11-26,670.0,670.0,730.0,640.0,700.0,37148800
2025-11-27,650.0,650.0,685.0,640.0,670.0,30449400
2025-11-28,650.0,650.0,660.0,605.0,650.0,34135000
2025-12-01,610.0,610.0,650.0,605.0,650.0,25445600
2025-12-02,520.0,520.0,615.0,520.0,610.0,75673300
2025-12-03,530.0,530.0,555.0,470.0,520.0,48287300
2025-12-04,515.0,515.0,535.0,505.0,535.0,22357900
2025-12-05,505.0,505.0,530.0,500.0,510.0,11174900
2025-12-08,590.0,590.0,615.0,476.0,505.0,171146900
2025-12-09,530.0,530.0,605.0,525.0,595.0,85676100
2025-12-10,500.0,500.0,550.0,498.0,535.0,74195400
2025-12-11,510.0,510.0,540.0,505.0,510.0,28949800
2025-12-12,510.0,510.0,535.0,500.0,535.0,12193000
2025-12-15,500.0,500.0,520.0,496.0,515.0,18272200
2025-12-16,510.0,510.0,550.0,500.0,550.0,24974800
2025-12-17,510.0,510.0,525.0,505.0,525.0,8086200
2025-12-18,505.0,505.0,520.0,500.0,510.0,9937900
2025-12-19,510.0,510.0,520.0,500.0,505.0,7518700
2025-12-22,434.0,434.0,525.0,434.0,520.0,97299200
2025-12-23,436.0,436.0,448.0,402.0,434.0,25032500
2025-12-24,410.0,410.0,436.0,402.0,436.0,23153500
2025-12-29,490.0,490.0,498.0,410.0,410.0,67253800
2025-12-30,456.0,456.0,525.0,456.0,505.0,60786300
