Date,Adj Close,Close,High,Low,Open,Volume
2020-01-02,61.21736526489258,61.21736526489258,63.13040542602539,59.3043212890625,63.13040542602539,1697505
2020-01-03,61.21736526489258,61.21736526489258,61.21736526489258,60.260841369628906,61.21736526489258,1102955
2020-01-06,60.260841369628906,60.260841369628906,61.21736526489258,59.3043212890625,61.21736526489258,926168
2020-01-07,59.3043212890625,59.3043212890625,61.21736526489258,58.347801208496094,61.21736526489258,233345
2020-01-08,59.3043212890625,59.3043212890625,60.260841369628906,57.39127731323242,60.260841369628906,770813
2020-01-09,59.3043212890625,59.3043212890625,60.260841369628906,57.39127731323242,59.3043212890625,409922
2020-01-10,59.3043212890625,59.3043212890625,59.3043212890625,57.39127731323242,59.3043212890625,483941
2020-01-13,59.3043212890625,59.3043212890625,60.260841369628906,58.347801208496094,59.3043212890625,557332
2020-01-14,60.260841369628906,60.260841369628906,61.21736526489258,58.347801208496094,59.3043212890625,1422236
2020-01-15,60.260841369628906,60.260841369628906,60.260841369628906,58.347801208496094,60.260841369628906,1829023
2020-01-16,59.3043212890625,59.3043212890625,60.260841369628906,57.39127731323242,60.260841369628906,800923
2020-01-17,59.3043212890625,59.3043212890625,59.3043212890625,57.39127731323242,58.347801208496094,848700
2020-01-20,59.3043212890625,59.3043212890625,61.21736526489258,57.39127731323242,59.3043212890625,1814805
2020-01-21,57.39127731323242,57.39127731323242,59.3043212890625,57.39127731323242,58.347801208496094,1425791
2020-01-22,57.39127731323242,57.39127731323242,58.347801208496094,56.434757232666016,58.347801208496094,1362541
2020-01-23,57.39127731323242,57.39127731323242,58.347801208496094,56.434757232666016,57.39127731323242,1017436
2020-01-24,57.39127731323242,57.39127731323242,57.39127731323242,56.434757232666016,57.39127731323242,660727
2020-01-27,55.47823715209961,55.47823715209961,57.39127731323242,54.52171325683594,57.39127731323242,2087773
2020-01-28,53.56519317626953,53.56519317626953,55.47823715209961,51.65214920043945,53.56519317626953,3082837
2020-01-29,53.56519317626953,53.56519317626953,54.52171325683594,47.82606506347656,47.82606506347656,684563
2020-01-30,49.73910903930664,49.73910903930664,53.56519317626953,48.78258514404297,51.65214920043945,11740668
2020-01-31,48.78258514404297,48.78258514404297,51.65214920043945,47.82606506347656,47.82606506347656,7804217
2020-02-03,47.82606506347656,47.82606506347656,49.73910903930664,47.82606506347656,47.82606506347656,2470619
2020-02-04,49.73910903930664,49.73910903930664,55.47823715209961,47.82606506347656,48.78258514404297,20633727
2020-02-05,49.73910903930664,49.73910903930664,50.69562911987305,48.78258514404297,49.73910903930664,1930119
2020-02-06,48.78258514404297,48.78258514404297,50.69562911987305,48.78258514404297,50.69562911987305,794127
2020-02-07,49.73910903930664,49.73910903930664,50.69562911987305,48.78258514404297,50.69562911987305,311650
2020-02-10,47.82606506347656,47.82606506347656,50.69562911987305,47.82606506347656,49.73910903930664,2462151
2020-02-11,48.78258514404297,48.78258514404297,48.78258514404297,47.82606506347656,47.82606506347656,1656523
2020-02-12,48.78258514404297,48.78258514404297,48.78258514404297,47.82606506347656,48.78258514404297,1398818
2020-02-13,47.82606506347656,47.82606506347656,48.78258514404297,47.82606506347656,48.78258514404297,1440009
2020-02-14,48.78258514404297,48.78258514404297,49.73910903930664,47.82606506347656,47.82606506347656,2233405
2020-02-17,47.82606506347656,47.82606506347656,48.78258514404297,47.82606506347656,48.78258514404297,1819405
2020-02-18,49.73910903930664,49.73910903930664,49.73910903930664,47.82606506347656,47.82606506347656,621522
2020-02-19,49.73910903930664,49.73910903930664,50.69562911987305,48.78258514404297,50.69562911987305,85727
2020-02-20,47.82606506347656,47.82606506347656,50.69562911987305,47.82606506347656,50.69562911987305,697109
2020-02-21,49.73910903930664,49.73910903930664,50.69562911987305,47.82606506347656,47.82606506347656,2143914
2020-02-24,48.78258514404297,48.78258514404297,51.65214920043945,47.82606506347656,51.65214920043945,10818786
2020-02-25,48.78258514404297,48.78258514404297,49.73910903930664,47.82606506347656,48.78258514404297,4812647
2020-02-26,47.82606506347656,47.82606506347656,48.78258514404297,47.82606506347656,47.82606506347656,3193446
2020-02-27,47.82606506347656,47.82606506347656,48.78258514404297,47.82606506347656,47.82606506347656,6551239
2020-02-28,47.82606506347656,47.82606506347656,47.82606506347656,47.82606506347656,47.82606506347656,592877
2020-03-02,47.82606506347656,47.82606506347656,47.82606506347656,47.82606506347656,47.82606506347656,138104
2020-03-03,47.82606506347656,47.82606506347656,47.82606506347656,47.82606506347656,47.82606506347656,1248273
2020-03-04,47.82606506347656,47.82606506347656,47.82606506347656,47.82606506347656,47.82606506347656,247668
2020-03-05,47.82606506347656,47.82606506347656,48.78258514404297,47.82606506347656,47.82606506347656,877973
2020-03-06,47.82606506347656,47.82606506347656,47.82606506347656,47.82606506347656,47.82606506347656,22163
2020-03-09,47.82606506347656,47.82606506347656,47.82606506347656,47.82606506347656,47.82606506347656,139777
2020-03-10,47.82606506347656,47.82606506347656,48.78258514404297,47.82606506347656,48.78258514404297,47672
2020-03-11,47.82606506347656,47.82606506347656,47.82606506347656,47.82606506347656,47.82606506347656,34709
2020-03-12,47.82606506347656,47.82606506347656,47.82606506347656,47.82606506347656,47.82606506347656,6900
2020-03-13,47.82606506347656,47.82606506347656,47.82606506347656,47.82606506347656,47.82606506347656,35440
2020-03-16,47.82606506347656,47.82606506347656,47.82606506347656,47.82606506347656,47.82606506347656,0
2020-03-17,47.82606506347656,47.82606506347656,47.82606506347656,47.82606506347656,47.82606506347656,3136
2020-03-18,47.82606506347656,47.82606506347656,47.82606506347656,47.82606506347656,47.82606506347656,209
2020-03-19,47.82606506347656,47.82606506347656,47.82606506347656,47.82606506347656,47.82606506347656,104
2020-03-20,47.82606506347656,47.82606506347656,47.82606506347656,47.82606506347656,47.82606506347656,1045
2020-03-23,47.82606506347656,47.82606506347656,47.82606506347656,47.82606506347656,47.82606506347656,109250
2020-03-24,47.82606506347656,47.82606506347656,47.82606506347656,47.82606506347656,47.82606506347656,10559
2020-03-26,47.82606506347656,47.82606506347656,47.82606506347656,47.82606506347656,47.82606506347656,335068
2020-03-27,47.82606506347656,47.82606506347656,47.82606506347656,47.82606506347656,47.82606506347656,49554
2020-03-30,47.82606506347656,47.82606506347656,47.82606506347656,47.82606506347656,47.82606506347656,21013
2020-03-31,47.82606506347656,47.82606506347656,47.82606506347656,47.82606506347656,47.82606506347656,26659
2020-04-01,47.82606506347656,47.82606506347656,47.82606506347656,47.82606506347656,47.82606506347656,34081
2020-04-02,47.82606506347656,47.82606506347656,47.82606506347656,47.82606506347656,47.82606506347656,189331
2020-04-03,47.82606506347656,47.82606506347656,47.82606506347656,47.82606506347656,47.82606506347656,5645
2020-04-06,47.82606506347656,47.82606506347656,47.82606506347656,47.82606506347656,47.82606506347656,363086
2020-04-07,47.82606506347656,47.82606506347656,47.82606506347656,47.82606506347656,47.82606506347656,51018
2020-04-08,47.82606506347656,47.82606506347656,47.82606506347656,47.82606506347656,47.82606506347656,27913
2020-04-09,47.82606506347656,47.82606506347656,47.82606506347656,47.82606506347656,47.82606506347656,3659
2020-04-13,47.82606506347656,47.82606506347656,47.82606506347656,47.82606506347656,47.82606506347656,4390
2020-04-14,47.82606506347656,47.82606506347656,47.82606506347656,47.82606506347656,47.82606506347656,19340
2020-04-15,47.82606506347656,47.82606506347656,47.82606506347656,47.82606506347656,47.82606506347656,5227
2020-04-16,47.82606506347656,47.82606506347656,47.82606506347656,47.82606506347656,47.82606506347656,10454
2020-04-17,47.82606506347656,47.82606506347656,47.82606506347656,47.82606506347656,47.82606506347656,401245
2020-04-20,47.82606506347656,47.82606506347656,47.82606506347656,47.82606506347656,47.82606506347656,418
2020-04-21,47.82606506347656,47.82606506347656,47.82606506347656,47.82606506347656,47.82606506347656,73913
2020-04-22,47.82606506347656,47.82606506347656,47.82606506347656,47.82606506347656,47.82606506347656,39413
2020-04-23,47.82606506347656,47.82606506347656,47.82606506347656,47.82606506347656,47.82606506347656,8468
2020-04-24,47.82606506347656,47.82606506347656,47.82606506347656,47.82606506347656,47.82606506347656,14950
2020-04-27,47.82606506347656,47.82606506347656,47.82606506347656,47.82606506347656,47.82606506347656,32513
2020-04-28,47.82606506347656,47.82606506347656,47.82606506347656,47.82606506347656,47.82606506347656,1254
2020-04-29,47.82606506347656,47.82606506347656,47.82606506347656,47.82606506347656,47.82606506347656,418
2020-04-30,47.82606506347656,47.82606506347656,47.82606506347656,47.82606506347656,47.82606506347656,13381
2020-05-04,47.82606506347656,47.82606506347656,47.82606506347656,47.82606506347656,47.82606506347656,4600
2020-05-05,47.82606506347656,47.82606506347656,47.82606506347656,47.82606506347656,47.82606506347656,17354
2020-05-06,47.82606506347656,47.82606506347656,47.82606506347656,47.82606506347656,47.82606506347656,143540
2020-05-08,47.82606506347656,47.82606506347656,47.82606506347656,47.82606506347656,47.82606506347656,27286
2020-05-11,47.82606506347656,47.82606506347656,47.82606506347656,47.82606506347656,47.82606506347656,11604
2020-05-12,47.82606506347656,47.82606506347656,47.82606506347656,47.82606506347656,47.82606506347656,2927
2020-05-13,47.82606506347656,47.82606506347656,47.82606506347656,47.82606506347656,47.82606506347656,104
2020-05-14,47.82606506347656,47.82606506347656,47.82606506347656,47.82606506347656,47.82606506347656,53318
2020-05-15,47.82606506347656,47.82606506347656,47.82606506347656,47.82606506347656,47.82606506347656,10559
2020-05-18,47.82606506347656,47.82606506347656,47.82606506347656,47.82606506347656,47.82606506347656,940
2020-05-19,47.82606506347656,47.82606506347656,47.82606506347656,47.82606506347656,47.82606506347656,55931
2020-05-20,47.82606506347656,47.82606506347656,47.82606506347656,47.82606506347656,47.82606506347656,627
2020-05-26,47.82606506347656,47.82606506347656,47.82606506347656,47.82606506347656,47.82606506347656,56872
2020-05-27,47.82606506347656,47.82606506347656,47.82606506347656,47.82606506347656,47.82606506347656,2822
2020-05-28,47.82606506347656,47.82606506347656,47.82606506347656,47.82606506347656,47.82606506347656,2404
2020-05-29,47.82606506347656,47.82606506347656,47.82606506347656,47.82606506347656,47.82606506347656,1254
2020-06-02,47.82606506347656,47.82606506347656,47.82606506347656,47.82606506347656,47.82606506347656,1045
2020-06-03,47.82606506347656,47.82606506347656,47.82606506347656,47.82606506347656,47.82606506347656,183790
2020-06-04,47.82606506347656,47.82606506347656,47.82606506347656,47.82606506347656,47.82606506347656,132145
2020-06-05,47.82606506347656,47.82606506347656,47.82606506347656,47.82606506347656,47.82606506347656,11604
2020-06-08,47.82606506347656,47.82606506347656,49.73910903930664,47.82606506347656,47.82606506347656,3810578
2020-06-09,48.78258514404297,48.78258514404297,52.608673095703125,47.82606506347656,47.82606506347656,7238625
2020-06-10,49.73910903930664,49.73910903930664,49.73910903930664,47.82606506347656,48.78258514404297,1581982
2020-06-11,47.82606506347656,47.82606506347656,50.69562911987305,47.82606506347656,50.69562911987305,3480633
2020-06-12,47.82606506347656,47.82606506347656,48.78258514404297,47.82606506347656,47.82606506347656,981995
2020-06-15,47.82606506347656,47.82606506347656,48.78258514404297,47.82606506347656,48.78258514404297,485195
2020-06-16,47.82606506347656,47.82606506347656,48.78258514404297,47.82606506347656,47.82606506347656,415672
2020-06-17,47.82606506347656,47.82606506347656,48.78258514404297,47.82606506347656,47.82606506347656,1204259
2020-06-18,48.78258514404297,48.78258514404297,49.73910903930664,47.82606506347656,47.82606506347656,495963
2020-06-19,47.82606506347656,47.82606506347656,48.78258514404297,47.82606506347656,47.82606506347656,125350
2020-06-22,47.82606506347656,47.82606506347656,48.78258514404297,47.82606506347656,47.82606506347656,136954
2020-06-23,47.82606506347656,47.82606506347656,48.78258514404297,47.82606506347656,47.82606506347656,266486
2020-06-24,47.82606506347656,47.82606506347656,48.78258514404297,47.82606506347656,48.78258514404297,375422
2020-06-25,47.82606506347656,47.82606506347656,48.78258514404297,47.82606506347656,48.78258514404297,180550
2020-06-26,47.82606506347656,47.82606506347656,47.82606506347656,47.82606506347656,47.82606506347656,30840
2020-06-29,47.82606506347656,47.82606506347656,47.82606506347656,47.82606506347656,47.82606506347656,2927
2020-06-30,47.82606506347656,47.82606506347656,47.82606506347656,47.82606506347656,47.82606506347656,268891
2020-07-01,47.82606506347656,47.82606506347656,47.82606506347656,47.82606506347656,47.82606506347656,14636
2020-07-02,47.82606506347656,47.82606506347656,47.82606506347656,47.82606506347656,47.82606506347656,3554
2020-07-03,47.82606506347656,47.82606506347656,47.82606506347656,47.82606506347656,47.82606506347656,83322
2020-07-06,50.69562911987305,50.69562911987305,56.434757232666016,47.82606506347656,48.78258514404297,15424956
2020-07-07,54.52171325683594,54.52171325683594,61.21736526489258,50.69562911987305,50.69562911987305,28532766
2020-07-08,52.608673095703125,52.608673095703125,55.47823715209961,52.608673095703125,54.52171325683594,3988724
2020-07-09,52.608673095703125,52.608673095703125,54.52171325683594,49.73910903930664,49.73910903930664,2327914
2020-07-10,49.73910903930664,49.73910903930664,52.608673095703125,49.73910903930664,49.73910903930664,2360532
2020-07-13,49.73910903930664,49.73910903930664,51.65214920043945,47.82606506347656,47.82606506347656,4728697
2020-07-14,49.73910903930664,49.73910903930664,50.69562911987305,47.82606506347656,47.82606506347656,479027
2020-07-15,50.69562911987305,50.69562911987305,52.608673095703125,48.78258514404297,48.78258514404297,2444378
2020-07-16,49.73910903930664,49.73910903930664,51.65214920043945,49.73910903930664,49.73910903930664,605422
2020-07-17,50.69562911987305,50.69562911987305,51.65214920043945,48.78258514404297,48.78258514404297,929723
2020-07-20,48.78258514404297,48.78258514404297,50.69562911987305,47.82606506347656,47.82606506347656,4358397
2020-07-21,49.73910903930664,49.73910903930664,50.69562911987305,48.78258514404297,49.73910903930664,1217223
2020-07-22,49.73910903930664,49.73910903930664,50.69562911987305,47.82606506347656,50.69562911987305,1746014
2020-07-23,48.78258514404297,48.78258514404297,49.73910903930664,47.82606506347656,49.73910903930664,1306609
2020-07-24,48.78258514404297,48.78258514404297,49.73910903930664,47.82606506347656,48.78258514404297,3789251
2020-07-27,47.82606506347656,47.82606506347656,48.78258514404297,47.82606506347656,48.78258514404297,1065005
2020-07-28,47.82606506347656,47.82606506347656,53.56519317626953,47.82606506347656,48.78258514404297,17805666
2020-07-29,48.78258514404297,48.78258514404297,49.73910903930664,47.82606506347656,48.78258514404297,2882110
2020-07-30,47.82606506347656,47.82606506347656,48.78258514404297,47.82606506347656,48.78258514404297,1139545
2020-08-03,47.82606506347656,47.82606506347656,48.78258514404297,47.82606506347656,47.82606506347656,3623337
2020-08-04,48.78258514404297,48.78258514404297,48.78258514404297,47.82606506347656,47.82606506347656,235331
2020-08-05,48.78258514404297,48.78258514404297,48.78258514404297,47.82606506347656,47.82606506347656,580122
2020-08-06,47.82606506347656,47.82606506347656,48.78258514404297,47.82606506347656,48.78258514404297,594968
2020-08-07,47.82606506347656,47.82606506347656,49.73910903930664,47.82606506347656,48.78258514404297,2672601
2020-08-10,48.78258514404297,48.78258514404297,48.78258514404297,47.82606506347656,48.78258514404297,1587732
2020-08-11,48.78258514404297,48.78258514404297,49.73910903930664,48.78258514404297,48.78258514404297,842532
2020-08-12,48.78258514404297,48.78258514404297,48.78258514404297,47.82606506347656,48.78258514404297,558795
2020-08-13,47.82606506347656,47.82606506347656,49.73910903930664,47.82606506347656,48.78258514404297,840127
2020-08-14,47.82606506347656,47.82606506347656,48.78258514404297,47.82606506347656,48.78258514404297,732236
2020-08-18,48.78258514404297,48.78258514404297,49.73910903930664,47.82606506347656,48.78258514404297,1027786
2020-08-19,48.78258514404297,48.78258514404297,49.73910903930664,47.82606506347656,48.78258514404297,1458409
2020-08-24,49.73910903930664,49.73910903930664,50.69562911987305,47.82606506347656,47.82606506347656,2178728
2020-08-25,49.73910903930664,49.73910903930664,50.69562911987305,48.78258514404297,49.73910903930664,2227550
2020-08-26,49.73910903930664,49.73910903930664,49.73910903930664,48.78258514404297,49.73910903930664,1542464
2020-08-27,48.78258514404297,48.78258514404297,49.73910903930664,47.82606506347656,47.82606506347656,1410736
2020-08-28,49.73910903930664,49.73910903930664,49.73910903930664,48.78258514404297,48.78258514404297,1152823
2020-08-31,47.82606506347656,47.82606506347656,49.73910903930664,47.82606506347656,49.73910903930664,3394696
2020-09-01,48.78258514404297,48.78258514404297,48.78258514404297,47.82606506347656,47.82606506347656,104545
2020-09-02,48.78258514404297,48.78258514404297,48.78258514404297,47.82606506347656,48.78258514404297,219441
2020-09-03,48.78258514404297,48.78258514404297,48.78258514404297,47.82606506347656,48.78258514404297,4412551
2020-09-04,48.78258514404297,48.78258514404297,48.78258514404297,47.82606506347656,47.82606506347656,783254
2020-09-07,47.82606506347656,47.82606506347656,48.78258514404297,47.82606506347656,48.78258514404297,1086018
2020-09-08,47.82606506347656,47.82606506347656,47.82606506347656,47.82606506347656,47.82606506347656,167900
2020-09-09,47.82606506347656,47.82606506347656,47.82606506347656,47.82606506347656,47.82606506347656,58963
2020-09-10,47.82606506347656,47.82606506347656,47.82606506347656,47.82606506347656,47.82606506347656,91059
2020-09-11,47.82606506347656,47.82606506347656,47.82606506347656,47.82606506347656,47.82606506347656,61995
2020-09-14,47.82606506347656,47.82606506347656,47.82606506347656,47.82606506347656,47.82606506347656,190586
2020-09-15,47.82606506347656,47.82606506347656,47.82606506347656,47.82606506347656,47.82606506347656,54468
2020-09-16,47.82606506347656,47.82606506347656,47.82606506347656,47.82606506347656,47.82606506347656,662400
2020-09-17,47.82606506347656,47.82606506347656,47.82606506347656,47.82606506347656,47.82606506347656,1672
2020-09-18,47.82606506347656,47.82606506347656,47.82606506347656,47.82606506347656,47.82606506347656,160790
2020-09-21,47.82606506347656,47.82606506347656,47.82606506347656,47.82606506347656,47.82606506347656,731
2020-09-22,47.82606506347656,47.82606506347656,47.82606506347656,47.82606506347656,47.82606506347656,104
2020-09-23,47.82606506347656,47.82606506347656,47.82606506347656,47.82606506347656,47.82606506347656,627
2020-09-24,47.82606506347656,47.82606506347656,47.82606506347656,47.82606506347656,47.82606506347656,627
2020-09-25,47.82606506347656,47.82606506347656,47.82606506347656,47.82606506347656,47.82606506347656,105068
2020-09-28,47.82606506347656,47.82606506347656,47.82606506347656,47.82606506347656,47.82606506347656,16204
2020-09-29,47.82606506347656,47.82606506347656,47.82606506347656,47.82606506347656,47.82606506347656,313
2020-09-30,47.82606506347656,47.82606506347656,47.82606506347656,47.82606506347656,47.82606506347656,2090
2020-10-01,47.82606506347656,47.82606506347656,47.82606506347656,47.82606506347656,47.82606506347656,2718
2020-10-02,47.82606506347656,47.82606506347656,47.82606506347656,47.82606506347656,47.82606506347656,12650
2020-10-05,47.82606506347656,47.82606506347656,47.82606506347656,47.82606506347656,47.82606506347656,78722
2020-10-06,47.82606506347656,47.82606506347656,47.82606506347656,47.82606506347656,47.82606506347656,3345
2020-10-07,47.82606506347656,47.82606506347656,48.78258514404297,47.82606506347656,47.82606506347656,2265605
2020-10-08,48.78258514404297,48.78258514404297,48.78258514404297,47.82606506347656,47.82606506347656,2855973
2020-10-09,47.82606506347656,47.82606506347656,48.78258514404297,47.82606506347656,47.82606506347656,1643977
2020-10-12,57.39127731323242,57.39127731323242,62.173885345458984,47.82606506347656,48.78258514404297,58867584
2020-10-13,53.56519317626953,53.56519317626953,54.52171325683594,53.56519317626953,54.52171325683594,4116792
2020-10-14,50.69562911987305,50.69562911987305,54.52171325683594,50.69562911987305,50.69562911987305,19127121
2020-10-15,48.78258514404297,48.78258514404297,50.69562911987305,47.82606506347656,49.73910903930664,4569683
2020-10-16,48.78258514404297,48.78258514404297,50.69562911987305,48.78258514404297,48.78258514404297,1499809
2020-10-19,49.73910903930664,49.73910903930664,50.69562911987305,48.78258514404297,49.73910903930664,2807360
2020-10-20,49.73910903930664,49.73910903930664,56.434757232666016,48.78258514404297,49.73910903930664,12025659
2020-10-21,51.65214920043945,51.65214920043945,52.608673095703125,49.73910903930664,49.73910903930664,3450837
2020-10-22,49.73910903930664,49.73910903930664,51.65214920043945,48.78258514404297,50.69562911987305,1715591
2020-10-23,48.78258514404297,48.78258514404297,50.69562911987305,48.78258514404297,49.73910903930664,1006877
2020-10-26,48.78258514404297,48.78258514404297,50.69562911987305,48.78258514404297,49.73910903930664,992136
2020-10-27,47.82606506347656,47.82606506347656,49.73910903930664,47.82606506347656,48.78258514404297,1626309
2020-11-02,48.78258514404297,48.78258514404297,48.78258514404297,47.82606506347656,47.82606506347656,2464869
2020-11-03,65.04344940185547,65.04344940185547,65.04344940185547,48.78258514404297,48.78258514404297,232925492
2020-11-04,61.21736526489258,61.21736526489258,76.5217056274414,61.21736526489258,65.04344940185547,338999133
2020-11-05,58.347801208496094,58.347801208496094,65.04344940185547,57.39127731323242,57.39127731323242,66116246
2020-11-06,55.47823715209961,55.47823715209961,60.260841369628906,54.52171325683594,58.347801208496094,18264203
2020-11-09,53.56519317626953,53.56519317626953,57.39127731323242,52.608673095703125,56.434757232666016,11614273
2020-11-10,56.434757232666016,56.434757232666016,61.21736526489258,53.56519317626953,53.56519317626953,38729298
2020-11-11,56.434757232666016,56.434757232666016,57.39127731323242,54.52171325683594,54.52171325683594,6709625
2020-11-12,55.47823715209961,55.47823715209961,57.39127731323242,54.52171325683594,57.39127731323242,3908119
2020-11-13,63.13040542602539,63.13040542602539,65.99996948242188,54.52171325683594,55.47823715209961,159766851
2020-11-16,59.3043212890625,59.3043212890625,65.99996948242188,59.3043212890625,64.08692932128906,18581080
2020-11-17,59.3043212890625,59.3043212890625,60.260841369628906,57.39127731323242,57.39127731323242,9503917
2020-11-18,65.99996948242188,65.99996948242188,74.6086654663086,58.347801208496094,59.3043212890625,209454713
2020-11-19,64.08692932128906,64.08692932128906,67.91300964355469,62.173885345458984,65.99996948242188,48533680
2020-11-20,63.13040542602539,63.13040542602539,65.99996948242188,62.173885345458984,64.08692932128906,8880826
2020-11-23,67.91300964355469,67.91300964355469,76.5217056274414,63.13040542602539,63.13040542602539,200739278
2020-11-24,65.99996948242188,65.99996948242188,68.86953735351562,64.08692932128906,67.91300964355469,35432456
2020-11-25,65.04344940185547,65.04344940185547,67.91300964355469,64.08692932128906,66.95648956298828,9029072
2020-11-26,66.95648956298828,66.95648956298828,67.91300964355469,64.08692932128906,65.04344940185547,22297986
2020-11-27,65.99996948242188,65.99996948242188,68.86953735351562,65.04344940185547,67.91300964355469,22179432
2020-11-30,62.173885345458984,62.173885345458984,66.95648956298828,62.173885345458984,65.99996948242188,12827314
2020-12-01,63.13040542602539,63.13040542602539,64.08692932128906,59.3043212890625,62.173885345458984,9158394
2020-12-02,65.04344940185547,65.04344940185547,65.99996948242188,61.21736526489258,64.08692932128906,10489990
2020-12-03,65.04344940185547,65.04344940185547,66.95648956298828,63.13040542602539,65.99996948242188,17331030
2020-12-04,64.08692932128906,64.08692932128906,69.82605743408203,63.13040542602539,65.04344940185547,29213044
2020-12-07,64.08692932128906,64.08692932128906,65.99996948242188,63.13040542602539,64.08692932128906,7319544
2020-12-08,65.99996948242188,65.99996948242188,67.91300964355469,63.13040542602539,64.08692932128906,24267101
2020-12-10,64.08692932128906,64.08692932128906,67.91300964355469,64.08692932128906,65.99996948242188,8751503
2020-12-11,66.95648956298828,66.95648956298828,71.73909759521484,64.08692932128906,64.08692932128906,100222961
2020-12-14,65.04344940185547,65.04344940185547,66.95648956298828,64.08692932128906,66.95648956298828,12664955
2020-12-15,65.04344940185547,65.04344940185547,65.99996948242188,64.08692932128906,65.04344940185547,10148858
2020-12-16,65.99996948242188,65.99996948242188,74.6086654663086,64.08692932128906,65.04344940185547,71363281
2020-12-17,66.95648956298828,66.95648956298828,69.82605743408203,65.99996948242188,69.82605743408203,19663126
2020-12-18,65.99996948242188,65.99996948242188,68.86953735351562,65.04344940185547,66.95648956298828,13532996
2020-12-21,73.65213775634766,73.65213775634766,81.30431365966797,65.04344940185547,65.99996948242188,246224411
2020-12-22,69.82605743408203,69.82605743408203,75.565185546875,68.86953735351562,73.65213775634766,28026348
2020-12-23,66.95648956298828,66.95648956298828,71.73909759521484,65.99996948242188,69.82605743408203,15231129
2020-12-28,67.91300964355469,67.91300964355469,69.82605743408203,65.99996948242188,66.95648956298828,15194852
2020-12-29,66.95648956298828,66.95648956298828,68.86953735351562,66.95648956298828,68.86953735351562,11462159
2020-12-30,70.78257751464844,70.78257751464844,87.04344177246094,66.95648956298828,67.91300964355469,284142228
2021-01-04,72.69561767578125,72.69561767578125,74.6086654663086,67.91300964355469,70.78257751464844,26769084
2021-01-05,71.73909759521484,71.73909759521484,73.65213775634766,70.78257751464844,72.69561767578125,13281146
2021-01-06,72.69561767578125,72.69561767578125,73.65213775634766,70.78257751464844,71.73909759521484,8304153
2021-01-07,75.565185546875,75.565185546875,81.30431365966797,71.73909759521484,73.65213775634766,70444012
2021-01-08,73.65213775634766,73.65213775634766,77.47822570800781,72.69561767578125,76.5217056274414,10654022
2021-01-11,73.65213775634766,73.65213775634766,77.47822570800781,72.69561767578125,73.65213775634766,9322322
2021-01-12,75.565185546875,75.565185546875,78.43474578857422,72.69561767578125,73.65213775634766,44149355
2021-01-13,75.565185546875,75.565185546875,76.5217056274414,73.65213775634766,75.565185546875,12639446
2021-01-14,76.5217056274414,76.5217056274414,79.39126586914062,73.65213775634766,75.565185546875,24116346
2021-01-15,74.6086654663086,74.6086654663086,77.47822570800781,73.65213775634766,77.47822570800781,13374087
2021-01-18,71.73909759521484,71.73909759521484,75.565185546875,70.78257751464844,74.6086654663086,10095540
2021-01-19,68.86953735351562,68.86953735351562,72.69561767578125,67.91300964355469,72.69561767578125,15501797
2021-01-20,69.82605743408203,69.82605743408203,77.47822570800781,67.91300964355469,69.82605743408203,63538677
2021-01-21,71.73909759521484,71.73909759521484,74.6086654663086,69.82605743408203,70.78257751464844,16230584
2021-01-22,71.73909759521484,71.73909759521484,80.34779357910156,68.86953735351562,71.73909759521484,128885469
2021-01-25,69.82605743408203,69.82605743408203,73.65213775634766,68.86953735351562,72.69561767578125,18937058
2021-01-26,68.86953735351562,68.86953735351562,70.78257751464844,66.95648956298828,68.86953735351562,8751712
2021-01-27,67.91300964355469,67.91300964355469,68.86953735351562,65.04344940185547,68.86953735351562,11857236
2021-01-28,65.99996948242188,65.99996948242188,69.82605743408203,65.04344940185547,67.91300964355469,7522780
2021-01-29,65.99996948242188,65.99996948242188,66.95648956298828,64.08692932128906,66.95648956298828,4590279
2021-02-01,66.95648956298828,66.95648956298828,66.95648956298828,62.173885345458984,65.04344940185547,7150075
2021-02-02,65.04344940185547,65.04344940185547,67.91300964355469,65.04344940185547,66.95648956298828,1824737
2021-02-03,67.91300964355469,67.91300964355469,68.86953735351562,65.04344940185547,65.04344940185547,3258160
2021-02-04,65.99996948242188,65.99996948242188,68.86953735351562,65.99996948242188,67.91300964355469,2373810
2021-02-05,66.95648956298828,66.95648956298828,67.91300964355469,66.95648956298828,66.95648956298828,695227
2021-02-08,69.82605743408203,69.82605743408203,70.78257751464844,66.95648956298828,66.95648956298828,6476907
2021-02-09,69.82605743408203,69.82605743408203,72.69561767578125,67.91300964355469,70.78257751464844,7678657
2021-02-10,69.82605743408203,69.82605743408203,69.82605743408203,67.91300964355469,69.82605743408203,1656314
2021-02-11,68.86953735351562,68.86953735351562,70.78257751464844,67.91300964355469,69.82605743408203,3798869
2021-02-15,71.73909759521484,71.73909759521484,71.73909759521484,68.86953735351562,68.86953735351562,8533003
2021-02-16,76.5217056274414,76.5217056274414,77.47822570800781,69.82605743408203,71.73909759521484,38037416
2021-02-17,103.3042984008789,103.3042984008789,103.3042984008789,78.43474578857422,79.39126586914062,149132169
2021-02-18,96.60865020751953,96.60865020751953,136.7825469970703,96.60865020751953,115.73908233642578,480767222
2021-02-19,90.86952209472656,90.86952209472656,102.3477783203125,89.91300201416016,89.91300201416016,188473163
2021-02-22,103.3042984008789,103.3042984008789,108.08690643310547,85.1303939819336,85.1303939819336,211730982
2021-02-23,107.13038635253906,107.13038635253906,115.73908233642578,104.26082611083984,105.21734619140625,167520259
2021-02-24,124.34777069091797,124.34777069091797,131.99993896484375,101.3912582397461,108.08690643310547,466274707
2021-02-25,167.3912353515625,167.3912353515625,167.3912353515625,125.30429077148438,126.26081085205078,614878608
2021-02-26,188.4346923828125,188.4346923828125,218.0868682861328,155.91297912597656,176.95645141601562,1025620523
2021-03-01,188.4346923828125,188.4346923828125,188.4346923828125,188.4346923828125,188.4346923828125,0
2021-03-02,252.52162170410156,252.52162170410156,252.52162170410156,202.7825164794922,202.7825164794922,805726104
2021-03-03,252.52162170410156,252.52162170410156,252.52162170410156,252.52162170410156,252.52162170410156,0
2021-03-04,252.52162170410156,252.52162170410156,252.52162170410156,252.52162170410156,252.52162170410156,0
2021-03-05,252.52162170410156,252.52162170410156,252.52162170410156,252.52162170410156,252.52162170410156,0
2021-03-08,252.52162170410156,252.52162170410156,252.52162170410156,252.52162170410156,252.52162170410156,0
2021-03-09,252.52162170410156,252.52162170410156,252.52162170410156,252.52162170410156,252.52162170410156,0
2021-03-10,235.3042449951172,235.3042449951172,252.52162170410156,235.3042449951172,252.52162170410156,43725528
2021-03-12,219.99990844726562,219.99990844726562,219.99990844726562,219.99990844726562,219.99990844726562,8674140
2021-03-15,204.695556640625,204.695556640625,204.695556640625,204.695556640625,204.695556640625,9594976
2021-03-16,191.30426025390625,191.30426025390625,208.5216522216797,191.30426025390625,191.30426025390625,289201603
2021-03-17,177.9129638671875,177.9129638671875,177.9129638671875,177.9129638671875,177.9129638671875,5302129
2021-03-18,170.2607879638672,170.2607879638672,183.652099609375,165.4781951904297,165.4781951904297,476554039
2021-03-19,158.78253173828125,158.78253173828125,172.17384338378906,158.78253173828125,160.69558715820312,72412081
2021-03-22,148.26080322265625,148.26080322265625,158.78253173828125,148.26080322265625,149.2173309326172,134472694
2021-03-23,175.04339599609375,175.04339599609375,175.04339599609375,138.69558715820312,148.26080322265625,679818613
2021-03-24,163.5651397705078,163.5651397705078,177.9129638671875,163.5651397705078,175.9999237060547,328716456
2021-03-25,153.0434112548828,153.0434112548828,165.4781951904297,153.0434112548828,153.0434112548828,75498264
2021-03-26,149.2173309326172,149.2173309326172,154.95645141601562,143.4781951904297,143.4781951904297,111006830
2021-03-29,139.65211486816406,139.65211486816406,150.17384338378906,139.65211486816406,149.2173309326172,107870987
2021-03-30,130.08689880371094,130.08689880371094,145.3912353515625,130.08689880371094,139.65211486816406,165478171
2021-03-31,121.47821044921875,121.47821044921875,127.21733856201172,121.47821044921875,125.30429077148438,67824102
2021-04-01,113.82603454589844,113.82603454589844,121.47821044921875,113.82603454589844,120.52168273925781,52384300
2021-04-05,109.99995422363281,109.99995422363281,127.21733856201172,106.17386627197266,106.17386627197266,370629479
2021-04-06,112.86951446533203,112.86951446533203,119.5651626586914,103.3042984008789,103.3042984008789,167358945
2021-04-07,131.04342651367188,131.04342651367188,135.82603454589844,108.08690643310547,108.08690643310547,353407280
2021-04-08,127.21733856201172,127.21733856201172,138.69558715820312,122.43473052978516,131.99993896484375,366357854
2021-04-09,121.47821044921875,121.47821044921875,132.9564666748047,120.52168273925781,128.17385864257812,93065672
2021-04-12,119.5651626586914,119.5651626586914,127.21733856201172,117.6521224975586,117.6521224975586,52620259
2021-04-13,115.73908233642578,115.73908233642578,124.34777069091797,114.78255462646484,119.5651626586914,25866961
2021-04-14,115.73908233642578,115.73908233642578,120.52168273925781,113.82603454589844,115.73908233642578,21397641
2021-04-15,110.95647430419922,110.95647430419922,117.6521224975586,109.99995422363281,115.73908233642578,74336764
2021-04-16,110.95647430419922,110.95647430419922,115.73908233642578,109.99995422363281,110.95647430419922,52322931
2021-04-19,109.99995422363281,109.99995422363281,111.91299438476562,107.13038635253906,109.99995422363281,24609069
2021-04-20,122.43473052978516,122.43473052978516,127.21733856201172,107.13038635253906,109.99995422363281,201957442
2021-04-21,114.78255462646484,114.78255462646484,123.39125061035156,114.78255462646484,122.43473052978516,83994050
2021-04-22,111.91299438476562,111.91299438476562,118.608642578125,109.99995422363281,112.86951446533203,61153367
2021-04-23,109.99995422363281,109.99995422363281,116.69560241699219,105.21734619140625,105.21734619140625,36413929
2021-04-26,110.95647430419922,110.95647430419922,113.82603454589844,108.08690643310547,108.08690643310547,12961446
2021-04-27,107.13038635253906,107.13038635253906,112.86951446533203,106.17386627197266,110.95647430419922,26723607
2021-04-28,108.08690643310547,108.08690643310547,111.91299438476562,107.13038635253906,107.13038635253906,23566332
2021-04-29,120.52168273925781,120.52168273925781,122.43473052978516,108.08690643310547,109.04342651367188,190053578
2021-04-30,112.86951446533203,112.86951446533203,121.47821044921875,112.86951446533203,121.47821044921875,99569761
2021-05-03,109.99995422363281,109.99995422363281,114.78255462646484,109.04342651367188,110.95647430419922,30751222
2021-05-04,112.86951446533203,112.86951446533203,122.43473052978516,106.17386627197266,106.17386627197266,202379806
2021-05-05,110.95647430419922,110.95647430419922,115.73908233642578,110.95647430419922,113.82603454589844,29182308
2021-05-06,113.82603454589844,113.82603454589844,114.78255462646484,109.04342651367188,109.04342651367188,21546827
2021-05-07,110.95647430419922,110.95647430419922,114.78255462646484,107.13038635253906,107.13038635253906,19195285
2021-05-10,114.78255462646484,114.78255462646484,119.5651626586914,107.13038635253906,107.13038635253906,95645646
2021-05-11,110.95647430419922,110.95647430419922,114.78255462646484,109.04342651367188,114.78255462646484,47580329
2021-05-17,109.04342651367188,109.04342651367188,111.91299438476562,108.08690643310547,110.95647430419922,13262223
2021-05-18,109.04342651367188,109.04342651367188,110.95647430419922,106.17386627197266,109.04342651367188,16640820
2021-05-19,109.99995422363281,109.99995422363281,113.82603454589844,103.3042984008789,106.17386627197266,48556575
2021-05-20,108.08690643310547,108.08690643310547,110.95647430419922,108.08690643310547,109.99995422363281,16876466
2021-05-21,109.99995422363281,109.99995422363281,118.608642578125,108.08690643310547,108.08690643310547,141847229
2021-05-24,110.95647430419922,110.95647430419922,114.78255462646484,109.99995422363281,112.86951446533203,73584454
2021-05-25,109.04342651367188,109.04342651367188,112.86951446533203,108.08690643310547,111.91299438476562,29880358
2021-05-27,119.5651626586914,119.5651626586914,132.9564666748047,109.04342651367188,109.04342651367188,375813472
2021-05-28,160.69558715820312,160.69558715820312,160.69558715820312,117.6521224975586,123.39125061035156,1027497637
2021-05-31,150.17384338378906,150.17384338378906,178.86949157714844,150.17384338378906,164.52166748046875,478907880
2021-06-02,140.60862731933594,140.60862731933594,140.60862731933594,140.60862731933594,140.60862731933594,11559595
2021-06-03,144.43472290039062,144.43472290039062,160.69558715820312,131.04342651367188,131.04342651367188,856334699
2021-06-04,145.3912353515625,145.3912353515625,157.82601928710938,143.4781951904297,155.91297912597656,177356318
2021-06-07,195.13035583496094,195.13035583496094,195.13035583496094,138.69558715820312,146.34776306152344,861858570
2021-06-08,181.73904418945312,181.73904418945312,202.7825164794922,181.73904418945312,190.34774780273438,182134256
2021-06-09,171.21731567382812,171.21731567382812,202.7825164794922,169.3042755126953,172.17384338378906,616638945
2021-06-10,176.95645141601562,176.95645141601562,200.86947631835938,165.4781951904297,172.17384338378906,422996529
2021-06-11,168.34774780273438,168.34774780273438,186.5216522216797,165.4781951904297,179.8260040283203,147681809
2021-06-14,162.60862731933594,162.60862731933594,172.17384338378906,156.86949157714844,168.34774780273438,83005886
2021-06-15,152.08688354492188,152.08688354492188,175.04339599609375,152.08688354492188,164.52166748046875,140408056
2021-06-16,167.3912353515625,167.3912353515625,176.95645141601562,145.3912353515625,152.08688354492188,412094733
2021-06-17,161.652099609375,161.652099609375,167.3912353515625,157.82601928710938,167.3912353515625,65882169
2021-06-18,151.13037109375,151.13037109375,170.2607879638672,151.13037109375,160.69558715820312,122878076
2021-06-21,144.43472290039062,144.43472290039062,163.5651397705078,140.60862731933594,147.3042755126953,181677601
2021-06-22,134.8695068359375,134.8695068359375,150.17384338378906,134.8695068359375,136.7825469970703,114761058
2021-06-23,126.26081085205078,126.26081085205078,144.43472290039062,126.26081085205078,134.8695068359375,304539682
2021-06-24,122.43473052978516,122.43473052978516,129.13037109375,117.6521224975586,118.608642578125,95941300
2021-06-25,126.26081085205078,126.26081085205078,131.99993896484375,122.43473052978516,125.30429077148438,110962711
2021-06-28,120.52168273925781,120.52168273925781,130.08689880371094,118.608642578125,127.21733856201172,48736393
2021-06-29,112.86951446533203,112.86951446533203,123.39125061035156,112.86951446533203,119.5651626586914,96368787
2021-06-30,115.73908233642578,115.73908233642578,121.47821044921875,112.86951446533203,113.82603454589844,80504321
2021-07-01,112.86951446533203,112.86951446533203,117.6521224975586,111.91299438476562,117.6521224975586,21482845
2021-07-02,113.82603454589844,113.82603454589844,116.69560241699219,112.86951446533203,113.82603454589844,21458591
2021-07-05,124.34777069091797,124.34777069091797,127.21733856201172,113.82603454589844,115.73908233642578,164613685
2021-07-06,115.73908233642578,115.73908233642578,126.26081085205078,115.73908233642578,125.30429077148438,127428105
2021-07-07,122.43473052978516,122.43473052978516,128.17385864257812,113.82603454589844,113.82603454589844,169654451
2021-07-08,132.9564666748047,132.9564666748047,140.60862731933594,117.6521224975586,123.39125061035156,422336010
2021-07-09,129.13037109375,129.13037109375,144.43472290039062,128.17385864257812,133.91297912597656,404404994
2021-07-12,131.04342651367188,131.04342651367188,136.7825469970703,126.26081085205078,129.13037109375,132499084
2021-07-13,132.9564666748047,132.9564666748047,160.69558715820312,127.21733856201172,131.99993896484375,1110610682
2021-07-14,125.30429077148438,125.30429077148438,141.56515502929688,124.34777069091797,135.82603454589844,323871922
2021-07-15,130.08689880371094,130.08689880371094,131.99993896484375,120.52168273925781,125.30429077148438,174794639
2021-07-16,142.5216827392578,142.5216827392578,148.26080322265625,130.08689880371094,131.99993896484375,637974695
2021-07-19,161.652099609375,161.652099609375,170.2607879638672,143.4781951904297,144.43472290039062,1473714454
2021-07-21,188.4346923828125,188.4346923828125,193.21730041503906,163.5651397705078,164.52166748046875,1551929856
2021-07-22,175.9999237060547,175.9999237060547,208.5216522216797,175.9999237060547,190.34774780273438,937768012
2021-07-23,206.60861206054688,206.60861206054688,206.60861206054688,169.3042755126953,177.9129638671875,944070746
2021-07-26,258.2607421875,258.2607421875,258.2607421875,210.4346923828125,210.4346923828125,1774917776
2021-07-27,263.9998779296875,263.9998779296875,277.39117431640625,248.69554138183594,269.739013671875,1333107970
2021-07-28,248.69554138183594,248.69554138183594,267.8259582519531,246.78250122070312,265.9129333496094,477742721
2021-07-29,239.1303253173828,239.1303253173828,254.43467712402344,231.47816467285156,246.78250122070312,369103637
2021-07-30,254.43467712402344,254.43467712402344,263.9998779296875,231.47816467285156,239.1303253173828,667069185
2021-08-02,273.5650939941406,273.5650939941406,304.17376708984375,250.60858154296875,260.1737976074219,1544825153
2021-08-03,292.6955261230469,292.6955261230469,311.8259582519531,273.5650939941406,275.4781494140625,1152540746
2021-08-04,307.9998779296875,307.9998779296875,315.65203857421875,292.6955261230469,296.5216064453125,905950321
2021-08-05,294.60858154296875,294.60858154296875,317.5650939941406,292.6955261230469,307.9998779296875,419745687
2021-08-06,298.4346618652344,298.4346618652344,306.0868225097656,277.39117431640625,292.6955261230469,410540769
2021-08-09,302.2607421875,302.2607421875,329.0433349609375,290.782470703125,302.2607421875,645648648
2021-08-10,302.2607421875,302.2607421875,309.91290283203125,283.13031005859375,309.91290283203125,282560350
2021-08-12,283.13031005859375,283.13031005859375,306.0868225097656,283.13031005859375,306.0868225097656,165213776
2021-08-13,263.9998779296875,263.9998779296875,283.13031005859375,263.9998779296875,281.2172546386719,150246624
2021-08-16,246.78250122070312,246.78250122070312,269.739013671875,246.78250122070312,263.9998779296875,140317206
2021-08-18,229.56512451171875,229.56512451171875,262.08685302734375,229.56512451171875,246.78250122070312,194779348
2021-08-19,214.26077270507812,214.26077270507812,229.56512451171875,214.26077270507812,229.56512451171875,126435759
2021-08-20,237.21728515625,237.21728515625,248.69554138183594,202.7825164794922,212.3477325439453,267404388
2021-08-23,271.6520690917969,271.6520690917969,279.3042297363281,233.39120483398438,241.04336547851562,395984272
2021-08-24,263.9998779296875,263.9998779296875,279.3042297363281,256.34771728515625,277.39117431640625,259142680
2021-08-25,256.34771728515625,256.34771728515625,292.6955261230469,250.60858154296875,273.5650939941406,657912776
2021-08-26,260.1737976074219,260.1737976074219,277.39117431640625,246.78250122070312,256.34771728515625,450615882
2021-08-27,242.9564208984375,242.9564208984375,263.9998779296875,242.9564208984375,260.1737976074219,269216057
2021-08-30,229.56512451171875,229.56512451171875,244.8694610595703,227.65206909179688,242.9564208984375,199172350
2021-08-31,237.21728515625,237.21728515625,242.9564208984375,223.82598876953125,229.56512451171875,125775345
2021-09-01,229.56512451171875,229.56512451171875,244.8694610595703,229.56512451171875,237.21728515625,112737371
2021-09-02,214.26077270507812,214.26077270507812,235.3042449951172,214.26077270507812,229.56512451171875,110951630
2021-09-03,208.5216522216797,208.5216522216797,223.82598876953125,204.695556640625,214.26077270507812,98442238
2021-09-06,219.99990844726562,219.99990844726562,221.91294860839844,204.695556640625,210.4346923828125,92833476
2021-09-07,216.17381286621094,216.17381286621094,229.56512451171875,214.26077270507812,223.82598876953125,95574137
2021-09-08,208.5216522216797,208.5216522216797,219.99990844726562,204.695556640625,216.17381286621094,52034386
2021-09-09,195.13035583496094,195.13035583496094,214.26077270507812,195.13035583496094,208.5216522216797,72308058
2021-09-10,218.0868682861328,218.0868682861328,223.82598876953125,197.04339599609375,197.04339599609375,269257248
2021-09-13,221.91294860839844,221.91294860839844,231.47816467285156,212.3477325439453,221.91294860839844,152794816
2021-09-14,221.91294860839844,221.91294860839844,229.56512451171875,212.3477325439453,223.82598876953125,114609154
2021-09-15,221.91294860839844,221.91294860839844,227.65206909179688,218.0868682861328,221.91294860839844,50263490
2021-09-16,237.21728515625,237.21728515625,241.04336547851562,219.99990844726562,223.82598876953125,273303055
2021-09-17,235.3042449951172,235.3042449951172,246.78250122070312,231.47816467285156,239.1303253173828,165024339
2021-09-20,231.47816467285156,231.47816467285156,242.9564208984375,229.56512451171875,235.3042449951172,96607255
2021-09-21,223.82598876953125,223.82598876953125,231.47816467285156,221.91294860839844,229.56512451171875,58977043
2021-09-22,221.91294860839844,221.91294860839844,237.21728515625,221.91294860839844,223.82598876953125,96158755
2021-09-23,210.4346923828125,210.4346923828125,231.47816467285156,206.60861206054688,223.82598876953125,127102446
2021-09-24,200.86947631835938,200.86947631835938,214.26077270507812,200.86947631835938,206.60861206054688,91859635
2021-09-27,197.04339599609375,197.04339599609375,210.4346923828125,193.21730041503906,210.4346923828125,36470697
2021-09-28,186.5216522216797,186.5216522216797,208.5216522216797,184.60861206054688,197.04339599609375,63786345
2021-09-29,200.86947631835938,200.86947631835938,212.3477325439453,179.8260040283203,186.5216522216797,256933216
2021-09-30,195.13035583496094,195.13035583496094,204.695556640625,191.30426025390625,202.7825164794922,44384896
2021-10-01,190.34774780273438,190.34774780273438,200.86947631835938,187.47817993164062,195.13035583496094,39825458
2021-10-04,190.34774780273438,190.34774780273438,202.7825164794922,188.4346923828125,190.34774780273438,59867457
2021-10-05,186.5216522216797,186.5216522216797,191.30426025390625,181.73904418945312,190.34774780273438,43371118
2021-10-06,187.47817993164062,187.47817993164062,197.04339599609375,181.73904418945312,185.5651397705078,85461973
2021-10-07,191.30426025390625,191.30426025390625,198.95643615722656,187.47817993164062,187.47817993164062,46749297
2021-10-08,187.47817993164062,187.47817993164062,195.13035583496094,185.5651397705078,191.30426025390625,27573980
2021-10-11,178.86949157714844,178.86949157714844,190.34774780273438,175.9999237060547,188.4346923828125,48004366
2021-10-12,168.34774780273438,168.34774780273438,185.5651397705078,168.34774780273438,179.8260040283203,59782985
2021-10-13,158.78253173828125,158.78253173828125,171.21731567382812,158.78253173828125,168.34774780273438,50050112
2021-10-14,163.5651397705078,163.5651397705078,175.04339599609375,156.86949157714844,161.652099609375,214167415
2021-10-15,164.52166748046875,164.52166748046875,175.04339599609375,161.652099609375,165.4781951904297,174579903
2021-10-18,171.21731567382812,171.21731567382812,175.04339599609375,164.52166748046875,164.52166748046875,171666011
2021-10-19,167.3912353515625,167.3912353515625,172.17384338378906,165.4781951904297,172.17384338378906,45744824
2021-10-21,166.43470764160156,166.43470764160156,173.13035583496094,165.4781951904297,167.3912353515625,48304098
2021-10-22,168.34774780273438,168.34774780273438,171.21731567382812,166.43470764160156,167.3912353515625,22456896
2021-10-25,198.95643615722656,198.95643615722656,198.95643615722656,170.2607879638672,170.2607879638672,503846582
2021-10-26,185.5651397705078,185.5651397705078,206.60861206054688,185.5651397705078,198.95643615722656,291156081
2021-10-27,175.04339599609375,175.04339599609375,189.39122009277344,173.13035583496094,185.5651397705078,110793243
2021-10-28,171.21731567382812,171.21731567382812,183.652099609375,168.34774780273438,175.9999237060547,89079561
2021-10-29,177.9129638671875,177.9129638671875,180.78253173828125,171.21731567382812,172.17384338378906,72944218
2021-11-01,184.60861206054688,184.60861206054688,189.39122009277344,175.9999237060547,178.86949157714844,148774623
2021-11-02,176.95645141601562,176.95645141601562,188.4346923828125,175.9999237060547,186.5216522216797,78460770
2021-11-03,177.9129638671875,177.9129638671875,182.69557189941406,175.04339599609375,179.8260040283203,43602582
2021-11-04,178.86949157714844,178.86949157714844,182.69557189941406,177.9129638671875,178.86949157714844,31476663
2021-11-05,186.5216522216797,186.5216522216797,198.95643615722656,178.86949157714844,179.8260040283203,338032192
2021-11-08,225.73902893066406,225.73902893066406,227.65206909179688,184.60861206054688,187.47817993164062,785458286
2021-11-09,210.4346923828125,210.4346923828125,235.3042449951172,210.4346923828125,229.56512451171875,277001352
2021-11-10,216.17381286621094,216.17381286621094,219.99990844726562,200.86947631835938,204.695556640625,203984475
2021-11-11,210.4346923828125,210.4346923828125,219.99990844726562,204.695556640625,219.99990844726562,79892730
2021-11-12,212.3477325439453,212.3477325439453,227.65206909179688,208.5216522216797,208.5216522216797,253974474
2021-11-15,227.65206909179688,227.65206909179688,241.04336547851562,212.3477325439453,214.26077270507812,488560880
2021-11-16,237.21728515625,237.21728515625,242.9564208984375,219.99990844726562,233.39120483398438,428504613
2021-11-17,231.47816467285156,231.47816467285156,258.2607421875,231.47816467285156,237.21728515625,427376776
2021-11-18,221.91294860839844,221.91294860839844,237.21728515625,219.99990844726562,231.47816467285156,155919785
2021-11-19,216.17381286621094,216.17381286621094,231.47816467285156,206.60861206054688,223.82598876953125,143602548
2021-11-22,210.4346923828125,210.4346923828125,219.99990844726562,204.695556640625,219.99990844726562,66482574
2021-11-23,202.7825164794922,202.7825164794922,212.3477325439453,200.86947631835938,210.4346923828125,45306674
2021-11-24,206.60861206054688,206.60861206054688,216.17381286621094,200.86947631835938,200.86947631835938,127084777
2021-11-25,197.04339599609375,197.04339599609375,210.4346923828125,195.13035583496094,208.5216522216797,86228605
2021-11-26,193.21730041503906,193.21730041503906,206.60861206054688,193.21730041503906,198.95643615722656,65851537
2021-11-29,198.95643615722656,198.95643615722656,206.60861206054688,187.47817993164062,195.13035583496094,101678026
2021-11-30,195.13035583496094,195.13035583496094,218.0868682861328,190.34774780273438,200.86947631835938,295735383
2021-12-01,193.21730041503906,193.21730041503906,200.86947631835938,193.21730041503906,197.04339599609375,38198312
2021-12-02,193.21730041503906,193.21730041503906,198.95643615722656,191.30426025390625,193.21730041503906,28475580
2021-12-03,197.04339599609375,197.04339599609375,210.4346923828125,193.21730041503906,193.21730041503906,147714009
2021-12-06,214.26077270507812,214.26077270507812,216.17381286621094,197.04339599609375,197.04339599609375,150650483
2021-12-07,250.60858154296875,250.60858154296875,267.8259582519531,216.17381286621094,216.17381286621094,1042292394
2021-12-08,292.6955261230469,292.6955261230469,304.17376708984375,250.60858154296875,252.52162170410156,922120373
2021-12-09,304.17376708984375,304.17376708984375,321.39117431640625,288.86944580078125,294.60858154296875,483736733
2021-12-10,294.60858154296875,294.60858154296875,323.30419921875,286.9563903808594,304.17376708984375,282548954
2021-12-13,319.4781188964844,319.4781188964844,357.7389831542969,292.6955261230469,294.60858154296875,991074508
2021-12-14,325.2172546386719,325.2172546386719,330.9563903808594,307.9998779296875,325.2172546386719,315604673
2021-12-15,330.9563903808594,330.9563903808594,350.0867919921875,321.39117431640625,327.1302795410156,343753863
2021-12-16,332.8694152832031,332.8694152832031,342.43463134765625,315.65203857421875,332.8694152832031,176312117
2021-12-17,325.2172546386719,325.2172546386719,348.17376708984375,321.39117431640625,334.782470703125,222641874
2021-12-20,309.91290283203125,309.91290283203125,329.0433349609375,304.17376708984375,325.2172546386719,199422945
2021-12-21,307.9998779296875,307.9998779296875,327.1302795410156,304.17376708984375,313.7389831542969,229263786
2021-12-22,286.9563903808594,286.9563903808594,313.7389831542969,286.9563903808594,309.91290283203125,232147778
2021-12-23,267.8259582519531,267.8259582519531,296.5216064453125,267.8259582519531,296.5216064453125,218454826
2021-12-24,275.4781494140625,275.4781494140625,283.13031005859375,252.52162170410156,252.52162170410156,177284286
2021-12-27,269.739013671875,269.739013671875,281.2172546386719,263.9998779296875,281.2172546386719,72159290
2021-12-28,252.52162170410156,252.52162170410156,281.2172546386719,252.52162170410156,269.739013671875,239212440
2021-12-29,239.1303253173828,239.1303253173828,252.52162170410156,235.3042449951172,248.69554138183594,342902549
2021-12-30,233.39120483398438,233.39120483398438,244.8694610595703,227.65206909179688,242.9564208984375,121624575
2022-01-03,235.3042449951172,235.3042449951172,241.04336547851562,221.91294860839844,235.3042449951172,112000012
2022-01-04,221.91294860839844,221.91294860839844,244.8694610595703,219.99990844726562,237.21728515625,210205768
2022-01-05,212.3477325439453,212.3477325439453,231.47816467285156,210.4346923828125,221.91294860839844,291191626
2022-01-06,225.73902893066406,225.73902893066406,229.56512451171875,210.4346923828125,212.3477325439453,344114649
2022-01-07,219.99990844726562,219.99990844726562,229.56512451171875,218.0868682861328,229.56512451171875,114294890
2022-01-10,218.0868682861328,218.0868682861328,223.82598876953125,212.3477325439453,219.99990844726562,105563250
2022-01-11,204.695556640625,204.695556640625,219.99990844726562,204.695556640625,218.0868682861328,110796798
2022-01-12,200.86947631835938,200.86947631835938,208.5216522216797,191.30426025390625,191.30426025390625,87017924
2022-01-13,212.3477325439453,212.3477325439453,216.17381286621094,200.86947631835938,202.7825164794922,111738753
2022-01-14,206.60861206054688,206.60861206054688,214.26077270507812,204.695556640625,214.26077270507812,43720196
2022-01-17,208.5216522216797,208.5216522216797,212.3477325439453,204.695556640625,206.60861206054688,42519177
2022-01-18,210.4346923828125,210.4346923828125,216.17381286621094,198.95643615722656,210.4346923828125,91255989
2022-01-19,239.1303253173828,239.1303253173828,244.8694610595703,206.60861206054688,210.4346923828125,518417089
2022-01-20,233.39120483398438,233.39120483398438,254.43467712402344,231.47816467285156,241.04336547851562,503782600
2022-01-21,235.3042449951172,235.3042449951172,241.04336547851562,231.47816467285156,233.39120483398438,117444532
2022-01-24,219.99990844726562,219.99990844726562,241.04336547851562,219.99990844726562,235.3042449951172,133901353
2022-01-25,204.695556640625,204.695556640625,216.17381286621094,204.695556640625,210.4346923828125,101420948
2022-01-26,214.26077270507812,214.26077270507812,218.0868682861328,195.13035583496094,197.04339599609375,141466788
2022-01-27,202.7825164794922,202.7825164794922,216.17381286621094,200.86947631835938,214.26077270507812,77311919
2022-01-28,206.60861206054688,206.60861206054688,212.3477325439453,202.7825164794922,204.695556640625,58265611
2022-01-31,216.17381286621094,216.17381286621094,221.91294860839844,206.60861206054688,208.5216522216797,113550003
2022-02-02,225.73902893066406,225.73902893066406,231.47816467285156,214.26077270507812,218.0868682861328,136860200
2022-02-03,219.99990844726562,219.99990844726562,229.56512451171875,214.26077270507812,227.65206909179688,85830287
2022-02-04,233.39120483398438,233.39120483398438,239.1303253173828,218.0868682861328,239.1303253173828,190947233
2022-02-07,244.8694610595703,244.8694610595703,252.52162170410156,231.47816467285156,235.3042449951172,420172859
2022-02-08,269.739013671875,269.739013671875,275.4781494140625,244.8694610595703,246.78250122070312,597634768
2022-02-09,254.43467712402344,254.43467712402344,285.0433654785156,252.52162170410156,275.4781494140625,544116672
2022-02-10,252.52162170410156,252.52162170410156,265.9129333496094,241.04336547851562,258.2607421875,188759618
2022-02-11,265.9129333496094,265.9129333496094,269.739013671875,252.52162170410156,254.43467712402344,259506499
2022-02-14,258.2607421875,258.2607421875,267.8259582519531,254.43467712402344,267.8259582519531,108453410
2022-02-15,279.3042297363281,279.3042297363281,281.2172546386719,258.2607421875,260.1737976074219,354692145
2022-02-16,263.9998779296875,263.9998779296875,292.6955261230469,260.1737976074219,283.13031005859375,466922366
2022-02-17,256.34771728515625,256.34771728515625,277.39117431640625,254.43467712402344,277.39117431640625,263528678
2022-02-18,239.1303253173828,239.1303253173828,265.9129333496094,239.1303253173828,254.43467712402344,275960706
2022-02-21,229.56512451171875,229.56512451171875,239.1303253173828,223.82598876953125,237.21728515625,306793578
2022-02-22,219.99990844726562,219.99990844726562,241.04336547851562,219.99990844726562,231.47816467285156,297841452
2022-02-23,232.0,232.0,238.0,210.0,226.0,328134500
2022-02-24,216.0,216.0,234.0,216.0,232.0,149093700
2022-02-25,218.0,218.0,226.0,216.0,216.0,68051200
2022-03-01,208.0,208.0,224.0,206.0,220.0,99042700
2022-03-02,204.0,204.0,212.0,198.0,208.0,90806400
2022-03-04,193.0,193.0,208.0,192.0,200.0,119568600
2022-03-07,198.0,198.0,202.0,183.0,193.0,101559700
2022-03-08,187.0,187.0,204.0,187.0,199.0,91938300
2022-03-09,188.0,188.0,192.0,185.0,187.0,34928100
2022-03-10,202.0,202.0,208.0,188.0,188.0,137389800
2022-03-11,199.0,199.0,206.0,198.0,204.0,34538200
2022-03-14,193.0,193.0,202.0,193.0,200.0,30309900
2022-03-15,198.0,198.0,204.0,193.0,194.0,54417100
2022-03-16,214.0,214.0,216.0,198.0,200.0,192326000
2022-03-17,208.0,208.0,216.0,202.0,216.0,108197300
2022-03-18,204.0,204.0,214.0,202.0,208.0,57223300
2022-03-21,199.0,199.0,206.0,195.0,204.0,54634700
2022-03-22,198.0,198.0,202.0,197.0,199.0,31950600
2022-03-23,198.0,198.0,202.0,197.0,200.0,37488700
2022-03-24,197.0,197.0,200.0,196.0,198.0,27011800
2022-03-25,193.0,193.0,198.0,193.0,198.0,34485400
2022-03-28,192.0,192.0,196.0,191.0,193.0,27191700
2022-03-29,199.0,199.0,206.0,192.0,193.0,113810700
2022-03-30,198.0,198.0,204.0,196.0,200.0,40889400
2022-03-31,199.0,199.0,208.0,194.0,198.0,142069000
2022-04-01,198.0,198.0,206.0,197.0,200.0,42817200
2022-04-04,193.0,193.0,200.0,192.0,198.0,49969400
2022-04-05,193.0,193.0,197.0,192.0,193.0,29183100
2022-04-06,193.0,193.0,196.0,192.0,194.0,26732800
2022-04-07,194.0,194.0,197.0,192.0,194.0,22201900
2022-04-08,193.0,193.0,196.0,193.0,195.0,15869900
2022-04-11,182.0,182.0,194.0,182.0,194.0,56812800
2022-04-12,176.0,176.0,183.0,176.0,183.0,29293300
2022-04-13,174.0,174.0,178.0,169.0,177.0,32975100
2022-04-14,184.0,184.0,186.0,170.0,175.0,75310900
2022-04-18,177.0,177.0,185.0,175.0,185.0,33564600
2022-04-19,174.0,174.0,180.0,172.0,176.0,29904400
2022-04-20,172.0,172.0,176.0,171.0,174.0,16788000
2022-04-21,172.0,172.0,175.0,171.0,172.0,12087800
2022-04-22,166.0,166.0,173.0,166.0,172.0,27096700
2022-04-25,157.0,157.0,166.0,156.0,163.0,44663900
2022-04-26,158.0,158.0,162.0,155.0,158.0,20066600
2022-04-27,163.0,163.0,166.0,158.0,158.0,21276700
2022-04-28,161.0,161.0,165.0,159.0,163.0,15373300
2022-05-09,153.0,153.0,161.0,150.0,161.0,24169100
2022-05-10,153.0,153.0,153.0,143.0,153.0,31916900
2022-05-11,151.0,151.0,157.0,150.0,155.0,13198200
2022-05-12,141.0,141.0,152.0,141.0,152.0,17940100
2022-05-13,136.0,136.0,142.0,134.0,142.0,13423500
2022-05-17,139.0,139.0,144.0,136.0,136.0,12012000
2022-05-18,148.0,148.0,148.0,136.0,140.0,14067200
2022-05-19,145.0,145.0,152.0,141.0,147.0,29424300
2022-05-20,146.0,146.0,149.0,143.0,147.0,8767000
2022-05-23,142.0,142.0,149.0,142.0,148.0,6644400
2022-05-24,141.0,141.0,149.0,141.0,142.0,10699300
2022-05-25,138.0,138.0,144.0,137.0,142.0,13805800
2022-05-27,140.0,140.0,143.0,137.0,138.0,11082600
2022-05-30,148.0,148.0,149.0,140.0,140.0,21692600
2022-05-31,149.0,149.0,155.0,148.0,149.0,24704700
2022-06-02,147.0,147.0,154.0,145.0,149.0,16750000
2022-06-03,146.0,146.0,148.0,143.0,147.0,9233100
2022-06-06,144.0,144.0,147.0,143.0,147.0,7251000
2022-06-07,146.0,146.0,152.0,144.0,144.0,15337100
2022-06-08,147.0,147.0,152.0,145.0,146.0,12082400
2022-06-09,152.0,152.0,152.0,147.0,147.0,23689800
2022-06-10,145.0,145.0,159.0,144.0,152.0,106817800
2022-06-13,137.0,137.0,145.0,135.0,145.0,29333500
2022-06-14,133.0,133.0,139.0,133.0,137.0,12255500
2022-06-15,124.0,124.0,135.0,124.0,133.0,46931500
2022-06-16,125.0,125.0,131.0,124.0,124.0,31845100
2022-06-17,123.0,123.0,127.0,122.0,125.0,15712000
2022-06-20,125.0,125.0,126.0,122.0,123.0,7995800
2022-06-21,128.0,128.0,132.0,125.0,125.0,28850800
2022-06-22,126.0,126.0,132.0,126.0,132.0,12377900
2022-06-23,127.0,127.0,129.0,126.0,127.0,6451600
2022-06-24,126.0,126.0,129.0,126.0,127.0,7202500
2022-06-27,129.0,129.0,137.0,128.0,128.0,49736700
2022-06-28,125.0,125.0,131.0,124.0,130.0,16115700
2022-06-29,123.0,123.0,127.0,122.0,126.0,21694400
2022-06-30,117.0,117.0,124.0,115.0,124.0,26835700
2022-07-01,111.0,111.0,118.0,109.0,117.0,23860000
2022-07-04,106.0,106.0,112.0,104.0,111.0,19227800
2022-07-05,108.0,108.0,111.0,106.0,106.0,13752400
2022-07-06,109.0,109.0,113.0,107.0,108.0,15074600
2022-07-07,111.0,111.0,113.0,110.0,110.0,12143500
2022-07-08,111.0,111.0,113.0,109.0,111.0,15988900
2022-07-11,118.0,118.0,119.0,111.0,111.0,50023800
2022-07-12,122.0,122.0,127.0,114.0,119.0,82483800
2022-07-13,118.0,118.0,124.0,118.0,123.0,27003200
2022-07-14,116.0,116.0,122.0,115.0,118.0,17809400
2022-07-15,120.0,120.0,126.0,116.0,118.0,64769000
2022-07-18,124.0,124.0,126.0,121.0,121.0,34637200
2022-07-19,124.0,124.0,126.0,122.0,124.0,23458000
2022-07-20,127.0,127.0,130.0,123.0,125.0,35049200
2022-07-21,128.0,128.0,131.0,127.0,127.0,22057400
2022-07-22,130.0,130.0,132.0,129.0,129.0,17241200
2022-07-25,128.0,128.0,133.0,127.0,130.0,14151900
2022-07-26,127.0,127.0,131.0,126.0,127.0,10591100
2022-07-27,126.0,126.0,127.0,123.0,127.0,11101900
2022-07-28,128.0,128.0,130.0,126.0,127.0,15500500
2022-07-29,127.0,127.0,131.0,127.0,129.0,12112300
2022-08-01,126.0,126.0,132.0,126.0,127.0,19233700
2022-08-02,135.0,135.0,137.0,125.0,126.0,98913000
2022-08-03,131.0,131.0,138.0,131.0,136.0,70022000
2022-08-04,132.0,132.0,136.0,130.0,132.0,30240900
2022-08-05,133.0,133.0,135.0,132.0,133.0,15820400
2022-08-08,131.0,131.0,134.0,130.0,133.0,14481400
2022-08-09,131.0,131.0,134.0,129.0,131.0,29498200
2022-08-10,127.0,127.0,132.0,125.0,131.0,20910300
2022-08-11,127.0,127.0,129.0,124.0,125.0,13629400
2022-08-12,128.0,128.0,132.0,126.0,127.0,10678000
2022-08-15,128.0,128.0,131.0,127.0,129.0,8622300
2022-08-16,125.0,125.0,130.0,124.0,128.0,14401900
2022-08-18,125.0,125.0,128.0,124.0,124.0,10313600
2022-08-19,126.0,126.0,128.0,125.0,125.0,9004100
2022-08-22,120.0,120.0,127.0,118.0,127.0,33045100
2022-08-23,121.0,121.0,123.0,119.0,121.0,12370000
2022-08-24,123.0,123.0,126.0,119.0,122.0,30554800
2022-08-25,122.0,122.0,128.0,121.0,124.0,25803500
2022-08-26,121.0,121.0,124.0,120.0,122.0,8464200
2022-08-29,118.0,118.0,121.0,116.0,120.0,13543300
2022-08-30,120.0,120.0,124.0,116.0,118.0,24554400
2022-08-31,118.0,118.0,122.0,118.0,122.0,4288400
2022-09-01,118.0,118.0,120.0,117.0,119.0,5440900
2022-09-02,118.0,118.0,124.0,117.0,118.0,22691900
2022-09-05,118.0,118.0,121.0,116.0,118.0,38297300
2022-09-06,117.0,117.0,119.0,117.0,118.0,11794600
2022-09-07,117.0,117.0,126.0,116.0,125.0,15164900
2022-09-08,120.0,120.0,122.0,117.0,117.0,31210900
2022-09-09,119.0,119.0,121.0,118.0,120.0,10507600
2022-09-12,118.0,118.0,120.0,118.0,119.0,7017100
2022-09-13,119.0,119.0,120.0,118.0,118.0,10694700
2022-09-14,119.0,119.0,120.0,118.0,119.0,9018000
2022-09-15,117.0,117.0,121.0,116.0,119.0,32645000
2022-09-16,109.0,109.0,119.0,109.0,119.0,142332500
2022-09-19,102.0,102.0,110.0,102.0,110.0,79998100
2022-09-20,103.0,103.0,106.0,99.0,102.0,28056900
2022-09-21,101.0,101.0,105.0,98.0,105.0,41036200
2022-09-22,101.0,101.0,103.0,99.0,101.0,37671500
2022-09-23,101.0,101.0,103.0,100.0,102.0,17528300
2022-09-26,100.0,100.0,102.0,100.0,101.0,12360000
2022-09-27,99.0,99.0,102.0,99.0,100.0,14974700
2022-09-28,96.0,96.0,99.0,93.0,93.0,16673100
2022-09-29,95.0,95.0,99.0,94.0,96.0,19679900
2022-09-30,91.0,91.0,95.0,89.0,95.0,24825500
2022-10-03,90.0,90.0,93.0,88.0,88.0,8007800
2022-10-04,95.0,95.0,99.0,90.0,90.0,47349100
2022-10-05,95.0,95.0,98.0,95.0,95.0,8829400
2022-10-06,100.0,100.0,101.0,93.0,95.0,40833700
2022-10-07,98.0,98.0,135.0,97.0,135.0,50405900
2022-10-10,100.0,100.0,100.0,92.0,98.0,16702200
2022-10-11,101.0,101.0,102.0,98.0,101.0,29965500
2022-10-12,102.0,102.0,107.0,99.0,100.0,80963700
2022-10-13,98.0,98.0,104.0,98.0,102.0,27804200
2022-10-14,96.0,96.0,101.0,96.0,98.0,11651600
2022-10-17,93.0,93.0,96.0,92.0,96.0,12564300
2022-10-18,98.0,98.0,101.0,92.0,94.0,37386400
2022-10-19,97.0,97.0,101.0,96.0,98.0,20555000
2022-10-20,97.0,97.0,99.0,96.0,97.0,6422800
2022-10-21,99.0,99.0,101.0,97.0,98.0,31137300
2022-10-24,104.0,104.0,106.0,98.0,100.0,58110700
2022-10-25,104.0,104.0,110.0,101.0,105.0,124410500
2022-10-26,101.0,101.0,106.0,99.0,105.0,37961100
2022-10-27,102.0,102.0,103.0,101.0,101.0,14649200
2022-10-28,99.0,99.0,104.0,99.0,104.0,14924900
2022-10-31,101.0,101.0,104.0,100.0,100.0,14534100
2022-11-01,100.0,100.0,110.0,100.0,110.0,16427200
2022-11-02,100.0,100.0,102.0,99.0,100.0,10354300
2022-11-03,99.0,99.0,101.0,97.0,101.0,14114500
2022-11-04,100.0,100.0,100.0,98.0,99.0,6463300
2022-11-07,101.0,101.0,103.0,99.0,100.0,21042700
2022-11-08,100.0,100.0,103.0,99.0,101.0,6052500
2022-11-09,101.0,101.0,103.0,99.0,100.0,44824100
2022-11-10,99.0,99.0,104.0,99.0,103.0,39663400
2022-11-11,101.0,101.0,104.0,99.0,100.0,41796200
2022-11-14,100.0,100.0,102.0,100.0,101.0,7107800
2022-11-15,100.0,100.0,104.0,99.0,100.0,42428000
2022-11-16,99.0,99.0,101.0,99.0,100.0,16089200
2022-11-17,100.0,100.0,100.0,99.0,99.0,5618700
2022-11-18,100.0,100.0,101.0,99.0,100.0,11815200
2022-11-21,100.0,100.0,102.0,99.0,100.0,40115900
2022-11-22,99.0,99.0,101.0,99.0,100.0,11901100
2022-11-23,100.0,100.0,101.0,98.0,100.0,15555000
2022-11-24,101.0,101.0,102.0,99.0,100.0,16576200
2022-11-25,101.0,101.0,102.0,100.0,101.0,10763100
2022-11-28,99.0,99.0,101.0,98.0,101.0,12865600
2022-11-29,99.0,99.0,100.0,97.0,98.0,18570000
2022-11-30,98.0,98.0,100.0,97.0,99.0,12184100
2022-12-01,96.0,96.0,99.0,95.0,98.0,23712200
2022-12-02,95.0,95.0,97.0,94.0,96.0,14637900
2022-12-05,95.0,95.0,98.0,94.0,94.0,14206200
2022-12-06,92.0,92.0,97.0,92.0,97.0,18428100
2022-12-07,91.0,91.0,95.0,90.0,92.0,10429800
2022-12-08,90.0,90.0,91.0,88.0,91.0,16238300
2022-12-09,90.0,90.0,92.0,88.0,90.0,4741200
2022-12-12,90.0,90.0,91.0,89.0,90.0,3268800
2022-12-13,95.0,95.0,96.0,89.0,91.0,19882200
2022-12-14,94.0,94.0,97.0,92.0,95.0,13423100
2022-12-15,94.0,94.0,95.0,93.0,94.0,6527900
2022-12-16,92.0,92.0,94.0,91.0,92.0,4352000
2022-12-19,89.0,89.0,93.0,89.0,90.0,7859300
2022-12-20,89.0,89.0,89.0,87.0,89.0,13231700
2022-12-21,84.0,84.0,90.0,83.0,89.0,18168200
2022-12-22,85.0,85.0,87.0,83.0,84.0,6826500
2022-12-23,85.0,85.0,86.0,84.0,86.0,2572300
2022-12-26,85.0,85.0,87.0,84.0,85.0,4793300
2022-12-27,86.0,86.0,89.0,85.0,85.0,13595800
2022-12-28,92.0,92.0,101.0,90.0,93.0,177209400
2022-12-29,90.0,90.0,95.0,89.0,92.0,15085900
2022-12-30,87.0,87.0,91.0,87.0,90.0,11204600
2023-01-02,92.0,92.0,93.0,87.0,87.0,22312000
2023-01-03,91.0,91.0,94.0,89.0,94.0,7976300
2023-01-04,90.0,90.0,92.0,89.0,91.0,8328100
2023-01-05,87.0,87.0,90.0,86.0,90.0,10866100
2023-01-06,87.0,87.0,88.0,86.0,87.0,5740000
2023-01-09,85.0,85.0,89.0,84.0,87.0,10659400
2023-01-10,84.0,84.0,87.0,84.0,85.0,6694500
2023-01-11,86.0,86.0,89.0,83.0,84.0,18200700
2023-01-12,88.0,88.0,88.0,85.0,87.0,7701500
2023-01-13,87.0,87.0,91.0,86.0,88.0,8010300
2023-01-16,86.0,86.0,88.0,86.0,87.0,5997100
2023-01-17,87.0,87.0,88.0,85.0,86.0,3579900
2023-01-18,87.0,87.0,88.0,86.0,87.0,2711900
2023-01-19,89.0,89.0,90.0,86.0,87.0,8676600
2023-01-20,92.0,92.0,97.0,89.0,95.0,71329200
2023-01-24,91.0,91.0,94.0,90.0,92.0,8077200
2023-01-25,91.0,91.0,93.0,89.0,92.0,7135000
2023-01-26,93.0,93.0,93.0,90.0,91.0,10768000
2023-01-27,89.0,89.0,95.0,89.0,93.0,13157800
2023-01-30,90.0,90.0,92.0,89.0,90.0,4436500
2023-01-31,90.0,90.0,91.0,88.0,90.0,6435700
2023-02-01,89.0,89.0,91.0,89.0,90.0,3272600
2023-02-02,90.0,90.0,92.0,88.0,89.0,7742700
2023-02-03,90.0,90.0,91.0,89.0,90.0,6261600
2023-02-06,90.0,90.0,93.0,89.0,90.0,17582100
2023-02-07,89.0,89.0,90.0,88.0,90.0,9766700
2023-02-08,89.0,89.0,92.0,88.0,89.0,19463000
2023-02-09,89.0,89.0,90.0,88.0,89.0,6928100
2023-02-10,87.0,87.0,89.0,86.0,89.0,10217300
2023-02-13,87.0,87.0,88.0,86.0,87.0,4598600
2023-02-14,86.0,86.0,88.0,85.0,87.0,9935600
2023-02-15,93.0,93.0,96.0,85.0,87.0,49302300
2023-02-16,88.0,88.0,102.0,88.0,102.0,66548500
2023-02-17,88.0,88.0,91.0,87.0,88.0,13669300
2023-02-20,87.0,87.0,89.0,87.0,88.0,5362300
2023-02-21,87.0,87.0,88.0,86.0,87.0,5565200
2023-02-22,85.0,85.0,87.0,85.0,87.0,7408600
2023-02-23,86.0,86.0,87.0,85.0,86.0,5746800
2023-02-24,86.0,86.0,86.0,85.0,86.0,3619100
2023-02-27,85.0,85.0,86.0,85.0,86.0,2870200
2023-02-28,84.0,84.0,89.0,84.0,85.0,20998600
2023-03-01,85.0,85.0,87.0,84.0,85.0,5600900
2023-03-02,85.0,85.0,87.0,85.0,85.0,3099000
2023-03-03,85.0,85.0,86.0,84.0,86.0,2899200
2023-03-06,83.0,83.0,85.0,83.0,85.0,5697800
2023-03-07,82.0,82.0,84.0,82.0,84.0,5198200
2023-03-08,81.0,81.0,83.0,80.0,83.0,5082100
2023-03-09,82.0,82.0,82.0,80.0,81.0,2136400
2023-03-10,80.0,80.0,82.0,80.0,82.0,5865700
2023-03-13,78.0,78.0,81.0,78.0,80.0,9305300
2023-03-14,81.0,81.0,82.0,76.0,78.0,31528600
2023-03-15,76.0,76.0,86.0,76.0,86.0,43816600
2023-03-16,71.0,71.0,75.0,71.0,71.0,24387400
2023-03-17,68.0,68.0,71.0,67.0,70.0,21381200
2023-03-20,64.0,64.0,68.0,64.0,68.0,18025200
2023-03-21,71.0,71.0,73.0,62.0,64.0,23725100
2023-03-24,67.0,67.0,77.0,67.0,74.0,59298300
2023-03-27,67.0,67.0,68.0,63.0,63.0,7097100
2023-03-28,67.0,67.0,69.0,67.0,67.0,5326500
2023-03-29,70.0,70.0,70.0,67.0,67.0,16666400
2023-03-30,69.0,69.0,71.0,69.0,70.0,9084400
2023-03-31,69.0,69.0,70.0,68.0,69.0,4681300
2023-04-03,69.0,69.0,72.0,69.0,69.0,5553900
2023-04-04,69.0,69.0,70.0,68.0,70.0,6773600
2023-04-05,68.0,68.0,69.0,68.0,68.0,4016600
2023-04-06,70.0,70.0,73.0,68.0,69.0,25498000
2023-04-10,68.0,68.0,71.0,67.0,70.0,8826100
2023-04-11,68.0,68.0,70.0,67.0,68.0,3497000
2023-04-12,70.0,70.0,74.0,67.0,68.0,34057000
2023-04-13,68.0,68.0,71.0,68.0,70.0,7089200
2023-04-14,67.0,67.0,70.0,66.0,68.0,11488100
2023-04-17,63.0,63.0,68.0,63.0,68.0,19985300
2023-04-18,64.0,64.0,65.0,61.0,64.0,9329100
2023-04-26,65.0,65.0,65.0,63.0,64.0,2989600
2023-04-27,69.0,69.0,70.0,64.0,65.0,21765300
2023-04-28,67.0,67.0,75.0,66.0,72.0,50183500
2023-05-02,66.0,66.0,68.0,63.0,63.0,3866600
2023-05-03,66.0,66.0,68.0,66.0,66.0,2731800
2023-05-04,67.0,67.0,68.0,65.0,66.0,10931700
2023-05-05,66.0,66.0,70.0,66.0,67.0,32120600
2023-05-08,66.0,66.0,67.0,65.0,66.0,9983900
2023-05-09,66.0,66.0,67.0,65.0,66.0,3959200
2023-05-10,67.0,67.0,68.0,65.0,67.0,10032800
2023-05-11,67.0,67.0,68.0,66.0,67.0,6298900
2023-05-12,66.0,66.0,68.0,66.0,67.0,5778200
2023-05-15,66.0,66.0,67.0,65.0,67.0,4958000
2023-05-16,65.0,65.0,67.0,65.0,66.0,3421700
2023-05-17,64.0,64.0,66.0,63.0,65.0,5060100
2023-05-19,65.0,65.0,66.0,64.0,65.0,5471200
2023-05-22,66.0,66.0,66.0,64.0,65.0,3232000
2023-05-23,67.0,67.0,68.0,65.0,66.0,5237900
2023-05-24,66.0,66.0,67.0,65.0,67.0,2807700
2023-05-25,65.0,65.0,66.0,64.0,66.0,4630700
2023-05-26,64.0,64.0,65.0,63.0,65.0,5962700
2023-05-29,63.0,63.0,65.0,62.0,64.0,5961300
2023-05-30,62.0,62.0,64.0,62.0,63.0,6342300
2023-05-31,60.0,60.0,63.0,60.0,62.0,6971800
2023-06-05,62.0,62.0,62.0,60.0,60.0,3838600
2023-06-06,63.0,63.0,63.0,61.0,62.0,2251300
2023-06-07,63.0,63.0,64.0,61.0,63.0,2403900
2023-06-08,64.0,64.0,66.0,62.0,63.0,16252900
2023-06-09,65.0,65.0,66.0,63.0,65.0,6490700
2023-06-12,66.0,66.0,69.0,64.0,65.0,38392600
2023-06-13,65.0,65.0,67.0,65.0,66.0,7938000
2023-06-14,64.0,64.0,67.0,64.0,66.0,6131300
2023-06-15,65.0,65.0,66.0,64.0,64.0,5517000
2023-06-16,65.0,65.0,67.0,64.0,64.0,4829500
2023-06-19,66.0,66.0,67.0,65.0,66.0,3700000
2023-06-20,65.0,65.0,67.0,65.0,66.0,4553300
2023-06-21,65.0,65.0,66.0,64.0,66.0,6709800
2023-06-22,66.0,66.0,67.0,65.0,65.0,9898400
2023-06-23,65.0,65.0,67.0,65.0,66.0,4870000
2023-06-26,65.0,65.0,66.0,64.0,65.0,2895200
2023-06-27,65.0,65.0,66.0,64.0,65.0,1954600
2023-07-03,64.0,64.0,65.0,63.0,65.0,4891300
2023-07-04,64.0,64.0,66.0,64.0,64.0,3530500
2023-07-05,65.0,65.0,65.0,64.0,64.0,1647800
2023-07-06,70.0,70.0,76.0,64.0,65.0,125684400
2023-07-07,72.0,72.0,76.0,70.0,70.0,62360000
2023-07-10,71.0,71.0,74.0,70.0,72.0,21397400
2023-07-11,83.0,83.0,83.0,71.0,72.0,137586700
2023-07-12,96.0,96.0,101.0,80.0,84.0,439547900
2023-07-13,93.0,93.0,106.0,91.0,97.0,318169100
2023-07-14,98.0,98.0,101.0,93.0,93.0,96822700
2023-07-17,96.0,96.0,100.0,94.0,98.0,51367600
2023-07-18,87.0,87.0,97.0,87.0,97.0,89293800
2023-07-20,91.0,91.0,93.0,86.0,87.0,48463600
2023-07-21,87.0,87.0,91.0,87.0,91.0,19239500
2023-07-24,90.0,90.0,92.0,86.0,87.0,37722400
2023-07-25,88.0,88.0,91.0,88.0,90.0,10885700
2023-07-26,88.0,88.0,94.0,88.0,88.0,43086800
2023-07-27,86.0,86.0,90.0,86.0,89.0,21931200
2023-07-28,83.0,83.0,88.0,83.0,86.0,32777400
2023-07-31,85.0,85.0,87.0,83.0,84.0,19013600
2023-08-01,87.0,87.0,88.0,82.0,85.0,33131000
2023-08-02,85.0,85.0,92.0,84.0,92.0,34643000
2023-08-03,85.0,85.0,88.0,84.0,85.0,19895400
2023-08-04,83.0,83.0,86.0,83.0,84.0,10386800
2023-08-07,88.0,88.0,90.0,83.0,85.0,36977300
2023-08-08,89.0,89.0,91.0,86.0,89.0,33686900
2023-08-09,92.0,92.0,96.0,88.0,89.0,108615600
2023-08-10,91.0,91.0,94.0,90.0,93.0,35607700
2023-08-11,91.0,91.0,93.0,90.0,91.0,11643700
2023-08-14,85.0,85.0,92.0,84.0,91.0,50405700
2023-08-15,87.0,87.0,88.0,85.0,85.0,18014800
2023-08-16,84.0,84.0,88.0,84.0,87.0,14023400
2023-08-18,84.0,84.0,88.0,83.0,83.0,53644800
2023-08-21,84.0,84.0,86.0,83.0,85.0,13440500
2023-08-22,85.0,85.0,85.0,83.0,84.0,8320900
2023-08-23,85.0,85.0,85.0,83.0,84.0,7960900
2023-08-24,87.0,87.0,88.0,84.0,85.0,39553000
2023-08-25,85.0,85.0,88.0,85.0,87.0,10826600
2023-08-28,84.0,84.0,86.0,84.0,84.0,10204700
2023-08-29,86.0,86.0,86.0,84.0,84.0,10065400
2023-08-30,87.0,87.0,87.0,85.0,85.0,13280100
2023-08-31,86.0,86.0,88.0,85.0,87.0,10373800
2023-09-01,84.0,84.0,86.0,83.0,86.0,10482500
2023-09-04,83.0,83.0,84.0,82.0,84.0,9857600
2023-09-05,83.0,83.0,84.0,82.0,84.0,4366500
2023-09-06,83.0,83.0,84.0,82.0,83.0,5593500
2023-09-07,84.0,84.0,88.0,82.0,83.0,35849900
2023-09-08,83.0,83.0,84.0,82.0,84.0,6130700
2023-09-11,83.0,83.0,84.0,82.0,82.0,6176800
2023-09-12,83.0,83.0,83.0,82.0,83.0,3931000
2023-09-13,80.0,80.0,83.0,76.0,76.0,20164100
2023-09-14,79.0,79.0,83.0,78.0,80.0,30200700
2023-09-15,78.0,78.0,81.0,78.0,79.0,6715600
2023-09-18,79.0,79.0,80.0,78.0,78.0,5453500
2023-09-19,79.0,79.0,82.0,78.0,79.0,27194900
2023-09-20,79.0,79.0,81.0,79.0,79.0,4195400
2023-09-21,80.0,80.0,82.0,78.0,80.0,14380100
2023-09-22,79.0,79.0,80.0,78.0,80.0,3695800
2023-09-25,77.0,77.0,80.0,77.0,79.0,7630300
2023-09-26,80.0,80.0,83.0,77.0,78.0,34307400
2023-09-27,78.0,78.0,81.0,78.0,80.0,8712500
2023-09-29,79.0,79.0,79.0,78.0,78.0,4990400
2023-10-02,79.0,79.0,80.0,77.0,79.0,5128800
2023-10-03,76.0,76.0,79.0,76.0,79.0,8339200
2023-10-04,75.0,75.0,84.0,74.0,76.0,25048200
2023-10-05,75.0,75.0,79.0,74.0,75.0,14411700
2023-10-06,76.0,76.0,79.0,75.0,76.0,11453300
2023-10-09,75.0,75.0,77.0,75.0,76.0,1700100
2023-10-10,75.0,75.0,79.0,75.0,75.0,13544100
2023-10-11,75.0,75.0,76.0,74.0,76.0,4280000
2023-10-12,76.0,76.0,77.0,75.0,75.0,5879200
2023-10-13,75.0,75.0,76.0,74.0,76.0,3747100
2023-10-16,74.0,74.0,76.0,74.0,75.0,2460300
2023-10-17,75.0,75.0,76.0,73.0,74.0,10133200
2023-10-18,75.0,75.0,77.0,74.0,75.0,7926900
2023-10-19,73.0,73.0,75.0,73.0,75.0,3370900
2023-10-20,71.0,71.0,77.0,71.0,73.0,48591200
2023-10-23,71.0,71.0,72.0,70.0,71.0,8357300
2023-10-24,71.0,71.0,73.0,70.0,70.0,5260000
2023-10-25,70.0,70.0,72.0,70.0,72.0,4965800
2023-10-26,71.0,71.0,71.0,69.0,70.0,11158700
2023-10-27,72.0,72.0,74.0,70.0,71.0,21113300
2023-10-30,72.0,72.0,74.0,71.0,72.0,10410300
2023-10-31,72.0,72.0,73.0,71.0,73.0,3421700
2023-11-01,70.0,70.0,72.0,70.0,72.0,3849000
2023-11-02,71.0,71.0,72.0,70.0,70.0,2885100
2023-11-03,72.0,72.0,74.0,71.0,71.0,7505900
2023-11-06,73.0,73.0,74.0,72.0,73.0,2347300
2023-11-07,72.0,72.0,74.0,71.0,73.0,6682300
2023-11-08,72.0,72.0,73.0,71.0,72.0,2477900
2023-11-09,71.0,71.0,74.0,71.0,72.0,15252500
2023-11-10,72.0,72.0,76.0,71.0,71.0,28351700
2023-11-13,72.0,72.0,74.0,71.0,72.0,14223600
2023-11-14,71.0,71.0,72.0,71.0,72.0,2483900
2023-11-15,72.0,72.0,74.0,72.0,72.0,12547900
2023-11-16,72.0,72.0,74.0,72.0,73.0,3968400
2023-11-17,72.0,72.0,74.0,72.0,72.0,4486200
2023-11-20,72.0,72.0,73.0,71.0,72.0,4120600
2023-11-21,73.0,73.0,73.0,71.0,72.0,6754500
2023-11-22,75.0,75.0,76.0,73.0,73.0,11214500
2023-11-23,78.0,78.0,82.0,75.0,75.0,35734500
2023-11-24,83.0,83.0,85.0,78.0,78.0,72222500
2023-11-27,79.0,79.0,87.0,79.0,84.0,54277600
2023-11-28,77.0,77.0,79.0,76.0,79.0,11764200
2023-11-29,84.0,84.0,85.0,77.0,77.0,39785900
2023-11-30,79.0,79.0,85.0,78.0,85.0,23790800
2023-12-01,79.0,79.0,82.0,78.0,79.0,9464700
2023-12-04,80.0,80.0,82.0,79.0,80.0,7933700
2023-12-05,79.0,79.0,82.0,79.0,80.0,6239300
2023-12-06,78.0,78.0,81.0,78.0,79.0,4349200
2023-12-07,79.0,79.0,81.0,76.0,78.0,20464400
2023-12-08,77.0,77.0,80.0,77.0,80.0,6733600
2023-12-11,77.0,77.0,80.0,76.0,77.0,11508800
2023-12-12,84.0,84.0,87.0,75.0,77.0,143264900
2023-12-13,79.0,79.0,85.0,79.0,83.0,22677200
2023-12-14,79.0,79.0,83.0,78.0,80.0,25413000
2023-12-15,79.0,79.0,81.0,78.0,80.0,26035700
2023-12-18,78.0,78.0,80.0,77.0,78.0,7471300
2023-12-19,78.0,78.0,81.0,78.0,79.0,22424400
2023-12-20,77.0,77.0,79.0,77.0,78.0,8901700
2023-12-21,76.0,76.0,78.0,76.0,77.0,7056200
2023-12-22,78.0,78.0,80.0,77.0,77.0,10997600
2023-12-27,77.0,77.0,80.0,77.0,79.0,4245900
2023-12-28,78.0,78.0,79.0,77.0,78.0,4773500
2023-12-29,77.0,77.0,79.0,77.0,78.0,2948500
2024-01-02,78.0,78.0,79.0,77.0,78.0,4202700
2024-01-03,78.0,78.0,82.0,77.0,78.0,37282700
2024-01-04,78.0,78.0,79.0,77.0,78.0,6000100
2024-01-05,78.0,78.0,79.0,78.0,78.0,3334700
2024-01-08,77.0,77.0,79.0,77.0,78.0,4334000
2024-01-09,78.0,78.0,80.0,77.0,77.0,6396200
2024-01-10,78.0,78.0,79.0,77.0,78.0,3878600
2024-01-11,78.0,78.0,79.0,77.0,78.0,5293300
2024-01-12,77.0,77.0,79.0,77.0,79.0,5053400
2024-01-15,77.0,77.0,78.0,76.0,78.0,2071400
2024-01-16,76.0,76.0,78.0,76.0,77.0,4986700
2024-01-17,76.0,76.0,77.0,76.0,77.0,3489500
2024-01-18,75.0,75.0,77.0,75.0,77.0,11416000
2024-01-19,75.0,75.0,76.0,75.0,76.0,2536200
2024-01-22,73.0,73.0,76.0,73.0,75.0,12084800
2024-01-23,73.0,73.0,74.0,72.0,73.0,3032100
2024-01-24,71.0,71.0,73.0,71.0,73.0,8946100
2024-01-25,71.0,71.0,72.0,70.0,70.0,2602500
2024-01-26,70.0,70.0,72.0,70.0,71.0,8740400
2024-01-29,69.0,69.0,72.0,69.0,71.0,8184900
2024-01-30,70.0,70.0,70.0,69.0,70.0,3747300
2024-01-31,77.0,77.0,77.0,69.0,70.0,36555700
2024-02-01,72.0,72.0,77.0,72.0,76.0,11089100
2024-02-02,73.0,73.0,74.0,72.0,72.0,6959400
2024-02-05,72.0,72.0,73.0,71.0,73.0,1995300
2024-02-06,72.0,72.0,73.0,72.0,72.0,2286000
2024-02-07,72.0,72.0,73.0,71.0,73.0,1544600
2024-02-12,73.0,73.0,74.0,72.0,73.0,3067000
2024-02-13,71.0,71.0,73.0,71.0,72.0,7791900
2024-02-15,72.0,72.0,73.0,71.0,71.0,5085100
2024-02-16,72.0,72.0,73.0,71.0,73.0,2782300
2024-02-19,72.0,72.0,74.0,71.0,72.0,2125600
2024-02-20,72.0,72.0,73.0,71.0,72.0,1557400
2024-02-21,72.0,72.0,73.0,72.0,73.0,1872200
2024-02-22,74.0,74.0,74.0,72.0,73.0,2670700
2024-02-23,73.0,73.0,74.0,72.0,74.0,3042300
2024-02-26,73.0,73.0,73.0,72.0,73.0,1442300
2024-02-27,72.0,72.0,73.0,71.0,73.0,2375400
2024-02-28,72.0,72.0,73.0,71.0,72.0,3769300
2024-02-29,73.0,73.0,74.0,71.0,72.0,5775200
2024-03-01,71.0,71.0,73.0,70.0,73.0,8373400
2024-03-04,71.0,71.0,73.0,70.0,71.0,4670700
2024-03-05,71.0,71.0,72.0,70.0,71.0,1456400
2024-03-06,73.0,73.0,75.0,70.0,71.0,26512600
2024-03-07,73.0,73.0,74.0,72.0,73.0,7877700
2024-03-08,71.0,71.0,74.0,71.0,73.0,8637900
2024-03-13,71.0,71.0,73.0,71.0,71.0,8014900
2024-03-14,71.0,71.0,72.0,70.0,71.0,2843600
2024-03-15,70.0,70.0,71.0,69.0,71.0,7627800
2024-03-18,71.0,71.0,71.0,69.0,71.0,1938000
2024-03-19,69.0,69.0,71.0,69.0,70.0,6690800
2024-03-20,70.0,70.0,71.0,69.0,70.0,3546500
2024-03-21,70.0,70.0,71.0,70.0,70.0,2645000
2024-03-22,71.0,71.0,74.0,70.0,71.0,10106800
2024-03-25,70.0,70.0,72.0,70.0,72.0,4769300
2024-03-26,70.0,70.0,71.0,69.0,71.0,8307700
2024-03-27,71.0,71.0,71.0,69.0,70.0,4709300
2024-03-28,69.0,69.0,71.0,69.0,71.0,2365000
2024-04-01,69.0,69.0,70.0,68.0,70.0,9162900
2024-04-02,69.0,69.0,71.0,69.0,70.0,3566200
2024-04-03,69.0,69.0,71.0,69.0,69.0,4334000
2024-04-04,67.0,67.0,70.0,67.0,70.0,12586100
2024-04-05,68.0,68.0,69.0,67.0,68.0,6826600
2024-04-16,68.0,68.0,70.0,67.0,68.0,8041500
2024-04-17,68.0,68.0,70.0,67.0,68.0,12296100
2024-04-18,68.0,68.0,69.0,67.0,68.0,2363200
2024-04-19,68.0,68.0,69.0,66.0,68.0,8101000
2024-04-22,67.0,67.0,68.0,66.0,68.0,2775400
2024-04-23,67.0,67.0,68.0,66.0,67.0,2160800
2024-04-24,67.0,67.0,68.0,67.0,67.0,1042600
2024-04-25,68.0,68.0,68.0,66.0,67.0,1886300
2024-04-26,67.0,67.0,68.0,66.0,68.0,5504100
2024-04-29,66.0,66.0,67.0,66.0,66.0,3513100
2024-04-30,68.0,68.0,69.0,66.0,66.0,13289700
2024-05-02,67.0,67.0,68.0,66.0,68.0,3145600
2024-05-03,67.0,67.0,67.0,66.0,67.0,2835800
2024-05-06,67.0,67.0,67.0,66.0,67.0,962700
2024-05-07,67.0,67.0,67.0,66.0,67.0,3432900
2024-05-08,66.0,66.0,68.0,66.0,67.0,3550700
2024-05-13,67.0,67.0,67.0,65.0,66.0,6507300
2024-05-14,67.0,67.0,67.0,65.0,66.0,3086200
2024-05-15,67.0,67.0,67.0,65.0,67.0,2044900
2024-05-16,69.0,69.0,70.0,65.0,67.0,8395000
2024-05-17,68.0,68.0,69.0,67.0,68.0,1420700
2024-05-20,67.0,67.0,69.0,67.0,68.0,1049300
2024-05-21,68.0,68.0,69.0,67.0,68.0,23304100
2024-05-22,67.0,67.0,70.0,66.0,68.0,27852900
2024-05-27,68.0,68.0,71.0,67.0,67.0,43088000
2024-05-28,68.0,68.0,70.0,67.0,68.0,7485800
2024-05-29,67.0,67.0,69.0,67.0,68.0,7368800
2024-05-30,67.0,67.0,68.0,67.0,67.0,2632100
2024-05-31,68.0,68.0,68.0,67.0,67.0,1319400
2024-06-03,66.0,66.0,68.0,65.0,68.0,6242600
2024-06-04,65.0,65.0,67.0,65.0,67.0,5950500
2024-06-05,66.0,66.0,67.0,64.0,65.0,15925900
2024-06-06,66.0,66.0,67.0,65.0,65.0,2564900
2024-06-07,67.0,67.0,67.0,65.0,66.0,3758900
2024-06-10,64.0,64.0,67.0,64.0,67.0,7123700
2024-06-11,66.0,66.0,67.0,64.0,64.0,23920600
2024-06-12,65.0,65.0,66.0,64.0,66.0,2449300
2024-06-13,65.0,65.0,65.0,64.0,65.0,2194900
2024-06-14,64.0,64.0,65.0,64.0,65.0,2496900
2024-06-19,63.0,63.0,65.0,62.0,64.0,6947000
2024-06-20,62.0,62.0,64.0,61.0,63.0,6588600
2024-06-21,62.0,62.0,64.0,61.0,63.0,3323100
2024-06-24,63.0,63.0,63.0,61.0,62.0,1533400
2024-06-25,63.0,63.0,63.0,62.0,63.0,2066100
2024-06-26,62.0,62.0,63.0,61.0,63.0,1892400
2024-06-27,61.0,61.0,65.0,61.0,62.0,22109500
2024-06-28,62.0,62.0,63.0,61.0,62.0,2476100
2024-07-01,62.0,62.0,63.0,61.0,62.0,3474900
2024-07-02,62.0,62.0,64.0,61.0,62.0,27777200
2024-07-03,65.0,65.0,67.0,62.0,63.0,40276700
2024-07-04,64.0,64.0,66.0,64.0,65.0,4569100
2024-07-05,64.0,64.0,66.0,64.0,65.0,7905200
2024-07-08,64.0,64.0,67.0,64.0,64.0,31210500
2024-07-09,65.0,65.0,65.0,64.0,64.0,2616700
2024-07-10,64.0,64.0,65.0,64.0,65.0,5430900
2024-07-11,63.0,63.0,65.0,63.0,64.0,2634300
2024-07-12,64.0,64.0,65.0,63.0,63.0,5120000
2024-07-15,64.0,64.0,64.0,62.0,64.0,6288800
2024-07-16,63.0,63.0,64.0,62.0,64.0,2338100
2024-07-17,63.0,63.0,64.0,62.0,63.0,1591700
2024-07-18,63.0,63.0,64.0,62.0,63.0,1486700
2024-07-19,62.0,62.0,63.0,62.0,63.0,1774900
2024-07-22,62.0,62.0,63.0,62.0,63.0,1911500
2024-07-23,62.0,62.0,63.0,62.0,62.0,3994600
2024-07-24,62.0,62.0,63.0,61.0,62.0,4259500
2024-07-25,62.0,62.0,62.0,61.0,62.0,1180000
2024-07-26,61.0,61.0,62.0,61.0,62.0,4140400
2024-07-29,61.0,61.0,61.0,60.0,60.0,6306200
2024-07-30,60.0,60.0,61.0,60.0,60.0,2164800
2024-07-31,61.0,61.0,63.0,60.0,61.0,21229800
2024-08-01,61.0,61.0,62.0,61.0,62.0,1596200
2024-08-02,61.0,61.0,62.0,60.0,62.0,3001300
2024-08-05,59.0,59.0,62.0,58.0,61.0,10721800
2024-08-06,59.0,59.0,60.0,59.0,59.0,308600
2024-08-07,59.0,59.0,61.0,59.0,59.0,2354200
2024-08-08,60.0,60.0,60.0,59.0,60.0,1813400
2024-08-09,60.0,60.0,60.0,59.0,60.0,6103100
2024-08-12,59.0,59.0,60.0,58.0,60.0,6426400
2024-08-13,61.0,61.0,61.0,59.0,59.0,4706900
2024-08-14,61.0,61.0,61.0,60.0,60.0,1191200
2024-08-15,60.0,60.0,61.0,60.0,61.0,2852600
2024-08-16,61.0,61.0,61.0,60.0,61.0,929400
2024-08-19,61.0,61.0,62.0,60.0,61.0,6297800
2024-08-20,66.0,66.0,69.0,61.0,62.0,89148500
2024-08-21,64.0,64.0,69.0,64.0,66.0,33743000
2024-08-22,64.0,64.0,67.0,63.0,64.0,12918800
2024-08-23,66.0,66.0,68.0,64.0,64.0,14096600
2024-08-26,66.0,66.0,67.0,65.0,66.0,2395200
2024-08-27,65.0,65.0,67.0,64.0,66.0,12099600
2024-08-28,66.0,66.0,66.0,65.0,65.0,5358700
2024-08-29,67.0,67.0,68.0,65.0,66.0,13159700
2024-08-30,67.0,67.0,70.0,66.0,67.0,36173300
2024-09-02,67.0,67.0,70.0,66.0,68.0,23372800
2024-09-03,67.0,67.0,68.0,66.0,67.0,3676900
2024-09-04,66.0,66.0,67.0,65.0,67.0,5142300
2024-09-05,67.0,67.0,67.0,65.0,65.0,1722500
2024-09-06,65.0,65.0,67.0,65.0,66.0,3068400
2024-09-09,66.0,66.0,68.0,65.0,65.0,12662700
2024-09-10,64.0,64.0,67.0,64.0,66.0,18628300
2024-09-11,63.0,63.0,65.0,63.0,64.0,7137600
2024-09-12,63.0,63.0,65.0,63.0,63.0,6366200
2024-09-13,64.0,64.0,64.0,62.0,63.0,3133200
2024-09-17,65.0,65.0,66.0,63.0,64.0,17102200
2024-09-18,65.0,65.0,66.0,64.0,66.0,4174900
2024-09-19,65.0,65.0,66.0,64.0,65.0,7956900
2024-09-20,65.0,65.0,66.0,64.0,65.0,3207100
2024-09-23,80.0,80.0,82.0,65.0,65.0,258393400
2024-09-24,77.0,77.0,81.0,75.0,80.0,64474300
2024-09-25,77.0,77.0,78.0,75.0,76.0,30447800
2024-09-26,76.0,76.0,77.0,75.0,77.0,14745700
2024-09-27,76.0,76.0,77.0,75.0,75.0,6033900
2024-09-30,75.0,75.0,77.0,74.0,77.0,7070400
2024-10-01,73.0,73.0,76.0,71.0,75.0,17344600
2024-10-02,70.0,70.0,74.0,70.0,73.0,13146800
2024-10-03,73.0,73.0,76.0,70.0,71.0,23780000
2024-10-04,72.0,72.0,73.0,71.0,73.0,4456100
2024-10-07,72.0,72.0,72.0,71.0,72.0,2275400
2024-10-08,70.0,70.0,74.0,70.0,72.0,25674200
2024-10-09,71.0,71.0,72.0,70.0,70.0,6614800
2024-10-10,73.0,73.0,74.0,71.0,71.0,7335300
2024-10-11,72.0,72.0,75.0,72.0,73.0,7252400
2024-10-14,76.0,76.0,78.0,72.0,73.0,23282900
2024-10-15,76.0,76.0,77.0,75.0,77.0,11769600
2024-10-16,75.0,75.0,77.0,75.0,76.0,15711000
2024-10-17,84.0,84.0,89.0,75.0,75.0,206640200
2024-10-18,80.0,80.0,86.0,80.0,85.0,41552600
2024-10-21,85.0,85.0,88.0,78.0,80.0,93791400
2024-10-22,84.0,84.0,92.0,84.0,86.0,92091300
2024-10-23,86.0,86.0,87.0,81.0,84.0,44610000
2024-10-24,84.0,84.0,88.0,83.0,87.0,38775400
2024-10-25,83.0,83.0,85.0,82.0,84.0,21896000
2024-10-28,82.0,82.0,84.0,81.0,83.0,8478500
2024-10-29,83.0,83.0,86.0,81.0,82.0,32310900
2024-10-30,85.0,85.0,87.0,82.0,84.0,58611800
2024-10-31,86.0,86.0,91.0,84.0,86.0,110648300
2024-11-01,87.0,87.0,87.0,84.0,87.0,22410700
2024-11-04,84.0,84.0,90.0,82.0,86.0,31440100
2024-11-05,86.0,86.0,86.0,82.0,84.0,17815000
2024-11-06,83.0,83.0,87.0,83.0,87.0,14452200
2024-11-07,81.0,81.0,83.0,80.0,83.0,16320000
2024-11-08,81.0,81.0,83.0,80.0,81.0,6431400
2024-11-11,80.0,80.0,85.0,80.0,85.0,8935100
2024-11-12,80.0,80.0,83.0,80.0,80.0,4421700
2024-11-13,79.0,79.0,82.0,79.0,81.0,9003100
2024-11-14,77.0,77.0,80.0,75.0,79.0,29309300
2024-11-15,76.0,76.0,77.0,74.0,77.0,7847500
2024-11-18,74.0,74.0,76.0,74.0,76.0,4532000
2024-11-19,77.0,77.0,78.0,74.0,74.0,4942300
2024-11-20,78.0,78.0,80.0,76.0,77.0,9867700
2024-11-21,78.0,78.0,82.0,76.0,78.0,28964700
2024-11-22,80.0,80.0,82.0,78.0,78.0,13874200
2024-11-25,84.0,84.0,87.0,79.0,80.0,68403100
2024-11-26,83.0,83.0,86.0,82.0,84.0,15945400
2024-11-28,82.0,82.0,86.0,82.0,84.0,14292800
2024-11-29,83.0,83.0,83.0,80.0,83.0,8196100
2024-12-02,81.0,81.0,84.0,81.0,83.0,4232000
2024-12-03,83.0,83.0,85.0,81.0,82.0,9281300
2024-12-04,82.0,82.0,84.0,82.0,83.0,6722200
2024-12-05,80.0,80.0,83.0,80.0,82.0,6056200
2024-12-06,82.0,82.0,82.0,80.0,80.0,3614600
2024-12-09,82.0,82.0,83.0,81.0,82.0,8382700
2024-12-10,83.0,83.0,83.0,81.0,82.0,3199900
2024-12-11,83.0,83.0,85.0,82.0,83.0,7021600
2024-12-12,83.0,83.0,84.0,82.0,84.0,1768600
2024-12-13,82.0,82.0,83.0,82.0,83.0,2247300
2024-12-16,80.0,80.0,82.0,79.0,82.0,6828800
2024-12-17,78.0,78.0,80.0,78.0,80.0,3758300
2024-12-18,77.0,77.0,79.0,77.0,78.0,3314000
2024-12-19,75.0,75.0,78.0,75.0,77.0,5672300
2024-12-20,77.0,77.0,77.0,75.0,75.0,1941200
2024-12-23,76.0,76.0,78.0,75.0,77.0,8803700
2024-12-24,74.0,74.0,77.0,74.0,75.0,6307700
2024-12-27,75.0,75.0,78.0,74.0,74.0,5620100
2024-12-30,76.0,76.0,77.0,74.0,74.0,2065100
2025-01-02,75.0,75.0,77.0,74.0,76.0,4666100
2025-01-03,74.0,74.0,76.0,73.0,75.0,7855700
2025-01-06,76.0,76.0,76.0,73.0,74.0,4516300
2025-01-07,74.0,74.0,77.0,73.0,77.0,6272600
2025-01-08,73.0,73.0,74.0,71.0,74.0,11336300
2025-01-09,71.0,71.0,73.0,70.0,73.0,20719800
2025-01-10,71.0,71.0,72.0,71.0,71.0,811600
2025-01-13,71.0,71.0,73.0,71.0,71.0,5511400
2025-01-14,71.0,71.0,72.0,71.0,71.0,1531100
2025-01-15,73.0,73.0,74.0,71.0,71.0,6880000
2025-01-16,73.0,73.0,75.0,73.0,73.0,4558300
2025-01-17,73.0,73.0,73.0,71.0,73.0,2206800
2025-01-20,73.0,73.0,75.0,73.0,73.0,6906900
2025-01-21,74.0,74.0,75.0,72.0,73.0,3339100
2025-01-22,74.0,74.0,75.0,73.0,74.0,3607300
2025-01-23,72.0,72.0,74.0,71.0,74.0,6550700
2025-01-24,71.0,71.0,72.0,70.0,72.0,5614600
2025-01-30,71.0,71.0,72.0,70.0,71.0,2287500
2025-01-31,72.0,72.0,72.0,70.0,71.0,2225800
2025-02-03,71.0,71.0,72.0,70.0,71.0,4919700
2025-02-04,72.0,72.0,73.0,70.0,71.0,4639800
2025-02-05,70.0,70.0,73.0,70.0,73.0,4464900
2025-02-06,70.0,70.0,71.0,70.0,70.0,4781300
2025-02-07,70.0,70.0,71.0,68.0,70.0,5248500
2025-02-10,70.0,70.0,70.0,69.0,70.0,1747800
2025-02-11,69.0,69.0,71.0,68.0,70.0,3205400
2025-02-12,69.0,69.0,70.0,67.0,69.0,9568800
2025-02-13,68.0,68.0,69.0,67.0,69.0,3646000
2025-02-14,67.0,67.0,68.0,67.0,68.0,1622400
2025-02-17,69.0,69.0,70.0,67.0,67.0,3904600
2025-02-18,69.0,69.0,70.0,68.0,70.0,3440400
2025-02-19,70.0,70.0,73.0,68.0,69.0,8324500
2025-02-20,70.0,70.0,70.0,68.0,69.0,3666100
2025-02-21,69.0,69.0,70.0,69.0,70.0,1647000
2025-02-24,69.0,69.0,70.0,68.0,69.0,2114200
2025-02-25,67.0,67.0,69.0,67.0,68.0,2761800
2025-02-26,67.0,67.0,70.0,67.0,67.0,2593800
2025-02-27,66.0,66.0,68.0,65.0,67.0,6625500
2025-02-28,64.0,64.0,66.0,62.0,66.0,11564000
2025-03-03,74.0,74.0,76.0,64.0,64.0,28668000
2025-03-04,72.0,72.0,76.0,70.0,74.0,8302100
2025-03-05,77.0,77.0,80.0,73.0,74.0,23531800
2025-03-06,78.0,78.0,79.0,76.0,79.0,9579600
2025-03-07,76.0,76.0,79.0,76.0,78.0,6030300
2025-03-10,76.0,76.0,79.0,75.0,76.0,3538200
2025-03-11,75.0,75.0,76.0,73.0,76.0,6016200
2025-03-12,74.0,74.0,75.0,73.0,75.0,5713200
2025-03-13,73.0,73.0,74.0,72.0,74.0,2160500
2025-03-14,72.0,72.0,74.0,71.0,73.0,3523400
2025-03-17,72.0,72.0,74.0,71.0,72.0,3965200
2025-03-18,70.0,70.0,73.0,68.0,73.0,11269000
2025-03-19,70.0,70.0,72.0,70.0,70.0,2326000
2025-03-20,71.0,71.0,71.0,69.0,70.0,969100
2025-03-21,70.0,70.0,71.0,69.0,71.0,2237600
2025-03-24,69.0,69.0,71.0,69.0,70.0,5161500
2025-03-25,71.0,71.0,72.0,70.0,70.0,3369100
2025-03-26,71.0,71.0,73.0,68.0,71.0,10573400
2025-03-27,77.0,77.0,77.0,71.0,72.0,13589400
2025-04-08,70.0,70.0,74.0,69.0,69.0,12536300
2025-04-09,71.0,71.0,72.0,70.0,70.0,5366400
2025-04-10,78.0,78.0,79.0,72.0,72.0,47043900
2025-04-11,77.0,77.0,79.0,76.0,78.0,9719500
2025-04-14,79.0,79.0,82.0,77.0,78.0,13440000
2025-04-15,79.0,79.0,80.0,77.0,79.0,8857800
2025-04-16,81.0,81.0,83.0,78.0,79.0,12924000
2025-04-17,81.0,81.0,83.0,80.0,81.0,4795900
2025-04-21,80.0,80.0,83.0,80.0,81.0,7126300
2025-04-22,80.0,80.0,81.0,79.0,80.0,4005200
2025-04-23,83.0,83.0,84.0,80.0,80.0,8282300
2025-04-24,83.0,83.0,84.0,81.0,83.0,5379500
2025-04-25,83.0,83.0,84.0,82.0,83.0,4849900
2025-04-28,87.0,87.0,87.0,83.0,83.0,10501300
2025-04-29,86.0,86.0,88.0,85.0,87.0,7652000
2025-04-30,87.0,87.0,87.0,84.0,87.0,5240900
2025-05-02,85.0,85.0,88.0,83.0,87.0,10647500
2025-05-05,86.0,86.0,87.0,83.0,86.0,12142400
2025-05-06,85.0,85.0,87.0,84.0,87.0,2571200
2025-05-07,84.0,84.0,85.0,83.0,85.0,6854700
2025-05-08,83.0,83.0,85.0,82.0,85.0,5129800
2025-05-09,83.0,83.0,84.0,82.0,82.0,1544400
2025-05-14,84.0,84.0,84.0,82.0,83.0,5372400
2025-05-15,81.0,81.0,84.0,79.0,84.0,15499400
2025-05-16,81.0,81.0,83.0,80.0,81.0,6904600
2025-05-19,81.0,81.0,82.0,80.0,81.0,8025500
2025-05-20,81.0,81.0,81.0,79.0,81.0,4674900
2025-05-21,81.0,81.0,82.0,80.0,81.0,4596700
2025-05-22,81.0,81.0,82.0,81.0,81.0,1917900
2025-05-23,82.0,82.0,82.0,81.0,81.0,1206400
2025-05-26,81.0,81.0,82.0,80.0,82.0,3069000
2025-05-27,82.0,82.0,82.0,80.0,81.0,5862100
2025-05-28,82.0,82.0,82.0,80.0,82.0,2293000
2025-06-02,81.0,81.0,82.0,80.0,82.0,3428600
2025-06-03,82.0,82.0,82.0,80.0,80.0,3286100
2025-06-04,81.0,81.0,83.0,81.0,82.0,2120700
2025-06-05,81.0,81.0,82.0,80.0,82.0,2009800
2025-06-10,81.0,81.0,82.0,80.0,81.0,4296600
2025-06-11,81.0,81.0,82.0,80.0,81.0,2928200
2025-06-12,80.0,80.0,81.0,80.0,81.0,2998000
2025-06-13,80.0,80.0,81.0,80.0,80.0,1623800
2025-06-16,79.0,79.0,80.0,78.0,80.0,9635700
2025-06-17,79.0,79.0,79.0,78.0,79.0,3872200
2025-06-18,78.0,78.0,79.0,77.0,79.0,6871800
2025-06-19,76.0,76.0,78.0,76.0,78.0,12019700
2025-06-20,76.0,76.0,77.0,75.0,76.0,2149900
2025-06-23,76.0,76.0,76.0,75.0,76.0,4727300
2025-06-24,76.0,76.0,77.0,75.0,76.0,3710400
2025-06-25,77.0,77.0,86.0,75.0,76.0,39901100
2025-06-26,78.0,78.0,78.0,76.0,77.0,4814900
2025-06-30,77.0,77.0,78.0,76.0,78.0,2360200
2025-07-01,78.0,78.0,78.0,77.0,77.0,734700
2025-07-02,77.0,77.0,78.0,76.0,78.0,945000
2025-07-03,77.0,77.0,78.0,76.0,78.0,978700
2025-07-04,76.0,76.0,78.0,76.0,78.0,2388400
2025-07-07,75.0,75.0,77.0,75.0,77.0,1037100
2025-07-08,77.0,77.0,77.0,75.0,75.0,2760100
2025-07-09,77.0,77.0,78.0,76.0,77.0,1393200
2025-07-10,77.0,77.0,78.0,76.0,77.0,1617800
2025-07-11,78.0,78.0,79.0,77.0,78.0,2760400
2025-07-14,78.0,78.0,79.0,77.0,78.0,1847100
2025-07-15,78.0,78.0,78.0,76.0,77.0,3231800
2025-07-16,78.0,78.0,79.0,77.0,78.0,2711500
2025-07-17,78.0,78.0,79.0,77.0,78.0,1055500
2025-07-18,78.0,78.0,79.0,77.0,78.0,2963900
2025-07-21,78.0,78.0,79.0,78.0,79.0,1866400
2025-07-22,79.0,79.0,79.0,77.0,78.0,3776300
2025-07-23,80.0,80.0,80.0,78.0,79.0,6544500
2025-07-24,80.0,80.0,90.0,79.0,80.0,122176800
2025-07-25,80.0,80.0,84.0,80.0,80.0,20437400
2025-07-28,79.0,79.0,81.0,78.0,81.0,15944700
2025-07-29,79.0,79.0,80.0,78.0,79.0,4222900
2025-07-30,80.0,80.0,81.0,79.0,79.0,6582300
2025-07-31,79.0,79.0,82.0,78.0,80.0,8184500
2025-08-01,78.0,78.0,80.0,78.0,80.0,5693700
2025-08-04,78.0,78.0,79.0,77.0,79.0,5751100
2025-08-05,78.0,78.0,79.0,77.0,79.0,4256400
2025-08-06,77.0,77.0,79.0,77.0,79.0,4790800
2025-08-07,77.0,77.0,79.0,77.0,78.0,10528600
2025-08-08,77.0,77.0,78.0,76.0,77.0,4038300
2025-08-11,79.0,79.0,79.0,76.0,77.0,17920900
2025-08-12,85.0,85.0,86.0,78.0,79.0,71177800
2025-08-13,83.0,83.0,86.0,82.0,85.0,16256900
2025-08-14,96.0,96.0,102.0,84.0,84.0,399333000
2025-08-15,93.0,93.0,97.0,90.0,96.0,75920800
2025-08-19,93.0,93.0,96.0,92.0,95.0,28989700
2025-08-20,108.0,108.0,111.0,92.0,93.0,328391600
2025-08-21,103.0,103.0,109.0,100.0,108.0,103975700
2025-08-22,106.0,106.0,109.0,102.0,104.0,102333000
2025-08-25,118.0,118.0,123.0,106.0,107.0,374350800
2025-08-26,117.0,117.0,122.0,112.0,118.0,114439900
2025-08-27,115.0,115.0,119.0,112.0,118.0,57243200
2025-08-28,124.0,124.0,130.0,115.0,118.0,240025400
2025-08-29,116.0,116.0,123.0,107.0,120.0,186773700
2025-09-01,113.0,113.0,116.0,104.0,107.0,99558400
2025-09-02,115.0,115.0,117.0,114.0,116.0,22200300
2025-09-03,113.0,113.0,116.0,112.0,115.0,26959100
2025-09-04,110.0,110.0,115.0,106.0,114.0,29960300
2025-09-08,104.0,104.0,110.0,102.0,110.0,44930100
2025-09-09,105.0,105.0,108.0,104.0,104.0,31145500
2025-09-10,106.0,106.0,112.0,101.0,105.0,99225200
2025-09-11,110.0,110.0,118.0,106.0,107.0,121764600
2025-09-12,110.0,110.0,116.0,110.0,111.0,30821400
2025-09-15,110.0,110.0,112.0,108.0,111.0,12470800
2025-09-16,110.0,110.0,111.0,109.0,110.0,12844200
2025-09-17,111.0,111.0,113.0,108.0,110.0,68068200
2025-09-18,108.0,108.0,113.0,108.0,113.0,34635200
2025-09-19,106.0,106.0,110.0,104.0,108.0,22690900
2025-09-22,107.0,107.0,108.0,103.0,107.0,14416000
2025-09-23,109.0,109.0,110.0,106.0,108.0,12870000
2025-09-24,110.0,110.0,111.0,106.0,109.0,14400100
2025-09-25,120.0,120.0,121.0,110.0,111.0,220774900
2025-09-26,117.0,117.0,121.0,114.0,120.0,78294100
2025-09-29,115.0,115.0,117.0,113.0,117.0,59789600
2025-09-30,112.0,112.0,116.0,111.0,115.0,26963600
2025-10-01,115.0,115.0,117.0,111.0,113.0,68892900
2025-10-02,114.0,114.0,122.0,112.0,115.0,132561400
2025-10-03,109.0,109.0,116.0,108.0,116.0,65248100
2025-10-06,108.0,108.0,110.0,106.0,107.0,44817200
2025-10-07,108.0,108.0,110.0,107.0,108.0,14098400
2025-10-08,107.0,107.0,110.0,107.0,108.0,26204400
2025-10-09,111.0,111.0,114.0,107.0,108.0,33458700
2025-10-10,108.0,108.0,112.0,107.0,112.0,18370700
2025-10-13,111.0,111.0,111.0,106.0,108.0,17468700
2025-10-14,107.0,107.0,112.0,107.0,110.0,24426100
2025-10-15,107.0,107.0,110.0,106.0,108.0,20273300
2025-10-16,106.0,106.0,110.0,105.0,110.0,25644500
2025-10-17,106.0,106.0,109.0,104.0,106.0,19837500
2025-10-20,113.0,113.0,113.0,106.0,107.0,40080000
2025-10-21,113.0,113.0,117.0,112.0,114.0,41788700
2025-10-22,119.0,119.0,125.0,111.0,114.0,184085500
2025-10-23,120.0,120.0,121.0,115.0,120.0,65326300
2025-10-24,116.0,116.0,120.0,112.0,120.0,55695800
2025-10-27,112.0,112.0,116.0,110.0,114.0,31635000
2025-10-28,113.0,113.0,116.0,111.0,112.0,22225800
2025-10-29,114.0,114.0,115.0,111.0,113.0,16167100
2025-10-30,118.0,118.0,119.0,114.0,114.0,61410900
2025-10-31,113.0,113.0,120.0,113.0,119.0,30154600
2025-11-03,115.0,115.0,115.0,112.0,113.0,18670800
2025-11-04,111.0,111.0,115.0,111.0,115.0,19186400
2025-11-05,110.0,110.0,112.0,110.0,112.0,15225900
2025-11-06,109.0,109.0,111.0,109.0,111.0,11968700
2025-11-07,109.0,109.0,110.0,108.0,109.0,6878600
2025-11-10,114.0,114.0,116.0,110.0,110.0,49221200
2025-11-11,114.0,114.0,115.0,112.0,115.0,19955100
2025-11-12,114.0,114.0,117.0,113.0,114.0,24436000
2025-11-13,118.0,118.0,120.0,114.0,116.0,40608000
2025-11-14,116.0,116.0,119.0,114.0,119.0,14896400
2025-11-17,115.0,115.0,117.0,115.0,116.0,10618900
2025-11-18,114.0,114.0,117.0,114.0,115.0,7277500
2025-11-19,113.0,113.0,116.0,112.0,114.0,12408100
2025-11-20,115.0,115.0,116.0,112.0,112.0,9439000
2025-11-21,116.0,116.0,118.0,115.0,116.0,17016000
2025-11-24,123.0,123.0,136.0,118.0,118.0,337773800
2025-11-25,121.0,121.0,126.0,120.0,125.0,49029600
2025-11-26,132.0,132.0,132.0,121.0,121.0,137877700
2025-11-27,127.0,127.0,142.0,127.0,133.0,211374900
2025-11-28,123.0,123.0,134.0,122.0,128.0,55792200
2025-12-01,120.0,120.0,126.0,120.0,123.0,31982400
2025-12-02,134.0,134.0,135.0,121.0,121.0,93255400
2025-12-03,127.0,127.0,135.0,126.0,135.0,45203300
2025-12-04,125.0,125.0,127.0,124.0,127.0,17931500
2025-12-05,125.0,125.0,127.0,124.0,125.0,8551800
2025-12-08,124.0,124.0,126.0,122.0,126.0,14280400
2025-12-09,122.0,122.0,125.0,121.0,125.0,18581500
2025-12-10,118.0,118.0,124.0,118.0,122.0,41769100
2025-12-11,117.0,117.0,122.0,115.0,118.0,27758100
2025-12-12,116.0,116.0,119.0,115.0,118.0,10228000
2025-12-15,121.0,121.0,124.0,117.0,118.0,43469200
2025-12-16,126.0,126.0,127.0,117.0,122.0,38472900
2025-12-17,118.0,118.0,127.0,118.0,127.0,28363100
2025-12-18,118.0,118.0,121.0,118.0,118.0,14316400
2025-12-19,117.0,117.0,122.0,115.0,118.0,53634300
2025-12-22,116.0,116.0,120.0,116.0,117.0,14759300
2025-12-23,116.0,116.0,118.0,115.0,117.0,10238700
2025-12-24,116.0,116.0,117.0,115.0,116.0,10358500
2025-12-29,117.0,117.0,117.0,115.0,116.0,8237300
2025-12-30,119.0,119.0,121.0,116.0,117.0,19439900
