Date,Adj Close,Close,High,Low,Open,Volume
2020-01-02,715.8782348632812,1171.76708984375,1206.6707763671875,1126.890869140625,1181.7396240234375,6210988
2020-01-03,734.156005859375,1201.6845703125,1216.643310546875,1171.76708984375,1176.7532958984375,11944564
2020-01-06,773.7577514648438,1266.5057373046875,1271.491943359375,1191.7120361328125,1211.656982421875,21481203
2020-01-07,749.387451171875,1226.61572265625,1281.4644775390625,1226.61572265625,1266.5057373046875,12683998
2020-01-08,725.0171508789062,1186.725830078125,1226.61572265625,1181.7396240234375,1226.61572265625,8227737
2020-01-09,728.0633544921875,1191.7120361328125,1221.6295166015625,1181.7396240234375,1186.725830078125,7941249
2020-01-10,700.6467895507812,1146.8359375,1196.6983642578125,1126.890869140625,1191.7120361328125,17428553
2020-01-13,688.4615478515625,1126.890869140625,1161.7945556640625,1126.890869140625,1146.8359375,10109415
2020-01-14,697.600341796875,1141.849609375,1151.8221435546875,1116.91845703125,1126.890869140625,8713775
2020-01-15,679.3226928710938,1111.93212890625,1151.8221435546875,1106.9459228515625,1141.849609375,8489959
2020-01-16,664.09130859375,1087.0009765625,1121.9046630859375,1082.0147705078125,1111.93212890625,10039222
2020-01-17,636.6746826171875,1042.124755859375,1087.0009765625,1042.124755859375,1087.0009765625,12484550
2020-01-20,615.3506469726562,1007.2210693359375,1042.124755859375,1002.23486328125,1042.124755859375,13719347
2020-01-21,657.9986572265625,1077.0284423828125,1106.9459228515625,997.2485961914062,1007.2210693359375,25785245
2020-01-22,639.7208862304688,1047.1109619140625,1091.9871826171875,1007.2210693359375,1077.0284423828125,26804951
2020-01-23,645.8135375976562,1057.08349609375,1072.042236328125,1027.166015625,1047.1109619140625,6217406
2020-01-24,661.0449829101562,1082.0147705078125,1087.0009765625,1032.15234375,1057.08349609375,7527812
2020-01-27,630.5820922851562,1032.15234375,1082.0147705078125,1027.166015625,1072.042236328125,7916280
2020-01-28,627.5358276367188,1027.166015625,1032.15234375,987.276123046875,1017.1935424804688,9374994
2020-01-29,621.4432373046875,1017.1935424804688,1047.1109619140625,1012.2073364257812,1032.15234375,6438615
2020-01-30,618.3969116210938,1012.2073364257812,1027.166015625,1002.23486328125,1017.1935424804688,3673306
2020-01-31,600.119140625,982.2898559570312,1017.1935424804688,977.3035888671875,1012.2073364257812,10346266
2020-02-03,594.0265502929688,972.3173828125,1002.23486328125,957.358642578125,987.276123046875,6048842
2020-02-04,612.3043212890625,1002.23486328125,1007.2210693359375,972.3173828125,972.3173828125,5644329
2020-02-05,606.2117919921875,992.2623291015625,1012.2073364257812,987.276123046875,1002.23486328125,5562304
2020-02-06,633.6283569335938,1037.1385498046875,1042.124755859375,997.2485961914062,997.2485961914062,12612201
2020-02-07,630.5820922851562,1032.15234375,1062.0697021484375,1022.1798095703125,1042.124755859375,8336838
2020-02-10,615.3506469726562,1007.2210693359375,1042.124755859375,997.2485961914062,1032.15234375,4857063
2020-02-11,618.3969116210938,1012.2073364257812,1022.1798095703125,997.2485961914062,1012.2073364257812,3858115
2020-02-12,609.2579956054688,997.2485961914062,1022.1798095703125,987.276123046875,1017.1935424804688,5264284
2020-02-13,600.119140625,982.2898559570312,1002.23486328125,982.2898559570312,997.2485961914062,3358841
2020-02-14,609.2579956054688,997.2485961914062,997.2485961914062,977.3035888671875,987.276123046875,3690353
2020-02-17,615.3506469726562,1007.2210693359375,1012.2073364257812,992.2623291015625,997.2485961914062,4389778
2020-02-18,627.5358276367188,1027.166015625,1032.15234375,1007.2210693359375,1007.2210693359375,13198313
2020-02-19,621.4432373046875,1017.1935424804688,1037.1385498046875,1017.1935424804688,1022.1798095703125,7332374
2020-02-20,621.4432373046875,1017.1935424804688,1047.1109619140625,1012.2073364257812,1022.1798095703125,5872858
2020-02-21,609.2579956054688,997.2485961914062,1022.1798095703125,997.2485961914062,1017.1935424804688,5720639
2020-02-24,590.980224609375,967.3311157226562,997.2485961914062,967.3311157226562,967.3311157226562,10022275
2020-02-25,590.980224609375,967.3311157226562,977.3035888671875,947.3861694335938,967.3311157226562,5113569
2020-02-26,572.7025756835938,937.4136962890625,962.3449096679688,932.4274291992188,962.3449096679688,6476218
2020-02-27,542.2396850585938,887.55126953125,937.4136962890625,877.5787353515625,937.4136962890625,11076375
2020-02-28,542.2396850585938,887.55126953125,887.55126953125,812.7576293945312,847.6613159179688,14907817
2020-03-02,539.193359375,882.5650024414062,912.4824829101562,857.6337890625,887.55126953125,9185472
2020-03-03,578.7952270507812,947.3861694335938,952.3723754882812,892.5374755859375,892.5374755859375,10069806
2020-03-04,600.119140625,982.2898559570312,982.2898559570312,922.4549560546875,942.39990234375,11264493
2020-03-05,594.0265502929688,972.3173828125,1002.23486328125,957.358642578125,977.3035888671875,8120743
2020-03-06,603.1654663085938,987.276123046875,987.276123046875,937.4136962890625,957.358642578125,5294667
2020-03-09,542.2396850585938,887.55126953125,947.3861694335938,882.5650024414062,947.3861694335938,12316487
2020-03-10,575.7488403320312,942.39990234375,957.358642578125,857.6337890625,897.5237426757812,10594449
2020-03-11,554.4248046875,907.4962158203125,952.3723754882812,892.5374755859375,937.4136962890625,5527909
2020-03-12,520.9156494140625,852.6475219726562,892.5374755859375,847.6613159179688,887.55126953125,6712067
2020-03-13,517.8693237304688,847.6613159179688,867.6062622070312,797.7988891601562,847.6613159179688,8420167
2020-03-16,487.406494140625,797.7988891601562,852.6475219726562,792.8126220703125,847.6613159179688,8280482
2020-03-17,463.0361022949219,757.908935546875,797.7988891601562,757.908935546875,797.7988891601562,4322292
2020-03-18,435.61944580078125,713.03271484375,777.8538818359375,708.0465087890625,757.908935546875,14892675
2020-03-19,405.15655517578125,663.1702880859375,698.0740356445312,663.1702880859375,688.1015014648438,7808384
2020-03-20,438.665771484375,718.0189819335938,718.0189819335938,623.2803955078125,668.1565551757812,9869755
2020-03-23,408.202880859375,668.1565551757812,678.1290283203125,668.1565551757812,668.1565551757812,6004019
2020-03-24,408.202880859375,668.1565551757812,703.0602416992188,628.2666015625,628.2666015625,4088148
2020-03-26,447.80462646484375,732.9777221679688,747.9364624023438,678.1290283203125,678.1290283203125,10534885
2020-03-27,463.0361022949219,757.908935546875,807.7713623046875,747.9364624023438,752.9226684570312,10153737
2020-03-30,432.5732116699219,708.0465087890625,737.9639282226562,708.0465087890625,732.9777221679688,3697974
2020-03-31,447.80462646484375,732.9777221679688,742.9501953125,713.03271484375,737.9639282226562,4404418
2020-04-01,441.71209716796875,723.0052490234375,762.8951416015625,718.0189819335938,718.0189819335938,5209533
2020-04-02,484.3601379394531,792.8126220703125,797.7988891601562,693.0877685546875,703.0602416992188,6456564
2020-04-03,499.5915832519531,817.7438354492188,822.7301025390625,762.8951416015625,762.8951416015625,4968570
2020-04-06,511.7767639160156,837.6888427734375,852.6475219726562,802.7850952148438,802.7850952148438,5354632
2020-04-07,511.7767639160156,837.6888427734375,877.5787353515625,822.7301025390625,852.6475219726562,6807129
2020-04-08,487.406494140625,797.7988891601562,837.6888427734375,782.8401489257812,832.7025756835938,6790282
2020-04-09,496.5453186035156,812.7576293945312,822.7301025390625,787.826416015625,822.7301025390625,2325498
2020-04-13,514.8230590820312,842.675048828125,842.675048828125,807.7713623046875,827.71630859375,4794090
2020-04-14,551.3784790039062,902.5099487304688,907.4962158203125,842.675048828125,842.675048828125,9973039
2020-04-15,545.2859497070312,892.5374755859375,922.4549560546875,887.55126953125,912.4824829101562,6727810
2020-04-16,554.4248046875,907.4962158203125,927.441162109375,847.6613159179688,887.55126953125,22261249
2020-04-17,566.6099243164062,927.441162109375,927.441162109375,907.4962158203125,922.4549560546875,11643335
2020-04-20,569.65625,932.4274291992188,947.3861694335938,912.4824829101562,927.441162109375,10746768
2020-04-21,572.7025756835938,937.4136962890625,947.3861694335938,917.4686889648438,942.39990234375,10306557
2020-04-22,569.65625,932.4274291992188,942.39990234375,922.4549560546875,937.4136962890625,11542257
2020-04-23,575.7488403320312,942.39990234375,947.3861694335938,932.4274291992188,937.4136962890625,12033108
2020-04-24,557.4711303710938,912.4824829101562,947.3861694335938,877.5787353515625,947.3861694335938,36487592
2020-04-27,580.57177734375,852.6475219726562,852.6475219726562,852.6475219726562,852.6475219726562,3732068
2020-04-28,543.22509765625,797.7988891601562,827.71630859375,797.7988891601562,797.7988891601562,10633657
2020-04-29,522.8540649414062,767.8814086914062,787.826416015625,762.8951416015625,762.8951416015625,17296790
2020-04-30,546.6201782226562,802.7850952148438,817.7438354492188,772.86767578125,772.86767578125,23996925
2020-05-04,529.6443481445312,777.8538818359375,802.7850952148438,767.8814086914062,787.826416015625,7381509
2020-05-05,529.6443481445312,777.8538818359375,797.7988891601562,767.8814086914062,777.8538818359375,5652452
2020-05-06,522.8540649414062,767.8814086914062,787.826416015625,767.8814086914062,787.826416015625,5348215
2020-05-08,522.8540649414062,767.8814086914062,782.8401489257812,767.8814086914062,772.86767578125,6824276
2020-05-11,526.249267578125,772.86767578125,787.826416015625,767.8814086914062,772.86767578125,6885544
2020-05-12,512.6685791015625,752.9226684570312,777.8538818359375,752.9226684570312,777.8538818359375,6995848
2020-05-13,502.4831237792969,737.9639282226562,752.9226684570312,727.991455078125,752.9226684570312,4869096
2020-05-14,475.3219299316406,698.0740356445312,742.9501953125,688.1015014648438,737.9639282226562,6260424
2020-05-15,461.7412414550781,678.1290283203125,713.03271484375,668.1565551757812,708.0465087890625,5759145
2020-05-18,458.34613037109375,673.142822265625,688.1015014648438,668.1565551757812,678.1290283203125,2840916
2020-05-19,471.9267578125,693.0877685546875,708.0465087890625,683.1152954101562,683.1152954101562,5375690
2020-05-20,468.5315856933594,688.1015014648438,698.0740356445312,673.142822265625,693.0877685546875,4995344
2020-05-26,478.7170715332031,703.0602416992188,703.0602416992188,673.142822265625,693.0877685546875,10780662
2020-05-27,492.2977294921875,723.0052490234375,727.991455078125,708.0465087890625,708.0465087890625,4136882
2020-05-28,499.0879821777344,732.9777221679688,752.9226684570312,727.991455078125,727.991455078125,5680930
2020-05-29,516.0637817382812,757.908935546875,757.908935546875,718.0189819335938,737.9639282226562,5017304
2020-06-02,526.249267578125,772.86767578125,782.8401489257812,747.9364624023438,747.9364624023438,11095227
2020-06-03,536.4347534179688,787.826416015625,807.7713623046875,767.8814086914062,782.8401489257812,12940003
2020-06-04,529.6443481445312,777.8538818359375,812.7576293945312,777.8538818359375,797.7988891601562,9286250
2020-06-05,539.8298950195312,792.8126220703125,797.7988891601562,767.8814086914062,777.8538818359375,4327005
2020-06-08,563.5960083007812,827.71630859375,837.6888427734375,797.7988891601562,802.7850952148438,19260994
2020-06-09,550.0153198242188,807.7713623046875,857.6337890625,802.7850952148438,832.7025756835938,12731629
2020-06-10,536.4347534179688,787.826416015625,812.7576293945312,777.8538818359375,807.7713623046875,8013047
2020-06-11,526.249267578125,772.86767578125,787.826416015625,762.8951416015625,787.826416015625,4992436
2020-06-12,533.0396118164062,782.8401489257812,797.7988891601562,723.0052490234375,747.9364624023438,7721344
2020-06-15,526.249267578125,772.86767578125,797.7988891601562,762.8951416015625,782.8401489257812,5306299
2020-06-16,539.8298950195312,792.8126220703125,802.7850952148438,772.86767578125,782.8401489257812,7542452
2020-06-17,539.8298950195312,792.8126220703125,802.7850952148438,787.826416015625,797.7988891601562,4092058
2020-06-18,539.8298950195312,792.8126220703125,797.7988891601562,787.826416015625,792.8126220703125,3054203
2020-06-19,526.249267578125,772.86767578125,792.8126220703125,772.86767578125,792.8126220703125,3541042
2020-06-22,526.249267578125,772.86767578125,787.826416015625,767.8814086914062,772.86767578125,2269644
2020-06-23,526.249267578125,772.86767578125,777.8538818359375,762.8951416015625,772.86767578125,4223320
2020-06-24,529.6443481445312,777.8538818359375,812.7576293945312,767.8814086914062,772.86767578125,14124161
2020-06-25,522.8540649414062,767.8814086914062,782.8401489257812,762.8951416015625,767.8814086914062,5178046
2020-06-26,512.6685791015625,752.9226684570312,782.8401489257812,752.9226684570312,772.86767578125,3984061
2020-06-29,516.0637817382812,757.908935546875,762.8951416015625,752.9226684570312,762.8951416015625,2446130
2020-06-30,516.0637817382812,757.908935546875,772.86767578125,757.908935546875,767.8814086914062,2602460
2020-07-01,519.4589233398438,762.8951416015625,767.8814086914062,752.9226684570312,762.8951416015625,1945853
2020-07-02,519.4589233398438,762.8951416015625,767.8814086914062,762.8951416015625,767.8814086914062,1877164
2020-07-03,573.7814331054688,842.675048828125,867.6062622070312,752.9226684570312,767.8814086914062,75934627
2020-07-06,556.8056640625,817.7438354492188,857.6337890625,807.7713623046875,837.6888427734375,28560682
2020-07-07,594.15234375,872.592529296875,877.5787353515625,817.7438354492188,822.7301025390625,74357086
2020-07-08,607.7330322265625,892.5374755859375,917.4686889648438,882.5650024414062,882.5650024414062,47949528
2020-07-09,604.337890625,887.55126953125,907.4962158203125,867.6062622070312,897.5237426757812,22276892
2020-07-10,597.5475463867188,877.5787353515625,922.4549560546875,872.592529296875,892.5374755859375,23830066
2020-07-13,641.6845703125,942.39990234375,952.3723754882812,887.55126953125,897.5237426757812,68849432
2020-07-14,621.3136596679688,912.4824829101562,947.3861694335938,907.4962158203125,947.3861694335938,25834581
2020-07-15,617.91845703125,907.4962158203125,932.4274291992188,902.5099487304688,927.441162109375,11370083
2020-07-16,628.10400390625,922.4549560546875,932.4274291992188,902.5099487304688,907.4962158203125,13978761
2020-07-17,617.91845703125,907.4962158203125,927.441162109375,902.5099487304688,927.441162109375,9607734
2020-07-20,594.15234375,872.592529296875,927.441162109375,862.6200561523438,912.4824829101562,20743774
2020-07-21,624.708740234375,917.4686889648438,922.4549560546875,882.5650024414062,892.5374755859375,18075834
2020-07-22,624.708740234375,917.4686889648438,977.3035888671875,917.4686889648438,932.4274291992188,30457400
2020-07-23,628.10400390625,922.4549560546875,937.4136962890625,917.4686889648438,927.441162109375,9359852
2020-07-24,611.128173828125,897.5237426757812,912.4824829101562,892.5374755859375,907.4962158203125,15186584
2020-07-27,662.0554809570312,972.3173828125,982.2898559570312,897.5237426757812,912.4824829101562,102939729
2020-07-28,648.474853515625,952.3723754882812,1037.1385498046875,947.3861694335938,992.2623291015625,84923358
2020-07-29,655.2652587890625,962.3449096679688,997.2485961914062,952.3723754882812,957.358642578125,22455584
2020-07-30,634.8942260742188,932.4274291992188,972.3173828125,927.441162109375,962.3449096679688,17910679
2020-08-03,600.9426879882812,882.5650024414062,947.3861694335938,867.6062622070312,932.4274291992188,26788205
2020-08-04,617.91845703125,907.4962158203125,932.4274291992188,882.5650024414062,887.55126953125,19507272
2020-08-05,621.3136596679688,912.4824829101562,927.441162109375,897.5237426757812,907.4962158203125,12453063
2020-08-06,624.708740234375,917.4686889648438,937.4136962890625,912.4824829101562,922.4549560546875,10088858
2020-08-07,617.91845703125,907.4962158203125,927.441162109375,902.5099487304688,917.4686889648438,6978099
2020-08-10,624.708740234375,917.4686889648438,922.4549560546875,907.4962158203125,907.4962158203125,5329463
2020-08-11,631.4990844726562,927.441162109375,947.3861694335938,922.4549560546875,927.441162109375,13771190
2020-08-12,651.8700561523438,957.358642578125,957.358642578125,922.4549560546875,927.441162109375,32019599
2020-08-13,645.079833984375,947.3861694335938,977.3035888671875,947.3861694335938,967.3311157226562,16279992
2020-08-14,641.6845703125,942.39990234375,952.3723754882812,942.39990234375,947.3861694335938,8399009
2020-08-18,645.079833984375,947.3861694335938,962.3449096679688,942.39990234375,947.3861694335938,15840283
2020-08-19,648.474853515625,952.3723754882812,957.358642578125,942.39990234375,952.3723754882812,6091760
2020-08-24,665.45068359375,977.3035888671875,982.2898559570312,952.3723754882812,952.3723754882812,27340825
2020-08-25,689.216796875,1012.2073364257812,1017.1935424804688,982.2898559570312,997.2485961914062,41752177
2020-08-26,692.6119384765625,1017.1935424804688,1027.166015625,1007.2210693359375,1017.1935424804688,17434369
2020-08-27,767.3052978515625,1126.890869140625,1171.76708984375,1017.1935424804688,1017.1935424804688,100217439
2020-08-28,760.5150756835938,1116.91845703125,1146.8359375,1106.9459228515625,1136.8634033203125,27207458
2020-08-31,716.3780517578125,1052.0972900390625,1131.877197265625,1042.124755859375,1121.9046630859375,29768605
2020-09-01,736.7489624023438,1082.0147705078125,1091.9871826171875,1037.1385498046875,1047.1109619140625,14930479
2020-09-02,733.353759765625,1077.0284423828125,1091.9871826171875,1067.0560302734375,1082.0147705078125,8728716
2020-09-03,716.3780517578125,1052.0972900390625,1087.0009765625,1042.124755859375,1082.0147705078125,13362666
2020-09-04,706.1925659179688,1037.1385498046875,1042.124755859375,997.2485961914062,1037.1385498046875,11543159
2020-09-07,699.4022827148438,1027.166015625,1057.08349609375,1027.166015625,1037.1385498046875,8639169
2020-09-08,702.7974243164062,1032.15234375,1037.1385498046875,1027.166015625,1027.166015625,4502488
2020-09-09,682.4264526367188,1002.23486328125,1032.15234375,992.2623291015625,1017.1935424804688,13050908
2020-09-10,634.8942260742188,932.4274291992188,992.2623291015625,932.4274291992188,992.2623291015625,18416671
2020-09-11,651.8700561523438,957.358642578125,972.3173828125,867.6062622070312,912.4824829101562,21873683
2020-09-14,672.2410278320312,987.276123046875,997.2485961914062,962.3449096679688,977.3035888671875,10992444
2020-09-15,658.6602783203125,967.3311157226562,1002.23486328125,962.3449096679688,997.2485961914062,5924600
2020-09-16,648.474853515625,952.3723754882812,977.3035888671875,947.3861694335938,977.3035888671875,5471454
2020-09-17,631.4990844726562,927.441162109375,957.358642578125,922.4549560546875,952.3723754882812,7482988
2020-09-18,638.2894287109375,937.4136962890625,947.3861694335938,922.4549560546875,927.441162109375,5678122
2020-09-21,614.5232543945312,902.5099487304688,942.39990234375,902.5099487304688,937.4136962890625,5379400
2020-09-22,600.9426879882812,882.5650024414062,927.441162109375,877.5787353515625,887.55126953125,5845784
2020-09-23,604.337890625,887.55126953125,917.4686889648438,872.592529296875,897.5237426757812,7310213
2020-09-24,587.3621215820312,862.6200561523438,877.5787353515625,852.6475219726562,877.5787353515625,8792190
2020-09-25,600.9426879882812,882.5650024414062,897.5237426757812,857.6337890625,867.6062622070312,10204175
2020-09-28,597.5475463867188,877.5787353515625,897.5237426757812,867.6062622070312,887.55126953125,4855359
2020-09-29,594.15234375,872.592529296875,892.5374755859375,862.6200561523438,882.5650024414062,5617455
2020-09-30,590.7572631835938,867.6062622070312,872.592529296875,857.6337890625,872.592529296875,5143552
2020-10-01,614.5232543945312,902.5099487304688,917.4686889648438,867.6062622070312,877.5787353515625,5278322
2020-10-02,597.5475463867188,877.5787353515625,922.4549560546875,867.6062622070312,907.4962158203125,9658273
2020-10-05,607.7330322265625,892.5374755859375,892.5374755859375,877.5787353515625,877.5787353515625,3323945
2020-10-06,617.91845703125,907.4962158203125,912.4824829101562,897.5237426757812,897.5237426757812,7703094
2020-10-07,614.5232543945312,902.5099487304688,912.4824829101562,892.5374755859375,902.5099487304688,2974584
2020-10-08,621.3136596679688,912.4824829101562,922.4549560546875,902.5099487304688,907.4962158203125,5776894
2020-10-09,621.3136596679688,912.4824829101562,922.4549560546875,907.4962158203125,922.4549560546875,2667740
2020-10-12,631.4990844726562,927.441162109375,942.39990234375,917.4686889648438,922.4549560546875,10017662
2020-10-13,651.8700561523438,957.358642578125,972.3173828125,917.4686889648438,927.441162109375,15571643
2020-10-14,658.6602783203125,967.3311157226562,977.3035888671875,957.358642578125,972.3173828125,12040428
2020-10-15,662.0554809570312,972.3173828125,972.3173828125,947.3861694335938,972.3173828125,16092878
2020-10-16,702.7974243164062,1032.15234375,1062.0697021484375,967.3311157226562,972.3173828125,38703388
2020-10-19,716.3780517578125,1052.0972900390625,1057.08349609375,1022.1798095703125,1047.1109619140625,19823041
2020-10-20,716.3780517578125,1052.0972900390625,1082.0147705078125,1027.166015625,1037.1385498046875,19966536
2020-10-21,733.353759765625,1077.0284423828125,1077.0284423828125,1047.1109619140625,1057.08349609375,17116594
2020-10-22,706.1925659179688,1037.1385498046875,1131.877197265625,1037.1385498046875,1077.0284423828125,60441098
2020-10-23,712.9827880859375,1047.1109619140625,1052.0972900390625,1032.15234375,1042.124755859375,18563375
2020-10-26,750.3296508789062,1101.959716796875,1156.808349609375,1067.0560302734375,1091.9871826171875,41173585
2020-10-27,736.7489624023438,1082.0147705078125,1126.890869140625,1082.0147705078125,1101.959716796875,18833017
2020-11-02,750.3296508789062,1101.959716796875,1106.9459228515625,1072.042236328125,1072.042236328125,18570595
2020-11-03,757.119873046875,1111.93212890625,1126.890869140625,1101.959716796875,1101.959716796875,11467652
2020-11-04,740.1441650390625,1087.0009765625,1131.877197265625,1077.0284423828125,1131.877197265625,11183971
2020-11-05,753.7247314453125,1106.9459228515625,1116.91845703125,1096.9735107421875,1096.9735107421875,11683445
2020-11-06,767.3052978515625,1126.890869140625,1126.890869140625,1106.9459228515625,1111.93212890625,13449505
2020-11-09,794.4666748046875,1166.7808837890625,1181.7396240234375,1131.877197265625,1146.8359375,29054741
2020-11-10,835.2085571289062,1226.61572265625,1231.60205078125,1186.725830078125,1186.725830078125,30886782
2020-11-11,896.3212890625,1316.3681640625,1316.3681640625,1221.6295166015625,1226.61572265625,32495408
2020-11-12,875.950439453125,1286.45068359375,1331.326904296875,1266.5057373046875,1316.3681640625,15577159
2020-11-13,882.74072265625,1296.4232177734375,1306.3956298828125,1256.533203125,1286.45068359375,16271970
2020-11-16,886.1358642578125,1301.409423828125,1346.28564453125,1291.4368896484375,1316.3681640625,11875273
2020-11-17,886.1358642578125,1301.409423828125,1331.326904296875,1296.4232177734375,1301.409423828125,9693972
2020-11-18,882.74072265625,1296.4232177734375,1306.3956298828125,1286.45068359375,1301.409423828125,6319888
2020-11-19,886.1358642578125,1301.409423828125,1316.3681640625,1286.45068359375,1316.3681640625,5967619
2020-11-20,875.950439453125,1286.45068359375,1311.3819580078125,1286.45068359375,1306.3956298828125,4896171
2020-11-23,886.1358642578125,1301.409423828125,1301.409423828125,1266.5057373046875,1286.45068359375,11801169
2020-11-24,940.4583129882812,1381.1893310546875,1386.175537109375,1301.409423828125,1311.3819580078125,31504381
2020-11-25,937.0631713867188,1376.2030029296875,1431.0517578125,1346.28564453125,1381.1893310546875,25818035
2020-11-26,964.2244262695312,1416.093017578125,1455.98291015625,1351.2718505859375,1371.216796875,35205264
2020-11-27,964.2244262695312,1416.093017578125,1446.010498046875,1406.1204833984375,1446.010498046875,11026438
2020-11-30,899.7164306640625,1321.3543701171875,1416.093017578125,1321.3543701171875,1416.093017578125,23063858
2020-12-01,981.2000122070312,1441.024169921875,1441.024169921875,1321.3543701171875,1326.340576171875,33227121
2020-12-02,971.0146484375,1426.0654296875,1455.98291015625,1411.1068115234375,1441.024169921875,13180264
2020-12-03,984.595458984375,1446.010498046875,1475.9278564453125,1426.0654296875,1475.9278564453125,16316894
2020-12-04,974.4099731445312,1431.0517578125,1450.9967041015625,1421.0792236328125,1446.010498046875,4763807
2020-12-07,984.595458984375,1446.010498046875,1455.98291015625,1431.0517578125,1431.0517578125,9107057
2020-12-08,967.61962890625,1421.0792236328125,1460.96923828125,1406.1204833984375,1450.9967041015625,14182923
2020-12-10,1100.0306396484375,1615.542724609375,1650.4464111328125,1396.1480712890625,1426.0654296875,102083774
2020-12-11,1072.8695068359375,1575.65283203125,1635.4876708984375,1530.776611328125,1620.5289306640625,89035172
2020-12-14,1055.8935546875,1550.7215576171875,1595.5977783203125,1550.7215576171875,1585.625244140625,20236779
2020-12-15,1079.6597900390625,1585.625244140625,1645.460205078125,1545.7353515625,1555.707763671875,50861240
2020-12-16,1086.4501953125,1595.5977783203125,1625.5152587890625,1585.625244140625,1585.625244140625,13881393
2020-12-17,1079.6597900390625,1585.625244140625,1610.5565185546875,1580.6390380859375,1595.5977783203125,15541862
2020-12-18,1123.7967529296875,1650.4464111328125,1705.2950439453125,1580.6390380859375,1585.625244140625,66820350
2020-12-21,1171.3289794921875,1720.2537841796875,1770.1162109375,1655.4326171875,1665.4051513671875,92037933
2020-12-22,1110.2161865234375,1630.50146484375,1745.18505859375,1610.5565185546875,1720.2537841796875,42048893
2020-12-23,1123.7967529296875,1650.4464111328125,1670.391357421875,1540.7490234375,1645.460205078125,33822760
2020-12-28,1100.0306396484375,1615.542724609375,1675.377685546875,1600.583984375,1655.4326171875,24310086
2020-12-29,1072.8695068359375,1575.65283203125,1640.473876953125,1570.66650390625,1635.4876708984375,23257490
2020-12-30,1052.49853515625,1545.7353515625,1600.583984375,1545.7353515625,1595.5977783203125,37352873
2021-01-04,1106.821044921875,1625.5152587890625,1630.50146484375,1500.859130859375,1545.7353515625,32921981
2021-01-05,1093.2403564453125,1605.5701904296875,1625.5152587890625,1585.625244140625,1625.5152587890625,15207943
2021-01-06,1093.2403564453125,1605.5701904296875,1645.460205078125,1555.707763671875,1605.5701904296875,13851511
2021-01-07,1093.2403564453125,1605.5701904296875,1630.50146484375,1585.625244140625,1600.583984375,10746467
2021-01-08,1123.7967529296875,1650.4464111328125,1675.377685546875,1605.5701904296875,1615.542724609375,49577006
2021-01-11,1161.1435546875,1705.2950439453125,1755.157470703125,1650.4464111328125,1665.4051513671875,79089407
2021-01-12,1147.5628662109375,1685.35009765625,1745.18505859375,1670.391357421875,1715.267578125,33155925
2021-01-13,1133.9822998046875,1665.4051513671875,1700.308837890625,1645.460205078125,1695.3226318359375,21043800
2021-01-14,1191.7000732421875,1750.1712646484375,1849.8961181640625,1645.460205078125,1680.3638916015625,105913711
2021-01-15,1195.0950927734375,1755.157470703125,1824.9649658203125,1715.267578125,1785.074951171875,72797696
2021-01-18,1137.3773193359375,1670.391357421875,1775.1025390625,1665.4051513671875,1755.157470703125,26665467
2021-01-19,1093.2403564453125,1605.5701904296875,1675.377685546875,1590.6114501953125,1670.391357421875,25645962
2021-01-20,1120.401611328125,1645.460205078125,1665.4051513671875,1555.707763671875,1610.5565185546875,16150837
2021-01-21,1123.7967529296875,1650.4464111328125,1705.2950439453125,1645.460205078125,1650.4464111328125,21965937
2021-01-22,1106.821044921875,1625.5152587890625,1675.377685546875,1605.5701904296875,1670.391357421875,14429200
2021-01-25,1137.3773193359375,1670.391357421875,1675.377685546875,1515.81787109375,1620.5289306640625,50350635
2021-01-26,1110.2161865234375,1630.50146484375,1690.3363037109375,1585.625244140625,1675.377685546875,33400498
2021-01-27,1072.8695068359375,1575.65283203125,1660.4189453125,1545.7353515625,1660.4189453125,25693092
2021-01-28,998.1759643554688,1465.9554443359375,1595.5977783203125,1465.9554443359375,1535.7628173828125,29920222
2021-01-29,998.1759643554688,1465.9554443359375,1520.8040771484375,1426.0654296875,1490.8865966796875,23822645
2021-02-01,1042.31298828125,1530.776611328125,1545.7353515625,1371.216796875,1436.0379638671875,25598331
2021-02-02,1004.9662475585938,1475.9278564453125,1560.694091796875,1475.9278564453125,1545.7353515625,20510031
2021-02-03,1042.31298828125,1530.776611328125,1560.694091796875,1470.941650390625,1515.81787109375,18150840
2021-02-04,1062.68408203125,1560.694091796875,1585.625244140625,1525.790283203125,1530.776611328125,18700452
2021-02-05,1052.49853515625,1545.7353515625,1575.65283203125,1545.7353515625,1565.6802978515625,8368023
2021-02-08,1066.0792236328125,1565.6802978515625,1575.65283203125,1545.7353515625,1545.7353515625,5505548
2021-02-09,1049.103271484375,1540.7490234375,1605.5701904296875,1530.776611328125,1575.65283203125,11677930
2021-02-10,1055.8935546875,1550.7215576171875,1555.707763671875,1505.8453369140625,1540.7490234375,4061474
2021-02-11,1059.2886962890625,1555.707763671875,1565.6802978515625,1545.7353515625,1555.707763671875,4029787
2021-02-15,1066.0792236328125,1565.6802978515625,1575.65283203125,1555.707763671875,1560.694091796875,6482736
2021-02-16,1096.6356201171875,1610.5565185546875,1625.5152587890625,1570.66650390625,1575.65283203125,14451862
2021-02-17,1072.8695068359375,1575.65283203125,1630.50146484375,1565.6802978515625,1630.50146484375,15333087
2021-02-18,1072.8695068359375,1575.65283203125,1610.5565185546875,1545.7353515625,1570.66650390625,12294928
2021-02-19,1059.2886962890625,1555.707763671875,1580.6390380859375,1545.7353515625,1580.6390380859375,8763010
2021-02-22,1055.8935546875,1550.7215576171875,1575.65283203125,1545.7353515625,1560.694091796875,8382764
2021-02-23,1066.0792236328125,1565.6802978515625,1575.65283203125,1545.7353515625,1555.707763671875,5559696
2021-02-24,1096.6356201171875,1610.5565185546875,1615.542724609375,1530.776611328125,1565.6802978515625,28199388
2021-02-25,1100.0306396484375,1615.542724609375,1655.4326171875,1610.5565185546875,1615.542724609375,27031173
2021-02-26,1076.2646484375,1580.6390380859375,1615.542724609375,1565.6802978515625,1590.6114501953125,13403578
2021-03-01,1079.6597900390625,1585.625244140625,1605.5701904296875,1575.65283203125,1580.6390380859375,8783466
2021-03-02,1069.4742431640625,1570.66650390625,1600.583984375,1565.6802978515625,1590.6114501953125,6865890
2021-03-03,1083.054931640625,1590.6114501953125,1615.542724609375,1560.694091796875,1570.66650390625,14692424
2021-03-04,1076.2646484375,1580.6390380859375,1615.542724609375,1570.66650390625,1595.5977783203125,15889117
2021-03-05,1069.4742431640625,1570.66650390625,1580.6390380859375,1530.776611328125,1580.6390380859375,7130117
2021-03-08,1059.2886962890625,1555.707763671875,1580.6390380859375,1545.7353515625,1575.65283203125,5120889
2021-03-09,1015.1517944335938,1490.8865966796875,1560.694091796875,1450.9967041015625,1555.707763671875,25169852
2021-03-10,1025.337158203125,1505.8453369140625,1520.8040771484375,1446.010498046875,1475.9278564453125,6810538
2021-03-12,1042.31298828125,1530.776611328125,1530.776611328125,1505.8453369140625,1505.8453369140625,6279076
2021-03-15,1066.0792236328125,1565.6802978515625,1580.6390380859375,1530.776611328125,1535.7628173828125,14168583
2021-03-16,1089.8450927734375,1600.583984375,1610.5565185546875,1570.66650390625,1580.6390380859375,19509378
2021-03-17,1072.8695068359375,1575.65283203125,1605.5701904296875,1565.6802978515625,1605.5701904296875,10342757
2021-03-18,1069.4742431640625,1570.66650390625,1590.6114501953125,1560.694091796875,1585.625244140625,8523150
2021-03-19,1066.0792236328125,1565.6802978515625,1585.625244140625,1545.7353515625,1575.65283203125,6539292
2021-03-22,1066.0792236328125,1565.6802978515625,1590.6114501953125,1550.7215576171875,1570.66650390625,4949718
2021-03-23,1062.68408203125,1560.694091796875,1580.6390380859375,1550.7215576171875,1570.66650390625,3966413
2021-03-24,1042.31298828125,1530.776611328125,1565.6802978515625,1515.81787109375,1560.694091796875,5120288
2021-03-25,1038.9178466796875,1525.790283203125,1560.694091796875,1505.8453369140625,1530.776611328125,5403567
2021-03-26,1045.7081298828125,1535.7628173828125,1545.7353515625,1515.81787109375,1525.790283203125,3159793
2021-03-29,1015.1517944335938,1490.8865966796875,1565.6802978515625,1490.8865966796875,1535.7628173828125,16922159
2021-03-30,994.7808837890625,1460.96923828125,1510.8316650390625,1455.98291015625,1490.8865966796875,17291877
2021-03-31,987.9905395507812,1450.9967041015625,1500.859130859375,1450.9967041015625,1475.9278564453125,21902161
2021-04-01,1038.9178466796875,1525.790283203125,1525.790283203125,1446.010498046875,1446.010498046875,12890266
2021-04-05,1086.4501953125,1595.5977783203125,1605.5701904296875,1500.859130859375,1535.7628173828125,27315155
2021-04-06,1072.8695068359375,1575.65283203125,1605.5701904296875,1550.7215576171875,1595.5977783203125,20686416
2021-04-07,1072.8695068359375,1575.65283203125,1595.5977783203125,1575.65283203125,1585.625244140625,8036511
2021-04-08,1072.8695068359375,1575.65283203125,1590.6114501953125,1565.6802978515625,1585.625244140625,8388780
2021-04-09,1086.4501953125,1595.5977783203125,1635.4876708984375,1575.65283203125,1595.5977783203125,33269838
2021-04-12,1083.054931640625,1590.6114501953125,1620.5289306640625,1580.6390380859375,1615.542724609375,19311734
2021-04-13,1086.4501953125,1595.5977783203125,1605.5701904296875,1580.6390380859375,1595.5977783203125,17851416
2021-04-14,1089.8450927734375,1600.583984375,1620.5289306640625,1595.5977783203125,1605.5701904296875,58538162
2021-04-15,1086.76904296875,1500.859130859375,1575.65283203125,1490.8865966796875,1575.65283203125,38400054
2021-04-16,1075.9375,1485.900390625,1510.8316650390625,1480.9141845703125,1505.8453369140625,8413549
2021-04-19,1068.71630859375,1475.9278564453125,1490.8865966796875,1465.9554443359375,1485.900390625,8964565
2021-04-20,1075.9375,1485.900390625,1490.8865966796875,1470.941650390625,1480.9141845703125,5275013
2021-04-21,1054.2742919921875,1455.98291015625,1485.900390625,1455.98291015625,1485.900390625,8767222
2021-04-22,1054.2742919921875,1455.98291015625,1465.9554443359375,1450.9967041015625,1455.98291015625,4590630
2021-04-23,1061.495361328125,1465.9554443359375,1475.9278564453125,1455.98291015625,1460.96923828125,5206324
2021-04-26,1050.663818359375,1450.9967041015625,1475.9278564453125,1450.9967041015625,1465.9554443359375,3554580
2021-04-27,1025.39013671875,1416.093017578125,1465.9554443359375,1411.1068115234375,1455.98291015625,10561358
2021-04-28,1003.7269287109375,1386.175537109375,1441.024169921875,1381.1893310546875,1436.0379638671875,18145224
2021-04-29,1021.7794799804688,1411.1068115234375,1411.1068115234375,1386.175537109375,1386.175537109375,7161002
2021-04-30,1003.7269287109375,1386.175537109375,1421.0792236328125,1386.175537109375,1416.093017578125,5322945
2021-05-03,1018.1690063476562,1406.1204833984375,1411.1068115234375,1386.175537109375,1396.1480712890625,4079023
2021-05-04,1014.5585327148438,1401.13427734375,1416.093017578125,1391.1617431640625,1406.1204833984375,3921690
2021-05-05,1021.7794799804688,1411.1068115234375,1416.093017578125,1396.1480712890625,1401.13427734375,3458716
2021-05-06,1014.5585327148438,1401.13427734375,1416.093017578125,1396.1480712890625,1411.1068115234375,4402914
2021-05-07,1018.1690063476562,1406.1204833984375,1416.093017578125,1401.13427734375,1401.13427734375,3541443
2021-05-10,1018.1690063476562,1406.1204833984375,1411.1068115234375,1401.13427734375,1406.1204833984375,3277216
2021-05-11,1010.9479370117188,1396.1480712890625,1411.1068115234375,1396.1480712890625,1406.1204833984375,2363603
2021-05-17,982.0636596679688,1356.258056640625,1416.093017578125,1356.258056640625,1396.1480712890625,6782862
2021-05-18,992.8952026367188,1371.216796875,1371.216796875,1351.2718505859375,1356.258056640625,3084988
2021-05-19,996.505859375,1376.2030029296875,1396.1480712890625,1366.2305908203125,1376.2030029296875,3791933
2021-05-20,992.8952026367188,1371.216796875,1381.1893310546875,1366.2305908203125,1371.216796875,2887745
2021-05-21,982.0636596679688,1356.258056640625,1381.1893310546875,1351.2718505859375,1371.216796875,2609479
2021-05-24,964.0110473632812,1331.326904296875,1366.2305908203125,1326.340576171875,1361.244384765625,2931967
2021-05-25,953.1795043945312,1316.3681640625,1346.28564453125,1296.4232177734375,1296.4232177734375,4006222
2021-05-27,989.2847290039062,1366.2305908203125,1366.2305908203125,1316.3681640625,1316.3681640625,4302237
2021-05-28,1000.1163330078125,1381.1893310546875,1396.1480712890625,1371.216796875,1376.2030029296875,3284136
2021-05-31,1000.1163330078125,1381.1893310546875,1396.1480712890625,1371.216796875,1381.1893310546875,2152321
2021-06-02,1003.7269287109375,1386.175537109375,1406.1204833984375,1371.216796875,1381.1893310546875,5627082
2021-06-03,1007.33740234375,1391.1617431640625,1401.13427734375,1386.175537109375,1386.175537109375,3042170
2021-06-04,1000.1163330078125,1381.1893310546875,1391.1617431640625,1381.1893310546875,1386.175537109375,3492108
2021-06-07,989.2847290039062,1366.2305908203125,1391.1617431640625,1366.2305908203125,1381.1893310546875,3168517
2021-06-08,985.6742553710938,1361.244384765625,1376.2030029296875,1346.28564453125,1376.2030029296875,3616450
2021-06-09,978.453125,1351.2718505859375,1366.2305908203125,1341.29931640625,1361.244384765625,1780799
2021-06-10,1007.33740234375,1391.1617431640625,1391.1617431640625,1351.2718505859375,1351.2718505859375,5237510
2021-06-11,1010.9479370117188,1396.1480712890625,1406.1204833984375,1386.175537109375,1391.1617431640625,2902084
2021-06-14,1014.5585327148438,1401.13427734375,1406.1204833984375,1391.1617431640625,1401.13427734375,2630136
2021-06-15,1000.1163330078125,1381.1893310546875,1406.1204833984375,1376.2030029296875,1401.13427734375,2548110
2021-06-16,989.2847290039062,1366.2305908203125,1381.1893310546875,1366.2305908203125,1381.1893310546875,1680824
2021-06-17,982.0636596679688,1356.258056640625,1371.216796875,1351.2718505859375,1371.216796875,2310457
2021-06-18,967.62158203125,1336.3131103515625,1361.244384765625,1316.3681640625,1356.258056640625,7539143
2021-06-21,938.7374877929688,1296.4232177734375,1336.3131103515625,1276.4781494140625,1336.3131103515625,4280076
2021-06-22,945.9583740234375,1306.3956298828125,1326.340576171875,1296.4232177734375,1296.4232177734375,2528155
2021-06-23,913.4636840820312,1261.5194091796875,1321.3543701171875,1256.533203125,1306.3956298828125,6349068
2021-06-24,902.6322021484375,1246.560791015625,1276.4781494140625,1246.560791015625,1261.5194091796875,3147058
2021-06-25,906.2426147460938,1251.5469970703125,1261.5194091796875,1226.61572265625,1251.5469970703125,3159894
2021-06-28,891.8005981445312,1231.60205078125,1261.5194091796875,1226.61572265625,1251.5469970703125,2817652
2021-06-29,888.1900024414062,1226.61572265625,1241.574462890625,1221.6295166015625,1231.60205078125,2514217
2021-06-30,873.747802734375,1206.6707763671875,1226.61572265625,1206.6707763671875,1226.61572265625,3808077
2021-07-01,884.5794067382812,1221.6295166015625,1226.61572265625,1201.6845703125,1206.6707763671875,1596592
2021-07-02,899.0216064453125,1241.574462890625,1241.574462890625,1216.643310546875,1221.6295166015625,2175084
2021-07-05,880.9690551757812,1216.643310546875,1251.5469970703125,1206.6707763671875,1241.574462890625,2773831
2021-07-06,880.9690551757812,1216.643310546875,1226.61572265625,1206.6707763671875,1216.643310546875,3784111
2021-07-07,880.9690551757812,1216.643310546875,1226.61572265625,1211.656982421875,1221.6295166015625,1396642
2021-07-08,902.6322021484375,1246.560791015625,1246.560791015625,1216.643310546875,1221.6295166015625,3509155
2021-07-09,891.8005981445312,1231.60205078125,1276.4781494140625,1231.60205078125,1251.5469970703125,2044324
2021-07-12,888.1900024414062,1226.61572265625,1236.5882568359375,1216.643310546875,1231.60205078125,2141291
2021-07-13,884.5794067382812,1221.6295166015625,1236.5882568359375,1216.643310546875,1226.61572265625,1777290
2021-07-14,873.747802734375,1206.6707763671875,1221.6295166015625,1206.6707763671875,1221.6295166015625,1755229
2021-07-15,880.9690551757812,1216.643310546875,1221.6295166015625,1201.6845703125,1206.6707763671875,1468039
2021-07-16,884.5794067382812,1221.6295166015625,1236.5882568359375,1216.643310546875,1221.6295166015625,1468239
2021-07-19,884.5794067382812,1221.6295166015625,1231.60205078125,1216.643310546875,1221.6295166015625,1349412
2021-07-21,891.8005981445312,1231.60205078125,1236.5882568359375,1216.643310546875,1216.643310546875,2376037
2021-07-22,931.516357421875,1286.45068359375,1286.45068359375,1231.60205078125,1231.60205078125,6250999
2021-07-23,920.6847534179688,1271.491943359375,1306.3956298828125,1266.5057373046875,1296.4232177734375,3668894
2021-07-26,899.0216064453125,1241.574462890625,1276.4781494140625,1236.5882568359375,1271.491943359375,3431541
2021-07-27,902.6322021484375,1246.560791015625,1261.5194091796875,1236.5882568359375,1251.5469970703125,2148812
2021-07-28,891.8005981445312,1231.60205078125,1271.491943359375,1231.60205078125,1246.560791015625,3005870
2021-07-29,884.5794067382812,1221.6295166015625,1241.574462890625,1211.656982421875,1231.60205078125,5093514
2021-07-30,884.5794067382812,1221.6295166015625,1231.60205078125,1211.656982421875,1231.60205078125,2631239
2021-08-02,877.3583984375,1211.656982421875,1226.61572265625,1206.6707763671875,1221.6295166015625,2308150
2021-08-03,888.1900024414062,1226.61572265625,1226.61572265625,1211.656982421875,1216.643310546875,2108601
2021-08-04,909.8532104492188,1256.533203125,1261.5194091796875,1216.643310546875,1231.60205078125,5077169
2021-08-05,924.2952880859375,1276.4781494140625,1281.4644775390625,1246.560791015625,1266.5057373046875,9576448
2021-08-06,920.6847534179688,1271.491943359375,1306.3956298828125,1271.491943359375,1291.4368896484375,7323249
2021-08-09,899.0216064453125,1241.574462890625,1281.4644775390625,1241.574462890625,1271.491943359375,3250042
2021-08-10,891.8005981445312,1231.60205078125,1256.533203125,1216.643310546875,1256.533203125,2972077
2021-08-12,906.2426147460938,1251.5469970703125,1256.533203125,1236.5882568359375,1241.574462890625,2367814
2021-08-13,902.6322021484375,1246.560791015625,1266.5057373046875,1241.574462890625,1251.5469970703125,2926050
2021-08-16,895.4110107421875,1236.5882568359375,1251.5469970703125,1231.60205078125,1246.560791015625,2203161
2021-08-18,913.4636840820312,1261.5194091796875,1286.45068359375,1226.61572265625,1241.574462890625,6095370
2021-08-19,895.4110107421875,1236.5882568359375,1266.5057373046875,1231.60205078125,1266.5057373046875,3622968
2021-08-20,899.0216064453125,1241.574462890625,1246.560791015625,1226.61572265625,1236.5882568359375,1584359
2021-08-23,902.6322021484375,1246.560791015625,1256.533203125,1236.5882568359375,1241.574462890625,1690651
2021-08-24,902.6322021484375,1246.560791015625,1251.5469970703125,1241.574462890625,1246.560791015625,1440563
2021-08-25,899.0216064453125,1241.574462890625,1256.533203125,1236.5882568359375,1246.560791015625,1879370
2021-08-26,895.4110107421875,1236.5882568359375,1246.560791015625,1231.60205078125,1241.574462890625,1709904
2021-08-27,884.5794067382812,1221.6295166015625,1236.5882568359375,1221.6295166015625,1236.5882568359375,6773336
2021-08-30,895.4110107421875,1236.5882568359375,1241.574462890625,1221.6295166015625,1221.6295166015625,2684887
2021-08-31,891.8005981445312,1231.60205078125,1241.574462890625,1221.6295166015625,1231.60205078125,2781252
2021-09-01,888.1900024414062,1226.61572265625,1236.5882568359375,1221.6295166015625,1231.60205078125,3709706
2021-09-02,884.5794067382812,1221.6295166015625,1231.60205078125,1216.643310546875,1226.61572265625,5430641
2021-09-03,888.1900024414062,1226.61572265625,1236.5882568359375,1216.643310546875,1221.6295166015625,4238060
2021-09-06,917.0742797851562,1266.5057373046875,1271.491943359375,1226.61572265625,1226.61572265625,8774742
2021-09-07,931.516357421875,1286.45068359375,1301.409423828125,1266.5057373046875,1271.491943359375,10792895
2021-09-08,920.6847534179688,1271.491943359375,1296.4232177734375,1266.5057373046875,1286.45068359375,7390935
2021-09-09,927.9058837890625,1281.4644775390625,1286.45068359375,1256.533203125,1276.4781494140625,3080475
2021-09-10,927.9058837890625,1281.4644775390625,1291.4368896484375,1271.491943359375,1276.4781494140625,2249890
2021-09-13,964.0110473632812,1331.326904296875,1341.29931640625,1281.4644775390625,1281.4644775390625,12164669
2021-09-14,967.62158203125,1336.3131103515625,1346.28564453125,1326.340576171875,1341.29931640625,6878224
2021-09-15,964.0110473632812,1331.326904296875,1341.29931640625,1326.340576171875,1336.3131103515625,3117276
2021-09-16,967.62158203125,1336.3131103515625,1341.29931640625,1326.340576171875,1341.29931640625,2877316
2021-09-17,974.8426513671875,1346.28564453125,1371.216796875,1336.3131103515625,1336.3131103515625,9553886
2021-09-20,967.62158203125,1336.3131103515625,1356.258056640625,1311.3819580078125,1346.28564453125,4833398
2021-09-21,960.4004516601562,1326.340576171875,1336.3131103515625,1306.3956298828125,1331.326904296875,2759592
2021-09-22,971.2320556640625,1341.29931640625,1346.28564453125,1321.3543701171875,1336.3131103515625,2158338
2021-09-23,989.2847290039062,1366.2305908203125,1366.2305908203125,1326.340576171875,1341.29931640625,6498279
2021-09-24,967.62158203125,1336.3131103515625,1371.216796875,1331.326904296875,1361.244384765625,4528259
2021-09-27,982.0636596679688,1356.258056640625,1371.216796875,1336.3131103515625,1356.258056640625,2162048
2021-09-28,964.0110473632812,1331.326904296875,1356.258056640625,1326.340576171875,1356.258056640625,2973280
2021-09-29,967.62158203125,1336.3131103515625,1346.28564453125,1316.3681640625,1341.29931640625,2830688
2021-09-30,982.0636596679688,1356.258056640625,1361.244384765625,1336.3131103515625,1336.3131103515625,2727705
2021-10-01,1014.5585327148438,1401.13427734375,1426.0654296875,1341.29931640625,1356.258056640625,15208444
2021-10-04,1047.05322265625,1446.010498046875,1450.9967041015625,1386.175537109375,1401.13427734375,13171139
2021-10-05,1029.0006103515625,1421.0792236328125,1446.010498046875,1416.093017578125,1446.010498046875,5285943
2021-10-06,1029.0006103515625,1421.0792236328125,1470.941650390625,1411.1068115234375,1431.0517578125,17081799
2021-10-07,1018.1690063476562,1406.1204833984375,1436.0379638671875,1396.1480712890625,1396.1480712890625,7319739
2021-10-08,1032.6109619140625,1426.0654296875,1431.0517578125,1406.1204833984375,1406.1204833984375,3834951
2021-10-11,1036.2216796875,1431.0517578125,1441.024169921875,1426.0654296875,1441.024169921875,3159994
2021-10-12,1054.2742919921875,1455.98291015625,1460.96923828125,1426.0654296875,1431.0517578125,8170079
2021-10-13,1065.1058349609375,1470.941650390625,1470.941650390625,1446.010498046875,1460.96923828125,9456318
2021-10-14,1068.71630859375,1475.9278564453125,1515.81787109375,1470.941650390625,1470.941650390625,8592341
2021-10-15,1068.71630859375,1475.9278564453125,1490.8865966796875,1460.96923828125,1480.9141845703125,6935783
2021-10-18,1079.5479736328125,1490.8865966796875,1505.8453369140625,1470.941650390625,1475.9278564453125,9032451
2021-10-19,1061.495361328125,1465.9554443359375,1500.859130859375,1465.9554443359375,1490.8865966796875,4519635
2021-10-21,1010.9479370117188,1396.1480712890625,1475.9278564453125,1396.1480712890625,1465.9554443359375,55170396
2021-10-22,1039.8321533203125,1436.0379638671875,1436.0379638671875,1396.1480712890625,1396.1480712890625,5615249
2021-10-25,1029.0006103515625,1421.0792236328125,1441.024169921875,1411.1068115234375,1436.0379638671875,6188226
2021-10-26,1032.6109619140625,1426.0654296875,1436.0379638671875,1421.0792236328125,1431.0517578125,3338886
2021-10-27,1029.0006103515625,1421.0792236328125,1446.010498046875,1416.093017578125,1426.0654296875,5809985
2021-10-28,1025.39013671875,1416.093017578125,1426.0654296875,1401.13427734375,1421.0792236328125,6312869
2021-10-29,1029.0006103515625,1421.0792236328125,1426.0654296875,1411.1068115234375,1421.0792236328125,2825674
2021-11-01,1043.4425048828125,1441.024169921875,1450.9967041015625,1421.0792236328125,1421.0792236328125,5843377
2021-11-02,1021.7794799804688,1411.1068115234375,1455.98291015625,1411.1068115234375,1441.024169921875,5447989
2021-11-03,1025.39013671875,1416.093017578125,1441.024169921875,1406.1204833984375,1426.0654296875,2454954
2021-11-04,1039.8321533203125,1436.0379638671875,1436.0379638671875,1416.093017578125,1421.0792236328125,1351819
2021-11-05,1025.39013671875,1416.093017578125,1436.0379638671875,1416.093017578125,1436.0379638671875,3275010
2021-11-08,1025.39013671875,1416.093017578125,1426.0654296875,1411.1068115234375,1426.0654296875,2804416
2021-11-09,1032.6109619140625,1426.0654296875,1426.0654296875,1411.1068115234375,1411.1068115234375,1679521
2021-11-10,1029.0006103515625,1421.0792236328125,1426.0654296875,1416.093017578125,1426.0654296875,1981150
2021-11-11,1014.5585327148438,1401.13427734375,1426.0654296875,1396.1480712890625,1426.0654296875,8145511
2021-11-12,1014.5585327148438,1401.13427734375,1416.093017578125,1401.13427734375,1406.1204833984375,2923042
2021-11-15,1000.1163330078125,1381.1893310546875,1406.1204833984375,1376.2030029296875,1406.1204833984375,4916727
2021-11-16,1000.1163330078125,1381.1893310546875,1381.1893310546875,1366.2305908203125,1376.2030029296875,3285940
2021-11-17,1003.7269287109375,1386.175537109375,1386.175537109375,1371.216796875,1381.1893310546875,1890802
2021-11-18,1010.9479370117188,1396.1480712890625,1396.1480712890625,1381.1893310546875,1396.1480712890625,2345553
2021-11-19,1007.33740234375,1391.1617431640625,1396.1480712890625,1386.175537109375,1396.1480712890625,2050441
2021-11-22,1021.7794799804688,1411.1068115234375,1421.0792236328125,1391.1617431640625,1396.1480712890625,4989728
2021-11-23,1021.7794799804688,1411.1068115234375,1416.093017578125,1396.1480712890625,1411.1068115234375,2321788
2021-11-24,1007.33740234375,1391.1617431640625,1411.1068115234375,1391.1617431640625,1411.1068115234375,3113767
2021-11-25,1018.1690063476562,1406.1204833984375,1421.0792236328125,1381.1893310546875,1386.175537109375,10880035
2021-11-26,1007.33740234375,1391.1617431640625,1411.1068115234375,1386.175537109375,1406.1204833984375,5445282
2021-11-29,982.0636596679688,1356.258056640625,1386.175537109375,1341.29931640625,1386.175537109375,9148471
2021-11-30,982.0636596679688,1356.258056640625,1371.216796875,1341.29931640625,1356.258056640625,3918381
2021-12-01,971.2320556640625,1341.29931640625,1356.258056640625,1326.340576171875,1356.258056640625,3094413
2021-12-02,974.8426513671875,1346.28564453125,1356.258056640625,1326.340576171875,1331.326904296875,1869142
2021-12-03,992.8952026367188,1371.216796875,1376.2030029296875,1341.29931640625,1346.28564453125,3020310
2021-12-06,1010.9479370117188,1396.1480712890625,1411.1068115234375,1366.2305908203125,1376.2030029296875,3279723
2021-12-07,1021.7794799804688,1411.1068115234375,1426.0654296875,1391.1617431640625,1391.1617431640625,4373633
2021-12-08,1018.1690063476562,1406.1204833984375,1421.0792236328125,1401.13427734375,1416.093017578125,1103636
2021-12-09,1021.7794799804688,1411.1068115234375,1416.093017578125,1396.1480712890625,1406.1204833984375,1081876
2021-12-10,1039.8321533203125,1436.0379638671875,1441.024169921875,1376.2030029296875,1406.1204833984375,4929061
2021-12-13,1032.6109619140625,1426.0654296875,1446.010498046875,1426.0654296875,1436.0379638671875,1957987
2021-12-14,1010.9479370117188,1396.1480712890625,1426.0654296875,1396.1480712890625,1426.0654296875,1969819
2021-12-15,1010.9479370117188,1396.1480712890625,1406.1204833984375,1386.175537109375,1396.1480712890625,1225973
2021-12-16,1000.1163330078125,1381.1893310546875,1406.1204833984375,1366.2305908203125,1401.13427734375,3558490
2021-12-17,1010.9479370117188,1396.1480712890625,1396.1480712890625,1366.2305908203125,1376.2030029296875,1367863
2021-12-20,1000.1163330078125,1381.1893310546875,1406.1204833984375,1381.1893310546875,1396.1480712890625,1523792
2021-12-21,1010.9479370117188,1396.1480712890625,1396.1480712890625,1366.2305908203125,1381.1893310546875,2146505
2021-12-22,974.8426513671875,1346.28564453125,1411.1068115234375,1321.3543701171875,1401.13427734375,12533685
2021-12-23,967.62158203125,1336.3131103515625,1356.258056640625,1296.4232177734375,1346.28564453125,7015502
2021-12-24,971.2320556640625,1341.29931640625,1346.28564453125,1326.340576171875,1346.28564453125,803611
2021-12-27,974.8426513671875,1346.28564453125,1346.28564453125,1336.3131103515625,1341.29931640625,1031036
2021-12-28,971.2320556640625,1341.29931640625,1346.28564453125,1326.340576171875,1346.28564453125,2258614
2021-12-29,974.8426513671875,1346.28564453125,1356.258056640625,1336.3131103515625,1341.29931640625,1131412
2021-12-30,964.0110473632812,1331.326904296875,1351.2718505859375,1331.326904296875,1346.28564453125,1800654
2022-01-03,974.8426513671875,1346.28564453125,1351.2718505859375,1331.326904296875,1336.3131103515625,881324
2022-01-04,982.0636596679688,1356.258056640625,1366.2305908203125,1346.28564453125,1346.28564453125,2070597
2022-01-05,974.8426513671875,1346.28564453125,1366.2305908203125,1346.28564453125,1356.258056640625,1506645
2022-01-06,978.453125,1351.2718505859375,1361.244384765625,1331.326904296875,1346.28564453125,1708300
2022-01-07,982.0636596679688,1356.258056640625,1361.244384765625,1346.28564453125,1351.2718505859375,1397745
2022-01-10,971.2320556640625,1341.29931640625,1366.2305908203125,1341.29931640625,1361.244384765625,2223317
2022-01-11,974.8426513671875,1346.28564453125,1351.2718505859375,1336.3131103515625,1341.29931640625,1097519
2022-01-12,978.453125,1351.2718505859375,1361.244384765625,1346.28564453125,1346.28564453125,1310706
2022-01-13,978.453125,1351.2718505859375,1356.258056640625,1341.29931640625,1351.2718505859375,742944
2022-01-14,974.8426513671875,1346.28564453125,1361.244384765625,1341.29931640625,1351.2718505859375,1987167
2022-01-17,971.2320556640625,1341.29931640625,1361.244384765625,1341.29931640625,1361.244384765625,1495314
2022-01-18,964.0110473632812,1331.326904296875,1351.2718505859375,1321.3543701171875,1346.28564453125,3019106
2022-01-19,938.7374877929688,1296.4232177734375,1331.326904296875,1296.4232177734375,1331.326904296875,4472706
2022-01-20,942.3479614257812,1301.409423828125,1311.3819580078125,1271.491943359375,1296.4232177734375,1817500
2022-01-21,942.3479614257812,1301.409423828125,1321.3543701171875,1296.4232177734375,1296.4232177734375,1782303
2022-01-24,945.9583740234375,1306.3956298828125,1306.3956298828125,1296.4232177734375,1306.3956298828125,1567011
2022-01-25,935.1268310546875,1291.4368896484375,1311.3819580078125,1286.45068359375,1306.3956298828125,2683784
2022-01-26,942.3479614257812,1301.409423828125,1306.3956298828125,1291.4368896484375,1291.4368896484375,1196291
2022-01-27,935.1268310546875,1291.4368896484375,1306.3956298828125,1286.45068359375,1301.409423828125,1555379
2022-01-28,949.5689697265625,1311.3819580078125,1311.3819580078125,1286.45068359375,1291.4368896484375,1260367
2022-01-31,953.1795043945312,1316.3681640625,1321.3543701171875,1306.3956298828125,1311.3819580078125,2080123
2022-02-02,949.5689697265625,1311.3819580078125,1321.3543701171875,1306.3956298828125,1321.3543701171875,2267338
2022-02-03,953.1795043945312,1316.3681640625,1321.3543701171875,1311.3819580078125,1316.3681640625,1269793
2022-02-04,964.0110473632812,1331.326904296875,1356.258056640625,1316.3681640625,1321.3543701171875,5447488
2022-02-07,978.453125,1351.2718505859375,1356.258056640625,1331.326904296875,1336.3131103515625,4957038
2022-02-08,989.2847290039062,1366.2305908203125,1386.175537109375,1351.2718505859375,1351.2718505859375,6527559
2022-02-09,1003.7269287109375,1386.175537109375,1391.1617431640625,1366.2305908203125,1366.2305908203125,3864031
2022-02-10,996.505859375,1376.2030029296875,1396.1480712890625,1366.2305908203125,1386.175537109375,3645329
2022-02-11,1010.9479370117188,1396.1480712890625,1411.1068115234375,1366.2305908203125,1376.2030029296875,5985568
2022-02-14,996.505859375,1376.2030029296875,1416.093017578125,1371.216796875,1406.1204833984375,5483888
2022-02-15,1014.5585327148438,1401.13427734375,1401.13427734375,1376.2030029296875,1381.1893310546875,3485891
2022-02-16,1018.1690063476562,1406.1204833984375,1416.093017578125,1401.13427734375,1401.13427734375,3462025
2022-02-17,1014.5585327148438,1401.13427734375,1411.1068115234375,1391.1617431640625,1406.1204833984375,2084735
2022-02-18,1007.33740234375,1391.1617431640625,1406.1204833984375,1386.175537109375,1406.1204833984375,2370321
2022-02-21,1014.5585327148438,1401.13427734375,1411.1068115234375,1391.1617431640625,1396.1480712890625,2699928
2022-02-22,1014.5585327148438,1401.13427734375,1411.1068115234375,1396.1480712890625,1411.1068115234375,1908751
2022-02-23,1018.1690063476562,1406.1204833984375,1411.1068115234375,1396.1480712890625,1401.13427734375,8258422
2022-02-24,1000.1163330078125,1381.1893310546875,1426.0654296875,1341.29931640625,1406.1204833984375,13603629
2022-02-25,1007.33740234375,1391.1617431640625,1421.0792236328125,1381.1893310546875,1386.175537109375,6893867
2022-03-01,1010.9479370117188,1396.1480712890625,1416.093017578125,1391.1617431640625,1396.1480712890625,4652500
2022-03-02,1021.7794799804688,1411.1068115234375,1411.1068115234375,1396.1480712890625,1401.13427734375,12066900
2022-03-04,1013.7371826171875,1400.0,1415.0,1395.0,1415.0,14336600
2022-03-07,995.6347045898438,1375.0,1405.0,1375.0,1400.0,8273200
2022-03-08,1010.1167602539062,1395.0,1395.0,1370.0,1375.0,7543400
2022-03-09,999.2553100585938,1380.0,1400.0,1365.0,1395.0,16272400
2022-03-10,1002.8756713867188,1385.0,1400.0,1370.0,1380.0,16693700
2022-03-11,1017.357666015625,1405.0,1415.0,1380.0,1385.0,9131700
2022-03-14,1028.2191162109375,1420.0,1455.0,1405.0,1405.0,23052400
2022-03-15,1020.9781494140625,1410.0,1440.0,1395.0,1425.0,25395200
2022-03-16,1020.9781494140625,1410.0,1425.0,1405.0,1415.0,9712900
2022-03-17,1020.9781494140625,1410.0,1420.0,1400.0,1415.0,9713600
2022-03-18,1049.942138671875,1450.0,1450.0,1400.0,1410.0,9744400
2022-03-21,1024.5986328125,1415.0,1445.0,1370.0,1435.0,25603800
2022-03-22,1039.0806884765625,1435.0,1435.0,1390.0,1415.0,14055900
2022-03-23,1046.321533203125,1445.0,1450.0,1430.0,1445.0,10835200
2022-03-24,1068.044677734375,1475.0,1480.0,1445.0,1445.0,18033000
2022-03-25,1071.6649169921875,1480.0,1510.0,1455.0,1495.0,27179800
2022-03-28,1107.8699951171875,1530.0,1530.0,1480.0,1480.0,28104100
2022-03-29,1118.7314453125,1545.0,1560.0,1515.0,1535.0,22256600
2022-03-30,1104.24951171875,1525.0,1560.0,1500.0,1545.0,35079100
2022-03-31,1104.24951171875,1525.0,1535.0,1510.0,1525.0,17510400
2022-04-01,1100.62890625,1520.0,1535.0,1515.0,1525.0,7630400
2022-04-04,1107.8699951171875,1530.0,1545.0,1510.0,1530.0,21992300
2022-04-05,1100.62890625,1520.0,1535.0,1505.0,1535.0,19082400
2022-04-06,1100.62890625,1520.0,1530.0,1510.0,1520.0,23926300
2022-04-07,1097.0084228515625,1515.0,1525.0,1485.0,1520.0,66282500
2022-04-08,1115.6884765625,1440.0,1460.0,1410.0,1415.0,64077800
2022-04-11,1100.1927490234375,1420.0,1450.0,1420.0,1450.0,24314700
2022-04-12,1092.445068359375,1410.0,1435.0,1405.0,1435.0,13727700
2022-04-13,1092.445068359375,1410.0,1435.0,1410.0,1420.0,13030000
2022-04-14,1111.8145751953125,1435.0,1440.0,1405.0,1410.0,13707000
2022-04-18,1123.436279296875,1450.0,1455.0,1430.0,1450.0,12824500
2022-04-19,1107.940673828125,1430.0,1460.0,1425.0,1450.0,6705100
2022-04-20,1115.6884765625,1440.0,1450.0,1430.0,1440.0,6704100
2022-04-21,1119.5625,1445.0,1455.0,1445.0,1450.0,8162100
2022-04-22,1127.3101806640625,1455.0,1475.0,1445.0,1450.0,41781800
2022-04-25,1131.1842041015625,1460.0,1480.0,1435.0,1440.0,22729100
2022-04-26,1135.05810546875,1465.0,1480.0,1450.0,1470.0,8942100
2022-04-27,1131.1842041015625,1460.0,1470.0,1460.0,1465.0,4617300
2022-04-28,1142.8060302734375,1475.0,1480.0,1455.0,1460.0,18383100
2022-05-09,1111.8145751953125,1435.0,1475.0,1425.0,1470.0,11748800
2022-05-10,1111.8145751953125,1435.0,1435.0,1405.0,1435.0,8101100
2022-05-11,1107.940673828125,1430.0,1450.0,1430.0,1435.0,6514900
2022-05-12,1096.31884765625,1415.0,1450.0,1410.0,1435.0,8884500
2022-05-13,1104.0667724609375,1425.0,1445.0,1410.0,1420.0,7002500
2022-05-17,1127.3101806640625,1455.0,1470.0,1425.0,1435.0,8091900
2022-05-18,1127.3101806640625,1455.0,1470.0,1445.0,1460.0,3201900
2022-05-19,1127.3101806640625,1455.0,1455.0,1435.0,1455.0,3458200
2022-05-20,1131.1842041015625,1460.0,1465.0,1450.0,1465.0,3110900
2022-05-23,1119.5625,1445.0,1465.0,1440.0,1460.0,4709800
2022-05-24,1131.1842041015625,1460.0,1465.0,1440.0,1465.0,10347700
2022-05-25,1119.5625,1445.0,1465.0,1435.0,1460.0,28105400
2022-05-27,1131.1842041015625,1460.0,1460.0,1440.0,1450.0,8789400
2022-05-30,1119.5625,1445.0,1460.0,1440.0,1460.0,1990700
2022-05-31,1131.1842041015625,1460.0,1465.0,1445.0,1450.0,8737000
2022-06-02,1127.3101806640625,1455.0,1470.0,1445.0,1465.0,4944700
2022-06-03,1127.3101806640625,1455.0,1470.0,1440.0,1455.0,11285700
2022-06-06,1123.436279296875,1450.0,1465.0,1445.0,1455.0,16428900
2022-06-07,1135.05810546875,1465.0,1465.0,1450.0,1460.0,11905000
2022-06-08,1142.8060302734375,1475.0,1475.0,1450.0,1465.0,12256800
2022-06-09,1131.1842041015625,1460.0,1475.0,1455.0,1475.0,3064500
2022-06-10,1115.6884765625,1440.0,1460.0,1440.0,1455.0,3597400
2022-06-13,1092.445068359375,1410.0,1445.0,1410.0,1435.0,9898900
2022-06-14,1115.6884765625,1440.0,1440.0,1405.0,1405.0,6069500
2022-06-15,1100.1927490234375,1420.0,1440.0,1410.0,1435.0,4928100
2022-06-16,1096.31884765625,1415.0,1440.0,1415.0,1440.0,2239400
2022-06-17,1076.94921875,1390.0,1425.0,1390.0,1420.0,3631700
2022-06-20,1065.3275146484375,1375.0,1400.0,1370.0,1395.0,4051000
2022-06-21,1076.94921875,1390.0,1395.0,1365.0,1375.0,1937900
2022-06-22,1080.8232421875,1395.0,1400.0,1385.0,1395.0,4223200
2022-06-23,1073.075439453125,1385.0,1405.0,1380.0,1400.0,2647300
2022-06-24,1080.8232421875,1395.0,1395.0,1385.0,1385.0,1679300
2022-06-27,1069.2015380859375,1380.0,1395.0,1380.0,1395.0,1511500
2022-06-28,1080.8232421875,1395.0,1395.0,1360.0,1380.0,2153500
2022-06-29,1065.3275146484375,1375.0,1395.0,1375.0,1395.0,1939300
2022-06-30,1065.3275146484375,1375.0,1380.0,1370.0,1375.0,1496200
2022-07-01,1049.8319091796875,1355.0,1375.0,1350.0,1375.0,1622400
2022-07-04,1038.2100830078125,1340.0,1360.0,1320.0,1355.0,2154800
2022-07-05,1042.0841064453125,1345.0,1355.0,1340.0,1340.0,537600
2022-07-06,1038.2100830078125,1340.0,1350.0,1335.0,1345.0,780000
2022-07-07,1038.2100830078125,1340.0,1350.0,1335.0,1340.0,365000
2022-07-08,1038.2100830078125,1340.0,1355.0,1335.0,1340.0,534400
2022-07-11,1030.4622802734375,1330.0,1350.0,1330.0,1340.0,792400
2022-07-12,1042.0841064453125,1345.0,1350.0,1325.0,1330.0,674900
2022-07-13,1042.0841064453125,1345.0,1350.0,1340.0,1345.0,613000
2022-07-14,1034.336181640625,1335.0,1350.0,1330.0,1340.0,1241800
2022-07-15,1026.58837890625,1325.0,1345.0,1325.0,1335.0,1650100
2022-07-18,1022.71435546875,1320.0,1335.0,1315.0,1320.0,1740300
2022-07-19,1014.9666137695312,1310.0,1330.0,1305.0,1325.0,3254300
2022-07-20,1018.840576171875,1315.0,1340.0,1310.0,1315.0,3768900
2022-07-21,1026.58837890625,1325.0,1330.0,1315.0,1315.0,1275800
2022-07-22,1034.336181640625,1335.0,1335.0,1320.0,1325.0,2195400
2022-07-25,1034.336181640625,1335.0,1350.0,1330.0,1335.0,1941800
2022-07-26,1018.840576171875,1315.0,1340.0,1310.0,1335.0,5493200
2022-07-27,1042.0841064453125,1345.0,1350.0,1320.0,1320.0,3882200
2022-07-28,1038.2100830078125,1340.0,1355.0,1340.0,1345.0,3256500
2022-07-29,1038.2100830078125,1340.0,1355.0,1340.0,1345.0,3806400
2022-08-01,1053.7056884765625,1360.0,1365.0,1340.0,1340.0,2311700
2022-08-02,1045.9578857421875,1350.0,1375.0,1350.0,1360.0,2268200
2022-08-03,1053.7056884765625,1360.0,1370.0,1350.0,1350.0,1489200
2022-08-04,1053.7056884765625,1360.0,1370.0,1350.0,1370.0,5598200
2022-08-05,1065.3275146484375,1375.0,1375.0,1355.0,1365.0,1632800
2022-08-08,1076.94921875,1390.0,1390.0,1375.0,1375.0,3135000
2022-08-09,1073.075439453125,1385.0,1395.0,1385.0,1390.0,1343700
2022-08-10,1065.3275146484375,1375.0,1390.0,1375.0,1385.0,1215000
2022-08-11,1073.075439453125,1385.0,1390.0,1375.0,1380.0,1587800
2022-08-12,1096.31884765625,1415.0,1415.0,1380.0,1385.0,4972200
2022-08-15,1092.445068359375,1410.0,1420.0,1400.0,1420.0,3456700
2022-08-16,1088.571044921875,1405.0,1410.0,1395.0,1410.0,1140300
2022-08-18,1088.571044921875,1405.0,1415.0,1400.0,1405.0,1110000
2022-08-19,1084.6971435546875,1400.0,1415.0,1395.0,1400.0,1042400
2022-08-22,1073.075439453125,1385.0,1415.0,1380.0,1410.0,1840100
2022-08-23,1073.075439453125,1385.0,1390.0,1365.0,1385.0,2332500
2022-08-24,1076.94921875,1390.0,1405.0,1390.0,1390.0,2074600
2022-08-25,1073.075439453125,1385.0,1395.0,1385.0,1395.0,827900
2022-08-26,1076.94921875,1390.0,1400.0,1380.0,1395.0,2143100
2022-08-29,1069.2015380859375,1380.0,1390.0,1370.0,1390.0,1277400
2022-08-30,1073.075439453125,1385.0,1390.0,1380.0,1380.0,759700
2022-08-31,1076.94921875,1390.0,1390.0,1380.0,1385.0,692300
2022-09-01,1073.075439453125,1385.0,1395.0,1385.0,1395.0,809800
2022-09-02,1073.075439453125,1385.0,1390.0,1375.0,1390.0,3566500
2022-09-05,1069.2015380859375,1380.0,1390.0,1375.0,1385.0,4054600
2022-09-06,1073.075439453125,1385.0,1390.0,1375.0,1380.0,2826500
2022-09-07,1069.2015380859375,1380.0,1390.0,1380.0,1385.0,2318300
2022-09-08,1080.8232421875,1395.0,1400.0,1380.0,1400.0,1941300
2022-09-09,1080.8232421875,1395.0,1400.0,1390.0,1390.0,598100
2022-09-12,1076.94921875,1390.0,1405.0,1390.0,1395.0,2648700
2022-09-13,1080.8232421875,1395.0,1405.0,1385.0,1390.0,3100300
2022-09-14,1076.94921875,1390.0,1405.0,1385.0,1395.0,11196700
2022-09-15,1092.445068359375,1410.0,1420.0,1390.0,1390.0,6110900
2022-09-16,1088.571044921875,1405.0,1435.0,1395.0,1410.0,5278000
2022-09-19,1092.445068359375,1410.0,1410.0,1395.0,1405.0,2520800
2022-09-20,1088.571044921875,1405.0,1415.0,1400.0,1410.0,1560200
2022-09-21,1084.6971435546875,1400.0,1405.0,1390.0,1405.0,2125800
2022-09-22,1076.94921875,1390.0,1405.0,1385.0,1400.0,2650900
2022-09-23,1073.075439453125,1385.0,1400.0,1380.0,1395.0,3887700
2022-09-26,1065.3275146484375,1375.0,1400.0,1375.0,1385.0,3131200
2022-09-27,1061.45361328125,1370.0,1380.0,1370.0,1375.0,3932900
2022-09-28,1057.5797119140625,1365.0,1375.0,1355.0,1375.0,1672900
2022-09-29,1049.8319091796875,1355.0,1370.0,1355.0,1365.0,3382700
2022-09-30,1049.8319091796875,1355.0,1385.0,1350.0,1355.0,2391800
2022-10-03,1049.8319091796875,1355.0,1370.0,1350.0,1350.0,2377800
2022-10-04,1053.7056884765625,1360.0,1370.0,1355.0,1360.0,4332000
2022-10-05,1049.8319091796875,1355.0,1370.0,1355.0,1365.0,3919700
2022-10-06,1045.9578857421875,1350.0,1370.0,1350.0,1355.0,2937900
2022-10-07,1053.7056884765625,1360.0,1360.0,1350.0,1350.0,3951400
2022-10-10,1053.7056884765625,1360.0,1365.0,1355.0,1365.0,1863300
2022-10-11,1049.8319091796875,1355.0,1365.0,1355.0,1360.0,2152100
2022-10-12,1042.0841064453125,1345.0,1360.0,1345.0,1360.0,3331400
2022-10-13,1045.9578857421875,1350.0,1365.0,1345.0,1345.0,2461900
2022-10-14,1045.9578857421875,1350.0,1360.0,1350.0,1350.0,1125300
2022-10-17,1045.9578857421875,1350.0,1360.0,1345.0,1350.0,1315900
2022-10-18,1049.8319091796875,1355.0,1360.0,1345.0,1350.0,1320100
2022-10-19,1042.0841064453125,1345.0,1355.0,1345.0,1355.0,1159400
2022-10-20,1053.7056884765625,1360.0,1360.0,1310.0,1345.0,31695800
2022-10-21,1053.7056884765625,1360.0,1370.0,1340.0,1355.0,5805700
2022-10-24,1065.3275146484375,1375.0,1375.0,1350.0,1360.0,6290600
2022-10-25,1065.3275146484375,1375.0,1375.0,1355.0,1370.0,3608000
2022-10-26,1065.3275146484375,1375.0,1375.0,1360.0,1370.0,1493200
2022-10-27,1065.3275146484375,1375.0,1380.0,1365.0,1370.0,2091600
2022-10-28,1061.45361328125,1370.0,1380.0,1365.0,1375.0,1384500
2022-10-31,1065.3275146484375,1375.0,1380.0,1365.0,1370.0,2574900
2022-11-01,1076.94921875,1390.0,1400.0,1375.0,1375.0,6587200
2022-11-02,1076.94921875,1390.0,1400.0,1385.0,1390.0,1612900
2022-11-03,1076.94921875,1390.0,1395.0,1380.0,1390.0,3460900
2022-11-04,1073.075439453125,1385.0,1390.0,1380.0,1385.0,2263400
2022-11-07,1069.2015380859375,1380.0,1390.0,1375.0,1385.0,2910600
2022-11-08,1073.075439453125,1385.0,1390.0,1375.0,1380.0,2162200
2022-11-09,1065.3275146484375,1375.0,1390.0,1375.0,1385.0,2673900
2022-11-10,1053.7056884765625,1360.0,1380.0,1355.0,1375.0,6566500
2022-11-11,1057.5797119140625,1365.0,1375.0,1360.0,1360.0,2369900
2022-11-14,1061.45361328125,1370.0,1375.0,1365.0,1365.0,1304400
2022-11-15,1053.7056884765625,1360.0,1375.0,1355.0,1370.0,3065200
2022-11-16,1053.7056884765625,1360.0,1370.0,1360.0,1360.0,1104900
2022-11-17,1053.7056884765625,1360.0,1365.0,1355.0,1360.0,1803500
2022-11-18,1053.7056884765625,1360.0,1365.0,1355.0,1365.0,1865400
2022-11-21,1057.5797119140625,1365.0,1370.0,1360.0,1360.0,1476400
2022-11-22,1057.5797119140625,1365.0,1370.0,1360.0,1365.0,1842900
2022-11-23,1053.7056884765625,1360.0,1370.0,1360.0,1365.0,1554900
2022-11-24,1053.7056884765625,1360.0,1365.0,1355.0,1360.0,2732900
2022-11-25,1053.7056884765625,1360.0,1370.0,1350.0,1370.0,3261600
2022-11-28,1053.7056884765625,1360.0,1365.0,1350.0,1360.0,3934100
2022-11-29,1049.8319091796875,1355.0,1360.0,1350.0,1360.0,1185800
2022-11-30,1053.7056884765625,1360.0,1365.0,1355.0,1355.0,2808100
2022-12-01,1061.45361328125,1370.0,1380.0,1360.0,1360.0,3838800
2022-12-02,1061.45361328125,1370.0,1380.0,1365.0,1370.0,2215100
2022-12-05,1053.7056884765625,1360.0,1375.0,1360.0,1370.0,4513400
2022-12-06,1038.2100830078125,1340.0,1360.0,1340.0,1360.0,7959400
2022-12-07,1034.336181640625,1335.0,1350.0,1330.0,1340.0,4418100
2022-12-08,1038.2100830078125,1340.0,1360.0,1315.0,1345.0,6013400
2022-12-09,1038.2100830078125,1340.0,1350.0,1325.0,1340.0,2167100
2022-12-12,1045.9578857421875,1350.0,1350.0,1330.0,1340.0,1026300
2022-12-13,1042.0841064453125,1345.0,1355.0,1345.0,1350.0,1337700
2022-12-14,1045.9578857421875,1350.0,1360.0,1345.0,1350.0,1361700
2022-12-15,1042.0841064453125,1345.0,1355.0,1345.0,1350.0,1329600
2022-12-16,1045.9578857421875,1350.0,1350.0,1340.0,1345.0,1069100
2022-12-19,1038.2100830078125,1340.0,1355.0,1335.0,1345.0,1631800
2022-12-20,1042.0841064453125,1345.0,1345.0,1335.0,1340.0,1599500
2022-12-21,1038.2100830078125,1340.0,1345.0,1335.0,1345.0,1058000
2022-12-22,1038.2100830078125,1340.0,1350.0,1340.0,1340.0,1223400
2022-12-23,1038.2100830078125,1340.0,1350.0,1340.0,1340.0,795100
2022-12-26,1042.0841064453125,1345.0,1350.0,1340.0,1345.0,924000
2022-12-27,1042.0841064453125,1345.0,1350.0,1340.0,1350.0,2498600
2022-12-28,1038.2100830078125,1340.0,1345.0,1335.0,1345.0,1971800
2022-12-29,1042.0841064453125,1345.0,1345.0,1335.0,1345.0,840200
2022-12-30,1042.0841064453125,1345.0,1350.0,1340.0,1345.0,605800
2023-01-02,1045.9578857421875,1350.0,1355.0,1345.0,1345.0,557300
2023-01-03,1049.8319091796875,1355.0,1355.0,1345.0,1350.0,940200
2023-01-04,1045.9578857421875,1350.0,1355.0,1350.0,1355.0,2433800
2023-01-05,1038.2100830078125,1340.0,1350.0,1335.0,1350.0,3152800
2023-01-06,1042.0841064453125,1345.0,1345.0,1330.0,1340.0,1748300
2023-01-09,1042.0841064453125,1345.0,1350.0,1335.0,1345.0,1329300
2023-01-10,1034.336181640625,1335.0,1350.0,1335.0,1345.0,1603000
2023-01-11,1034.336181640625,1335.0,1340.0,1325.0,1335.0,2123600
2023-01-12,1045.9578857421875,1350.0,1350.0,1335.0,1335.0,1897600
2023-01-13,1042.0841064453125,1345.0,1350.0,1340.0,1350.0,1030300
2023-01-16,1049.8319091796875,1355.0,1355.0,1340.0,1345.0,1556900
2023-01-17,1038.2100830078125,1340.0,1355.0,1340.0,1355.0,3157900
2023-01-18,1038.2100830078125,1340.0,1350.0,1335.0,1350.0,2909600
2023-01-19,1045.9578857421875,1350.0,1355.0,1340.0,1340.0,1302700
2023-01-20,1049.8319091796875,1355.0,1355.0,1350.0,1350.0,1120100
2023-01-24,1045.9578857421875,1350.0,1360.0,1345.0,1355.0,2765700
2023-01-25,1045.9578857421875,1350.0,1355.0,1350.0,1350.0,3099300
2023-01-26,1045.9578857421875,1350.0,1355.0,1345.0,1355.0,3099500
2023-01-27,1045.9578857421875,1350.0,1360.0,1345.0,1355.0,4670700
2023-01-30,1053.7056884765625,1360.0,1370.0,1350.0,1350.0,3626400
2023-01-31,1057.5797119140625,1365.0,1370.0,1360.0,1360.0,2975100
2023-02-01,1061.45361328125,1370.0,1385.0,1365.0,1365.0,11008500
2023-02-02,1080.8232421875,1395.0,1395.0,1365.0,1370.0,8542800
2023-02-03,1061.45361328125,1370.0,1400.0,1365.0,1390.0,14487500
2023-02-06,1069.2015380859375,1380.0,1380.0,1370.0,1370.0,4170800
2023-02-07,1076.94921875,1390.0,1390.0,1375.0,1380.0,4222400
2023-02-08,1076.94921875,1390.0,1400.0,1380.0,1390.0,3523700
2023-02-09,1076.94921875,1390.0,1395.0,1380.0,1390.0,5036500
2023-02-10,1076.94921875,1390.0,1390.0,1380.0,1390.0,2846200
2023-02-13,1080.8232421875,1395.0,1400.0,1385.0,1390.0,2977300
2023-02-14,1076.94921875,1390.0,1410.0,1385.0,1410.0,2963500
2023-02-15,1076.94921875,1390.0,1395.0,1385.0,1390.0,2889700
2023-02-16,1076.94921875,1390.0,1395.0,1385.0,1390.0,1937500
2023-02-17,1080.8232421875,1395.0,1395.0,1385.0,1390.0,1316500
2023-02-20,1076.94921875,1390.0,1410.0,1390.0,1400.0,5427500
2023-02-21,1076.94921875,1390.0,1400.0,1385.0,1390.0,2882800
2023-02-22,1076.94921875,1390.0,1400.0,1380.0,1390.0,5352400
2023-02-23,1080.8232421875,1395.0,1395.0,1385.0,1385.0,2676300
2023-02-24,1076.94921875,1390.0,1400.0,1385.0,1395.0,4162000
2023-02-27,1069.2015380859375,1380.0,1390.0,1370.0,1390.0,9347600
2023-02-28,1022.71435546875,1320.0,1380.0,1320.0,1380.0,27235600
2023-03-01,1045.9578857421875,1350.0,1355.0,1325.0,1325.0,9435500
2023-03-02,1049.8319091796875,1355.0,1365.0,1340.0,1350.0,5675900
2023-03-03,1053.7056884765625,1360.0,1365.0,1355.0,1355.0,2576700
2023-03-06,1049.8319091796875,1355.0,1370.0,1355.0,1360.0,4201400
2023-03-07,1045.9578857421875,1350.0,1365.0,1345.0,1355.0,5395900
2023-03-08,1038.2100830078125,1340.0,1350.0,1335.0,1350.0,5353800
2023-03-09,1045.9578857421875,1350.0,1355.0,1345.0,1345.0,1820400
2023-03-10,1038.2100830078125,1340.0,1350.0,1340.0,1350.0,3753200
2023-03-13,1042.0841064453125,1345.0,1345.0,1330.0,1340.0,3456200
2023-03-14,1030.4622802734375,1330.0,1355.0,1330.0,1345.0,5278900
2023-03-15,1022.71435546875,1320.0,1340.0,1320.0,1330.0,4720500
2023-03-16,991.7232055664062,1280.0,1320.0,1280.0,1320.0,12819900
2023-03-17,1014.9666137695312,1310.0,1315.0,1280.0,1290.0,6495200
2023-03-20,1014.9666137695312,1310.0,1325.0,1305.0,1310.0,1313500
2023-03-21,1030.4622802734375,1330.0,1330.0,1310.0,1315.0,1142400
2023-03-24,1034.336181640625,1335.0,1345.0,1325.0,1330.0,4011900
2023-03-27,1045.9578857421875,1350.0,1360.0,1340.0,1360.0,4598300
2023-03-28,1045.9578857421875,1350.0,1360.0,1340.0,1355.0,7397700
2023-03-29,1065.3275146484375,1375.0,1375.0,1345.0,1355.0,8766100
2023-03-30,1061.45361328125,1370.0,1380.0,1365.0,1370.0,4923100
2023-03-31,1053.7056884765625,1360.0,1375.0,1350.0,1370.0,9204000
2023-04-03,1065.3275146484375,1375.0,1385.0,1355.0,1360.0,5959700
2023-04-04,1069.2015380859375,1380.0,1395.0,1375.0,1375.0,11422300
2023-04-05,1069.2015380859375,1380.0,1390.0,1375.0,1380.0,10062600
2023-04-06,1073.075439453125,1385.0,1390.0,1380.0,1385.0,9493200
2023-04-10,1069.2015380859375,1380.0,1395.0,1380.0,1385.0,9233900
2023-04-11,1061.45361328125,1370.0,1385.0,1370.0,1380.0,11721700
2023-04-12,1061.45361328125,1370.0,1380.0,1365.0,1375.0,9971100
2023-04-13,1069.2015380859375,1380.0,1380.0,1370.0,1375.0,22801300
2023-04-14,1077.2071533203125,1285.0,1290.0,1285.0,1285.0,20667600
2023-04-17,1052.0582275390625,1255.0,1285.0,1255.0,1285.0,13059400
2023-04-18,1060.4412841796875,1265.0,1270.0,1255.0,1270.0,8790700
2023-04-26,1052.0582275390625,1255.0,1280.0,1250.0,1265.0,10667100
2023-04-27,1060.4412841796875,1265.0,1265.0,1250.0,1260.0,6712700
2023-04-28,1052.0582275390625,1255.0,1265.0,1245.0,1265.0,6597800
2023-05-02,1022.7180786132812,1220.0,1250.0,1210.0,1250.0,10970900
2023-05-03,1014.3351440429688,1210.0,1220.0,1210.0,1220.0,3601400
2023-05-04,1018.5265502929688,1215.0,1215.0,1200.0,1215.0,7099400
2023-05-05,1010.1436157226562,1205.0,1220.0,1205.0,1215.0,2409400
2023-05-08,1022.7180786132812,1220.0,1230.0,1205.0,1220.0,3737500
2023-05-09,1014.3351440429688,1210.0,1220.0,1210.0,1220.0,3488200
2023-05-10,1018.5265502929688,1215.0,1220.0,1210.0,1220.0,1941800
2023-05-11,1014.3351440429688,1210.0,1220.0,1210.0,1215.0,2933400
2023-05-12,1018.5265502929688,1215.0,1220.0,1210.0,1220.0,2160100
2023-05-15,1014.3351440429688,1210.0,1220.0,1205.0,1215.0,3491100
2023-05-16,1005.9522094726562,1200.0,1215.0,1200.0,1210.0,2854500
2023-05-17,1010.1436157226562,1205.0,1215.0,1200.0,1200.0,2652000
2023-05-19,984.9948120117188,1175.0,1210.0,1165.0,1210.0,8092500
2023-05-22,989.1863403320312,1180.0,1180.0,1175.0,1175.0,1683000
2023-05-23,997.5692138671875,1190.0,1195.0,1170.0,1195.0,2424400
2023-05-24,997.5692138671875,1190.0,1195.0,1185.0,1190.0,1586300
2023-05-25,997.5692138671875,1190.0,1195.0,1180.0,1190.0,1708500
2023-05-26,989.1863403320312,1180.0,1195.0,1180.0,1190.0,2506400
2023-05-29,984.9948120117188,1175.0,1195.0,1170.0,1190.0,2041400
2023-05-30,984.9948120117188,1175.0,1185.0,1170.0,1175.0,983400
2023-05-31,1018.5265502929688,1215.0,1215.0,1170.0,1175.0,6725300
2023-06-05,984.9948120117188,1175.0,1215.0,1175.0,1215.0,4323400
2023-06-06,997.5692138671875,1190.0,1190.0,1170.0,1175.0,1553200
2023-06-07,989.1863403320312,1180.0,1190.0,1180.0,1190.0,1102200
2023-06-08,989.1863403320312,1180.0,1190.0,1165.0,1180.0,2602800
2023-06-09,989.1863403320312,1180.0,1190.0,1180.0,1185.0,1021000
2023-06-12,989.1863403320312,1180.0,1190.0,1175.0,1180.0,1301800
2023-06-13,989.1863403320312,1180.0,1185.0,1170.0,1180.0,2570200
2023-06-14,989.1863403320312,1180.0,1185.0,1175.0,1180.0,736300
2023-06-15,993.3778076171875,1185.0,1185.0,1175.0,1180.0,884500
2023-06-16,989.1863403320312,1180.0,1185.0,1175.0,1185.0,1746500
2023-06-19,989.1863403320312,1180.0,1180.0,1175.0,1180.0,1588300
2023-06-20,989.1863403320312,1180.0,1180.0,1175.0,1180.0,1209300
2023-06-21,989.1863403320312,1180.0,1180.0,1175.0,1180.0,1289400
2023-06-22,984.9948120117188,1175.0,1185.0,1175.0,1180.0,3575500
2023-06-23,980.8034057617188,1170.0,1185.0,1170.0,1175.0,2087200
2023-06-26,989.1863403320312,1180.0,1180.0,1170.0,1175.0,1836000
2023-06-27,989.1863403320312,1180.0,1185.0,1175.0,1180.0,1705000
2023-07-03,989.1863403320312,1180.0,1180.0,1170.0,1180.0,2921800
2023-07-04,993.3778076171875,1185.0,1185.0,1175.0,1180.0,1360900
2023-07-05,993.3778076171875,1185.0,1195.0,1180.0,1185.0,3351400
2023-07-06,989.1863403320312,1180.0,1190.0,1180.0,1185.0,3221800
2023-07-07,993.3778076171875,1185.0,1185.0,1180.0,1180.0,1326600
2023-07-10,993.3778076171875,1185.0,1195.0,1180.0,1185.0,3249900
2023-07-11,993.3778076171875,1185.0,1195.0,1180.0,1195.0,935100
2023-07-12,993.3778076171875,1185.0,1195.0,1185.0,1185.0,3128200
2023-07-13,997.5692138671875,1190.0,1190.0,1185.0,1185.0,1871900
2023-07-14,1001.7607421875,1195.0,1195.0,1185.0,1190.0,3461900
2023-07-17,1018.5265502929688,1215.0,1215.0,1190.0,1190.0,9568500
2023-07-18,1014.3351440429688,1210.0,1230.0,1205.0,1215.0,5916800
2023-07-20,1018.5265502929688,1215.0,1225.0,1205.0,1210.0,3075500
2023-07-21,1014.3351440429688,1210.0,1220.0,1205.0,1215.0,2624200
2023-07-24,1018.5265502929688,1215.0,1225.0,1210.0,1210.0,2494900
2023-07-25,1022.7180786132812,1220.0,1220.0,1215.0,1220.0,1431600
2023-07-26,1018.5265502929688,1215.0,1220.0,1205.0,1220.0,2210900
2023-07-27,1014.3351440429688,1210.0,1215.0,1205.0,1215.0,1519100
2023-07-28,1010.1436157226562,1205.0,1220.0,1190.0,1215.0,5294000
2023-07-31,997.5692138671875,1190.0,1215.0,1190.0,1205.0,3985500
2023-08-01,993.3778076171875,1185.0,1200.0,1185.0,1190.0,2445000
2023-08-02,989.1863403320312,1180.0,1195.0,1175.0,1190.0,3299100
2023-08-03,993.3778076171875,1185.0,1190.0,1180.0,1180.0,1494900
2023-08-04,993.3778076171875,1185.0,1190.0,1180.0,1185.0,978200
2023-08-07,993.3778076171875,1185.0,1195.0,1180.0,1185.0,1704400
2023-08-08,997.5692138671875,1190.0,1200.0,1185.0,1190.0,1459000
2023-08-09,997.5692138671875,1190.0,1195.0,1185.0,1190.0,2510700
2023-08-10,993.3778076171875,1185.0,1195.0,1185.0,1195.0,1819800
2023-08-11,989.1863403320312,1180.0,1190.0,1180.0,1185.0,1610500
2023-08-14,993.3778076171875,1185.0,1190.0,1175.0,1180.0,2123000
2023-08-15,1001.7607421875,1195.0,1200.0,1180.0,1185.0,3800000
2023-08-16,993.3778076171875,1185.0,1200.0,1185.0,1195.0,823300
2023-08-18,989.1863403320312,1180.0,1190.0,1180.0,1185.0,2804100
2023-08-21,984.9948120117188,1175.0,1185.0,1170.0,1180.0,5208900
2023-08-22,989.1863403320312,1180.0,1180.0,1170.0,1175.0,2119200
2023-08-23,984.9948120117188,1175.0,1185.0,1175.0,1180.0,1371600
2023-08-24,984.9948120117188,1175.0,1185.0,1175.0,1175.0,2161100
2023-08-25,989.1863403320312,1180.0,1185.0,1175.0,1175.0,1141700
2023-08-28,984.9948120117188,1175.0,1185.0,1175.0,1180.0,2309400
2023-08-29,993.3778076171875,1185.0,1190.0,1175.0,1175.0,963700
2023-08-30,993.3778076171875,1185.0,1185.0,1180.0,1185.0,1211900
2023-08-31,993.3778076171875,1185.0,1185.0,1180.0,1185.0,2043800
2023-09-01,997.5692138671875,1190.0,1190.0,1180.0,1180.0,2269800
2023-09-04,993.3778076171875,1185.0,1190.0,1180.0,1190.0,2079200
2023-09-05,993.3778076171875,1185.0,1190.0,1185.0,1190.0,1010500
2023-09-06,997.5692138671875,1190.0,1190.0,1180.0,1185.0,1297900
2023-09-07,989.1863403320312,1180.0,1190.0,1180.0,1190.0,1309600
2023-09-08,984.9948120117188,1175.0,1185.0,1175.0,1180.0,2044400
2023-09-11,989.1863403320312,1180.0,1180.0,1175.0,1175.0,1471300
2023-09-12,984.9948120117188,1175.0,1185.0,1175.0,1180.0,1545000
2023-09-13,984.9948120117188,1175.0,1180.0,1175.0,1175.0,1065000
2023-09-14,984.9948120117188,1175.0,1180.0,1170.0,1180.0,2164600
2023-09-15,989.1863403320312,1180.0,1185.0,1175.0,1175.0,1446400
2023-09-18,984.9948120117188,1175.0,1185.0,1170.0,1180.0,1684800
2023-09-19,984.9948120117188,1175.0,1180.0,1170.0,1175.0,1105600
2023-09-20,984.9948120117188,1175.0,1180.0,1170.0,1175.0,1416900
2023-09-21,980.8034057617188,1170.0,1180.0,1170.0,1175.0,1417000
2023-09-22,984.9948120117188,1175.0,1180.0,1170.0,1175.0,1385200
2023-09-25,989.1863403320312,1180.0,1180.0,1170.0,1175.0,1071300
2023-09-26,980.8034057617188,1170.0,1180.0,1170.0,1180.0,819200
2023-09-27,980.8034057617188,1170.0,1175.0,1170.0,1175.0,1068100
2023-09-29,980.8034057617188,1170.0,1175.0,1170.0,1170.0,1404600
2023-10-02,980.8034057617188,1170.0,1175.0,1170.0,1170.0,796100
2023-10-03,976.6118774414062,1165.0,1175.0,1165.0,1175.0,2188200
2023-10-04,968.22900390625,1155.0,1170.0,1150.0,1165.0,4024900
2023-10-05,964.0374755859375,1150.0,1165.0,1150.0,1165.0,2401500
2023-10-06,964.0374755859375,1150.0,1155.0,1145.0,1150.0,689900
2023-10-09,972.4204711914062,1160.0,1160.0,1150.0,1155.0,913200
2023-10-10,964.0374755859375,1150.0,1160.0,1150.0,1160.0,651000
2023-10-11,964.0374755859375,1150.0,1165.0,1150.0,1150.0,2174200
2023-10-12,968.22900390625,1155.0,1160.0,1150.0,1150.0,685800
2023-10-13,968.22900390625,1155.0,1155.0,1150.0,1155.0,1091500
2023-10-16,964.0374755859375,1150.0,1160.0,1150.0,1160.0,1439700
2023-10-17,968.22900390625,1155.0,1155.0,1145.0,1150.0,846000
2023-10-18,972.4204711914062,1160.0,1170.0,1145.0,1155.0,1266300
2023-10-19,964.0374755859375,1150.0,1160.0,1140.0,1160.0,2320500
2023-10-20,951.4630737304688,1135.0,1150.0,1135.0,1150.0,2698400
2023-10-23,930.5057983398438,1110.0,1145.0,1110.0,1145.0,5146800
2023-10-24,938.888671875,1120.0,1120.0,1105.0,1110.0,1762200
2023-10-25,951.4630737304688,1135.0,1140.0,1120.0,1120.0,2205400
2023-10-26,934.697265625,1115.0,1140.0,1110.0,1135.0,2368200
2023-10-27,938.888671875,1120.0,1130.0,1115.0,1115.0,889100
2023-10-30,947.2716674804688,1130.0,1135.0,1115.0,1120.0,1592500
2023-10-31,951.4630737304688,1135.0,1135.0,1125.0,1130.0,1450900
2023-11-01,934.697265625,1115.0,1135.0,1110.0,1135.0,2237100
2023-11-02,943.0801391601562,1125.0,1130.0,1115.0,1115.0,1160800
2023-11-03,943.0801391601562,1125.0,1130.0,1120.0,1130.0,558200
2023-11-06,951.4630737304688,1135.0,1145.0,1125.0,1130.0,1085900
2023-11-07,951.4630737304688,1135.0,1160.0,1130.0,1135.0,2561800
2023-11-08,943.0801391601562,1125.0,1140.0,1120.0,1135.0,799600
2023-11-09,947.2716674804688,1130.0,1140.0,1125.0,1125.0,525700
2023-11-10,947.2716674804688,1130.0,1135.0,1125.0,1130.0,577300
2023-11-13,943.0801391601562,1125.0,1135.0,1120.0,1135.0,1933800
2023-11-14,943.0801391601562,1125.0,1125.0,1120.0,1125.0,680900
2023-11-15,943.0801391601562,1125.0,1130.0,1120.0,1125.0,1759500
2023-11-16,947.2716674804688,1130.0,1130.0,1120.0,1125.0,254400
2023-11-17,938.888671875,1120.0,1130.0,1115.0,1130.0,2458800
2023-11-20,934.697265625,1115.0,1130.0,1115.0,1125.0,1811100
2023-11-21,943.0801391601562,1125.0,1125.0,1110.0,1115.0,1682500
2023-11-22,938.888671875,1120.0,1130.0,1115.0,1120.0,1110700
2023-11-23,938.888671875,1120.0,1125.0,1115.0,1120.0,841600
2023-11-24,938.888671875,1120.0,1125.0,1115.0,1125.0,2463600
2023-11-27,938.888671875,1120.0,1135.0,1115.0,1125.0,2268900
2023-11-28,947.2716674804688,1130.0,1140.0,1120.0,1120.0,2458100
2023-11-29,955.654541015625,1140.0,1145.0,1125.0,1130.0,1034100
2023-11-30,938.888671875,1120.0,1140.0,1120.0,1140.0,3935500
2023-12-01,947.2716674804688,1130.0,1135.0,1120.0,1130.0,1287100
2023-12-04,943.0801391601562,1125.0,1135.0,1125.0,1135.0,1815400
2023-12-05,947.2716674804688,1130.0,1135.0,1125.0,1130.0,435600
2023-12-06,943.0801391601562,1125.0,1130.0,1120.0,1130.0,1638100
2023-12-07,943.0801391601562,1125.0,1145.0,1120.0,1125.0,1877900
2023-12-08,943.0801391601562,1125.0,1140.0,1125.0,1125.0,1258100
2023-12-11,938.888671875,1120.0,1135.0,1115.0,1125.0,1025200
2023-12-12,938.888671875,1120.0,1125.0,1110.0,1120.0,1062000
2023-12-13,934.697265625,1115.0,1125.0,1115.0,1125.0,573000
2023-12-14,934.697265625,1115.0,1125.0,1115.0,1120.0,447800
2023-12-15,926.3142700195312,1105.0,1125.0,1105.0,1115.0,3224600
2023-12-18,934.697265625,1115.0,1125.0,1110.0,1115.0,1653400
2023-12-19,943.0801391601562,1125.0,1125.0,1115.0,1115.0,1032100
2023-12-20,943.0801391601562,1125.0,1130.0,1120.0,1125.0,632800
2023-12-21,943.0801391601562,1125.0,1130.0,1115.0,1130.0,658800
2023-12-22,943.0801391601562,1125.0,1130.0,1120.0,1125.0,444700
2023-12-27,947.2716674804688,1130.0,1130.0,1120.0,1125.0,1772000
2023-12-28,955.654541015625,1140.0,1140.0,1125.0,1130.0,1919500
2023-12-29,964.0374755859375,1150.0,1150.0,1135.0,1140.0,2024700
2024-01-02,972.4204711914062,1160.0,1165.0,1145.0,1150.0,1536300
2024-01-03,980.8034057617188,1170.0,1180.0,1160.0,1160.0,2017100
2024-01-04,993.3778076171875,1185.0,1185.0,1170.0,1180.0,2333100
2024-01-05,989.1863403320312,1180.0,1190.0,1175.0,1190.0,2620500
2024-01-08,989.1863403320312,1180.0,1190.0,1175.0,1180.0,1868200
2024-01-09,993.3778076171875,1185.0,1185.0,1175.0,1180.0,918900
2024-01-10,989.1863403320312,1180.0,1185.0,1180.0,1185.0,847300
2024-01-11,997.5692138671875,1190.0,1195.0,1180.0,1180.0,2084600
2024-01-12,1010.1436157226562,1205.0,1205.0,1190.0,1190.0,2261100
2024-01-15,1001.7607421875,1195.0,1210.0,1190.0,1205.0,3060300
2024-01-16,1001.7607421875,1195.0,1200.0,1190.0,1195.0,1430000
2024-01-17,993.3778076171875,1185.0,1200.0,1185.0,1200.0,1926400
2024-01-18,997.5692138671875,1190.0,1195.0,1185.0,1185.0,751300
2024-01-19,993.3778076171875,1185.0,1190.0,1180.0,1190.0,828300
2024-01-22,997.5692138671875,1190.0,1195.0,1180.0,1190.0,1621000
2024-01-23,984.9948120117188,1175.0,1190.0,1175.0,1185.0,1558900
2024-01-24,976.6118774414062,1165.0,1180.0,1155.0,1175.0,2244800
2024-01-25,980.8034057617188,1170.0,1190.0,1160.0,1165.0,1695400
2024-01-26,980.8034057617188,1170.0,1180.0,1160.0,1170.0,958600
2024-01-29,984.9948120117188,1175.0,1180.0,1170.0,1170.0,680600
2024-01-30,976.6118774414062,1165.0,1185.0,1165.0,1175.0,2175500
2024-01-31,976.6118774414062,1165.0,1180.0,1165.0,1165.0,1297700
2024-02-01,968.22900390625,1155.0,1180.0,1155.0,1165.0,2581900
2024-02-02,972.4204711914062,1160.0,1175.0,1155.0,1165.0,1416400
2024-02-05,972.4204711914062,1160.0,1175.0,1160.0,1160.0,2037400
2024-02-06,980.8034057617188,1170.0,1170.0,1160.0,1165.0,958300
2024-02-07,980.8034057617188,1170.0,1170.0,1165.0,1170.0,1125600
2024-02-12,1001.7607421875,1195.0,1195.0,1165.0,1170.0,5102500
2024-02-13,997.5692138671875,1190.0,1200.0,1175.0,1200.0,3223500
2024-02-15,1005.9522094726562,1200.0,1205.0,1190.0,1200.0,3258300
2024-02-16,1010.1436157226562,1205.0,1215.0,1200.0,1200.0,1864400
2024-02-19,1010.1436157226562,1205.0,1215.0,1205.0,1210.0,1802700
2024-02-20,1022.7180786132812,1220.0,1230.0,1205.0,1210.0,4798300
2024-02-21,1026.9095458984375,1225.0,1230.0,1205.0,1220.0,2819800
2024-02-22,1018.5265502929688,1215.0,1225.0,1210.0,1225.0,1562000
2024-02-23,1018.5265502929688,1215.0,1220.0,1210.0,1215.0,2522600
2024-02-26,1014.3351440429688,1210.0,1220.0,1205.0,1220.0,2006000
2024-02-27,1014.3351440429688,1210.0,1215.0,1205.0,1210.0,1713100
2024-02-28,1022.7180786132812,1220.0,1220.0,1205.0,1210.0,1813100
2024-02-29,1010.1436157226562,1205.0,1220.0,1205.0,1220.0,2945300
2024-03-01,1010.1436157226562,1205.0,1215.0,1200.0,1205.0,1505600
2024-03-04,1001.7607421875,1195.0,1215.0,1190.0,1210.0,3300300
2024-03-05,993.3778076171875,1185.0,1210.0,1170.0,1210.0,3936800
2024-03-06,1005.9522094726562,1200.0,1200.0,1180.0,1185.0,1584400
2024-03-07,1001.7607421875,1195.0,1200.0,1190.0,1200.0,1233400
2024-03-08,1001.7607421875,1195.0,1205.0,1195.0,1195.0,1641400
2024-03-13,997.5692138671875,1190.0,1200.0,1190.0,1195.0,2709100
2024-03-14,1001.7607421875,1195.0,1200.0,1190.0,1190.0,1118400
2024-03-15,1001.7607421875,1195.0,1205.0,1190.0,1195.0,2454900
2024-03-18,1005.9522094726562,1200.0,1205.0,1190.0,1195.0,1718400
2024-03-19,1001.7607421875,1195.0,1205.0,1190.0,1205.0,2428000
2024-03-20,1005.9522094726562,1200.0,1200.0,1190.0,1200.0,2053400
2024-03-21,1005.9522094726562,1200.0,1205.0,1195.0,1200.0,2170500
2024-03-22,1010.1436157226562,1205.0,1205.0,1200.0,1200.0,2210100
2024-03-25,1018.5265502929688,1215.0,1220.0,1205.0,1220.0,3598300
2024-03-26,1022.7180786132812,1220.0,1220.0,1210.0,1220.0,2578800
2024-03-27,1018.5265502929688,1215.0,1220.0,1210.0,1220.0,2768100
2024-03-28,1014.3351440429688,1210.0,1215.0,1205.0,1215.0,2751900
2024-04-01,1014.3351440429688,1210.0,1250.0,1195.0,1210.0,3961300
2024-04-02,1014.3351440429688,1210.0,1215.0,1195.0,1210.0,5115800
2024-04-03,1010.1436157226562,1205.0,1225.0,1205.0,1215.0,4079100
2024-04-04,1022.7180786132812,1220.0,1220.0,1200.0,1210.0,4741100
2024-04-05,1018.5265502929688,1215.0,1225.0,1210.0,1220.0,2402100
2024-04-16,1010.1436157226562,1205.0,1225.0,1190.0,1215.0,9277000
2024-04-17,1001.7607421875,1195.0,1205.0,1190.0,1205.0,8676600
2024-04-18,1001.7607421875,1195.0,1200.0,1190.0,1195.0,11608100
2024-04-19,979.0379638671875,1075.0,1140.0,1070.0,1140.0,12803900
2024-04-22,960.8233032226562,1055.0,1090.0,1045.0,1080.0,4786200
2024-04-23,956.2696533203125,1050.0,1065.0,1045.0,1060.0,3237400
2024-04-24,938.0549926757812,1030.0,1060.0,1020.0,1060.0,5097300
2024-04-25,919.84033203125,1010.0,1040.0,1000.0,1020.0,7021700
2024-04-26,915.28662109375,1005.0,1020.0,995.0,1015.0,5822200
2024-04-29,938.0549926757812,1030.0,1030.0,995.0,1010.0,8665200
2024-04-30,924.3939819335938,1015.0,1035.0,995.0,1030.0,15434900
2024-05-02,919.84033203125,1010.0,1020.0,1000.0,1020.0,7264800
2024-05-03,915.28662109375,1005.0,1015.0,1005.0,1010.0,3311900
2024-05-06,915.28662109375,1005.0,1015.0,1000.0,1005.0,2946800
2024-05-07,910.7329711914062,1000.0,1010.0,1000.0,1005.0,4839400
2024-05-08,892.518310546875,980.0,1005.0,980.0,1005.0,9802600
2024-05-13,901.6256713867188,990.0,1000.0,980.0,985.0,1895700
2024-05-14,910.7329711914062,1000.0,1005.0,990.0,990.0,2496800
2024-05-15,906.1793212890625,995.0,1000.0,995.0,1000.0,1598200
2024-05-16,906.1793212890625,995.0,1005.0,995.0,1000.0,3388100
2024-05-17,910.7329711914062,1000.0,1005.0,995.0,995.0,2218400
2024-05-20,906.1793212890625,995.0,1010.0,995.0,1010.0,2918000
2024-05-21,901.6256713867188,990.0,1005.0,990.0,1000.0,3321900
2024-05-22,901.6256713867188,990.0,995.0,990.0,990.0,1485000
2024-05-27,901.6256713867188,990.0,1000.0,985.0,995.0,2087400
2024-05-28,897.0719604492188,985.0,995.0,985.0,990.0,1259600
2024-05-29,892.518310546875,980.0,995.0,980.0,990.0,2662800
2024-05-30,887.9646606445312,975.0,985.0,970.0,980.0,1949500
2024-05-31,919.84033203125,1010.0,1010.0,960.0,975.0,11286000
2024-06-03,901.6256713867188,990.0,1010.0,975.0,1000.0,2686800
2024-06-04,901.6256713867188,990.0,1000.0,990.0,995.0,1275000
2024-06-05,897.0719604492188,985.0,995.0,985.0,990.0,1308000
2024-06-06,906.1793212890625,995.0,995.0,980.0,990.0,987900
2024-06-07,897.0719604492188,985.0,995.0,985.0,995.0,1180900
2024-06-10,892.518310546875,980.0,995.0,980.0,985.0,2664900
2024-06-11,883.4110107421875,970.0,985.0,970.0,985.0,1815700
2024-06-12,869.75,955.0,975.0,955.0,970.0,1584800
2024-06-13,878.8572998046875,965.0,970.0,955.0,960.0,620600
2024-06-14,869.75,955.0,970.0,955.0,970.0,1325000
2024-06-19,856.0889892578125,940.0,960.0,940.0,960.0,2205200
2024-06-20,865.1963500976562,950.0,950.0,935.0,945.0,1559800
2024-06-21,887.9646606445312,975.0,975.0,950.0,950.0,1812800
2024-06-24,878.8572998046875,965.0,975.0,960.0,975.0,974900
2024-06-25,865.1963500976562,950.0,970.0,950.0,970.0,1968300
2024-06-26,869.75,955.0,965.0,950.0,950.0,730500
2024-06-27,878.8572998046875,965.0,990.0,955.0,990.0,722900
2024-06-28,883.4110107421875,970.0,985.0,965.0,965.0,1849000
2024-07-01,892.518310546875,980.0,985.0,975.0,975.0,1470700
2024-07-02,887.9646606445312,975.0,985.0,975.0,980.0,1277200
2024-07-03,897.0719604492188,985.0,985.0,975.0,980.0,555900
2024-07-04,901.6256713867188,990.0,995.0,985.0,985.0,1493400
2024-07-05,897.0719604492188,985.0,995.0,985.0,990.0,1264600
2024-07-08,906.1793212890625,995.0,1000.0,985.0,985.0,1312300
2024-07-09,915.28662109375,1005.0,1010.0,995.0,995.0,3358300
2024-07-10,924.3939819335938,1015.0,1020.0,1005.0,1005.0,2158900
2024-07-11,924.3939819335938,1015.0,1020.0,1005.0,1015.0,802000
2024-07-12,933.5012817382812,1025.0,1030.0,1005.0,1015.0,1417200
2024-07-15,924.3939819335938,1015.0,1030.0,1015.0,1015.0,1465300
2024-07-16,915.28662109375,1005.0,1030.0,1005.0,1015.0,2806100
2024-07-17,924.3939819335938,1015.0,1030.0,1005.0,1020.0,625000
2024-07-18,924.3939819335938,1015.0,1025.0,1015.0,1015.0,955200
2024-07-19,928.9476318359375,1020.0,1025.0,1015.0,1015.0,571300
2024-07-22,933.5012817382812,1025.0,1025.0,1020.0,1020.0,817700
2024-07-23,928.9476318359375,1020.0,1030.0,1015.0,1025.0,841700
2024-07-24,924.3939819335938,1015.0,1020.0,1010.0,1020.0,717200
2024-07-25,919.84033203125,1010.0,1015.0,995.0,1015.0,1313400
2024-07-26,919.84033203125,1010.0,1020.0,1005.0,1010.0,722700
2024-07-29,915.28662109375,1005.0,1020.0,1000.0,1010.0,2205600
2024-07-30,915.28662109375,1005.0,1015.0,1000.0,1010.0,1132100
2024-07-31,901.6256713867188,990.0,1010.0,990.0,1005.0,3521800
2024-08-01,910.7329711914062,1000.0,1000.0,990.0,990.0,1250300
2024-08-02,906.1793212890625,995.0,1000.0,990.0,1000.0,1587900
2024-08-05,887.9646606445312,975.0,995.0,975.0,995.0,4721900
2024-08-06,892.518310546875,980.0,985.0,970.0,970.0,1299500
2024-08-07,892.518310546875,980.0,990.0,975.0,980.0,903200
2024-08-08,892.518310546875,980.0,990.0,970.0,980.0,2632500
2024-08-09,897.0719604492188,985.0,990.0,980.0,980.0,986900
2024-08-12,897.0719604492188,985.0,990.0,985.0,985.0,1188200
2024-08-13,906.1793212890625,995.0,1000.0,985.0,985.0,1059100
2024-08-14,906.1793212890625,995.0,1000.0,990.0,995.0,2061700
2024-08-15,906.1793212890625,995.0,1000.0,990.0,995.0,1066500
2024-08-16,906.1793212890625,995.0,1000.0,990.0,995.0,1269300
2024-08-19,901.6256713867188,990.0,1000.0,990.0,995.0,1695200
2024-08-20,910.7329711914062,1000.0,1000.0,990.0,990.0,3126100
2024-08-21,910.7329711914062,1000.0,1015.0,1000.0,1000.0,3486100
2024-08-22,906.1793212890625,995.0,1005.0,990.0,1000.0,2845200
2024-08-23,910.7329711914062,1000.0,1005.0,990.0,995.0,3529000
2024-08-26,915.28662109375,1005.0,1010.0,1000.0,1005.0,3152200
2024-08-27,915.28662109375,1005.0,1010.0,1000.0,1005.0,2455800
2024-08-28,910.7329711914062,1000.0,1010.0,1000.0,1005.0,1512900
2024-08-29,910.7329711914062,1000.0,1005.0,995.0,1000.0,1619900
2024-08-30,906.1793212890625,995.0,1000.0,995.0,1000.0,3156700
2024-09-02,910.7329711914062,1000.0,1005.0,995.0,995.0,1984600
2024-09-03,910.7329711914062,1000.0,1005.0,990.0,1000.0,3010000
2024-09-04,910.7329711914062,1000.0,1000.0,990.0,1000.0,674500
2024-09-05,910.7329711914062,1000.0,1000.0,990.0,1000.0,1361500
2024-09-06,910.7329711914062,1000.0,1005.0,995.0,1000.0,2103200
2024-09-09,906.1793212890625,995.0,1005.0,995.0,1000.0,1955000
2024-09-10,910.7329711914062,1000.0,1000.0,995.0,995.0,916400
2024-09-11,906.1793212890625,995.0,1005.0,990.0,1000.0,2014300
2024-09-12,906.1793212890625,995.0,1000.0,990.0,995.0,2568100
2024-09-13,906.1793212890625,995.0,1000.0,990.0,1000.0,4969500
2024-09-17,901.6256713867188,990.0,1000.0,985.0,995.0,7893100
2024-09-18,906.1793212890625,995.0,1000.0,990.0,990.0,2703500
2024-09-19,910.7329711914062,1000.0,1005.0,995.0,995.0,4025100
2024-09-20,906.1793212890625,995.0,1000.0,995.0,1000.0,2755500
2024-09-23,906.1793212890625,995.0,1000.0,990.0,1000.0,6485800
2024-09-24,901.6256713867188,990.0,1000.0,985.0,995.0,12365800
2024-09-25,892.518310546875,980.0,995.0,970.0,990.0,24931200
2024-09-26,892.518310546875,980.0,985.0,975.0,980.0,5063800
2024-09-27,887.9646606445312,975.0,980.0,960.0,975.0,11468700
2024-09-30,878.8572998046875,965.0,985.0,960.0,985.0,4904800
2024-10-01,883.4110107421875,970.0,975.0,965.0,965.0,3192900
2024-10-02,878.8572998046875,965.0,975.0,965.0,970.0,1799700
2024-10-03,878.8572998046875,965.0,970.0,960.0,970.0,1747800
2024-10-04,883.4110107421875,970.0,970.0,965.0,965.0,1149100
2024-10-07,887.9646606445312,975.0,975.0,965.0,970.0,1969000
2024-10-08,892.518310546875,980.0,980.0,965.0,975.0,3229300
2024-10-09,887.9646606445312,975.0,985.0,975.0,980.0,3032600
2024-10-10,887.9646606445312,975.0,980.0,970.0,975.0,1022000
2024-10-11,887.9646606445312,975.0,980.0,970.0,980.0,630200
2024-10-14,892.518310546875,980.0,980.0,975.0,975.0,725600
2024-10-15,901.6256713867188,990.0,990.0,975.0,980.0,5575400
2024-10-16,901.6256713867188,990.0,990.0,980.0,990.0,1628000
2024-10-17,897.0719604492188,985.0,995.0,985.0,990.0,2568700
2024-10-18,897.0719604492188,985.0,990.0,980.0,985.0,1687500
2024-10-21,887.9646606445312,975.0,990.0,975.0,985.0,2687500
2024-10-22,901.6256713867188,990.0,990.0,975.0,980.0,4864700
2024-10-23,901.6256713867188,990.0,990.0,980.0,990.0,1790800
2024-10-24,897.0719604492188,985.0,990.0,975.0,985.0,1896900
2024-10-25,892.518310546875,980.0,985.0,975.0,985.0,1912500
2024-10-28,883.4110107421875,970.0,990.0,965.0,985.0,3283500
2024-10-29,887.9646606445312,975.0,975.0,965.0,970.0,2489800
2024-10-30,887.9646606445312,975.0,980.0,965.0,975.0,3505100
2024-10-31,892.518310546875,980.0,980.0,965.0,975.0,2242400
2024-11-01,878.8572998046875,965.0,980.0,965.0,980.0,3706200
2024-11-04,878.8572998046875,965.0,975.0,955.0,975.0,4564400
2024-11-05,883.4110107421875,970.0,975.0,960.0,965.0,2477700
2024-11-06,878.8572998046875,965.0,970.0,960.0,965.0,2824100
2024-11-07,874.3036499023438,960.0,970.0,955.0,960.0,2971600
2024-11-08,874.3036499023438,960.0,965.0,955.0,960.0,4009400
2024-11-11,860.6427001953125,945.0,960.0,940.0,960.0,6927400
2024-11-12,860.6427001953125,945.0,960.0,945.0,950.0,3786400
2024-11-13,865.1963500976562,950.0,955.0,945.0,945.0,2051500
2024-11-14,869.75,955.0,955.0,945.0,950.0,960200
2024-11-15,860.6427001953125,945.0,960.0,940.0,955.0,2518800
2024-11-18,856.0889892578125,940.0,950.0,940.0,950.0,2584200
2024-11-19,865.1963500976562,950.0,950.0,940.0,940.0,765500
2024-11-20,860.6427001953125,945.0,955.0,945.0,950.0,638200
2024-11-21,856.0889892578125,940.0,950.0,940.0,945.0,2137200
2024-11-22,865.1963500976562,950.0,950.0,940.0,945.0,1066800
2024-11-25,874.3036499023438,960.0,965.0,945.0,950.0,2923000
2024-11-26,869.75,955.0,1005.0,950.0,960.0,1750200
2024-11-28,865.1963500976562,950.0,960.0,950.0,955.0,588100
2024-11-29,856.0889892578125,940.0,960.0,940.0,960.0,2866700
2024-12-02,856.0889892578125,940.0,950.0,935.0,945.0,2775100
2024-12-03,856.0889892578125,940.0,945.0,930.0,940.0,1936200
2024-12-04,856.0889892578125,940.0,950.0,935.0,940.0,3583900
2024-12-05,860.6427001953125,945.0,950.0,940.0,950.0,980000
2024-12-06,856.0889892578125,940.0,950.0,935.0,950.0,3002700
2024-12-09,865.1963500976562,950.0,950.0,940.0,945.0,1493500
2024-12-10,865.1963500976562,950.0,955.0,945.0,950.0,1212600
2024-12-11,869.75,955.0,960.0,950.0,950.0,1231100
2024-12-12,869.75,955.0,960.0,950.0,950.0,681900
2024-12-13,865.1963500976562,950.0,955.0,945.0,945.0,2695400
2024-12-16,860.6427001953125,945.0,950.0,940.0,945.0,2091800
2024-12-17,846.981689453125,930.0,945.0,930.0,945.0,3658600
2024-12-18,842.4280395507812,925.0,940.0,925.0,930.0,2796500
2024-12-19,833.3206787109375,915.0,930.0,910.0,925.0,3234600
2024-12-20,824.21337890625,905.0,920.0,905.0,915.0,3034600
2024-12-23,828.7670288085938,910.0,925.0,910.0,910.0,1728700
2024-12-24,828.7670288085938,910.0,920.0,905.0,910.0,1963200
2024-12-27,828.7670288085938,910.0,920.0,905.0,915.0,2084600
2024-12-30,828.7670288085938,910.0,920.0,910.0,920.0,2288500
2025-01-02,842.4280395507812,925.0,930.0,905.0,905.0,2024200
2025-01-03,846.981689453125,930.0,940.0,920.0,925.0,1641100
2025-01-06,846.981689453125,930.0,935.0,920.0,935.0,1184300
2025-01-07,856.0889892578125,940.0,940.0,920.0,930.0,1450100
2025-01-08,846.981689453125,930.0,940.0,930.0,940.0,584500
2025-01-09,846.981689453125,930.0,935.0,930.0,935.0,422400
2025-01-10,842.4280395507812,925.0,935.0,925.0,930.0,566400
2025-01-13,837.8743286132812,920.0,930.0,915.0,925.0,930000
2025-01-14,828.7670288085938,910.0,920.0,910.0,920.0,1444500
2025-01-15,846.981689453125,930.0,930.0,910.0,920.0,707100
2025-01-16,856.0889892578125,940.0,940.0,930.0,930.0,1201400
2025-01-17,851.5353393554688,935.0,940.0,930.0,940.0,1004600
2025-01-20,856.0889892578125,940.0,945.0,935.0,935.0,1374000
2025-01-21,865.1963500976562,950.0,950.0,940.0,940.0,1216700
2025-01-22,860.6427001953125,945.0,950.0,945.0,950.0,1313600
2025-01-23,865.1963500976562,950.0,950.0,945.0,950.0,1146900
2025-01-24,860.6427001953125,945.0,955.0,945.0,950.0,1122300
2025-01-30,860.6427001953125,945.0,945.0,930.0,945.0,1747300
2025-01-31,856.0889892578125,940.0,950.0,940.0,945.0,958400
2025-02-03,856.0889892578125,940.0,950.0,930.0,945.0,1213900
2025-02-04,851.5353393554688,935.0,940.0,935.0,935.0,979600
2025-02-05,851.5353393554688,935.0,940.0,930.0,935.0,999000
2025-02-06,837.8743286132812,920.0,940.0,915.0,935.0,2628900
2025-02-07,837.8743286132812,920.0,925.0,910.0,920.0,1903100
2025-02-10,833.3206787109375,915.0,925.0,910.0,920.0,1370400
2025-02-11,828.7670288085938,910.0,920.0,905.0,915.0,1839500
2025-02-12,828.7670288085938,910.0,920.0,905.0,905.0,2569900
2025-02-13,833.3206787109375,915.0,915.0,905.0,910.0,905300
2025-02-14,828.7670288085938,910.0,920.0,910.0,915.0,1305700
2025-02-17,833.3206787109375,915.0,915.0,910.0,910.0,6763000
2025-02-18,833.3206787109375,915.0,925.0,910.0,910.0,5147000
2025-02-19,819.65966796875,900.0,920.0,895.0,915.0,8486500
2025-02-20,810.5523681640625,890.0,905.0,890.0,905.0,7128300
2025-02-21,815.1060180664062,895.0,895.0,885.0,895.0,2906200
2025-02-24,792.3377075195312,870.0,900.0,870.0,895.0,5552300
2025-02-25,774.123046875,850.0,880.0,850.0,870.0,6012500
2025-02-26,746.801025390625,820.0,860.0,820.0,850.0,7788600
2025-02-27,724.03271484375,795.0,835.0,795.0,825.0,7100400
2025-02-28,646.6204223632812,710.0,800.0,710.0,800.0,63911800
2025-03-03,687.6033935546875,755.0,755.0,725.0,725.0,18581900
2025-03-04,678.49609375,745.0,760.0,730.0,760.0,6266500
2025-03-05,692.1570434570312,760.0,775.0,735.0,750.0,10314500
2025-03-06,687.6033935546875,755.0,785.0,755.0,765.0,7428200
2025-03-07,696.7107543945312,765.0,780.0,750.0,760.0,6841000
2025-03-10,701.264404296875,770.0,770.0,745.0,765.0,7626000
2025-03-11,701.264404296875,770.0,770.0,745.0,750.0,5193200
2025-03-12,710.3717041015625,780.0,785.0,765.0,770.0,4772300
2025-03-13,696.7107543945312,765.0,780.0,760.0,770.0,2743700
2025-03-14,696.7107543945312,765.0,770.0,750.0,760.0,3800500
2025-03-17,701.264404296875,770.0,775.0,760.0,765.0,1748100
2025-03-18,687.6033935546875,755.0,770.0,735.0,770.0,5924200
2025-03-19,701.264404296875,770.0,770.0,750.0,760.0,4569400
2025-03-20,696.7107543945312,765.0,775.0,765.0,770.0,1628400
2025-03-21,701.264404296875,770.0,775.0,755.0,770.0,3162000
2025-03-24,705.8180541992188,775.0,785.0,760.0,770.0,4766700
2025-03-25,710.3717041015625,780.0,780.0,765.0,775.0,3442700
2025-03-26,737.6937255859375,810.0,820.0,785.0,785.0,6242100
2025-03-27,755.9083862304688,830.0,830.0,805.0,810.0,3567200
2025-04-08,705.8180541992188,775.0,790.0,745.0,770.0,9811300
2025-04-09,710.3717041015625,780.0,800.0,775.0,775.0,5623200
2025-04-10,742.2473754882812,815.0,830.0,805.0,815.0,3741100
2025-04-11,760.4620361328125,835.0,840.0,810.0,815.0,4303500
2025-04-14,810.5523681640625,890.0,890.0,845.0,845.0,8885000
2025-04-15,805.9987182617188,885.0,905.0,875.0,900.0,12975700
2025-04-16,796.891357421875,875.0,900.0,870.0,895.0,14081100
2025-04-17,801.4450073242188,880.0,900.0,880.0,895.0,18224800
2025-04-21,815.1060180664062,895.0,910.0,885.0,885.0,14366800
2025-04-22,824.21337890625,905.0,910.0,895.0,905.0,13420400
2025-04-23,846.981689453125,930.0,930.0,905.0,910.0,21376200
2025-04-24,874.3036499023438,960.0,960.0,930.0,935.0,32977100
2025-04-25,869.75,955.0,965.0,945.0,960.0,45372700
2025-04-28,870.0,870.0,880.0,865.0,880.0,25600500
2025-04-29,860.0,860.0,875.0,860.0,875.0,8053000
2025-04-30,865.0,865.0,865.0,850.0,865.0,8291900
2025-05-02,845.0,845.0,870.0,845.0,865.0,11153400
2025-05-05,850.0,850.0,855.0,845.0,845.0,6204900
2025-05-06,855.0,855.0,855.0,845.0,850.0,4775800
2025-05-07,855.0,855.0,860.0,855.0,855.0,4496900
2025-05-08,845.0,845.0,860.0,840.0,855.0,9085400
2025-05-09,835.0,835.0,850.0,835.0,850.0,5452800
2025-05-14,860.0,860.0,860.0,840.0,840.0,10535700
2025-05-15,875.0,875.0,875.0,860.0,860.0,12442300
2025-05-16,870.0,870.0,880.0,865.0,875.0,6569300
2025-05-19,875.0,875.0,880.0,865.0,875.0,5771600
2025-05-20,875.0,875.0,880.0,870.0,875.0,9571300
2025-05-21,875.0,875.0,880.0,865.0,875.0,6394800
2025-05-22,875.0,875.0,880.0,865.0,875.0,5548700
2025-05-23,875.0,875.0,880.0,870.0,870.0,2329400
2025-05-26,860.0,860.0,875.0,860.0,875.0,5386800
2025-05-27,855.0,855.0,865.0,855.0,860.0,3608300
2025-05-28,850.0,850.0,860.0,850.0,860.0,3995800
2025-06-02,845.0,845.0,855.0,840.0,855.0,5073700
2025-06-03,840.0,840.0,845.0,835.0,845.0,3811300
2025-06-04,845.0,845.0,855.0,835.0,840.0,6509400
2025-06-05,835.0,835.0,850.0,835.0,845.0,3059400
2025-06-10,845.0,845.0,850.0,835.0,835.0,3644300
2025-06-11,845.0,845.0,850.0,835.0,845.0,2608400
2025-06-12,845.0,845.0,845.0,835.0,845.0,3374500
2025-06-13,835.0,835.0,845.0,835.0,845.0,2183700
2025-06-16,835.0,835.0,840.0,830.0,835.0,3577400
2025-06-17,835.0,835.0,840.0,830.0,835.0,1983000
2025-06-18,835.0,835.0,840.0,830.0,840.0,1600300
2025-06-19,820.0,820.0,835.0,815.0,835.0,7617700
2025-06-20,805.0,805.0,820.0,805.0,820.0,19815600
2025-06-23,800.0,800.0,805.0,790.0,805.0,6045100
2025-06-24,805.0,805.0,815.0,800.0,805.0,2991600
2025-06-25,800.0,800.0,810.0,800.0,810.0,1695200
2025-06-26,805.0,805.0,815.0,795.0,805.0,4701900
2025-06-30,810.0,810.0,815.0,800.0,805.0,3151600
2025-07-01,805.0,805.0,815.0,805.0,810.0,2490300
2025-07-02,805.0,805.0,810.0,800.0,805.0,1614000
2025-07-03,805.0,805.0,805.0,800.0,805.0,1596000
2025-07-04,800.0,800.0,810.0,800.0,805.0,3118100
2025-07-07,800.0,800.0,805.0,800.0,800.0,992400
2025-07-08,800.0,800.0,805.0,800.0,800.0,2061300
2025-07-09,805.0,805.0,810.0,800.0,805.0,1456900
2025-07-10,810.0,810.0,815.0,805.0,810.0,1691800
2025-07-11,815.0,815.0,825.0,810.0,815.0,2128000
2025-07-14,810.0,810.0,820.0,805.0,815.0,3252800
2025-07-15,810.0,810.0,810.0,805.0,810.0,1556900
2025-07-16,805.0,805.0,810.0,805.0,810.0,3456800
2025-07-17,810.0,810.0,815.0,805.0,810.0,3151800
2025-07-18,820.0,820.0,825.0,810.0,815.0,3176900
2025-07-21,810.0,810.0,825.0,810.0,820.0,1471300
2025-07-22,815.0,815.0,820.0,810.0,815.0,2066300
2025-07-23,815.0,815.0,815.0,810.0,815.0,2793400
2025-07-24,820.0,820.0,830.0,810.0,815.0,6009500
2025-07-25,815.0,815.0,820.0,810.0,820.0,3513200
2025-07-28,820.0,820.0,820.0,810.0,815.0,2911300
2025-07-29,815.0,815.0,820.0,810.0,820.0,5546000
2025-07-30,800.0,800.0,810.0,800.0,805.0,9696600
2025-07-31,785.0,785.0,805.0,780.0,800.0,11348200
2025-08-01,785.0,785.0,790.0,780.0,785.0,4423900
2025-08-04,775.0,775.0,785.0,770.0,785.0,5122500
2025-08-05,775.0,775.0,785.0,775.0,775.0,4046700
2025-08-06,780.0,780.0,785.0,775.0,780.0,2115200
2025-08-07,775.0,775.0,785.0,775.0,780.0,1813200
2025-08-08,775.0,775.0,780.0,770.0,775.0,3568700
2025-08-11,780.0,780.0,780.0,770.0,775.0,3170800
2025-08-12,790.0,790.0,795.0,775.0,780.0,5711200
2025-08-13,790.0,790.0,800.0,790.0,790.0,4015900
2025-08-14,790.0,790.0,800.0,790.0,790.0,2198600
2025-08-15,795.0,795.0,800.0,785.0,790.0,3015600
2025-08-19,790.0,790.0,800.0,790.0,795.0,3461000
2025-08-20,800.0,800.0,800.0,790.0,790.0,2977500
2025-08-21,800.0,800.0,810.0,795.0,800.0,2632600
2025-08-22,800.0,800.0,805.0,795.0,800.0,1494700
2025-08-25,800.0,800.0,805.0,795.0,805.0,3997400
2025-08-26,800.0,800.0,805.0,795.0,805.0,2713600
2025-08-27,795.0,795.0,800.0,790.0,800.0,3212800
2025-08-28,795.0,795.0,800.0,795.0,795.0,2712500
2025-08-29,790.0,790.0,800.0,785.0,795.0,3974300
2025-09-01,780.0,780.0,785.0,750.0,780.0,5498800
2025-09-02,780.0,780.0,790.0,775.0,785.0,5751200
2025-09-03,775.0,775.0,785.0,775.0,780.0,5370400
2025-09-04,775.0,775.0,785.0,770.0,775.0,7256900
2025-09-08,765.0,765.0,780.0,765.0,775.0,13824400
2025-09-09,765.0,765.0,765.0,750.0,765.0,5548600
2025-09-10,765.0,765.0,770.0,760.0,765.0,3562300
2025-09-11,770.0,770.0,775.0,765.0,770.0,4895600
2025-09-12,770.0,770.0,775.0,765.0,770.0,7641800
2025-09-15,770.0,770.0,775.0,765.0,770.0,4780800
2025-09-16,770.0,770.0,770.0,765.0,770.0,2557500
2025-09-17,765.0,765.0,770.0,760.0,770.0,4102400
2025-09-18,765.0,765.0,770.0,765.0,770.0,2435200
2025-09-19,760.0,760.0,770.0,760.0,765.0,2876900
2025-09-22,765.0,765.0,765.0,760.0,760.0,2453500
2025-09-23,770.0,770.0,770.0,765.0,765.0,2560000
2025-09-24,770.0,770.0,775.0,765.0,770.0,3739100
2025-09-25,770.0,770.0,770.0,765.0,770.0,1873900
2025-09-26,770.0,770.0,770.0,765.0,770.0,3644200
2025-09-29,770.0,770.0,770.0,760.0,770.0,2581700
2025-09-30,765.0,765.0,770.0,765.0,770.0,1495500
2025-10-01,765.0,765.0,770.0,755.0,770.0,3743700
2025-10-02,765.0,765.0,770.0,760.0,765.0,2714700
2025-10-03,765.0,765.0,770.0,765.0,770.0,1314600
2025-10-06,765.0,765.0,770.0,760.0,765.0,5107100
2025-10-07,760.0,760.0,770.0,760.0,765.0,1877400
2025-10-08,755.0,755.0,765.0,755.0,760.0,2548900
2025-10-09,770.0,770.0,770.0,755.0,755.0,2184600
2025-10-10,770.0,770.0,770.0,760.0,770.0,2976100
2025-10-13,750.0,750.0,765.0,745.0,765.0,7864900
2025-10-14,750.0,750.0,760.0,750.0,750.0,2718800
2025-10-15,755.0,755.0,755.0,745.0,750.0,2466800
2025-10-16,755.0,755.0,755.0,745.0,750.0,4256000
2025-10-17,755.0,755.0,755.0,745.0,755.0,7098100
2025-10-20,770.0,770.0,775.0,750.0,755.0,4018200
2025-10-21,765.0,765.0,775.0,760.0,770.0,1961100
2025-10-22,770.0,770.0,775.0,765.0,770.0,2298000
2025-10-23,780.0,780.0,780.0,765.0,765.0,2322400
2025-10-24,790.0,790.0,790.0,775.0,780.0,6092300
2025-10-27,790.0,790.0,795.0,775.0,790.0,5630200
2025-10-28,785.0,785.0,795.0,780.0,790.0,3178400
2025-10-29,800.0,800.0,800.0,785.0,790.0,4161400
2025-10-30,805.0,805.0,810.0,800.0,800.0,5148000
2025-10-31,805.0,805.0,810.0,800.0,805.0,3749800
2025-11-03,810.0,810.0,810.0,800.0,805.0,2552000
2025-11-04,810.0,810.0,815.0,800.0,810.0,3390100
2025-11-05,805.0,805.0,810.0,800.0,810.0,3094800
2025-11-06,810.0,810.0,810.0,805.0,810.0,1675800
2025-11-07,815.0,815.0,815.0,810.0,810.0,1380100
2025-11-10,810.0,810.0,815.0,810.0,815.0,1337800
2025-11-11,810.0,810.0,815.0,800.0,810.0,2033500
2025-11-12,805.0,805.0,810.0,805.0,810.0,1101500
2025-11-13,805.0,805.0,810.0,805.0,810.0,581900
2025-11-14,800.0,800.0,805.0,800.0,805.0,1333500
2025-11-17,800.0,800.0,805.0,795.0,800.0,2354100
2025-11-18,800.0,800.0,805.0,795.0,805.0,2108300
2025-11-19,805.0,805.0,805.0,800.0,800.0,671200
2025-11-20,805.0,805.0,805.0,800.0,805.0,1040500
2025-11-21,800.0,800.0,805.0,795.0,805.0,2394400
2025-11-24,795.0,795.0,805.0,795.0,800.0,2340100
2025-11-25,795.0,795.0,800.0,790.0,795.0,2685100
2025-11-26,800.0,800.0,805.0,790.0,790.0,2130700
2025-11-27,795.0,795.0,805.0,795.0,800.0,2575200
2025-11-28,800.0,800.0,800.0,795.0,795.0,2003900
2025-12-01,795.0,795.0,805.0,795.0,800.0,1578500
2025-12-02,800.0,800.0,800.0,795.0,800.0,1940400
2025-12-03,795.0,795.0,800.0,795.0,800.0,1550500
2025-12-04,795.0,795.0,800.0,795.0,795.0,3263600
2025-12-05,795.0,795.0,800.0,795.0,795.0,1891200
2025-12-08,820.0,820.0,825.0,790.0,795.0,11336600
2025-12-09,800.0,800.0,820.0,800.0,820.0,3413600
2025-12-10,805.0,805.0,805.0,795.0,800.0,1110600
2025-12-11,795.0,795.0,805.0,790.0,805.0,5817600
2025-12-12,795.0,795.0,805.0,785.0,795.0,3492500
2025-12-15,805.0,805.0,805.0,790.0,800.0,6467800
2025-12-16,800.0,800.0,810.0,780.0,805.0,9515400
2025-12-17,795.0,795.0,800.0,790.0,800.0,1826800
2025-12-18,805.0,805.0,805.0,795.0,795.0,1838000
2025-12-19,820.0,820.0,820.0,795.0,805.0,4444000
2025-12-22,805.0,805.0,820.0,805.0,820.0,1832200
2025-12-23,805.0,805.0,810.0,800.0,805.0,1309100
2025-12-24,800.0,800.0,805.0,800.0,805.0,1342500
2025-12-29,800.0,800.0,815.0,800.0,800.0,3427300
2025-12-30,805.0,805.0,805.0,800.0,800.0,2740500
