Date,Adj Close,Close,High,Low,Open,Volume
2020-01-02,133.2213897705078,133.9493865966797,137.0286865234375,133.9493865966797,137.0286865234375,519
2020-01-03,128.6275634765625,129.3304443359375,130.87008666992188,118.55290222167969,118.55290222167969,13249
2020-01-06,139.3465118408203,140.10797119140625,140.10797119140625,128.5606231689453,128.5606231689453,50401
2020-01-07,137.0496063232422,137.7985076904297,137.7985076904297,134.71920776367188,134.71920776367188,8833
2020-01-08,137.0496063232422,137.7985076904297,137.7985076904297,137.7985076904297,137.7985076904297,0
2020-01-09,137.0496063232422,137.7985076904297,137.7985076904297,130.87008666992188,130.87008666992188,19484
2020-01-10,137.0496063232422,137.7985076904297,137.7985076904297,137.7985076904297,137.7985076904297,0
2020-01-13,137.0496063232422,137.7985076904297,137.7985076904297,137.7985076904297,137.7985076904297,0
2020-01-14,141.6434326171875,142.41744995117188,142.41744995117188,134.71920776367188,134.71920776367188,17926
2020-01-15,141.6434326171875,142.41744995117188,142.41744995117188,142.41744995117188,142.41744995117188,0
2020-01-16,138.58087158203125,139.33815002441406,139.33815002441406,135.48902893066406,135.48902893066406,26239
2020-01-17,130.15882873535156,130.87008666992188,130.87008666992188,130.87008666992188,130.87008666992188,2597
2020-01-20,136.28396606445312,137.0286865234375,137.7985076904297,130.87008666992188,130.87008666992188,23381
2020-01-21,132.4557647705078,133.1795654296875,133.9493865966797,121.6322021484375,121.6322021484375,9872
2020-01-22,132.4557647705078,133.1795654296875,133.1795654296875,133.1795654296875,133.1795654296875,0
2020-01-23,130.15882873535156,130.87008666992188,133.1795654296875,120.86237335205078,133.1795654296875,12730
2020-01-24,124.79935455322266,125.4813232421875,130.87008666992188,115.4736099243164,120.86237335205078,41308
2020-01-27,122.50243377685547,123.1718521118164,125.4813232421875,115.4736099243164,125.4813232421875,45205
2020-01-28,127.86192321777344,128.5606231689453,130.87008666992188,115.4736099243164,123.1718521118164,25460
2020-01-29,124.0337142944336,124.71149444580078,128.5606231689453,107.7753677368164,117.01325988769531,44165
2020-01-30,109.4865493774414,110.0848388671875,127.7907943725586,100.0771255493164,124.71149444580078,1079207
2020-01-31,112.54911041259766,113.16413879394531,117.7830810546875,109.31501770019531,117.7830810546875,31175
2020-02-03,111.01782989501953,111.6244888305664,111.6244888305664,110.0848388671875,110.0848388671875,11690
2020-02-04,86.51734161376953,86.99011993408203,110.85466766357422,86.99011993408203,102.3865966796875,881240
2020-02-05,84.22042846679688,84.68064880371094,87.75994110107422,84.68064880371094,86.99011993408203,35592
2020-02-06,86.51734161376953,86.99011993408203,87.75994110107422,84.68064880371094,84.68064880371094,109115
2020-02-07,84.22042846679688,84.68064880371094,107.00554656982422,84.68064880371094,91.60906219482422,27538
2020-02-10,81.92350769042969,82.37117767333984,84.68064880371094,80.83152770996094,84.68064880371094,4936
2020-02-11,82.68914031982422,83.14099884033203,83.14099884033203,83.14099884033203,83.14099884033203,519
2020-02-12,83.45478057861328,83.91082000732422,83.91082000732422,83.14099884033203,83.91082000732422,35852
2020-02-13,84.9860610961914,85.45046997070312,85.45046997070312,84.68064880371094,84.68064880371094,3637
2020-02-14,84.22042846679688,84.68064880371094,84.68064880371094,84.68064880371094,84.68064880371094,519
2020-02-17,84.22042846679688,84.68064880371094,84.68064880371094,84.68064880371094,84.68064880371094,0
2020-02-18,84.9860610961914,85.45046997070312,85.45046997070312,85.45046997070312,85.45046997070312,779
2020-02-19,84.9860610961914,85.45046997070312,85.45046997070312,85.45046997070312,85.45046997070312,0
2020-02-20,84.9860610961914,85.45046997070312,85.45046997070312,85.45046997070312,85.45046997070312,0
2020-02-21,88.04862213134766,88.5297622680664,88.5297622680664,88.5297622680664,88.5297622680664,259
2020-02-24,88.04862213134766,88.5297622680664,88.5297622680664,88.5297622680664,88.5297622680664,0
2020-02-25,88.04862213134766,88.5297622680664,88.5297622680664,88.5297622680664,88.5297622680664,0
2020-02-26,88.04862213134766,88.5297622680664,88.5297622680664,88.5297622680664,88.5297622680664,779
2020-02-27,88.04862213134766,88.5297622680664,88.5297622680664,88.5297622680664,88.5297622680664,0
2020-02-28,88.04862213134766,88.5297622680664,88.5297622680664,88.5297622680664,88.5297622680664,20783
2020-03-02,88.04862213134766,88.5297622680664,88.5297622680664,88.5297622680664,88.5297622680664,12989
2020-03-03,88.04862213134766,88.5297622680664,88.5297622680664,88.5297622680664,88.5297622680664,0
2020-03-04,103.3614273071289,103.9262466430664,107.7753677368164,89.29959106445312,92.3788833618164,11431
2020-03-05,103.3614273071289,103.9262466430664,103.9262466430664,103.9262466430664,103.9262466430664,259
2020-03-06,106.42398834228516,107.00554656982422,107.00554656982422,107.00554656982422,107.00554656982422,259
2020-03-09,103.3614273071289,103.9262466430664,103.9262466430664,89.29959106445312,89.29959106445312,779
2020-03-10,108.72090911865234,109.31501770019531,111.6244888305664,94.68836212158203,102.3865966796875,24161
2020-03-11,99.5332260131836,100.0771255493164,117.01325988769531,100.0771255493164,117.01325988769531,16627
2020-03-12,91.87682342529297,92.3788833618164,92.3788833618164,92.3788833618164,92.3788833618164,259
2020-03-13,88.04862213134766,88.5297622680664,88.5297622680664,88.5297622680664,88.5297622680664,259
2020-03-16,88.04862213134766,88.5297622680664,88.5297622680664,88.5297622680664,88.5297622680664,0
2020-03-17,88.04862213134766,88.5297622680664,89.29959106445312,88.5297622680664,89.29959106445312,62351
2020-03-18,88.04862213134766,88.5297622680664,89.29959106445312,88.5297622680664,89.29959106445312,7274
2020-03-19,88.04862213134766,88.5297622680664,88.5297622680664,88.5297622680664,88.5297622680664,7793
2020-03-20,88.04862213134766,88.5297622680664,88.5297622680664,88.5297622680664,88.5297622680664,19484
2020-03-23,88.04862213134766,88.5297622680664,88.5297622680664,88.5297622680664,88.5297622680664,0
2020-03-24,88.04862213134766,88.5297622680664,88.5297622680664,88.5297622680664,88.5297622680664,0
2020-03-26,88.04862213134766,88.5297622680664,88.5297622680664,88.5297622680664,88.5297622680664,0
2020-03-27,82.68914031982422,83.14099884033203,88.5297622680664,83.14099884033203,88.5297622680664,4416
2020-03-30,78.09530639648438,78.52205657958984,78.52205657958984,78.52205657958984,78.52205657958984,259
2020-03-31,73.50145721435547,73.90310668945312,76.98240661621094,73.51819610595703,76.98240661621094,779
2020-04-01,69.67325592041016,70.05398559570312,70.05398559570312,70.05398559570312,70.05398559570312,1558
2020-04-02,69.67325592041016,70.05398559570312,70.05398559570312,70.05398559570312,70.05398559570312,0
2020-04-03,69.67325592041016,70.05398559570312,70.05398559570312,70.05398559570312,70.05398559570312,0
2020-04-06,76.56401824951172,76.98240661621094,76.98240661621094,76.98240661621094,76.98240661621094,259
2020-04-07,80.39222717285156,80.83152770996094,80.83152770996094,80.83152770996094,80.83152770996094,5455
2020-04-08,91.87682342529297,92.3788833618164,92.3788833618164,80.83152770996094,80.83152770996094,8313
2020-04-09,91.87682342529297,92.3788833618164,100.0771255493164,92.3788833618164,100.0771255493164,779
2020-04-13,95.70502471923828,96.2280044555664,100.0771255493164,92.3788833618164,100.0771255493164,4936
2020-04-14,103.3614273071289,103.9262466430664,103.9262466430664,103.9262466430664,103.9262466430664,259
2020-04-15,98.00194549560547,98.5374755859375,111.6244888305664,96.99783325195312,111.6244888305664,22082
2020-04-16,122.50243377685547,123.1718521118164,123.1718521118164,102.3865966796875,102.3865966796875,444517
2020-04-17,153.12803649902344,153.96481323242188,153.96481323242188,125.4813232421875,125.4813232421875,1064399
2020-04-20,142.40907287597656,143.18727111816406,157.0441131591797,143.18727111816406,153.96481323242188,445556
2020-04-21,132.4557647705078,133.1795654296875,133.1795654296875,133.1795654296875,133.1795654296875,106517
2020-04-22,123.26807403564453,123.9416732788086,123.9416732788086,123.9416732788086,123.9416732788086,519
2020-04-23,114.84603118896484,115.4736099243164,115.4736099243164,115.4736099243164,115.4736099243164,36371
2020-04-24,107.18962860107422,107.7753677368164,107.7753677368164,107.7753677368164,107.7753677368164,68846
2020-04-27,106.42398834228516,107.00554656982422,134.71920776367188,100.84695434570312,100.84695434570312,75082
2020-04-28,101.83014678955078,102.3865966796875,130.1002655029297,102.3865966796875,114.70378112792969,33773
2020-04-29,97.2363052368164,97.76765441894531,102.3865966796875,96.99783325195312,102.3865966796875,13509
2020-04-30,98.76758575439453,99.30730438232422,114.70378112792969,95.45818328857422,96.2280044555664,46763
2020-05-04,99.5332260131836,100.0771255493164,110.0848388671875,93.14871215820312,93.14871215820312,8053
2020-05-05,95.70502471923828,96.2280044555664,100.0771255493164,93.91853332519531,94.68836212158203,18185
2020-05-06,96.47066497802734,96.99783325195312,103.15642547607422,96.99783325195312,103.15642547607422,779
2020-05-08,95.70502471923828,96.2280044555664,96.99783325195312,96.2280044555664,96.2280044555664,15587
2020-05-11,96.47066497802734,96.99783325195312,99.30730438232422,96.99783325195312,99.30730438232422,3637
2020-05-12,97.2363052368164,97.76765441894531,97.76765441894531,97.76765441894531,97.76765441894531,53518
2020-05-13,94.17375183105469,94.68836212158203,96.2280044555664,92.3788833618164,92.3788833618164,55856
2020-05-14,95.70502471923828,96.2280044555664,96.2280044555664,92.3788833618164,94.68836212158203,7014
2020-05-15,92.64246368408203,93.14871215820312,94.68836212158203,92.3788833618164,93.91853332519531,21303
2020-05-18,89.57990264892578,90.06941223144531,96.2280044555664,88.5297622680664,93.14871215820312,32215
2020-05-19,111.01782989501953,111.6244888305664,112.3943099975586,90.83924102783203,91.60906219482422,836294
2020-05-20,114.84603118896484,115.4736099243164,118.55290222167969,111.6244888305664,111.6244888305664,5195
2020-05-26,114.84603118896484,115.4736099243164,117.01325988769531,107.7753677368164,117.01325988769531,6235
2020-05-27,112.54911041259766,113.16413879394531,113.9339599609375,107.7753677368164,107.7753677368164,11690
2020-05-28,109.4865493774414,110.0848388671875,115.4736099243164,105.46589660644531,113.16413879394531,56376
2020-05-29,109.4865493774414,110.0848388671875,115.4736099243164,102.3865966796875,102.3865966796875,75861
2020-06-02,102.59578704833984,103.15642547607422,111.6244888305664,103.15642547607422,110.0848388671875,84434
2020-06-03,107.95526885986328,108.5451889038086,118.55290222167969,101.61677551269531,102.3865966796875,79498
2020-06-04,108.72090911865234,109.31501770019531,111.6244888305664,104.69607543945312,104.69607543945312,47283
2020-06-05,111.01782989501953,111.6244888305664,123.1718521118164,106.2357177734375,109.31501770019531,75601
2020-06-08,107.95526885986328,108.5451889038086,119.3227310180664,108.5451889038086,111.6244888305664,220050
2020-06-09,107.18962860107422,107.7753677368164,112.3943099975586,101.61677551269531,112.3943099975586,396454
2020-06-10,100.29887390136719,100.84695434570312,107.7753677368164,100.84695434570312,107.7753677368164,144708
2020-06-11,95.70502471923828,96.2280044555664,108.5451889038086,96.2280044555664,103.15642547607422,10651
2020-06-12,96.47066497802734,96.99783325195312,103.15642547607422,96.2280044555664,96.2280044555664,2597
2020-06-15,96.47066497802734,96.99783325195312,111.6244888305664,96.99783325195312,96.99783325195312,58974
2020-06-16,98.00194549560547,98.5374755859375,100.0771255493164,96.2280044555664,100.0771255493164,17926
2020-06-17,95.70502471923828,96.2280044555664,105.46589660644531,96.2280044555664,105.46589660644531,15328
2020-06-18,95.70502471923828,96.2280044555664,103.15642547607422,96.2280044555664,103.15642547607422,40528
2020-06-19,96.47066497802734,96.99783325195312,96.99783325195312,96.99783325195312,96.99783325195312,779
2020-06-22,96.47066497802734,96.99783325195312,96.99783325195312,96.99783325195312,96.99783325195312,1298
2020-06-23,96.47066497802734,96.99783325195312,96.99783325195312,96.99783325195312,96.99783325195312,3377
2020-06-24,97.2363052368164,97.76765441894531,103.15642547607422,96.99783325195312,103.15642547607422,6235
2020-06-25,97.2363052368164,97.76765441894531,103.9262466430664,97.76765441894531,101.61677551269531,1298
2020-06-26,97.2363052368164,97.76765441894531,103.9262466430664,97.76765441894531,100.84695434570312,1039
2020-06-29,93.4081039428711,93.91853332519531,93.91853332519531,93.91853332519531,93.91853332519531,259
2020-06-30,93.4081039428711,93.91853332519531,93.91853332519531,93.91853332519531,93.91853332519531,1558
2020-07-01,93.4081039428711,93.91853332519531,93.91853332519531,93.91853332519531,93.91853332519531,0
2020-07-02,98.00194549560547,98.5374755859375,103.15642547607422,96.99783325195312,98.5374755859375,39489
2020-07-03,102.59578704833984,103.15642547607422,103.15642547607422,100.0771255493164,100.0771255493164,10911
2020-07-06,108.72090911865234,109.31501770019531,111.6244888305664,109.31501770019531,111.6244888305664,519
2020-07-07,107.18962860107422,107.7753677368164,113.9339599609375,107.00554656982422,113.9339599609375,14288
2020-07-08,101.83014678955078,102.3865966796875,113.16413879394531,100.84695434570312,113.16413879394531,5195
2020-07-09,117.14295196533203,117.7830810546875,118.55290222167969,97.76765441894531,110.0848388671875,497776
2020-07-10,122.50243377685547,123.1718521118164,142.41744995117188,117.7830810546875,119.3227310180664,566882
2020-07-13,115.6116714477539,116.2434310913086,129.3304443359375,115.4736099243164,117.01325988769531,202124
2020-07-14,116.37731170654297,117.01325988769531,122.40202331542969,115.4736099243164,117.01325988769531,131458
2020-07-15,111.7834701538086,112.3943099975586,123.1718521118164,110.0848388671875,110.0848388671875,23122
2020-07-16,110.252197265625,110.85466766357422,119.3227310180664,107.7753677368164,107.7753677368164,57415
2020-07-17,107.95526885986328,108.5451889038086,113.9339599609375,105.46589660644531,105.46589660644531,8573
2020-07-20,107.18962860107422,107.7753677368164,110.85466766357422,102.3865966796875,102.3865966796875,48322
2020-07-21,106.42398834228516,107.00554656982422,107.7753677368164,100.84695434570312,100.84695434570312,34813
2020-07-22,104.89270782470703,105.46589660644531,113.9339599609375,100.0771255493164,100.0771255493164,10391
2020-07-23,104.89270782470703,105.46589660644531,110.0848388671875,105.46589660644531,105.46589660644531,23901
2020-07-24,103.3614273071289,103.9262466430664,107.7753677368164,99.30730438232422,99.30730438232422,23381
2020-07-27,104.1270751953125,104.69607543945312,110.0848388671875,103.9262466430664,103.9262466430664,3896
2020-07-28,101.06450653076172,101.61677551269531,103.15642547607422,100.0771255493164,100.0771255493164,13509
2020-07-29,102.59578704833984,103.15642547607422,103.15642547607422,96.2280044555664,96.2280044555664,2078
2020-07-30,101.06450653076172,101.61677551269531,102.3865966796875,96.2280044555664,96.2280044555664,22082
2020-08-03,99.5332260131836,100.0771255493164,101.61677551269531,95.45818328857422,95.45818328857422,6494
2020-08-04,104.1270751953125,104.69607543945312,111.6244888305664,102.3865966796875,107.7753677368164,130939
2020-08-05,118.67423248291016,119.3227310180664,119.3227310180664,103.15642547607422,110.0848388671875,53258
2020-08-06,111.01782989501953,111.6244888305664,127.02096557617188,111.6244888305664,127.02096557617188,98723
2020-08-07,105.6583480834961,106.2357177734375,111.6244888305664,105.46589660644531,111.6244888305664,4936
2020-08-10,106.42398834228516,107.00554656982422,113.16413879394531,106.2357177734375,113.16413879394531,22082
2020-08-11,106.42398834228516,107.00554656982422,113.16413879394531,104.69607543945312,113.16413879394531,11431
2020-08-12,106.42398834228516,107.00554656982422,113.16413879394531,107.00554656982422,111.6244888305664,7274
2020-08-13,105.6583480834961,106.2357177734375,113.16413879394531,106.2357177734375,107.00554656982422,73003
2020-08-14,105.6583480834961,106.2357177734375,110.0848388671875,106.2357177734375,110.0848388671875,1039
2020-08-18,120.97115325927734,121.6322021484375,121.6322021484375,106.2357177734375,110.85466766357422,91969
2020-08-19,112.54911041259766,113.16413879394531,118.55290222167969,113.16413879394531,117.01325988769531,95606
2020-08-24,107.95526885986328,108.5451889038086,113.16413879394531,108.5451889038086,113.16413879394531,3896
2020-08-25,108.72090911865234,109.31501770019531,111.6244888305664,103.9262466430664,103.9262466430664,61312
2020-08-26,108.72090911865234,109.31501770019531,110.0848388671875,109.31501770019531,110.0848388671875,81057
2020-08-27,119.43987274169922,120.0925521850586,120.86237335205078,109.31501770019531,110.85466766357422,22082
2020-08-28,117.9085922241211,118.55290222167969,120.0925521850586,112.3943099975586,120.0925521850586,74822
2020-08-31,111.01782989501953,111.6244888305664,112.3943099975586,111.6244888305664,111.6244888305664,8833
2020-09-01,106.42398834228516,107.00554656982422,114.70378112792969,107.00554656982422,114.70378112792969,10651
2020-09-02,111.01782989501953,111.6244888305664,111.6244888305664,107.7753677368164,107.7753677368164,13769
2020-09-03,109.4865493774414,110.0848388671875,111.6244888305664,107.00554656982422,111.6244888305664,7274
2020-09-04,110.252197265625,110.85466766357422,110.85466766357422,106.2357177734375,106.2357177734375,10911
2020-09-07,105.6583480834961,106.2357177734375,110.85466766357422,106.2357177734375,110.85466766357422,779
2020-09-08,113.31475067138672,113.9339599609375,113.9339599609375,106.2357177734375,106.2357177734375,519
2020-09-09,105.6583480834961,106.2357177734375,113.16413879394531,106.2357177734375,113.16413879394531,9872
2020-09-10,100.29887390136719,100.84695434570312,101.61677551269531,100.84695434570312,100.84695434570312,145487
2020-09-11,117.9085922241211,118.55290222167969,118.55290222167969,96.99783325195312,96.99783325195312,3637
2020-09-14,110.252197265625,110.85466766357422,112.3943099975586,110.85466766357422,110.85466766357422,131198
2020-09-15,104.89270782470703,105.46589660644531,110.0848388671875,104.69607543945312,110.0848388671875,29097
2020-09-16,102.59578704833984,103.15642547607422,103.15642547607422,103.15642547607422,103.15642547607422,259
2020-09-17,100.29887390136719,100.84695434570312,100.84695434570312,100.84695434570312,100.84695434570312,259
2020-09-18,102.59578704833984,103.15642547607422,104.69607543945312,100.0771255493164,100.0771255493164,1298
2020-09-21,107.18962860107422,107.7753677368164,107.7753677368164,103.9262466430664,103.9262466430664,49361
2020-09-22,101.06450653076172,101.61677551269531,102.3865966796875,101.61677551269531,101.61677551269531,2857
2020-09-23,113.31475067138672,113.9339599609375,113.9339599609375,102.3865966796875,103.9262466430664,183158
2020-09-24,105.6583480834961,106.2357177734375,113.9339599609375,106.2357177734375,113.9339599609375,117949
2020-09-25,101.06450653076172,101.61677551269531,103.15642547607422,100.0771255493164,100.0771255493164,111973
2020-09-28,102.59578704833984,103.15642547607422,103.9262466430664,95.45818328857422,95.45818328857422,5975
2020-09-29,100.29887390136719,100.84695434570312,103.15642547607422,100.84695434570312,103.15642547607422,2857
2020-09-30,100.29887390136719,100.84695434570312,100.84695434570312,100.84695434570312,100.84695434570312,259
2020-10-01,106.42398834228516,107.00554656982422,107.00554656982422,102.3865966796875,102.3865966796875,9092
2020-10-02,106.42398834228516,107.00554656982422,107.7753677368164,107.00554656982422,107.00554656982422,2338
2020-10-05,106.42398834228516,107.00554656982422,107.00554656982422,107.00554656982422,107.00554656982422,0
2020-10-06,106.42398834228516,107.00554656982422,107.00554656982422,107.00554656982422,107.00554656982422,0
2020-10-07,106.42398834228516,107.00554656982422,107.00554656982422,107.00554656982422,107.00554656982422,0
2020-10-08,114.08039093017578,114.70378112792969,114.70378112792969,106.2357177734375,106.2357177734375,4416
2020-10-09,112.54911041259766,113.16413879394531,118.55290222167969,107.7753677368164,118.55290222167969,15068
2020-10-12,106.42398834228516,107.00554656982422,112.3943099975586,105.46589660644531,112.3943099975586,106517
2020-10-13,107.18962860107422,107.7753677368164,113.9339599609375,107.00554656982422,110.0848388671875,108856
2020-10-14,114.08039093017578,114.70378112792969,114.70378112792969,104.69607543945312,107.7753677368164,149124
2020-10-15,107.18962860107422,107.7753677368164,114.70378112792969,107.7753677368164,114.70378112792969,189913
2020-10-16,107.18962860107422,107.7753677368164,107.7753677368164,106.2357177734375,107.7753677368164,55597
2020-10-19,104.89270782470703,105.46589660644531,107.7753677368164,105.46589660644531,107.7753677368164,27538
2020-10-20,104.89270782470703,105.46589660644531,105.46589660644531,105.46589660644531,105.46589660644531,1298
2020-10-21,109.4865493774414,110.0848388671875,111.6244888305664,105.46589660644531,105.46589660644531,12210
2020-10-22,105.6583480834961,106.2357177734375,106.2357177734375,105.46589660644531,106.2357177734375,7014
2020-10-23,105.6583480834961,106.2357177734375,106.2357177734375,106.2357177734375,106.2357177734375,14029
2020-10-26,105.6583480834961,106.2357177734375,111.6244888305664,106.2357177734375,108.5451889038086,53258
2020-10-27,105.6583480834961,106.2357177734375,106.2357177734375,106.2357177734375,106.2357177734375,0
2020-11-02,103.3614273071289,103.9262466430664,110.0848388671875,103.9262466430664,110.0848388671875,4156
2020-11-03,103.3614273071289,103.9262466430664,110.0848388671875,103.9262466430664,110.0848388671875,779
2020-11-04,104.1270751953125,104.69607543945312,104.69607543945312,104.69607543945312,104.69607543945312,259
2020-11-05,105.6583480834961,106.2357177734375,110.85466766357422,105.46589660644531,110.85466766357422,27019
2020-11-06,110.252197265625,110.85466766357422,110.85466766357422,110.85466766357422,110.85466766357422,259
2020-11-09,110.252197265625,110.85466766357422,110.85466766357422,106.2357177734375,107.00554656982422,8053
2020-11-10,107.95526885986328,108.5451889038086,110.85466766357422,108.5451889038086,110.85466766357422,3637
2020-11-11,107.95526885986328,108.5451889038086,109.31501770019531,108.5451889038086,108.5451889038086,11690
2020-11-12,107.95526885986328,108.5451889038086,115.4736099243164,108.5451889038086,108.5451889038086,66508
2020-11-13,111.7834701538086,112.3943099975586,113.9339599609375,111.6244888305664,111.6244888305664,41308
2020-11-16,111.01782989501953,111.6244888305664,113.9339599609375,107.7753677368164,107.7753677368164,94567
2020-11-17,114.08039093017578,114.70378112792969,115.4736099243164,107.7753677368164,113.9339599609375,136654
2020-11-18,118.67423248291016,119.3227310180664,119.3227310180664,114.70378112792969,114.70378112792969,119767
2020-11-19,118.67423248291016,119.3227310180664,127.02096557617188,115.4736099243164,127.02096557617188,205501
2020-11-20,114.84603118896484,115.4736099243164,119.3227310180664,115.4736099243164,119.3227310180664,50401
2020-11-23,114.08039093017578,114.70378112792969,115.4736099243164,107.7753677368164,114.70378112792969,135095
2020-11-24,113.31475067138672,113.9339599609375,114.70378112792969,113.9339599609375,114.70378112792969,12210
2020-11-25,111.7834701538086,112.3943099975586,113.9339599609375,109.31501770019531,113.9339599609375,27538
2020-11-26,110.252197265625,110.85466766357422,115.4736099243164,109.31501770019531,112.3943099975586,209918
2020-11-27,111.7834701538086,112.3943099975586,112.3943099975586,109.31501770019531,109.31501770019531,4156
2020-11-30,111.7834701538086,112.3943099975586,112.3943099975586,112.3943099975586,112.3943099975586,519
2020-12-01,114.08039093017578,114.70378112792969,114.70378112792969,113.9339599609375,113.9339599609375,2338
2020-12-02,114.08039093017578,114.70378112792969,114.70378112792969,113.16413879394531,114.70378112792969,62351
2020-12-03,113.31475067138672,113.9339599609375,114.70378112792969,108.5451889038086,108.5451889038086,20783
2020-12-04,113.31475067138672,113.9339599609375,113.9339599609375,113.9339599609375,113.9339599609375,1039
2020-12-07,114.84603118896484,115.4736099243164,115.4736099243164,112.3943099975586,112.3943099975586,460105
2020-12-08,113.31475067138672,113.9339599609375,115.4736099243164,113.9339599609375,115.4736099243164,24940
2020-12-10,113.31475067138672,113.9339599609375,115.4736099243164,112.3943099975586,112.3943099975586,80278
2020-12-11,113.31475067138672,113.9339599609375,113.9339599609375,113.9339599609375,113.9339599609375,2078
2020-12-14,111.7834701538086,112.3943099975586,112.3943099975586,112.3943099975586,112.3943099975586,1039
2020-12-15,112.54911041259766,113.16413879394531,115.4736099243164,112.3943099975586,112.3943099975586,30916
2020-12-16,114.84603118896484,115.4736099243164,124.71149444580078,113.16413879394531,113.16413879394531,340337
2020-12-17,126.33062744140625,127.02096557617188,127.02096557617188,115.4736099243164,116.2434310913086,135095
2020-12-18,125.56499481201172,126.25114440917969,127.7907943725586,118.55290222167969,127.7907943725586,340077
2020-12-21,130.15882873535156,130.87008666992188,130.87008666992188,126.25114440917969,126.25114440917969,403468
2020-12-22,141.6434326171875,142.41744995117188,142.41744995117188,130.1002655029297,130.87008666992188,434904
2020-12-23,153.12803649902344,153.96481323242188,153.96481323242188,133.1795654296875,142.41744995117188,304225
2020-12-28,153.12803649902344,153.96481323242188,169.36129760742188,146.26657104492188,153.96481323242188,329945
2020-12-29,168.44085693359375,169.36129760742188,169.36129760742188,147.03639221191406,153.96481323242188,532589
2020-12-30,164.61265563964844,165.51217651367188,168.5914764404297,159.35357666015625,168.5914764404297,545059
2021-01-04,156.19061279296875,157.0441131591797,169.36129760742188,157.0441131591797,165.51217651367188,36112
2021-01-05,154.65931701660156,155.50445556640625,157.81393432617188,149.3458709716797,157.0441131591797,23901
2021-01-06,164.61265563964844,165.51217651367188,174.75006103515625,155.50445556640625,155.50445556640625,108336
2021-01-07,170.73776245117188,171.67076110839844,173.21041870117188,160.8932342529297,165.51217651367188,68587
2021-01-08,186.8162078857422,187.83706665039062,188.6068878173828,171.67076110839844,171.67076110839844,146786
2021-01-11,183.75364685058594,184.7577667236328,188.6068878173828,180.13882446289062,188.6068878173828,156399
2021-01-12,184.51930236816406,185.52760314941406,192.4560089111328,185.52760314941406,187.06724548339844,92748
2021-01-13,187.58184814453125,188.6068878173828,188.6068878173828,185.52760314941406,185.52760314941406,66768
2021-01-14,184.51930236816406,185.52760314941406,196.3051300048828,180.90866088867188,191.68618774414062,31695
2021-01-15,184.51930236816406,185.52760314941406,188.6068878173828,173.21041870117188,185.52760314941406,55856
2021-01-18,176.09725952148438,177.05953979492188,186.29742431640625,173.21041870117188,186.29742431640625,90929
2021-01-19,163.84701538085938,164.7423553466797,177.05953979492188,164.7423553466797,177.05953979492188,163673
2021-01-20,153.12803649902344,153.96481323242188,161.66305541992188,153.96481323242188,161.66305541992188,263177
2021-01-21,152.36241149902344,153.1949920654297,153.96481323242188,153.1949920654297,153.96481323242188,106777
2021-01-22,149.29983520507812,150.11569213867188,153.1949920654297,149.3458709716797,153.1949920654297,232001
2021-01-25,141.6434326171875,142.41744995117188,150.11569213867188,142.41744995117188,150.11569213867188,9092
2021-01-26,134.75267028808594,135.48902893066406,154.73463439941406,133.1795654296875,135.48902893066406,44425
2021-01-27,137.8152313232422,138.56832885742188,154.73463439941406,130.87008666992188,135.48902893066406,256162
2021-01-28,153.8936767578125,154.73463439941406,154.73463439941406,138.56832885742188,138.56832885742188,203942
2021-01-29,143.17471313476562,143.95709228515625,154.73463439941406,143.95709228515625,154.73463439941406,26759
2021-02-01,133.2213897705078,133.9493865966797,143.95709228515625,133.9493865966797,143.95709228515625,166271
2021-02-02,130.15882873535156,130.87008666992188,140.10797119140625,130.87008666992188,133.9493865966797,57415
2021-02-03,134.75267028808594,135.48902893066406,137.0286865234375,128.5606231689453,130.87008666992188,11171
2021-02-04,130.15882873535156,130.87008666992188,136.2588653564453,127.7907943725586,135.48902893066406,24680
2021-02-05,140.11216735839844,140.8778076171875,140.8778076171875,133.9493865966797,133.9493865966797,57675
2021-02-08,145.4716339111328,146.26657104492188,158.58375549316406,140.8778076171875,140.8778076171875,546878
2021-02-09,157.7218780517578,158.58375549316406,161.66305541992188,143.18727111816406,143.18727111816406,320852
2021-02-10,150.0654754638672,150.88551330566406,158.58375549316406,150.11569213867188,158.58375549316406,41048
2021-02-11,158.48751831054688,159.35357666015625,170.90093994140625,144.7269287109375,150.88551330566406,678077
2021-02-15,163.84701538085938,164.7423553466797,165.51217651367188,158.58375549316406,159.35357666015625,362160
2021-02-16,161.55007934570312,162.43287658691406,165.51217651367188,157.81393432617188,164.7423553466797,565583
2021-02-17,200.9805450439453,202.0788116455078,202.0788116455078,162.43287658691406,162.43287658691406,1926154
2021-02-18,197.15234375,198.2296905517578,252.1173858642578,188.6068878173828,207.8524932861328,5178066
2021-02-19,200.9805450439453,202.0788116455078,202.0788116455078,185.52760314941406,198.2296905517578,671322
2021-02-22,197.15234375,198.2296905517578,202.0788116455078,198.2296905517578,202.0788116455078,345013
2021-02-23,184.51930236816406,185.52760314941406,213.6261749267578,184.7577667236328,200.1542510986328,2970548
2021-02-24,190.6444091796875,191.68618774414062,192.4560089111328,184.7577667236328,185.52760314941406,419576
2021-02-25,204.80874633789062,205.9279327392578,229.0226593017578,192.4560089111328,192.4560089111328,3387007
2021-02-26,193.3241424560547,194.3805694580078,227.0980987548828,194.3805694580078,205.9279327392578,2953142
2021-03-01,241.17666625976562,242.4945831298828,242.4945831298828,211.7016143798828,211.7016143798828,4713284
2021-03-02,300.5137939453125,302.15594482421875,302.15594482421875,269.43841552734375,269.43841552734375,1811322
2021-03-03,375.1636962890625,377.2137756347656,377.2137756347656,354.11907958984375,354.11907958984375,4524930
2021-03-04,375.1636962890625,377.2137756347656,377.2137756347656,377.2137756347656,377.2137756347656,0
2021-03-05,468.9546203613281,471.5172424316406,471.5172424316406,415.7049865722656,415.7049865722656,4388015
2021-03-08,468.9546203613281,471.5172424316406,471.5172424316406,471.5172424316406,471.5172424316406,0
2021-03-09,468.9546203613281,471.5172424316406,471.5172424316406,471.5172424316406,471.5172424316406,0
2021-03-10,468.9546203613281,471.5172424316406,471.5172424316406,471.5172424316406,471.5172424316406,0
2021-03-12,468.9546203613281,471.5172424316406,471.5172424316406,471.5172424316406,471.5172424316406,0
2021-03-15,468.9546203613281,471.5172424316406,471.5172424316406,471.5172424316406,471.5172424316406,0
2021-03-16,468.9546203613281,471.5172424316406,471.5172424316406,471.5172424316406,471.5172424316406,0
2021-03-17,468.9546203613281,471.5172424316406,471.5172424316406,471.5172424316406,471.5172424316406,0
2021-03-18,468.9546203613281,471.5172424316406,471.5172424316406,471.5172424316406,471.5172424316406,0
2021-03-19,436.4149169921875,438.7997131347656,469.5926818847656,438.7997131347656,469.5926818847656,198227
2021-03-22,407.7033996582031,409.9313049316406,409.9313049316406,409.9313049316406,409.9313049316406,84954
2021-03-23,380.906005859375,382.9874572753906,382.9874572753906,382.9874572753906,382.9874572753906,11431
2021-03-24,356.022705078125,357.96820068359375,357.96820068359375,357.96820068359375,357.96820068359375,84175
2021-03-25,331.139404296875,332.94891357421875,332.94891357421875,332.94891357421875,332.94891357421875,54557
2021-03-26,308.1701965332031,309.85418701171875,309.85418701171875,309.85418701171875,309.85418701171875,126002
2021-03-29,287.1150817871094,288.68402099609375,288.68402099609375,288.68402099609375,288.68402099609375,85214
2021-03-30,267.97406005859375,269.43841552734375,269.43841552734375,269.43841552734375,269.43841552734375,293053
2021-03-31,250.74717712402344,252.1173858642578,252.1173858642578,252.1173858642578,252.1173858642578,294872
2021-04-01,233.520263671875,234.7963409423828,234.7963409423828,234.7963409423828,234.7963409423828,191991
2021-04-05,218.20745849609375,219.3998565673828,232.8717803955078,219.3998565673828,219.3998565673828,344754
2021-04-06,204.80874633789062,205.9279327392578,213.6261749267578,205.9279327392578,205.9279327392578,541942
2021-04-07,254.5753631591797,255.96649169921875,255.96649169921875,191.68618774414062,192.4560089111328,7746964
2021-04-08,317.7406921386719,319.47698974609375,319.47698974609375,273.28753662109375,279.06121826171875,8459335
2021-04-09,396.21881103515625,398.3839416503906,398.3839416503906,319.47698974609375,319.47698974609375,7558090
2021-04-12,493.83795166015625,496.5365295410156,496.5365295410156,408.0067443847656,408.0067443847656,3534054
2021-04-13,616.3403930664062,619.7083740234375,619.7083740234375,527.3294677734375,527.3294677734375,2493816
2021-04-14,769.4683837890625,773.6731567382812,773.6731567382812,681.2943115234375,688.9925537109375,1290164
2021-04-15,846.0324096679688,850.6555786132812,966.1292114257812,773.6731567382812,789.0696411132812,10061519
2021-04-16,830.7196044921875,835.2590942382812,962.2800903320312,819.8626098632812,866.0520629882812,4408799
2021-04-19,773.2965698242188,777.5222778320312,889.1467895507812,777.5222778320312,842.9573364257812,1456436
2021-04-20,719.7018432617188,723.6346435546875,764.0503540039062,723.6346435546875,723.6346435546875,1787161
2021-04-21,669.9351806640625,673.5960693359375,812.1643676757812,673.5960693359375,812.1643676757812,447115
2021-04-22,623.9967651367188,627.4066162109375,673.5960693359375,627.4066162109375,673.5960693359375,267593
2021-04-23,581.8865356445312,585.0662841796875,615.8592529296875,585.0662841796875,615.8592529296875,105738
2021-04-26,541.6904296875,544.6505126953125,544.6505126953125,544.6505126953125,544.6505126953125,182639
2021-04-27,505.3225402832031,508.0838928222656,544.6505126953125,508.0838928222656,544.6505126953125,152242
2021-04-28,470.8687438964844,473.4418029785156,508.0838928222656,473.4418029785156,508.0838928222656,278764
2021-04-29,438.3290100097656,440.7242736816406,461.8944396972656,440.7242736816406,461.8944396972656,332543
2021-04-30,547.4327392578125,550.4241943359375,550.4241943359375,409.9313049316406,409.9313049316406,4636384
2021-05-03,683.3339233398438,687.0679931640625,687.0679931640625,588.9154052734375,588.9154052734375,677037
2021-05-04,706.3031005859375,710.1627197265625,858.3538208007812,687.0679931640625,812.1643676757812,14797407
2021-05-05,658.4506225585938,662.0487060546875,714.0118408203125,662.0487060546875,706.3135986328125,701978
2021-05-06,612.5121459960938,615.8592529296875,615.8592529296875,615.8592529296875,615.8592529296875,295911
2021-05-07,689.0762329101562,692.8416748046875,762.1257934570312,573.5189208984375,573.5189208984375,6173358
2021-05-10,708.2172241210938,712.0872802734375,731.3328857421875,650.5013427734375,696.6907958984375,2454586
2021-05-11,769.4683837890625,773.6731567382812,785.2205200195312,712.0872802734375,714.0118408203125,6194402
2021-05-17,769.4683837890625,773.6731567382812,808.3152465820312,719.7855224609375,789.0696411132812,1806386
2021-05-18,731.1863403320312,735.1819458007812,777.5222778320312,733.2574462890625,773.6731567382812,523756
2021-05-19,689.0762329101562,692.8416748046875,735.1819458007812,687.0679931640625,735.1819458007812,252785
2021-05-20,713.9595336914062,717.8609619140625,746.7293090820312,677.4451904296875,696.6907958984375,248888
2021-05-21,721.6159057617188,725.5592041015625,769.8240356445312,688.9925537109375,717.8609619140625,761212
2021-05-24,689.0762329101562,692.8416748046875,748.6538696289062,692.8416748046875,729.4083251953125,561686
2021-05-25,731.1863403320312,735.1819458007812,739.0310668945312,677.4451904296875,692.8416748046875,1061801
2021-05-27,710.13134765625,714.0118408203125,735.1819458007812,692.8416748046875,735.1819458007812,252785
2021-05-28,662.27880859375,665.8978271484375,714.0118408203125,665.8978271484375,714.0118408203125,1306532
2021-05-31,616.3403930664062,619.7083740234375,712.0872802734375,619.7083740234375,665.8978271484375,1477740
2021-06-02,608.6839599609375,612.0101318359375,638.9539794921875,612.0101318359375,619.7083740234375,934759
2021-06-03,585.7147827148438,588.9154052734375,613.9346923828125,577.3680419921875,613.9346923828125,714708
2021-06-04,583.8006591796875,586.9908447265625,635.1048583984375,585.0662841796875,596.6136474609375,1794176
2021-06-07,579.9724731445312,583.1417236328125,610.0855712890625,581.2171630859375,586.9908447265625,681454
2021-06-08,562.7455444335938,565.8206787109375,585.0662841796875,563.8961181640625,583.1417236328125,670023
2021-06-09,564.65966796875,567.7452392578125,569.6697998046875,558.1224365234375,569.6697998046875,288637
2021-06-10,601.027587890625,604.3118896484375,606.2364501953125,567.7452392578125,567.7452392578125,1383432
2021-06-11,576.144287109375,579.2926025390625,606.2364501953125,565.8206787109375,606.2364501953125,692365
2021-06-14,566.57373046875,569.6697998046875,594.6890869140625,558.1224365234375,579.2926025390625,289156
2021-06-15,543.6045532226562,546.5750732421875,565.8206787109375,538.8768310546875,565.8206787109375,479330
2021-06-16,516.80712890625,519.6312255859375,558.1224365234375,517.7066650390625,548.4996337890625,681714
2021-06-17,516.80712890625,519.6312255859375,558.1224365234375,500.3856506347656,521.5557861328125,638847
2021-06-18,505.3225402832031,508.0838928222656,538.8768310546875,496.5365295410156,521.5557861328125,439840
2021-06-21,478.525146484375,481.1400451660156,508.0838928222656,477.2909240722656,504.2347717285156,280323
2021-06-22,490.0097351074219,492.6874084472656,500.3856506347656,475.3663635253906,481.1400451660156,253304
2021-06-23,468.9546203613281,471.5172424316406,492.6874084472656,469.5926818847656,492.6874084472656,248368
2021-06-24,493.83795166015625,496.5365295410156,496.5365295410156,461.8944396972656,469.5926818847656,431267
2021-06-25,482.35333251953125,484.9891662597656,513.8575439453125,483.0646057128906,498.4610900878906,127561
2021-06-28,467.04052734375,469.5926818847656,498.4610900878906,461.8944396972656,498.4610900878906,90670
2021-06-29,457.47003173828125,459.9698791503906,471.5172424316406,454.1961975097656,469.5926818847656,129380
2021-06-30,455.5559387207031,458.0453186035156,479.2154846191406,446.4979553222656,459.9698791503906,225506
2021-07-01,468.9546203613281,471.5172424316406,519.6312255859375,452.2716369628906,458.0453186035156,408924
2021-07-02,467.04052734375,469.5926818847656,477.2909240722656,452.2716369628906,461.8944396972656,252525
2021-07-05,453.6418151855469,456.1207580566406,477.2909240722656,454.1961975097656,469.5926818847656,327347
2021-07-06,468.9546203613281,471.5172424316406,471.5172424316406,456.1207580566406,456.1207580566406,295911
2021-07-07,501.4943542480469,504.2347717285156,588.9154052734375,471.5172424316406,471.5172424316406,4913590
2021-07-08,507.2366638183594,510.0084533691406,569.6697998046875,481.1400451660156,510.0084533691406,2760630
2021-07-09,532.1199340820312,535.0277099609375,623.5574951171875,496.5365295410156,510.0084533691406,6858450
2021-07-12,539.7763671875,542.7259521484375,588.9154052734375,538.8768310546875,538.8768310546875,1744294
2021-07-13,673.763427734375,677.4451904296875,677.4451904296875,544.6505126953125,550.4241943359375,12305668
2021-07-14,627.824951171875,631.2557373046875,808.3152465820312,631.2557373046875,731.3328857421875,4019619
2021-07-15,585.7147827148438,588.9154052734375,615.8592529296875,588.9154052734375,598.5382080078125,294093
2021-07-16,568.4878540039062,571.5943603515625,646.6522216796875,548.4996337890625,579.2926025390625,2719062
2021-07-19,555.0891723632812,558.1224365234375,575.4434814453125,546.5750732421875,573.5189208984375,396973
2021-07-21,555.0891723632812,558.1224365234375,567.7452392578125,550.4241943359375,552.3487548828125,408405
2021-07-22,597.1993408203125,600.4627685546875,625.4820556640625,554.2733154296875,558.1224365234375,1294581
2021-07-23,595.2852783203125,598.5382080078125,612.0101318359375,567.7452392578125,604.3118896484375,460884
2021-07-26,583.8006591796875,586.9908447265625,606.2364501953125,583.1417236328125,598.5382080078125,263436
2021-07-27,566.57373046875,569.6697998046875,583.1417236328125,567.7452392578125,583.1417236328125,253304
2021-07-28,558.9173583984375,561.9715576171875,592.7645263671875,560.0469970703125,561.9715576171875,181599
2021-07-29,570.4019775390625,573.5189208984375,600.4627685546875,560.0469970703125,560.0469970703125,477511
2021-07-30,579.9724731445312,583.1417236328125,592.7645263671875,575.4434814453125,586.9908447265625,277206
2021-08-02,562.7455444335938,565.8206787109375,600.4627685546875,565.8206787109375,585.0662841796875,105478
2021-08-03,587.6288452148438,590.8399658203125,600.4627685546875,571.5943603515625,573.5189208984375,364239
2021-08-04,622.0827026367188,625.4820556640625,642.8031005859375,594.6890869140625,598.5382080078125,1561135
2021-08-05,612.5121459960938,615.8592529296875,646.6522216796875,600.4627685546875,629.3311767578125,1294321
2021-08-06,610.5980834960938,613.9346923828125,633.1802978515625,604.3118896484375,615.8592529296875,223167
2021-08-09,587.6288452148438,590.8399658203125,631.2557373046875,590.8399658203125,615.8592529296875,506609
2021-08-10,547.4327392578125,550.4241943359375,590.8399658203125,550.4241943359375,590.8399658203125,544799
2021-08-12,512.9789428710938,515.7821044921875,550.4241943359375,511.9330139160156,550.4241943359375,798364
2021-08-13,499.58026123046875,502.3102111816406,533.1031494140625,481.1400451660156,515.7821044921875,453610
2021-08-16,495.7520446777344,498.4610900878906,508.0838928222656,486.9137268066406,502.3102111816406,246290
2021-08-18,495.7520446777344,498.4610900878906,510.0084533691406,469.5926818847656,498.4610900878906,341896
2021-08-19,501.4943542480469,504.2347717285156,508.0838928222656,490.7628479003906,508.0838928222656,313058
2021-08-20,503.408447265625,506.1593322753906,513.8575439453125,469.5926818847656,504.2347717285156,248628
2021-08-23,528.291748046875,531.1785888671875,546.5750732421875,506.1593322753906,511.9330139160156,410223
2021-08-24,516.80712890625,519.6312255859375,535.0277099609375,506.1593322753906,535.0277099609375,206540
2021-08-25,511.0648193359375,513.8575439453125,542.7259521484375,486.9137268066406,504.2347717285156,202383
2021-08-26,501.4943542480469,504.2347717285156,527.3294677734375,502.3102111816406,527.3294677734375,228104
2021-08-27,499.58026123046875,502.3102111816406,531.1785888671875,486.9137268066406,502.3102111816406,133017
2021-08-30,520.6353149414062,523.4803466796875,529.2540283203125,504.2347717285156,529.2540283203125,70405
2021-08-31,501.4943542480469,504.2347717285156,531.1785888671875,504.2347717285156,525.4049072265625,110155
2021-09-01,507.2366638183594,510.0084533691406,527.3294677734375,504.2347717285156,504.2347717285156,246809
2021-09-02,493.83795166015625,496.5365295410156,511.9330139160156,475.3663635253906,511.9330139160156,452051
2021-09-03,497.6661376953125,500.3856506347656,504.2347717285156,486.9137268066406,504.2347717285156,143149
2021-09-06,516.80712890625,519.6312255859375,538.8768310546875,508.0838928222656,508.0838928222656,532589
2021-09-07,524.4635620117188,527.3294677734375,527.3294677734375,521.5557861328125,523.4803466796875,178222
2021-09-08,528.291748046875,531.1785888671875,536.9522705078125,521.5557861328125,531.1785888671875,379567
2021-09-09,498.4610900878906,498.4610900878906,529.2540283203125,494.6119689941406,529.2540283203125,267853
2021-09-10,498.4610900878906,498.4610900878906,508.0838928222656,498.4610900878906,498.4610900878906,83915
2021-09-13,498.4610900878906,498.4610900878906,504.2347717285156,498.4610900878906,498.4610900878906,70405
2021-09-14,492.6874084472656,492.6874084472656,504.2347717285156,492.6874084472656,498.4610900878906,67807
2021-09-15,494.6119689941406,494.6119689941406,511.9330139160156,492.6874084472656,492.6874084472656,156659
2021-09-16,498.4610900878906,498.4610900878906,500.3856506347656,494.6119689941406,494.6119689941406,24680
2021-09-17,492.6874084472656,492.6874084472656,500.3856506347656,492.6874084472656,492.6874084472656,30916
2021-09-20,488.8382873535156,488.8382873535156,504.2347717285156,477.2909240722656,496.5365295410156,56376
2021-09-21,488.8382873535156,488.8382873535156,488.8382873535156,479.2154846191406,488.8382873535156,88072
2021-09-22,481.1400451660156,481.1400451660156,492.6874084472656,481.1400451660156,492.6874084472656,113012
2021-09-23,481.1400451660156,481.1400451660156,490.7628479003906,481.1400451660156,481.1400451660156,62351
2021-09-24,483.0646057128906,483.0646057128906,486.9137268066406,481.1400451660156,481.1400451660156,15328
2021-09-27,463.8190002441406,463.8190002441406,486.9137268066406,463.8190002441406,483.0646057128906,59753
2021-09-28,433.0260314941406,433.0260314941406,467.6681213378906,433.0260314941406,467.6681213378906,101062
2021-09-29,479.2154846191406,479.2154846191406,494.6119689941406,409.9313049316406,433.0260314941406,160815
2021-09-30,479.2154846191406,479.2154846191406,481.1400451660156,475.3663635253906,481.1400451660156,68587
2021-10-01,519.6312255859375,519.6312255859375,527.3294677734375,448.4225158691406,477.2909240722656,578833
2021-10-04,500.3856506347656,500.3856506347656,519.6312255859375,484.9891662597656,519.6312255859375,366577
2021-10-05,500.3856506347656,500.3856506347656,508.0838928222656,494.6119689941406,500.3856506347656,77939
2021-10-06,494.6119689941406,494.6119689941406,510.0084533691406,481.1400451660156,481.1400451660156,67547
2021-10-07,494.6119689941406,494.6119689941406,504.2347717285156,494.6119689941406,504.2347717285156,50920
2021-10-08,488.8382873535156,488.8382873535156,506.1593322753906,488.8382873535156,506.1593322753906,113012
2021-10-11,492.6874084472656,492.6874084472656,494.6119689941406,484.9891662597656,494.6119689941406,40788
2021-10-12,496.5365295410156,496.5365295410156,504.2347717285156,492.6874084472656,492.6874084472656,500374
2021-10-13,492.6874084472656,492.6874084472656,496.5365295410156,471.5172424316406,496.5365295410156,52999
2021-10-14,490.7628479003906,490.7628479003906,517.7066650390625,473.4418029785156,477.2909240722656,369954
2021-10-15,492.6874084472656,492.6874084472656,502.3102111816406,490.7628479003906,490.7628479003906,10651
2021-10-18,558.1224365234375,558.1224365234375,615.8592529296875,490.7628479003906,490.7628479003906,6539156
2021-10-19,615.8592529296875,615.8592529296875,615.8592529296875,538.8768310546875,563.8961181640625,1281331
2021-10-21,583.1417236328125,583.1417236328125,625.4820556640625,579.2926025390625,619.7083740234375,1324198
2021-10-22,592.7645263671875,592.7645263671875,612.0101318359375,577.3680419921875,596.6136474609375,1726888
2021-10-25,613.9346923828125,613.9346923828125,625.4820556640625,592.7645263671875,606.2364501953125,1078688
2021-10-26,594.6890869140625,594.6890869140625,631.2557373046875,583.1417236328125,625.4820556640625,927224
2021-10-27,577.3680419921875,577.3680419921875,613.9346923828125,569.6697998046875,613.9346923828125,938136
2021-10-28,550.4241943359375,550.4241943359375,594.6890869140625,538.8768310546875,577.3680419921875,1289645
2021-10-29,546.5750732421875,546.5750732421875,560.0469970703125,542.7259521484375,558.1224365234375,448154
2021-11-01,554.2733154296875,554.2733154296875,577.3680419921875,529.2540283203125,538.8768310546875,473874
2021-11-02,540.8013916015625,540.8013916015625,548.4996337890625,529.2540283203125,548.4996337890625,744585
2021-11-03,527.3294677734375,527.3294677734375,542.7259521484375,523.4803466796875,540.8013916015625,305264
2021-11-04,525.4049072265625,525.4049072265625,538.8768310546875,521.5557861328125,527.3294677734375,237976
2021-11-05,535.0277099609375,535.0277099609375,538.8768310546875,515.7821044921875,525.4049072265625,1160265
2021-11-08,536.9522705078125,536.9522705078125,592.7645263671875,521.5557861328125,535.0277099609375,5065053
2021-11-09,515.7821044921875,515.7821044921875,550.4241943359375,500.3856506347656,536.9522705078125,2525252
2021-11-10,527.3294677734375,527.3294677734375,535.0277099609375,515.7821044921875,515.7821044921875,1597767
2021-11-11,510.0084533691406,510.0084533691406,538.8768310546875,504.2347717285156,531.1785888671875,454909
2021-11-12,508.0838928222656,508.0838928222656,523.4803466796875,508.0838928222656,513.8575439453125,852662
2021-11-15,513.8575439453125,513.8575439453125,527.3294677734375,496.5365295410156,511.9330139160156,866691
2021-11-16,527.3294677734375,527.3294677734375,531.1785888671875,513.8575439453125,515.7821044921875,516741
2021-11-17,548.4996337890625,548.4996337890625,552.3487548828125,527.3294677734375,527.3294677734375,1085962
2021-11-18,561.9715576171875,561.9715576171875,577.3680419921875,548.4996337890625,548.4996337890625,2165949
2021-11-19,573.5189208984375,573.5189208984375,592.7645263671875,563.8961181640625,563.8961181640625,2194267
2021-11-22,563.8961181640625,563.8961181640625,577.3680419921875,563.8961181640625,577.3680419921875,848765
2021-11-23,550.4241943359375,550.4241943359375,558.1224365234375,544.6505126953125,558.1224365234375,268373
2021-11-24,556.1978759765625,556.1978759765625,558.1224365234375,538.8768310546875,550.4241943359375,233819
2021-11-25,548.4996337890625,548.4996337890625,558.1224365234375,548.4996337890625,556.1978759765625,251745
2021-11-26,542.7259521484375,542.7259521484375,558.1224365234375,536.9522705078125,544.6505126953125,178482
2021-11-29,546.5750732421875,546.5750732421875,548.4996337890625,525.4049072265625,535.0277099609375,144968
2021-11-30,536.9522705078125,536.9522705078125,565.8206787109375,536.9522705078125,536.9522705078125,324229
2021-12-01,542.7259521484375,542.7259521484375,552.3487548828125,536.9522705078125,536.9522705078125,157958
2021-12-02,538.8768310546875,538.8768310546875,542.7259521484375,529.2540283203125,542.7259521484375,308382
2021-12-03,546.5750732421875,546.5750732421875,550.4241943359375,542.7259521484375,542.7259521484375,452311
2021-12-06,544.6505126953125,544.6505126953125,556.1978759765625,542.7259521484375,542.7259521484375,159516
2021-12-07,556.1978759765625,556.1978759765625,575.4434814453125,544.6505126953125,544.6505126953125,883058
2021-12-08,556.1978759765625,556.1978759765625,560.0469970703125,542.7259521484375,560.0469970703125,1018414
2021-12-09,556.1978759765625,556.1978759765625,560.0469970703125,556.1978759765625,556.1978759765625,322930
2021-12-10,588.9154052734375,588.9154052734375,600.4627685546875,554.2733154296875,556.1978759765625,1336928
2021-12-13,735.1819458007812,735.1819458007812,735.1819458007812,588.9154052734375,592.7645263671875,5033357
2021-12-14,769.8240356445312,769.8240356445312,823.7117309570312,712.0872802734375,742.8801879882812,5218075
2021-12-15,885.2976684570312,885.2976684570312,943.0344848632812,773.6731567382812,773.6731567382812,5707278
2021-12-16,977.6765747070312,977.6765747070312,1058.508056640625,885.2976684570312,885.2976684570312,6914307
2021-12-17,1039.262451171875,1039.262451171875,1062.357177734375,977.6765747070312,989.2239379882812,3843475
2021-12-20,969.9783325195312,969.9783325195312,1050.809814453125,969.9783325195312,1039.262451171875,1122074
2021-12-21,904.5432739257812,904.5432739257812,962.2800903320312,904.5432739257812,962.2800903320312,232260
2021-12-22,842.9573364257812,842.9573364257812,842.9573364257812,842.9573364257812,842.9573364257812,511805
2021-12-23,916.0906372070312,916.0906372070312,966.1292114257812,789.0696411132812,842.9573364257812,4040663
2021-12-24,854.5046997070312,854.5046997070312,977.6765747070312,854.5046997070312,927.6380004882812,2036569
2021-12-27,796.7678833007812,796.7678833007812,866.0520629882812,796.7678833007812,850.6555786132812,3281009
2021-12-28,746.7293090820312,746.7293090820312,846.8064575195312,742.8801879882812,800.6170043945312,3210084
2021-12-29,712.0872802734375,712.0872802734375,800.6170043945312,700.5399169921875,746.7293090820312,1889522
2021-12-30,665.8978271484375,665.8978271484375,712.0872802734375,663.9732666015625,712.0872802734375,1176632
2022-01-03,681.2943115234375,681.2943115234375,700.5399169921875,662.0487060546875,667.8223876953125,642484
2022-01-04,669.7469482421875,669.7469482421875,685.1434326171875,667.8223876953125,685.1434326171875,236157
2022-01-05,627.4066162109375,627.4066162109375,669.7469482421875,623.5574951171875,669.7469482421875,898127
2022-01-06,764.0503540039062,764.0503540039062,769.8240356445312,629.3311767578125,629.3311767578125,3714615
2022-01-07,719.7855224609375,719.7855224609375,835.2590942382812,714.0118408203125,769.8240356445312,2256099
2022-01-10,679.3697509765625,679.3697509765625,742.8801879882812,675.5206298828125,721.7100830078125,524535
2022-01-11,685.1434326171875,685.1434326171875,727.4837646484375,681.2943115234375,681.2943115234375,237716
2022-01-12,683.2188720703125,683.2188720703125,692.8416748046875,675.5206298828125,692.8416748046875,130939
2022-01-13,665.8978271484375,665.8978271484375,727.4837646484375,654.3504638671875,675.5206298828125,375410
2022-01-14,679.3697509765625,679.3697509765625,704.3890380859375,673.5960693359375,677.4451904296875,161595
2022-01-17,669.7469482421875,669.7469482421875,685.1434326171875,663.9732666015625,685.1434326171875,138992
2022-01-18,692.8416748046875,692.8416748046875,692.8416748046875,654.3504638671875,677.4451904296875,287078
2022-01-19,673.5960693359375,673.5960693359375,692.8416748046875,673.5960693359375,692.8416748046875,170948
2022-01-20,640.8785400390625,640.8785400390625,663.9732666015625,631.2557373046875,654.3504638671875,198486
2022-01-21,631.2557373046875,631.2557373046875,650.5013427734375,631.2557373046875,642.8031005859375,325528
2022-01-24,615.8592529296875,615.8592529296875,648.5767822265625,615.8592529296875,633.1802978515625,201084
2022-01-25,577.3680419921875,577.3680419921875,615.8592529296875,573.5189208984375,615.8592529296875,391258
2022-01-26,594.6890869140625,594.6890869140625,604.3118896484375,577.3680419921875,585.0662841796875,228104
2022-01-27,586.9908447265625,586.9908447265625,596.6136474609375,577.3680419921875,594.6890869140625,167830
2022-01-28,579.2926025390625,579.2926025390625,586.9908447265625,569.6697998046875,577.3680419921875,81317
2022-01-31,573.5189208984375,573.5189208984375,581.2171630859375,561.9715576171875,581.2171630859375,171467
2022-02-02,577.3680419921875,577.3680419921875,585.0662841796875,558.1224365234375,573.5189208984375,1858346
2022-02-03,554.2733154296875,554.2733154296875,581.2171630859375,538.8768310546875,577.3680419921875,233819
2022-02-04,561.9715576171875,561.9715576171875,579.2926025390625,554.2733154296875,556.1978759765625,119507
2022-02-07,567.7452392578125,567.7452392578125,585.0662841796875,563.8961181640625,563.8961181640625,171727
2022-02-08,569.6697998046875,569.6697998046875,585.0662841796875,538.8768310546875,569.6697998046875,382684
2022-02-09,619.7083740234375,619.7083740234375,619.7083740234375,569.6697998046875,569.6697998046875,438801
2022-02-10,596.6136474609375,596.6136474609375,642.8031005859375,596.6136474609375,631.2557373046875,534927
2022-02-11,583.1417236328125,583.1417236328125,608.1610107421875,577.3680419921875,596.6136474609375,180041
2022-02-14,567.7452392578125,567.7452392578125,588.9154052734375,567.7452392578125,586.9908447265625,203163
2022-02-15,567.7452392578125,567.7452392578125,575.4434814453125,567.7452392578125,569.6697998046875,402429
2022-02-16,569.6697998046875,569.6697998046875,571.5943603515625,567.7452392578125,567.7452392578125,52739
2022-02-17,563.8961181640625,563.8961181640625,569.6697998046875,558.1224365234375,567.7452392578125,76900
2022-02-18,592.7645263671875,592.7645263671875,596.6136474609375,550.4241943359375,563.8961181640625,345273
2022-02-21,573.5189208984375,573.5189208984375,596.6136474609375,573.5189208984375,590.8399658203125,119507
2022-02-22,575.4434814453125,575.4434814453125,590.8399658203125,575.4434814453125,590.8399658203125,30396
2022-02-23,569.6697998046875,569.6697998046875,577.3680419921875,561.9715576171875,571.5943603515625,91969
2022-02-24,552.3487548828125,552.3487548828125,565.8206787109375,552.3487548828125,565.8206787109375,215893
2022-02-25,550.4241943359375,550.4241943359375,561.9715576171875,550.4241943359375,552.3487548828125,87292
2022-03-01,554.2733154296875,554.2733154296875,556.1978759765625,546.5750732421875,550.4241943359375,65729
2022-03-02,519.6312255859375,519.6312255859375,556.1978759765625,519.6312255859375,554.2733154296875,233819
2022-03-04,490.7628479003906,490.7628479003906,536.9522705078125,488.8382873535156,519.6312255859375,463222
2022-03-07,473.4418029785156,473.4418029785156,490.7628479003906,473.4418029785156,490.7628479003906,220829
2022-03-08,483.0646057128906,483.0646057128906,484.9891662597656,473.4418029785156,473.4418029785156,56896
2022-03-09,486.9137268066406,486.9137268066406,486.9137268066406,473.4418029785156,473.4418029785156,109115
2022-03-10,500.3856506347656,500.3856506347656,500.3856506347656,483.0646057128906,483.0646057128906,24421
2022-03-11,500.3856506347656,500.3856506347656,504.2347717285156,496.5365295410156,504.2347717285156,55597
2022-03-14,517.7066650390625,517.7066650390625,527.3294677734375,510.0084533691406,510.0084533691406,125223
2022-03-15,515.7821044921875,515.7821044921875,527.3294677734375,515.7821044921875,521.5557861328125,154840
2022-03-16,525.4049072265625,525.4049072265625,533.1031494140625,513.8575439453125,513.8575439453125,85733
2022-03-17,517.7066650390625,517.7066650390625,529.2540283203125,496.5365295410156,525.4049072265625,70665
2022-03-18,527.3294677734375,527.3294677734375,531.1785888671875,517.7066650390625,531.1785888671875,108596
2022-03-21,515.7821044921875,515.7821044921875,527.3294677734375,504.2347717285156,527.3294677734375,25720
2022-03-22,531.1785888671875,531.1785888671875,531.1785888671875,510.0084533691406,511.9330139160156,364498
2022-03-23,515.7821044921875,515.7821044921875,529.2540283203125,506.1593322753906,529.2540283203125,17666
2022-03-24,517.7066650390625,517.7066650390625,529.2540283203125,517.7066650390625,523.4803466796875,26239
2022-03-25,508.0838928222656,508.0838928222656,517.7066650390625,508.0838928222656,517.7066650390625,18705
2022-03-28,488.8382873535156,488.8382873535156,508.0838928222656,477.2909240722656,508.0838928222656,202383
2022-03-29,490.7628479003906,490.7628479003906,510.0084533691406,488.8382873535156,502.3102111816406,104179
2022-03-30,506.1593322753906,506.1593322753906,506.1593322753906,488.8382873535156,488.8382873535156,80278
2022-03-31,498.4610900878906,498.4610900878906,511.9330139160156,490.7628479003906,506.1593322753906,181340
2022-04-01,517.7066650390625,517.7066650390625,521.5557861328125,490.7628479003906,498.4610900878906,26499
2022-04-04,498.4610900878906,498.4610900878906,517.7066650390625,496.5365295410156,517.7066650390625,17926
2022-04-05,494.6119689941406,494.6119689941406,508.0838928222656,494.6119689941406,498.4610900878906,15847
2022-04-06,502.3102111816406,502.3102111816406,502.3102111816406,492.6874084472656,494.6119689941406,69886
2022-04-07,554.2733154296875,554.2733154296875,627.4066162109375,502.3102111816406,502.3102111816406,1520087
2022-04-08,533.1031494140625,533.1031494140625,554.2733154296875,519.6312255859375,554.2733154296875,164972
2022-04-11,523.4803466796875,523.4803466796875,548.4996337890625,523.4803466796875,533.1031494140625,152762
2022-04-12,511.9330139160156,511.9330139160156,527.3294677734375,511.9330139160156,523.4803466796875,42087
2022-04-13,502.3102111816406,502.3102111816406,536.9522705078125,494.6119689941406,511.9330139160156,38450
2022-04-14,510.0084533691406,510.0084533691406,527.3294677734375,502.3102111816406,502.3102111816406,38450
2022-04-18,510.0084533691406,510.0084533691406,510.0084533691406,504.2347717285156,510.0084533691406,28058
2022-04-19,536.9522705078125,536.9522705078125,565.8206787109375,492.6874084472656,492.6874084472656,76381
2022-04-20,542.7259521484375,542.7259521484375,544.6505126953125,525.4049072265625,538.8768310546875,339817
2022-04-21,519.6312255859375,519.6312255859375,550.4241943359375,519.6312255859375,542.7259521484375,112233
2022-04-22,519.6312255859375,519.6312255859375,521.5557861328125,510.0084533691406,519.6312255859375,46763
2022-04-25,517.7066650390625,517.7066650390625,519.6312255859375,511.9330139160156,519.6312255859375,32215
2022-04-26,502.3102111816406,502.3102111816406,517.7066650390625,502.3102111816406,517.7066650390625,180820
2022-04-27,500.3856506347656,500.3856506347656,502.3102111816406,492.6874084472656,502.3102111816406,49881
2022-04-28,496.5365295410156,496.5365295410156,500.3856506347656,496.5365295410156,500.3856506347656,178222
2022-05-09,492.6874084472656,492.6874084472656,500.3856506347656,492.6874084472656,500.3856506347656,101062
2022-05-10,494.6119689941406,494.6119689941406,498.4610900878906,471.5172424316406,492.6874084472656,73263
2022-05-11,486.9137268066406,486.9137268066406,494.6119689941406,484.9891662597656,494.6119689941406,128341
2022-05-12,481.1400451660156,481.1400451660156,486.9137268066406,473.4418029785156,486.9137268066406,67028
2022-05-13,498.4610900878906,498.4610900878906,498.4610900878906,481.1400451660156,481.1400451660156,66768
2022-05-17,523.4803466796875,523.4803466796875,523.4803466796875,500.3856506347656,500.3856506347656,150423
2022-05-18,523.4803466796875,523.4803466796875,523.4803466796875,511.9330139160156,519.6312255859375,170428
2022-05-19,540.8013916015625,540.8013916015625,542.7259521484375,519.6312255859375,523.4803466796875,230182
2022-05-20,523.4803466796875,523.4803466796875,540.8013916015625,523.4803466796875,540.8013916015625,28577
2022-05-23,523.4803466796875,523.4803466796875,527.3294677734375,521.5557861328125,527.3294677734375,22602
2022-05-24,525.4049072265625,525.4049072265625,525.4049072265625,523.4803466796875,523.4803466796875,17406
2022-05-25,531.1785888671875,531.1785888671875,538.8768310546875,525.4049072265625,527.3294677734375,105478
2022-05-27,558.1224365234375,558.1224365234375,619.7083740234375,531.1785888671875,531.1785888671875,755497
2022-05-30,635.1048583984375,635.1048583984375,669.7469482421875,577.3680419921875,577.3680419921875,3810221
2022-05-31,673.5960693359375,673.5960693359375,721.7100830078125,637.0294189453125,637.0294189453125,3924533
2022-06-02,631.2557373046875,631.2557373046875,679.3697509765625,627.4066162109375,673.5960693359375,986459
2022-06-03,590.8399658203125,590.8399658203125,627.4066162109375,588.9154052734375,627.4066162109375,1576464
2022-06-06,550.4241943359375,550.4241943359375,588.9154052734375,550.4241943359375,588.9154052734375,361381
2022-06-07,538.8768310546875,538.8768310546875,577.3680419921875,519.6312255859375,538.8768310546875,387621
2022-06-08,538.8768310546875,538.8768310546875,540.8013916015625,529.2540283203125,538.8768310546875,220569
2022-06-09,529.2540283203125,529.2540283203125,546.5750732421875,525.4049072265625,546.5750732421875,86253
2022-06-10,542.7259521484375,542.7259521484375,577.3680419921875,529.2540283203125,529.2540283203125,297210
2022-06-13,531.1785888671875,531.1785888671875,540.8013916015625,513.8575439453125,538.8768310546875,128860
2022-06-14,544.6505126953125,544.6505126953125,552.3487548828125,519.6312255859375,531.1785888671875,46504
2022-06-15,535.0277099609375,535.0277099609375,544.6505126953125,525.4049072265625,544.6505126953125,24161
2022-06-16,535.0277099609375,535.0277099609375,542.7259521484375,521.5557861328125,535.0277099609375,6494
2022-06-17,540.8013916015625,540.8013916015625,542.7259521484375,521.5557861328125,535.0277099609375,45464
2022-06-20,538.8768310546875,538.8768310546875,540.8013916015625,519.6312255859375,540.8013916015625,41567
2022-06-21,535.0277099609375,535.0277099609375,538.8768310546875,521.5557861328125,523.4803466796875,49102
2022-06-22,531.1785888671875,531.1785888671875,536.9522705078125,517.7066650390625,529.2540283203125,57675
2022-06-23,533.1031494140625,533.1031494140625,535.0277099609375,523.4803466796875,535.0277099609375,31175
2022-06-24,533.1031494140625,533.1031494140625,533.1031494140625,521.5557861328125,533.1031494140625,17146
2022-06-27,558.1224365234375,558.1224365234375,577.3680419921875,525.4049072265625,533.1031494140625,197707
2022-06-28,535.0277099609375,535.0277099609375,558.1224365234375,535.0277099609375,558.1224365234375,51700
2022-06-29,554.2733154296875,554.2733154296875,560.0469970703125,538.8768310546875,560.0469970703125,19225
2022-06-30,554.2733154296875,554.2733154296875,565.8206787109375,536.9522705078125,554.2733154296875,44165
2022-07-01,536.9522705078125,536.9522705078125,554.2733154296875,527.3294677734375,554.2733154296875,75601
2022-07-04,533.1031494140625,533.1031494140625,536.9522705078125,515.7821044921875,536.9522705078125,55597
2022-07-05,536.9522705078125,536.9522705078125,540.8013916015625,523.4803466796875,527.3294677734375,110414
2022-07-06,536.9522705078125,536.9522705078125,538.8768310546875,511.9330139160156,538.8768310546875,117949
2022-07-07,535.0277099609375,535.0277099609375,536.9522705078125,502.3102111816406,527.3294677734375,105478
2022-07-08,498.4610900878906,498.4610900878906,535.0277099609375,498.4610900878906,531.1785888671875,269412
2022-07-11,519.6312255859375,519.6312255859375,521.5557861328125,488.8382873535156,506.1593322753906,103400
2022-07-12,511.9330139160156,511.9330139160156,519.6312255859375,500.3856506347656,511.9330139160156,122105
2022-07-13,510.0084533691406,510.0084533691406,517.7066650390625,510.0084533691406,510.0084533691406,181599
2022-07-14,506.1593322753906,506.1593322753906,511.9330139160156,506.1593322753906,511.9330139160156,25200
2022-07-15,483.0646057128906,483.0646057128906,506.1593322753906,483.0646057128906,506.1593322753906,76121
2022-07-18,481.1400451660156,481.1400451660156,494.6119689941406,477.2909240722656,494.6119689941406,174585
2022-07-19,481.1400451660156,481.1400451660156,500.3856506347656,481.1400451660156,481.1400451660156,92228
2022-07-20,484.9891662597656,484.9891662597656,500.3856506347656,483.0646057128906,483.0646057128906,39489
2022-07-21,490.7628479003906,490.7628479003906,511.9330139160156,486.9137268066406,494.6119689941406,228104
2022-07-22,511.9330139160156,511.9330139160156,511.9330139160156,481.1400451660156,490.7628479003906,259280
2022-07-25,523.4803466796875,523.4803466796875,527.3294677734375,496.5365295410156,519.6312255859375,276686
2022-07-26,527.3294677734375,527.3294677734375,527.3294677734375,519.6312255859375,527.3294677734375,30916
2022-07-27,531.1785888671875,531.1785888671875,531.1785888671875,519.6312255859375,527.3294677734375,78459
2022-07-28,533.1031494140625,533.1031494140625,533.1031494140625,521.5557861328125,531.1785888671875,29876
2022-07-29,531.1785888671875,531.1785888671875,533.1031494140625,500.3856506347656,533.1031494140625,62351
2022-08-01,508.0838928222656,508.0838928222656,523.4803466796875,504.2347717285156,523.4803466796875,22342
2022-08-02,527.3294677734375,527.3294677734375,531.1785888671875,511.9330139160156,531.1785888671875,31435
2022-08-03,529.2540283203125,529.2540283203125,536.9522705078125,527.3294677734375,527.3294677734375,353847
2022-08-04,531.1785888671875,531.1785888671875,531.1785888671875,517.7066650390625,529.2540283203125,72484
2022-08-05,533.1031494140625,533.1031494140625,535.0277099609375,531.1785888671875,535.0277099609375,11431
2022-08-08,533.1031494140625,533.1031494140625,533.1031494140625,519.6312255859375,533.1031494140625,80537
2022-08-09,536.9522705078125,536.9522705078125,536.9522705078125,521.5557861328125,533.1031494140625,95346
2022-08-10,536.9522705078125,536.9522705078125,536.9522705078125,525.4049072265625,525.4049072265625,77680
2022-08-11,504.2347717285156,504.2347717285156,525.4049072265625,500.3856506347656,525.4049072265625,436463
2022-08-12,510.0084533691406,510.0084533691406,511.9330139160156,510.0084533691406,510.0084533691406,22082
2022-08-15,511.9330139160156,511.9330139160156,513.8575439453125,511.9330139160156,511.9330139160156,21563
2022-08-16,504.2347717285156,504.2347717285156,527.3294677734375,484.9891662597656,511.9330139160156,38710
2022-08-18,515.7821044921875,515.7821044921875,521.5557861328125,504.2347717285156,504.2347717285156,36371
2022-08-19,511.9330139160156,511.9330139160156,515.7821044921875,511.9330139160156,515.7821044921875,35852
2022-08-22,510.0084533691406,510.0084533691406,511.9330139160156,494.6119689941406,500.3856506347656,38969
2022-08-23,500.3856506347656,500.3856506347656,510.0084533691406,498.4610900878906,510.0084533691406,47803
2022-08-24,510.0084533691406,510.0084533691406,510.0084533691406,500.3856506347656,500.3856506347656,24161
2022-08-25,508.0838928222656,508.0838928222656,510.0084533691406,494.6119689941406,510.0084533691406,83395
2022-08-26,508.0838928222656,508.0838928222656,508.0838928222656,498.4610900878906,508.0838928222656,38969
2022-08-29,504.2347717285156,504.2347717285156,508.0838928222656,498.4610900878906,504.2347717285156,71964
2022-08-30,500.3856506347656,500.3856506347656,510.0084533691406,500.3856506347656,508.0838928222656,32734
2022-08-31,498.4610900878906,498.4610900878906,504.2347717285156,498.4610900878906,502.3102111816406,50660
2022-09-01,506.1593322753906,506.1593322753906,508.0838928222656,498.4610900878906,498.4610900878906,37670
2022-09-02,515.7821044921875,515.7821044921875,515.7821044921875,502.3102111816406,506.1593322753906,48062
2022-09-05,531.1785888671875,531.1785888671875,531.1785888671875,515.7821044921875,515.7821044921875,115610
2022-09-06,523.4803466796875,523.4803466796875,533.1031494140625,523.4803466796875,531.1785888671875,62092
2022-09-07,519.6312255859375,519.6312255859375,558.1224365234375,519.6312255859375,523.4803466796875,54038
2022-09-08,515.7821044921875,515.7821044921875,525.4049072265625,508.0838928222656,521.5557861328125,44945
2022-09-09,517.7066650390625,517.7066650390625,517.7066650390625,515.7821044921875,515.7821044921875,20264
2022-09-12,542.7259521484375,542.7259521484375,542.7259521484375,510.0084533691406,517.7066650390625,45205
2022-09-13,538.8768310546875,538.8768310546875,540.8013916015625,531.1785888671875,540.8013916015625,137693
2022-09-14,538.8768310546875,538.8768310546875,552.3487548828125,523.4803466796875,538.8768310546875,242652
2022-09-15,531.1785888671875,531.1785888671875,538.8768310546875,531.1785888671875,538.8768310546875,14288
2022-09-16,513.8575439453125,513.8575439453125,531.1785888671875,513.8575439453125,531.1785888671875,36631
2022-09-19,500.3856506347656,500.3856506347656,513.8575439453125,488.8382873535156,513.8575439453125,144448
2022-09-20,500.3856506347656,500.3856506347656,506.1593322753906,494.6119689941406,500.3856506347656,130159
2022-09-21,506.1593322753906,506.1593322753906,515.7821044921875,506.1593322753906,506.1593322753906,248368
2022-09-22,517.7066650390625,517.7066650390625,517.7066650390625,506.1593322753906,517.7066650390625,31175
2022-09-23,510.0084533691406,510.0084533691406,513.8575439453125,492.6874084472656,513.8575439453125,55337
2022-09-26,508.0838928222656,508.0838928222656,511.9330139160156,492.6874084472656,498.4610900878906,98983
2022-09-27,506.1593322753906,506.1593322753906,510.0084533691406,488.8382873535156,506.1593322753906,90410
2022-09-28,506.1593322753906,506.1593322753906,506.1593322753906,496.5365295410156,506.1593322753906,3377
2022-09-29,494.6119689941406,494.6119689941406,504.2347717285156,494.6119689941406,504.2347717285156,11431
2022-09-30,494.6119689941406,494.6119689941406,504.2347717285156,469.5926818847656,494.6119689941406,92748
2022-10-03,483.0646057128906,483.0646057128906,504.2347717285156,483.0646057128906,504.2347717285156,36112
2022-10-04,486.9137268066406,486.9137268066406,494.6119689941406,483.0646057128906,484.9891662597656,36891
2022-10-05,494.6119689941406,494.6119689941406,502.3102111816406,488.8382873535156,502.3102111816406,42866
2022-10-06,494.6119689941406,494.6119689941406,496.5365295410156,486.9137268066406,494.6119689941406,20524
2022-10-07,494.6119689941406,494.6119689941406,494.6119689941406,486.9137268066406,486.9137268066406,54038
2022-10-10,488.8382873535156,488.8382873535156,490.7628479003906,477.2909240722656,488.8382873535156,140291
2022-10-11,494.6119689941406,494.6119689941406,500.3856506347656,488.8382873535156,488.8382873535156,27538
2022-10-12,500.3856506347656,500.3856506347656,500.3856506347656,492.6874084472656,492.6874084472656,39489
2022-10-13,494.6119689941406,494.6119689941406,502.3102111816406,494.6119689941406,500.3856506347656,51959
2022-10-14,490.7628479003906,490.7628479003906,502.3102111816406,488.8382873535156,502.3102111816406,144968
2022-10-17,488.8382873535156,488.8382873535156,498.4610900878906,483.0646057128906,498.4610900878906,59753
2022-10-18,486.9137268066406,486.9137268066406,488.8382873535156,481.1400451660156,488.8382873535156,16886
2022-10-19,496.5365295410156,496.5365295410156,508.0838928222656,486.9137268066406,508.0838928222656,85993
2022-10-20,496.5365295410156,496.5365295410156,498.4610900878906,492.6874084472656,496.5365295410156,168090
2022-10-21,502.3102111816406,502.3102111816406,502.3102111816406,492.6874084472656,496.5365295410156,36631
2022-10-24,492.6874084472656,492.6874084472656,500.3856506347656,484.9891662597656,500.3856506347656,29097
2022-10-25,492.6874084472656,492.6874084472656,502.3102111816406,492.6874084472656,502.3102111816406,16107
2022-10-26,494.6119689941406,494.6119689941406,494.6119689941406,492.6874084472656,494.6119689941406,9612
2022-10-27,496.5365295410156,496.5365295410156,500.3856506347656,492.6874084472656,494.6119689941406,30396
2022-10-28,500.3856506347656,500.3856506347656,510.0084533691406,486.9137268066406,496.5365295410156,312279
2022-10-31,504.2347717285156,504.2347717285156,554.2733154296875,500.3856506347656,513.8575439453125,203423
2022-11-01,498.4610900878906,498.4610900878906,527.3294677734375,492.6874084472656,504.2347717285156,29876
2022-11-02,500.3856506347656,500.3856506347656,515.7821044921875,500.3856506347656,515.7821044921875,7534
2022-11-03,492.6874084472656,492.6874084472656,496.5365295410156,488.8382873535156,496.5365295410156,98204
2022-11-04,502.3102111816406,502.3102111816406,502.3102111816406,492.6874084472656,492.6874084472656,14548
2022-11-07,515.7821044921875,515.7821044921875,515.7821044921875,502.3102111816406,502.3102111816406,4676
2022-11-08,511.9330139160156,511.9330139160156,515.7821044921875,511.9330139160156,515.7821044921875,5975
2022-11-09,506.1593322753906,506.1593322753906,511.9330139160156,492.6874084472656,511.9330139160156,11690
2022-11-10,500.3856506347656,500.3856506347656,508.0838928222656,492.6874084472656,494.6119689941406,42347
2022-11-11,515.7821044921875,515.7821044921875,515.7821044921875,500.3856506347656,500.3856506347656,4156
2022-11-14,508.0838928222656,508.0838928222656,535.0277099609375,492.6874084472656,531.1785888671875,31175
2022-11-15,542.7259521484375,542.7259521484375,558.1224365234375,508.0838928222656,508.0838928222656,496477
2022-11-16,552.3487548828125,552.3487548828125,556.1978759765625,527.3294677734375,556.1978759765625,395415
2022-11-17,654.3504638671875,654.3504638671875,658.1995849609375,544.6505126953125,552.3487548828125,1947198
2022-11-18,621.6329345703125,621.6329345703125,681.2943115234375,617.7838134765625,652.4259033203125,2749719
2022-11-21,605.877685546875,605.877685546875,723.43603515625,581.7631225585938,651.0924072265625,3274539
2022-11-22,593.8204345703125,593.8204345703125,633.0065307617188,572.72021484375,633.0065307617188,1336289
2022-11-23,614.920654296875,614.920654296875,614.920654296875,590.8060913085938,593.8204345703125,969705
2022-11-24,599.8490600585938,599.8490600585938,626.9779052734375,596.834716796875,620.9492797851562,686059
2022-11-25,608.8920288085938,608.8920288085938,617.9349365234375,596.834716796875,596.834716796875,1412757
2022-11-28,654.1067504882812,654.1067504882812,654.1067504882812,605.877685546875,608.8920288085938,1160959
2022-11-29,690.278564453125,690.278564453125,711.3787841796875,654.1067504882812,654.1067504882812,6286996
2022-11-30,684.2499389648438,684.2499389648438,696.3071899414062,678.2213134765625,696.3071899414062,1283541
2022-12-01,645.0637817382812,645.0637817382812,684.2499389648438,639.03515625,684.2499389648438,764186
2022-12-02,648.078125,648.078125,657.12109375,633.0065307617188,645.0637817382812,441559
2022-12-05,654.1067504882812,654.1067504882812,678.2213134765625,617.9349365234375,617.9349365234375,565633
2022-12-06,660.1353759765625,660.1353759765625,678.2213134765625,642.0494995117188,678.2213134765625,298409
2022-12-07,747.5505981445312,747.5505981445312,795.7796630859375,645.0637817382812,645.0637817382812,839825
2022-12-08,717.4074096679688,717.4074096679688,750.5648803710938,696.3071899414062,750.5648803710938,883616
2022-12-09,711.3787841796875,711.3787841796875,741.5219116210938,693.2928466796875,738.5076293945312,112629
2022-12-12,714.39306640625,714.39306640625,723.43603515625,675.2069702148438,699.321533203125,141491
2022-12-13,717.4074096679688,717.4074096679688,735.4932861328125,687.2642211914062,714.39306640625,40307
2022-12-14,684.2499389648438,684.2499389648438,720.4217529296875,684.2499389648438,687.2642211914062,98529
2022-12-15,690.278564453125,690.278564453125,696.3071899414062,663.1497192382812,684.2499389648438,777124
2022-12-16,672.192626953125,672.192626953125,690.278564453125,663.1497192382812,690.278564453125,89904
2022-12-19,678.2213134765625,678.2213134765625,693.2928466796875,663.1497192382812,672.192626953125,109477
2022-12-20,657.12109375,657.12109375,684.2499389648438,651.0924072265625,678.2213134765625,163386
2022-12-21,672.192626953125,672.192626953125,675.2069702148438,648.078125,672.192626953125,109975
2022-12-22,657.12109375,657.12109375,669.1783447265625,633.0065307617188,633.0065307617188,21729
2022-12-23,672.192626953125,672.192626953125,672.192626953125,654.1067504882812,654.1067504882812,54075
2022-12-26,669.1783447265625,669.1783447265625,678.2213134765625,657.12109375,678.2213134765625,42464
2022-12-27,669.1783447265625,669.1783447265625,672.192626953125,663.1497192382812,669.1783447265625,38648
2022-12-28,660.1353759765625,660.1353759765625,675.2069702148438,657.12109375,657.12109375,12274
2022-12-29,660.1353759765625,660.1353759765625,663.1497192382812,660.1353759765625,660.1353759765625,29028
2022-12-30,657.12109375,657.12109375,675.2069702148438,657.12109375,660.1353759765625,28530
2023-01-02,663.1497192382812,663.1497192382812,672.192626953125,657.12109375,657.12109375,264736
2023-01-03,663.1497192382812,663.1497192382812,672.192626953125,657.12109375,669.1783447265625,136183
2023-01-04,660.1353759765625,660.1353759765625,663.1497192382812,660.1353759765625,663.1497192382812,94880
2023-01-05,657.12109375,657.12109375,660.1353759765625,645.0637817382812,660.1353759765625,133363
2023-01-06,657.12109375,657.12109375,657.12109375,651.0924072265625,654.1067504882812,56231
2023-01-09,633.0065307617188,633.0065307617188,651.0924072265625,633.0065307617188,651.0924072265625,157415
2023-01-10,651.0924072265625,651.0924072265625,675.2069702148438,629.9922485351562,633.0065307617188,151443
2023-01-11,675.2069702148438,675.2069702148438,675.2069702148438,645.0637817382812,645.0637817382812,303385
2023-01-12,693.2928466796875,693.2928466796875,699.321533203125,675.2069702148438,681.235595703125,282982
2023-01-13,753.5792236328125,753.5792236328125,753.5792236328125,699.321533203125,702.3358154296875,703807
2023-01-16,756.593505859375,756.593505859375,780.7080688476562,756.593505859375,780.7080688476562,178979
2023-01-17,765.636474609375,765.636474609375,771.6651000976562,723.43603515625,756.593505859375,233717
2023-01-18,756.593505859375,756.593505859375,768.6508178710938,741.5219116210938,768.6508178710938,232059
2023-01-19,741.5219116210938,741.5219116210938,744.5362548828125,717.4074096679688,744.5362548828125,189761
2023-01-20,717.4074096679688,717.4074096679688,723.43603515625,699.321533203125,717.4074096679688,253622
2023-01-24,705.3501586914062,705.3501586914062,720.4217529296875,705.3501586914062,720.4217529296875,36492
2023-01-25,693.2928466796875,693.2928466796875,714.39306640625,693.2928466796875,693.2928466796875,94382
2023-01-26,693.2928466796875,693.2928466796875,711.3787841796875,693.2928466796875,693.2928466796875,10118
2023-01-27,732.47900390625,732.47900390625,732.47900390625,693.2928466796875,693.2928466796875,210163
2023-01-30,735.4932861328125,735.4932861328125,744.5362548828125,732.47900390625,735.4932861328125,79951
2023-01-31,696.3071899414062,696.3071899414062,747.5505981445312,690.278564453125,735.4932861328125,111136
2023-02-01,699.321533203125,699.321533203125,702.3358154296875,693.2928466796875,699.321533203125,147297
2023-02-02,711.3787841796875,711.3787841796875,711.3787841796875,693.2928466796875,699.321533203125,18743
2023-02-03,693.2928466796875,693.2928466796875,711.3787841796875,690.278564453125,711.3787841796875,44786
2023-02-06,693.2928466796875,693.2928466796875,699.321533203125,693.2928466796875,693.2928466796875,709613
2023-02-07,699.321533203125,699.321533203125,699.321533203125,690.278564453125,693.2928466796875,14265
2023-02-08,696.3071899414062,696.3071899414062,696.3071899414062,696.3071899414062,696.3071899414062,32013
2023-02-09,696.3071899414062,696.3071899414062,717.4074096679688,696.3071899414062,696.3071899414062,14762
2023-02-10,714.39306640625,714.39306640625,717.4074096679688,693.2928466796875,693.2928466796875,42298
2023-02-13,696.3071899414062,696.3071899414062,699.321533203125,696.3071899414062,696.3071899414062,20900
2023-02-14,696.3071899414062,696.3071899414062,699.321533203125,696.3071899414062,696.3071899414062,12440
2023-02-15,699.321533203125,699.321533203125,699.321533203125,696.3071899414062,696.3071899414062,22393
2023-02-16,702.3358154296875,702.3358154296875,702.3358154296875,696.3071899414062,696.3071899414062,3981
2023-02-17,699.321533203125,699.321533203125,699.321533203125,696.3071899414062,696.3071899414062,12938
2023-02-20,696.3071899414062,696.3071899414062,699.321533203125,696.3071899414062,699.321533203125,28862
2023-02-21,693.2928466796875,693.2928466796875,696.3071899414062,693.2928466796875,696.3071899414062,19573
2023-02-22,690.278564453125,690.278564453125,699.321533203125,690.278564453125,696.3071899414062,49928
2023-02-23,690.278564453125,690.278564453125,690.278564453125,690.278564453125,690.278564453125,4478
2023-02-24,690.278564453125,690.278564453125,720.4217529296875,690.278564453125,720.4217529296875,6469
2023-02-27,699.321533203125,699.321533203125,720.4217529296875,696.3071899414062,720.4217529296875,7812881
2023-02-28,690.278564453125,690.278564453125,705.3501586914062,690.278564453125,699.321533203125,7816530
2023-03-01,702.3358154296875,702.3358154296875,705.3501586914062,690.278564453125,705.3501586914062,16587
2023-03-02,756.593505859375,756.593505859375,780.7080688476562,702.3358154296875,702.3358154296875,238362
2023-03-03,759.6078491210938,759.6078491210938,777.6937255859375,744.5362548828125,756.593505859375,8553347
2023-03-06,837.9801025390625,837.9801025390625,840.994384765625,783.7223510742188,783.7223510742188,11510900
2023-03-07,844.0087280273438,844.0087280273438,844.0087280273438,837.9801025390625,840.994384765625,1816663
2023-03-08,844.0087280273438,844.0087280273438,844.0087280273438,837.9801025390625,844.0087280273438,4415594
2023-03-09,844.0087280273438,844.0087280273438,844.0087280273438,837.9801025390625,844.0087280273438,4493887
2023-03-10,847.0230102539062,847.0230102539062,1018.839111328125,840.994384765625,844.0087280273438,2257393
2023-03-13,847.0230102539062,847.0230102539062,847.0230102539062,840.994384765625,847.0230102539062,134856
2023-03-14,840.994384765625,840.994384765625,847.0230102539062,840.994384765625,840.994384765625,638784
2023-03-15,847.0230102539062,847.0230102539062,847.0230102539062,840.994384765625,840.994384765625,273362
2023-03-16,840.994384765625,840.994384765625,840.994384765625,840.994384765625,840.994384765625,55236
2023-03-17,840.994384765625,840.994384765625,840.994384765625,840.994384765625,840.994384765625,10947
2023-03-20,840.994384765625,840.994384765625,840.994384765625,840.994384765625,840.994384765625,123576
2023-03-21,840.994384765625,840.994384765625,840.994384765625,840.994384765625,840.994384765625,72487
2023-03-24,840.994384765625,840.994384765625,844.0087280273438,840.994384765625,840.994384765625,85093
2023-03-27,840.994384765625,840.994384765625,847.0230102539062,840.994384765625,840.994384765625,12772
2023-03-28,844.0087280273438,844.0087280273438,847.0230102539062,840.994384765625,847.0230102539062,316489
2023-03-29,844.0087280273438,844.0087280273438,847.0230102539062,844.0087280273438,847.0230102539062,30355
2023-03-30,853.0516357421875,853.0516357421875,853.0516357421875,844.0087280273438,844.0087280273438,19407
2023-03-31,844.0087280273438,844.0087280273438,853.0516357421875,844.0087280273438,850.037353515625,3981
2023-04-03,844.0087280273438,844.0087280273438,853.0516357421875,844.0087280273438,853.0516357421875,20734
2023-04-04,853.0516357421875,853.0516357421875,853.0516357421875,840.994384765625,844.0087280273438,1327
2023-04-05,840.994384765625,840.994384765625,865.1089477539062,840.994384765625,859.080322265625,11943
2023-04-06,792.7653198242188,792.7653198242188,831.9514770507812,792.7653198242188,831.9514770507812,34170
2023-04-10,741.5219116210938,741.5219116210938,795.7796630859375,738.5076293945312,795.7796630859375,56397
2023-04-11,735.4932861328125,735.4932861328125,741.5219116210938,711.3787841796875,741.5219116210938,33175
2023-04-12,735.4932861328125,735.4932861328125,747.5505981445312,684.2499389648438,735.4932861328125,68672
2023-04-13,744.5362548828125,744.5362548828125,807.8369140625,735.4932861328125,735.4932861328125,65852
2023-04-14,744.5362548828125,744.5362548828125,744.5362548828125,744.5362548828125,744.5362548828125,331
2023-04-17,726.4503784179688,726.4503784179688,726.4503784179688,720.4217529296875,720.4217529296875,10284
2023-04-18,750.5648803710938,750.5648803710938,753.5792236328125,720.4217529296875,720.4217529296875,3815
2023-04-26,711.3787841796875,711.3787841796875,744.5362548828125,711.3787841796875,744.5362548828125,20734
2023-04-27,717.4074096679688,717.4074096679688,717.4074096679688,708.3644409179688,708.3644409179688,497
2023-04-28,738.5076293945312,738.5076293945312,738.5076293945312,723.43603515625,723.43603515625,2156
2023-05-02,744.5362548828125,744.5362548828125,750.5648803710938,744.5362548828125,750.5648803710938,24715
2023-05-03,732.47900390625,732.47900390625,732.47900390625,732.47900390625,732.47900390625,331
2023-05-04,738.5076293945312,738.5076293945312,777.6937255859375,732.47900390625,735.4932861328125,3151
2023-05-05,735.4932861328125,735.4932861328125,738.5076293945312,735.4932861328125,738.5076293945312,2654
2023-05-08,711.3787841796875,711.3787841796875,735.4932861328125,705.3501586914062,735.4932861328125,16421
2023-05-09,741.5219116210938,741.5219116210938,759.6078491210938,711.3787841796875,714.39306640625,15924
2023-05-10,741.5219116210938,741.5219116210938,744.5362548828125,708.3644409179688,741.5219116210938,2322
2023-05-11,732.47900390625,732.47900390625,747.5505981445312,708.3644409179688,747.5505981445312,3317
2023-05-12,708.3644409179688,708.3644409179688,723.43603515625,702.3358154296875,723.43603515625,26871
2023-05-15,705.3501586914062,705.3501586914062,714.39306640625,684.2499389648438,687.2642211914062,7630
2023-05-16,723.43603515625,723.43603515625,744.5362548828125,723.43603515625,732.47900390625,14928
2023-05-17,717.4074096679688,717.4074096679688,720.4217529296875,717.4074096679688,720.4217529296875,3151
2023-05-19,738.5076293945312,738.5076293945312,738.5076293945312,717.4074096679688,717.4074096679688,995
2023-05-22,723.43603515625,723.43603515625,738.5076293945312,723.43603515625,738.5076293945312,995
2023-05-23,693.2928466796875,693.2928466796875,693.2928466796875,693.2928466796875,693.2928466796875,497
2023-05-24,711.3787841796875,711.3787841796875,753.5792236328125,708.3644409179688,747.5505981445312,3649
2023-05-25,738.5076293945312,738.5076293945312,738.5076293945312,663.1497192382812,699.321533203125,181135
2023-05-26,690.278564453125,690.278564453125,732.47900390625,687.2642211914062,732.47900390625,60212
2023-05-29,735.4932861328125,735.4932861328125,735.4932861328125,651.0924072265625,702.3358154296875,9123
2023-05-30,684.2499389648438,684.2499389648438,732.47900390625,684.2499389648438,732.47900390625,46610
2023-05-31,663.1497192382812,663.1497192382812,684.2499389648438,663.1497192382812,672.192626953125,17416
2023-06-05,684.2499389648438,684.2499389648438,687.2642211914062,675.2069702148438,675.2069702148438,10781
2023-06-06,693.2928466796875,693.2928466796875,729.4646606445312,678.2213134765625,684.2499389648438,35497
2023-06-07,690.278564453125,690.278564453125,693.2928466796875,690.278564453125,690.278564453125,16753
2023-06-08,690.278564453125,690.278564453125,690.278564453125,690.278564453125,690.278564453125,331
2023-06-09,690.278564453125,690.278564453125,690.278564453125,690.278564453125,690.278564453125,3317
2023-06-12,678.2213134765625,678.2213134765625,801.8082885742188,669.1783447265625,690.278564453125,62866
2023-06-13,702.3358154296875,702.3358154296875,765.636474609375,678.2213134765625,678.2213134765625,45283
2023-06-14,702.3358154296875,702.3358154296875,723.43603515625,702.3358154296875,702.3358154296875,11777
2023-06-15,708.3644409179688,708.3644409179688,726.4503784179688,702.3358154296875,702.3358154296875,2654
2023-06-16,708.3644409179688,708.3644409179688,708.3644409179688,708.3644409179688,708.3644409179688,0
2023-06-19,702.3358154296875,702.3358154296875,729.4646606445312,699.321533203125,711.3787841796875,36658
2023-06-20,762.6221313476562,762.6221313476562,874.15185546875,708.3644409179688,708.3644409179688,259262
2023-06-21,696.3071899414062,696.3071899414062,762.6221313476562,693.2928466796875,762.6221313476562,273693
2023-06-22,708.3644409179688,708.3644409179688,723.43603515625,708.3644409179688,717.4074096679688,32179
2023-06-23,696.3071899414062,696.3071899414062,699.321533203125,693.2928466796875,693.2928466796875,8625
2023-06-26,705.3501586914062,705.3501586914062,714.39306640625,663.1497192382812,696.3071899414062,25710
2023-06-27,723.43603515625,723.43603515625,729.4646606445312,705.3501586914062,705.3501586914062,19905
2023-07-03,717.4074096679688,717.4074096679688,720.4217529296875,717.4074096679688,720.4217529296875,2985
2023-07-04,711.3787841796875,711.3787841796875,720.4217529296875,711.3787841796875,717.4074096679688,34004
2023-07-05,711.3787841796875,711.3787841796875,711.3787841796875,711.3787841796875,711.3787841796875,0
2023-07-06,708.3644409179688,708.3644409179688,717.4074096679688,687.2642211914062,717.4074096679688,2985
2023-07-07,696.3071899414062,696.3071899414062,708.3644409179688,696.3071899414062,708.3644409179688,9289
2023-07-10,696.3071899414062,696.3071899414062,696.3071899414062,696.3071899414062,696.3071899414062,2322
2023-07-11,693.2928466796875,693.2928466796875,702.3358154296875,693.2928466796875,696.3071899414062,15592
2023-07-12,696.3071899414062,696.3071899414062,699.321533203125,696.3071899414062,696.3071899414062,2985
2023-07-13,696.3071899414062,696.3071899414062,720.4217529296875,696.3071899414062,696.3071899414062,12606
2023-07-14,702.3358154296875,702.3358154296875,720.4217529296875,699.321533203125,699.321533203125,18743
2023-07-17,702.3358154296875,702.3358154296875,726.4503784179688,696.3071899414062,696.3071899414062,3151
2023-07-18,720.4217529296875,720.4217529296875,720.4217529296875,702.3358154296875,702.3358154296875,28862
2023-07-20,702.3358154296875,702.3358154296875,750.5648803710938,702.3358154296875,750.5648803710938,23720
2023-07-21,705.3501586914062,705.3501586914062,714.39306640625,702.3358154296875,702.3358154296875,3815
2023-07-24,705.3501586914062,705.3501586914062,705.3501586914062,705.3501586914062,705.3501586914062,2322
2023-07-25,711.3787841796875,711.3787841796875,711.3787841796875,699.321533203125,705.3501586914062,3815
2023-07-26,717.4074096679688,717.4074096679688,717.4074096679688,699.321533203125,702.3358154296875,38151
2023-07-27,714.39306640625,714.39306640625,717.4074096679688,699.321533203125,717.4074096679688,2488
2023-07-28,702.3358154296875,702.3358154296875,714.39306640625,702.3358154296875,714.39306640625,331
2023-07-31,723.43603515625,723.43603515625,729.4646606445312,702.3358154296875,702.3358154296875,27369
2023-08-01,723.43603515625,723.43603515625,723.43603515625,723.43603515625,723.43603515625,15426
2023-08-02,705.3501586914062,705.3501586914062,717.4074096679688,705.3501586914062,717.4074096679688,1161
2023-08-03,723.43603515625,723.43603515625,729.4646606445312,699.321533203125,699.321533203125,6635
2023-08-04,702.3358154296875,702.3358154296875,723.43603515625,690.278564453125,723.43603515625,17251
2023-08-07,690.278564453125,690.278564453125,702.3358154296875,687.2642211914062,702.3358154296875,7796
2023-08-08,714.39306640625,714.39306640625,714.39306640625,714.39306640625,714.39306640625,165
2023-08-09,714.39306640625,714.39306640625,714.39306640625,708.3644409179688,708.3644409179688,18578
2023-08-10,714.39306640625,714.39306640625,714.39306640625,714.39306640625,714.39306640625,0
2023-08-11,714.39306640625,714.39306640625,714.39306640625,714.39306640625,714.39306640625,0
2023-08-14,714.39306640625,714.39306640625,714.39306640625,714.39306640625,714.39306640625,0
2023-08-15,708.3644409179688,708.3644409179688,714.39306640625,708.3644409179688,714.39306640625,23554
2023-08-16,723.43603515625,723.43603515625,723.43603515625,684.2499389648438,684.2499389648438,497
2023-08-18,717.4074096679688,717.4074096679688,717.4074096679688,693.2928466796875,693.2928466796875,3317
2023-08-21,708.3644409179688,708.3644409179688,723.43603515625,684.2499389648438,687.2642211914062,19573
2023-08-22,687.2642211914062,687.2642211914062,705.3501586914062,687.2642211914062,705.3501586914062,12274
2023-08-23,687.2642211914062,687.2642211914062,705.3501586914062,687.2642211914062,705.3501586914062,3483
2023-08-24,681.235595703125,681.235595703125,684.2499389648438,681.235595703125,684.2499389648438,2322
2023-08-25,681.235595703125,681.235595703125,684.2499389648438,678.2213134765625,684.2499389648438,86089
2023-08-28,678.2213134765625,678.2213134765625,708.3644409179688,678.2213134765625,708.3644409179688,31184
2023-08-29,681.235595703125,681.235595703125,681.235595703125,678.2213134765625,681.235595703125,30189
2023-08-30,690.278564453125,690.278564453125,693.2928466796875,666.1640014648438,681.235595703125,111633
2023-08-31,705.3501586914062,705.3501586914062,711.3787841796875,693.2928466796875,696.3071899414062,17251
2023-09-01,705.3501586914062,705.3501586914062,714.39306640625,702.3358154296875,702.3358154296875,6469
2023-09-04,723.43603515625,723.43603515625,723.43603515625,705.3501586914062,705.3501586914062,16919
2023-09-05,723.43603515625,723.43603515625,723.43603515625,723.43603515625,723.43603515625,7962
2023-09-06,708.3644409179688,708.3644409179688,708.3644409179688,708.3644409179688,708.3644409179688,165
2023-09-07,744.5362548828125,744.5362548828125,789.7510375976562,729.4646606445312,729.4646606445312,135685
2023-09-08,768.6508178710938,768.6508178710938,783.7223510742188,753.5792236328125,774.679443359375,94548
2023-09-11,723.43603515625,723.43603515625,768.6508178710938,717.4074096679688,762.6221313476562,31184
2023-09-12,726.4503784179688,726.4503784179688,774.679443359375,723.43603515625,750.5648803710938,41468
2023-09-13,729.4646606445312,729.4646606445312,735.4932861328125,726.4503784179688,726.4503784179688,19075
2023-09-14,756.593505859375,756.593505859375,759.6078491210938,756.593505859375,759.6078491210938,663
2023-09-15,756.593505859375,756.593505859375,768.6508178710938,756.593505859375,756.593505859375,7298
2023-09-18,729.4646606445312,729.4646606445312,750.5648803710938,729.4646606445312,750.5648803710938,3483
2023-09-19,732.47900390625,732.47900390625,732.47900390625,729.4646606445312,729.4646606445312,1990
2023-09-20,762.6221313476562,762.6221313476562,771.6651000976562,741.5219116210938,747.5505981445312,33838
2023-09-21,756.593505859375,756.593505859375,759.6078491210938,756.593505859375,759.6078491210938,2819
2023-09-22,756.593505859375,756.593505859375,756.593505859375,756.593505859375,756.593505859375,663
2023-09-25,753.5792236328125,753.5792236328125,756.593505859375,753.5792236328125,756.593505859375,21729
2023-09-26,765.636474609375,765.636474609375,765.636474609375,747.5505981445312,747.5505981445312,4146
2023-09-27,765.636474609375,765.636474609375,765.636474609375,765.636474609375,765.636474609375,1658
2023-09-29,762.6221313476562,762.6221313476562,765.636474609375,747.5505981445312,762.6221313476562,20070
2023-10-02,768.6508178710938,768.6508178710938,768.6508178710938,762.6221313476562,762.6221313476562,497
2023-10-03,768.6508178710938,768.6508178710938,768.6508178710938,765.636474609375,765.636474609375,24549
2023-10-04,759.6078491210938,759.6078491210938,765.636474609375,759.6078491210938,765.636474609375,2488
2023-10-05,759.6078491210938,759.6078491210938,759.6078491210938,759.6078491210938,759.6078491210938,0
2023-10-06,717.4074096679688,717.4074096679688,753.5792236328125,717.4074096679688,753.5792236328125,20568
2023-10-09,729.4646606445312,729.4646606445312,729.4646606445312,729.4646606445312,729.4646606445312,8293
2023-10-10,753.5792236328125,753.5792236328125,777.6937255859375,753.5792236328125,777.6937255859375,8957
2023-10-11,747.5505981445312,747.5505981445312,756.593505859375,747.5505981445312,753.5792236328125,36492
2023-10-12,747.5505981445312,747.5505981445312,747.5505981445312,735.4932861328125,735.4932861328125,1824
2023-10-13,747.5505981445312,747.5505981445312,747.5505981445312,681.235595703125,735.4932861328125,15758
2023-10-16,714.39306640625,714.39306640625,783.7223510742188,708.3644409179688,774.679443359375,14928
2023-10-17,765.636474609375,765.636474609375,780.7080688476562,723.43603515625,726.4503784179688,18246
2023-10-18,759.6078491210938,759.6078491210938,762.6221313476562,759.6078491210938,762.6221313476562,2985
2023-10-19,729.4646606445312,729.4646606445312,747.5505981445312,723.43603515625,726.4503784179688,3649
2023-10-20,750.5648803710938,750.5648803710938,780.7080688476562,729.4646606445312,729.4646606445312,18412
2023-10-23,741.5219116210938,741.5219116210938,759.6078491210938,729.4646606445312,729.4646606445312,34502
2023-10-24,735.4932861328125,735.4932861328125,735.4932861328125,735.4932861328125,735.4932861328125,1161
2023-10-25,753.5792236328125,753.5792236328125,765.636474609375,732.47900390625,765.636474609375,3483
2023-10-26,807.8369140625,807.8369140625,807.8369140625,750.5648803710938,750.5648803710938,76136
2023-10-27,825.9227905273438,825.9227905273438,844.0087280273438,783.7223510742188,807.8369140625,39478
2023-10-30,813.8655395507812,813.8655395507812,844.0087280273438,813.8655395507812,844.0087280273438,10450
2023-10-31,789.7510375976562,789.7510375976562,844.0087280273438,786.7366943359375,844.0087280273438,23388
2023-11-01,792.7653198242188,792.7653198242188,964.5813598632812,783.7223510742188,783.7223510742188,27701
2023-11-02,922.3809814453125,922.3809814453125,952.5241088867188,786.7366943359375,786.7366943359375,158742
2023-11-03,1110.0,1110.0,1150.0,900.0,905.0,308800
2023-11-06,1050.0,1050.0,1110.0,930.0,1110.0,108000
2023-11-07,995.0,995.0,1020.0,975.0,1020.0,35300
2023-11-08,965.0,965.0,1045.0,965.0,1010.0,66600
2023-11-09,870.0,870.0,925.0,835.0,925.0,226800
2023-11-10,775.0,775.0,865.0,760.0,865.0,192400
2023-11-13,700.0,700.0,775.0,660.0,770.0,237000
2023-11-14,600.0,600.0,710.0,600.0,700.0,706000
2023-11-15,690.0,690.0,705.0,555.0,605.0,1179700
2023-11-16,685.0,685.0,730.0,650.0,700.0,699800
2023-11-17,645.0,645.0,700.0,600.0,700.0,572300
2023-11-20,655.0,655.0,670.0,625.0,645.0,155100
2023-11-21,660.0,660.0,670.0,635.0,655.0,90600
2023-11-22,655.0,655.0,690.0,620.0,645.0,323800
2023-11-23,620.0,620.0,660.0,595.0,635.0,515800
2023-11-24,615.0,615.0,640.0,610.0,620.0,134800
2023-11-27,625.0,625.0,630.0,615.0,615.0,68600
2023-11-28,610.0,610.0,625.0,600.0,625.0,66200
2023-11-29,620.0,620.0,640.0,615.0,615.0,95600
2023-11-30,620.0,620.0,635.0,620.0,635.0,107700
2023-12-01,610.0,610.0,625.0,610.0,615.0,348300
2023-12-04,550.0,550.0,625.0,550.0,610.0,266600
2023-12-05,585.0,585.0,600.0,555.0,555.0,45700
2023-12-06,570.0,570.0,595.0,565.0,585.0,83300
2023-12-07,585.0,585.0,585.0,570.0,580.0,21100
2023-12-08,585.0,585.0,585.0,570.0,585.0,11700
2023-12-11,565.0,565.0,600.0,565.0,575.0,41100
2023-12-12,585.0,585.0,600.0,550.0,570.0,58800
2023-12-13,585.0,585.0,585.0,555.0,585.0,10300
2023-12-14,585.0,585.0,585.0,560.0,580.0,6300
2023-12-15,565.0,565.0,585.0,565.0,585.0,48300
2023-12-18,570.0,570.0,585.0,565.0,580.0,68300
2023-12-19,565.0,565.0,590.0,565.0,570.0,7200
2023-12-20,565.0,565.0,580.0,565.0,565.0,9700
2023-12-21,570.0,570.0,580.0,565.0,580.0,4400
2023-12-22,565.0,565.0,590.0,550.0,570.0,37300
2023-12-27,575.0,575.0,575.0,565.0,565.0,61900
2023-12-28,580.0,580.0,595.0,560.0,575.0,15400
2023-12-29,580.0,580.0,580.0,560.0,560.0,6600
2024-01-02,580.0,580.0,580.0,575.0,580.0,5900
2024-01-03,575.0,575.0,580.0,565.0,570.0,13300
2024-01-04,585.0,585.0,595.0,565.0,575.0,36100
2024-01-05,585.0,585.0,590.0,560.0,575.0,37100
2024-01-08,580.0,580.0,585.0,565.0,580.0,11000
2024-01-09,570.0,570.0,585.0,565.0,575.0,600
2024-01-10,580.0,580.0,590.0,565.0,590.0,39400
2024-01-11,570.0,570.0,575.0,565.0,575.0,8400
2024-01-12,580.0,580.0,595.0,570.0,570.0,104400
2024-01-15,570.0,570.0,585.0,570.0,570.0,39000
2024-01-16,570.0,570.0,590.0,570.0,580.0,46200
2024-01-17,570.0,570.0,585.0,565.0,570.0,14800
2024-01-18,570.0,570.0,580.0,570.0,575.0,5500
2024-01-19,565.0,565.0,575.0,550.0,570.0,8900
2024-01-22,565.0,565.0,565.0,555.0,565.0,8900
2024-01-23,570.0,570.0,575.0,555.0,555.0,900
2024-01-24,565.0,565.0,570.0,555.0,555.0,2800
2024-01-25,555.0,555.0,570.0,550.0,570.0,27500
2024-01-26,560.0,560.0,575.0,555.0,555.0,11400
2024-01-29,560.0,560.0,590.0,545.0,550.0,7100
2024-01-30,560.0,560.0,560.0,560.0,560.0,1400
2024-01-31,550.0,550.0,560.0,550.0,550.0,10200
2024-02-01,550.0,550.0,550.0,530.0,550.0,18500
2024-02-02,545.0,545.0,555.0,535.0,550.0,6300
2024-02-05,540.0,540.0,545.0,540.0,545.0,1900
2024-02-06,565.0,565.0,570.0,540.0,570.0,2700
2024-02-07,540.0,540.0,565.0,540.0,560.0,900
2024-02-12,540.0,540.0,540.0,540.0,540.0,2700
2024-02-13,530.0,530.0,540.0,530.0,530.0,9500
2024-02-15,530.0,530.0,535.0,525.0,535.0,22300
2024-02-16,530.0,530.0,535.0,530.0,530.0,4000
2024-02-19,530.0,530.0,550.0,520.0,550.0,10200
2024-02-20,530.0,530.0,570.0,520.0,530.0,19700
2024-02-21,525.0,525.0,530.0,515.0,530.0,20200
2024-02-22,530.0,530.0,535.0,530.0,530.0,700
2024-02-23,520.0,520.0,525.0,520.0,525.0,14600
2024-02-26,540.0,540.0,540.0,520.0,520.0,2700
2024-02-27,530.0,530.0,540.0,520.0,540.0,6300
2024-02-28,520.0,520.0,530.0,520.0,530.0,900
2024-02-29,520.0,520.0,545.0,500.0,530.0,16300
2024-03-01,525.0,525.0,530.0,510.0,520.0,8400
2024-03-04,535.0,535.0,535.0,515.0,525.0,4700
2024-03-05,520.0,520.0,535.0,500.0,530.0,4600
2024-03-06,525.0,525.0,540.0,505.0,505.0,2900
2024-03-07,530.0,530.0,545.0,520.0,525.0,6300
2024-03-08,540.0,540.0,545.0,530.0,530.0,6000
2024-03-13,530.0,530.0,550.0,530.0,540.0,63600
2024-03-14,530.0,530.0,530.0,530.0,530.0,2300
2024-03-15,530.0,530.0,530.0,530.0,530.0,6000
2024-03-18,515.0,515.0,530.0,515.0,530.0,6900
2024-03-19,525.0,525.0,560.0,520.0,540.0,9400
2024-03-20,525.0,525.0,555.0,525.0,555.0,1300
2024-03-21,540.0,540.0,545.0,530.0,545.0,500
2024-03-22,540.0,540.0,570.0,540.0,540.0,15900
2024-03-25,545.0,545.0,550.0,500.0,550.0,25900
2024-03-26,545.0,545.0,550.0,525.0,550.0,10000
2024-03-27,535.0,535.0,550.0,535.0,550.0,400
2024-03-28,535.0,535.0,570.0,530.0,550.0,33600
2024-04-01,505.0,505.0,530.0,484.0,530.0,49000
2024-04-02,505.0,505.0,515.0,492.0,515.0,21000
2024-04-03,500.0,500.0,525.0,500.0,515.0,1100
2024-04-04,505.0,505.0,520.0,498.0,500.0,1700
2024-04-05,525.0,525.0,525.0,488.0,488.0,3100
2024-04-16,525.0,525.0,530.0,498.0,525.0,9000
2024-04-17,505.0,505.0,535.0,498.0,498.0,29200
2024-04-18,525.0,525.0,530.0,510.0,510.0,1900
2024-04-19,525.0,525.0,525.0,500.0,525.0,4600
2024-04-22,510.0,510.0,525.0,498.0,525.0,9100
2024-04-23,505.0,505.0,535.0,500.0,525.0,30700
2024-04-24,520.0,520.0,535.0,500.0,535.0,41700
2024-04-25,530.0,530.0,530.0,520.0,520.0,61600
2024-04-26,530.0,530.0,530.0,505.0,505.0,200
2024-04-29,525.0,525.0,540.0,500.0,525.0,11200
2024-04-30,540.0,540.0,540.0,505.0,525.0,13800
2024-05-02,530.0,530.0,540.0,520.0,540.0,7400
2024-05-03,510.0,510.0,520.0,500.0,505.0,92600
2024-05-06,505.0,505.0,515.0,505.0,510.0,2200
2024-05-07,505.0,505.0,520.0,500.0,500.0,5000
2024-05-08,520.0,520.0,525.0,500.0,505.0,37600
2024-05-13,525.0,525.0,530.0,505.0,520.0,121500
2024-05-14,505.0,505.0,535.0,505.0,505.0,6100
2024-05-15,510.0,510.0,530.0,486.0,525.0,18500
2024-05-16,496.0,496.0,515.0,496.0,515.0,1400
2024-05-17,496.0,496.0,496.0,496.0,496.0,0
2024-05-20,498.0,498.0,525.0,496.0,496.0,4600
2024-05-21,500.0,500.0,530.0,498.0,498.0,42200
2024-05-22,530.0,530.0,570.0,510.0,525.0,28800
2024-05-27,520.0,520.0,520.0,520.0,520.0,600
2024-05-28,525.0,525.0,530.0,505.0,515.0,40200
2024-05-29,525.0,525.0,525.0,525.0,525.0,1200
2024-05-30,505.0,505.0,505.0,505.0,505.0,1000
2024-05-31,530.0,530.0,530.0,505.0,505.0,400
2024-06-03,525.0,525.0,530.0,500.0,530.0,2900
2024-06-04,525.0,525.0,530.0,505.0,530.0,40200
2024-06-05,525.0,525.0,525.0,500.0,505.0,62300
2024-06-06,525.0,525.0,525.0,525.0,525.0,0
2024-06-07,520.0,520.0,520.0,505.0,505.0,1900
2024-06-10,500.0,500.0,520.0,500.0,520.0,8500
2024-06-11,520.0,520.0,520.0,498.0,500.0,35600
2024-06-12,520.0,520.0,520.0,520.0,520.0,0
2024-06-13,515.0,515.0,515.0,510.0,510.0,200
2024-06-14,505.0,505.0,515.0,505.0,515.0,3600
2024-06-19,490.0,490.0,520.0,490.0,510.0,64400
2024-06-20,520.0,520.0,525.0,490.0,490.0,29100
2024-06-21,510.0,510.0,525.0,500.0,520.0,51100
2024-06-24,500.0,500.0,515.0,500.0,515.0,20100
2024-06-25,500.0,500.0,500.0,500.0,500.0,3100
2024-06-26,500.0,500.0,510.0,500.0,510.0,21000
2024-06-27,500.0,500.0,500.0,500.0,500.0,100
2024-06-28,500.0,500.0,510.0,500.0,510.0,1000
2024-07-01,500.0,500.0,500.0,500.0,500.0,8000
2024-07-02,500.0,500.0,500.0,500.0,500.0,500
2024-07-03,496.0,496.0,500.0,492.0,500.0,4000
2024-07-04,510.0,510.0,515.0,498.0,498.0,19400
2024-07-05,515.0,515.0,520.0,494.0,494.0,9700
2024-07-08,500.0,500.0,515.0,500.0,500.0,5700
2024-07-09,500.0,500.0,500.0,500.0,500.0,0
2024-07-10,505.0,505.0,520.0,500.0,500.0,51300
2024-07-11,510.0,510.0,515.0,500.0,505.0,35400
2024-07-12,500.0,500.0,520.0,500.0,515.0,49900
2024-07-15,500.0,500.0,500.0,500.0,500.0,17500
2024-07-16,498.0,498.0,510.0,498.0,510.0,9100
2024-07-17,500.0,500.0,510.0,500.0,510.0,4600
2024-07-18,505.0,505.0,505.0,505.0,505.0,6900
2024-07-19,510.0,510.0,510.0,500.0,510.0,1300
2024-07-22,500.0,500.0,505.0,500.0,505.0,900
2024-07-23,510.0,510.0,510.0,500.0,510.0,500
2024-07-24,545.0,545.0,635.0,500.0,510.0,192700
2024-07-25,494.0,494.0,555.0,494.0,545.0,252100
2024-07-26,500.0,500.0,510.0,496.0,498.0,8800
2024-07-29,505.0,505.0,505.0,505.0,505.0,2700
2024-07-30,500.0,500.0,505.0,490.0,492.0,9200
2024-07-31,505.0,505.0,505.0,492.0,500.0,5800
2024-08-01,494.0,494.0,505.0,492.0,492.0,5100
2024-08-02,494.0,494.0,496.0,494.0,494.0,11600
2024-08-05,490.0,490.0,494.0,490.0,494.0,32200
2024-08-06,500.0,500.0,500.0,490.0,490.0,10700
2024-08-07,498.0,498.0,498.0,492.0,498.0,2600
2024-08-08,496.0,496.0,510.0,496.0,500.0,16600
2024-08-09,494.0,494.0,500.0,494.0,498.0,14200
2024-08-12,500.0,500.0,500.0,492.0,494.0,5100
2024-08-13,505.0,505.0,505.0,505.0,505.0,200
2024-08-14,500.0,500.0,505.0,496.0,496.0,3800
2024-08-15,494.0,494.0,505.0,484.0,490.0,3100
2024-08-16,515.0,515.0,600.0,490.0,490.0,91800
2024-08-19,515.0,515.0,555.0,500.0,520.0,120700
2024-08-20,505.0,505.0,515.0,505.0,515.0,3700
2024-08-21,500.0,500.0,515.0,500.0,515.0,26600
2024-08-22,500.0,500.0,510.0,498.0,500.0,25300
2024-08-23,530.0,530.0,595.0,500.0,500.0,162900
2024-08-26,510.0,510.0,530.0,500.0,530.0,72000
2024-08-27,515.0,515.0,520.0,505.0,520.0,14600
2024-08-28,510.0,510.0,520.0,500.0,510.0,12700
2024-08-29,510.0,510.0,510.0,505.0,510.0,3000
2024-08-30,515.0,515.0,515.0,505.0,505.0,7800
2024-09-02,515.0,515.0,520.0,515.0,520.0,21900
2024-09-03,520.0,520.0,525.0,515.0,520.0,5300
2024-09-04,530.0,530.0,530.0,510.0,530.0,18900
2024-09-05,520.0,520.0,520.0,515.0,515.0,30400
2024-09-06,515.0,515.0,515.0,505.0,515.0,15100
2024-09-09,575.0,575.0,595.0,515.0,515.0,123700
2024-09-10,535.0,535.0,575.0,515.0,575.0,234100
2024-09-11,550.0,550.0,560.0,540.0,550.0,149800
2024-09-12,615.0,615.0,650.0,560.0,560.0,625000
2024-09-13,580.0,580.0,620.0,580.0,620.0,181000
2024-09-17,725.0,725.0,725.0,600.0,600.0,675300
2024-09-18,905.0,905.0,905.0,805.0,870.0,2344600
2024-09-19,875.0,875.0,1050.0,800.0,970.0,1315100
2024-09-20,805.0,805.0,875.0,795.0,875.0,352300
2024-09-23,790.0,790.0,850.0,760.0,805.0,428400
2024-09-24,790.0,790.0,800.0,750.0,790.0,75600
2024-09-25,785.0,785.0,790.0,770.0,790.0,49200
2024-09-26,810.0,810.0,820.0,780.0,785.0,107000
2024-09-27,790.0,790.0,820.0,790.0,820.0,45100
2024-09-30,805.0,805.0,825.0,785.0,795.0,119000
2024-10-01,795.0,795.0,805.0,750.0,805.0,53100
2024-10-02,775.0,775.0,795.0,725.0,750.0,71700
2024-10-03,745.0,745.0,775.0,745.0,755.0,23900
2024-10-04,745.0,745.0,785.0,740.0,750.0,22600
2024-10-07,735.0,735.0,745.0,735.0,745.0,80900
2024-10-08,715.0,715.0,735.0,715.0,735.0,69800
2024-10-09,750.0,750.0,800.0,715.0,745.0,37800
2024-10-10,745.0,745.0,755.0,720.0,745.0,13300
2024-10-11,770.0,770.0,770.0,740.0,740.0,4100
2024-10-14,750.0,750.0,770.0,730.0,770.0,39500
2024-10-15,770.0,770.0,780.0,715.0,750.0,17300
2024-10-16,755.0,755.0,765.0,735.0,765.0,4600
2024-10-17,810.0,810.0,930.0,735.0,765.0,465300
2024-10-18,835.0,835.0,850.0,810.0,810.0,185500
2024-10-21,825.0,825.0,840.0,800.0,835.0,184100
2024-10-22,820.0,820.0,825.0,770.0,825.0,24100
2024-10-23,800.0,800.0,820.0,780.0,820.0,11800
2024-10-24,800.0,800.0,800.0,780.0,795.0,74200
2024-10-25,805.0,805.0,805.0,780.0,780.0,11200
2024-10-28,770.0,770.0,780.0,700.0,780.0,227400
2024-10-29,755.0,755.0,780.0,730.0,730.0,7400
2024-10-30,800.0,800.0,810.0,730.0,755.0,116600
2024-10-31,780.0,780.0,800.0,780.0,800.0,700
2024-11-01,765.0,765.0,770.0,765.0,770.0,11400
2024-11-04,765.0,765.0,765.0,765.0,765.0,101500
2024-11-05,760.0,760.0,765.0,760.0,765.0,1700
2024-11-06,760.0,760.0,760.0,760.0,760.0,4100
2024-11-07,760.0,760.0,760.0,760.0,760.0,0
2024-11-08,760.0,760.0,760.0,760.0,760.0,0
2024-11-11,760.0,760.0,760.0,760.0,760.0,0
2024-11-12,760.0,760.0,760.0,760.0,760.0,0
2024-11-13,760.0,760.0,760.0,760.0,760.0,300
2024-11-14,760.0,760.0,760.0,760.0,760.0,300
2024-11-15,760.0,760.0,760.0,760.0,760.0,0
2024-11-18,760.0,760.0,760.0,760.0,760.0,0
2024-11-19,685.0,685.0,700.0,685.0,700.0,33200
2024-11-20,630.0,630.0,635.0,625.0,635.0,137000
2024-11-21,600.0,600.0,600.0,600.0,600.0,46900
2024-11-22,595.0,595.0,595.0,595.0,595.0,106600
2024-11-25,590.0,590.0,590.0,590.0,590.0,23800
2024-11-26,600.0,600.0,600.0,590.0,590.0,4900
2024-11-28,600.0,600.0,600.0,600.0,600.0,45000
2024-11-29,600.0,600.0,600.0,600.0,600.0,400
2024-12-02,605.0,605.0,605.0,605.0,605.0,11000
2024-12-03,605.0,605.0,605.0,605.0,605.0,1600
2024-12-04,605.0,605.0,605.0,605.0,605.0,2900
2024-12-05,605.0,605.0,605.0,605.0,605.0,1500
2024-12-06,605.0,605.0,605.0,605.0,605.0,0
2024-12-09,605.0,605.0,605.0,605.0,605.0,100
2024-12-10,600.0,600.0,600.0,600.0,600.0,6900
2024-12-11,595.0,595.0,595.0,595.0,595.0,5100
2024-12-12,600.0,600.0,600.0,595.0,595.0,1700
2024-12-13,600.0,600.0,600.0,600.0,600.0,9300
2024-12-16,600.0,600.0,600.0,600.0,600.0,2300
2024-12-17,595.0,595.0,600.0,595.0,600.0,1200
2024-12-18,590.0,590.0,590.0,590.0,590.0,1700
2024-12-19,595.0,595.0,595.0,590.0,590.0,5400
2024-12-20,595.0,595.0,595.0,595.0,595.0,0
2024-12-23,595.0,595.0,595.0,595.0,595.0,300
2024-12-24,595.0,595.0,595.0,595.0,595.0,0
2024-12-27,590.0,590.0,590.0,590.0,590.0,100
2024-12-30,585.0,585.0,585.0,585.0,585.0,1000
2025-01-02,580.0,580.0,580.0,580.0,580.0,2500
2025-01-03,580.0,580.0,580.0,580.0,580.0,1500
2025-01-06,575.0,575.0,580.0,575.0,580.0,800
2025-01-07,575.0,575.0,575.0,575.0,575.0,500
2025-01-08,575.0,575.0,575.0,575.0,575.0,700
2025-01-09,550.0,550.0,575.0,550.0,575.0,600
2025-01-10,540.0,540.0,540.0,540.0,540.0,5100
2025-01-13,540.0,540.0,540.0,540.0,540.0,8100
2025-01-14,530.0,530.0,530.0,530.0,530.0,3200
2025-01-15,530.0,530.0,530.0,530.0,530.0,6000
2025-01-16,530.0,530.0,530.0,530.0,530.0,3500
2025-01-17,530.0,530.0,530.0,530.0,530.0,300
2025-01-20,530.0,530.0,530.0,530.0,530.0,6500
2025-01-21,530.0,530.0,530.0,530.0,530.0,0
2025-01-22,530.0,530.0,530.0,530.0,530.0,8100
2025-01-23,530.0,530.0,530.0,530.0,530.0,0
2025-01-24,530.0,530.0,530.0,530.0,530.0,10200
2025-01-30,530.0,530.0,530.0,530.0,530.0,35900
2025-01-31,530.0,530.0,530.0,530.0,530.0,600
2025-02-03,530.0,530.0,530.0,530.0,530.0,100
2025-02-04,520.0,520.0,520.0,520.0,520.0,1000
2025-02-05,515.0,515.0,515.0,515.0,515.0,600
2025-02-06,515.0,515.0,515.0,515.0,515.0,0
2025-02-07,515.0,515.0,515.0,515.0,515.0,300
2025-02-10,464.0,464.0,500.0,464.0,500.0,13200
2025-02-11,464.0,464.0,464.0,464.0,464.0,7300
2025-02-12,464.0,464.0,464.0,464.0,464.0,100
2025-02-13,464.0,464.0,464.0,464.0,464.0,0
2025-02-14,464.0,464.0,464.0,464.0,464.0,0
2025-02-17,464.0,464.0,464.0,464.0,464.0,0
2025-02-18,464.0,464.0,466.0,464.0,466.0,7900
2025-02-19,464.0,464.0,464.0,464.0,464.0,0
2025-02-20,464.0,464.0,464.0,464.0,464.0,0
2025-02-21,464.0,464.0,464.0,464.0,464.0,10000
2025-02-24,464.0,464.0,464.0,464.0,464.0,2000
2025-02-25,462.0,462.0,464.0,462.0,464.0,2000
2025-02-26,462.0,462.0,462.0,462.0,462.0,100
2025-02-27,460.0,460.0,462.0,460.0,462.0,700
2025-02-28,460.0,460.0,460.0,460.0,460.0,100
2025-03-03,460.0,460.0,460.0,460.0,460.0,200
2025-03-04,460.0,460.0,460.0,460.0,460.0,800
2025-03-05,460.0,460.0,460.0,460.0,460.0,5400
2025-03-06,460.0,460.0,460.0,460.0,460.0,200
2025-03-07,460.0,460.0,460.0,460.0,460.0,0
2025-03-10,460.0,460.0,460.0,460.0,460.0,5000
2025-03-11,460.0,460.0,460.0,460.0,460.0,0
2025-03-12,460.0,460.0,460.0,460.0,460.0,0
2025-03-13,460.0,460.0,460.0,460.0,460.0,0
2025-03-14,460.0,460.0,460.0,460.0,460.0,100
2025-03-17,460.0,460.0,460.0,460.0,460.0,0
2025-03-18,460.0,460.0,460.0,460.0,460.0,0
2025-03-19,460.0,460.0,460.0,460.0,460.0,100
2025-03-20,460.0,460.0,460.0,460.0,460.0,500
2025-03-21,460.0,460.0,460.0,460.0,460.0,200
2025-03-24,460.0,460.0,460.0,460.0,460.0,3000
2025-03-25,460.0,460.0,460.0,460.0,460.0,0
2025-03-26,460.0,460.0,460.0,460.0,460.0,2800
2025-03-27,460.0,460.0,460.0,460.0,460.0,500
2025-04-08,460.0,460.0,460.0,460.0,460.0,0
2025-04-09,460.0,460.0,460.0,460.0,460.0,0
2025-04-10,460.0,460.0,460.0,460.0,460.0,0
2025-04-11,460.0,460.0,460.0,460.0,460.0,0
2025-04-14,460.0,460.0,460.0,460.0,460.0,1200
2025-04-15,460.0,460.0,460.0,460.0,460.0,2500
2025-04-16,460.0,460.0,460.0,460.0,460.0,0
2025-04-17,460.0,460.0,460.0,460.0,460.0,1000
2025-04-21,460.0,460.0,460.0,460.0,460.0,1000
2025-04-22,460.0,460.0,460.0,460.0,460.0,4600
2025-04-23,460.0,460.0,460.0,460.0,460.0,1200
2025-04-24,460.0,460.0,460.0,460.0,460.0,1100
2025-04-25,460.0,460.0,460.0,460.0,460.0,5300
2025-04-28,460.0,460.0,460.0,460.0,460.0,19000
2025-04-29,460.0,460.0,460.0,460.0,460.0,1100
2025-04-30,460.0,460.0,460.0,460.0,460.0,0
2025-05-02,460.0,460.0,460.0,460.0,460.0,0
2025-05-05,478.0,478.0,478.0,460.0,460.0,300
2025-05-06,484.0,484.0,484.0,484.0,484.0,4300
2025-05-07,484.0,484.0,484.0,484.0,484.0,0
2025-05-08,484.0,484.0,484.0,484.0,484.0,3600
2025-05-09,484.0,484.0,484.0,484.0,484.0,14000
2025-05-14,484.0,484.0,484.0,484.0,484.0,0
2025-05-15,484.0,484.0,484.0,484.0,484.0,8000
2025-05-16,484.0,484.0,484.0,484.0,484.0,100
2025-05-19,484.0,484.0,484.0,484.0,484.0,200
2025-05-20,484.0,484.0,484.0,484.0,484.0,1200
2025-05-21,484.0,484.0,484.0,484.0,484.0,9900
2025-05-22,484.0,484.0,484.0,484.0,484.0,8700
2025-05-23,484.0,484.0,484.0,484.0,484.0,1500
2025-05-26,484.0,484.0,484.0,484.0,484.0,16100
2025-05-27,530.0,530.0,530.0,530.0,530.0,47100
2025-05-28,530.0,530.0,530.0,530.0,530.0,3300
2025-06-02,580.0,580.0,580.0,580.0,580.0,30300
2025-06-03,620.0,620.0,620.0,615.0,615.0,28400
2025-06-04,680.0,680.0,680.0,680.0,680.0,74800
2025-06-05,745.0,745.0,745.0,745.0,745.0,110300
2025-06-10,815.0,815.0,815.0,815.0,815.0,154800
2025-06-11,735.0,735.0,870.0,735.0,870.0,101900
2025-06-12,710.0,710.0,730.0,710.0,730.0,26700
2025-06-13,640.0,640.0,695.0,640.0,695.0,24500
2025-06-16,600.0,600.0,640.0,600.0,640.0,6000
2025-06-17,580.0,580.0,595.0,580.0,595.0,2000
2025-06-18,575.0,575.0,575.0,575.0,575.0,2200
2025-06-19,575.0,575.0,575.0,575.0,575.0,0
2025-06-20,565.0,565.0,570.0,565.0,570.0,27100
2025-06-23,560.0,560.0,565.0,560.0,565.0,10200
2025-06-24,560.0,560.0,560.0,560.0,560.0,11300
2025-06-25,615.0,615.0,615.0,560.0,560.0,25500
2025-06-26,610.0,610.0,615.0,610.0,615.0,14400
2025-06-30,610.0,610.0,610.0,610.0,610.0,20000
2025-07-01,600.0,600.0,670.0,600.0,670.0,5500
2025-07-02,600.0,600.0,600.0,600.0,600.0,100
2025-07-03,600.0,600.0,600.0,600.0,600.0,0
2025-07-04,540.0,540.0,540.0,540.0,540.0,100
2025-07-07,540.0,540.0,540.0,540.0,540.0,12800
2025-07-08,515.0,515.0,515.0,515.0,515.0,22700
2025-07-09,515.0,515.0,515.0,515.0,515.0,5800
2025-07-10,515.0,515.0,515.0,515.0,515.0,9600
2025-07-11,515.0,515.0,515.0,515.0,515.0,2000
2025-07-14,515.0,515.0,515.0,515.0,515.0,500
2025-07-15,515.0,515.0,515.0,515.0,515.0,5300
2025-07-16,565.0,565.0,565.0,515.0,515.0,6300
2025-07-17,615.0,615.0,620.0,615.0,620.0,6100
2025-07-18,615.0,615.0,615.0,615.0,615.0,11900
2025-07-21,615.0,615.0,660.0,615.0,615.0,5100
2025-07-22,615.0,615.0,615.0,615.0,615.0,200
2025-07-23,615.0,615.0,615.0,615.0,615.0,0
2025-07-24,615.0,615.0,615.0,615.0,615.0,200
2025-07-25,615.0,615.0,615.0,615.0,615.0,200
2025-07-28,615.0,615.0,615.0,615.0,615.0,0
2025-07-29,615.0,615.0,615.0,615.0,615.0,0
2025-07-30,615.0,615.0,615.0,615.0,615.0,0
2025-07-31,575.0,575.0,575.0,575.0,575.0,200
2025-08-01,575.0,575.0,580.0,575.0,580.0,13200
2025-08-04,565.0,565.0,565.0,565.0,565.0,2000
2025-08-05,550.0,550.0,550.0,550.0,550.0,23800
2025-08-06,550.0,550.0,550.0,550.0,550.0,1100
2025-08-07,550.0,550.0,550.0,550.0,550.0,2000
2025-08-08,550.0,550.0,550.0,550.0,550.0,0
2025-08-11,550.0,550.0,550.0,550.0,550.0,800
2025-08-12,550.0,550.0,550.0,550.0,550.0,400
2025-08-13,550.0,550.0,550.0,550.0,550.0,0
2025-08-14,605.0,605.0,605.0,550.0,550.0,60500
2025-08-15,665.0,665.0,665.0,665.0,665.0,95800
2025-08-19,730.0,730.0,730.0,730.0,730.0,173700
2025-08-20,725.0,725.0,730.0,720.0,730.0,325600
2025-08-21,700.0,700.0,720.0,700.0,720.0,17700
2025-08-22,650.0,650.0,695.0,650.0,695.0,58200
2025-08-25,585.0,585.0,585.0,585.0,585.0,127400
2025-08-26,600.0,600.0,600.0,600.0,600.0,80100
2025-08-27,600.0,600.0,600.0,550.0,550.0,63300
2025-08-28,660.0,660.0,660.0,650.0,650.0,64600
2025-08-29,825.0,825.0,825.0,825.0,825.0,338100
2025-09-01,765.0,765.0,825.0,705.0,825.0,399400
2025-09-02,735.0,735.0,820.0,710.0,765.0,108800
2025-09-03,720.0,720.0,740.0,700.0,735.0,24300
2025-09-04,735.0,735.0,795.0,665.0,715.0,94400
2025-09-08,700.0,700.0,725.0,650.0,680.0,191000
2025-09-09,675.0,675.0,700.0,655.0,695.0,105100
2025-09-10,690.0,690.0,690.0,660.0,670.0,38300
2025-09-11,710.0,710.0,815.0,670.0,670.0,259100
2025-09-12,785.0,785.0,825.0,705.0,790.0,242200
2025-09-15,775.0,775.0,820.0,755.0,785.0,111900
2025-09-16,780.0,780.0,850.0,775.0,775.0,155100
2025-09-17,780.0,780.0,825.0,775.0,780.0,306900
2025-09-18,785.0,785.0,785.0,780.0,780.0,92100
2025-09-19,765.0,765.0,785.0,765.0,785.0,27700
2025-09-22,765.0,765.0,780.0,720.0,765.0,24700
2025-09-23,765.0,765.0,815.0,730.0,775.0,119800
2025-09-24,760.0,760.0,780.0,735.0,765.0,67500
2025-09-25,770.0,770.0,770.0,740.0,740.0,72200
2025-09-26,775.0,775.0,780.0,770.0,770.0,9400
2025-09-29,750.0,750.0,800.0,735.0,800.0,12600
2025-09-30,735.0,735.0,795.0,725.0,755.0,23300
2025-10-01,775.0,775.0,785.0,730.0,730.0,86600
2025-10-02,775.0,775.0,780.0,775.0,780.0,12400
2025-10-03,755.0,755.0,785.0,755.0,785.0,3500
2025-10-06,755.0,755.0,765.0,725.0,735.0,84900
2025-10-07,735.0,735.0,750.0,735.0,750.0,900
2025-10-08,730.0,730.0,735.0,720.0,735.0,4900
2025-10-09,710.0,710.0,730.0,705.0,730.0,25200
2025-10-10,695.0,695.0,735.0,695.0,700.0,132800
2025-10-13,720.0,720.0,750.0,650.0,735.0,239700
2025-10-14,700.0,700.0,715.0,675.0,715.0,40000
2025-10-15,670.0,670.0,700.0,660.0,660.0,6000
2025-10-16,680.0,680.0,715.0,620.0,670.0,96000
2025-10-17,665.0,665.0,715.0,605.0,680.0,206500
2025-10-20,665.0,665.0,720.0,605.0,705.0,102000
2025-10-21,670.0,670.0,710.0,650.0,670.0,212500
2025-10-22,660.0,660.0,670.0,640.0,670.0,16800
2025-10-23,660.0,660.0,680.0,655.0,660.0,33000
2025-10-24,665.0,665.0,715.0,650.0,700.0,23800
2025-10-27,665.0,665.0,665.0,660.0,665.0,6900
2025-10-28,675.0,675.0,710.0,655.0,710.0,14000
2025-10-29,690.0,690.0,705.0,660.0,705.0,4300
2025-10-30,670.0,670.0,700.0,665.0,665.0,4900
2025-10-31,680.0,680.0,680.0,675.0,675.0,10200
2025-11-03,675.0,675.0,680.0,675.0,675.0,16300
2025-11-04,665.0,665.0,725.0,665.0,680.0,42100
2025-11-05,670.0,670.0,670.0,665.0,665.0,7900
2025-11-06,690.0,690.0,695.0,690.0,695.0,200
2025-11-07,665.0,665.0,675.0,665.0,670.0,17200
2025-11-10,685.0,685.0,690.0,665.0,665.0,14000
2025-11-11,700.0,700.0,715.0,660.0,690.0,82400
2025-11-12,700.0,700.0,715.0,700.0,710.0,29800
2025-11-13,705.0,705.0,705.0,700.0,700.0,3400
2025-11-14,705.0,705.0,705.0,705.0,705.0,2500
2025-11-17,700.0,700.0,705.0,700.0,705.0,8700
2025-11-18,715.0,715.0,715.0,690.0,700.0,3700
2025-11-19,705.0,705.0,710.0,660.0,670.0,86300
2025-11-20,690.0,690.0,690.0,690.0,690.0,900
2025-11-21,695.0,695.0,695.0,680.0,685.0,2700
2025-11-24,675.0,675.0,695.0,670.0,695.0,6400
2025-11-25,690.0,690.0,690.0,665.0,675.0,35900
2025-11-26,685.0,685.0,690.0,665.0,690.0,26800
2025-11-27,675.0,675.0,675.0,665.0,665.0,21100
2025-11-28,685.0,685.0,690.0,660.0,690.0,8500
2025-12-01,670.0,670.0,685.0,660.0,685.0,14100
2025-12-02,680.0,680.0,695.0,660.0,670.0,2800
2025-12-03,670.0,670.0,695.0,665.0,680.0,4800
2025-12-04,665.0,665.0,695.0,665.0,670.0,63600
2025-12-05,680.0,680.0,680.0,660.0,665.0,85800
2025-12-08,660.0,660.0,680.0,655.0,675.0,63000
2025-12-09,660.0,660.0,680.0,660.0,660.0,70600
2025-12-10,670.0,670.0,680.0,650.0,680.0,49000
2025-12-11,670.0,670.0,670.0,650.0,670.0,18100
2025-12-12,655.0,655.0,670.0,655.0,670.0,21200
2025-12-15,665.0,665.0,665.0,640.0,640.0,12300
2025-12-16,670.0,670.0,680.0,670.0,675.0,13300
2025-12-17,630.0,630.0,650.0,600.0,650.0,107100
2025-12-18,635.0,635.0,640.0,630.0,630.0,12600
2025-12-19,645.0,645.0,645.0,630.0,635.0,10100
2025-12-22,630.0,630.0,635.0,630.0,635.0,4100
2025-12-23,625.0,625.0,640.0,600.0,640.0,18400
2025-12-24,680.0,680.0,685.0,620.0,625.0,98300
2025-12-29,680.0,680.0,680.0,660.0,680.0,18200
2025-12-30,650.0,650.0,675.0,645.0,675.0,10000
