Date,Adj Close,Close,High,Low,Open,Volume
2020-01-02,254.30043029785156,260.2445373535156,261.88128662109375,256.97100830078125,261.88128662109375,44844
2020-01-03,252.70106506347656,258.6077880859375,258.6077880859375,256.97100830078125,258.6077880859375,177790
2020-01-06,251.10166931152344,256.97100830078125,260.2445373535156,252.0607452392578,258.6077880859375,371099
2020-01-07,252.70106506347656,258.6077880859375,274.975341796875,256.97100830078125,256.97100830078125,396271
2020-01-08,249.50230407714844,255.33425903320312,261.88128662109375,252.0607452392578,261.88128662109375,544490
2020-01-09,251.10166931152344,256.97100830078125,261.88128662109375,253.69749450683594,258.6077880859375,278355
2020-01-10,251.10166931152344,256.97100830078125,258.6077880859375,256.97100830078125,256.97100830078125,30792
2020-01-13,254.30043029785156,260.2445373535156,260.2445373535156,260.2445373535156,260.2445373535156,50587
2020-01-14,255.89981079101562,261.88128662109375,263.5180358886719,260.2445373535156,260.2445373535156,31159
2020-01-15,259.09857177734375,265.1548156738281,266.79156494140625,260.2445373535156,263.5180358886719,89078
2020-01-16,257.4991455078125,263.5180358886719,263.5180358886719,255.33425903320312,263.5180358886719,74171
2020-01-17,254.30043029785156,260.2445373535156,263.5180358886719,258.6077880859375,261.88128662109375,48999
2020-01-20,251.10166931152344,256.97100830078125,261.88128662109375,252.0607452392578,261.88128662109375,613774
2020-01-21,251.10166931152344,256.97100830078125,258.6077880859375,253.69749450683594,258.6077880859375,109606
2020-01-22,252.70106506347656,258.6077880859375,260.2445373535156,253.69749450683594,260.2445373535156,270779
2020-01-23,255.89981079101562,261.88128662109375,294.616455078125,258.6077880859375,258.6077880859375,643589
2020-01-24,254.30043029785156,260.2445373535156,268.4283142089844,255.33425903320312,261.88128662109375,458467
2020-01-27,251.10166931152344,256.97100830078125,266.79156494140625,256.97100830078125,260.2445373535156,109118
2020-01-28,249.50230407714844,255.33425903320312,263.5180358886719,252.0607452392578,261.88128662109375,463843
2020-01-29,252.70106506347656,258.6077880859375,263.5180358886719,256.97100830078125,258.6077880859375,123536
2020-01-30,254.30043029785156,260.2445373535156,261.88128662109375,252.0607452392578,258.6077880859375,162027
2020-01-31,252.70106506347656,258.6077880859375,261.88128662109375,248.7872314453125,260.2445373535156,372687
2020-02-03,251.10166931152344,256.97100830078125,258.6077880859375,253.69749450683594,256.97100830078125,49610
2020-02-04,249.50230407714844,255.33425903320312,255.33425903320312,252.0607452392578,252.0607452392578,15274
2020-02-05,247.90292358398438,253.69749450683594,255.33425903320312,252.0607452392578,255.33425903320312,79180
2020-02-06,252.70106506347656,258.6077880859375,260.2445373535156,253.69749450683594,255.33425903320312,402014
2020-02-07,251.10166931152344,256.97100830078125,256.97100830078125,253.69749450683594,256.97100830078125,219824
2020-02-10,251.10166931152344,256.97100830078125,256.97100830078125,256.97100830078125,256.97100830078125,30181
2020-02-11,249.50230407714844,255.33425903320312,255.33425903320312,253.69749450683594,253.69749450683594,16129
2020-02-12,251.10166931152344,256.97100830078125,256.97100830078125,252.0607452392578,255.33425903320312,60118
2020-02-13,252.70106506347656,258.6077880859375,258.6077880859375,255.33425903320312,256.97100830078125,56453
2020-02-14,252.70106506347656,258.6077880859375,258.6077880859375,253.69749450683594,255.33425903320312,82968
2020-02-17,251.10166931152344,256.97100830078125,258.6077880859375,256.97100830078125,258.6077880859375,36902
2020-02-18,254.30043029785156,260.2445373535156,260.2445373535156,253.69749450683594,256.97100830078125,76492
2020-02-19,252.70106506347656,258.6077880859375,260.2445373535156,255.33425903320312,260.2445373535156,23338
2020-02-20,254.30043029785156,260.2445373535156,260.2445373535156,255.33425903320312,256.97100830078125,44722
2020-02-21,249.50230407714844,255.33425903320312,258.6077880859375,255.33425903320312,258.6077880859375,56208
2020-02-24,249.50230407714844,255.33425903320312,255.33425903320312,253.69749450683594,255.33425903320312,41301
2020-02-25,249.50230407714844,255.33425903320312,255.33425903320312,245.51370239257812,253.69749450683594,98609
2020-02-26,246.30355834960938,252.0607452392578,255.33425903320312,252.0607452392578,253.69749450683594,82235
2020-02-27,246.30355834960938,252.0607452392578,252.0607452392578,243.876953125,252.0607452392578,503556
2020-02-28,241.50543212890625,247.1504669189453,247.1504669189453,242.2401885986328,245.51370239257812,278355
2020-03-02,239.9060516357422,245.51370239257812,250.42398071289062,240.6034393310547,247.1504669189453,59996
2020-03-03,241.50543212890625,247.1504669189453,248.7872314453125,243.876953125,248.7872314453125,133067
2020-03-04,241.50543212890625,247.1504669189453,248.7872314453125,245.51370239257812,247.1504669189453,230455
2020-03-05,246.30355834960938,252.0607452392578,255.33425903320312,245.51370239257812,245.51370239257812,395293
2020-03-06,243.1048126220703,248.7872314453125,252.0607452392578,245.51370239257812,252.0607452392578,377086
2020-03-09,236.70730590820312,242.2401885986328,248.7872314453125,237.32992553710938,248.7872314453125,563308
2020-03-10,238.3066864013672,243.876953125,245.51370239257812,243.876953125,245.51370239257812,227278
2020-03-11,238.3066864013672,243.876953125,245.51370239257812,237.32992553710938,245.51370239257812,42645
2020-03-12,223.91233825683594,229.14613342285156,237.32992553710938,227.50936889648438,237.32992553710938,125003
2020-03-13,231.90921020507812,237.32992553710938,237.32992553710938,216.05206298828125,220.96234130859375,59141
2020-03-16,227.111083984375,232.41964721679688,234.056396484375,220.96234130859375,220.96234130859375,59752
2020-03-17,220.71359252929688,225.87261962890625,229.14613342285156,217.68882751464844,219.32557678222656,96287
2020-03-18,219.1142120361328,224.23585510253906,225.87261962890625,211.14178466796875,220.96234130859375,12341
2020-03-19,214.3160858154297,219.32557678222656,224.23585510253906,209.50503540039062,224.23585510253906,7331
2020-03-20,217.51483154296875,222.59909057617188,222.59909057617188,204.59475708007812,206.2315216064453,18084
2020-03-23,215.91546630859375,220.96234130859375,220.96234130859375,220.96234130859375,220.96234130859375,122
2020-03-24,220.71359252929688,225.87261962890625,225.87261962890625,214.41529846191406,220.96234130859375,3665
2020-03-26,220.71359252929688,225.87261962890625,229.14613342285156,225.87261962890625,227.50936889648438,167404
2020-03-27,212.7167205810547,217.68882751464844,237.32992553710938,216.05206298828125,237.32992553710938,156773
2020-03-30,219.1142120361328,224.23585510253906,224.23585510253906,212.77854919433594,212.77854919433594,8797
2020-03-31,217.51483154296875,222.59909057617188,222.59909057617188,214.41529846191406,214.41529846191406,3054
2020-04-01,207.91859436035156,212.77854919433594,235.6931610107422,212.77854919433594,227.50936889648438,153229
2020-04-02,219.1142120361328,224.23585510253906,227.50936889648438,212.77854919433594,225.87261962890625,36169
2020-04-03,230.30982971191406,235.6931610107422,237.32992553710938,224.23585510253906,224.23585510253906,27248
2020-04-06,217.51483154296875,222.59909057617188,237.32992553710938,222.59909057617188,235.6931610107422,12830
2020-04-07,217.51483154296875,222.59909057617188,235.6931610107422,214.41529846191406,234.056396484375,18206
2020-04-08,219.1142120361328,224.23585510253906,235.6931610107422,214.41529846191406,234.056396484375,11974
2020-04-09,220.71359252929688,225.87261962890625,232.41964721679688,225.87261962890625,230.7828826904297,45455
2020-04-13,222.31295776367188,227.50936889648438,229.14613342285156,227.50936889648438,229.14613342285156,1221
2020-04-14,228.71044921875,234.056396484375,234.056396484375,214.41529846191406,225.87261962890625,67939
2020-04-15,223.91233825683594,229.14613342285156,229.14613342285156,219.32557678222656,220.96234130859375,4154
2020-04-16,223.91233825683594,229.14613342285156,232.41964721679688,219.32557678222656,232.41964721679688,65984
2020-04-17,219.1142120361328,224.23585510253906,234.056396484375,224.23585510253906,227.50936889648438,36902
2020-04-20,228.71044921875,234.056396484375,234.056396484375,232.41964721679688,232.41964721679688,14052
2020-04-21,228.71044921875,234.056396484375,240.6034393310547,234.056396484375,234.056396484375,23094
2020-04-22,223.91233825683594,229.14613342285156,229.14613342285156,222.59909057617188,222.59909057617188,146631
2020-04-23,225.51170349121094,230.7828826904297,235.6931610107422,225.87261962890625,235.6931610107422,3787
2020-04-24,227.111083984375,232.41964721679688,234.056396484375,222.59909057617188,225.87261962890625,184022
2020-04-27,223.91233825683594,229.14613342285156,230.7828826904297,222.59909057617188,230.7828826904297,37268
2020-04-28,222.31295776367188,227.50936889648438,227.50936889648438,222.59909057617188,222.59909057617188,279699
2020-04-29,222.31295776367188,227.50936889648438,227.50936889648438,227.50936889648438,227.50936889648438,38612
2020-04-30,222.31295776367188,227.50936889648438,230.7828826904297,222.59909057617188,224.23585510253906,16496
2020-05-04,223.91233825683594,229.14613342285156,229.14613342285156,227.50936889648438,227.50936889648438,1466
2020-05-05,230.30982971191406,235.6931610107422,235.6931610107422,230.7828826904297,230.7828826904297,25416
2020-05-06,222.31295776367188,227.50936889648438,227.50936889648438,227.50936889648438,227.50936889648438,122
2020-05-08,223.91233825683594,229.14613342285156,240.6034393310547,229.14613342285156,235.6931610107422,33969
2020-05-11,225.51170349121094,230.7828826904297,234.056396484375,227.50936889648438,234.056396484375,15762
2020-05-12,227.111083984375,232.41964721679688,235.6931610107422,229.14613342285156,235.6931610107422,55719
2020-05-13,227.111083984375,232.41964721679688,232.41964721679688,229.14613342285156,230.7828826904297,77470
2020-05-14,225.51170349121094,230.7828826904297,230.7828826904297,230.7828826904297,230.7828826904297,12341
2020-05-15,225.51170349121094,230.7828826904297,230.7828826904297,229.14613342285156,230.7828826904297,110095
2020-05-18,227.111083984375,232.41964721679688,234.056396484375,229.14613342285156,232.41964721679688,35802
2020-05-19,227.111083984375,232.41964721679688,232.41964721679688,227.50936889648438,227.50936889648438,4276
2020-05-20,230.30982971191406,235.6931610107422,235.6931610107422,229.14613342285156,229.14613342285156,31159
2020-05-26,230.30982971191406,235.6931610107422,235.6931610107422,229.14613342285156,235.6931610107422,51931
2020-05-27,231.90921020507812,237.32992553710938,237.32992553710938,229.14613342285156,235.6931610107422,439283
2020-05-28,231.90921020507812,237.32992553710938,237.32992553710938,229.14613342285156,230.7828826904297,442704
2020-05-29,231.90921020507812,237.32992553710938,240.6034393310547,235.6931610107422,237.32992553710938,152252
2020-06-02,228.71044921875,234.056396484375,235.6931610107422,234.056396484375,235.6931610107422,17106
2020-06-03,231.90921020507812,237.32992553710938,237.32992553710938,234.056396484375,237.32992553710938,147486
2020-06-04,228.71044921875,234.056396484375,237.32992553710938,234.056396484375,237.32992553710938,391139
2020-06-05,228.71044921875,234.056396484375,235.6931610107422,234.056396484375,235.6931610107422,246340
2020-06-08,231.90921020507812,237.32992553710938,240.6034393310547,237.32992553710938,238.9666748046875,142843
2020-06-09,231.90921020507812,237.32992553710938,240.6034393310547,237.32992553710938,240.6034393310547,170214
2020-06-10,231.90921020507812,237.32992553710938,237.32992553710938,230.7828826904297,230.7828826904297,160805
2020-06-11,230.30982971191406,235.6931610107422,235.6931610107422,235.6931610107422,235.6931610107422,67206
2020-06-12,233.50856018066406,238.9666748046875,238.9666748046875,235.6931610107422,235.6931610107422,148830
2020-06-15,230.30982971191406,235.6931610107422,238.9666748046875,232.41964721679688,232.41964721679688,161172
2020-06-16,230.30982971191406,235.6931610107422,238.9666748046875,235.6931610107422,238.9666748046875,102519
2020-06-17,231.90921020507812,237.32992553710938,237.32992553710938,235.6931610107422,237.32992553710938,112783
2020-06-18,228.71044921875,234.056396484375,235.6931610107422,227.50936889648438,232.41964721679688,289719
2020-06-19,230.30982971191406,235.6931610107422,235.6931610107422,234.056396484375,235.6931610107422,160072
2020-06-22,230.30982971191406,235.6931610107422,235.6931610107422,234.056396484375,235.6931610107422,391016
2020-06-23,230.30982971191406,235.6931610107422,235.6931610107422,234.056396484375,235.6931610107422,170703
2020-06-24,230.30982971191406,235.6931610107422,235.6931610107422,234.056396484375,234.056396484375,187565
2020-06-25,230.30982971191406,235.6931610107422,235.6931610107422,234.056396484375,235.6931610107422,109362
2020-06-26,231.90921020507812,237.32992553710938,243.876953125,234.056396484375,235.6931610107422,138322
2020-06-29,230.30982971191406,235.6931610107422,237.32992553710938,220.96234130859375,237.32992553710938,307314
2020-06-30,230.30982971191406,235.6931610107422,235.6931610107422,230.7828826904297,235.6931610107422,267113
2020-07-01,231.90921020507812,237.32992553710938,238.9666748046875,237.32992553710938,237.32992553710938,202839
2020-07-02,230.30982971191406,235.6931610107422,237.32992553710938,234.056396484375,235.6931610107422,473252
2020-07-03,231.90921020507812,237.32992553710938,237.32992553710938,234.056396484375,235.6931610107422,305481
2020-07-06,231.90921020507812,237.32992553710938,237.32992553710938,235.6931610107422,237.32992553710938,558176
2020-07-07,230.30982971191406,235.6931610107422,237.32992553710938,230.7828826904297,237.32992553710938,263691
2020-07-08,238.3066864013672,243.876953125,292.9797058105469,232.41964721679688,232.41964721679688,581271
2020-07-09,235.10794067382812,240.6034393310547,242.2401885986328,230.7828826904297,237.32992553710938,436350
2020-07-10,231.90921020507812,237.32992553710938,242.2401885986328,234.056396484375,235.6931610107422,145287
2020-07-13,231.90921020507812,237.32992553710938,242.2401885986328,235.6931610107422,242.2401885986328,226545
2020-07-14,231.90921020507812,237.32992553710938,238.9666748046875,237.32992553710938,237.32992553710938,1087515
2020-07-15,233.50856018066406,238.9666748046875,238.9666748046875,235.6931610107422,235.6931610107422,295095
2020-07-16,233.50856018066406,238.9666748046875,245.51370239257812,237.32992553710938,237.32992553710938,199907
2020-07-17,235.10794067382812,240.6034393310547,243.876953125,238.9666748046875,238.9666748046875,174002
2020-07-20,235.10794067382812,240.6034393310547,240.6034393310547,238.9666748046875,240.6034393310547,275300
2020-07-21,239.9060516357422,245.51370239257812,250.42398071289062,238.9666748046875,240.6034393310547,479973
2020-07-22,241.50543212890625,247.1504669189453,247.1504669189453,243.876953125,243.876953125,95188
2020-07-23,241.50543212890625,247.1504669189453,247.1504669189453,245.51370239257812,245.51370239257812,1172439
2020-07-24,243.1048126220703,248.7872314453125,248.7872314453125,245.51370239257812,245.51370239257812,297050
2020-07-27,244.7041778564453,250.42398071289062,250.42398071289062,245.51370239257812,245.51370239257812,284098
2020-07-28,243.1048126220703,248.7872314453125,250.42398071289062,245.51370239257812,250.42398071289062,827489
2020-07-29,243.1048126220703,248.7872314453125,248.7872314453125,245.51370239257812,247.1504669189453,219336
2020-07-30,243.1048126220703,248.7872314453125,248.7872314453125,248.7872314453125,248.7872314453125,49365
2020-08-03,241.50543212890625,247.1504669189453,253.69749450683594,240.6034393310547,253.69749450683594,502823
2020-08-04,243.1048126220703,248.7872314453125,248.7872314453125,243.876953125,247.1504669189453,149808
2020-08-05,244.7041778564453,250.42398071289062,250.42398071289062,243.876953125,250.42398071289062,155795
2020-08-06,243.1048126220703,248.7872314453125,253.69749450683594,248.7872314453125,250.42398071289062,928787
2020-08-07,251.10166931152344,256.97100830078125,256.97100830078125,250.42398071289062,250.42398071289062,588235
2020-08-10,249.50230407714844,255.33425903320312,255.33425903320312,250.42398071289062,252.0607452392578,250617
2020-08-11,247.90292358398438,253.69749450683594,256.97100830078125,253.69749450683594,255.33425903320312,134167
2020-08-12,251.10166931152344,256.97100830078125,256.97100830078125,252.0607452392578,252.0607452392578,204306
2020-08-13,249.50230407714844,255.33425903320312,256.97100830078125,252.0607452392578,256.97100830078125,64273
2020-08-14,251.10166931152344,256.97100830078125,256.97100830078125,252.0607452392578,252.0607452392578,104230
2020-08-18,249.50230407714844,255.33425903320312,258.6077880859375,253.69749450683594,256.97100830078125,254771
2020-08-19,252.70106506347656,258.6077880859375,258.6077880859375,255.33425903320312,256.97100830078125,26638
2020-08-24,255.89981079101562,261.88128662109375,261.88128662109375,256.97100830078125,258.6077880859375,143332
2020-08-25,255.89981079101562,261.88128662109375,261.88128662109375,256.97100830078125,261.88128662109375,295462
2020-08-26,257.4991455078125,263.5180358886719,265.1548156738281,261.88128662109375,263.5180358886719,212248
2020-08-27,259.09857177734375,265.1548156738281,270.0650939941406,261.88128662109375,261.88128662109375,268457
2020-08-28,259.09857177734375,265.1548156738281,270.0650939941406,261.88128662109375,266.79156494140625,339451
2020-08-31,254.30043029785156,260.2445373535156,265.1548156738281,258.6077880859375,265.1548156738281,766637
2020-09-01,255.72564697265625,256.97100830078125,260.2445373535156,253.69749450683594,253.69749450683594,322466
2020-09-02,257.3544921875,258.6077880859375,258.6077880859375,255.33425903320312,256.97100830078125,295584
2020-09-03,260.61212158203125,261.88128662109375,261.88128662109375,258.6077880859375,258.6077880859375,478995
2020-09-04,263.8697814941406,265.1548156738281,266.79156494140625,255.33425903320312,261.88128662109375,452479
2020-09-07,265.49859619140625,266.79156494140625,270.0650939941406,265.1548156738281,268.4283142089844,865857
2020-09-08,265.49859619140625,266.79156494140625,266.79156494140625,261.88128662109375,266.79156494140625,77103
2020-09-09,262.2409362792969,263.5180358886719,266.79156494140625,261.88128662109375,266.79156494140625,118404
2020-09-10,260.61212158203125,261.88128662109375,261.88128662109375,253.69749450683594,253.69749450683594,756495
2020-09-11,260.61212158203125,261.88128662109375,263.5180358886719,258.6077880859375,261.88128662109375,136000
2020-09-14,260.61212158203125,261.88128662109375,263.5180358886719,261.88128662109375,261.88128662109375,130501
2020-09-15,260.61212158203125,261.88128662109375,261.88128662109375,261.88128662109375,261.88128662109375,3421
2020-09-16,262.2409362792969,263.5180358886719,263.5180358886719,261.88128662109375,261.88128662109375,41056
2020-09-17,267.1274108886719,268.4283142089844,270.0650939941406,263.5180358886719,263.5180358886719,87978
2020-09-18,265.49859619140625,266.79156494140625,270.0650939941406,263.5180358886719,263.5180358886719,55719
2020-09-21,270.3851013183594,271.70184326171875,273.3385925292969,265.1548156738281,266.79156494140625,72215
2020-09-22,265.49859619140625,266.79156494140625,270.0650939941406,261.88128662109375,266.79156494140625,908992
2020-09-23,268.7562561035156,270.0650939941406,270.0650939941406,266.79156494140625,266.79156494140625,186221
2020-09-24,270.3851013183594,271.70184326171875,271.70184326171875,265.1548156738281,265.1548156738281,158606
2020-09-25,270.3851013183594,271.70184326171875,271.70184326171875,266.79156494140625,271.70184326171875,122925
2020-09-28,272.013916015625,273.3385925292969,273.3385925292969,266.79156494140625,266.79156494140625,69283
2020-09-29,272.013916015625,273.3385925292969,274.975341796875,271.70184326171875,271.70184326171875,355580
2020-09-30,270.3851013183594,271.70184326171875,273.3385925292969,270.0650939941406,273.3385925292969,367067
2020-10-01,272.013916015625,273.3385925292969,276.61212158203125,271.70184326171875,271.70184326171875,88711
2020-10-02,272.013916015625,273.3385925292969,273.3385925292969,270.0650939941406,273.3385925292969,18206
2020-10-05,276.900390625,278.2488708496094,278.2488708496094,273.3385925292969,273.3385925292969,45944
2020-10-06,281.786865234375,283.1591491699219,283.1591491699219,278.2488708496094,278.2488708496094,181211
2020-10-07,281.786865234375,283.1591491699219,283.1591491699219,276.61212158203125,283.1591491699219,116205
2020-10-08,289.93096923828125,291.3429260253906,291.3429260253906,286.4326477050781,286.4326477050781,234121
2020-10-09,294.8174743652344,296.2532043457031,296.2532043457031,294.616455078125,294.616455078125,25416
2020-10-12,298.0751647949219,299.5267333984375,299.5267333984375,296.2532043457031,296.2532043457031,79425
2020-10-13,301.3327941894531,302.80023193359375,307.71051025390625,299.5267333984375,302.80023193359375,341650
2020-10-14,301.3327941894531,302.80023193359375,307.71051025390625,299.5267333984375,304.43701171875,197219
2020-10-15,296.4463195800781,297.88995361328125,302.80023193359375,286.4326477050781,302.80023193359375,345438
2020-10-16,296.4463195800781,297.88995361328125,299.5267333984375,292.9797058105469,297.88995361328125,176935
2020-10-19,289.93096923828125,291.3429260253906,297.88995361328125,291.3429260253906,297.88995361328125,157262
2020-10-20,289.93096923828125,291.3429260253906,294.616455078125,291.3429260253906,294.616455078125,390650
2020-10-21,286.67333984375,288.0694274902344,294.616455078125,288.0694274902344,294.616455078125,376353
2020-10-22,286.67333984375,288.0694274902344,292.9797058105469,286.4326477050781,292.9797058105469,30792
2020-10-23,288.3021545410156,289.7061767578125,292.9797058105469,288.0694274902344,291.3429260253906,38857
2020-10-26,288.3021545410156,289.7061767578125,301.1634826660156,289.7061767578125,289.7061767578125,23094
2020-10-27,288.3021545410156,289.7061767578125,289.7061767578125,273.3385925292969,288.0694274902344,611330
2020-11-02,286.67333984375,288.0694274902344,289.7061767578125,288.0694274902344,289.7061767578125,122559
2020-11-03,289.93096923828125,291.3429260253906,302.80023193359375,289.7061767578125,289.7061767578125,515653
2020-11-04,288.3021545410156,289.7061767578125,291.3429260253906,289.7061767578125,291.3429260253906,106063
2020-11-05,293.1886291503906,294.616455078125,302.80023193359375,289.7061767578125,291.3429260253906,542658
2020-11-06,298.0751647949219,299.5267333984375,302.80023193359375,296.2532043457031,299.5267333984375,18817
2020-11-09,298.0751647949219,299.5267333984375,304.43701171875,299.5267333984375,302.80023193359375,98365
2020-11-10,307.84808349609375,309.3472595214844,325.71484375,299.5267333984375,299.5267333984375,244629
2020-11-11,307.84808349609375,309.3472595214844,310.9840393066406,301.1634826660156,310.9840393066406,62684
2020-11-12,304.5904541015625,306.0737609863281,312.62078857421875,294.616455078125,310.9840393066406,401525
2020-11-13,304.5904541015625,306.0737609863281,306.0737609863281,306.0737609863281,306.0737609863281,366
2020-11-16,299.7039794921875,301.1634826660156,304.43701171875,299.5267333984375,304.43701171875,6354
2020-11-17,293.1886291503906,294.616455078125,301.1634826660156,294.616455078125,301.1634826660156,229600
2020-11-18,299.7039794921875,301.1634826660156,302.80023193359375,296.2532043457031,296.2532043457031,312813
2020-11-19,304.5904541015625,306.0737609863281,307.71051025390625,304.43701171875,304.43701171875,30303
2020-11-20,302.9616394042969,304.43701171875,309.3472595214844,297.88995361328125,297.88995361328125,350815
2020-11-23,307.84808349609375,309.3472595214844,309.3472595214844,307.71051025390625,307.71051025390625,245974
2020-11-24,309.4769287109375,310.9840393066406,314.2575378417969,307.71051025390625,310.9840393066406,262592
2020-11-25,312.73455810546875,314.2575378417969,315.8943176269531,302.80023193359375,310.9840393066406,272367
2020-11-26,312.73455810546875,314.2575378417969,314.2575378417969,302.80023193359375,314.2575378417969,976686
2020-11-27,311.1057434082031,312.62078857421875,317.53106689453125,309.3472595214844,314.2575378417969,376475
2020-11-30,311.1057434082031,312.62078857421875,314.2575378417969,310.9840393066406,314.2575378417969,58163
2020-12-01,309.4769287109375,310.9840393066406,312.62078857421875,306.0737609863281,312.62078857421875,76003
2020-12-02,307.84808349609375,309.3472595214844,310.9840393066406,306.0737609863281,307.71051025390625,52054
2020-12-03,307.84808349609375,309.3472595214844,310.9840393066406,306.0737609863281,309.3472595214844,68916
2020-12-04,311.1057434082031,312.62078857421875,312.62078857421875,304.43701171875,307.71051025390625,615851
2020-12-07,314.3634033203125,315.8943176269531,315.8943176269531,307.71051025390625,312.62078857421875,560131
2020-12-08,319.2498474121094,320.8045654296875,322.44134521484375,315.8943176269531,319.1678161621094,495125
2020-12-10,322.5075378417969,324.0780944824219,325.71484375,320.8045654296875,320.8045654296875,315623
2020-12-11,324.1363525390625,325.71484375,328.9883728027344,324.0780944824219,324.0780944824219,206872
2020-12-14,330.65167236328125,332.26190185546875,332.26190185546875,327.35162353515625,327.35162353515625,298394
2020-12-15,325.76519775390625,327.35162353515625,335.535400390625,319.1678161621094,328.9883728027344,1020676
2020-12-16,320.87872314453125,322.44134521484375,325.71484375,322.44134521484375,325.71484375,258682
2020-12-17,322.5075378417969,324.0780944824219,335.535400390625,322.44134521484375,322.44134521484375,237298
2020-12-18,315.9922180175781,317.53106689453125,324.0780944824219,317.53106689453125,324.0780944824219,729246
2020-12-21,315.9922180175781,317.53106689453125,319.1678161621094,317.53106689453125,317.53106689453125,490603
2020-12-22,314.3634033203125,315.8943176269531,319.1678161621094,315.8943176269531,317.53106689453125,298639
2020-12-23,315.9922180175781,317.53106689453125,317.53106689453125,310.9840393066406,315.8943176269531,352037
2020-12-28,317.62103271484375,319.1678161621094,319.1678161621094,317.53106689453125,319.1678161621094,302671
2020-12-29,315.9922180175781,317.53106689453125,325.71484375,317.53106689453125,319.1678161621094,842763
2020-12-30,307.84808349609375,309.3472595214844,319.1678161621094,309.3472595214844,319.1678161621094,990616
2021-01-04,315.9922180175781,317.53106689453125,317.53106689453125,307.71051025390625,310.9840393066406,168748
2021-01-05,311.1057434082031,312.62078857421875,320.8045654296875,312.62078857421875,317.53106689453125,187321
2021-01-06,320.87872314453125,322.44134521484375,327.35162353515625,312.62078857421875,317.53106689453125,887852
2021-01-07,317.62103271484375,319.1678161621094,328.9883728027344,315.8943176269531,325.71484375,822357
2021-01-08,314.3634033203125,315.8943176269531,327.35162353515625,315.8943176269531,322.44134521484375,608764
2021-01-11,325.76519775390625,327.35162353515625,327.35162353515625,310.9840393066406,315.8943176269531,1539017
2021-01-12,325.76519775390625,327.35162353515625,330.6251220703125,320.8045654296875,327.35162353515625,514798
2021-01-13,374.62994384765625,376.454345703125,376.454345703125,325.71484375,327.35162353515625,1674407
2021-01-14,403.94879150390625,405.9159851074219,470.56793212890625,376.454345703125,376.454345703125,9984615
2021-01-15,390.9181823730469,392.8219299316406,417.373291015625,392.8219299316406,409.18951416015625,2509106
2021-01-18,381.1452331542969,383.0013732910156,404.27923583984375,379.7278747558594,392.8219299316406,1426233
2021-01-19,381.1452331542969,383.0013732910156,386.27490234375,369.9073181152344,386.27490234375,1310150
2021-01-20,371.3722839355469,373.18084716796875,386.27490234375,369.9073181152344,376.454345703125,909969
2021-01-21,366.4858093261719,368.27056884765625,378.09112548828125,368.27056884765625,368.27056884765625,1992719
2021-01-22,364.85699462890625,366.6338195800781,374.8175964355469,366.6338195800781,368.27056884765625,916812
2021-01-25,356.7128601074219,358.45001220703125,368.27056884765625,343.7192077636719,366.6338195800781,1656933
2021-01-26,350.19757080078125,351.9029846191406,361.7235412597656,343.7192077636719,361.7235412597656,984629
2021-01-27,348.5687561035156,350.2662353515625,351.9029846191406,342.0824279785156,351.9029846191406,84435
2021-01-28,351.8263854980469,353.53973388671875,368.27056884765625,351.9029846191406,351.9029846191406,759428
2021-01-29,343.6822509765625,345.35595703125,358.45001220703125,338.8089294433594,351.9029846191406,559765
2021-02-01,345.3110656738281,346.9927062988281,358.45001220703125,337.1721496582031,358.45001220703125,180478
2021-02-02,348.5687561035156,350.2662353515625,356.8132629394531,345.35595703125,351.9029846191406,268701
2021-02-03,355.08404541015625,356.8132629394531,363.36029052734375,348.62945556640625,350.2662353515625,1286567
2021-02-04,377.8876037597656,379.7278747558594,379.7278747558594,356.8132629394531,356.8132629394531,1850242
2021-02-05,399.0623474121094,401.0057373046875,409.18951416015625,379.7278747558594,381.3646240234375,5576511
2021-02-08,403.94879150390625,405.9159851074219,413.2814025878906,402.6424865722656,409.18951416015625,3172979
2021-02-09,394.17584228515625,396.095458984375,407.5527648925781,392.8219299316406,407.5527648925781,1449084
2021-02-10,390.9181823730469,392.8219299316406,396.095458984375,369.9073181152344,396.095458984375,766026
2021-02-11,488.6477355957031,491.02740478515625,491.02740478515625,384.6381530761719,402.6424865722656,32670802
2021-02-15,610.8096923828125,613.7843017578125,613.7843017578125,470.56793212890625,507.3949890136719,58062460
2021-02-16,761.47607421875,765.1843872070312,765.1843872070312,621.9680786132812,642.4275512695312,121748353
2021-02-17,948.791015625,953.4115600585938,953.4115600585938,773.3681640625,777.4600830078125,102202398
2021-02-18,948.791015625,953.4115600585938,953.4115600585938,953.4115600585938,953.4115600585938,0
2021-02-19,1115.745849609375,1121.1793212890625,1166.1900634765625,887.9412231445312,965.687255859375,214429125
2021-02-22,1115.745849609375,1121.1793212890625,1121.1793212890625,1121.1793212890625,1121.1793212890625,0
2021-02-23,1115.745849609375,1121.1793212890625,1121.1793212890625,1121.1793212890625,1121.1793212890625,0
2021-02-24,1115.745849609375,1121.1793212890625,1121.1793212890625,1121.1793212890625,1121.1793212890625,0
2021-02-25,1115.745849609375,1121.1793212890625,1121.1793212890625,1121.1793212890625,1121.1793212890625,0
2021-02-26,1392.6461181640625,1399.4281005859375,1399.4281005859375,1043.4332275390625,1153.9144287109375,270035632
2021-03-01,1734.6995849609375,1743.1473388671875,1743.1473388671875,1481.2659912109375,1554.920166015625,128382688
2021-03-02,2166.33837890625,2176.88818359375,2176.88818359375,1841.352783203125,1882.271728515625,123830885
2021-03-03,2703.850830078125,2717.018310546875,2717.018310546875,2168.704345703125,2209.623291015625,66549236
2021-03-04,2703.850830078125,2717.018310546875,2717.018310546875,2717.018310546875,2717.018310546875,0
2021-03-05,2703.850830078125,2717.018310546875,2717.018310546875,2717.018310546875,2717.018310546875,0
2021-03-08,2703.850830078125,2717.018310546875,2717.018310546875,2717.018310546875,2717.018310546875,0
2021-03-09,2703.850830078125,2717.018310546875,2717.018310546875,2717.018310546875,2717.018310546875,0
2021-03-10,2703.850830078125,2717.018310546875,2717.018310546875,2717.018310546875,2717.018310546875,0
2021-03-12,2703.850830078125,2717.018310546875,2717.018310546875,2717.018310546875,2717.018310546875,0
2021-03-15,2703.850830078125,2717.018310546875,2717.018310546875,2717.018310546875,2717.018310546875,0
2021-03-16,2703.850830078125,2717.018310546875,2717.018310546875,2717.018310546875,2717.018310546875,0
2021-03-17,2703.850830078125,2717.018310546875,2717.018310546875,2717.018310546875,2717.018310546875,0
2021-03-18,2516.5361328125,2528.791259765625,2528.791259765625,2528.791259765625,2528.791259765625,927198
2021-03-19,2345.509033203125,2356.931640625,2356.931640625,2356.931640625,2356.931640625,818202
2021-03-22,2182.626708984375,2193.255859375,2193.255859375,2193.255859375,2193.255859375,618417
2021-03-23,2036.0323486328125,2045.9476318359375,2045.9476318359375,2045.9476318359375,2045.9476318359375,452479
2021-03-24,1897.58203125,1906.8231201171875,1906.8231201171875,1906.8231201171875,1906.8231201171875,653853
2021-03-25,1767.2760009765625,1775.8824462890625,1775.8824462890625,1775.8824462890625,1775.8824462890625,998559
2021-03-26,1645.1141357421875,1653.1256103515625,1653.1256103515625,1653.1256103515625,1653.1256103515625,925365
2021-03-29,1531.0963134765625,1538.5526123046875,1538.5526123046875,1538.5526123046875,1538.5526123046875,468487
2021-03-30,1425.22265625,1432.163330078125,1468.9903564453125,1432.163330078125,1432.163330078125,49020439
2021-03-31,1327.4930419921875,1333.957763671875,1333.957763671875,1333.957763671875,1333.957763671875,3730911
2021-04-01,1237.90771484375,1243.9361572265625,1243.9361572265625,1243.9361572265625,1243.9361572265625,1746012
2021-04-05,1152.394287109375,1158.00634765625,1158.00634765625,1158.00634765625,1158.00634765625,1086171
2021-04-06,1075.0250244140625,1080.2603759765625,1080.2603759765625,1080.2603759765625,1080.2603759765625,1470101
2021-04-07,1180.898681640625,1186.6495361328125,1350.325439453125,1006.606201171875,1006.606201171875,221167689
2021-04-08,1266.4119873046875,1272.579345703125,1329.865966796875,1186.6495361328125,1190.741455078125,80454285
2021-04-09,1180.898681640625,1186.6495361328125,1293.038818359375,1186.6495361328125,1293.038818359375,31919317
2021-04-12,1099.4573974609375,1104.8116455078125,1190.741455078125,1104.8116455078125,1186.6495361328125,23685968
2021-04-13,1026.160400390625,1031.1575927734375,1117.08740234375,1031.1575927734375,1063.8927001953125,24200644
2021-04-14,956.9351806640625,961.5953369140625,1027.065673828125,961.5953369140625,982.0548095703125,11729406
2021-04-15,891.7822265625,896.1250610351562,896.1250610351562,896.1250610351562,896.1250610351562,1870160
2021-04-16,830.701171875,834.74658203125,994.3305053710938,834.74658203125,834.74658203125,115556601
2021-04-19,883.6380004882812,887.9412231445312,887.9412231445312,777.4600830078125,777.4600830078125,72941751
2021-04-20,822.5570678710938,826.5628051757812,912.4926147460938,826.5628051757812,912.4926147460938,47390388
2021-04-21,765.5481567382812,769.2763061523438,834.74658203125,769.2763061523438,818.3790283203125,19711282
2021-04-22,749.2598876953125,752.90869140625,781.552001953125,720.1735229492188,765.1843872070312,41028666
2021-04-23,700.3951416015625,703.8059692382812,777.4600830078125,703.8059692382812,752.90869140625,21668077
2021-04-26,651.5303955078125,654.7032470703125,703.8059692382812,654.7032470703125,703.8059692382812,16823011
2021-04-27,618.953857421875,621.9680786132812,707.8978881835938,613.7843017578125,650.611328125,35840483
2021-04-28,692.2509765625,695.6221923828125,740.6329956054688,613.7843017578125,654.7032470703125,52434872
2021-04-29,663.7465209960938,666.9788818359375,744.7249145507812,658.7951049804688,699.7140502929688,38045940
2021-04-30,655.6024169921875,658.7951049804688,699.7140502929688,646.5194091796875,650.611328125,12175165
2021-05-03,627.0979614257812,630.15185546875,683.3464965820312,630.15185546875,662.8870239257812,7927133
2021-05-04,659.6744384765625,662.8870239257812,675.1627197265625,601.5086059570312,601.5086059570312,12330594
2021-05-05,667.818603515625,671.07080078125,675.1627197265625,646.5194091796875,662.8870239257812,8778939
2021-05-06,651.5303955078125,654.7032470703125,695.6221923828125,638.3356323242188,638.3356323242188,3340750
2021-05-07,639.3141479492188,642.4275512695312,662.8870239257812,638.3356323242188,658.7951049804688,3597477
2021-05-10,643.3861694335938,646.5194091796875,658.7951049804688,609.6923828125,609.6923828125,2444832
2021-05-11,631.1700439453125,634.2437744140625,654.7032470703125,605.6004638671875,605.6004638671875,2304922
2021-05-17,627.0979614257812,630.15185546875,646.5194091796875,613.7843017578125,630.15185546875,3824511
2021-05-18,594.5214233398438,597.4166870117188,646.5194091796875,593.3247680664062,621.9680786132812,5643350
2021-05-19,574.1611328125,576.9572143554688,621.9680786132812,572.8652954101562,597.4166870117188,2412085
2021-05-20,586.3772583007812,589.23291015625,613.7843017578125,572.8652954101562,572.8652954101562,4021974
2021-05-21,732.9716186523438,736.5411376953125,736.5411376953125,581.0491333007812,589.23291015625,35811645
2021-05-24,684.1068725585938,687.4384155273438,834.74658203125,687.4384155273438,761.092529296875,55862012
2021-05-25,643.3861694335938,646.5194091796875,691.5302734375,642.4275512695312,662.8870239257812,19799260
2021-05-27,667.818603515625,671.07080078125,687.4384155273438,646.5194091796875,646.5194091796875,6667081
2021-05-28,720.7554321289062,724.2654418945312,789.7357788085938,654.7032470703125,671.07080078125,46332443
2021-05-31,696.3230590820312,699.7140502929688,736.5411376953125,683.3464965820312,736.5411376953125,11754211
2021-06-02,700.3951416015625,703.8059692382812,748.8168334960938,683.3464965820312,703.8059692382812,10607554
2021-06-03,696.3230590820312,699.7140502929688,720.1735229492188,691.5302734375,707.8978881835938,5708601
2021-06-04,692.2509765625,695.6221923828125,720.1735229492188,691.5302734375,699.7140502929688,6171101
2021-06-07,704.4671630859375,707.8978881835938,740.6329956054688,683.3464965820312,695.6221923828125,21369438
2021-06-08,688.1788940429688,691.5302734375,740.6329956054688,687.4384155273438,716.0816650390625,13570851
2021-06-09,696.3230590820312,699.7140502929688,720.1735229492188,687.4384155273438,695.6221923828125,6656939
2021-06-10,867.3497924804688,871.5736694335938,871.5736694335938,703.8059692382812,707.8978881835938,93468914
2021-06-11,810.3408203125,814.287109375,920.6763916015625,814.287109375,892.0331420898438,50147790
2021-06-14,757.404052734375,761.092529296875,822.470947265625,761.092529296875,785.6438598632812,31547240
2021-06-15,704.4671630859375,707.8978881835938,777.4600830078125,707.8978881835938,761.092529296875,19754538
2021-06-16,659.6744384765625,662.8870239257812,703.8059692382812,658.7951049804688,703.8059692382812,19390281
2021-06-17,667.818603515625,671.07080078125,687.4384155273438,646.5194091796875,646.5194091796875,6857702
2021-06-18,651.5303955078125,654.7032470703125,687.4384155273438,646.5194091796875,662.8870239257812,7247864
2021-06-21,667.818603515625,671.07080078125,707.8978881835938,609.6923828125,646.5194091796875,22277085
2021-06-22,663.7465209960938,666.9788818359375,687.4384155273438,654.7032470703125,679.2545776367188,5011614
2021-06-23,675.9627075195312,679.2545776367188,699.7140502929688,666.9788818359375,666.9788818359375,8840646
2021-06-24,696.3230590820312,699.7140502929688,744.7249145507812,675.1627197265625,679.2545776367188,15407041
2021-06-25,675.9627075195312,679.2545776367188,703.8059692382812,679.2545776367188,703.8059692382812,4323668
2021-06-28,659.6744384765625,662.8870239257812,683.3464965820312,658.7951049804688,679.2545776367188,3047976
2021-06-29,655.6024169921875,658.7951049804688,671.07080078125,654.7032470703125,671.07080078125,2838049
2021-06-30,663.7465209960938,666.9788818359375,687.4384155273438,658.7951049804688,658.7951049804688,5517858
2021-07-01,651.5303955078125,654.7032470703125,671.07080078125,650.611328125,671.07080078125,3213303
2021-07-02,659.6744384765625,662.8870239257812,666.9788818359375,642.4275512695312,654.7032470703125,2340724
2021-07-05,675.9627075195312,679.2545776367188,728.3573608398438,650.611328125,662.8870239257812,25282783
2021-07-06,667.818603515625,671.07080078125,695.6221923828125,666.9788818359375,687.4384155273438,5472525
2021-07-07,692.2509765625,695.6221923828125,736.5411376953125,671.07080078125,675.1627197265625,16342305
2021-07-08,789.9805297851562,793.82763671875,867.4817504882812,695.6221923828125,699.7140502929688,108271102
2021-07-09,912.1425170898438,916.5845336914062,973.8710327148438,740.6329956054688,806.1033325195312,138406160
2021-07-12,1140.177978515625,1145.7305908203125,1145.7305908203125,879.7574462890625,932.9520874023438,130040843
2021-07-13,1156.4664306640625,1162.0982666015625,1358.5091552734375,1067.984619140625,1178.4658203125,190355072
2021-07-14,1087.2412109375,1092.5360107421875,1288.947021484375,1084.3521728515625,1178.4658203125,56850918
2021-07-15,1258.26806640625,1264.3956298828125,1276.6712646484375,1018.8818969726562,1104.8116455078125,95113751
2021-07-16,1180.898681640625,1186.6495361328125,1321.68212890625,1186.6495361328125,1272.579345703125,68136276
2021-07-19,1107.6015625,1112.9954833984375,1227.568603515625,1108.903564453125,1194.8333740234375,26069827
2021-07-21,1209.4031982421875,1215.2928466796875,1256.2117919921875,1072.0765380859375,1080.2603759765625,60705245
2021-07-22,1164.6104736328125,1170.281982421875,1333.957763671875,1158.00634765625,1227.568603515625,74921640
2021-07-23,1184.970703125,1190.741455078125,1215.2928466796875,1137.546875,1182.5577392578125,18782250
2021-07-26,1217.54736328125,1223.4766845703125,1264.3956298828125,1174.3739013671875,1207.109130859375,51954899
2021-07-27,1237.90771484375,1243.9361572265625,1325.7740478515625,1194.8333740234375,1227.568603515625,69525119
2021-07-28,1270.484130859375,1276.6712646484375,1313.498291015625,1243.9361572265625,1252.119873046875,36700231
2021-07-29,1376.3577880859375,1383.060546875,1489.4498291015625,1284.8551025390625,1293.038818359375,127416265
2021-07-30,1303.060791015625,1309.406494140625,1485.35791015625,1309.406494140625,1395.3363037109375,74192883
2021-08-02,1213.475341796875,1219.384765625,1329.865966796875,1219.384765625,1305.3145751953125,47712121
2021-08-03,1254.1959228515625,1260.3037109375,1297.1307373046875,1170.281982421875,1182.5577392578125,40624941
2021-08-04,1274.55615234375,1280.76318359375,1333.957763671875,1239.84423828125,1272.579345703125,35892048
2021-08-05,1225.69140625,1231.660400390625,1309.406494140625,1211.200927734375,1288.947021484375,22751560
2021-08-06,1225.69140625,1231.660400390625,1264.3956298828125,1194.8333740234375,1235.7523193359375,13440471
2021-08-09,1237.90771484375,1243.9361572265625,1325.7740478515625,1231.660400390625,1235.7523193359375,36756318
2021-08-10,1152.394287109375,1158.00634765625,1284.8551025390625,1158.00634765625,1260.3037109375,19890905
2021-08-12,1075.0250244140625,1080.2603759765625,1158.00634765625,1080.2603759765625,1145.7305908203125,36842463
2021-08-13,1001.7279052734375,1006.606201171875,1063.8927001953125,1006.606201171875,1022.9738159179688,19212124
2021-08-16,932.5028076171875,937.0440063476562,990.2386474609375,937.0440063476562,990.2386474609375,8853110
2021-08-18,867.3497924804688,871.5736694335938,937.0440063476562,871.5736694335938,937.0440063476562,15378570
2021-08-19,818.4850463867188,822.470947265625,920.6763916015625,814.287109375,818.3790283203125,26620916
2021-08-20,1022.0881958007812,1027.065673828125,1027.065673828125,855.2061157226562,855.2061157226562,24887367
2021-08-23,1274.55615234375,1280.76318359375,1280.76318359375,1108.903564453125,1137.546875,101583369
2021-08-24,1229.763427734375,1235.7523193359375,1333.957763671875,1194.8333740234375,1309.406494140625,53747466
2021-08-25,1311.204833984375,1317.5902099609375,1538.5526123046875,1158.00634765625,1235.7523193359375,163174757
2021-08-26,1224.662109375,1227.568603515625,1350.325439453125,1227.568603515625,1329.865966796875,35973306
2021-08-27,1183.8399658203125,1186.6495361328125,1260.3037109375,1149.822509765625,1178.4658203125,14401273
2021-08-30,1245.0731201171875,1248.028076171875,1329.865966796875,1170.281982421875,1211.200927734375,29190630
2021-08-31,1228.7442626953125,1231.660400390625,1284.8551025390625,1211.200927734375,1248.028076171875,10528862
2021-09-01,1212.4154052734375,1215.2928466796875,1256.2117919921875,1207.109130859375,1231.660400390625,7580228
2021-09-02,1163.428955078125,1166.1900634765625,1227.568603515625,1162.0982666015625,1215.2928466796875,5685873
2021-09-03,1098.1136474609375,1100.7198486328125,1203.0172119140625,1088.444091796875,1194.8333740234375,12871664
2021-09-06,1118.5247802734375,1121.1793212890625,1145.7305908203125,1047.525146484375,1112.9954833984375,7583038
2021-09-07,1106.278076171875,1108.903564453125,1145.7305908203125,1096.6279296875,1125.2711181640625,3122514
2021-09-08,1081.7847900390625,1084.3521728515625,1125.2711181640625,1076.16845703125,1108.903564453125,2856744
2021-09-09,1040.9627685546875,1043.4332275390625,1096.6279296875,1031.1575927734375,1084.3521728515625,4905795
2021-09-10,1183.8399658203125,1186.6495361328125,1219.384765625,1043.4332275390625,1043.4332275390625,21603559
2021-09-13,1175.675537109375,1178.4658203125,1256.2117919921875,1166.1900634765625,1194.8333740234375,22381682
2021-09-14,1134.853515625,1137.546875,1211.200927734375,1137.546875,1186.6495361328125,7088035
2021-09-15,1200.1688232421875,1203.0172119140625,1235.7523193359375,1121.1793212890625,1137.546875,10274090
2021-09-16,1179.7578125,1182.5577392578125,1219.384765625,1166.1900634765625,1215.2928466796875,5890424
2021-09-17,1159.3468017578125,1162.0982666015625,1219.384765625,1121.1793212890625,1194.8333740234375,11967437
2021-09-20,1110.3602294921875,1112.9954833984375,1174.3739013671875,1112.9954833984375,1170.281982421875,6177822
2021-09-21,1098.1136474609375,1100.7198486328125,1112.9954833984375,1047.525146484375,1112.9954833984375,2972339
2021-09-22,1110.3602294921875,1112.9954833984375,1149.822509765625,1080.2603759765625,1104.8116455078125,5013447
2021-09-23,1061.373779296875,1063.8927001953125,1133.4549560546875,1063.8927001953125,1117.08740234375,5104358
2021-09-24,1065.4559326171875,1067.984619140625,1096.6279296875,1055.708984375,1063.8927001953125,4408592
2021-09-27,1053.2093505859375,1055.708984375,1084.3521728515625,1047.525146484375,1080.2603759765625,6432227
2021-09-28,1061.373779296875,1063.8927001953125,1112.9954833984375,1055.708984375,1055.708984375,4730570
2021-09-29,1049.127197265625,1051.6170654296875,1092.5360107421875,1039.3414306640625,1063.8927001953125,4638681
2021-09-30,1040.9627685546875,1043.4332275390625,1084.3521728515625,1043.4332275390625,1063.8927001953125,2148026
2021-10-01,1028.7161865234375,1031.1575927734375,1067.984619140625,1031.1575927734375,1043.4332275390625,4164573
2021-10-04,1036.880615234375,1039.3414306640625,1067.984619140625,1039.3414306640625,1047.525146484375,8053847
2021-10-05,1032.79833984375,1035.24951171875,1043.4332275390625,1014.7899780273438,1039.3414306640625,4735947
2021-10-06,1081.7847900390625,1084.3521728515625,1145.7305908203125,1022.9738159179688,1035.24951171875,10015163
2021-10-07,1094.031494140625,1096.6279296875,1133.4549560546875,1076.16845703125,1092.5360107421875,2478802
2021-10-08,1094.031494140625,1096.6279296875,1129.363037109375,1096.6279296875,1125.2711181640625,4570864
2021-10-11,1171.5933837890625,1174.3739013671875,1203.0172119140625,1108.903564453125,1117.08740234375,18224073
2021-10-12,1147.10009765625,1149.822509765625,1203.0172119140625,1133.4549560546875,1178.4658203125,6681989
2021-10-13,1110.3602294921875,1112.9954833984375,1174.3739013671875,1104.8116455078125,1149.822509765625,5159711
2021-10-14,1118.5247802734375,1121.1793212890625,1145.7305908203125,1076.16845703125,1112.9954833984375,3252282
2021-10-15,1126.6890869140625,1129.363037109375,1158.00634765625,1096.6279296875,1158.00634765625,2491143
2021-10-18,1302.2239990234375,1305.3145751953125,1362.60107421875,1141.6387939453125,1141.6387939453125,36727236
2021-10-19,1261.4019775390625,1264.3956298828125,1325.7740478515625,1252.119873046875,1305.3145751953125,10182445
2021-10-21,1318.5528564453125,1321.68212890625,1411.703857421875,1239.84423828125,1264.3956298828125,48953355
2021-10-22,1351.2105712890625,1354.4173583984375,1411.703857421875,1317.5902099609375,1317.5902099609375,23944039
2021-10-25,1424.690185546875,1428.0714111328125,1448.5308837890625,1358.5091552734375,1358.5091552734375,26641811
2021-10-26,1326.71728515625,1329.865966796875,1440.3470458984375,1329.865966796875,1428.0714111328125,23073660
2021-10-27,1236.90869140625,1239.84423828125,1309.406494140625,1239.84423828125,1309.406494140625,8988377
2021-10-28,1159.3468017578125,1162.0982666015625,1231.660400390625,1153.9144287109375,1211.200927734375,17992396
2021-10-29,1179.7578125,1182.5577392578125,1223.4766845703125,1158.00634765625,1162.0982666015625,8269395
2021-11-01,1318.5528564453125,1321.68212890625,1321.68212890625,1186.6495361328125,1186.6495361328125,22083532
2021-11-02,1306.3062744140625,1309.406494140625,1403.52001953125,1268.487548828125,1333.957763671875,23888930
2021-11-03,1294.0595703125,1297.1307373046875,1358.5091552734375,1280.76318359375,1317.5902099609375,6837296
2021-11-04,1359.3748779296875,1362.60107421875,1370.784912109375,1293.038818359375,1297.1307373046875,11285601
2021-11-05,1698.1981201171875,1702.2283935546875,1702.2283935546875,1366.6929931640625,1370.784912109375,132218563
2021-11-08,2122.74755859375,2127.785400390625,2127.785400390625,1734.9635009765625,1759.514892578125,68345226
2021-11-09,1975.7882080078125,1980.477294921875,2414.21826171875,1980.477294921875,2250.542236328125,26067627
2021-11-10,2000.2813720703125,2005.0286865234375,2127.785400390625,1849.53662109375,1849.53662109375,83267651
2021-11-11,1877.8150634765625,1882.271728515625,2127.785400390625,1865.9041748046875,2070.4990234375,41276839
2021-11-12,2343.186767578125,2348.747802734375,2348.747802734375,1915.0069580078125,1915.0069580078125,120888727
2021-11-15,2465.65283203125,2471.504638671875,2717.018310546875,2365.115478515625,2381.48291015625,78210214
2021-11-16,3077.984130859375,3085.2890625,3085.2890625,2414.21826171875,2479.6884765625,74943880
2021-11-17,2865.709228515625,2872.510498046875,3232.59716796875,2872.510498046875,3232.59716796875,64488577
2021-11-18,2669.76318359375,2676.099365234375,2676.099365234375,2676.099365234375,2676.099365234375,4093579
2021-11-19,2816.722900390625,2823.40771484375,2962.531982421875,2496.05615234375,2496.05615234375,47158221
2021-11-22,2792.2294921875,2798.856201171875,3142.575439453125,2659.73193359375,2839.775146484375,41118844
2021-11-23,2620.776611328125,2626.99658203125,2823.40771484375,2610.629150390625,2798.856201171875,23361791
2021-11-24,2726.914306640625,2733.385986328125,2962.531982421875,2512.423583984375,2635.180419921875,41597228
2021-11-25,2686.092041015625,2692.467041015625,2790.672607421875,2676.099365234375,2757.937255859375,8606036
2021-11-26,2669.76318359375,2676.099365234375,2741.56982421875,2577.89404296875,2717.018310546875,11988699
2021-11-29,2841.2158203125,2847.958984375,2880.694091796875,2635.180419921875,2659.73193359375,20462889
2021-11-30,2726.914306640625,2733.385986328125,3060.737548828125,2692.467041015625,2864.32666015625,25169755
2021-12-01,2865.709228515625,2872.510498046875,2897.061767578125,2733.385986328125,2749.753662109375,12697661
2021-12-02,2792.2294921875,2798.856201171875,2929.796875,2782.48876953125,2905.24560546875,6870777
2021-12-03,2873.87353515625,2880.694091796875,3208.0458984375,2741.56982421875,2798.856201171875,59942273
2021-12-06,3143.29931640625,3150.75927734375,3150.75927734375,2823.40771484375,2880.694091796875,30761785
2021-12-07,3673.986083984375,3682.70556640625,3936.403076171875,3126.2080078125,3175.310546875,91268100
2021-12-08,3992.3984375,4001.87353515625,4091.895263671875,3690.889404296875,3723.62451171875,35803703
2021-12-09,4102.61767578125,4112.3544921875,4235.111328125,3928.21923828125,4042.79248046875,27853597
2021-12-10,3747.466064453125,3756.35986328125,3985.505859375,3625.419189453125,3690.889404296875,25831673
2021-12-13,3616.83544921875,3625.419189453125,3821.830078125,3600.86767578125,3764.54345703125,11867483
2021-12-14,3518.8623046875,3527.213623046875,3682.70556640625,3379.905517578125,3641.78662109375,12518526
2021-12-15,3469.875732421875,3478.11083984375,3658.154296875,3379.905517578125,3527.213623046875,11441642
2021-12-16,3567.848876953125,3576.31640625,3600.86767578125,3404.456787109375,3478.11083984375,10314047
2021-12-17,3494.369140625,3502.662353515625,3641.78662109375,3453.5595703125,3584.500244140625,8962350
2021-12-20,3347.40966796875,3355.35400390625,3568.132568359375,3281.699951171875,3494.478515625,9364365
2021-12-21,3273.929931640625,3281.699951171875,3396.27294921875,3142.575439453125,3355.35400390625,17689602
2021-12-22,3200.4501953125,3208.0458984375,3347.170166015625,3158.943115234375,3306.251220703125,7625439
2021-12-23,2980.010986328125,2987.08349609375,3281.699951171875,2987.08349609375,3199.862060546875,21406706
2021-12-24,2955.517578125,2962.531982421875,3019.818603515625,2839.775146484375,2946.16455078125,11179783
2021-12-27,2898.366943359375,2905.24560546875,3068.92138671875,2888.8779296875,2970.7158203125,6400457
2021-12-28,2702.421142578125,2708.834716796875,3003.450927734375,2708.834716796875,2905.24560546875,18564625
2021-12-29,2588.119140625,2594.261474609375,2708.834716796875,2520.607421875,2659.73193359375,18333558
2021-12-30,2645.27001953125,2651.548095703125,2823.40771484375,2577.89404296875,2594.261474609375,16928464
2022-01-03,2596.283447265625,2602.4453125,2708.834716796875,2528.791259765625,2700.65087890625,7372378
2022-01-04,2661.598876953125,2667.91552734375,2823.40771484375,2610.629150390625,2618.81298828125,15394822
2022-01-05,2604.447998046875,2610.629150390625,2700.65087890625,2569.710205078125,2692.467041015625,7760951
2022-01-06,2612.612548828125,2618.81298828125,2643.3642578125,2455.13720703125,2610.629150390625,9120223
2022-01-07,2555.46142578125,2561.5263671875,2651.548095703125,2553.342529296875,2618.81298828125,3692909
2022-01-10,2898.366943359375,2905.24560546875,3011.634765625,2569.710205078125,2577.89404296875,34038873
2022-01-11,2702.421142578125,2708.834716796875,2937.980712890625,2708.834716796875,2929.796875,13840041
2022-01-12,2588.119140625,2594.261474609375,2733.385986328125,2553.342529296875,2725.2021484375,7730769
2022-01-13,2604.447998046875,2610.629150390625,2700.65087890625,2586.07763671875,2594.261474609375,2836705
2022-01-14,2620.776611328125,2626.99658203125,2692.467041015625,2577.89404296875,2643.3642578125,4316703
2022-01-17,2588.119140625,2594.261474609375,2757.937255859375,2594.261474609375,2659.73193359375,6270810
2022-01-18,2424.830810546875,2430.585693359375,2651.548095703125,2414.21826171875,2594.261474609375,14796688
2022-01-19,2367.679931640625,2373.299072265625,2471.504638671875,2340.56396484375,2430.585693359375,8326948
2022-01-20,2269.70703125,2275.09375,2430.585693359375,2258.72607421875,2373.299072265625,8269884
2022-01-21,2286.03564453125,2291.461181640625,2340.56396484375,2176.88818359375,2258.72607421875,13467842
2022-01-24,2130.911865234375,2135.96923828125,2340.56396484375,2135.96923828125,2332.380126953125,8732139
2022-01-25,2130.911865234375,2135.96923828125,2185.072021484375,1988.6610107421875,2135.96923828125,10579083
2022-01-26,2130.911865234375,2135.96923828125,2283.277587890625,2095.05029296875,2135.96923828125,6532914
2022-01-27,2147.240966796875,2152.3369140625,2217.80712890625,2111.41796875,2135.96923828125,2461084
2022-01-28,2188.06298828125,2193.255859375,2266.909912109375,2160.520751953125,2160.520751953125,4496816
2022-01-31,2204.3916015625,2209.623291015625,2234.1748046875,2168.704345703125,2234.1748046875,1533152
2022-02-02,2384.0087890625,2389.666748046875,2438.76953125,2209.623291015625,2209.623291015625,7643646
2022-02-03,2302.36474609375,2307.828857421875,2406.034423828125,2283.277587890625,2397.8505859375,3017917
2022-02-04,2302.36474609375,2307.828857421875,2373.299072265625,2275.09375,2307.828857421875,2137151
2022-02-07,2637.105712890625,2643.3642578125,2700.65087890625,2316.0126953125,2316.0126953125,18027710
2022-02-08,2579.95458984375,2586.07763671875,2790.672607421875,2520.607421875,2667.91552734375,11338267
2022-02-09,2530.96826171875,2536.97509765625,2618.81298828125,2504.23974609375,2602.4453125,3280631
2022-02-10,2653.4345703125,2659.73193359375,2700.65087890625,2528.791259765625,2561.5263671875,11599515
2022-02-11,2612.612548828125,2618.81298828125,2757.937255859375,2602.4453125,2700.65087890625,6648264
2022-02-14,2506.47509765625,2512.423583984375,2651.548095703125,2438.76953125,2618.81298828125,7032560
2022-02-15,2530.96826171875,2536.97509765625,2577.89404296875,2479.6884765625,2520.607421875,3351747
2022-02-16,2555.46142578125,2561.5263671875,2643.3642578125,2553.342529296875,2553.342529296875,2504585
2022-02-17,2604.447998046875,2610.629150390625,2618.81298828125,2520.607421875,2577.89404296875,2601361
2022-02-18,2547.297119140625,2553.342529296875,2676.099365234375,2553.342529296875,2618.81298828125,3468319
2022-02-21,2539.132568359375,2545.15869140625,2602.4453125,2512.423583984375,2586.07763671875,2323739
2022-02-22,2588.119140625,2594.261474609375,2635.180419921875,2536.97509765625,2545.15869140625,3627781
2022-02-23,2555.46142578125,2561.5263671875,2626.99658203125,2545.15869140625,2618.81298828125,3353213
2022-02-24,2384.0087890625,2389.666748046875,2586.07763671875,2389.666748046875,2561.5263671875,8988622
2022-02-25,2294.2001953125,2299.64501953125,2455.13720703125,2266.909912109375,2389.666748046875,4680105
2022-03-01,2294.2001953125,2299.64501953125,2373.299072265625,2275.09375,2307.828857421875,3214769
2022-03-02,2228.885009765625,2234.1748046875,2348.747802734375,2209.623291015625,2348.747802734375,2390212
2022-03-04,2196.227294921875,2201.439697265625,2250.542236328125,2168.704345703125,2225.990966796875,2363574
2022-03-07,2122.74755859375,2127.785400390625,2217.80712890625,2127.785400390625,2201.439697265625,2646328
2022-03-08,2098.25439453125,2103.234130859375,2225.990966796875,2070.4990234375,2127.785400390625,2969895
2022-03-09,2163.569580078125,2168.704345703125,2193.255859375,2086.866455078125,2119.601806640625,1649968
2022-03-10,2188.06298828125,2193.255859375,2225.990966796875,2144.153076171875,2185.072021484375,1022386
2022-03-11,2196.227294921875,2201.439697265625,2225.990966796875,2168.704345703125,2168.704345703125,1138347
2022-03-14,2277.87158203125,2283.277587890625,2348.747802734375,2225.990966796875,2225.990966796875,3007775
2022-03-15,2245.213623046875,2250.542236328125,2422.40185546875,2209.623291015625,2283.277587890625,6940793
2022-03-16,2253.378173828125,2258.72607421875,2307.828857421875,2201.439697265625,2234.1748046875,2089740
2022-03-17,2253.378173828125,2258.72607421875,2316.0126953125,2234.1748046875,2316.0126953125,1578852
2022-03-18,2245.213623046875,2250.542236328125,2291.461181640625,2217.80712890625,2258.72607421875,1442363
2022-03-21,2269.70703125,2275.09375,2307.828857421875,2217.80712890625,2250.542236328125,911558
2022-03-22,2286.03564453125,2291.461181640625,2324.196533203125,2266.909912109375,2291.461181640625,891274
2022-03-23,2245.213623046875,2250.542236328125,2332.380126953125,2242.358642578125,2307.828857421875,1060144
2022-03-24,2204.3916015625,2209.623291015625,2283.277587890625,2209.623291015625,2250.542236328125,3215136
2022-03-25,2204.3916015625,2209.623291015625,2242.358642578125,2185.072021484375,2209.623291015625,1292677
2022-03-28,2212.55615234375,2217.80712890625,2250.542236328125,2209.623291015625,2234.1748046875,494147
2022-03-29,2188.06298828125,2193.255859375,2242.358642578125,2193.255859375,2225.990966796875,1084705
2022-03-30,2188.06298828125,2193.255859375,2258.72607421875,2193.255859375,2193.255859375,1109632
2022-03-31,2179.8984375,2185.072021484375,2250.542236328125,2185.072021484375,2193.255859375,1892521
2022-04-01,2163.569580078125,2168.704345703125,2217.80712890625,2160.520751953125,2193.255859375,1029596
2022-04-04,2179.8984375,2185.072021484375,2209.623291015625,2168.704345703125,2168.704345703125,1215695
2022-04-05,2155.4052734375,2160.520751953125,2185.072021484375,2135.96923828125,2185.072021484375,1817495
2022-04-06,2163.569580078125,2168.704345703125,2217.80712890625,2160.520751953125,2168.704345703125,1613677
2022-04-07,2188.06298828125,2193.255859375,2225.990966796875,2168.704345703125,2168.704345703125,1489896
2022-04-08,2286.03564453125,2291.461181640625,2299.64501953125,2209.623291015625,2209.623291015625,5471670
2022-04-11,2310.529052734375,2316.0126953125,2471.504638671875,2275.09375,2316.0126953125,9093219
2022-04-12,2188.06298828125,2193.255859375,2340.56396484375,2160.520751953125,2324.196533203125,3800561
2022-04-13,2179.8984375,2185.072021484375,2242.358642578125,2152.3369140625,2193.255859375,2720622
2022-04-14,2122.74755859375,2127.785400390625,2242.358642578125,2095.05029296875,2185.072021484375,3081823
2022-04-18,2114.583251953125,2119.601806640625,2193.255859375,2086.866455078125,2127.785400390625,1830569
2022-04-19,1967.6236572265625,1972.29345703125,2160.520751953125,1972.29345703125,2152.3369140625,7328266
2022-04-20,1967.6236572265625,1972.29345703125,2013.21240234375,1964.109619140625,1972.29345703125,3540413
2022-04-21,1926.8016357421875,1931.37451171875,2029.5799560546875,1890.45556640625,1996.8448486328125,1664143
2022-04-22,1918.63720703125,1923.190673828125,1947.7420654296875,1882.271728515625,1931.37451171875,1355973
2022-04-25,1845.157470703125,1849.53662109375,1931.37451171875,1824.9852294921875,1931.37451171875,2910509
2022-04-26,1804.33544921875,1808.61767578125,1882.271728515625,1767.69873046875,1849.53662109375,2920529
2022-04-27,1836.9930419921875,1841.352783203125,1849.53662109375,1800.433837890625,1808.61767578125,1438575
2022-04-28,1853.322021484375,1857.720458984375,1865.9041748046875,1808.61767578125,1841.352783203125,1087760
2022-05-09,1730.855712890625,1734.9635009765625,1890.45556640625,1734.9635009765625,1857.720458984375,1303674
2022-05-10,1620.63623046875,1624.482421875,1734.9635009765625,1616.298583984375,1734.9635009765625,2844158
2022-05-11,1616.553955078125,1620.3905029296875,1677.677001953125,1571.2877197265625,1624.482421875,1146412
2022-05-12,1506.3343505859375,1509.9093017578125,1620.3905029296875,1509.9093017578125,1620.3905029296875,2664902
2022-05-13,1404.2791748046875,1407.6119384765625,1505.8173828125,1407.6119384765625,1505.8173828125,4987297
2022-05-17,1306.3062744140625,1309.406494140625,1448.5308837890625,1309.406494140625,1407.6119384765625,2656837
2022-05-18,1465.51220703125,1468.9903564453125,1530.3687744140625,1243.9361572265625,1309.406494140625,4168972
2022-05-19,1469.594482421875,1473.082275390625,1522.18505859375,1419.8875732421875,1456.7147216796875,2659525
2022-05-20,1514.498779296875,1518.0931396484375,1604.02294921875,1473.082275390625,1481.2659912109375,2393756
2022-05-23,1502.2520751953125,1505.8173828125,1587.6552734375,1497.6336669921875,1518.0931396484375,465676
2022-05-24,1481.841064453125,1485.35791015625,1550.8282470703125,1456.7147216796875,1505.8173828125,790465
2022-05-25,1441.01904296875,1444.43896484375,1509.9093017578125,1391.244384765625,1485.35791015625,593245
2022-05-27,1408.3614501953125,1411.703857421875,1493.541748046875,1403.52001953125,1444.43896484375,680369
2022-05-30,1428.7724609375,1432.163330078125,1436.2552490234375,1338.0496826171875,1411.703857421875,582004
2022-05-31,1424.690185546875,1428.0714111328125,1456.7147216796875,1428.0714111328125,1436.2552490234375,683668
2022-06-02,1420.60791015625,1423.9794921875,1448.5308837890625,1423.9794921875,1428.0714111328125,1104989
2022-06-03,1412.443603515625,1415.7957763671875,1464.8984375,1374.8768310546875,1423.9794921875,1517634
2022-06-06,1465.51220703125,1468.9903564453125,1468.9903564453125,1407.6119384765625,1440.3470458984375,1577508
2022-06-07,1432.163330078125,1432.163330078125,1468.9903564453125,1432.163330078125,1468.9903564453125,1429899
2022-06-08,1456.7147216796875,1456.7147216796875,1460.8065185546875,1436.2552490234375,1440.3470458984375,347149
2022-06-09,1436.2552490234375,1436.2552490234375,1485.35791015625,1436.2552490234375,1460.8065185546875,737188
2022-06-10,1391.244384765625,1391.244384765625,1440.3470458984375,1378.9686279296875,1436.2552490234375,1192112
2022-06-13,1313.498291015625,1313.498291015625,1391.244384765625,1297.1307373046875,1391.244384765625,1719130
2022-06-14,1260.3037109375,1260.3037109375,1276.6712646484375,1223.4766845703125,1276.6712646484375,1114886
2022-06-15,1256.2117919921875,1256.2117919921875,1293.038818359375,1239.84423828125,1293.038818359375,519563
2022-06-16,1252.119873046875,1252.119873046875,1301.22265625,1252.119873046875,1264.3956298828125,722525
2022-06-17,1211.200927734375,1211.200927734375,1252.119873046875,1174.3739013671875,1223.4766845703125,1245388
2022-06-20,1235.7523193359375,1235.7523193359375,1256.2117919921875,1211.200927734375,1211.200927734375,488037
2022-06-21,1215.2928466796875,1215.2928466796875,1276.6712646484375,1215.2928466796875,1235.7523193359375,324910
2022-06-22,1219.384765625,1219.384765625,1239.84423828125,1207.109130859375,1239.84423828125,431584
2022-06-23,1207.109130859375,1207.109130859375,1227.568603515625,1203.0172119140625,1219.384765625,448691
2022-06-24,1219.384765625,1219.384765625,1227.568603515625,1219.384765625,1227.568603515625,164593
2022-06-27,1313.498291015625,1313.498291015625,1321.68212890625,1227.568603515625,1235.7523193359375,1490263
2022-06-28,1358.5091552734375,1358.5091552734375,1423.9794921875,1321.68212890625,1321.68212890625,1980378
2022-06-29,1272.579345703125,1272.579345703125,1358.5091552734375,1264.3956298828125,1358.5091552734375,711895
2022-06-30,1227.568603515625,1227.568603515625,1297.1307373046875,1223.4766845703125,1297.1307373046875,1236835
2022-07-01,1227.568603515625,1227.568603515625,1276.6712646484375,1211.200927734375,1219.384765625,419487
2022-07-04,1252.119873046875,1252.119873046875,1268.487548828125,1186.6495361328125,1227.568603515625,548523
2022-07-05,1260.3037109375,1260.3037109375,1309.406494140625,1252.119873046875,1252.119873046875,151519
2022-07-06,1252.119873046875,1252.119873046875,1305.3145751953125,1227.568603515625,1293.038818359375,415944
2022-07-07,1264.3956298828125,1264.3956298828125,1276.6712646484375,1227.568603515625,1264.3956298828125,804150
2022-07-08,1288.947021484375,1288.947021484375,1297.1307373046875,1231.660400390625,1297.1307373046875,370977
2022-07-11,1350.325439453125,1350.325439453125,1370.784912109375,1288.947021484375,1288.947021484375,782522
2022-07-12,1350.325439453125,1350.325439453125,1374.8768310546875,1313.498291015625,1350.325439453125,693321
2022-07-13,1338.0496826171875,1338.0496826171875,1370.784912109375,1333.957763671875,1350.325439453125,336641
2022-07-14,1309.406494140625,1309.406494140625,1358.5091552734375,1305.3145751953125,1358.5091552734375,361812
2022-07-15,1321.68212890625,1321.68212890625,1333.957763671875,1280.76318359375,1309.406494140625,715316
2022-07-18,1309.406494140625,1309.406494140625,1358.5091552734375,1280.76318359375,1329.865966796875,309392
2022-07-19,1313.498291015625,1313.498291015625,1342.1416015625,1297.1307373046875,1313.498291015625,243774
2022-07-20,1325.7740478515625,1325.7740478515625,1354.4173583984375,1313.498291015625,1313.498291015625,381363
2022-07-21,1481.2659912109375,1481.2659912109375,1530.3687744140625,1346.2335205078125,1346.2335205078125,4218583
2022-07-22,1571.2877197265625,1571.2877197265625,1620.3905029296875,1485.35791015625,1489.4498291015625,4168850
2022-07-25,1509.9093017578125,1509.9093017578125,1591.7471923828125,1464.8984375,1591.7471923828125,3017550
2022-07-26,1489.4498291015625,1489.4498291015625,1509.9093017578125,1448.5308837890625,1509.9093017578125,946260
2022-07-27,1526.27685546875,1526.27685546875,1608.11474609375,1489.4498291015625,1489.4498291015625,2891325
2022-07-28,1530.3687744140625,1530.3687744140625,1579.4715576171875,1526.27685546875,1530.3687744140625,768592
2022-07-29,1514.001220703125,1514.001220703125,1550.8282470703125,1489.4498291015625,1534.460693359375,805128
2022-08-01,1538.5526123046875,1538.5526123046875,1575.379638671875,1509.9093017578125,1509.9093017578125,733645
2022-08-02,1759.514892578125,1759.514892578125,1767.69873046875,1522.18505859375,1538.5526123046875,5416438
2022-08-03,1702.2283935546875,1702.2283935546875,1784.0662841796875,1661.3094482421875,1767.69873046875,3714660
2022-08-04,1644.94189453125,1644.94189453125,1759.514892578125,1644.94189453125,1718.595947265625,3252527
2022-08-05,1677.677001953125,1677.677001953125,1718.595947265625,1644.94189453125,1644.94189453125,1789024
2022-08-08,1653.1256103515625,1653.1256103515625,1718.595947265625,1636.758056640625,1677.677001953125,1024097
2022-08-09,1653.1256103515625,1653.1256103515625,1702.2283935546875,1604.02294921875,1702.2283935546875,872211
2022-08-10,1554.920166015625,1554.920166015625,1661.3094482421875,1554.920166015625,1661.3094482421875,1947752
2022-08-11,1583.5634765625,1583.5634765625,1612.2066650390625,1563.10400390625,1575.379638671875,933186
2022-08-12,1616.298583984375,1616.298583984375,1620.3905029296875,1583.5634765625,1583.5634765625,728391
2022-08-15,1599.9310302734375,1599.9310302734375,1632.6661376953125,1599.9310302734375,1616.298583984375,740365
2022-08-16,1505.8173828125,1505.8173828125,1599.9310302734375,1489.4498291015625,1599.9310302734375,2720499
2022-08-18,1530.3687744140625,1530.3687744140625,1530.3687744140625,1493.541748046875,1497.6336669921875,592146
2022-08-19,1563.10400390625,1563.10400390625,1583.5634765625,1534.460693359375,1534.460693359375,650065
2022-08-22,1493.541748046875,1493.541748046875,1587.6552734375,1485.35791015625,1571.2877197265625,835554
2022-08-23,1464.8984375,1464.8984375,1538.5526123046875,1464.8984375,1493.541748046875,1772406
2022-08-24,1440.3470458984375,1440.3470458984375,1493.541748046875,1436.2552490234375,1464.8984375,1203110
2022-08-25,1448.5308837890625,1448.5308837890625,1468.9903564453125,1440.3470458984375,1440.3470458984375,280310
2022-08-26,1464.8984375,1464.8984375,1468.9903564453125,1407.6119384765625,1468.9903564453125,1385177
2022-08-29,1407.6119384765625,1407.6119384765625,1423.9794921875,1374.8768310546875,1423.9794921875,805005
2022-08-30,1423.9794921875,1423.9794921875,1428.0714111328125,1387.1524658203125,1391.244384765625,716049
2022-08-31,1448.5308837890625,1448.5308837890625,1448.5308837890625,1374.8768310546875,1407.6119384765625,726924
2022-09-01,1378.9686279296875,1378.9686279296875,1456.7147216796875,1378.9686279296875,1448.5308837890625,684035
2022-09-02,1374.8768310546875,1374.8768310546875,1399.4281005859375,1358.5091552734375,1378.9686279296875,450402
2022-09-05,1350.325439453125,1350.325439453125,1383.060546875,1338.0496826171875,1374.8768310546875,642245
2022-09-06,1346.2335205078125,1346.2335205078125,1383.060546875,1309.406494140625,1350.325439453125,1562234
2022-09-07,1321.68212890625,1321.68212890625,1358.5091552734375,1321.68212890625,1346.2335205078125,750019
2022-09-08,1329.865966796875,1329.865966796875,1329.865966796875,1309.406494140625,1321.68212890625,414233
2022-09-09,1313.498291015625,1313.498291015625,1333.957763671875,1293.038818359375,1333.957763671875,359613
2022-09-12,1329.865966796875,1329.865966796875,1338.0496826171875,1305.3145751953125,1317.5902099609375,370732
2022-09-13,1338.0496826171875,1338.0496826171875,1342.1416015625,1321.68212890625,1333.957763671875,394682
2022-09-14,1338.0496826171875,1338.0496826171875,1346.2335205078125,1325.7740478515625,1333.957763671875,262592
2022-09-15,1342.1416015625,1342.1416015625,1346.2335205078125,1301.22265625,1338.0496826171875,765659
2022-09-16,1362.60107421875,1362.60107421875,1362.60107421875,1301.22265625,1342.1416015625,353503
2022-09-19,1329.865966796875,1329.865966796875,1383.060546875,1313.498291015625,1362.60107421875,646521
2022-09-20,1358.5091552734375,1358.5091552734375,1399.4281005859375,1272.579345703125,1329.865966796875,1321759
2022-09-21,1346.2335205078125,1346.2335205078125,1358.5091552734375,1293.038818359375,1358.5091552734375,935996
2022-09-22,1342.1416015625,1342.1416015625,1342.1416015625,1301.22265625,1329.865966796875,605342
2022-09-23,1325.7740478515625,1325.7740478515625,1342.1416015625,1301.22265625,1342.1416015625,794130
2022-09-26,1325.7740478515625,1325.7740478515625,1333.957763671875,1276.6712646484375,1325.7740478515625,609130
2022-09-27,1293.038818359375,1293.038818359375,1325.7740478515625,1284.8551025390625,1321.68212890625,578949
2022-09-28,1260.3037109375,1260.3037109375,1301.22265625,1260.3037109375,1301.22265625,866835
2022-09-29,1284.8551025390625,1284.8551025390625,1288.947021484375,1248.028076171875,1260.3037109375,596056
2022-09-30,1235.7523193359375,1235.7523193359375,1268.487548828125,1198.92529296875,1268.487548828125,1199444
2022-10-03,1207.109130859375,1207.109130859375,1260.3037109375,1186.6495361328125,1235.7523193359375,278843
2022-10-04,1198.92529296875,1198.92529296875,1231.660400390625,1194.8333740234375,1223.4766845703125,531294
2022-10-05,1252.119873046875,1252.119873046875,1346.2335205078125,1219.384765625,1219.384765625,1379434
2022-10-06,1239.84423828125,1239.84423828125,1288.947021484375,1235.7523193359375,1256.2117919921875,537403
2022-10-07,1207.109130859375,1207.109130859375,1276.6712646484375,1198.92529296875,1276.6712646484375,953958
2022-10-10,1231.660400390625,1231.660400390625,1235.7523193359375,1178.4658203125,1207.109130859375,667416
2022-10-11,1219.384765625,1219.384765625,1256.2117919921875,1211.200927734375,1248.028076171875,873189
2022-10-12,1194.8333740234375,1194.8333740234375,1223.4766845703125,1178.4658203125,1219.384765625,903615
2022-10-13,1162.0982666015625,1162.0982666015625,1223.4766845703125,1137.546875,1223.4766845703125,845573
2022-10-14,1117.08740234375,1117.08740234375,1186.6495361328125,1117.08740234375,1182.5577392578125,440382
2022-10-17,1080.2603759765625,1080.2603759765625,1104.8116455078125,1063.8927001953125,1096.6279296875,791931
2022-10-18,1125.2711181640625,1125.2711181640625,1158.00634765625,1039.3414306640625,1080.2603759765625,1648258
2022-10-19,1158.00634765625,1158.00634765625,1166.1900634765625,1108.903564453125,1141.6387939453125,1001614
2022-10-20,1145.7305908203125,1145.7305908203125,1162.0982666015625,1112.9954833984375,1145.7305908203125,927687
2022-10-21,1133.4549560546875,1133.4549560546875,1158.00634765625,1125.2711181640625,1145.7305908203125,201373
2022-10-24,1203.0172119140625,1203.0172119140625,1243.9361572265625,1129.363037109375,1137.546875,1171462
2022-10-25,1227.568603515625,1227.568603515625,1248.028076171875,1178.4658203125,1203.0172119140625,685257
2022-10-26,1203.0172119140625,1203.0172119140625,1252.119873046875,1198.92529296875,1227.568603515625,316479
2022-10-27,1272.579345703125,1272.579345703125,1272.579345703125,1190.741455078125,1203.0172119140625,1130527
2022-10-28,1235.7523193359375,1235.7523193359375,1305.3145751953125,1207.109130859375,1280.76318359375,777268
2022-10-31,1239.84423828125,1239.84423828125,1264.3956298828125,1219.384765625,1235.7523193359375,290330
2022-11-01,1223.4766845703125,1223.4766845703125,1243.9361572265625,1194.8333740234375,1243.9361572265625,240964
2022-11-02,1215.2928466796875,1215.2928466796875,1243.9361572265625,1194.8333740234375,1227.568603515625,390039
2022-11-03,1211.200927734375,1211.200927734375,1227.568603515625,1190.741455078125,1215.2928466796875,162638
2022-11-04,1219.384765625,1219.384765625,1219.384765625,1194.8333740234375,1211.200927734375,360102
2022-11-07,1239.84423828125,1239.84423828125,1248.028076171875,1194.8333740234375,1219.384765625,248295
2022-11-08,1227.568603515625,1227.568603515625,1243.9361572265625,1207.109130859375,1243.9361572265625,225079
2022-11-09,1248.028076171875,1248.028076171875,1248.028076171875,1203.0172119140625,1211.200927734375,680124
2022-11-10,1223.4766845703125,1223.4766845703125,1260.3037109375,1219.384765625,1252.119873046875,361324
2022-11-11,1231.660400390625,1231.660400390625,1248.028076171875,1223.4766845703125,1223.4766845703125,623183
2022-11-14,1227.568603515625,1227.568603515625,1248.028076171875,1207.109130859375,1231.660400390625,577238
2022-11-15,1215.2928466796875,1215.2928466796875,1239.84423828125,1211.200927734375,1227.568603515625,304504
2022-11-16,1223.4766845703125,1223.4766845703125,1231.660400390625,1194.8333740234375,1215.2928466796875,370732
2022-11-17,1227.568603515625,1227.568603515625,1227.568603515625,1211.200927734375,1219.384765625,148586
2022-11-18,1227.568603515625,1227.568603515625,1227.568603515625,1207.109130859375,1227.568603515625,315990
2022-11-21,1252.119873046875,1252.119873046875,1325.7740478515625,1231.660400390625,1231.660400390625,2259833
2022-11-22,1252.119873046875,1252.119873046875,1280.76318359375,1211.200927734375,1268.487548828125,948338
2022-11-23,1170.281982421875,1170.281982421875,1268.487548828125,1166.1900634765625,1264.3956298828125,3421153
2022-11-24,1117.08740234375,1117.08740234375,1170.281982421875,1112.9954833984375,1170.281982421875,1943598
2022-11-25,1117.08740234375,1117.08740234375,1145.7305908203125,1092.5360107421875,1145.7305908203125,359491
2022-11-28,1072.0765380859375,1072.0765380859375,1133.4549560546875,1072.0765380859375,1117.08740234375,1366848
2022-11-29,1014.7899780273438,1014.7899780273438,1080.2603759765625,998.4224243164062,1072.0765380859375,6386405
2022-11-30,1155.0,1155.0,1240.0,1155.0,1240.0,3089800
2022-12-01,1200.0,1200.0,1205.0,1085.0,1165.0,1274000
2022-12-02,1200.0,1200.0,1235.0,1150.0,1200.0,1305400
2022-12-05,1245.0,1245.0,1265.0,1200.0,1200.0,1275400
2022-12-06,1230.0,1230.0,1370.0,1225.0,1370.0,459700
2022-12-07,1200.0,1200.0,1260.0,1185.0,1255.0,1742100
2022-12-08,1155.0,1155.0,1235.0,1145.0,1200.0,1301300
2022-12-09,1215.0,1215.0,1220.0,1150.0,1180.0,1006500
2022-12-12,1190.0,1190.0,1220.0,1185.0,1210.0,269500
2022-12-13,1210.0,1210.0,1210.0,1175.0,1190.0,245000
2022-12-14,1170.0,1170.0,1215.0,1150.0,1215.0,437800
2022-12-15,1160.0,1160.0,1200.0,1155.0,1170.0,433800
2022-12-16,1125.0,1125.0,1195.0,1125.0,1160.0,761300
2022-12-19,1120.0,1120.0,1175.0,1115.0,1165.0,72500
2022-12-20,1045.0,1045.0,1120.0,1045.0,1120.0,960100
2022-12-21,975.0,975.0,1065.0,975.0,1040.0,1622700
2022-12-22,995.0,995.0,1015.0,935.0,975.0,291800
2022-12-23,990.0,990.0,1025.0,985.0,995.0,96800
2022-12-26,970.0,970.0,990.0,950.0,990.0,279900
2022-12-27,955.0,955.0,970.0,950.0,970.0,176300
2022-12-28,940.0,940.0,970.0,940.0,965.0,288000
2022-12-29,925.0,925.0,945.0,910.0,940.0,287100
2022-12-30,925.0,925.0,990.0,925.0,925.0,162700
2023-01-02,940.0,940.0,980.0,925.0,965.0,135000
2023-01-03,950.0,950.0,955.0,945.0,945.0,31900
2023-01-04,970.0,970.0,985.0,950.0,950.0,183400
2023-01-05,940.0,940.0,985.0,935.0,970.0,100000
2023-01-06,920.0,920.0,940.0,920.0,940.0,208800
2023-01-09,910.0,910.0,930.0,910.0,930.0,214000
2023-01-10,865.0,865.0,940.0,865.0,910.0,608500
2023-01-11,835.0,835.0,890.0,830.0,865.0,623500
2023-01-12,880.0,880.0,890.0,835.0,840.0,205500
2023-01-13,860.0,860.0,910.0,860.0,880.0,206200
2023-01-16,850.0,850.0,885.0,850.0,860.0,61000
2023-01-17,890.0,890.0,890.0,850.0,860.0,331100
2023-01-18,880.0,880.0,940.0,860.0,880.0,271800
2023-01-19,870.0,870.0,895.0,870.0,880.0,406700
2023-01-20,900.0,900.0,905.0,850.0,870.0,155900
2023-01-24,910.0,910.0,950.0,895.0,895.0,308500
2023-01-25,935.0,935.0,945.0,925.0,925.0,246900
2023-01-26,965.0,965.0,1015.0,940.0,940.0,740300
2023-01-27,955.0,955.0,995.0,950.0,965.0,177600
2023-01-30,935.0,935.0,975.0,930.0,975.0,102400
2023-01-31,935.0,935.0,940.0,925.0,935.0,101700
2023-02-01,930.0,930.0,975.0,915.0,935.0,223500
2023-02-02,945.0,945.0,965.0,930.0,965.0,103100
2023-02-03,955.0,955.0,985.0,945.0,945.0,272500
2023-02-06,975.0,975.0,990.0,945.0,980.0,168900
2023-02-07,970.0,970.0,990.0,965.0,980.0,158100
2023-02-08,965.0,965.0,985.0,960.0,970.0,62300
2023-02-09,1040.0,1040.0,1070.0,965.0,965.0,1677100
2023-02-10,1015.0,1015.0,1065.0,970.0,1045.0,1676700
2023-02-13,1010.0,1010.0,1040.0,995.0,1020.0,304300
2023-02-14,995.0,995.0,1015.0,980.0,1010.0,129600
2023-02-15,945.0,945.0,995.0,930.0,995.0,917600
2023-02-16,930.0,930.0,965.0,925.0,945.0,195800
2023-02-17,920.0,920.0,945.0,900.0,945.0,316400
2023-02-20,920.0,920.0,930.0,920.0,920.0,193500
2023-02-21,915.0,915.0,930.0,915.0,930.0,34800
2023-02-22,910.0,910.0,915.0,900.0,915.0,48400
2023-02-23,895.0,895.0,915.0,880.0,905.0,190300
2023-02-24,890.0,890.0,900.0,875.0,900.0,165500
2023-02-27,875.0,875.0,905.0,870.0,890.0,339000
2023-02-28,885.0,885.0,900.0,870.0,900.0,41700
2023-03-01,880.0,880.0,900.0,875.0,885.0,39500
2023-03-02,875.0,875.0,885.0,860.0,880.0,171400
2023-03-03,855.0,855.0,885.0,855.0,875.0,112900
2023-03-06,890.0,890.0,890.0,840.0,855.0,55400
2023-03-07,855.0,855.0,885.0,840.0,885.0,95800
2023-03-08,845.0,845.0,860.0,830.0,860.0,207900
2023-03-09,845.0,845.0,870.0,835.0,845.0,81700
2023-03-10,850.0,850.0,860.0,840.0,845.0,223700
2023-03-13,830.0,830.0,845.0,820.0,845.0,473100
2023-03-14,775.0,775.0,825.0,775.0,825.0,341600
2023-03-15,725.0,725.0,760.0,725.0,750.0,313700
2023-03-16,715.0,715.0,740.0,675.0,700.0,961400
2023-03-17,725.0,725.0,725.0,690.0,705.0,167000
2023-03-20,710.0,710.0,735.0,700.0,720.0,69000
2023-03-21,730.0,730.0,735.0,685.0,710.0,168800
2023-03-24,680.0,680.0,725.0,680.0,725.0,764700
2023-03-27,680.0,680.0,695.0,675.0,690.0,145000
2023-03-28,670.0,670.0,680.0,650.0,680.0,424100
2023-03-29,670.0,670.0,700.0,665.0,670.0,244900
2023-03-30,670.0,670.0,670.0,655.0,670.0,815600
2023-03-31,660.0,660.0,670.0,660.0,670.0,82800
2023-04-03,635.0,635.0,660.0,625.0,660.0,1072000
2023-04-04,595.0,595.0,630.0,595.0,630.0,2010400
2023-04-05,555.0,555.0,595.0,555.0,575.0,4804200
2023-04-06,560.0,560.0,590.0,560.0,570.0,285600
2023-04-10,560.0,560.0,585.0,555.0,560.0,319400
2023-04-11,585.0,585.0,585.0,560.0,560.0,407000
2023-04-12,605.0,605.0,605.0,580.0,595.0,788100
2023-04-13,660.0,660.0,730.0,605.0,605.0,3889700
2023-04-14,640.0,640.0,660.0,640.0,660.0,1226200
2023-04-17,630.0,630.0,680.0,610.0,650.0,479900
2023-04-18,630.0,630.0,650.0,615.0,630.0,124300
2023-04-26,600.0,600.0,645.0,590.0,645.0,440300
2023-04-27,600.0,600.0,630.0,585.0,600.0,95900
2023-04-28,605.0,605.0,615.0,595.0,600.0,133200
2023-05-02,600.0,600.0,620.0,590.0,610.0,93400
2023-05-03,595.0,595.0,610.0,585.0,590.0,77900
2023-05-04,580.0,580.0,610.0,580.0,595.0,327900
2023-05-05,580.0,580.0,625.0,565.0,580.0,212100
2023-05-08,585.0,585.0,600.0,580.0,600.0,214500
2023-05-09,595.0,595.0,600.0,575.0,590.0,366700
2023-05-10,635.0,635.0,645.0,590.0,590.0,511900
2023-05-11,625.0,625.0,650.0,615.0,635.0,62600
2023-05-12,620.0,620.0,630.0,605.0,630.0,191900
2023-05-15,600.0,600.0,620.0,600.0,620.0,122200
2023-05-16,600.0,600.0,630.0,600.0,600.0,193200
2023-05-17,600.0,600.0,615.0,595.0,615.0,66000
2023-05-19,605.0,605.0,615.0,590.0,590.0,30100
2023-05-22,600.0,600.0,610.0,590.0,605.0,97600
2023-05-23,605.0,605.0,615.0,590.0,590.0,28000
2023-05-24,600.0,600.0,605.0,600.0,605.0,18200
2023-05-25,600.0,600.0,610.0,595.0,600.0,17300
2023-05-26,595.0,595.0,610.0,595.0,610.0,37600
2023-05-29,595.0,595.0,595.0,580.0,590.0,43800
2023-05-30,575.0,575.0,595.0,575.0,595.0,190800
2023-05-31,575.0,575.0,590.0,565.0,590.0,403400
2023-06-05,570.0,570.0,580.0,555.0,565.0,460800
2023-06-06,580.0,580.0,585.0,486.0,486.0,167900
2023-06-07,590.0,590.0,600.0,585.0,585.0,341400
2023-06-08,650.0,650.0,700.0,580.0,590.0,2494300
2023-06-09,620.0,620.0,670.0,600.0,640.0,2134100
2023-06-12,640.0,640.0,675.0,615.0,620.0,3374700
2023-06-13,680.0,680.0,685.0,635.0,640.0,3112000
2023-06-14,745.0,745.0,790.0,680.0,685.0,4798000
2023-06-15,855.0,855.0,920.0,745.0,750.0,15176400
2023-06-16,785.0,785.0,855.0,735.0,855.0,3407000
2023-06-19,765.0,765.0,820.0,750.0,790.0,1916000
2023-06-20,770.0,770.0,800.0,765.0,765.0,714200
2023-06-21,780.0,780.0,815.0,760.0,775.0,1145900
2023-06-22,760.0,760.0,795.0,760.0,785.0,402300
2023-06-23,735.0,735.0,780.0,730.0,760.0,597300
2023-06-26,715.0,715.0,740.0,690.0,740.0,1166700
2023-06-27,755.0,755.0,795.0,715.0,715.0,1898400
2023-07-03,795.0,795.0,815.0,760.0,760.0,2595900
2023-07-04,890.0,890.0,900.0,800.0,800.0,5119800
2023-07-05,910.0,910.0,940.0,870.0,890.0,3520300
2023-07-06,930.0,930.0,930.0,900.0,915.0,1285900
2023-07-07,1060.0,1060.0,1080.0,910.0,930.0,6168100
2023-07-10,1140.0,1140.0,1200.0,1030.0,1060.0,5886000
2023-07-11,1380.0,1380.0,1425.0,1130.0,1145.0,13875400
2023-07-12,1260.0,1260.0,1400.0,1195.0,1380.0,5901500
2023-07-13,1305.0,1305.0,1420.0,1260.0,1265.0,8058400
2023-07-14,1275.0,1275.0,1345.0,1215.0,1310.0,3238300
2023-07-17,1210.0,1210.0,1310.0,1195.0,1285.0,3963700
2023-07-18,1060.0,1060.0,1235.0,1040.0,1215.0,5404300
2023-07-20,1115.0,1115.0,1160.0,1035.0,1070.0,4034800
2023-07-21,1100.0,1100.0,1140.0,1060.0,1115.0,1265200
2023-07-24,1180.0,1180.0,1245.0,1115.0,1115.0,5264200
2023-07-25,1160.0,1160.0,1230.0,1150.0,1185.0,1827100
2023-07-26,1125.0,1125.0,1170.0,1100.0,1170.0,1008200
2023-07-27,1105.0,1105.0,1150.0,1105.0,1125.0,1133700
2023-07-28,1065.0,1065.0,1125.0,1040.0,1105.0,982600
2023-07-31,1090.0,1090.0,1130.0,1065.0,1065.0,753800
2023-08-01,1005.0,1005.0,1125.0,990.0,1090.0,1229000
2023-08-02,980.0,980.0,1035.0,895.0,1005.0,1970600
2023-08-03,995.0,995.0,1020.0,975.0,980.0,500100
2023-08-04,970.0,970.0,1005.0,945.0,1000.0,489100
2023-08-07,980.0,980.0,995.0,960.0,990.0,373100
2023-08-08,955.0,955.0,985.0,955.0,985.0,690200
2023-08-09,985.0,985.0,1000.0,930.0,955.0,615800
2023-08-10,960.0,960.0,985.0,945.0,985.0,519200
2023-08-11,945.0,945.0,965.0,945.0,960.0,180500
2023-08-14,945.0,945.0,990.0,930.0,960.0,468200
2023-08-15,925.0,925.0,975.0,920.0,960.0,524100
2023-08-16,930.0,930.0,960.0,895.0,925.0,974500
2023-08-18,885.0,885.0,950.0,880.0,950.0,837400
2023-08-21,885.0,885.0,910.0,880.0,885.0,481300
2023-08-22,900.0,900.0,900.0,840.0,880.0,609700
2023-08-23,900.0,900.0,920.0,890.0,900.0,258700
2023-08-24,925.0,925.0,935.0,890.0,900.0,931000
2023-08-25,910.0,910.0,950.0,900.0,930.0,381200
2023-08-28,910.0,910.0,920.0,900.0,905.0,229200
2023-08-29,895.0,895.0,910.0,870.0,910.0,481800
2023-08-30,865.0,865.0,900.0,860.0,900.0,806300
2023-08-31,840.0,840.0,900.0,825.0,865.0,1056500
2023-09-01,875.0,875.0,875.0,840.0,840.0,298600
2023-09-04,855.0,855.0,875.0,845.0,875.0,858800
2023-09-05,850.0,850.0,885.0,830.0,850.0,1140300
2023-09-06,845.0,845.0,850.0,825.0,850.0,415700
2023-09-07,865.0,865.0,870.0,835.0,850.0,629300
2023-09-08,845.0,845.0,875.0,845.0,870.0,115100
2023-09-11,845.0,845.0,865.0,830.0,845.0,470800
2023-09-12,820.0,820.0,860.0,820.0,860.0,432800
2023-09-13,795.0,795.0,850.0,775.0,820.0,1494800
2023-09-14,775.0,775.0,795.0,775.0,795.0,228100
2023-09-15,765.0,765.0,815.0,740.0,775.0,1692800
2023-09-18,755.0,755.0,765.0,730.0,765.0,796500
2023-09-19,810.0,810.0,820.0,730.0,760.0,1129500
2023-09-20,800.0,800.0,820.0,780.0,810.0,359000
2023-09-21,785.0,785.0,805.0,770.0,800.0,141000
2023-09-22,795.0,795.0,840.0,775.0,775.0,1571800
2023-09-25,790.0,790.0,795.0,785.0,795.0,86900
2023-09-26,765.0,765.0,795.0,765.0,795.0,229500
2023-09-27,780.0,780.0,790.0,760.0,765.0,200700
2023-09-29,740.0,740.0,785.0,740.0,780.0,2043800
2023-10-02,750.0,750.0,755.0,720.0,745.0,211700
2023-10-03,730.0,730.0,760.0,730.0,750.0,248400
2023-10-04,720.0,720.0,730.0,715.0,730.0,377600
2023-10-05,745.0,745.0,750.0,705.0,750.0,349300
2023-10-06,745.0,745.0,760.0,720.0,745.0,262000
2023-10-09,735.0,735.0,755.0,735.0,740.0,90800
2023-10-10,775.0,775.0,785.0,735.0,735.0,389600
2023-10-11,760.0,760.0,790.0,755.0,785.0,227900
2023-10-12,755.0,755.0,780.0,755.0,760.0,192700
2023-10-13,770.0,770.0,780.0,730.0,755.0,100200
2023-10-16,735.0,735.0,770.0,735.0,770.0,300300
2023-10-17,740.0,740.0,890.0,725.0,735.0,1438100
2023-10-18,745.0,745.0,770.0,740.0,750.0,251000
2023-10-19,745.0,745.0,790.0,735.0,745.0,1527500
2023-10-20,750.0,750.0,770.0,720.0,745.0,152000
2023-10-23,710.0,710.0,770.0,710.0,740.0,426600
2023-10-24,715.0,715.0,730.0,710.0,710.0,153900
2023-10-25,730.0,730.0,740.0,710.0,715.0,225100
2023-10-26,720.0,720.0,740.0,710.0,730.0,82800
2023-10-27,700.0,700.0,720.0,600.0,710.0,913400
2023-10-30,710.0,710.0,715.0,675.0,700.0,115000
2023-10-31,715.0,715.0,725.0,700.0,710.0,153400
2023-11-01,695.0,695.0,715.0,685.0,700.0,102400
2023-11-02,715.0,715.0,760.0,695.0,710.0,2370400
2023-11-03,740.0,740.0,755.0,715.0,715.0,495200
2023-11-06,735.0,735.0,765.0,735.0,765.0,651600
2023-11-07,735.0,735.0,770.0,725.0,740.0,481500
2023-11-08,725.0,725.0,745.0,725.0,745.0,46900
2023-11-09,745.0,745.0,765.0,725.0,725.0,134300
2023-11-10,735.0,735.0,750.0,730.0,745.0,78300
2023-11-13,725.0,725.0,745.0,715.0,735.0,39700
2023-11-14,705.0,705.0,745.0,700.0,710.0,694400
2023-11-15,735.0,735.0,750.0,715.0,715.0,417800
2023-11-16,725.0,725.0,745.0,720.0,740.0,149000
2023-11-17,720.0,720.0,740.0,710.0,725.0,191200
2023-11-20,710.0,710.0,730.0,710.0,720.0,71800
2023-11-21,725.0,725.0,725.0,705.0,710.0,5700
2023-11-22,705.0,705.0,725.0,695.0,720.0,92800
2023-11-23,770.0,770.0,825.0,695.0,710.0,1597000
2023-11-24,835.0,835.0,880.0,760.0,770.0,3811200
2023-11-27,790.0,790.0,880.0,770.0,845.0,2659300
2023-11-28,795.0,795.0,825.0,745.0,800.0,755900
2023-11-29,795.0,795.0,820.0,775.0,795.0,431600
2023-11-30,785.0,785.0,820.0,775.0,790.0,756700
2023-12-01,835.0,835.0,865.0,755.0,785.0,2204700
2023-12-04,800.0,800.0,855.0,800.0,835.0,1519500
2023-12-05,805.0,805.0,825.0,785.0,810.0,320500
2023-12-06,800.0,800.0,855.0,780.0,805.0,714000
2023-12-07,780.0,780.0,820.0,775.0,800.0,209200
2023-12-08,785.0,785.0,800.0,780.0,785.0,449000
2023-12-11,765.0,765.0,810.0,760.0,785.0,903500
2023-12-12,815.0,815.0,905.0,770.0,770.0,5657100
2023-12-13,795.0,795.0,855.0,790.0,820.0,1480500
2023-12-14,800.0,800.0,825.0,790.0,820.0,1108300
2023-12-15,780.0,780.0,810.0,780.0,805.0,361100
2023-12-18,745.0,745.0,800.0,730.0,785.0,739400
2023-12-19,750.0,750.0,775.0,730.0,745.0,819400
2023-12-20,750.0,750.0,770.0,735.0,760.0,300000
2023-12-21,750.0,750.0,755.0,740.0,750.0,81100
2023-12-22,740.0,740.0,790.0,740.0,750.0,710700
2023-12-27,750.0,750.0,760.0,745.0,745.0,504700
2023-12-28,750.0,750.0,760.0,745.0,750.0,256200
2023-12-29,745.0,745.0,760.0,740.0,760.0,232400
2024-01-02,755.0,755.0,760.0,750.0,750.0,85800
2024-01-03,760.0,760.0,800.0,740.0,755.0,415000
2024-01-04,760.0,760.0,775.0,735.0,775.0,193300
2024-01-05,760.0,760.0,770.0,740.0,760.0,181300
2024-01-08,750.0,750.0,770.0,720.0,745.0,271300
2024-01-09,755.0,755.0,760.0,740.0,745.0,92100
2024-01-10,745.0,745.0,755.0,720.0,745.0,588600
2024-01-11,725.0,725.0,745.0,710.0,745.0,1431300
2024-01-12,695.0,695.0,725.0,640.0,725.0,2628100
2024-01-15,725.0,725.0,735.0,675.0,695.0,1287500
2024-01-16,705.0,705.0,730.0,695.0,725.0,216900
2024-01-17,690.0,690.0,715.0,690.0,705.0,275700
2024-01-18,705.0,705.0,705.0,690.0,690.0,146100
2024-01-19,695.0,695.0,715.0,690.0,705.0,317800
2024-01-22,700.0,700.0,710.0,680.0,695.0,220000
2024-01-23,695.0,695.0,705.0,680.0,705.0,322800
2024-01-24,695.0,695.0,700.0,660.0,660.0,266000
2024-01-25,690.0,690.0,700.0,685.0,685.0,69000
2024-01-26,675.0,675.0,700.0,675.0,685.0,120800
2024-01-29,685.0,685.0,700.0,675.0,675.0,29200
2024-01-30,675.0,675.0,685.0,660.0,685.0,97000
2024-01-31,670.0,670.0,685.0,670.0,675.0,123400
2024-02-01,660.0,660.0,680.0,650.0,670.0,510400
2024-02-02,660.0,660.0,670.0,645.0,660.0,100300
2024-02-05,685.0,685.0,720.0,650.0,660.0,665400
2024-02-06,665.0,665.0,700.0,655.0,680.0,112000
2024-02-07,670.0,670.0,695.0,670.0,670.0,117200
2024-02-12,665.0,665.0,675.0,655.0,665.0,94300
2024-02-13,650.0,650.0,665.0,650.0,665.0,38000
2024-02-15,660.0,660.0,675.0,650.0,675.0,100800
2024-02-16,655.0,655.0,675.0,650.0,660.0,124600
2024-02-19,650.0,650.0,660.0,650.0,655.0,44500
2024-02-20,650.0,650.0,660.0,640.0,650.0,123900
2024-02-21,655.0,655.0,655.0,645.0,650.0,154100
2024-02-22,650.0,650.0,650.0,635.0,645.0,90100
2024-02-23,655.0,655.0,655.0,640.0,650.0,97400
2024-02-26,650.0,650.0,655.0,645.0,650.0,161700
2024-02-27,650.0,650.0,655.0,645.0,655.0,140200
2024-02-28,650.0,650.0,655.0,650.0,650.0,248000
2024-02-29,650.0,650.0,655.0,645.0,650.0,688500
2024-03-01,645.0,645.0,660.0,640.0,655.0,513800
2024-03-04,645.0,645.0,655.0,640.0,640.0,1051400
2024-03-05,650.0,650.0,660.0,640.0,645.0,605500
2024-03-06,660.0,660.0,675.0,645.0,650.0,1412500
2024-03-07,645.0,645.0,680.0,635.0,675.0,1666500
2024-03-08,650.0,650.0,670.0,640.0,655.0,394300
2024-03-13,625.0,625.0,650.0,620.0,650.0,361800
2024-03-14,625.0,625.0,645.0,620.0,630.0,255800
2024-03-15,625.0,625.0,640.0,620.0,625.0,36400
2024-03-18,620.0,620.0,635.0,610.0,625.0,358700
2024-03-19,615.0,615.0,630.0,605.0,630.0,130800
2024-03-20,610.0,610.0,615.0,595.0,615.0,196300
2024-03-21,620.0,620.0,630.0,600.0,605.0,351300
2024-03-22,635.0,635.0,655.0,600.0,620.0,1021000
2024-03-25,625.0,625.0,655.0,615.0,655.0,676600
2024-03-26,635.0,635.0,650.0,620.0,650.0,1859500
2024-03-27,640.0,640.0,645.0,625.0,635.0,176100
2024-03-28,640.0,640.0,645.0,630.0,635.0,187300
2024-04-01,650.0,650.0,650.0,625.0,645.0,442000
2024-04-02,645.0,645.0,650.0,640.0,650.0,66900
2024-04-03,640.0,640.0,650.0,635.0,650.0,70900
2024-04-04,650.0,650.0,650.0,640.0,640.0,684500
2024-04-05,645.0,645.0,650.0,635.0,650.0,182900
2024-04-16,635.0,635.0,650.0,615.0,650.0,111700
2024-04-17,630.0,630.0,640.0,625.0,640.0,103800
2024-04-18,635.0,635.0,635.0,625.0,630.0,159800
2024-04-19,625.0,625.0,630.0,615.0,630.0,219000
2024-04-22,655.0,655.0,670.0,605.0,615.0,634600
2024-04-23,630.0,630.0,660.0,630.0,655.0,657000
2024-04-24,620.0,620.0,645.0,615.0,620.0,209400
2024-04-25,640.0,640.0,650.0,620.0,625.0,136500
2024-04-26,615.0,615.0,640.0,610.0,640.0,475000
2024-04-29,585.0,585.0,620.0,580.0,615.0,783700
2024-04-30,600.0,600.0,655.0,570.0,585.0,1353800
2024-05-02,600.0,600.0,620.0,590.0,605.0,197100
2024-05-03,600.0,600.0,600.0,595.0,600.0,37700
2024-05-06,600.0,600.0,600.0,590.0,600.0,57500
2024-05-07,600.0,600.0,610.0,585.0,600.0,169200
2024-05-08,585.0,585.0,600.0,585.0,590.0,79400
2024-05-13,585.0,585.0,590.0,580.0,585.0,232900
2024-05-14,605.0,605.0,685.0,585.0,585.0,4099400
2024-05-15,620.0,620.0,620.0,595.0,620.0,478200
2024-05-16,610.0,610.0,630.0,600.0,625.0,285600
2024-05-17,615.0,615.0,615.0,600.0,605.0,291200
2024-05-20,630.0,630.0,670.0,610.0,615.0,1814700
2024-05-21,615.0,615.0,635.0,615.0,630.0,200000
2024-05-22,605.0,605.0,640.0,605.0,615.0,481900
2024-05-27,610.0,610.0,630.0,605.0,610.0,141200
2024-05-28,600.0,600.0,620.0,600.0,610.0,171600
2024-05-29,610.0,610.0,615.0,600.0,605.0,129700
2024-05-30,605.0,605.0,605.0,600.0,605.0,267600
2024-05-31,600.0,600.0,605.0,590.0,600.0,420000
2024-06-03,590.0,590.0,600.0,590.0,595.0,149200
2024-06-04,595.0,595.0,600.0,595.0,600.0,281700
2024-06-05,605.0,605.0,650.0,585.0,595.0,7295000
2024-06-06,595.0,595.0,610.0,595.0,610.0,266800
2024-06-07,590.0,590.0,605.0,590.0,600.0,448900
2024-06-10,605.0,605.0,640.0,585.0,590.0,9227600
2024-06-11,595.0,595.0,610.0,595.0,605.0,385000
2024-06-12,590.0,590.0,605.0,590.0,605.0,114000
2024-06-13,595.0,595.0,625.0,590.0,590.0,4513000
2024-06-14,595.0,595.0,600.0,590.0,590.0,76400
2024-06-19,600.0,600.0,600.0,590.0,595.0,53400
2024-06-20,595.0,595.0,605.0,590.0,605.0,56500
2024-06-21,610.0,610.0,645.0,600.0,600.0,2446400
2024-06-24,620.0,620.0,630.0,610.0,610.0,673800
2024-06-25,615.0,615.0,620.0,605.0,620.0,126700
2024-06-26,615.0,615.0,620.0,610.0,620.0,57900
2024-06-27,630.0,630.0,680.0,610.0,610.0,8447100
2024-06-28,625.0,625.0,655.0,620.0,635.0,4065400
2024-07-01,625.0,625.0,640.0,620.0,625.0,288400
2024-07-02,635.0,635.0,640.0,625.0,635.0,240100
2024-07-03,625.0,625.0,650.0,620.0,650.0,299600
2024-07-04,620.0,620.0,660.0,610.0,625.0,4333800
2024-07-05,610.0,610.0,665.0,595.0,625.0,8454100
2024-07-08,615.0,615.0,630.0,600.0,620.0,290000
2024-07-09,615.0,615.0,625.0,615.0,615.0,209800
2024-07-10,610.0,610.0,625.0,605.0,625.0,187700
2024-07-11,615.0,615.0,620.0,605.0,605.0,83500
2024-07-12,620.0,620.0,620.0,615.0,615.0,95900
2024-07-15,625.0,625.0,625.0,615.0,615.0,265400
2024-07-16,620.0,620.0,630.0,615.0,615.0,178600
2024-07-17,635.0,635.0,640.0,615.0,620.0,741300
2024-07-18,635.0,635.0,655.0,620.0,640.0,1745800
2024-07-19,650.0,650.0,680.0,630.0,630.0,2697000
2024-07-22,720.0,720.0,740.0,650.0,650.0,6189900
2024-07-23,730.0,730.0,755.0,720.0,740.0,1843200
2024-07-24,730.0,730.0,740.0,700.0,725.0,742300
2024-07-25,720.0,720.0,730.0,700.0,720.0,1056900
2024-07-26,710.0,710.0,740.0,710.0,730.0,281900
2024-07-29,720.0,720.0,740.0,700.0,700.0,336300
2024-07-30,730.0,730.0,740.0,720.0,720.0,477000
2024-07-31,725.0,725.0,740.0,720.0,730.0,516600
2024-08-01,760.0,760.0,765.0,710.0,725.0,1598700
2024-08-02,830.0,830.0,855.0,730.0,760.0,4771600
2024-08-05,805.0,805.0,880.0,760.0,835.0,9298700
2024-08-06,830.0,830.0,835.0,785.0,805.0,1251200
2024-08-07,915.0,915.0,980.0,830.0,830.0,6463500
2024-08-08,915.0,915.0,950.0,885.0,925.0,2705800
2024-08-09,865.0,865.0,920.0,855.0,915.0,1570500
2024-08-12,800.0,800.0,875.0,795.0,865.0,2505500
2024-08-13,825.0,825.0,825.0,770.0,805.0,1433100
2024-08-14,825.0,825.0,845.0,810.0,830.0,651700
2024-08-15,825.0,825.0,850.0,820.0,830.0,508100
2024-08-16,820.0,820.0,835.0,815.0,815.0,175300
2024-08-19,815.0,815.0,835.0,810.0,825.0,167700
2024-08-20,855.0,855.0,900.0,810.0,810.0,1701800
2024-08-21,835.0,835.0,880.0,815.0,865.0,1093200
2024-08-22,835.0,835.0,845.0,815.0,835.0,239000
2024-08-23,835.0,835.0,855.0,820.0,830.0,267800
2024-08-26,820.0,820.0,850.0,815.0,835.0,253400
2024-08-27,820.0,820.0,830.0,810.0,820.0,190800
2024-08-28,795.0,795.0,830.0,795.0,825.0,874500
2024-08-29,740.0,740.0,790.0,735.0,790.0,1576600
2024-08-30,790.0,790.0,825.0,745.0,790.0,6485100
2024-09-02,790.0,790.0,805.0,775.0,785.0,1180800
2024-09-03,790.0,790.0,800.0,770.0,790.0,671900
2024-09-04,790.0,790.0,825.0,780.0,785.0,1573300
2024-09-05,790.0,790.0,810.0,775.0,805.0,373800
2024-09-06,775.0,775.0,790.0,775.0,790.0,165000
2024-09-09,760.0,760.0,790.0,760.0,765.0,496700
2024-09-10,765.0,765.0,775.0,750.0,775.0,96800
2024-09-11,740.0,740.0,765.0,730.0,765.0,858100
2024-09-12,740.0,740.0,750.0,720.0,720.0,1315600
2024-09-13,750.0,750.0,755.0,735.0,740.0,78200
2024-09-17,755.0,755.0,775.0,750.0,760.0,441600
2024-09-18,750.0,750.0,775.0,745.0,760.0,197800
2024-09-19,730.0,730.0,770.0,730.0,760.0,670400
2024-09-20,710.0,710.0,745.0,710.0,735.0,2186100
2024-09-23,750.0,750.0,785.0,695.0,715.0,13678200
2024-09-24,740.0,740.0,755.0,735.0,755.0,301300
2024-09-25,745.0,745.0,755.0,725.0,740.0,502500
2024-09-26,730.0,730.0,750.0,720.0,750.0,177400
2024-09-27,730.0,730.0,745.0,715.0,735.0,620900
2024-09-30,715.0,715.0,730.0,695.0,730.0,675000
2024-10-01,690.0,690.0,720.0,675.0,720.0,1631400
2024-10-02,670.0,670.0,710.0,640.0,710.0,1776500
2024-10-03,655.0,655.0,675.0,650.0,675.0,768100
2024-10-04,660.0,660.0,670.0,615.0,640.0,810200
2024-10-07,675.0,675.0,680.0,655.0,660.0,218700
2024-10-08,645.0,645.0,680.0,645.0,675.0,1113900
2024-10-09,660.0,660.0,665.0,650.0,650.0,906500
2024-10-10,660.0,660.0,670.0,635.0,660.0,160600
2024-10-11,665.0,665.0,695.0,665.0,670.0,272900
2024-10-14,660.0,660.0,680.0,650.0,655.0,438500
2024-10-15,665.0,665.0,670.0,650.0,660.0,375200
2024-10-16,670.0,670.0,680.0,665.0,670.0,124900
2024-10-17,710.0,710.0,730.0,670.0,680.0,1667200
2024-10-18,710.0,710.0,720.0,705.0,720.0,510700
2024-10-21,740.0,740.0,750.0,705.0,705.0,2014800
2024-10-22,775.0,775.0,780.0,735.0,740.0,9682800
2024-10-23,755.0,755.0,785.0,745.0,775.0,1481200
2024-10-24,750.0,750.0,775.0,740.0,765.0,7258000
2024-10-25,730.0,730.0,760.0,725.0,760.0,370300
2024-10-28,720.0,720.0,760.0,710.0,760.0,467600
2024-10-29,720.0,720.0,740.0,675.0,710.0,1151500
2024-10-30,715.0,715.0,720.0,695.0,720.0,252200
2024-10-31,715.0,715.0,730.0,700.0,710.0,226400
2024-11-01,705.0,705.0,720.0,700.0,720.0,100900
2024-11-04,705.0,705.0,705.0,690.0,700.0,102400
2024-11-05,710.0,710.0,725.0,675.0,705.0,380600
2024-11-06,700.0,700.0,715.0,670.0,710.0,131400
2024-11-07,675.0,675.0,685.0,675.0,680.0,226000
2024-11-08,670.0,670.0,690.0,650.0,685.0,496000
2024-11-11,655.0,655.0,670.0,650.0,665.0,190600
2024-11-12,680.0,680.0,725.0,645.0,655.0,599800
2024-11-13,700.0,700.0,725.0,695.0,695.0,462700
2024-11-14,680.0,680.0,720.0,660.0,715.0,235100
2024-11-15,685.0,685.0,685.0,660.0,680.0,119100
2024-11-18,675.0,675.0,685.0,660.0,685.0,53500
2024-11-19,665.0,665.0,680.0,660.0,660.0,62300
2024-11-20,655.0,655.0,700.0,655.0,675.0,319600
2024-11-21,675.0,675.0,685.0,655.0,665.0,76300
2024-11-22,715.0,715.0,740.0,675.0,675.0,1170400
2024-11-25,715.0,715.0,730.0,695.0,720.0,308100
2024-11-26,695.0,695.0,715.0,695.0,715.0,80200
2024-11-28,675.0,675.0,705.0,675.0,695.0,160000
2024-11-29,680.0,680.0,680.0,655.0,670.0,556000
2024-12-02,655.0,655.0,685.0,640.0,685.0,391000
2024-12-03,655.0,655.0,665.0,650.0,665.0,191100
2024-12-04,665.0,665.0,690.0,660.0,660.0,122600
2024-12-05,655.0,655.0,670.0,655.0,665.0,40200
2024-12-06,660.0,660.0,670.0,650.0,665.0,589600
2024-12-09,660.0,660.0,665.0,650.0,660.0,550400
2024-12-10,660.0,660.0,665.0,655.0,665.0,66000
2024-12-11,655.0,655.0,660.0,650.0,655.0,337600
2024-12-12,645.0,645.0,655.0,645.0,655.0,221400
2024-12-13,630.0,630.0,650.0,625.0,650.0,472900
2024-12-16,610.0,610.0,630.0,605.0,630.0,263300
2024-12-17,600.0,600.0,610.0,590.0,610.0,690500
2024-12-18,605.0,605.0,605.0,555.0,600.0,1549100
2024-12-19,585.0,585.0,590.0,580.0,585.0,58200
2024-12-20,610.0,610.0,615.0,575.0,585.0,191400
2024-12-23,600.0,600.0,615.0,590.0,610.0,125500
2024-12-24,590.0,590.0,605.0,585.0,600.0,95800
2024-12-27,605.0,605.0,605.0,595.0,595.0,183700
2024-12-30,600.0,600.0,605.0,595.0,605.0,29600
2025-01-02,610.0,610.0,630.0,600.0,600.0,333300
2025-01-03,610.0,610.0,620.0,595.0,620.0,239800
2025-01-06,605.0,605.0,660.0,600.0,620.0,482500
2025-01-07,610.0,610.0,625.0,605.0,615.0,277200
2025-01-08,625.0,625.0,630.0,610.0,610.0,369800
2025-01-09,615.0,615.0,625.0,600.0,615.0,88500
2025-01-10,625.0,625.0,630.0,610.0,610.0,160700
2025-01-13,610.0,610.0,625.0,605.0,625.0,52900
2025-01-14,600.0,600.0,625.0,600.0,610.0,158300
2025-01-15,610.0,610.0,625.0,600.0,600.0,85700
2025-01-16,610.0,610.0,620.0,610.0,620.0,22900
2025-01-17,610.0,610.0,615.0,600.0,615.0,80300
2025-01-20,600.0,600.0,630.0,580.0,610.0,448600
2025-01-21,600.0,600.0,610.0,600.0,605.0,239400
2025-01-22,610.0,610.0,610.0,600.0,600.0,122500
2025-01-23,610.0,610.0,610.0,595.0,610.0,128700
2025-01-24,585.0,585.0,610.0,585.0,600.0,265400
2025-01-30,595.0,595.0,625.0,580.0,590.0,474200
2025-01-31,600.0,600.0,615.0,595.0,595.0,79300
2025-02-03,585.0,585.0,600.0,575.0,600.0,512200
2025-02-04,595.0,595.0,610.0,585.0,585.0,160800
2025-02-05,600.0,600.0,610.0,590.0,590.0,42800
2025-02-06,610.0,610.0,630.0,585.0,590.0,320800
2025-02-07,600.0,600.0,610.0,595.0,605.0,115700
2025-02-10,590.0,590.0,600.0,585.0,600.0,151100
2025-02-11,580.0,580.0,590.0,580.0,590.0,173500
2025-02-12,580.0,580.0,605.0,580.0,580.0,221900
2025-02-13,580.0,580.0,585.0,575.0,580.0,149600
2025-02-14,575.0,575.0,590.0,575.0,590.0,151700
2025-02-17,590.0,590.0,595.0,575.0,580.0,282000
2025-02-18,590.0,590.0,600.0,590.0,595.0,180200
2025-02-19,585.0,585.0,595.0,585.0,590.0,152500
2025-02-20,585.0,585.0,595.0,585.0,585.0,18400
2025-02-21,590.0,590.0,595.0,580.0,580.0,87400
2025-02-24,590.0,590.0,615.0,580.0,585.0,173700
2025-02-25,585.0,585.0,610.0,580.0,600.0,270700
2025-02-26,580.0,580.0,595.0,575.0,575.0,400400
2025-02-27,585.0,585.0,590.0,575.0,580.0,521100
2025-02-28,560.0,560.0,585.0,550.0,585.0,609000
2025-03-03,560.0,560.0,565.0,540.0,540.0,895200
2025-03-04,565.0,565.0,565.0,545.0,560.0,190100
2025-03-05,560.0,560.0,570.0,550.0,550.0,13400
2025-03-06,585.0,585.0,605.0,555.0,565.0,644900
2025-03-07,585.0,585.0,590.0,565.0,590.0,34900
2025-03-10,585.0,585.0,590.0,575.0,590.0,146100
2025-03-11,585.0,585.0,585.0,570.0,575.0,3600
2025-03-12,580.0,580.0,600.0,575.0,580.0,182600
2025-03-13,575.0,575.0,585.0,570.0,570.0,37000
2025-03-14,575.0,575.0,595.0,570.0,585.0,62300
2025-03-17,575.0,575.0,575.0,550.0,575.0,436900
2025-03-18,565.0,565.0,570.0,545.0,560.0,175000
2025-03-19,565.0,565.0,565.0,540.0,560.0,402800
2025-03-20,560.0,560.0,565.0,545.0,565.0,56900
2025-03-21,560.0,560.0,560.0,535.0,560.0,245000
2025-03-24,525.0,525.0,560.0,510.0,550.0,550700
2025-03-25,515.0,515.0,525.0,515.0,525.0,95200
2025-03-26,520.0,520.0,535.0,510.0,515.0,319000
2025-03-27,525.0,525.0,530.0,515.0,520.0,64400
2025-04-08,492.0,492.0,515.0,490.0,510.0,1333400
2025-04-09,498.0,498.0,500.0,492.0,492.0,48800
2025-04-10,510.0,510.0,520.0,500.0,505.0,106900
2025-04-11,520.0,520.0,520.0,505.0,505.0,51200
2025-04-14,525.0,525.0,525.0,510.0,515.0,100300
2025-04-15,515.0,515.0,525.0,515.0,520.0,86600
2025-04-16,510.0,510.0,515.0,510.0,515.0,150900
2025-04-17,630.0,630.0,635.0,510.0,520.0,4762600
2025-04-21,600.0,600.0,625.0,560.0,620.0,1759700
2025-04-22,610.0,610.0,610.0,600.0,600.0,302000
2025-04-23,625.0,625.0,625.0,605.0,615.0,2176200
2025-04-24,625.0,625.0,650.0,620.0,625.0,275500
2025-04-25,690.0,690.0,690.0,615.0,615.0,2292200
2025-04-28,690.0,690.0,715.0,660.0,690.0,1867600
2025-04-29,695.0,695.0,700.0,675.0,695.0,398200
2025-04-30,755.0,755.0,815.0,685.0,700.0,6848100
2025-05-02,765.0,765.0,775.0,750.0,775.0,565400
2025-05-05,765.0,765.0,785.0,760.0,765.0,1406500
2025-05-06,760.0,760.0,765.0,750.0,765.0,624900
2025-05-07,765.0,765.0,770.0,750.0,760.0,666200
2025-05-08,790.0,790.0,825.0,770.0,770.0,2650300
2025-05-09,805.0,805.0,820.0,785.0,800.0,1012900
2025-05-14,800.0,800.0,825.0,800.0,805.0,332800
2025-05-15,820.0,820.0,850.0,800.0,800.0,934700
2025-05-16,810.0,810.0,820.0,805.0,820.0,303300
2025-05-19,800.0,800.0,810.0,790.0,805.0,393000
2025-05-20,805.0,805.0,835.0,800.0,800.0,626200
2025-05-21,815.0,815.0,820.0,805.0,805.0,298400
2025-05-22,820.0,820.0,825.0,810.0,815.0,254500
2025-05-23,890.0,890.0,890.0,825.0,825.0,1638100
2025-05-26,855.0,855.0,900.0,855.0,895.0,1198600
2025-05-27,860.0,860.0,875.0,850.0,855.0,382600
2025-05-28,860.0,860.0,880.0,850.0,860.0,384800
2025-06-02,840.0,840.0,885.0,830.0,860.0,1073600
2025-06-03,825.0,825.0,850.0,825.0,850.0,1001700
2025-06-04,840.0,840.0,850.0,820.0,850.0,266600
2025-06-05,840.0,840.0,860.0,840.0,840.0,417500
2025-06-10,845.0,845.0,860.0,835.0,840.0,275200
2025-06-11,860.0,860.0,895.0,850.0,850.0,243300
2025-06-12,860.0,860.0,870.0,855.0,860.0,174800
2025-06-13,855.0,855.0,865.0,850.0,860.0,155700
2025-06-16,860.0,860.0,860.0,850.0,860.0,260800
2025-06-17,865.0,865.0,870.0,850.0,860.0,582500
2025-06-18,860.0,860.0,875.0,855.0,870.0,382000
2025-06-19,855.0,855.0,875.0,845.0,860.0,568300
2025-06-20,850.0,850.0,855.0,840.0,855.0,68800
2025-06-23,820.0,820.0,850.0,790.0,850.0,311700
2025-06-24,815.0,815.0,835.0,800.0,820.0,335900
2025-06-25,810.0,810.0,835.0,810.0,815.0,230500
2025-06-26,830.0,830.0,830.0,800.0,810.0,77700
2025-06-30,810.0,810.0,830.0,800.0,830.0,81100
2025-07-01,825.0,825.0,825.0,805.0,815.0,89800
2025-07-02,865.0,865.0,870.0,820.0,820.0,196000
2025-07-03,865.0,865.0,880.0,850.0,865.0,159100
2025-07-04,840.0,840.0,875.0,820.0,860.0,184100
2025-07-07,845.0,845.0,865.0,845.0,860.0,72500
2025-07-08,865.0,865.0,865.0,815.0,850.0,1082100
2025-07-09,860.0,860.0,870.0,840.0,865.0,123700
2025-07-10,870.0,870.0,870.0,860.0,865.0,55100
2025-07-11,865.0,865.0,875.0,860.0,875.0,94700
2025-07-14,855.0,855.0,865.0,850.0,860.0,41500
2025-07-15,830.0,830.0,855.0,825.0,855.0,53600
2025-07-16,825.0,825.0,845.0,815.0,845.0,491900
2025-07-17,825.0,825.0,825.0,810.0,825.0,114300
2025-07-18,820.0,820.0,820.0,800.0,820.0,164100
2025-07-21,825.0,825.0,830.0,810.0,825.0,91000
2025-07-22,820.0,820.0,830.0,815.0,830.0,32100
2025-07-23,815.0,815.0,830.0,800.0,830.0,149200
2025-07-24,835.0,835.0,890.0,800.0,825.0,708500
2025-07-25,835.0,835.0,860.0,830.0,840.0,90200
2025-07-28,815.0,815.0,865.0,810.0,850.0,2621800
2025-07-29,825.0,825.0,840.0,810.0,840.0,78500
2025-07-30,810.0,810.0,840.0,805.0,820.0,61100
2025-07-31,820.0,820.0,825.0,800.0,810.0,65300
2025-08-01,805.0,805.0,815.0,795.0,805.0,93500
2025-08-04,820.0,820.0,860.0,795.0,800.0,487700
2025-08-05,815.0,815.0,830.0,800.0,800.0,128300
2025-08-06,800.0,800.0,845.0,790.0,830.0,2166400
2025-08-07,805.0,805.0,815.0,780.0,815.0,265200
2025-08-08,795.0,795.0,805.0,785.0,805.0,57000
2025-08-11,805.0,805.0,810.0,790.0,800.0,66600
2025-08-12,840.0,840.0,890.0,810.0,815.0,5282100
2025-08-13,805.0,805.0,845.0,800.0,845.0,1150200
2025-08-14,820.0,820.0,825.0,805.0,810.0,166100
2025-08-15,795.0,795.0,830.0,790.0,825.0,2472000
2025-08-19,815.0,815.0,845.0,795.0,805.0,544800
2025-08-20,815.0,815.0,820.0,805.0,815.0,189700
2025-08-21,805.0,805.0,825.0,805.0,820.0,66400
2025-08-22,805.0,805.0,815.0,800.0,815.0,112400
2025-08-25,805.0,805.0,810.0,780.0,810.0,1139600
2025-08-26,800.0,800.0,810.0,790.0,810.0,72600
2025-08-27,790.0,790.0,800.0,780.0,800.0,260600
2025-08-28,780.0,780.0,800.0,775.0,795.0,318200
2025-08-29,795.0,795.0,845.0,770.0,790.0,6403700
2025-09-01,810.0,810.0,830.0,755.0,770.0,1910500
2025-09-02,760.0,760.0,815.0,750.0,810.0,3381500
2025-09-03,760.0,760.0,800.0,760.0,780.0,360800
2025-09-04,775.0,775.0,775.0,760.0,775.0,301500
2025-09-08,755.0,755.0,780.0,750.0,780.0,633500
2025-09-09,765.0,765.0,770.0,755.0,765.0,332300
2025-09-10,775.0,775.0,780.0,755.0,765.0,158900
2025-09-11,775.0,775.0,780.0,755.0,780.0,102400
2025-09-12,760.0,760.0,775.0,755.0,775.0,285100
2025-09-15,760.0,760.0,775.0,750.0,755.0,254600
2025-09-16,755.0,755.0,770.0,750.0,770.0,66000
2025-09-17,700.0,700.0,760.0,700.0,755.0,1649000
2025-09-18,715.0,715.0,725.0,700.0,715.0,753600
2025-09-19,705.0,705.0,715.0,690.0,715.0,362600
2025-09-22,715.0,715.0,735.0,690.0,705.0,128300
2025-09-23,715.0,715.0,730.0,700.0,715.0,228400
2025-09-24,715.0,715.0,720.0,700.0,720.0,68500
2025-09-25,700.0,700.0,720.0,685.0,720.0,360300
2025-09-26,710.0,710.0,740.0,690.0,700.0,414900
2025-09-29,705.0,705.0,720.0,700.0,720.0,176000
2025-09-30,725.0,725.0,800.0,695.0,710.0,1341100
2025-10-01,725.0,725.0,735.0,700.0,735.0,366600
2025-10-02,800.0,800.0,825.0,725.0,725.0,2666100
2025-10-03,765.0,765.0,815.0,765.0,800.0,781100
2025-10-06,755.0,755.0,785.0,735.0,760.0,1771100
2025-10-07,710.0,710.0,775.0,710.0,755.0,2480000
2025-10-08,700.0,700.0,730.0,680.0,730.0,2689100
2025-10-09,710.0,710.0,740.0,640.0,700.0,3650200
2025-10-10,715.0,715.0,720.0,685.0,720.0,604200
2025-10-13,695.0,695.0,710.0,640.0,710.0,3776800
2025-10-14,650.0,650.0,695.0,640.0,670.0,3399800
2025-10-15,630.0,630.0,660.0,620.0,660.0,1105300
2025-10-16,650.0,650.0,655.0,620.0,640.0,305500
2025-10-17,630.0,630.0,660.0,620.0,660.0,1074500
2025-10-20,630.0,630.0,650.0,630.0,640.0,719200
2025-10-21,630.0,630.0,655.0,600.0,655.0,1179800
2025-10-22,625.0,625.0,635.0,620.0,635.0,306100
2025-10-23,625.0,625.0,630.0,615.0,625.0,468800
2025-10-24,630.0,630.0,635.0,625.0,625.0,199800
2025-10-27,615.0,615.0,635.0,605.0,630.0,1429000
2025-10-28,615.0,615.0,615.0,605.0,605.0,80000
2025-10-29,615.0,615.0,620.0,600.0,615.0,568400
2025-10-30,630.0,630.0,630.0,605.0,615.0,458900
2025-10-31,620.0,620.0,625.0,620.0,625.0,69200
2025-11-03,620.0,620.0,625.0,615.0,615.0,69500
2025-11-04,615.0,615.0,620.0,610.0,620.0,45600
2025-11-05,615.0,615.0,615.0,605.0,615.0,165100
2025-11-06,615.0,615.0,620.0,610.0,620.0,95600
2025-11-07,615.0,615.0,615.0,600.0,615.0,343500
2025-11-10,620.0,620.0,620.0,605.0,620.0,149300
2025-11-11,610.0,610.0,620.0,605.0,610.0,225900
2025-11-12,620.0,620.0,620.0,610.0,615.0,182500
2025-11-13,620.0,620.0,625.0,610.0,625.0,76000
2025-11-14,615.0,615.0,620.0,600.0,620.0,299800
2025-11-17,630.0,630.0,675.0,605.0,615.0,3468600
2025-11-18,625.0,625.0,630.0,625.0,630.0,127700
2025-11-19,625.0,625.0,635.0,620.0,625.0,144300
2025-11-20,620.0,620.0,645.0,615.0,625.0,255000
2025-11-21,620.0,620.0,625.0,600.0,625.0,720500
2025-11-24,620.0,620.0,630.0,615.0,620.0,167600
2025-11-25,620.0,620.0,640.0,620.0,620.0,639000
2025-11-26,635.0,635.0,670.0,620.0,630.0,4515200
2025-11-27,685.0,685.0,685.0,635.0,640.0,1900900
2025-11-28,665.0,665.0,690.0,650.0,685.0,417600
2025-12-01,665.0,665.0,670.0,650.0,665.0,145600
2025-12-02,655.0,655.0,675.0,655.0,665.0,70700
2025-12-03,645.0,645.0,675.0,640.0,670.0,999100
2025-12-04,650.0,650.0,660.0,640.0,650.0,76000
2025-12-05,665.0,665.0,670.0,640.0,655.0,204900
2025-12-08,645.0,645.0,680.0,645.0,660.0,3370300
2025-12-09,640.0,640.0,665.0,640.0,660.0,2490300
2025-12-10,625.0,625.0,645.0,625.0,640.0,553100
2025-12-11,635.0,635.0,640.0,620.0,625.0,180900
2025-12-12,640.0,640.0,645.0,620.0,640.0,101200
2025-12-15,640.0,640.0,645.0,630.0,645.0,399300
2025-12-16,625.0,625.0,675.0,620.0,640.0,10970400
2025-12-17,635.0,635.0,640.0,630.0,635.0,797900
2025-12-18,665.0,665.0,685.0,635.0,640.0,2958700
2025-12-19,650.0,650.0,675.0,640.0,665.0,1554400
2025-12-22,645.0,645.0,670.0,645.0,650.0,363100
2025-12-23,650.0,650.0,670.0,650.0,660.0,328200
2025-12-24,645.0,645.0,655.0,645.0,655.0,551600
2025-12-29,700.0,700.0,705.0,640.0,655.0,2918200
2025-12-30,695.0,695.0,710.0,685.0,705.0,1264400
