Date,Adj Close,Close,High,Low,Open,Volume
2020-01-02,56.19416427612305,56.19416427612305,56.19416427612305,53.75094223022461,53.75094223022461,47478
2020-01-03,56.19416427612305,56.19416427612305,56.19416427612305,56.19416427612305,56.19416427612305,0
2020-01-06,56.19416427612305,56.19416427612305,56.19416427612305,56.19416427612305,56.19416427612305,1146
2020-01-07,55.58335876464844,55.58335876464844,56.19416427612305,53.14013671875,56.19416427612305,17190
2020-01-08,56.80497360229492,56.80497360229492,56.80497360229492,54.97255325317383,55.58335876464844,12278
2020-01-09,56.19416427612305,56.19416427612305,57.41577911376953,53.14013671875,57.41577911376953,9823
2020-01-10,56.19416427612305,56.19416427612305,56.19416427612305,56.19416427612305,56.19416427612305,0
2020-01-13,56.19416427612305,56.19416427612305,56.19416427612305,54.97255325317383,55.58335876464844,9495
2020-01-14,54.97255325317383,54.97255325317383,56.19416427612305,53.14013671875,56.19416427612305,87589
2020-01-15,56.19416427612305,56.19416427612305,56.19416427612305,52.529327392578125,54.97255325317383,98394
2020-01-16,54.97255325317383,54.97255325317383,58.02658462524414,52.529327392578125,58.02658462524414,56155
2020-01-17,57.41577911376953,57.41577911376953,57.41577911376953,52.529327392578125,54.97255325317383,79730
2020-01-20,56.80497360229492,56.80497360229492,56.80497360229492,52.529327392578125,56.19416427612305,551729
2020-01-21,53.14013671875,53.14013671875,54.97255325317383,53.14013671875,53.14013671875,175342
2020-01-22,53.75094223022461,53.75094223022461,54.97255325317383,52.529327392578125,54.97255325317383,79566
2020-01-23,53.75094223022461,53.75094223022461,53.75094223022461,51.307716369628906,53.75094223022461,71872
2020-01-24,56.19416427612305,56.19416427612305,58.02658462524414,52.529327392578125,56.19416427612305,185328
2020-01-27,56.19416427612305,56.19416427612305,58.02658462524414,54.36174774169922,58.02658462524414,19482
2020-01-28,56.19416427612305,56.19416427612305,56.19416427612305,52.529327392578125,56.19416427612305,98885
2020-01-29,55.58335876464844,55.58335876464844,56.19416427612305,52.529327392578125,56.19416427612305,234280
2020-01-30,55.58335876464844,55.58335876464844,56.19416427612305,53.75094223022461,55.58335876464844,65323
2020-01-31,54.97255325317383,54.97255325317383,54.97255325317383,54.36174774169922,54.97255325317383,11460
2020-02-03,54.97255325317383,54.97255325317383,54.97255325317383,48.8644905090332,54.97255325317383,3274
2020-02-04,54.97255325317383,54.97255325317383,58.02658462524414,54.97255325317383,58.02658462524414,654
2020-02-05,54.97255325317383,54.97255325317383,54.97255325317383,51.918521881103516,54.97255325317383,37000
2020-02-06,55.58335876464844,55.58335876464844,56.80497360229492,53.14013671875,55.58335876464844,16044
2020-02-07,56.19416427612305,56.19416427612305,57.41577911376953,54.97255325317383,55.58335876464844,36672
2020-02-10,56.19416427612305,56.19416427612305,58.02658462524414,55.58335876464844,58.02658462524414,22920
2020-02-11,55.58335876464844,55.58335876464844,58.02658462524414,49.47529983520508,58.02658462524414,10150
2020-02-12,55.58335876464844,55.58335876464844,55.58335876464844,55.58335876464844,55.58335876464844,1964
2020-02-13,56.19416427612305,56.19416427612305,57.41577911376953,56.19416427612305,57.41577911376953,491
2020-02-14,56.80497360229492,56.80497360229492,56.80497360229492,56.80497360229492,56.80497360229492,327
2020-02-17,56.80497360229492,56.80497360229492,56.80497360229492,56.80497360229492,56.80497360229492,491
2020-02-18,56.80497360229492,56.80497360229492,56.80497360229492,56.80497360229492,56.80497360229492,0
2020-02-19,56.80497360229492,56.80497360229492,56.80497360229492,56.80497360229492,56.80497360229492,0
2020-02-20,56.19416427612305,56.19416427612305,56.19416427612305,52.529327392578125,55.58335876464844,24557
2020-02-21,54.97255325317383,54.97255325317383,55.58335876464844,54.97255325317383,55.58335876464844,3110
2020-02-24,54.97255325317383,54.97255325317383,58.02658462524414,49.47529983520508,58.02658462524414,84805
2020-02-25,54.97255325317383,54.97255325317383,54.97255325317383,49.47529983520508,49.47529983520508,64013
2020-02-26,54.36174774169922,54.36174774169922,54.97255325317383,48.8644905090332,54.97255325317383,6385
2020-02-27,51.918521881103516,51.918521881103516,55.58335876464844,48.8644905090332,55.58335876464844,263749
2020-02-28,54.97255325317383,54.97255325317383,54.97255325317383,48.8644905090332,51.918521881103516,448751
2020-03-02,51.918521881103516,51.918521881103516,55.58335876464844,48.8644905090332,55.58335876464844,120660
2020-03-03,50.08610534667969,50.08610534667969,53.75094223022461,48.8644905090332,53.75094223022461,59429
2020-03-04,51.918521881103516,51.918521881103516,52.529327392578125,49.47529983520508,52.529327392578125,3765
2020-03-05,53.75094223022461,53.75094223022461,53.75094223022461,51.918521881103516,51.918521881103516,10314
2020-03-06,53.75094223022461,53.75094223022461,54.97255325317383,49.47529983520508,54.97255325317383,21283
2020-03-09,54.97255325317383,54.97255325317383,56.80497360229492,53.75094223022461,56.80497360229492,4420
2020-03-10,54.97255325317383,54.97255325317383,54.97255325317383,54.97255325317383,54.97255325317383,18336
2020-03-11,54.97255325317383,54.97255325317383,54.97255325317383,54.97255325317383,54.97255325317383,0
2020-03-12,54.97255325317383,54.97255325317383,54.97255325317383,54.97255325317383,54.97255325317383,327
2020-03-13,54.97255325317383,54.97255325317383,54.97255325317383,54.97255325317383,54.97255325317383,0
2020-03-16,54.97255325317383,54.97255325317383,54.97255325317383,54.97255325317383,54.97255325317383,0
2020-03-17,52.529327392578125,52.529327392578125,53.75094223022461,50.08610534667969,53.75094223022461,14243
2020-03-18,54.97255325317383,54.97255325317383,54.97255325317383,54.97255325317383,54.97255325317383,327
2020-03-19,54.97255325317383,54.97255325317383,54.97255325317383,54.97255325317383,54.97255325317383,327
2020-03-20,54.97255325317383,54.97255325317383,54.97255325317383,54.97255325317383,54.97255325317383,327
2020-03-23,51.307716369628906,51.307716369628906,54.97255325317383,51.307716369628906,54.97255325317383,8513
2020-03-24,53.14013671875,53.14013671875,53.75094223022461,48.8644905090332,53.75094223022461,1473
2020-03-26,53.75094223022461,53.75094223022461,54.97255325317383,53.75094223022461,54.97255325317383,10314
2020-03-27,52.529327392578125,52.529327392578125,54.97255325317383,50.08610534667969,54.97255325317383,82350
2020-03-30,54.36174774169922,54.36174774169922,54.97255325317383,52.529327392578125,52.529327392578125,7367
2020-03-31,53.75094223022461,53.75094223022461,54.97255325317383,52.529327392578125,54.97255325317383,5075
2020-04-01,52.529327392578125,52.529327392578125,53.75094223022461,52.529327392578125,53.75094223022461,2128
2020-04-02,53.75094223022461,53.75094223022461,53.75094223022461,49.47529983520508,52.529327392578125,1800
2020-04-03,53.14013671875,53.14013671875,53.75094223022461,50.6969108581543,53.75094223022461,1146
2020-04-06,52.529327392578125,52.529327392578125,53.75094223022461,50.6969108581543,53.75094223022461,1146
2020-04-07,52.529327392578125,52.529327392578125,53.14013671875,52.529327392578125,53.14013671875,5566
2020-04-08,50.6969108581543,50.6969108581543,52.529327392578125,48.8644905090332,52.529327392578125,76128
2020-04-09,51.307716369628906,51.307716369628906,53.14013671875,47.642879486083984,53.14013671875,40110
2020-04-13,50.08610534667969,50.08610534667969,50.08610534667969,48.253684997558594,48.8644905090332,52553
2020-04-14,49.47529983520508,49.47529983520508,53.14013671875,47.032073974609375,53.14013671875,60411
2020-04-15,51.918521881103516,51.918521881103516,52.529327392578125,48.253684997558594,50.08610534667969,1800
2020-04-16,51.307716369628906,51.307716369628906,51.918521881103516,48.8644905090332,51.918521881103516,35690
2020-04-17,50.08610534667969,50.08610534667969,51.307716369628906,48.253684997558594,51.307716369628906,34217
2020-04-20,50.6969108581543,50.6969108581543,51.307716369628906,47.032073974609375,50.08610534667969,105761
2020-04-21,47.642879486083984,47.642879486083984,50.6969108581543,47.642879486083984,50.6969108581543,47805
2020-04-22,46.421268463134766,46.421268463134766,49.47529983520508,45.81045913696289,48.253684997558594,4420
2020-04-23,43.36723709106445,43.36723709106445,49.47529983520508,43.36723709106445,47.032073974609375,84969
2020-04-24,50.6969108581543,50.6969108581543,53.75094223022461,40.92401123046875,48.8644905090332,945962
2020-04-27,53.75094223022461,53.75094223022461,54.36174774169922,50.6969108581543,52.529327392578125,67124
2020-04-28,50.08610534667969,50.08610534667969,53.75094223022461,50.08610534667969,53.75094223022461,2619
2020-04-29,51.307716369628906,51.307716369628906,53.14013671875,48.253684997558594,50.08610534667969,35199
2020-04-30,52.529327392578125,52.529327392578125,52.529327392578125,51.307716369628906,51.307716369628906,3110
2020-05-04,50.08610534667969,50.08610534667969,53.14013671875,48.8644905090332,53.14013671875,6385
2020-05-05,50.08610534667969,50.08610534667969,50.08610534667969,50.08610534667969,50.08610534667969,327
2020-05-06,50.6969108581543,50.6969108581543,50.6969108581543,48.8644905090332,50.6969108581543,2946
2020-05-08,51.307716369628906,51.307716369628906,51.307716369628906,48.8644905090332,51.307716369628906,982
2020-05-11,51.307716369628906,51.307716369628906,51.307716369628906,51.307716369628906,51.307716369628906,13097
2020-05-12,50.08610534667969,50.08610534667969,53.75094223022461,48.253684997558594,53.75094223022461,21938
2020-05-13,50.08610534667969,50.08610534667969,50.6969108581543,47.642879486083984,50.6969108581543,34871
2020-05-14,52.529327392578125,52.529327392578125,52.529327392578125,50.6969108581543,50.6969108581543,327
2020-05-15,50.6969108581543,50.6969108581543,50.6969108581543,48.8644905090332,48.8644905090332,6876
2020-05-18,50.08610534667969,50.08610534667969,53.14013671875,47.642879486083984,53.14013671875,12606
2020-05-19,51.307716369628906,51.307716369628906,51.307716369628906,51.307716369628906,51.307716369628906,327
2020-05-20,51.307716369628906,51.307716369628906,51.307716369628906,51.307716369628906,51.307716369628906,491
2020-05-26,50.6969108581543,50.6969108581543,51.918521881103516,48.8644905090332,51.307716369628906,9168
2020-05-27,50.08610534667969,50.08610534667969,50.6969108581543,48.8644905090332,50.6969108581543,1473
2020-05-28,50.08610534667969,50.08610534667969,50.6969108581543,50.08610534667969,50.6969108581543,491
2020-05-29,49.47529983520508,49.47529983520508,50.08610534667969,47.032073974609375,50.08610534667969,128518
2020-06-02,48.8644905090332,48.8644905090332,48.8644905090332,46.421268463134766,46.421268463134766,16044
2020-06-03,48.8644905090332,48.8644905090332,51.918521881103516,45.81045913696289,51.918521881103516,58283
2020-06-04,48.253684997558594,48.253684997558594,48.8644905090332,45.81045913696289,46.421268463134766,174850
2020-06-05,48.253684997558594,48.253684997558594,48.253684997558594,48.253684997558594,48.253684997558594,0
2020-06-08,48.253684997558594,48.253684997558594,48.253684997558594,45.19965362548828,48.253684997558594,5566
2020-06-09,48.253684997558594,48.253684997558594,48.253684997558594,48.253684997558594,48.253684997558594,0
2020-06-10,45.81045913696289,45.81045913696289,48.8644905090332,45.81045913696289,48.8644905090332,47641
2020-06-11,48.8644905090332,48.8644905090332,48.8644905090332,43.97804260253906,45.81045913696289,62376
2020-06-12,48.8644905090332,48.8644905090332,48.8644905090332,45.81045913696289,48.8644905090332,4256
2020-06-15,48.8644905090332,48.8644905090332,48.8644905090332,48.8644905090332,48.8644905090332,0
2020-06-16,48.8644905090332,48.8644905090332,48.8644905090332,46.421268463134766,46.421268463134766,16862
2020-06-17,52.529327392578125,52.529327392578125,58.63739013671875,45.81045913696289,48.8644905090332,153731
2020-06-18,51.918521881103516,51.918521881103516,52.529327392578125,51.918521881103516,52.529327392578125,5730
2020-06-19,51.307716369628906,51.307716369628906,51.307716369628906,48.8644905090332,49.47529983520508,9168
2020-06-22,49.47529983520508,49.47529983520508,50.08610534667969,48.253684997558594,48.8644905090332,26686
2020-06-23,49.47529983520508,49.47529983520508,50.08610534667969,49.47529983520508,50.08610534667969,818
2020-06-24,48.8644905090332,48.8644905090332,51.918521881103516,47.032073974609375,51.918521881103516,5566
2020-06-25,48.8644905090332,48.8644905090332,51.918521881103516,48.8644905090332,51.918521881103516,491
2020-06-26,48.8644905090332,48.8644905090332,48.8644905090332,45.81045913696289,48.8644905090332,2619
2020-06-29,46.421268463134766,46.421268463134766,51.307716369628906,46.421268463134766,51.307716369628906,68106
2020-06-30,47.642879486083984,47.642879486083984,48.8644905090332,43.36723709106445,46.421268463134766,32743
2020-07-01,47.032073974609375,47.032073974609375,50.6969108581543,44.58884811401367,50.6969108581543,42075
2020-07-02,46.421268463134766,46.421268463134766,50.08610534667969,44.58884811401367,50.08610534667969,24230
2020-07-03,47.642879486083984,47.642879486083984,48.8644905090332,46.421268463134766,48.8644905090332,42402
2020-07-06,48.8644905090332,48.8644905090332,50.6969108581543,47.642879486083984,47.642879486083984,36345
2020-07-07,47.032073974609375,47.032073974609375,51.307716369628906,45.81045913696289,51.307716369628906,17681
2020-07-08,47.642879486083984,47.642879486083984,49.47529983520508,46.421268463134766,49.47529983520508,21447
2020-07-09,47.642879486083984,47.642879486083984,48.8644905090332,45.19965362548828,48.8644905090332,23902
2020-07-10,48.8644905090332,48.8644905090332,50.08610534667969,48.8644905090332,50.08610534667969,16044
2020-07-13,48.253684997558594,48.253684997558594,51.918521881103516,45.81045913696289,51.918521881103516,5075
2020-07-14,47.032073974609375,47.032073974609375,51.307716369628906,45.19965362548828,51.307716369628906,21283
2020-07-15,43.97804260253906,43.97804260253906,50.08610534667969,43.97804260253906,50.08610534667969,101177
2020-07-16,47.032073974609375,47.032073974609375,47.642879486083984,43.97804260253906,46.421268463134766,38801
2020-07-17,46.421268463134766,46.421268463134766,50.08610534667969,43.97804260253906,50.08610534667969,34053
2020-07-20,47.642879486083984,47.642879486083984,47.642879486083984,46.421268463134766,46.421268463134766,10805
2020-07-21,47.642879486083984,47.642879486083984,47.642879486083984,44.58884811401367,47.032073974609375,1800
2020-07-22,47.032073974609375,47.032073974609375,47.642879486083984,44.58884811401367,47.642879486083984,3929
2020-07-23,47.032073974609375,47.032073974609375,50.08610534667969,44.58884811401367,50.08610534667969,2946
2020-07-24,45.81045913696289,45.81045913696289,48.253684997558594,43.97804260253906,47.032073974609375,90372
2020-07-27,44.58884811401367,44.58884811401367,47.032073974609375,42.756431579589844,47.032073974609375,38637
2020-07-28,45.81045913696289,45.81045913696289,47.642879486083984,42.756431579589844,47.642879486083984,39947
2020-07-29,45.81045913696289,45.81045913696289,45.81045913696289,45.81045913696289,45.81045913696289,654
2020-07-30,47.642879486083984,47.642879486083984,48.253684997558594,43.97804260253906,45.81045913696289,10641
2020-08-03,46.421268463134766,46.421268463134766,48.8644905090332,44.58884811401367,48.8644905090332,17681
2020-08-04,45.81045913696289,45.81045913696289,46.421268463134766,43.36723709106445,46.421268463134766,2946
2020-08-05,42.756431579589844,42.756431579589844,46.421268463134766,42.756431579589844,46.421268463134766,144563
2020-08-06,45.19965362548828,45.19965362548828,45.81045913696289,42.756431579589844,42.756431579589844,59757
2020-08-07,45.19965362548828,45.19965362548828,47.642879486083984,42.756431579589844,42.756431579589844,56319
2020-08-10,60.469810485839844,60.469810485839844,60.469810485839844,42.14562225341797,45.81045913696289,163718
2020-08-11,56.80497360229492,56.80497360229492,56.80497360229492,56.80497360229492,56.80497360229492,8513
2020-08-12,53.14013671875,53.14013671875,59.85900115966797,53.14013671875,59.85900115966797,4420
2020-08-13,49.47529983520508,49.47529983520508,52.529327392578125,49.47529983520508,52.529327392578125,3438
2020-08-14,49.47529983520508,49.47529983520508,52.529327392578125,47.642879486083984,52.529327392578125,130155
2020-08-18,50.08610534667969,50.08610534667969,61.08061599731445,48.8644905090332,48.8644905090332,238537
2020-08-19,51.918521881103516,51.918521881103516,52.529327392578125,48.253684997558594,50.08610534667969,52880
2020-08-24,50.6969108581543,50.6969108581543,53.75094223022461,48.8644905090332,51.918521881103516,92828
2020-08-25,51.918521881103516,51.918521881103516,51.918521881103516,47.642879486083984,51.307716369628906,94137
2020-08-26,50.6969108581543,50.6969108581543,50.6969108581543,48.8644905090332,48.8644905090332,82186
2020-08-27,49.47529983520508,49.47529983520508,51.307716369628906,47.642879486083984,51.307716369628906,56646
2020-08-28,52.529327392578125,52.529327392578125,52.529327392578125,46.421268463134766,50.08610534667969,171085
2020-08-31,53.14013671875,53.14013671875,60.469810485839844,48.8644905090332,52.529327392578125,139978
2020-09-01,49.47529983520508,49.47529983520508,53.14013671875,49.47529983520508,53.14013671875,57792
2020-09-02,51.307716369628906,51.307716369628906,52.529327392578125,49.47529983520508,52.529327392578125,12770
2020-09-03,50.6969108581543,50.6969108581543,53.14013671875,48.253684997558594,53.14013671875,19482
2020-09-04,47.642879486083984,47.642879486083984,51.307716369628906,47.642879486083984,51.307716369628906,50097
2020-09-07,50.08610534667969,50.08610534667969,50.08610534667969,45.81045913696289,48.8644905090332,10314
2020-09-08,49.47529983520508,49.47529983520508,51.918521881103516,48.8644905090332,50.08610534667969,7367
2020-09-09,50.08610534667969,50.08610534667969,51.307716369628906,47.032073974609375,51.307716369628906,37000
2020-09-10,47.642879486083984,47.642879486083984,56.19416427612305,47.032073974609375,50.08610534667969,92828
2020-09-11,48.8644905090332,48.8644905090332,48.8644905090332,45.81045913696289,47.642879486083984,18336
2020-09-14,51.307716369628906,51.307716369628906,53.75094223022461,48.8644905090332,48.8644905090332,31433
2020-09-15,51.307716369628906,51.307716369628906,54.36174774169922,48.253684997558594,54.36174774169922,45186
2020-09-16,50.6969108581543,50.6969108581543,51.307716369628906,49.47529983520508,51.307716369628906,5402
2020-09-17,49.47529983520508,49.47529983520508,50.6969108581543,47.642879486083984,50.6969108581543,9986
2020-09-18,49.47529983520508,49.47529983520508,49.47529983520508,48.8644905090332,48.8644905090332,2292
2020-09-21,49.47529983520508,49.47529983520508,52.529327392578125,47.032073974609375,52.529327392578125,43057
2020-09-22,49.47529983520508,49.47529983520508,51.307716369628906,46.421268463134766,51.307716369628906,14734
2020-09-23,48.8644905090332,48.8644905090332,49.47529983520508,47.642879486083984,49.47529983520508,14898
2020-09-24,48.8644905090332,48.8644905090332,51.307716369628906,48.8644905090332,51.307716369628906,491
2020-09-25,49.47529983520508,49.47529983520508,51.307716369628906,46.421268463134766,49.47529983520508,113129
2020-09-28,51.307716369628906,51.307716369628906,51.307716369628906,48.253684997558594,48.8644905090332,91682
2020-09-29,49.47529983520508,49.47529983520508,51.307716369628906,48.253684997558594,51.307716369628906,27668
2020-09-30,50.08610534667969,50.08610534667969,53.75094223022461,46.421268463134766,48.8644905090332,275210
2020-10-01,50.08610534667969,50.08610534667969,51.307716369628906,47.642879486083984,50.08610534667969,66960
2020-10-02,50.08610534667969,50.08610534667969,53.14013671875,50.08610534667969,53.14013671875,3929
2020-10-05,50.08610534667969,50.08610534667969,51.307716369628906,50.08610534667969,51.307716369628906,20137
2020-10-06,50.6969108581543,50.6969108581543,51.918521881103516,48.253684997558594,51.918521881103516,59757
2020-10-07,51.307716369628906,51.307716369628906,53.75094223022461,48.8644905090332,53.75094223022461,108872
2020-10-08,53.75094223022461,53.75094223022461,60.469810485839844,48.8644905090332,52.529327392578125,399799
2020-10-09,54.36174774169922,54.36174774169922,56.80497360229492,51.918521881103516,56.80497360229492,132447
2020-10-12,51.307716369628906,51.307716369628906,57.41577911376953,50.6969108581543,57.41577911376953,1077919
2020-10-13,51.918521881103516,51.918521881103516,53.14013671875,48.8644905090332,53.14013671875,9986
2020-10-14,53.14013671875,53.14013671875,53.14013671875,51.918521881103516,53.14013671875,12442
2020-10-15,53.14013671875,53.14013671875,53.14013671875,51.307716369628906,51.307716369628906,9168
2020-10-16,50.08610534667969,50.08610534667969,53.14013671875,50.08610534667969,53.14013671875,3274
2020-10-19,52.529327392578125,52.529327392578125,53.14013671875,48.8644905090332,53.14013671875,2455
2020-10-20,52.529327392578125,52.529327392578125,52.529327392578125,52.529327392578125,52.529327392578125,327
2020-10-21,52.529327392578125,52.529327392578125,53.14013671875,52.529327392578125,53.14013671875,491
2020-10-22,52.529327392578125,52.529327392578125,52.529327392578125,52.529327392578125,52.529327392578125,2455
2020-10-23,52.529327392578125,52.529327392578125,53.14013671875,52.529327392578125,53.14013671875,10641
2020-10-26,52.529327392578125,52.529327392578125,52.529327392578125,52.529327392578125,52.529327392578125,327
2020-10-27,52.529327392578125,52.529327392578125,55.58335876464844,48.8644905090332,55.58335876464844,4584
2020-11-02,53.75094223022461,53.75094223022461,55.58335876464844,48.8644905090332,55.58335876464844,12606
2020-11-03,54.36174774169922,54.36174774169922,54.36174774169922,54.36174774169922,54.36174774169922,1309
2020-11-04,53.75094223022461,53.75094223022461,54.36174774169922,50.6969108581543,54.36174774169922,1473
2020-11-05,53.14013671875,53.14013671875,54.36174774169922,50.08610534667969,54.36174774169922,27504
2020-11-06,53.14013671875,53.14013671875,53.14013671875,50.08610534667969,53.14013671875,9004
2020-11-09,52.529327392578125,52.529327392578125,53.75094223022461,49.47529983520508,53.75094223022461,68106
2020-11-10,50.08610534667969,50.08610534667969,53.14013671875,50.08610534667969,53.14013671875,19646
2020-11-11,51.307716369628906,51.307716369628906,52.529327392578125,47.642879486083984,51.307716369628906,11787
2020-11-12,51.307716369628906,51.307716369628906,53.14013671875,51.307716369628906,53.14013671875,2128
2020-11-13,53.14013671875,53.14013671875,53.14013671875,50.6969108581543,51.307716369628906,114930
2020-11-16,53.14013671875,53.14013671875,54.97255325317383,53.14013671875,53.14013671875,3765
2020-11-17,52.529327392578125,52.529327392578125,54.97255325317383,50.08610534667969,53.14013671875,28650
2020-11-18,50.6969108581543,50.6969108581543,52.529327392578125,48.8644905090332,52.529327392578125,47478
2020-11-19,50.08610534667969,50.08610534667969,50.6969108581543,47.642879486083984,50.08610534667969,280940
2020-11-20,50.08610534667969,50.08610534667969,50.6969108581543,47.032073974609375,50.08610534667969,157005
2020-11-23,51.918521881103516,51.918521881103516,52.529327392578125,47.032073974609375,50.08610534667969,181235
2020-11-24,49.47529983520508,49.47529983520508,51.918521881103516,48.8644905090332,51.918521881103516,65487
2020-11-25,51.307716369628906,51.307716369628906,51.918521881103516,48.253684997558594,49.47529983520508,82841
2020-11-26,49.47529983520508,49.47529983520508,52.529327392578125,48.253684997558594,51.307716369628906,373113
2020-11-27,49.47529983520508,49.47529983520508,50.6969108581543,48.8644905090332,50.6969108581543,121478
2020-11-30,46.421268463134766,46.421268463134766,50.6969108581543,46.421268463134766,49.47529983520508,99376
2020-12-01,48.253684997558594,48.253684997558594,49.47529983520508,45.81045913696289,49.47529983520508,109199
2020-12-02,48.8644905090332,48.8644905090332,49.47529983520508,47.032073974609375,49.47529983520508,71381
2020-12-03,49.47529983520508,49.47529983520508,51.918521881103516,47.642879486083984,48.8644905090332,168302
2020-12-04,48.253684997558594,48.253684997558594,50.08610534667969,47.032073974609375,49.47529983520508,270625
2020-12-07,48.253684997558594,48.253684997558594,50.6969108581543,45.81045913696289,48.253684997558594,196297
2020-12-08,50.08610534667969,50.08610534667969,56.19416427612305,47.642879486083984,48.253684997558594,225439
2020-12-10,50.08610534667969,50.08610534667969,51.307716369628906,48.253684997558594,50.08610534667969,78748
2020-12-11,50.08610534667969,50.08610534667969,51.307716369628906,48.8644905090332,49.47529983520508,60575
2020-12-14,49.47529983520508,49.47529983520508,50.6969108581543,47.642879486083984,50.08610534667969,109363
2020-12-15,50.08610534667969,50.08610534667969,50.08610534667969,48.8644905090332,49.47529983520508,5566
2020-12-16,50.6969108581543,50.6969108581543,51.307716369628906,47.642879486083984,50.6969108581543,194988
2020-12-17,50.6969108581543,50.6969108581543,50.6969108581543,48.8644905090332,50.6969108581543,42566
2020-12-18,50.08610534667969,50.08610534667969,53.75094223022461,47.642879486083984,53.75094223022461,121315
2020-12-21,49.47529983520508,49.47529983520508,50.08610534667969,48.253684997558594,50.08610534667969,5238
2020-12-22,49.47529983520508,49.47529983520508,50.08610534667969,47.642879486083984,49.47529983520508,72854
2020-12-23,49.47529983520508,49.47529983520508,50.08610534667969,47.642879486083984,49.47529983520508,243612
2020-12-28,49.47529983520508,49.47529983520508,49.47529983520508,46.421268463134766,49.47529983520508,960206
2020-12-29,48.8644905090332,48.8644905090332,49.47529983520508,47.032073974609375,49.47529983520508,35199
2020-12-30,49.47529983520508,49.47529983520508,51.918521881103516,47.642879486083984,50.6969108581543,26522
2021-01-04,48.8644905090332,48.8644905090332,50.08610534667969,48.8644905090332,50.08610534667969,3110
2021-01-05,48.8644905090332,48.8644905090332,50.08610534667969,48.8644905090332,48.8644905090332,19318
2021-01-06,48.253684997558594,48.253684997558594,48.8644905090332,47.032073974609375,48.8644905090332,11623
2021-01-07,48.8644905090332,48.8644905090332,50.08610534667969,46.421268463134766,50.08610534667969,49606
2021-01-08,48.253684997558594,48.253684997558594,50.08610534667969,46.421268463134766,48.8644905090332,64832
2021-01-11,47.032073974609375,47.032073974609375,50.08610534667969,45.81045913696289,48.253684997558594,34708
2021-01-12,48.253684997558594,48.253684997558594,50.08610534667969,47.032073974609375,50.08610534667969,5566
2021-01-13,48.8644905090332,48.8644905090332,48.8644905090332,47.642879486083984,48.253684997558594,24721
2021-01-14,48.8644905090332,48.8644905090332,51.307716369628906,47.032073974609375,51.307716369628906,95611
2021-01-15,48.253684997558594,48.253684997558594,48.8644905090332,48.253684997558594,48.8644905090332,1964
2021-01-18,49.47529983520508,49.47529983520508,60.469810485839844,48.253684997558594,48.8644905090332,172558
2021-01-19,48.253684997558594,48.253684997558594,49.47529983520508,48.253684997558594,49.47529983520508,10150
2021-01-20,48.253684997558594,48.253684997558594,48.8644905090332,48.253684997558594,48.253684997558594,17517
2021-01-21,48.8644905090332,48.8644905090332,51.307716369628906,47.642879486083984,51.307716369628906,5730
2021-01-22,47.642879486083984,47.642879486083984,49.47529983520508,47.642879486083984,48.8644905090332,19318
2021-01-25,48.253684997558594,48.253684997558594,50.08610534667969,45.81045913696289,50.08610534667969,22265
2021-01-26,47.642879486083984,47.642879486083984,48.253684997558594,45.19965362548828,48.253684997558594,37163
2021-01-27,47.642879486083984,47.642879486083984,47.642879486083984,45.81045913696289,47.642879486083984,5402
2021-01-28,48.253684997558594,48.253684997558594,48.253684997558594,45.81045913696289,47.642879486083984,88244
2021-01-29,46.421268463134766,46.421268463134766,46.421268463134766,45.19965362548828,45.81045913696289,49606
2021-02-01,46.421268463134766,46.421268463134766,46.421268463134766,45.19965362548828,46.421268463134766,3765
2021-02-02,46.421268463134766,46.421268463134766,48.8644905090332,46.421268463134766,46.421268463134766,4584
2021-02-03,48.253684997558594,48.253684997558594,48.8644905090332,46.421268463134766,46.421268463134766,32579
2021-02-04,48.253684997558594,48.253684997558594,51.307716369628906,45.19965362548828,48.253684997558594,15716
2021-02-05,48.8644905090332,48.8644905090332,48.8644905090332,45.81045913696289,48.253684997558594,12770
2021-02-08,48.253684997558594,48.253684997558594,48.8644905090332,45.81045913696289,48.8644905090332,20628
2021-02-09,47.642879486083984,47.642879486083984,48.8644905090332,46.421268463134766,48.8644905090332,151766
2021-02-10,47.642879486083984,47.642879486083984,54.36174774169922,46.421268463134766,48.8644905090332,62540
2021-02-11,47.642879486083984,47.642879486083984,48.8644905090332,47.032073974609375,47.642879486083984,5238
2021-02-15,46.421268463134766,46.421268463134766,48.8644905090332,44.58884811401367,48.8644905090332,491645
2021-02-16,46.421268463134766,46.421268463134766,47.642879486083984,45.19965362548828,47.642879486083984,6876
2021-02-17,46.421268463134766,46.421268463134766,47.642879486083984,46.421268463134766,47.642879486083984,2455
2021-02-18,46.421268463134766,46.421268463134766,47.642879486083984,46.421268463134766,46.421268463134766,20301
2021-02-19,48.253684997558594,48.253684997558594,49.47529983520508,45.81045913696289,48.8644905090332,36345
2021-02-22,47.032073974609375,47.032073974609375,48.253684997558594,45.81045913696289,48.253684997558594,47969
2021-02-23,47.642879486083984,47.642879486083984,48.8644905090332,45.81045913696289,47.642879486083984,32579
2021-02-24,47.642879486083984,47.642879486083984,48.8644905090332,45.81045913696289,47.642879486083984,63686
2021-02-25,47.642879486083984,47.642879486083984,48.8644905090332,46.421268463134766,48.8644905090332,337259
2021-02-26,47.642879486083984,47.642879486083984,47.642879486083984,46.421268463134766,46.421268463134766,568756
2021-03-01,46.421268463134766,46.421268463134766,48.253684997558594,46.421268463134766,47.642879486083984,210705
2021-03-02,47.032073974609375,47.032073974609375,48.253684997558594,46.421268463134766,48.253684997558594,251962
2021-03-03,47.032073974609375,47.032073974609375,47.642879486083984,47.032073974609375,47.032073974609375,516039
2021-03-04,53.14013671875,53.14013671875,54.97255325317383,47.032073974609375,47.032073974609375,1652078
2021-03-05,51.307716369628906,51.307716369628906,54.97255325317383,50.08610534667969,53.14013671875,1386200
2021-03-08,51.307716369628906,51.307716369628906,51.307716369628906,51.307716369628906,51.307716369628906,7039
2021-03-09,51.918521881103516,51.918521881103516,54.36174774169922,50.08610534667969,51.307716369628906,61557
2021-03-10,48.8644905090332,48.8644905090332,50.08610534667969,48.8644905090332,50.08610534667969,669606
2021-03-12,50.08610534667969,50.08610534667969,59.24819564819336,45.81045913696289,45.81045913696289,1234597
2021-03-15,53.14013671875,53.14013671875,62.91303253173828,50.08610534667969,50.6969108581543,142413102
2021-03-16,55.58335876464844,55.58335876464844,60.469810485839844,51.918521881103516,53.14013671875,80345293
2021-03-17,58.63739013671875,58.63739013671875,64.74545288085938,54.36174774169922,56.80497360229492,128924371
2021-03-18,54.97255325317383,54.97255325317383,59.85900115966797,54.97255325317383,59.24819564819336,11224837
2021-03-19,54.97255325317383,54.97255325317383,59.85900115966797,54.36174774169922,56.19416427612305,37498312
2021-03-22,51.918521881103516,51.918521881103516,57.41577911376953,51.307716369628906,56.19416427612305,17175006
2021-03-23,57.41577911376953,57.41577911376953,57.41577911376953,50.6969108581543,51.918521881103516,10403627
2021-03-24,56.80497360229492,56.80497360229492,67.79948425292969,55.58335876464844,57.41577911376953,95256734
2021-03-25,54.36174774169922,54.36174774169922,57.41577911376953,53.14013671875,56.80497360229492,11346971
2021-03-26,53.14013671875,53.14013671875,56.19416427612305,52.529327392578125,54.97255325317383,3785489
2021-03-29,54.97255325317383,54.97255325317383,54.97255325317383,53.14013671875,53.14013671875,3724094
2021-03-30,54.36174774169922,54.36174774169922,61.69142150878906,52.529327392578125,55.58335876464844,37708689
2021-03-31,53.75094223022461,53.75094223022461,56.19416427612305,52.529327392578125,54.36174774169922,3655333
2021-04-01,54.97255325317383,54.97255325317383,54.97255325317383,53.14013671875,53.75094223022461,1353948
2021-04-05,54.36174774169922,54.36174774169922,56.19416427612305,54.36174774169922,54.97255325317383,3834440
2021-04-06,54.36174774169922,54.36174774169922,56.80497360229492,53.14013671875,55.58335876464844,5039733
2021-04-07,53.75094223022461,53.75094223022461,56.19416427612305,52.529327392578125,54.36174774169922,3218860
2021-04-08,53.75094223022461,53.75094223022461,54.36174774169922,51.918521881103516,53.75094223022461,1375886
2021-04-09,56.19416427612305,56.19416427612305,56.19416427612305,52.529327392578125,53.75094223022461,6128130
2021-04-12,57.41577911376953,57.41577911376953,58.63739013671875,56.19416427612305,56.80497360229492,29018207
2021-04-13,59.24819564819336,59.24819564819336,63.523841857910156,57.41577911376953,58.02658462524414,13886893
2021-04-14,57.41577911376953,57.41577911376953,61.08061599731445,57.41577911376953,59.24819564819336,12983824
2021-04-15,59.85900115966797,59.85900115966797,59.85900115966797,57.41577911376953,57.41577911376953,3072005
2021-04-16,64.1346435546875,64.1346435546875,73.90754699707031,59.85900115966797,59.85900115966797,119759434
2021-04-19,63.523841857910156,63.523841857910156,65.35625457763672,62.30222702026367,64.74545288085938,4921528
2021-04-20,64.74545288085938,64.74545288085938,67.18867492675781,63.523841857910156,64.1346435546875,13174883
2021-04-21,65.9670639038086,65.9670639038086,66.57787322998047,62.30222702026367,64.74545288085938,1397006
2021-04-22,64.74545288085938,64.74545288085938,66.57787322998047,64.74545288085938,65.9670639038086,989511
2021-04-23,66.57787322998047,66.57787322998047,69.0210952758789,64.1346435546875,65.35625457763672,2779932
2021-04-26,66.57787322998047,66.57787322998047,66.57787322998047,64.74545288085938,64.74545288085938,1520777
2021-04-27,64.1346435546875,64.1346435546875,69.63190460205078,63.523841857910156,66.57787322998047,2141595
2021-04-28,64.1346435546875,64.1346435546875,66.57787322998047,64.1346435546875,64.74545288085938,235426
2021-04-29,62.91303253173828,62.91303253173828,64.1346435546875,61.69142150878906,64.1346435546875,170430
2021-04-30,59.85900115966797,59.85900115966797,62.91303253173828,58.63739013671875,62.91303253173828,5449683
2021-05-03,61.08061599731445,61.08061599731445,61.69142150878906,59.85900115966797,59.85900115966797,225112
2021-05-04,60.469810485839844,60.469810485839844,61.08061599731445,58.02658462524414,61.08061599731445,519477
2021-05-05,63.523841857910156,63.523841857910156,66.57787322998047,59.24819564819336,60.469810485839844,1551719
2021-05-06,60.469810485839844,60.469810485839844,66.57787322998047,60.469810485839844,63.523841857910156,873763
2021-05-07,60.469810485839844,60.469810485839844,62.30222702026367,60.469810485839844,61.69142150878906,265223
2021-05-10,61.69142150878906,61.69142150878906,61.69142150878906,59.24819564819336,60.469810485839844,130974
2021-05-11,62.30222702026367,62.30222702026367,62.30222702026367,59.85900115966797,59.85900115966797,97248
2021-05-17,58.02658462524414,58.02658462524414,62.30222702026367,58.02658462524414,61.69142150878906,502614
2021-05-18,60.469810485839844,60.469810485839844,62.91303253173828,58.02658462524414,58.02658462524414,713974
2021-05-19,60.469810485839844,60.469810485839844,62.30222702026367,59.85900115966797,60.469810485839844,1400280
2021-05-20,61.08061599731445,61.08061599731445,73.29673767089844,59.85900115966797,60.469810485839844,9998589
2021-05-21,61.08061599731445,61.08061599731445,64.74545288085938,60.469810485839844,62.30222702026367,2302367
2021-05-24,65.35625457763672,65.35625457763672,65.35625457763672,61.08061599731445,61.08061599731445,1564817
2021-05-25,64.74545288085938,64.74545288085938,66.57787322998047,62.30222702026367,65.35625457763672,1342160
2021-05-27,67.18867492675781,67.18867492675781,67.18867492675781,63.523841857910156,64.74545288085938,1675981
2021-05-28,62.91303253173828,62.91303253173828,68.41028594970703,62.91303253173828,67.18867492675781,5006989
2021-05-31,59.85900115966797,59.85900115966797,62.91303253173828,59.85900115966797,62.91303253173828,11119567
2021-06-02,66.57787322998047,66.57787322998047,77.57238006591797,61.08061599731445,61.69142150878906,120453926
2021-06-03,67.18867492675781,67.18867492675781,79.40480041503906,62.91303253173828,67.18867492675781,75499075
2021-06-04,68.41028594970703,68.41028594970703,73.29673767089844,65.35625457763672,67.18867492675781,17752113
2021-06-07,68.41028594970703,68.41028594970703,70.24270629882812,66.57787322998047,68.41028594970703,3931034
2021-06-08,67.79948425292969,67.79948425292969,69.0210952758789,66.57787322998047,68.41028594970703,2253742
2021-06-09,72.68592834472656,72.68592834472656,77.57238006591797,67.79948425292969,68.41028594970703,54111766
2021-06-10,70.24270629882812,70.24270629882812,73.29673767089844,69.63190460205078,72.68592834472656,8915758
2021-06-11,68.41028594970703,68.41028594970703,70.24270629882812,67.79948425292969,70.24270629882812,4607189
2021-06-14,92.23172760009766,92.23172760009766,92.23172760009766,67.18867492675781,68.41028594970703,81340044
2021-06-15,86.12366485595703,86.12366485595703,103.83704376220703,86.12366485595703,103.83704376220703,9203738
2021-06-16,81.23722076416016,81.23722076416016,106.89107513427734,80.62641143798828,80.62641143798828,106846991
2021-06-17,76.35076904296875,76.35076904296875,87.34528350830078,76.35076904296875,87.34528350830078,7966848
2021-06-18,75.12915802001953,75.12915802001953,83.06963348388672,73.29673767089844,76.35076904296875,3908768
2021-06-21,72.68592834472656,72.68592834472656,78.18318939208984,70.853515625,73.90754699707031,3220497
2021-06-22,73.29673767089844,73.29673767089844,94.06414794921875,70.24270629882812,72.68592834472656,38538413
2021-06-23,74.51834869384766,74.51834869384766,80.01560974121094,72.68592834472656,77.57238006591797,11485313
2021-06-24,75.73995971679688,75.73995971679688,85.51286315917969,73.90754699707031,77.57238006591797,23122556
2021-06-25,73.90754699707031,73.90754699707031,77.57238006591797,72.68592834472656,74.51834869384766,5914969
2021-06-28,76.35076904296875,76.35076904296875,78.79399108886719,73.90754699707031,73.90754699707031,6416438
2021-06-29,71.46431732177734,71.46431732177734,78.79399108886719,71.46431732177734,73.90754699707031,3642399
2021-06-30,69.63190460205078,69.63190460205078,71.46431732177734,66.57787322998047,66.57787322998047,3238834
2021-07-01,68.41028594970703,68.41028594970703,69.63190460205078,65.35625457763672,65.35625457763672,2238517
2021-07-02,70.24270629882812,70.24270629882812,70.24270629882812,67.79948425292969,67.79948425292969,564663
2021-07-05,69.0210952758789,69.0210952758789,70.24270629882812,67.18867492675781,67.18867492675781,1611476
2021-07-06,69.0210952758789,69.0210952758789,69.0210952758789,67.18867492675781,67.18867492675781,833324
2021-07-07,69.0210952758789,69.0210952758789,69.63190460205078,67.79948425292969,69.0210952758789,754576
2021-07-08,67.79948425292969,67.79948425292969,70.24270629882812,67.79948425292969,67.79948425292969,1026839
2021-07-09,68.41028594970703,68.41028594970703,73.29673767089844,67.18867492675781,67.18867492675781,3505531
2021-07-12,69.63190460205078,69.63190460205078,70.853515625,68.41028594970703,69.63190460205078,505070
2021-07-13,67.18867492675781,67.18867492675781,69.63190460205078,67.18867492675781,69.63190460205078,1679256
2021-07-14,67.18867492675781,67.18867492675781,67.79948425292969,66.57787322998047,67.18867492675781,427467
2021-07-15,67.79948425292969,67.79948425292969,72.07512664794922,65.9670639038086,67.18867492675781,4048911
2021-07-16,70.853515625,70.853515625,80.01560974121094,66.57787322998047,67.79948425292969,45787848
2021-07-19,70.24270629882812,70.24270629882812,73.29673767089844,68.41028594970703,71.46431732177734,10341087
2021-07-21,70.24270629882812,70.24270629882812,72.07512664794922,69.0210952758789,70.24270629882812,2232132
2021-07-22,69.0210952758789,69.0210952758789,74.51834869384766,69.0210952758789,71.46431732177734,15653738
2021-07-23,69.0210952758789,69.0210952758789,70.853515625,69.0210952758789,69.63190460205078,1397169
2021-07-26,68.41028594970703,68.41028594970703,70.24270629882812,68.41028594970703,69.63190460205078,1477391
2021-07-27,67.18867492675781,67.18867492675781,70.24270629882812,64.1346435546875,64.74545288085938,5123720
2021-07-28,67.18867492675781,67.18867492675781,67.79948425292969,66.57787322998047,67.18867492675781,955294
2021-07-29,68.41028594970703,68.41028594970703,69.0210952758789,67.18867492675781,67.18867492675781,477565
2021-07-30,70.853515625,70.853515625,74.51834869384766,68.41028594970703,70.24270629882812,15272766
2021-08-02,70.853515625,70.853515625,73.29673767089844,69.63190460205078,72.07512664794922,4785315
2021-08-03,73.29673767089844,73.29673767089844,77.57238006591797,70.853515625,70.853515625,10838135
2021-08-04,74.51834869384766,74.51834869384766,78.79399108886719,72.07512664794922,72.07512664794922,8367138
2021-08-05,76.35076904296875,76.35076904296875,81.8480224609375,73.29673767089844,73.29673767089844,8225031
2021-08-06,74.51834869384766,74.51834869384766,79.40480041503906,73.90754699707031,76.35076904296875,1357550
2021-08-09,72.68592834472656,72.68592834472656,74.51834869384766,72.07512664794922,73.29673767089844,850515
2021-08-10,71.46431732177734,71.46431732177734,72.68592834472656,69.63190460205078,72.07512664794922,662403
2021-08-12,69.63190460205078,69.63190460205078,70.853515625,69.0210952758789,70.24270629882812,1067769
2021-08-13,70.853515625,70.853515625,71.46431732177734,69.0210952758789,69.63190460205078,745080
2021-08-16,70.853515625,70.853515625,70.853515625,69.63190460205078,70.853515625,552712
2021-08-18,69.63190460205078,69.63190460205078,75.12915802001953,69.0210952758789,69.63190460205078,2942668
2021-08-19,68.41028594970703,68.41028594970703,73.29673767089844,67.79948425292969,72.68592834472656,689089
2021-08-20,70.24270629882812,70.24270629882812,71.46431732177734,68.41028594970703,68.41028594970703,370330
2021-08-23,94.67495727539062,94.67495727539062,94.67495727539062,71.46431732177734,76.35076904296875,28746927
2021-08-24,102.61543273925781,102.61543273925781,120.93962097167969,101.3938217163086,101.3938217163086,53468190
2021-08-25,97.72898864746094,97.72898864746094,103.83704376220703,95.89656829833984,103.83704376220703,8640220
2021-08-26,97.72898864746094,97.72898864746094,103.83704376220703,95.89656829833984,100.78301239013672,5106038
2021-08-27,98.33979034423828,98.33979034423828,100.17221069335938,94.67495727539062,98.33979034423828,3470331
2021-08-30,96.50736999511719,96.50736999511719,103.83704376220703,92.23172760009766,92.23172760009766,4048583
2021-08-31,103.83704376220703,103.83704376220703,125.82606506347656,96.50736999511719,96.50736999511719,33363448
2021-09-01,103.22624206542969,103.22624206542969,109.33430480957031,100.78301239013672,106.89107513427734,3758475
2021-09-02,103.83704376220703,103.83704376220703,111.16671752929688,101.3938217163086,103.22624206542969,4051694
2021-09-03,101.3938217163086,101.3938217163086,108.72349548339844,100.17221069335938,104.4478530883789,2850331
2021-09-06,97.11817932128906,97.11817932128906,102.00463104248047,95.89656829833984,101.3938217163086,1537640
2021-09-07,100.17221069335938,100.17221069335938,111.16671752929688,97.72898864746094,100.78301239013672,7562955
2021-09-08,97.72898864746094,97.72898864746094,106.89107513427734,96.50736999511719,102.00463104248047,3188900
2021-09-09,99.5614013671875,99.5614013671875,102.61543273925781,97.11817932128906,97.72898864746094,1618844
2021-09-10,98.95059967041016,98.95059967041016,101.3938217163086,98.95059967041016,100.78301239013672,991476
2021-09-13,117.2747802734375,117.2747802734375,121.55042266845703,100.78301239013672,102.00463104248047,17665178
2021-09-14,123.38284301757812,123.38284301757812,128.269287109375,116.66397857666016,122.1612319946289,14945985
2021-09-15,133.15574645996094,133.15574645996094,147.81509399414062,122.1612319946289,125.82606506347656,23296752
2021-09-16,124.60445404052734,124.60445404052734,135.59896850585938,124.60445404052734,134.37734985351562,9026595
2021-09-17,128.269287109375,128.269287109375,128.269287109375,120.93962097167969,123.38284301757812,4725394
2021-09-20,133.15574645996094,133.15574645996094,138.0421905517578,127.04768371582031,129.49090576171875,5201813
2021-09-21,124.60445404052734,124.60445404052734,134.37734985351562,124.60445404052734,133.15574645996094,6281534
2021-09-22,122.1612319946289,122.1612319946289,131.9341278076172,121.55042266845703,128.269287109375,3813484
2021-09-23,127.04768371582031,127.04768371582031,129.49090576171875,122.1612319946289,127.04768371582031,3346888
2021-09-24,123.38284301757812,123.38284301757812,129.49090576171875,119.71800231933594,127.04768371582031,5172835
2021-09-27,116.05316925048828,116.05316925048828,123.38284301757812,114.83155822753906,123.38284301757812,4975391
2021-09-28,108.11268615722656,108.11268615722656,116.05316925048828,108.11268615722656,116.05316925048828,3544987
2021-09-29,109.33430480957031,109.33430480957031,116.05316925048828,108.11268615722656,108.11268615722656,1442192
2021-09-30,109.33430480957031,109.33430480957031,119.1072006225586,108.11268615722656,109.94510650634766,3806772
2021-10-01,108.11268615722656,108.11268615722656,112.99913787841797,105.05865478515625,112.99913787841797,1379979
2021-10-04,107.50188446044922,107.50188446044922,110.55591583251953,106.89107513427734,108.11268615722656,820882
2021-10-05,107.50188446044922,107.50188446044922,107.50188446044922,100.17221069335938,107.50188446044922,1553848
2021-10-06,106.2802734375,106.2802734375,107.50188446044922,103.83704376220703,107.50188446044922,364927
2021-10-07,103.83704376220703,103.83704376220703,106.89107513427734,100.17221069335938,106.2802734375,476583
2021-10-08,103.83704376220703,103.83704376220703,107.50188446044922,103.83704376220703,103.83704376220703,419445
2021-10-11,103.22624206542969,103.22624206542969,103.83704376220703,100.78301239013672,103.83704376220703,132775
2021-10-12,102.00463104248047,102.00463104248047,103.83704376220703,101.3938217163086,103.22624206542969,426485
2021-10-13,103.22624206542969,103.22624206542969,103.83704376220703,102.61543273925781,102.61543273925781,652580
2021-10-14,99.5614013671875,99.5614013671875,103.83704376220703,99.5614013671875,103.22624206542969,260966
2021-10-15,122.1612319946289,122.1612319946289,122.1612319946289,99.5614013671875,100.17221069335938,15539299
2021-10-18,120.32881164550781,120.32881164550781,136.82057189941406,120.32881164550781,128.269287109375,9640865
2021-10-19,115.4423599243164,115.4423599243164,125.82606506347656,114.22074890136719,120.32881164550781,2495226
2021-10-21,111.16671752929688,111.16671752929688,118.49639129638672,110.55591583251953,115.4423599243164,2776985
2021-10-22,111.77752685546875,111.77752685546875,115.4423599243164,108.11268615722656,111.16671752929688,1438918
2021-10-25,108.11268615722656,108.11268615722656,111.77752685546875,105.66946411132812,111.77752685546875,521769
2021-10-26,108.72349548339844,108.72349548339844,111.16671752929688,108.11268615722656,108.72349548339844,644721
2021-10-27,111.16671752929688,111.16671752929688,116.05316925048828,108.11268615722656,108.72349548339844,1024220
2021-10-28,112.3883285522461,112.3883285522461,112.99913787841797,108.11268615722656,111.16671752929688,1316620
2021-10-29,116.66397857666016,116.66397857666016,117.2747802734375,111.77752685546875,112.3883285522461,3109660
2021-11-01,114.83155822753906,114.83155822753906,119.1072006225586,113.60994720458984,117.2747802734375,1181553
2021-11-02,107.50188446044922,107.50188446044922,115.4423599243164,107.50188446044922,115.4423599243164,1767991
2021-11-03,108.72349548339844,108.72349548339844,108.72349548339844,106.2802734375,107.50188446044922,505397
2021-11-04,108.11268615722656,108.11268615722656,109.94510650634766,106.89107513427734,108.72349548339844,1092818
2021-11-05,120.93962097167969,120.93962097167969,124.60445404052734,108.11268615722656,108.11268615722656,11751027
2021-11-08,112.99913787841797,112.99913787841797,121.55042266845703,112.99913787841797,121.55042266845703,6298724
2021-11-09,113.60994720458984,113.60994720458984,134.37734985351562,108.11268615722656,112.99913787841797,44969094
2021-11-10,111.16671752929688,111.16671752929688,116.66397857666016,109.94510650634766,116.66397857666016,3730152
2021-11-11,111.77752685546875,111.77752685546875,112.3883285522461,109.94510650634766,111.16671752929688,1166163
2021-11-12,109.94510650634766,109.94510650634766,112.99913787841797,109.94510650634766,111.77752685546875,1147827
2021-11-15,109.94510650634766,109.94510650634766,112.3883285522461,108.72349548339844,109.94510650634766,1193668
2021-11-16,108.72349548339844,108.72349548339844,109.33430480957031,107.50188446044922,109.33430480957031,2025683
2021-11-17,146.59347534179688,146.59347534179688,146.59347534179688,108.72349548339844,109.33430480957031,69303001
2021-11-18,136.82057189941406,136.82057189941406,155.14476013183594,136.82057189941406,146.59347534179688,14933379
2021-11-19,171.02572631835938,171.02572631835938,171.02572631835938,128.269287109375,128.269287109375,72774315
2021-11-22,164.91766357421875,164.91766357421875,213.7821502685547,160.03121948242188,213.7821502685547,52771733
2021-11-23,186.90667724609375,186.90667724609375,195.45797729492188,155.14476013183594,164.91766357421875,33897497
2021-11-24,174.69056701660156,174.69056701660156,190.57151794433594,174.69056701660156,189.34991455078125,11270023
2021-11-25,195.45797729492188,195.45797729492188,217.44699096679688,173.4689483642578,175.91217041015625,58781824
2021-11-26,210.1173095703125,210.1173095703125,230.8847198486328,195.45797729492188,197.9011993408203,23519409
2021-11-29,201.56602478027344,201.56602478027344,227.2198944091797,195.45797729492188,210.1173095703125,11303586
2021-11-30,218.66860961914062,218.66860961914062,225.99827575683594,201.56602478027344,201.56602478027344,11481220
2021-12-01,252.87374877929688,252.87374877929688,263.8682556152344,219.8902130126953,219.8902130126953,22671840
2021-12-02,272.4195556640625,272.4195556640625,301.7382507324219,244.3224639892578,251.65213012695312,15197292
2021-12-03,268.75469970703125,268.75469970703125,294.4085693359375,254.09536743164062,276.0843811035156,11103031
2021-12-06,274.8627624511719,274.8627624511719,305.403076171875,268.75469970703125,269.976318359375,9285433
2021-12-07,263.8682556152344,263.8682556152344,287.0788879394531,256.53857421875,274.8627624511719,6225379
2021-12-08,245.5440673828125,245.5440673828125,268.75469970703125,245.5440673828125,263.8682556152344,6795281
2021-12-09,256.53857421875,256.53857421875,263.8682556152344,236.99278259277344,245.5440673828125,7548548
2021-12-10,251.65213012695312,251.65213012695312,262.6466369628906,247.9873046875,256.53857421875,2231313
2021-12-13,257.76019287109375,257.76019287109375,257.76019287109375,251.65213012695312,254.09536743164062,2504886
2021-12-14,300.5166320800781,300.5166320800781,311.5111389160156,257.76019287109375,260.20343017578125,21734718
2021-12-15,300.5166320800781,300.5166320800781,300.5166320800781,300.5166320800781,300.5166320800781,0
2021-12-16,345.10546875,345.10546875,360.3756408691406,299.2950134277344,299.2950134277344,13315189
2021-12-17,375.6457824707031,375.6457824707031,403.1320495605469,329.8353271484375,348.1595153808594,9812278
2021-12-20,375.6457824707031,375.6457824707031,375.6457824707031,375.6457824707031,375.6457824707031,0
2021-12-21,375.6457824707031,375.6457824707031,375.6457824707031,375.6457824707031,375.6457824707031,0
2021-12-22,375.6457824707031,375.6457824707031,375.6457824707031,375.6457824707031,375.6457824707031,0
2021-12-23,375.6457824707031,375.6457824707031,375.6457824707031,375.6457824707031,375.6457824707031,0
2021-12-24,375.6457824707031,375.6457824707031,375.6457824707031,375.6457824707031,375.6457824707031,0
2021-12-27,375.6457824707031,375.6457824707031,375.6457824707031,375.6457824707031,375.6457824707031,0
2021-12-28,351.2135314941406,351.2135314941406,369.5377197265625,351.2135314941406,351.2135314941406,884404
2021-12-29,326.7812805175781,326.7812805175781,326.7812805175781,326.7812805175781,326.7812805175781,292400
2021-12-30,304.18145751953125,304.18145751953125,320.6732177734375,304.18145751953125,304.18145751953125,6887618
2022-01-03,295.63018798828125,295.63018798828125,323.7272644042969,289.5221252441406,304.18145751953125,5646472
2022-01-04,276.0843811035156,276.0843811035156,296.851806640625,276.0843811035156,295.63018798828125,4050548
2022-01-05,257.76019287109375,257.76019287109375,279.74920654296875,257.76019287109375,276.0843811035156,2697746
2022-01-06,240.65762329101562,240.65762329101562,240.65762329101562,240.65762329101562,240.65762329101562,984764
2022-01-07,243.10084533691406,243.10084533691406,255.3169708251953,224.77667236328125,225.99827575683594,8941134
2022-01-10,227.2198944091797,227.2198944091797,244.3224639892578,227.2198944091797,244.3224639892578,3767971
2022-01-11,211.33892822265625,211.33892822265625,211.33892822265625,211.33892822265625,211.33892822265625,607721
2022-01-12,196.67958068847656,196.67958068847656,196.67958068847656,196.67958068847656,196.67958068847656,758342
2022-01-13,215.00376892089844,215.00376892089844,216.22537231445312,183.24185180664062,183.24185180664062,5868473
2022-01-14,200.34442138671875,200.34442138671875,218.66860961914062,200.34442138671875,216.22537231445312,4135027
2022-01-17,186.90667724609375,186.90667724609375,199.122802734375,186.90667724609375,199.122802734375,2165171
2022-01-18,174.69056701660156,174.69056701660156,183.24185180664062,174.69056701660156,183.24185180664062,2780096
2022-01-19,162.4744415283203,162.4744415283203,168.58250427246094,162.4744415283203,163.696044921875,1353129
2022-01-20,151.47991943359375,151.47991943359375,161.25282287597656,151.47991943359375,151.47991943359375,4346550
2022-01-21,151.47991943359375,151.47991943359375,155.14476013183594,141.70703125,141.70703125,3636669
2022-01-24,141.70703125,141.70703125,155.14476013183594,141.70703125,155.14476013183594,1786982
2022-01-25,131.9341278076172,131.9341278076172,149.0366973876953,131.9341278076172,141.70703125,1350346
2022-01-26,125.82606506347656,125.82606506347656,131.9341278076172,123.38284301757812,131.9341278076172,3003571
2022-01-27,156.3663787841797,156.3663787841797,156.3663787841797,129.49090576171875,129.49090576171875,7768422
2022-01-28,195.45797729492188,195.45797729492188,195.45797729492188,174.69056701660156,183.24185180664062,3152718
2022-01-31,232.10633850097656,232.10633850097656,244.3224639892578,195.45797729492188,205.23086547851562,18011442
2022-02-02,238.2144012451172,238.2144012451172,256.53857421875,225.99827575683594,230.8847198486328,5960647
2022-02-03,233.3279571533203,233.3279571533203,245.5440673828125,222.33343505859375,239.43601989746094,2799415
2022-02-04,271.19793701171875,271.19793701171875,271.19793701171875,232.10633850097656,238.2144012451172,9140543
2022-02-07,301.7382507324219,301.7382507324219,320.6732177734375,287.0788879394531,290.7437438964844,14377229
2022-02-08,280.9708251953125,280.9708251953125,305.403076171875,280.9708251953125,305.403076171875,4060207
2022-02-09,293.18695068359375,293.18695068359375,304.18145751953125,272.4195556640625,280.9708251953125,4378803
2022-02-10,282.19244384765625,282.19244384765625,298.0733947753906,276.0843811035156,296.851806640625,1480174
2022-02-11,283.4140625,283.4140625,289.5221252441406,280.9708251953125,282.19244384765625,1061384
2022-02-14,283.4140625,283.4140625,300.5166320800781,272.4195556640625,283.4140625,3904839
2022-02-15,283.4140625,283.4140625,289.5221252441406,277.3059997558594,284.63568115234375,1236726
2022-02-16,273.6411437988281,273.6411437988281,280.9708251953125,272.4195556640625,280.9708251953125,2732781
2022-02-17,255.3169708251953,255.3169708251953,272.4195556640625,255.3169708251953,272.4195556640625,3567089
2022-02-18,238.2144012451172,238.2144012451172,255.3169708251953,238.2144012451172,254.09536743164062,897338
2022-02-21,222.33343505859375,222.33343505859375,222.33343505859375,222.33343505859375,222.33343505859375,600517
2022-02-22,207.67408752441406,207.67408752441406,207.67408752441406,207.67408752441406,207.67408752441406,291254
2022-02-23,194.23635864257812,194.23635864257812,194.23635864257812,194.23635864257812,194.23635864257812,320232
2022-02-24,182.02023315429688,182.02023315429688,238.2144012451172,180.79861450195312,180.79861450195312,18274701
2022-02-25,169.80410766601562,169.80410766601562,197.9011993408203,169.80410766601562,172.24732971191406,11084367
2022-03-01,211.33892822265625,211.33892822265625,211.33892822265625,164.91766357421875,169.80410766601562,17259649
2022-03-02,197.9011993408203,197.9011993408203,244.3224639892578,196.67958068847656,218.66860961914062,27204211
2022-03-04,233.3279571533203,233.3279571533203,235.77117919921875,186.90667724609375,199.122802734375,16713813
2022-03-07,227.2198944091797,227.2198944091797,254.09536743164062,217.44699096679688,233.3279571533203,28282458
2022-03-08,217.44699096679688,217.44699096679688,232.10633850097656,216.22537231445312,227.2198944091797,3909096
2022-03-09,218.66860961914062,218.66860961914062,229.66311645507812,216.22537231445312,218.66860961914062,2501448
2022-03-10,227.2198944091797,227.2198944091797,232.10633850097656,221.11183166503906,221.11183166503906,1840027
2022-03-11,225.99827575683594,225.99827575683594,233.3279571533203,223.5550537109375,230.8847198486328,1526670
2022-03-14,217.44699096679688,217.44699096679688,225.99827575683594,217.44699096679688,224.77667236328125,1449232
2022-03-15,207.67408752441406,207.67408752441406,217.44699096679688,207.67408752441406,217.44699096679688,2013895
2022-03-16,197.9011993408203,197.9011993408203,205.23086547851562,194.23635864257812,201.56602478027344,2645029
2022-03-17,189.34991455078125,189.34991455078125,201.56602478027344,184.4634552001953,196.67958068847656,1500476
2022-03-18,194.23635864257812,194.23635864257812,201.56602478027344,186.90667724609375,189.34991455078125,1245730
2022-03-21,199.122802734375,199.122802734375,205.23086547851562,195.45797729492188,195.45797729492188,793541
2022-03-22,194.23635864257812,194.23635864257812,202.7876434326172,191.7931365966797,202.7876434326172,574650
2022-03-23,194.23635864257812,194.23635864257812,200.34442138671875,186.90667724609375,194.23635864257812,1237381
2022-03-24,197.9011993408203,197.9011993408203,202.7876434326172,193.01473999023438,194.23635864257812,772585
2022-03-25,191.7931365966797,191.7931365966797,200.34442138671875,190.57151794433594,197.9011993408203,417481
2022-03-28,180.79861450195312,180.79861450195312,194.23635864257812,180.79861450195312,193.01473999023438,1466095
2022-03-29,168.58250427246094,168.58250427246094,178.3553924560547,168.58250427246094,168.58250427246094,3641908
2022-03-30,158.80960083007812,158.80960083007812,169.80410766601562,158.80960083007812,169.80410766601562,3096235
2022-03-31,189.34991455078125,189.34991455078125,197.9011993408203,166.13926696777344,166.13926696777344,36413188
2022-04-01,177.1337890625,177.1337890625,196.67958068847656,177.1337890625,180.79861450195312,3773865
2022-04-04,164.91766357421875,164.91766357421875,180.79861450195312,164.91766357421875,171.02572631835938,9585037
2022-04-05,163.696044921875,163.696044921875,169.80410766601562,156.3663787841797,164.91766357421875,2923022
2022-04-06,163.696044921875,163.696044921875,167.3608856201172,156.3663787841797,163.696044921875,2959367
2022-04-07,158.80960083007812,158.80960083007812,168.58250427246094,156.3663787841797,156.3663787841797,1894054
2022-04-08,160.03121948242188,160.03121948242188,164.91766357421875,156.3663787841797,158.80960083007812,2162060
2022-04-11,160.03121948242188,160.03121948242188,164.91766357421875,158.80960083007812,161.25282287597656,1614751
2022-04-12,153.92315673828125,153.92315673828125,163.696044921875,149.0366973876953,149.0366973876953,2269787
2022-04-13,146.59347534179688,146.59347534179688,156.3663787841797,144.15025329589844,144.15025329589844,2781569
2022-04-14,152.7015380859375,152.7015380859375,155.14476013183594,140.48541259765625,140.48541259765625,822355
2022-04-18,150.25831604003906,150.25831604003906,152.7015380859375,146.59347534179688,152.7015380859375,654544
2022-04-19,155.14476013183594,155.14476013183594,177.1337890625,147.81509399414062,150.25831604003906,4814948
2022-04-20,149.0366973876953,149.0366973876953,162.4744415283203,145.3718719482422,155.14476013183594,2829211
2022-04-21,145.3718719482422,145.3718719482422,158.80960083007812,145.3718719482422,149.0366973876953,944816
2022-04-22,146.59347534179688,146.59347534179688,152.7015380859375,144.15025329589844,146.59347534179688,1364917
2022-04-25,150.25831604003906,150.25831604003906,150.25831604003906,140.48541259765625,146.59347534179688,1045339
2022-04-26,142.9286346435547,142.9286346435547,152.7015380859375,140.48541259765625,152.7015380859375,1849686
2022-04-27,153.92315673828125,153.92315673828125,155.14476013183594,139.26380920410156,142.9286346435547,2064157
2022-04-28,144.15025329589844,144.15025329589844,153.92315673828125,144.15025329589844,153.92315673828125,4367997
2022-05-09,134.37734985351562,134.37734985351562,147.81509399414062,134.37734985351562,144.15025329589844,2357048
2022-05-10,125.82606506347656,125.82606506347656,134.37734985351562,125.82606506347656,134.37734985351562,2049913
2022-05-11,117.2747802734375,117.2747802734375,125.82606506347656,117.2747802734375,123.38284301757812,5032529
2022-05-12,109.33430480957031,109.33430480957031,116.05316925048828,109.33430480957031,116.05316925048828,2497027
2022-05-13,109.94510650634766,109.94510650634766,112.3883285522461,102.00463104248047,102.00463104248047,4750279
2022-05-17,108.72349548339844,108.72349548339844,109.94510650634766,103.83704376220703,103.83704376220703,1500803
2022-05-18,128.269287109375,128.269287109375,131.9341278076172,108.72349548339844,109.94510650634766,10562925
2022-05-19,138.0421905517578,138.0421905517578,150.25831604003906,129.49090576171875,129.49090576171875,17656338
2022-05-20,135.59896850585938,135.59896850585938,139.26380920410156,129.49090576171875,139.26380920410156,3183006
2022-05-23,129.49090576171875,129.49090576171875,135.59896850585938,127.04768371582031,135.59896850585938,1527162
2022-05-24,124.60445404052734,124.60445404052734,134.37734985351562,123.38284301757812,125.82606506347656,1849195
2022-05-25,129.49090576171875,129.49090576171875,133.15574645996094,120.32881164550781,129.49090576171875,1272580
2022-05-27,122.1612319946289,122.1612319946289,130.7125244140625,122.1612319946289,129.49090576171875,1310235
2022-05-30,123.38284301757812,123.38284301757812,128.269287109375,120.93962097167969,123.38284301757812,796488
2022-05-31,120.93962097167969,120.93962097167969,124.60445404052734,120.32881164550781,124.60445404052734,1591339
2022-06-02,120.93962097167969,120.93962097167969,122.1612319946289,119.1072006225586,120.93962097167969,634571
2022-06-03,123.38284301757812,123.38284301757812,125.82606506347656,119.71800231933594,120.93962097167969,1620317
2022-06-06,122.1612319946289,122.1612319946289,125.82606506347656,121.55042266845703,123.38284301757812,639646
2022-06-07,123.38284301757812,123.38284301757812,123.38284301757812,116.05316925048828,122.1612319946289,833324
2022-06-08,125.82606506347656,125.82606506347656,142.9286346435547,122.1612319946289,128.269287109375,3272560
2022-06-09,125.82606506347656,125.82606506347656,128.269287109375,123.38284301757812,125.82606506347656,515384
2022-06-10,123.38284301757812,123.38284301757812,129.49090576171875,119.71800231933594,125.82606506347656,1702340
2022-06-13,117.88558959960938,117.88558959960938,122.1612319946289,114.83155822753906,114.83155822753906,5978328
2022-06-14,112.99913787841797,112.99913787841797,117.2747802734375,111.77752685546875,111.77752685546875,644558
2022-06-15,114.22074890136719,114.22074890136719,117.2747802734375,106.89107513427734,112.3883285522461,1800407
2022-06-16,114.22074890136719,114.22074890136719,116.66397857666016,108.11268615722656,108.11268615722656,1403554
2022-06-17,112.3883285522461,112.3883285522461,116.05316925048828,110.55591583251953,111.77752685546875,295674
2022-06-20,118.49639129638672,118.49639129638672,127.04768371582031,108.72349548339844,112.99913787841797,2354920
2022-06-21,127.04768371582031,127.04768371582031,128.269287109375,116.05316925048828,118.49639129638672,4280408
2022-06-22,123.38284301757812,123.38284301757812,129.49090576171875,122.1612319946289,127.04768371582031,3095253
2022-06-23,123.38284301757812,123.38284301757812,125.82606506347656,118.49639129638672,123.38284301757812,423047
2022-06-24,125.82606506347656,125.82606506347656,130.7125244140625,122.1612319946289,124.60445404052734,2304822
2022-06-27,124.60445404052734,124.60445404052734,125.82606506347656,122.1612319946289,125.82606506347656,499176
2022-06-28,123.38284301757812,123.38284301757812,125.82606506347656,123.38284301757812,124.60445404052734,260639
2022-06-29,122.1612319946289,122.1612319946289,136.82057189941406,120.93962097167969,123.38284301757812,2285176
2022-06-30,119.71800231933594,119.71800231933594,124.60445404052734,116.05316925048828,122.1612319946289,1280766
2022-07-01,116.05316925048828,116.05316925048828,122.1612319946289,115.4423599243164,119.71800231933594,1586591
2022-07-04,111.16671752929688,111.16671752929688,123.38284301757812,109.94510650634766,116.05316925048828,917967
2022-07-05,112.99913787841797,112.99913787841797,117.2747802734375,111.16671752929688,111.16671752929688,178616
2022-07-06,117.2747802734375,117.2747802734375,119.1072006225586,112.3883285522461,112.3883285522461,264240
2022-07-07,113.60994720458984,113.60994720458984,117.2747802734375,112.99913787841797,114.83155822753906,143580
2022-07-08,116.05316925048828,116.05316925048828,116.66397857666016,114.22074890136719,116.66397857666016,72854
2022-07-11,116.05316925048828,116.05316925048828,117.2747802734375,113.60994720458984,117.2747802734375,112474
2022-07-12,113.60994720458984,113.60994720458984,121.55042266845703,112.99913787841797,121.55042266845703,150784
2022-07-13,113.60994720458984,113.60994720458984,117.2747802734375,113.60994720458984,116.05316925048828,371148
2022-07-14,112.99913787841797,112.99913787841797,119.1072006225586,109.94510650634766,114.83155822753906,1290262
2022-07-15,111.16671752929688,111.16671752929688,114.83155822753906,111.16671752929688,112.99913787841797,342007
2022-07-18,111.77752685546875,111.77752685546875,114.22074890136719,111.16671752929688,111.77752685546875,368529
2022-07-19,111.77752685546875,111.77752685546875,112.99913787841797,111.16671752929688,111.77752685546875,465286
2022-07-20,110.55591583251953,110.55591583251953,114.22074890136719,110.55591583251953,111.77752685546875,656018
2022-07-21,110.55591583251953,110.55591583251953,111.16671752929688,109.33430480957031,110.55591583251953,1437444
2022-07-22,113.60994720458984,113.60994720458984,114.83155822753906,110.55591583251953,110.55591583251953,475764
2022-07-25,116.05316925048828,116.05316925048828,116.66397857666016,112.99913787841797,113.60994720458984,527008
2022-07-26,111.16671752929688,111.16671752929688,120.93962097167969,108.11268615722656,117.2747802734375,1096911
2022-07-27,111.16671752929688,111.16671752929688,111.16671752929688,108.72349548339844,111.16671752929688,560243
2022-07-28,111.16671752929688,111.16671752929688,111.77752685546875,109.33430480957031,109.33430480957031,612796
2022-07-29,110.55591583251953,110.55591583251953,112.99913787841797,109.94510650634766,111.16671752929688,748027
2022-08-01,111.77752685546875,111.77752685546875,111.77752685546875,109.33430480957031,110.55591583251953,292400
2022-08-02,112.99913787841797,112.99913787841797,116.05316925048828,111.77752685546875,111.77752685546875,1004901
2022-08-03,128.269287109375,128.269287109375,134.37734985351562,115.4423599243164,115.4423599243164,7710138
2022-08-04,153.92315673828125,153.92315673828125,153.92315673828125,129.49090576171875,129.49090576171875,16539289
2022-08-05,144.15025329589844,144.15025329589844,179.57701110839844,144.15025329589844,156.3663787841797,28462712
2022-08-08,134.37734985351562,134.37734985351562,142.9286346435547,134.37734985351562,142.9286346435547,4288103
2022-08-09,136.82057189941406,136.82057189941406,141.70703125,125.82606506347656,127.04768371582031,3197413
2022-08-10,130.7125244140625,130.7125244140625,140.48541259765625,129.49090576171875,139.26380920410156,1023565
2022-08-11,134.37734985351562,134.37734985351562,135.59896850585938,127.04768371582031,133.15574645996094,2287632
2022-08-12,131.9341278076172,131.9341278076172,138.0421905517578,125.82606506347656,134.37734985351562,1835934
2022-08-15,124.60445404052734,124.60445404052734,134.37734985351562,124.60445404052734,131.9341278076172,2648794
2022-08-16,116.05316925048828,116.05316925048828,131.9341278076172,116.05316925048828,124.60445404052734,5628626
2022-08-18,114.22074890136719,114.22074890136719,119.71800231933594,109.94510650634766,109.94510650634766,3005863
2022-08-19,120.93962097167969,120.93962097167969,123.38284301757812,113.60994720458984,115.4423599243164,2188583
2022-08-22,120.32881164550781,120.32881164550781,125.82606506347656,117.88558959960938,125.82606506347656,499340
2022-08-23,115.4423599243164,115.4423599243164,120.32881164550781,112.99913787841797,120.32881164550781,1272416
2022-08-24,118.49639129638672,118.49639129638672,122.1612319946289,112.99913787841797,115.4423599243164,508180
2022-08-25,116.05316925048828,116.05316925048828,122.1612319946289,114.22074890136719,122.1612319946289,353631
2022-08-26,115.4423599243164,115.4423599243164,122.1612319946289,111.16671752929688,122.1612319946289,1254735
2022-08-29,108.72349548339844,108.72349548339844,118.49639129638672,107.50188446044922,109.33430480957031,4579357
2022-08-30,108.72349548339844,108.72349548339844,111.77752685546875,103.22624206542969,103.22624206542969,1033552
2022-08-31,109.33430480957031,109.33430480957031,112.3883285522461,108.11268615722656,108.11268615722656,737386
2022-09-01,109.94510650634766,109.94510650634766,112.3883285522461,108.11268615722656,109.33430480957031,1024056
2022-09-02,128.269287109375,128.269287109375,129.49090576171875,110.55591583251953,111.77752685546875,8472082
2022-09-05,119.71800231933594,119.71800231933594,130.7125244140625,119.71800231933594,122.1612319946289,4521074
2022-09-06,123.38284301757812,123.38284301757812,123.38284301757812,114.22074890136719,114.22074890136719,882276
2022-09-07,120.93962097167969,120.93962097167969,124.60445404052734,120.32881164550781,124.60445404052734,753103
2022-09-08,120.32881164550781,120.32881164550781,123.38284301757812,116.05316925048828,121.55042266845703,545181
2022-09-09,116.66397857666016,116.66397857666016,122.1612319946289,116.66397857666016,120.32881164550781,946454
2022-09-12,115.4423599243164,115.4423599243164,119.1072006225586,115.4423599243164,116.05316925048828,715611
2022-09-13,122.1612319946289,122.1612319946289,134.37734985351562,115.4423599243164,115.4423599243164,5101945
2022-09-14,113.60994720458984,113.60994720458984,124.60445404052734,113.60994720458984,122.1612319946289,4770089
2022-09-15,114.22074890136719,114.22074890136719,116.05316925048828,112.3883285522461,113.60994720458984,926316
2022-09-16,111.77752685546875,111.77752685546875,116.05316925048828,111.77752685546875,113.60994720458984,1725097
2022-09-19,112.99913787841797,112.99913787841797,118.49639129638672,111.16671752929688,111.77752685546875,1133420
2022-09-20,112.99913787841797,112.99913787841797,116.66397857666016,112.99913787841797,113.60994720458984,455463
2022-09-21,112.99913787841797,112.99913787841797,117.2747802734375,110.55591583251953,115.4423599243164,1541241
2022-09-22,110.55591583251953,110.55591583251953,114.22074890136719,109.33430480957031,111.77752685546875,960861
2022-09-23,108.72349548339844,108.72349548339844,114.22074890136719,107.50188446044922,110.55591583251953,1666649
2022-09-26,106.2802734375,106.2802734375,108.72349548339844,104.4478530883789,108.72349548339844,1197761
2022-09-27,109.94510650634766,109.94510650634766,110.55591583251953,106.2802734375,106.2802734375,931392
2022-09-28,109.33430480957031,109.33430480957031,109.94510650634766,106.89107513427734,109.94510650634766,781262
2022-09-29,109.33430480957031,109.33430480957031,110.55591583251953,107.50188446044922,109.94510650634766,601336
2022-09-30,112.3883285522461,112.3883285522461,124.60445404052734,109.33430480957031,115.4423599243164,9871216
2022-10-03,109.33430480957031,109.33430480957031,114.22074890136719,106.89107513427734,112.3883285522461,897174
2022-10-04,111.77752685546875,111.77752685546875,112.3883285522461,108.11268615722656,108.72349548339844,1736393
2022-10-05,109.94510650634766,109.94510650634766,115.4423599243164,108.11268615722656,111.77752685546875,259001
2022-10-06,112.3883285522461,112.3883285522461,112.3883285522461,108.11268615722656,109.94510650634766,703332
2022-10-07,108.11268615722656,108.11268615722656,112.3883285522461,108.11268615722656,112.3883285522461,985746
2022-10-10,108.72349548339844,108.72349548339844,112.99913787841797,106.89107513427734,107.50188446044922,1980988
2022-10-11,108.72349548339844,108.72349548339844,116.05316925048828,108.72349548339844,109.33430480957031,1298284
2022-10-12,106.2802734375,106.2802734375,114.22074890136719,103.83704376220703,111.77752685546875,2929734
2022-10-13,114.22074890136719,114.22074890136719,115.4423599243164,106.89107513427734,106.89107513427734,4717863
2022-10-14,116.66397857666016,116.66397857666016,120.32881164550781,112.3883285522461,114.83155822753906,3595412
2022-10-17,117.2747802734375,117.2747802734375,118.49639129638672,112.3883285522461,116.66397857666016,1952337
2022-10-18,117.2747802734375,117.2747802734375,120.93962097167969,114.22074890136719,117.2747802734375,1094455
2022-10-19,114.22074890136719,114.22074890136719,117.88558959960938,114.22074890136719,117.88558959960938,546490
2022-10-20,131.9341278076172,131.9341278076172,131.9341278076172,113.60994720458984,114.22074890136719,8155778
2022-10-21,127.04768371582031,127.04768371582031,131.9341278076172,123.38284301757812,131.9341278076172,5305938
2022-10-24,123.38284301757812,123.38284301757812,129.49090576171875,123.38284301757812,125.82606506347656,2361796
2022-10-25,125.82606506347656,125.82606506347656,128.269287109375,118.49639129638672,124.60445404052734,4876342
2022-10-26,140.48541259765625,140.48541259765625,144.15025329589844,127.04768371582031,128.269287109375,32787652
2022-10-27,135.59896850585938,135.59896850585938,142.9286346435547,134.37734985351562,140.48541259765625,7782174
2022-10-28,140.48541259765625,140.48541259765625,145.3718719482422,135.59896850585938,136.82057189941406,9330783
2022-10-31,136.82057189941406,136.82057189941406,147.81509399414062,135.59896850585938,140.48541259765625,21087050
2022-11-01,133.15574645996094,133.15574645996094,160.03121948242188,128.269287109375,136.82057189941406,48842009
2022-11-02,166.13926696777344,166.13926696777344,166.13926696777344,128.269287109375,134.37734985351562,48892270
2022-11-03,158.80960083007812,158.80960083007812,184.4634552001953,157.58798217773438,167.3608856201172,76720248
2022-11-04,147.81509399414062,147.81509399414062,161.25282287597656,147.81509399414062,160.03121948242188,9159043
2022-11-07,149.0366973876953,149.0366973876953,157.58798217773438,138.0421905517578,145.3718719482422,13817804
2022-11-08,141.70703125,141.70703125,149.0366973876953,140.48541259765625,149.0366973876953,4761248
2022-11-09,136.82057189941406,136.82057189941406,142.9286346435547,135.59896850585938,142.9286346435547,2741458
2022-11-10,135.59896850585938,135.59896850585938,138.0421905517578,131.9341278076172,136.82057189941406,2591002
2022-11-11,136.82057189941406,136.82057189941406,141.70703125,133.15574645996094,136.82057189941406,2597550
2022-11-14,135.59896850585938,135.59896850585938,138.0421905517578,134.37734985351562,135.59896850585938,869342
2022-11-15,129.49090576171875,129.49090576171875,136.82057189941406,129.49090576171875,135.59896850585938,3216568
2022-11-16,131.9341278076172,131.9341278076172,152.7015380859375,123.38284301757812,129.49090576171875,60373982
2022-11-17,138.0421905517578,138.0421905517578,144.15025329589844,133.15574645996094,134.37734985351562,10501040
2022-11-18,136.82057189941406,136.82057189941406,142.9286346435547,134.37734985351562,142.9286346435547,2638480
2022-11-21,133.15574645996094,133.15574645996094,139.26380920410156,130.7125244140625,136.82057189941406,2587727
2022-11-22,135.59896850585938,135.59896850585938,136.82057189941406,130.7125244140625,131.9341278076172,2476890
2022-11-23,157.58798217773438,157.58798217773438,162.4744415283203,131.9341278076172,135.59896850585938,45307172
2022-11-24,146.59347534179688,146.59347534179688,162.4744415283203,146.59347534179688,160.03121948242188,34911239
2022-11-25,142.9286346435547,142.9286346435547,146.59347534179688,139.26380920410156,139.26380920410156,6182321
2022-11-28,139.26380920410156,139.26380920410156,177.1337890625,134.37734985351562,135.59896850585938,106772335
2022-11-29,136.82057189941406,136.82057189941406,144.15025329589844,130.7125244140625,130.7125244140625,8053782
2022-11-30,146.59347534179688,146.59347534179688,151.47991943359375,135.59896850585938,136.82057189941406,16836601
2022-12-01,146.59347534179688,146.59347534179688,155.14476013183594,146.59347534179688,146.59347534179688,17044851
2022-12-02,142.9286346435547,142.9286346435547,149.0366973876953,140.48541259765625,147.81509399414062,6116997
2022-12-05,149.0366973876953,149.0366973876953,150.25831604003906,142.9286346435547,145.3718719482422,9390376
2022-12-06,145.3718719482422,145.3718719482422,149.0366973876953,142.9286346435547,149.0366973876953,4348679
2022-12-07,145.3718719482422,145.3718719482422,146.59347534179688,139.26380920410156,145.3718719482422,4608663
2022-12-08,136.82057189941406,136.82057189941406,145.3718719482422,135.59896850585938,145.3718719482422,4225726
2022-12-09,136.82057189941406,136.82057189941406,142.9286346435547,130.7125244140625,130.7125244140625,1225429
2022-12-12,134.37734985351562,134.37734985351562,145.3718719482422,134.37734985351562,135.59896850585938,2529771
2022-12-13,133.15574645996094,133.15574645996094,140.48541259765625,130.7125244140625,136.82057189941406,1258991
2022-12-14,131.9341278076172,131.9341278076172,138.0421905517578,129.49090576171875,129.49090576171875,1231159
2022-12-15,131.9341278076172,131.9341278076172,134.37734985351562,125.82606506347656,125.82606506347656,1013087
2022-12-16,133.15574645996094,133.15574645996094,134.37734985351562,130.7125244140625,130.7125244140625,755558
2022-12-19,128.269287109375,128.269287109375,135.59896850585938,128.269287109375,133.15574645996094,1138495
2022-12-20,125.82606506347656,125.82606506347656,133.15574645996094,124.60445404052734,128.269287109375,974286
2022-12-21,122.1612319946289,122.1612319946289,135.59896850585938,120.32881164550781,125.82606506347656,13802087
2022-12-22,120.93962097167969,120.93962097167969,131.9341278076172,116.05316925048828,116.05316925048828,11058663
2022-12-23,124.60445404052734,124.60445404052734,124.60445404052734,116.05316925048828,116.05316925048828,2237698
2022-12-26,124.60445404052734,124.60445404052734,127.04768371582031,122.1612319946289,125.82606506347656,903396
2022-12-27,123.38284301757812,123.38284301757812,125.82606506347656,120.93962097167969,123.38284301757812,586929
2022-12-28,117.88558959960938,117.88558959960938,122.1612319946289,117.88558959960938,122.1612319946289,1118849
2022-12-29,121.55042266845703,121.55042266845703,122.1612319946289,114.83155822753906,118.49639129638672,696456
2022-12-30,117.88558959960938,117.88558959960938,122.1612319946289,116.05316925048828,121.55042266845703,639810
2023-01-02,134.37734985351562,134.37734985351562,138.0421905517578,119.1072006225586,119.1072006225586,17265706
2023-01-03,133.15574645996094,133.15574645996094,141.70703125,131.9341278076172,136.82057189941406,17099369
2023-01-04,134.37734985351562,134.37734985351562,136.82057189941406,130.7125244140625,133.15574645996094,3179077
2023-01-05,133.15574645996094,133.15574645996094,134.37734985351562,128.269287109375,133.15574645996094,4097208
2023-01-06,130.7125244140625,130.7125244140625,134.37734985351562,130.7125244140625,130.7125244140625,2263893
2023-01-09,162.4744415283203,162.4744415283203,162.4744415283203,129.49090576171875,129.49090576171875,80072375
2023-01-10,197.9011993408203,197.9011993408203,200.34442138671875,162.4744415283203,163.696044921875,205698647
2023-01-11,199.122802734375,199.122802734375,205.23086547851562,184.4634552001953,195.45797729492188,92146910
2023-01-12,185.68507385253906,185.68507385253906,216.22537231445312,185.68507385253906,199.122802734375,76546052
2023-01-13,173.4689483642578,173.4689483642578,227.2198944091797,173.4689483642578,178.3553924560547,223052597
2023-01-16,196.67958068847656,196.67958068847656,197.9011993408203,163.696044921875,177.1337890625,30952536
2023-01-17,229.66311645507812,229.66311645507812,239.43601989746094,196.67958068847656,199.122802734375,293115414
2023-01-18,213.7821502685547,213.7821502685547,247.9873046875,213.7821502685547,229.66311645507812,89704564
2023-01-19,199.122802734375,199.122802734375,218.66860961914062,199.122802734375,212.560546875,53348512
2023-01-20,268.0,268.0,268.0,210.0,210.0,13162300
2023-01-24,250.0,250.0,286.0,250.0,286.0,13910200
2023-01-25,234.0,234.0,260.0,234.0,234.0,27945600
2023-01-26,218.0,218.0,250.0,218.0,250.0,10862400
2023-01-27,204.0,204.0,204.0,204.0,204.0,643700
2023-01-30,190.0,190.0,190.0,190.0,190.0,1129700
2023-01-31,177.0,177.0,190.0,177.0,190.0,2366400
2023-02-01,165.0,165.0,165.0,165.0,165.0,3859400
2023-02-02,154.0,154.0,154.0,154.0,154.0,1259700
2023-02-03,144.0,144.0,144.0,144.0,144.0,5765400
2023-02-06,134.0,134.0,140.0,134.0,134.0,64561400
2023-02-07,125.0,125.0,137.0,125.0,125.0,45802000
2023-02-08,134.0,134.0,140.0,119.0,119.0,63191800
2023-02-09,133.0,133.0,143.0,128.0,135.0,73878300
2023-02-10,124.0,124.0,133.0,124.0,125.0,19094800
2023-02-13,116.0,116.0,124.0,116.0,116.0,9546100
2023-02-14,134.0,134.0,135.0,109.0,111.0,86580600
2023-02-15,125.0,125.0,136.0,125.0,134.0,25668300
2023-02-16,128.0,128.0,131.0,118.0,119.0,41677400
2023-02-17,122.0,122.0,128.0,120.0,128.0,10499900
2023-02-20,118.0,118.0,125.0,117.0,122.0,5514100
2023-02-21,118.0,118.0,124.0,116.0,118.0,8745700
2023-02-22,118.0,118.0,122.0,118.0,120.0,5461800
2023-02-23,114.0,114.0,120.0,113.0,120.0,5359500
2023-02-24,115.0,115.0,120.0,111.0,114.0,7072200
2023-02-27,114.0,114.0,118.0,114.0,116.0,3067600
2023-02-28,111.0,111.0,116.0,109.0,114.0,3308500
2023-03-01,114.0,114.0,118.0,112.0,112.0,5597500
2023-03-02,112.0,112.0,116.0,112.0,115.0,3819400
2023-03-03,110.0,110.0,115.0,109.0,112.0,3437300
2023-03-06,114.0,114.0,114.0,103.0,110.0,10969200
2023-03-07,110.0,110.0,115.0,110.0,112.0,5271400
2023-03-08,121.0,121.0,124.0,108.0,108.0,55080200
2023-03-09,119.0,119.0,123.0,115.0,121.0,17109600
2023-03-10,125.0,125.0,127.0,117.0,120.0,35971000
2023-03-13,134.0,134.0,135.0,121.0,125.0,67162900
2023-03-14,125.0,125.0,135.0,125.0,134.0,21637900
2023-03-15,123.0,123.0,128.0,119.0,124.0,31089700
2023-03-16,120.0,120.0,125.0,118.0,124.0,14433500
2023-03-17,159.0,159.0,162.0,120.0,121.0,145370500
2023-03-20,174.0,174.0,187.0,149.0,158.0,298333300
2023-03-21,162.0,162.0,176.0,162.0,173.0,97479900
2023-03-24,162.0,162.0,172.0,153.0,162.0,93696900
2023-03-27,158.0,158.0,166.0,152.0,152.0,45343100
2023-03-28,159.0,159.0,164.0,152.0,158.0,56760800
2023-03-29,148.0,148.0,162.0,148.0,159.0,129396000
2023-03-30,138.0,138.0,155.0,138.0,140.0,124033100
2023-03-31,145.0,145.0,147.0,130.0,134.0,41600100
2023-04-03,154.0,154.0,156.0,141.0,145.0,130754700
2023-04-04,154.0,154.0,157.0,150.0,155.0,69155500
2023-04-05,153.0,153.0,161.0,150.0,154.0,69538900
2023-04-06,148.0,148.0,154.0,145.0,153.0,36980100
2023-04-10,140.0,140.0,149.0,140.0,148.0,17217500
2023-04-11,146.0,146.0,147.0,134.0,142.0,16936000
2023-04-12,136.0,136.0,149.0,136.0,145.0,36105900
2023-04-13,127.0,127.0,137.0,127.0,133.0,15483600
2023-04-14,126.0,126.0,129.0,119.0,127.0,13672100
2023-04-17,138.0,138.0,140.0,125.0,125.0,22372800
2023-04-18,133.0,133.0,139.0,131.0,134.0,8635500
2023-04-26,132.0,132.0,133.0,126.0,132.0,4473000
2023-04-27,133.0,133.0,135.0,131.0,131.0,2721300
2023-04-28,131.0,131.0,135.0,129.0,133.0,2527500
2023-05-02,129.0,129.0,142.0,124.0,131.0,61207900
2023-05-03,123.0,123.0,130.0,121.0,129.0,9040000
2023-05-04,124.0,124.0,128.0,121.0,121.0,3513700
2023-05-05,123.0,123.0,126.0,120.0,120.0,2603000
2023-05-08,125.0,125.0,129.0,123.0,123.0,5103100
2023-05-09,129.0,129.0,131.0,118.0,118.0,5662200
2023-05-10,138.0,138.0,140.0,120.0,120.0,46841100
2023-05-11,129.0,129.0,141.0,129.0,139.0,46904100
2023-05-12,127.0,127.0,130.0,120.0,120.0,4735800
2023-05-15,124.0,124.0,129.0,119.0,119.0,5243300
2023-05-16,123.0,123.0,126.0,123.0,124.0,2128600
2023-05-17,121.0,121.0,124.0,121.0,123.0,3490900
2023-05-19,125.0,125.0,126.0,121.0,122.0,5914600
2023-05-22,123.0,123.0,126.0,122.0,125.0,3175300
2023-05-23,123.0,123.0,125.0,122.0,123.0,2554800
2023-05-24,123.0,123.0,124.0,120.0,123.0,5440400
2023-05-25,123.0,123.0,123.0,120.0,122.0,1901200
2023-05-26,116.0,116.0,124.0,115.0,116.0,9216700
2023-05-29,110.0,110.0,118.0,108.0,110.0,9485300
2023-05-30,118.0,118.0,123.0,108.0,108.0,32871800
2023-05-31,113.0,113.0,121.0,111.0,111.0,4549800
2023-06-05,115.0,115.0,118.0,109.0,113.0,21390500
2023-06-06,112.0,112.0,116.0,112.0,115.0,1980800
2023-06-07,113.0,113.0,114.0,106.0,106.0,7041400
2023-06-08,117.0,117.0,118.0,107.0,107.0,5216700
2023-06-09,122.0,122.0,123.0,109.0,109.0,13477400
2023-06-12,121.0,121.0,126.0,118.0,122.0,8152800
2023-06-13,122.0,122.0,122.0,114.0,114.0,1423800
2023-06-14,120.0,120.0,123.0,115.0,115.0,2235200
2023-06-15,117.0,117.0,120.0,116.0,116.0,1990500
2023-06-16,114.0,114.0,118.0,110.0,110.0,1377100
2023-06-19,115.0,115.0,115.0,107.0,107.0,1337700
2023-06-20,113.0,113.0,115.0,108.0,108.0,629200
2023-06-21,112.0,112.0,114.0,107.0,107.0,1007400
2023-06-22,116.0,116.0,117.0,106.0,106.0,2216400
2023-06-23,113.0,113.0,117.0,110.0,110.0,1531000
2023-06-26,114.0,114.0,116.0,107.0,107.0,1182000
2023-06-27,111.0,111.0,115.0,108.0,108.0,568000
2023-07-03,111.0,111.0,113.0,108.0,108.0,1132600
2023-07-04,116.0,116.0,116.0,105.0,105.0,52172900
2023-07-05,115.0,115.0,117.0,109.0,109.0,2084100
2023-07-06,116.0,116.0,118.0,108.0,108.0,2869100
2023-07-07,115.0,115.0,117.0,113.0,116.0,3072500
2023-07-10,115.0,115.0,115.0,108.0,108.0,1995000
2023-07-11,116.0,116.0,116.0,113.0,113.0,1098800
2023-07-12,115.0,115.0,116.0,109.0,109.0,1734200
2023-07-13,113.0,113.0,115.0,108.0,108.0,1944200
2023-07-14,118.0,118.0,118.0,107.0,107.0,6161100
2023-07-17,121.0,121.0,123.0,110.0,110.0,6421900
2023-07-18,118.0,118.0,125.0,117.0,121.0,6216700
2023-07-20,117.0,117.0,121.0,116.0,121.0,1398200
2023-07-21,116.0,116.0,120.0,115.0,120.0,1520900
2023-07-24,117.0,117.0,118.0,115.0,116.0,1014500
2023-07-25,117.0,117.0,120.0,115.0,120.0,1831200
2023-07-26,114.0,114.0,120.0,113.0,120.0,3015700
2023-07-27,113.0,113.0,117.0,112.0,117.0,3418800
2023-07-28,113.0,113.0,117.0,112.0,117.0,1211600
2023-07-31,114.0,114.0,115.0,109.0,113.0,8849600
2023-08-01,111.0,111.0,116.0,108.0,116.0,5012000
2023-08-02,107.0,107.0,112.0,104.0,107.0,9962400
2023-08-03,108.0,108.0,110.0,101.0,101.0,2449000
2023-08-04,109.0,109.0,111.0,101.0,101.0,1128400
2023-08-07,107.0,107.0,110.0,102.0,102.0,3240500
2023-08-08,108.0,108.0,108.0,101.0,101.0,4868400
2023-08-09,110.0,110.0,110.0,106.0,106.0,1910200
2023-08-10,115.0,115.0,115.0,109.0,111.0,5062800
2023-08-11,116.0,116.0,117.0,111.0,115.0,4735300
2023-08-14,115.0,115.0,117.0,108.0,108.0,2321500
2023-08-15,117.0,117.0,119.0,109.0,109.0,7021200
2023-08-16,119.0,119.0,119.0,115.0,118.0,3268900
2023-08-18,138.0,138.0,145.0,116.0,119.0,54357900
2023-08-21,125.0,125.0,138.0,124.0,137.0,41491800
2023-08-22,122.0,122.0,145.0,111.0,145.0,34865000
2023-08-23,118.0,118.0,123.0,117.0,118.0,8843700
2023-08-24,114.0,114.0,118.0,112.0,118.0,15543500
2023-08-25,113.0,113.0,114.0,110.0,111.0,3962500
2023-08-28,112.0,112.0,115.0,108.0,108.0,1634000
2023-08-29,111.0,111.0,114.0,109.0,110.0,6460300
2023-08-30,115.0,115.0,117.0,109.0,109.0,25508900
2023-08-31,113.0,113.0,116.0,110.0,115.0,14577700
2023-09-01,110.0,110.0,113.0,108.0,113.0,12548200
2023-09-04,107.0,107.0,110.0,106.0,110.0,4005400
2023-09-05,111.0,111.0,111.0,106.0,108.0,4907400
2023-09-06,112.0,112.0,112.0,107.0,112.0,5351800
2023-09-07,111.0,111.0,113.0,108.0,112.0,3711500
2023-09-08,108.0,108.0,111.0,107.0,111.0,3885100
2023-09-11,108.0,108.0,109.0,107.0,108.0,1443700
2023-09-12,108.0,108.0,109.0,107.0,108.0,1482800
2023-09-13,107.0,107.0,108.0,106.0,108.0,1769200
2023-09-14,107.0,107.0,110.0,106.0,107.0,3761700
2023-09-15,106.0,106.0,109.0,106.0,107.0,2857000
2023-09-18,104.0,104.0,107.0,104.0,106.0,1638000
2023-09-19,108.0,108.0,110.0,103.0,104.0,34134300
2023-09-20,108.0,108.0,109.0,105.0,108.0,2368700
2023-09-21,104.0,104.0,108.0,102.0,108.0,8766100
2023-09-22,102.0,102.0,104.0,101.0,104.0,6145200
2023-09-25,103.0,103.0,106.0,102.0,102.0,6631000
2023-09-26,101.0,101.0,105.0,94.0,94.0,3386300
2023-09-27,102.0,102.0,103.0,100.0,101.0,1852400
2023-09-29,102.0,102.0,103.0,101.0,102.0,576400
2023-10-02,101.0,101.0,103.0,101.0,102.0,839500
2023-10-03,101.0,101.0,106.0,101.0,102.0,3050400
2023-10-04,99.0,99.0,102.0,98.0,101.0,2593700
2023-10-05,100.0,100.0,102.0,94.0,94.0,1516900
2023-10-06,99.0,99.0,100.0,98.0,100.0,1160500
2023-10-09,99.0,99.0,100.0,98.0,99.0,642600
2023-10-10,99.0,99.0,101.0,98.0,101.0,777600
2023-10-11,102.0,102.0,103.0,99.0,99.0,1870600
2023-10-12,101.0,101.0,105.0,100.0,102.0,282700
2023-10-13,99.0,99.0,101.0,99.0,101.0,389000
2023-10-16,99.0,99.0,100.0,98.0,99.0,779500
2023-10-17,98.0,98.0,99.0,98.0,99.0,764200
2023-10-18,100.0,100.0,103.0,98.0,99.0,1985000
2023-10-19,100.0,100.0,102.0,99.0,99.0,1175200
2023-10-20,100.0,100.0,103.0,99.0,100.0,1358300
2023-10-23,99.0,99.0,103.0,98.0,103.0,1154800
2023-10-24,100.0,100.0,102.0,96.0,99.0,1078600
2023-10-25,100.0,100.0,102.0,98.0,100.0,1885500
2023-10-26,100.0,100.0,102.0,98.0,101.0,1456700
2023-10-27,100.0,100.0,101.0,99.0,100.0,1062300
2023-10-30,104.0,104.0,108.0,100.0,100.0,7134000
2023-10-31,100.0,100.0,106.0,100.0,104.0,10289800
2023-11-01,96.0,96.0,101.0,93.0,101.0,3244500
2023-11-02,96.0,96.0,99.0,95.0,96.0,2832900
2023-11-03,96.0,96.0,99.0,94.0,96.0,1549600
2023-11-06,96.0,96.0,99.0,95.0,96.0,1000300
2023-11-07,96.0,96.0,98.0,94.0,97.0,1156000
2023-11-08,95.0,95.0,98.0,95.0,96.0,538100
2023-11-09,94.0,94.0,97.0,88.0,88.0,2175500
2023-11-10,94.0,94.0,95.0,93.0,94.0,527600
2023-11-13,96.0,96.0,97.0,94.0,96.0,954500
2023-11-14,97.0,97.0,97.0,95.0,97.0,628000
2023-11-15,96.0,96.0,99.0,95.0,97.0,965400
2023-11-16,96.0,96.0,100.0,96.0,96.0,1441100
2023-11-17,97.0,97.0,99.0,96.0,96.0,267800
2023-11-20,97.0,97.0,98.0,95.0,97.0,351300
2023-11-21,96.0,96.0,97.0,94.0,97.0,1107000
2023-11-22,94.0,94.0,96.0,94.0,96.0,356700
2023-11-23,93.0,93.0,96.0,92.0,94.0,1113600
2023-11-24,94.0,94.0,95.0,92.0,94.0,858400
2023-11-27,93.0,93.0,95.0,91.0,94.0,1166900
2023-11-28,91.0,91.0,93.0,90.0,91.0,2022000
2023-11-29,91.0,91.0,92.0,88.0,91.0,1116700
2023-11-30,91.0,91.0,96.0,90.0,96.0,402800
2023-12-01,90.0,90.0,93.0,90.0,91.0,605400
2023-12-04,90.0,90.0,92.0,89.0,90.0,706700
2023-12-05,90.0,90.0,92.0,89.0,90.0,1930700
2023-12-06,90.0,90.0,95.0,88.0,95.0,1190300
2023-12-07,85.0,85.0,94.0,85.0,94.0,1507100
2023-12-08,88.0,88.0,89.0,85.0,87.0,971000
2023-12-11,88.0,88.0,92.0,88.0,92.0,1086900
2023-12-12,88.0,88.0,93.0,86.0,93.0,653900
2023-12-13,86.0,86.0,89.0,84.0,89.0,1075000
2023-12-14,85.0,85.0,87.0,83.0,87.0,431600
2023-12-15,85.0,85.0,88.0,83.0,86.0,1310600
2023-12-18,84.0,84.0,90.0,81.0,90.0,466500
2023-12-19,84.0,84.0,85.0,81.0,84.0,215400
2023-12-20,85.0,85.0,90.0,83.0,90.0,712000
2023-12-21,86.0,86.0,90.0,83.0,90.0,199900
2023-12-22,86.0,86.0,92.0,84.0,92.0,131100
2023-12-27,86.0,86.0,92.0,84.0,92.0,494000
2023-12-28,85.0,85.0,91.0,84.0,91.0,346600
2023-12-29,88.0,88.0,97.0,85.0,90.0,8799300
2024-01-02,89.0,89.0,95.0,86.0,95.0,598300
2024-01-03,88.0,88.0,94.0,87.0,94.0,454000
2024-01-04,87.0,87.0,90.0,87.0,90.0,1279700
2024-01-05,95.0,95.0,107.0,86.0,88.0,55134500
2024-01-08,91.0,91.0,96.0,87.0,87.0,4498400
2024-01-09,91.0,91.0,98.0,85.0,85.0,4772200
2024-01-10,91.0,91.0,93.0,90.0,91.0,847800
2024-01-11,91.0,91.0,92.0,86.0,86.0,543600
2024-01-12,88.0,88.0,92.0,87.0,92.0,3094900
2024-01-15,87.0,87.0,89.0,87.0,88.0,588600
2024-01-16,88.0,88.0,90.0,86.0,87.0,1510400
2024-01-17,92.0,92.0,96.0,88.0,90.0,11025800
2024-01-18,89.0,89.0,94.0,88.0,91.0,2377900
2024-01-19,90.0,90.0,92.0,88.0,89.0,917500
2024-01-22,89.0,89.0,90.0,87.0,90.0,1603300
2024-01-23,87.0,87.0,89.0,87.0,89.0,793800
2024-01-24,104.0,104.0,106.0,86.0,88.0,60083200
2024-01-25,81.0,81.0,105.0,80.0,104.0,80710700
2024-01-26,80.0,80.0,81.0,74.0,81.0,14769600
2024-01-29,82.0,82.0,83.0,78.0,78.0,14466800
2024-01-30,72.0,72.0,83.0,71.0,75.0,29628200
2024-01-31,73.0,73.0,74.0,71.0,72.0,5732600
2024-02-01,73.0,73.0,75.0,66.0,66.0,5025600
2024-02-02,73.0,73.0,76.0,68.0,68.0,1527900
2024-02-05,72.0,72.0,74.0,67.0,67.0,3160400
2024-02-06,71.0,71.0,72.0,69.0,71.0,3203800
2024-02-07,69.0,69.0,71.0,69.0,70.0,2367700
2024-02-12,69.0,69.0,70.0,67.0,69.0,2531500
2024-02-13,67.0,67.0,69.0,67.0,69.0,970800
2024-02-15,67.0,67.0,68.0,66.0,68.0,2850500
2024-02-16,68.0,68.0,68.0,66.0,66.0,767900
2024-02-19,67.0,67.0,68.0,66.0,66.0,1709400
2024-02-20,70.0,70.0,70.0,66.0,67.0,2646800
2024-02-21,70.0,70.0,73.0,68.0,68.0,10869400
2024-02-22,67.0,67.0,71.0,65.0,65.0,6376900
2024-02-23,62.0,62.0,68.0,60.0,62.0,9227800
2024-02-26,62.0,62.0,64.0,61.0,62.0,1330200
2024-02-27,63.0,63.0,66.0,56.0,56.0,3526300
2024-02-28,62.0,62.0,65.0,50.0,50.0,830600
2024-02-29,62.0,62.0,65.0,62.0,62.0,1114800
2024-03-01,61.0,61.0,63.0,50.0,50.0,2196000
2024-03-04,64.0,64.0,70.0,61.0,62.0,21925300
2024-03-05,63.0,63.0,67.0,63.0,65.0,7092600
2024-03-06,63.0,63.0,65.0,61.0,63.0,6156200
2024-03-07,62.0,62.0,64.0,62.0,63.0,2301700
2024-03-08,63.0,63.0,64.0,62.0,63.0,2390500
2024-03-13,63.0,63.0,67.0,62.0,63.0,4897900
2024-03-14,65.0,65.0,66.0,62.0,62.0,3381400
2024-03-15,64.0,64.0,67.0,64.0,65.0,2481800
2024-03-18,65.0,65.0,65.0,63.0,64.0,2364200
2024-03-19,64.0,64.0,66.0,64.0,65.0,1970400
2024-03-20,64.0,64.0,66.0,64.0,64.0,1438300
2024-03-21,65.0,65.0,66.0,64.0,65.0,1326200
2024-03-22,66.0,66.0,70.0,64.0,66.0,1704100
2024-03-25,65.0,65.0,66.0,64.0,66.0,1842100
2024-03-26,64.0,64.0,66.0,63.0,66.0,1236000
2024-03-27,64.0,64.0,65.0,62.0,64.0,2294500
2024-03-28,62.0,62.0,64.0,61.0,64.0,2504800
2024-04-01,56.0,56.0,62.0,50.0,62.0,23034000
2024-04-02,56.0,56.0,57.0,55.0,55.0,2900300
2024-04-03,57.0,57.0,58.0,55.0,56.0,1993100
2024-04-04,56.0,56.0,57.0,56.0,56.0,1041900
2024-04-05,59.0,59.0,60.0,56.0,56.0,2927100
2024-04-16,58.0,58.0,59.0,51.0,51.0,7998800
2024-04-17,58.0,58.0,59.0,57.0,57.0,791500
2024-04-18,63.0,63.0,65.0,57.0,58.0,8007800
2024-04-19,63.0,63.0,64.0,62.0,64.0,4758200
2024-04-22,71.0,71.0,71.0,63.0,64.0,15799700
2024-04-23,70.0,70.0,75.0,70.0,72.0,10263400
2024-04-24,72.0,72.0,72.0,70.0,71.0,2052200
2024-04-25,71.0,71.0,73.0,71.0,73.0,2561400
2024-04-26,74.0,74.0,75.0,68.0,73.0,10421000
2024-04-29,80.0,80.0,85.0,72.0,74.0,23420600
2024-04-30,80.0,80.0,83.0,76.0,80.0,9788100
2024-05-02,79.0,79.0,82.0,78.0,80.0,5285200
2024-05-03,80.0,80.0,80.0,78.0,79.0,2091200
2024-05-06,79.0,79.0,80.0,78.0,80.0,2230300
2024-05-07,79.0,79.0,80.0,77.0,79.0,2382400
2024-05-08,78.0,78.0,79.0,76.0,79.0,3162100
2024-05-13,83.0,83.0,83.0,78.0,78.0,8695300
2024-05-14,84.0,84.0,86.0,81.0,84.0,6992400
2024-05-15,83.0,83.0,85.0,82.0,85.0,1061400
2024-05-16,82.0,82.0,90.0,81.0,90.0,1944600
2024-05-17,83.0,83.0,85.0,82.0,82.0,1331500
2024-05-20,85.0,85.0,88.0,83.0,88.0,617600
2024-05-21,84.0,84.0,90.0,82.0,90.0,955500
2024-05-22,84.0,84.0,88.0,83.0,88.0,629200
2024-05-27,81.0,81.0,84.0,81.0,83.0,1195900
2024-05-28,83.0,83.0,84.0,80.0,82.0,916200
2024-05-29,84.0,84.0,85.0,82.0,83.0,1239200
2024-05-30,83.0,83.0,85.0,81.0,85.0,2215800
2024-05-31,79.0,79.0,83.0,77.0,82.0,2778300
2024-06-03,80.0,80.0,83.0,78.0,80.0,3187600
2024-06-04,82.0,82.0,82.0,79.0,81.0,1494200
2024-06-05,81.0,81.0,82.0,80.0,82.0,928400
2024-06-06,81.0,81.0,81.0,80.0,80.0,480500
2024-06-07,81.0,81.0,82.0,80.0,81.0,677900
2024-06-10,80.0,80.0,81.0,80.0,81.0,596000
2024-06-11,81.0,81.0,82.0,78.0,81.0,2316100
2024-06-12,81.0,81.0,82.0,80.0,80.0,363500
2024-06-13,83.0,83.0,84.0,80.0,82.0,2324500
2024-06-14,83.0,83.0,84.0,82.0,83.0,1209900
2024-06-19,84.0,84.0,85.0,82.0,83.0,1535800
2024-06-20,86.0,86.0,87.0,83.0,85.0,1005800
2024-06-21,86.0,86.0,88.0,85.0,85.0,1796100
2024-06-24,86.0,86.0,87.0,85.0,87.0,808700
2024-06-25,87.0,87.0,87.0,84.0,85.0,2181100
2024-06-26,89.0,89.0,90.0,86.0,87.0,2554300
2024-06-27,89.0,89.0,89.0,87.0,89.0,1816700
2024-06-28,89.0,89.0,95.0,87.0,95.0,2248800
2024-07-01,87.0,87.0,94.0,87.0,94.0,957500
2024-07-02,86.0,86.0,91.0,85.0,91.0,1649400
2024-07-03,87.0,87.0,87.0,85.0,87.0,714500
2024-07-04,86.0,86.0,88.0,85.0,88.0,392100
2024-07-05,86.0,86.0,86.0,85.0,86.0,380100
2024-07-08,86.0,86.0,87.0,85.0,85.0,729800
2024-07-09,86.0,86.0,86.0,83.0,86.0,2105700
2024-07-10,86.0,86.0,86.0,84.0,85.0,234500
2024-07-11,84.0,84.0,86.0,83.0,86.0,1189500
2024-07-12,84.0,84.0,89.0,82.0,89.0,379300
2024-07-15,84.0,84.0,89.0,83.0,89.0,537100
2024-07-16,84.0,84.0,84.0,83.0,84.0,312700
2024-07-17,84.0,84.0,84.0,83.0,84.0,351200
2024-07-18,84.0,84.0,84.0,82.0,83.0,495700
2024-07-19,84.0,84.0,84.0,83.0,83.0,87000
2024-07-22,86.0,86.0,86.0,82.0,83.0,927800
2024-07-23,85.0,85.0,86.0,84.0,86.0,238500
2024-07-24,85.0,85.0,91.0,83.0,91.0,1541900
2024-07-25,85.0,85.0,85.0,84.0,84.0,195800
2024-07-26,85.0,85.0,85.0,82.0,85.0,613300
2024-07-29,83.0,83.0,85.0,82.0,85.0,1126900
2024-07-30,84.0,84.0,87.0,82.0,87.0,118800
2024-07-31,85.0,85.0,85.0,84.0,84.0,218000
2024-08-01,85.0,85.0,86.0,83.0,85.0,491400
2024-08-02,84.0,84.0,85.0,82.0,85.0,765200
2024-08-05,82.0,82.0,88.0,79.0,88.0,1418300
2024-08-06,82.0,82.0,82.0,79.0,82.0,686900
2024-08-07,84.0,84.0,86.0,81.0,82.0,489500
2024-08-08,83.0,83.0,89.0,81.0,89.0,486000
2024-08-09,83.0,83.0,85.0,81.0,83.0,178200
2024-08-12,82.0,82.0,83.0,80.0,82.0,1103600
2024-08-13,83.0,83.0,88.0,81.0,88.0,405000
2024-08-14,84.0,84.0,88.0,83.0,88.0,1622300
2024-08-15,83.0,83.0,84.0,82.0,82.0,679600
2024-08-16,83.0,83.0,83.0,82.0,83.0,107800
2024-08-19,83.0,83.0,83.0,81.0,82.0,184600
2024-08-20,83.0,83.0,83.0,82.0,83.0,351600
2024-08-21,83.0,83.0,83.0,82.0,82.0,99900
2024-08-22,83.0,83.0,83.0,81.0,82.0,446700
2024-08-23,83.0,83.0,83.0,82.0,82.0,28000
2024-08-26,83.0,83.0,83.0,81.0,82.0,257100
2024-08-27,83.0,83.0,83.0,81.0,82.0,238800
2024-08-28,84.0,84.0,84.0,82.0,82.0,1397800
2024-08-29,84.0,84.0,89.0,82.0,89.0,893400
2024-08-30,83.0,83.0,84.0,82.0,84.0,202400
2024-09-02,84.0,84.0,85.0,82.0,82.0,2501000
2024-09-03,83.0,83.0,89.0,83.0,89.0,432400
2024-09-04,83.0,83.0,87.0,82.0,87.0,197500
2024-09-05,84.0,84.0,85.0,82.0,83.0,169100
2024-09-06,82.0,82.0,84.0,82.0,83.0,537100
2024-09-09,83.0,83.0,86.0,81.0,86.0,793700
2024-09-10,86.0,86.0,90.0,83.0,83.0,4335200
2024-09-11,92.0,92.0,94.0,85.0,94.0,8364400
2024-09-12,101.0,101.0,111.0,89.0,111.0,16359500
2024-09-13,99.0,99.0,109.0,97.0,106.0,9759000
2024-09-17,98.0,98.0,104.0,97.0,100.0,2539800
2024-09-18,100.0,100.0,102.0,97.0,98.0,1733800
2024-09-19,97.0,97.0,100.0,97.0,100.0,1994400
2024-09-20,96.0,96.0,98.0,94.0,98.0,1044800
2024-09-23,95.0,95.0,96.0,94.0,96.0,620800
2024-09-24,95.0,95.0,99.0,93.0,99.0,491900
2024-09-25,95.0,95.0,99.0,93.0,99.0,255000
2024-09-26,96.0,96.0,96.0,93.0,96.0,132500
2024-09-27,96.0,96.0,97.0,95.0,96.0,197700
2024-09-30,95.0,95.0,97.0,93.0,97.0,214000
2024-10-01,94.0,94.0,96.0,92.0,94.0,481100
2024-10-02,92.0,92.0,96.0,91.0,96.0,1221200
2024-10-03,92.0,92.0,97.0,90.0,97.0,413200
2024-10-04,91.0,91.0,92.0,90.0,91.0,310500
2024-10-07,93.0,93.0,94.0,90.0,91.0,1316200
2024-10-08,94.0,94.0,94.0,92.0,93.0,386400
2024-10-09,94.0,94.0,95.0,92.0,94.0,447600
2024-10-10,93.0,93.0,94.0,91.0,92.0,314700
2024-10-11,93.0,93.0,97.0,92.0,97.0,133800
2024-10-14,93.0,93.0,93.0,91.0,93.0,341100
2024-10-15,92.0,92.0,97.0,90.0,97.0,475400
2024-10-16,92.0,92.0,95.0,90.0,95.0,559800
2024-10-17,92.0,92.0,92.0,90.0,91.0,533600
2024-10-18,93.0,93.0,93.0,91.0,92.0,467000
2024-10-21,94.0,94.0,99.0,92.0,99.0,192200
2024-10-22,93.0,93.0,94.0,92.0,94.0,394300
2024-10-23,94.0,94.0,94.0,91.0,93.0,801700
2024-10-24,93.0,93.0,94.0,92.0,94.0,529800
2024-10-25,93.0,93.0,94.0,92.0,93.0,251400
2024-10-28,93.0,93.0,97.0,92.0,97.0,325500
2024-10-29,93.0,93.0,94.0,92.0,94.0,47200
2024-10-30,93.0,93.0,93.0,92.0,93.0,147600
2024-10-31,94.0,94.0,94.0,91.0,94.0,486900
2024-11-01,92.0,92.0,94.0,92.0,94.0,268200
2024-11-04,93.0,93.0,97.0,91.0,97.0,151900
2024-11-05,91.0,91.0,93.0,89.0,93.0,926300
2024-11-06,91.0,91.0,97.0,89.0,97.0,225600
2024-11-07,90.0,90.0,91.0,89.0,91.0,192500
2024-11-08,90.0,90.0,97.0,86.0,97.0,215100
2024-11-11,90.0,90.0,96.0,88.0,96.0,134600
2024-11-12,90.0,90.0,91.0,88.0,90.0,196300
2024-11-13,90.0,90.0,97.0,88.0,97.0,71500
2024-11-14,90.0,90.0,91.0,88.0,91.0,64700
2024-11-15,87.0,87.0,90.0,87.0,90.0,173700
2024-11-18,89.0,89.0,95.0,87.0,95.0,130500
2024-11-19,87.0,87.0,97.0,84.0,97.0,688100
2024-11-20,89.0,89.0,95.0,86.0,95.0,46400
2024-11-21,87.0,87.0,93.0,84.0,93.0,243300
2024-11-22,87.0,87.0,95.0,84.0,95.0,178500
2024-11-25,89.0,89.0,95.0,87.0,95.0,96500
2024-11-26,87.0,87.0,89.0,83.0,89.0,588000
2024-11-28,83.0,83.0,95.0,83.0,95.0,485000
2024-11-29,83.0,83.0,91.0,81.0,91.0,327700
2024-12-02,81.0,81.0,89.0,81.0,89.0,509700
2024-12-03,86.0,86.0,89.0,81.0,89.0,379200
2024-12-04,85.0,85.0,95.0,81.0,95.0,41000
2024-12-05,86.0,86.0,93.0,81.0,93.0,468300
2024-12-06,87.0,87.0,90.0,86.0,90.0,6300
2024-12-09,87.0,87.0,88.0,85.0,85.0,6400
2024-12-10,87.0,87.0,91.0,85.0,91.0,104500
2024-12-11,86.0,86.0,90.0,84.0,90.0,96500
2024-12-12,86.0,86.0,89.0,84.0,89.0,58600
2024-12-13,87.0,87.0,88.0,85.0,88.0,3300
2024-12-16,86.0,86.0,87.0,84.0,87.0,26900
2024-12-17,83.0,83.0,87.0,83.0,87.0,98900
2024-12-18,82.0,82.0,85.0,82.0,84.0,175700
2024-12-19,82.0,82.0,85.0,79.0,82.0,100200
2024-12-20,81.0,81.0,84.0,80.0,84.0,67100
2024-12-23,82.0,82.0,83.0,80.0,83.0,64100
2024-12-24,82.0,82.0,87.0,80.0,87.0,85000
2024-12-27,82.0,82.0,82.0,80.0,82.0,199600
2024-12-30,82.0,82.0,82.0,80.0,82.0,110200
2025-01-02,80.0,80.0,83.0,80.0,83.0,55400
2025-01-03,81.0,81.0,82.0,80.0,82.0,158600
2025-01-06,81.0,81.0,83.0,80.0,83.0,34100
2025-01-07,81.0,81.0,83.0,79.0,83.0,182800
2025-01-08,80.0,80.0,83.0,79.0,83.0,226200
2025-01-09,82.0,82.0,89.0,80.0,80.0,81100
2025-01-10,82.0,82.0,83.0,79.0,83.0,55200
2025-01-13,80.0,80.0,83.0,80.0,81.0,105900
2025-01-14,83.0,83.0,84.0,80.0,80.0,127200
2025-01-15,83.0,83.0,83.0,80.0,83.0,23100
2025-01-16,83.0,83.0,84.0,83.0,83.0,29000
2025-01-17,83.0,83.0,85.0,80.0,85.0,23400
2025-01-20,81.0,81.0,85.0,80.0,85.0,7900
2025-01-21,82.0,82.0,86.0,80.0,86.0,28200
2025-01-22,82.0,82.0,84.0,80.0,84.0,58100
2025-01-23,83.0,83.0,84.0,81.0,84.0,16300
2025-01-24,81.0,81.0,83.0,79.0,83.0,179800
2025-01-30,80.0,80.0,82.0,78.0,81.0,54600
2025-01-31,81.0,81.0,82.0,79.0,79.0,139000
2025-02-03,78.0,78.0,81.0,78.0,81.0,353100
2025-02-04,79.0,79.0,80.0,77.0,80.0,119300
2025-02-05,80.0,80.0,81.0,78.0,81.0,208900
2025-02-06,78.0,78.0,81.0,77.0,81.0,165700
2025-02-07,78.0,78.0,80.0,76.0,80.0,17900
2025-02-10,78.0,78.0,80.0,76.0,80.0,21000
2025-02-11,78.0,78.0,79.0,74.0,79.0,380100
2025-02-12,78.0,78.0,80.0,76.0,78.0,70200
2025-02-13,78.0,78.0,79.0,74.0,79.0,14000
2025-02-14,78.0,78.0,79.0,77.0,79.0,64500
2025-02-17,79.0,79.0,79.0,75.0,79.0,101000
2025-02-18,78.0,78.0,79.0,76.0,79.0,70600
2025-02-19,78.0,78.0,79.0,74.0,79.0,163100
2025-02-20,78.0,78.0,79.0,76.0,78.0,13000
2025-02-21,78.0,78.0,79.0,76.0,79.0,8900
2025-02-24,78.0,78.0,79.0,75.0,77.0,20500
2025-02-25,76.0,76.0,79.0,75.0,78.0,103800
2025-02-26,77.0,77.0,78.0,76.0,76.0,13800
2025-02-27,76.0,76.0,78.0,76.0,78.0,6100
2025-02-28,76.0,76.0,78.0,73.0,78.0,304500
2025-03-03,76.0,76.0,76.0,72.0,76.0,110400
2025-03-04,76.0,76.0,77.0,74.0,77.0,23500
2025-03-05,77.0,77.0,78.0,74.0,77.0,71000
2025-03-06,77.0,77.0,77.0,74.0,77.0,30000
2025-03-07,76.0,76.0,77.0,74.0,77.0,144100
2025-03-10,79.0,79.0,79.0,74.0,77.0,22800
2025-03-11,78.0,78.0,79.0,75.0,78.0,2700
2025-03-12,78.0,78.0,79.0,76.0,78.0,14800
2025-03-13,75.0,75.0,78.0,75.0,77.0,7100
2025-03-14,76.0,76.0,78.0,75.0,78.0,134000
2025-03-17,77.0,77.0,78.0,74.0,78.0,657600
2025-03-18,76.0,76.0,77.0,72.0,77.0,399700
2025-03-19,76.0,76.0,77.0,72.0,77.0,120500
2025-03-20,75.0,75.0,76.0,72.0,76.0,100500
2025-03-21,71.0,71.0,76.0,68.0,76.0,396500
2025-03-24,70.0,70.0,73.0,68.0,73.0,233900
2025-03-25,74.0,74.0,77.0,67.0,72.0,261300
2025-03-26,73.0,73.0,78.0,70.0,74.0,64300
2025-03-27,70.0,70.0,76.0,67.0,76.0,399700
2025-04-08,66.0,66.0,70.0,62.0,70.0,112700
2025-04-09,62.0,62.0,72.0,61.0,72.0,546600
2025-04-10,65.0,65.0,70.0,62.0,62.0,94400
2025-04-11,68.0,68.0,69.0,65.0,65.0,44500
2025-04-14,69.0,69.0,78.0,66.0,68.0,144900
2025-04-15,69.0,69.0,70.0,66.0,69.0,87500
2025-04-16,68.0,68.0,70.0,67.0,69.0,66200
2025-04-17,70.0,70.0,74.0,66.0,67.0,158300
2025-04-21,68.0,68.0,73.0,66.0,73.0,268400
2025-04-22,69.0,69.0,89.0,68.0,73.0,15881300
2025-04-23,67.0,67.0,69.0,65.0,68.0,1611700
2025-04-24,66.0,66.0,69.0,65.0,66.0,932900
2025-04-25,66.0,66.0,69.0,64.0,66.0,920100
2025-04-28,67.0,67.0,70.0,66.0,67.0,939500
2025-04-29,68.0,68.0,69.0,67.0,67.0,145300
2025-04-30,72.0,72.0,73.0,67.0,68.0,878400
2025-05-02,73.0,73.0,75.0,69.0,72.0,751800
2025-05-05,72.0,72.0,75.0,70.0,73.0,309000
2025-05-06,71.0,71.0,78.0,70.0,72.0,737700
2025-05-07,74.0,74.0,74.0,70.0,71.0,345700
2025-05-08,74.0,74.0,74.0,72.0,74.0,229400
2025-05-09,75.0,75.0,75.0,72.0,74.0,457300
2025-05-14,74.0,74.0,75.0,72.0,73.0,441300
2025-05-15,73.0,73.0,76.0,72.0,73.0,655500
2025-05-16,72.0,72.0,78.0,71.0,77.0,293900
2025-05-19,74.0,74.0,77.0,72.0,73.0,534700
2025-05-20,73.0,73.0,74.0,71.0,74.0,388700
2025-05-21,72.0,72.0,73.0,70.0,71.0,330300
2025-05-22,73.0,73.0,73.0,70.0,72.0,664400
2025-05-23,73.0,73.0,73.0,71.0,71.0,102600
2025-05-26,70.0,70.0,73.0,64.0,73.0,1946200
2025-05-27,70.0,70.0,71.0,69.0,69.0,85000
2025-05-28,71.0,71.0,71.0,69.0,70.0,121300
2025-06-02,70.0,70.0,71.0,67.0,69.0,327500
2025-06-03,70.0,70.0,71.0,68.0,68.0,25700
2025-06-04,72.0,72.0,73.0,69.0,69.0,1220300
2025-06-05,78.0,78.0,83.0,71.0,71.0,10242300
2025-06-10,77.0,77.0,80.0,76.0,78.0,1055900
2025-06-11,82.0,82.0,85.0,77.0,77.0,4071200
2025-06-12,85.0,85.0,85.0,81.0,83.0,2383000
2025-06-13,87.0,87.0,89.0,83.0,85.0,2649800
2025-06-16,83.0,83.0,87.0,83.0,87.0,839100
2025-06-17,95.0,95.0,103.0,82.0,85.0,48838100
2025-06-18,90.0,90.0,98.0,87.0,95.0,11927600
2025-06-19,86.0,86.0,95.0,86.0,91.0,3327300
2025-06-20,85.0,85.0,87.0,84.0,86.0,1969300
2025-06-23,82.0,82.0,87.0,79.0,87.0,2470500
2025-06-24,91.0,91.0,91.0,82.0,85.0,3808100
2025-06-25,93.0,93.0,98.0,90.0,91.0,10174300
2025-06-26,93.0,93.0,99.0,93.0,95.0,4520800
2025-06-30,91.0,91.0,93.0,90.0,93.0,1254500
2025-07-01,90.0,90.0,93.0,89.0,91.0,551300
2025-07-02,89.0,89.0,92.0,89.0,90.0,829400
2025-07-03,90.0,90.0,92.0,88.0,90.0,932200
2025-07-04,91.0,91.0,92.0,89.0,90.0,1275800
2025-07-07,91.0,91.0,92.0,89.0,89.0,631500
2025-07-08,89.0,89.0,92.0,89.0,91.0,611400
2025-07-09,91.0,91.0,92.0,88.0,89.0,568800
2025-07-10,93.0,93.0,97.0,90.0,91.0,3101000
2025-07-11,92.0,92.0,95.0,91.0,95.0,440300
2025-07-14,92.0,92.0,94.0,90.0,92.0,437100
2025-07-15,92.0,92.0,93.0,89.0,92.0,2035200
2025-07-16,96.0,96.0,98.0,91.0,91.0,1599900
2025-07-17,103.0,103.0,105.0,97.0,98.0,6390000
2025-07-18,102.0,102.0,104.0,92.0,103.0,3332900
2025-07-21,99.0,99.0,104.0,98.0,102.0,2110400
2025-07-22,96.0,96.0,100.0,93.0,100.0,3687200
2025-07-23,96.0,96.0,97.0,94.0,97.0,532000
2025-07-24,96.0,96.0,98.0,95.0,96.0,558700
2025-07-25,95.0,95.0,98.0,94.0,98.0,604700
2025-07-28,96.0,96.0,97.0,95.0,95.0,225900
2025-07-29,97.0,97.0,99.0,94.0,95.0,2502500
2025-07-30,100.0,100.0,101.0,97.0,99.0,3572500
2025-07-31,100.0,100.0,102.0,99.0,101.0,1357100
2025-08-01,100.0,100.0,101.0,99.0,100.0,332800
2025-08-04,98.0,98.0,101.0,96.0,101.0,2324800
2025-08-05,98.0,98.0,99.0,95.0,98.0,1300800
2025-08-06,97.0,97.0,99.0,92.0,98.0,2524100
2025-08-07,98.0,98.0,100.0,94.0,98.0,2394200
2025-08-08,98.0,98.0,100.0,96.0,100.0,304500
2025-08-11,100.0,100.0,101.0,97.0,97.0,440700
2025-08-12,99.0,99.0,101.0,94.0,100.0,479600
2025-08-13,98.0,98.0,100.0,96.0,99.0,593800
2025-08-14,99.0,99.0,105.0,98.0,99.0,3777300
2025-08-15,100.0,100.0,102.0,99.0,100.0,377900
2025-08-19,98.0,98.0,100.0,90.0,100.0,2618500
2025-08-20,99.0,99.0,101.0,97.0,99.0,716200
2025-08-21,99.0,99.0,100.0,97.0,99.0,567700
2025-08-22,100.0,100.0,100.0,96.0,99.0,309600
2025-08-25,100.0,100.0,100.0,97.0,100.0,1328700
2025-08-26,97.0,97.0,100.0,96.0,100.0,1634300
2025-08-27,98.0,98.0,99.0,96.0,98.0,99300
2025-08-28,99.0,99.0,99.0,93.0,97.0,230100
2025-08-29,97.0,97.0,99.0,95.0,99.0,286300
2025-09-01,95.0,95.0,96.0,90.0,90.0,952100
2025-09-02,96.0,96.0,97.0,91.0,96.0,470300
2025-09-03,97.0,97.0,97.0,95.0,96.0,181200
2025-09-04,96.0,96.0,98.0,95.0,95.0,210100
2025-09-08,94.0,94.0,97.0,94.0,96.0,400600
2025-09-09,94.0,94.0,97.0,90.0,93.0,877900
2025-09-10,96.0,96.0,97.0,92.0,93.0,23400
2025-09-11,97.0,97.0,97.0,93.0,93.0,155600
2025-09-12,98.0,98.0,99.0,95.0,95.0,722600
2025-09-15,98.0,98.0,100.0,96.0,99.0,366600
2025-09-16,96.0,96.0,99.0,94.0,98.0,1043900
2025-09-17,97.0,97.0,99.0,96.0,96.0,395000
2025-09-18,98.0,98.0,98.0,96.0,98.0,287800
2025-09-19,97.0,97.0,99.0,96.0,98.0,109800
2025-09-22,96.0,96.0,98.0,94.0,96.0,359100
2025-09-23,94.0,94.0,96.0,94.0,96.0,128800
2025-09-24,98.0,98.0,102.0,94.0,94.0,2772600
2025-09-25,95.0,95.0,101.0,95.0,100.0,535400
2025-09-26,96.0,96.0,97.0,94.0,95.0,335500
2025-09-29,97.0,97.0,97.0,95.0,96.0,190500
2025-09-30,99.0,99.0,99.0,94.0,97.0,705500
2025-10-01,97.0,97.0,99.0,97.0,98.0,1078000
2025-10-02,98.0,98.0,99.0,95.0,97.0,869900
2025-10-03,100.0,100.0,103.0,96.0,98.0,4220900
2025-10-06,100.0,100.0,102.0,96.0,102.0,1209200
2025-10-07,95.0,95.0,100.0,95.0,100.0,2048500
2025-10-08,92.0,92.0,97.0,90.0,96.0,2427600
2025-10-09,94.0,94.0,95.0,91.0,92.0,463300
2025-10-10,94.0,94.0,95.0,92.0,95.0,259800
2025-10-13,95.0,95.0,95.0,92.0,94.0,669900
2025-10-14,93.0,93.0,95.0,91.0,95.0,1048900
2025-10-15,88.0,88.0,95.0,85.0,93.0,907500
2025-10-16,93.0,93.0,94.0,89.0,89.0,498500
2025-10-17,91.0,91.0,93.0,88.0,93.0,396400
2025-10-20,93.0,93.0,96.0,89.0,91.0,475700
2025-10-21,93.0,93.0,95.0,91.0,91.0,309900
2025-10-22,93.0,93.0,95.0,92.0,93.0,295800
2025-10-23,94.0,94.0,97.0,92.0,92.0,660700
2025-10-24,96.0,96.0,97.0,92.0,94.0,116100
2025-10-27,93.0,93.0,97.0,92.0,96.0,581400
2025-10-28,95.0,95.0,96.0,93.0,93.0,105600
2025-10-29,93.0,93.0,95.0,89.0,95.0,702800
2025-10-30,91.0,91.0,93.0,91.0,91.0,85300
2025-10-31,91.0,91.0,93.0,90.0,92.0,481400
2025-11-03,93.0,93.0,94.0,91.0,91.0,163900
2025-11-04,92.0,92.0,93.0,89.0,91.0,176100
2025-11-05,92.0,92.0,95.0,91.0,92.0,269400
2025-11-06,94.0,94.0,95.0,91.0,92.0,183800
2025-11-07,93.0,93.0,94.0,92.0,94.0,137700
2025-11-10,95.0,95.0,96.0,93.0,95.0,185000
2025-11-11,95.0,95.0,95.0,91.0,95.0,381100
2025-11-12,94.0,94.0,95.0,93.0,95.0,131700
2025-11-13,95.0,95.0,95.0,92.0,94.0,146100
2025-11-14,94.0,94.0,95.0,92.0,95.0,89200
2025-11-17,93.0,93.0,94.0,92.0,94.0,131500
2025-11-18,94.0,94.0,95.0,91.0,94.0,147300
2025-11-19,91.0,91.0,94.0,91.0,93.0,321100
2025-11-20,93.0,93.0,94.0,90.0,91.0,111800
2025-11-21,92.0,92.0,94.0,90.0,92.0,176300
2025-11-24,91.0,91.0,93.0,91.0,93.0,242200
2025-11-25,91.0,91.0,94.0,91.0,91.0,51800
2025-11-26,92.0,92.0,93.0,90.0,91.0,135200
2025-11-27,92.0,92.0,93.0,91.0,92.0,81700
2025-11-28,90.0,90.0,93.0,90.0,91.0,109200
2025-12-01,91.0,91.0,94.0,91.0,91.0,255000
2025-12-02,92.0,92.0,93.0,90.0,91.0,107800
2025-12-03,91.0,91.0,92.0,90.0,91.0,114500
2025-12-04,92.0,92.0,92.0,89.0,90.0,196300
2025-12-05,92.0,92.0,93.0,89.0,92.0,101200
2025-12-08,93.0,93.0,93.0,91.0,92.0,53000
2025-12-09,93.0,93.0,94.0,91.0,93.0,198700
2025-12-10,91.0,91.0,92.0,88.0,92.0,680600
2025-12-11,91.0,91.0,92.0,88.0,91.0,613800
2025-12-12,91.0,91.0,91.0,89.0,91.0,60000
2025-12-15,91.0,91.0,92.0,90.0,91.0,264800
2025-12-16,91.0,91.0,91.0,88.0,91.0,344300
2025-12-17,89.0,89.0,92.0,89.0,91.0,219600
2025-12-18,91.0,91.0,91.0,89.0,90.0,214500
2025-12-19,90.0,90.0,91.0,89.0,91.0,34000
2025-12-22,90.0,90.0,90.0,88.0,90.0,147300
2025-12-23,88.0,88.0,90.0,87.0,90.0,219500
2025-12-24,86.0,86.0,90.0,86.0,90.0,273100
2025-12-29,91.0,91.0,95.0,86.0,86.0,2815500
2025-12-30,89.0,89.0,94.0,89.0,93.0,555600
