Date,Adj Close,Close,High,Low,Open,Volume
2020-01-02,411.4655456542969,447.96539306640625,447.96539306640625,447.96539306640625,447.96539306640625,0
2020-01-03,411.4655456542969,447.96539306640625,447.96539306640625,447.96539306640625,447.96539306640625,1004
2020-01-06,407.80804443359375,443.9834899902344,443.9834899902344,443.9834899902344,443.9834899902344,101559
2020-01-07,407.80804443359375,443.9834899902344,443.9834899902344,443.9834899902344,443.9834899902344,203419
2020-01-08,405.97930908203125,441.9925231933594,441.9925231933594,441.9925231933594,441.9925231933594,209346
2020-01-09,402.32183837890625,438.0106201171875,438.0106201171875,438.0106201171875,438.0106201171875,294029
2020-01-10,409.6367492675781,445.97442626953125,445.97442626953125,436.0196533203125,438.0106201171875,919858
2020-01-13,407.80804443359375,443.9834899902344,443.9834899902344,443.9834899902344,443.9834899902344,388958
2020-01-14,405.97930908203125,441.9925231933594,441.9925231933594,441.9925231933594,441.9925231933594,191465
2020-01-15,402.32183837890625,438.0106201171875,441.9925231933594,398.19146728515625,441.9925231933594,291216
2020-01-16,404.15057373046875,440.0015563964844,440.0015563964844,440.0015563964844,440.0015563964844,387351
2020-01-17,404.15057373046875,440.0015563964844,440.0015563964844,408.146240234375,440.0015563964844,228633
2020-01-20,402.32183837890625,438.0106201171875,438.0106201171875,438.0106201171875,438.0106201171875,191967
2020-01-21,402.32183837890625,438.0106201171875,438.0106201171875,434.0286865234375,436.0196533203125,216880
2020-01-22,402.32183837890625,438.0106201171875,438.0106201171875,398.19146728515625,438.0106201171875,295234
2020-01-23,402.32183837890625,438.0106201171875,438.0106201171875,438.0106201171875,438.0106201171875,205830
2020-01-24,400.49310302734375,436.0196533203125,438.0106201171875,436.0196533203125,438.0106201171875,222706
2020-01-27,400.49310302734375,436.0196533203125,436.0196533203125,436.0196533203125,436.0196533203125,0
2020-01-28,400.49310302734375,436.0196533203125,436.0196533203125,436.0196533203125,436.0196533203125,763552
2020-01-29,400.49310302734375,436.0196533203125,436.0196533203125,436.0196533203125,436.0196533203125,904087
2020-01-30,400.49310302734375,436.0196533203125,436.0196533203125,436.0196533203125,436.0196533203125,0
2020-01-31,400.49310302734375,436.0196533203125,436.0196533203125,436.0196533203125,436.0196533203125,0
2020-02-03,400.49310302734375,436.0196533203125,436.0196533203125,436.0196533203125,436.0196533203125,0
2020-02-04,400.49310302734375,436.0196533203125,436.0196533203125,398.19146728515625,400.18243408203125,18182
2020-02-05,400.49310302734375,436.0196533203125,436.0196533203125,436.0196533203125,436.0196533203125,0
2020-02-06,400.49310302734375,436.0196533203125,436.0196533203125,436.0196533203125,436.0196533203125,401
2020-02-07,407.80804443359375,443.9834899902344,443.9834899902344,443.9834899902344,443.9834899902344,100
2020-02-10,407.80804443359375,443.9834899902344,443.9834899902344,443.9834899902344,443.9834899902344,0
2020-02-11,405.97930908203125,441.9925231933594,441.9925231933594,441.9925231933594,441.9925231933594,77349
2020-02-12,369.40460205078125,402.1733703613281,402.1733703613281,402.1733703613281,402.1733703613281,100
2020-02-13,384.0344543457031,418.1010437011719,443.9834899902344,388.2366638183594,388.2366638183594,5126679
2020-02-14,402.32183837890625,438.0106201171875,443.9834899902344,438.0106201171875,443.9834899902344,596195
2020-02-17,402.32183837890625,438.0106201171875,438.0106201171875,438.0106201171875,438.0106201171875,336521
2020-02-18,398.6643371582031,434.0286865234375,438.0106201171875,434.0286865234375,438.0106201171875,200
2020-02-19,402.32183837890625,438.0106201171875,438.0106201171875,434.0286865234375,434.0286865234375,1004541
2020-02-20,405.97930908203125,441.9925231933594,443.9834899902344,424.07391357421875,443.9834899902344,301
2020-02-21,405.97930908203125,441.9925231933594,441.9925231933594,441.9925231933594,441.9925231933594,0
2020-02-24,393.17816162109375,428.0558166503906,441.9925231933594,428.0558166503906,441.9925231933594,94627
2020-02-25,393.17816162109375,428.0558166503906,428.0558166503906,428.0558166503906,428.0558166503906,0
2020-02-26,393.17816162109375,428.0558166503906,428.0558166503906,428.0558166503906,428.0558166503906,0
2020-02-27,393.17816162109375,428.0558166503906,428.0558166503906,428.0558166503906,428.0558166503906,0
2020-02-28,391.34942626953125,426.06488037109375,426.06488037109375,426.06488037109375,426.06488037109375,200908
2020-03-02,391.34942626953125,426.06488037109375,426.06488037109375,426.06488037109375,426.06488037109375,100755
2020-03-03,393.17816162109375,428.0558166503906,428.0558166503906,428.0558166503906,428.0558166503906,111604
2020-03-04,393.17816162109375,428.0558166503906,428.0558166503906,428.0558166503906,428.0558166503906,131092
2020-03-05,391.34942626953125,426.06488037109375,428.0558166503906,424.07391357421875,426.06488037109375,1297667
2020-03-06,391.34942626953125,426.06488037109375,426.06488037109375,420.09197998046875,424.07391357421875,1637403
2020-03-09,371.2333068847656,404.1643371582031,424.07391357421875,402.1733703613281,424.07391357421875,5143756
2020-03-10,373.06207275390625,406.1553039550781,406.1553039550781,404.1643371582031,404.1643371582031,1627659
2020-03-11,373.06207275390625,406.1553039550781,408.146240234375,402.1733703613281,408.146240234375,1206052
2020-03-12,389.52069091796875,424.07391357421875,426.06488037109375,366.3361511230469,406.1553039550781,5791987
2020-03-13,384.0344543457031,418.1010437011719,418.1010437011719,396.20050048828125,398.19146728515625,1368186
2020-03-16,378.5482482910156,412.128173828125,412.128173828125,404.1643371582031,412.128173828125,2166897
2020-03-17,360.26092529296875,392.2185974121094,418.1010437011719,392.2185974121094,416.1100769042969,130992
2020-03-18,365.74713134765625,398.19146728515625,418.1010437011719,398.19146728515625,412.128173828125,121650
2020-03-19,356.6034240722656,388.2366638183594,388.2366638183594,388.2366638183594,388.2366638183594,2712
2020-03-20,356.6034240722656,388.2366638183594,388.2366638183594,388.2366638183594,388.2366638183594,28629
2020-03-23,356.6034240722656,388.2366638183594,392.2185974121094,388.2366638183594,392.2185974121094,1462010
2020-03-24,347.45977783203125,378.2818908691406,386.2457275390625,378.2818908691406,386.2457275390625,175292
2020-03-26,345.6310119628906,376.2909240722656,378.2818908691406,374.29998779296875,378.2818908691406,3035524
2020-03-27,345.6310119628906,376.2909240722656,378.2818908691406,376.2909240722656,378.2818908691406,1908
2020-03-30,332.829833984375,362.3542175292969,396.20050048828125,358.372314453125,396.20050048828125,2111747
2020-03-31,345.6310119628906,376.2909240722656,376.2909240722656,362.3542175292969,362.3542175292969,1044924
2020-04-01,334.65863037109375,364.3451843261719,364.3451843261719,364.3451843261719,364.3451843261719,5022
2020-04-02,320.0286865234375,348.41754150390625,364.3451843261719,348.41754150390625,364.3451843261719,2216823
2020-04-03,320.0286865234375,348.41754150390625,348.41754150390625,348.41754150390625,348.41754150390625,1004541
2020-04-06,318.2000427246094,346.42657470703125,348.41754150390625,346.42657470703125,346.42657470703125,1208966
2020-04-07,320.0286865234375,348.41754150390625,348.41754150390625,328.5079650878906,348.41754150390625,452043
2020-04-08,320.0286865234375,348.41754150390625,348.41754150390625,348.41754150390625,348.41754150390625,0
2020-04-09,338.3161315917969,368.3271179199219,368.3271179199219,348.41754150390625,348.41754150390625,100554
2020-04-13,338.3161315917969,368.3271179199219,368.3271179199219,368.3271179199219,368.3271179199219,0
2020-04-14,338.3161315917969,368.3271179199219,368.3271179199219,368.3271179199219,368.3271179199219,602
2020-04-15,320.0286865234375,348.41754150390625,348.41754150390625,346.42657470703125,346.42657470703125,15168
2020-04-16,320.0286865234375,348.41754150390625,348.41754150390625,348.41754150390625,348.41754150390625,100454
2020-04-17,320.0286865234375,348.41754150390625,348.41754150390625,348.41754150390625,348.41754150390625,100
2020-04-20,320.0286865234375,348.41754150390625,348.41754150390625,348.41754150390625,348.41754150390625,0
2020-04-21,320.0286865234375,348.41754150390625,348.41754150390625,348.41754150390625,348.41754150390625,200
2020-04-22,320.0286865234375,348.41754150390625,348.41754150390625,328.5079650878906,328.5079650878906,1707
2020-04-23,320.0286865234375,348.41754150390625,348.41754150390625,348.41754150390625,348.41754150390625,0
2020-04-24,320.0286865234375,348.41754150390625,348.41754150390625,348.41754150390625,348.41754150390625,0
2020-04-27,320.0286865234375,348.41754150390625,348.41754150390625,348.41754150390625,348.41754150390625,0
2020-04-28,320.0286865234375,348.41754150390625,348.41754150390625,348.41754150390625,348.41754150390625,317435
2020-04-29,318.2000427246094,346.42657470703125,346.42657470703125,346.42657470703125,346.42657470703125,1307210
2020-04-30,318.2000427246094,346.42657470703125,346.42657470703125,338.4627380371094,346.42657470703125,10246
2020-05-04,318.2000427246094,346.42657470703125,346.42657470703125,346.42657470703125,346.42657470703125,0
2020-05-05,309.0563049316406,336.4717712402344,336.4717712402344,336.4717712402344,336.4717712402344,200
2020-05-06,309.0563049316406,336.4717712402344,336.4717712402344,336.4717712402344,336.4717712402344,0
2020-05-08,309.0563049316406,336.4717712402344,336.4717712402344,336.4717712402344,336.4717712402344,0
2020-05-11,320.0286865234375,348.41754150390625,348.41754150390625,348.41754150390625,348.41754150390625,251135
2020-05-12,336.4873352050781,366.3361511230469,366.3361511230469,348.41754150390625,348.41754150390625,50327
2020-05-13,320.0286865234375,348.41754150390625,368.3271179199219,348.41754150390625,348.41754150390625,20894
2020-05-14,320.0286865234375,348.41754150390625,348.41754150390625,348.41754150390625,348.41754150390625,0
2020-05-15,320.0286865234375,348.41754150390625,348.41754150390625,348.41754150390625,348.41754150390625,100454
2020-05-18,320.0286865234375,348.41754150390625,348.41754150390625,348.41754150390625,348.41754150390625,0
2020-05-19,320.0286865234375,348.41754150390625,348.41754150390625,348.41754150390625,348.41754150390625,82774
2020-05-20,320.0286865234375,348.41754150390625,348.41754150390625,348.41754150390625,348.41754150390625,200908
2020-05-26,320.0286865234375,348.41754150390625,348.41754150390625,348.41754150390625,348.41754150390625,52437
2020-05-27,320.0286865234375,348.41754150390625,348.41754150390625,348.41754150390625,348.41754150390625,369269
2020-05-28,320.0286865234375,348.41754150390625,348.41754150390625,348.41754150390625,348.41754150390625,0
2020-05-29,320.0286865234375,348.41754150390625,348.41754150390625,346.42657470703125,346.42657470703125,502873
2020-06-02,320.0286865234375,348.41754150390625,348.41754150390625,328.5079650878906,328.5079650878906,401
2020-06-03,320.0286865234375,348.41754150390625,348.41754150390625,348.41754150390625,348.41754150390625,100
2020-06-04,320.0286865234375,348.41754150390625,348.41754150390625,348.41754150390625,348.41754150390625,2511
2020-06-05,320.0286865234375,348.41754150390625,348.41754150390625,348.41754150390625,348.41754150390625,0
2020-06-08,320.0286865234375,348.41754150390625,348.41754150390625,348.41754150390625,348.41754150390625,10045
2020-06-09,320.0286865234375,348.41754150390625,348.41754150390625,348.41754150390625,348.41754150390625,502
2020-06-10,334.65863037109375,364.3451843261719,364.3451843261719,348.41754150390625,348.41754150390625,41186
2020-06-11,336.4873352050781,366.3361511230469,368.3271179199219,366.3361511230469,366.3361511230469,1205
2020-06-12,336.4873352050781,366.3361511230469,366.3361511230469,348.41754150390625,348.41754150390625,1205
2020-06-15,336.4873352050781,366.3361511230469,366.3361511230469,366.3361511230469,366.3361511230469,0
2020-06-16,336.4873352050781,366.3361511230469,366.3361511230469,366.3361511230469,366.3361511230469,1104
2020-06-17,320.0286865234375,348.41754150390625,366.3361511230469,348.41754150390625,366.3361511230469,200
2020-06-18,347.45977783203125,378.2818908691406,378.2818908691406,378.2818908691406,378.2818908691406,100
2020-06-19,347.45977783203125,378.2818908691406,378.2818908691406,378.2818908691406,378.2818908691406,0
2020-06-22,347.45977783203125,378.2818908691406,378.2818908691406,378.2818908691406,378.2818908691406,0
2020-06-23,329.1723937988281,358.372314453125,358.372314453125,352.3994445800781,358.372314453125,207538
2020-06-24,332.829833984375,362.3542175292969,362.3542175292969,362.3542175292969,362.3542175292969,200
2020-06-25,321.8574523925781,350.4084777832031,350.4084777832031,348.41754150390625,348.41754150390625,401
2020-06-26,320.0286865234375,348.41754150390625,348.41754150390625,348.41754150390625,348.41754150390625,100
2020-06-29,320.0286865234375,348.41754150390625,348.41754150390625,348.41754150390625,348.41754150390625,0
2020-06-30,320.0286865234375,348.41754150390625,348.41754150390625,348.41754150390625,348.41754150390625,0
2020-07-01,320.0286865234375,348.41754150390625,348.41754150390625,348.41754150390625,348.41754150390625,37268
2020-07-02,316.37127685546875,344.43560791015625,344.43560791015625,344.43560791015625,344.43560791015625,100
2020-07-03,316.37127685546875,344.43560791015625,344.43560791015625,344.43560791015625,344.43560791015625,0
2020-07-06,316.37127685546875,344.43560791015625,344.43560791015625,344.43560791015625,344.43560791015625,0
2020-07-07,320.0286865234375,348.41754150390625,348.41754150390625,348.41754150390625,348.41754150390625,20492
2020-07-08,320.0286865234375,348.41754150390625,348.41754150390625,348.41754150390625,348.41754150390625,0
2020-07-09,320.0286865234375,348.41754150390625,348.41754150390625,348.41754150390625,348.41754150390625,0
2020-07-10,320.0286865234375,348.41754150390625,348.41754150390625,348.41754150390625,348.41754150390625,0
2020-07-13,310.88507080078125,338.4627380371094,348.41754150390625,338.4627380371094,348.41754150390625,54847
2020-07-14,307.22760009765625,334.4808349609375,340.4537048339844,334.4808349609375,340.4537048339844,12757
2020-07-15,307.22760009765625,334.4808349609375,334.4808349609375,334.4808349609375,334.4808349609375,0
2020-07-16,307.22760009765625,334.4808349609375,334.4808349609375,334.4808349609375,334.4808349609375,0
2020-07-17,310.88507080078125,338.4627380371094,338.4627380371094,330.4989013671875,334.4808349609375,10346
2020-07-20,294.4264221191406,320.54412841796875,328.5079650878906,320.54412841796875,328.5079650878906,48017
2020-07-21,296.2551574707031,322.53509521484375,324.5260314941406,302.6255187988281,322.53509521484375,43898
2020-07-22,296.2551574707031,322.53509521484375,338.4627380371094,322.53509521484375,338.4627380371094,24812
2020-07-23,303.57012939453125,330.4989013671875,330.4989013671875,328.5079650878906,328.5079650878906,1104
2020-07-24,305.3988342285156,332.4898681640625,332.4898681640625,310.58935546875,310.58935546875,111905
2020-07-27,301.7413330078125,328.5079650878906,334.4808349609375,326.5169982910156,326.5169982910156,252340
2020-07-28,290.7689514160156,316.5622253417969,316.5622253417969,316.5622253417969,316.5622253417969,703
2020-07-29,296.2551574707031,322.53509521484375,322.53509521484375,316.5622253417969,316.5622253417969,1205
2020-07-30,301.7413330078125,328.5079650878906,330.4989013671875,326.5169982910156,330.4989013671875,152087
2020-08-03,281.62530517578125,306.607421875,328.5079650878906,306.607421875,318.55316162109375,201611
2020-08-04,301.7413330078125,328.5079650878906,328.5079650878906,310.58935546875,310.58935546875,9241
2020-08-05,283.45404052734375,308.598388671875,332.4898681640625,308.598388671875,330.4989013671875,971191
2020-08-06,292.5976867675781,318.55316162109375,318.55316162109375,308.598388671875,310.58935546875,53240
2020-08-07,276.1390686035156,300.6345520019531,320.54412841796875,298.6435852050781,320.54412841796875,331800
2020-08-10,276.1390686035156,300.6345520019531,300.6345520019531,300.6345520019531,300.6345520019531,100
2020-08-11,283.45404052734375,308.598388671875,308.598388671875,308.598388671875,308.598388671875,1004
2020-08-12,272.4815979003906,296.65264892578125,302.6255187988281,296.65264892578125,296.65264892578125,7032898
2020-08-13,283.45404052734375,308.598388671875,318.55316162109375,298.6435852050781,310.58935546875,1348798
2020-08-14,283.45404052734375,308.598388671875,310.58935546875,298.6435852050781,310.58935546875,186945
2020-08-18,283.45404052734375,308.598388671875,308.598388671875,308.598388671875,308.598388671875,859486
2020-08-19,283.45404052734375,308.598388671875,308.598388671875,306.607421875,308.598388671875,354000
2020-08-24,292.5976867675781,318.55316162109375,318.55316162109375,308.598388671875,308.598388671875,72527
2020-08-25,285.2827453613281,310.58935546875,318.55316162109375,308.598388671875,318.55316162109375,803
2020-08-26,277.9678039550781,302.6255187988281,326.5169982910156,300.6345520019531,326.5169982910156,51131
2020-08-27,287.11151123046875,312.5802917480469,318.55316162109375,308.598388671875,308.598388671875,9241
2020-08-28,292.5976867675781,318.55316162109375,318.55316162109375,312.5802917480469,312.5802917480469,2611
2020-08-31,285.2367858886719,308.598388671875,312.5802917480469,308.598388671875,312.5802917480469,602
2020-09-01,303.63909912109375,328.5079650878906,328.5079650878906,302.6255187988281,308.598388671875,2016517
2020-09-02,285.2367858886719,308.598388671875,328.5079650878906,308.598388671875,328.5079650878906,2410
2020-09-03,303.63909912109375,328.5079650878906,328.5079650878906,312.5802917480469,312.5802917480469,236870
2020-09-04,303.63909912109375,328.5079650878906,328.5079650878906,326.5169982910156,328.5079650878906,78655
2020-09-07,296.2781677246094,320.54412841796875,328.5079650878906,316.5622253417969,318.55316162109375,34254
2020-09-08,294.43792724609375,318.55316162109375,320.54412841796875,318.55316162109375,320.54412841796875,41688
2020-09-09,303.63909912109375,328.5079650878906,328.5079650878906,316.5622253417969,316.5622253417969,346366
2020-09-10,285.2367858886719,308.598388671875,328.5079650878906,308.598388671875,328.5079650878906,1305
2020-09-11,301.79888916015625,326.5169982910156,328.5079650878906,320.54412841796875,326.5169982910156,196789
2020-09-14,288.917236328125,312.5802917480469,324.5260314941406,312.5802917480469,324.5260314941406,28328
2020-09-15,287.0769958496094,310.58935546875,312.5802917480469,310.58935546875,312.5802917480469,2009
2020-09-16,287.0769958496094,310.58935546875,310.58935546875,310.58935546875,310.58935546875,803
2020-09-17,296.2781677246094,320.54412841796875,324.5260314941406,320.54412841796875,320.54412841796875,1640215
2020-09-18,290.7574768066406,314.5712585449219,320.54412841796875,308.598388671875,308.598388671875,1104
2020-09-21,294.43792724609375,318.55316162109375,322.53509521484375,312.5802917480469,322.53509521484375,5324
2020-09-22,285.2367858886719,308.598388671875,308.598388671875,308.598388671875,308.598388671875,502
2020-09-23,299.9585876464844,324.5260314941406,338.4627380371094,324.5260314941406,338.4627380371094,1506
2020-09-24,287.0769958496094,310.58935546875,310.58935546875,308.598388671875,308.598388671875,2209
2020-09-25,279.716064453125,302.6255187988281,312.5802917480469,302.6255187988281,312.5802917480469,27624
2020-09-28,281.5562744140625,304.616455078125,314.5712585449219,302.6255187988281,314.5712585449219,2109
2020-09-29,281.5562744140625,304.616455078125,304.616455078125,304.616455078125,304.616455078125,3716
2020-09-30,281.5562744140625,304.616455078125,304.616455078125,304.616455078125,304.616455078125,703
2020-10-01,281.5562744140625,304.616455078125,304.616455078125,304.616455078125,304.616455078125,0
2020-10-02,283.3965148925781,306.607421875,308.598388671875,302.6255187988281,308.598388671875,7032797
2020-10-05,283.3965148925781,306.607421875,306.607421875,298.6435852050781,298.6435852050781,12657
2020-10-06,276.0355529785156,298.6435852050781,306.607421875,298.6435852050781,306.607421875,10103581
2020-10-07,279.716064453125,302.6255187988281,310.58935546875,302.6255187988281,302.6255187988281,3214
2020-10-08,279.716064453125,302.6255187988281,314.5712585449219,300.6345520019531,302.6255187988281,253646
2020-10-09,281.5562744140625,304.616455078125,312.5802917480469,304.616455078125,304.616455078125,4721
2020-10-12,287.0769958496094,310.58935546875,316.5622253417969,304.616455078125,304.616455078125,213866
2020-10-13,292.59771728515625,316.5622253417969,316.5622253417969,310.58935546875,310.58935546875,109394
2020-10-14,292.59771728515625,316.5622253417969,318.55316162109375,298.6435852050781,310.58935546875,145558
2020-10-15,290.7574768066406,314.5712585449219,314.5712585449219,314.5712585449219,314.5712585449219,200
2020-10-16,281.5562744140625,304.616455078125,308.598388671875,304.616455078125,306.607421875,9342
2020-10-19,288.917236328125,312.5802917480469,312.5802917480469,304.616455078125,304.616455078125,17378
2020-10-20,287.0769958496094,310.58935546875,318.55316162109375,310.58935546875,312.5802917480469,15972
2020-10-21,290.7574768066406,314.5712585449219,314.5712585449219,304.616455078125,304.616455078125,118134
2020-10-22,285.2367858886719,308.598388671875,308.598388671875,308.598388671875,308.598388671875,904
2020-10-23,294.43792724609375,318.55316162109375,318.55316162109375,308.598388671875,308.598388671875,5022
2020-10-26,294.43792724609375,318.55316162109375,318.55316162109375,318.55316162109375,318.55316162109375,32948
2020-10-27,294.43792724609375,318.55316162109375,318.55316162109375,306.607421875,306.607421875,71422
2020-11-02,312.8403015136719,338.4627380371094,338.4627380371094,336.4717712402344,338.4627380371094,1205
2020-11-03,292.59771728515625,316.5622253417969,338.4627380371094,316.5622253417969,338.4627380371094,54245
2020-11-04,292.59771728515625,316.5622253417969,316.5622253417969,316.5622253417969,316.5622253417969,0
2020-11-05,307.3196105957031,332.4898681640625,332.4898681640625,316.5622253417969,316.5622253417969,1104
2020-11-06,368.0474548339844,398.19146728515625,398.19146728515625,332.4898681640625,332.4898681640625,99951
2020-11-09,368.0474548339844,398.19146728515625,398.19146728515625,398.19146728515625,398.19146728515625,5022
2020-11-10,342.2840881347656,370.31805419921875,398.19146728515625,370.31805419921875,398.19146728515625,3093687
2020-11-11,351.48529052734375,380.2728576660156,380.2728576660156,350.4084777832031,370.31805419921875,10547
2020-11-12,360.68646240234375,390.2276306152344,394.2095642089844,380.2728576660156,380.2728576660156,15269
2020-11-13,364.366943359375,394.2095642089844,396.20050048828125,390.2276306152344,390.2276306152344,5324
2020-11-16,358.8462219238281,388.2366638183594,398.19146728515625,382.2637939453125,398.19146728515625,8036
2020-11-17,364.366943359375,394.2095642089844,394.2095642089844,378.2818908691406,386.2457275390625,46008
2020-11-18,358.8462219238281,388.2366638183594,392.2185974121094,388.2366638183594,392.2185974121094,139329
2020-11-19,358.8462219238281,388.2366638183594,390.2276306152344,388.2366638183594,390.2276306152344,10648
2020-11-20,357.0060119628906,386.2457275390625,398.19146728515625,384.2547607421875,390.2276306152344,6931
2020-11-23,353.32550048828125,382.2637939453125,398.19146728515625,382.2637939453125,386.2457275390625,7835
2020-11-24,368.0474548339844,398.19146728515625,402.1733703613281,398.19146728515625,398.19146728515625,15168
2020-11-25,355.165771484375,384.2547607421875,398.19146728515625,384.2547607421875,398.19146728515625,502
2020-11-26,340.44390869140625,368.3271179199219,382.2637939453125,368.3271179199219,382.2637939453125,143850
2020-11-27,342.2840881347656,370.31805419921875,370.31805419921875,368.3271179199219,368.3271179199219,101760
2020-11-30,318.36102294921875,344.43560791015625,372.30902099609375,344.43560791015625,372.30902099609375,17981
2020-12-01,336.763427734375,364.3451843261719,364.3451843261719,348.41754150390625,348.41754150390625,16374
2020-12-02,342.2840881347656,370.31805419921875,374.29998779296875,350.4084777832031,354.3904113769531,4018
2020-12-03,329.40240478515625,356.38134765625,368.3271179199219,356.38134765625,368.3271179199219,1406
2020-12-04,329.40240478515625,356.38134765625,356.38134765625,356.38134765625,356.38134765625,1607
2020-12-07,347.8047790527344,376.2909240722656,378.2818908691406,360.36328125,360.36328125,15670
2020-12-08,353.32550048828125,382.2637939453125,382.2637939453125,368.3271179199219,370.31805419921875,8136
2020-12-10,342.2840881347656,370.31805419921875,382.2637939453125,370.31805419921875,382.2637939453125,1004
2020-12-11,375.40838623046875,406.1553039550781,406.1553039550781,372.30902099609375,384.2547607421875,44903
2020-12-14,368.0474548339844,398.19146728515625,418.1010437011719,398.19146728515625,406.1553039550781,572387
2020-12-15,347.8047790527344,376.2909240722656,398.19146728515625,376.2909240722656,398.19146728515625,28227
2020-12-16,327.56219482421875,354.3904113769531,378.2818908691406,354.3904113769531,378.2818908691406,831459
2020-12-17,329.40240478515625,356.38134765625,356.38134765625,354.3904113769531,354.3904113769531,1707
2020-12-18,340.44390869140625,368.3271179199219,376.2909240722656,356.38134765625,356.38134765625,4721
2020-12-21,349.6450500488281,378.2818908691406,378.2818908691406,368.3271179199219,368.3271179199219,27423
2020-12-22,331.24267578125,358.372314453125,378.2818908691406,358.372314453125,378.2818908691406,12657
2020-12-23,331.24267578125,358.372314453125,358.372314453125,358.372314453125,358.372314453125,602
2020-12-28,340.44390869140625,368.3271179199219,378.2818908691406,358.372314453125,358.372314453125,56254
2020-12-29,353.32550048828125,382.2637939453125,384.2547607421875,382.2637939453125,384.2547607421875,13862
2020-12-30,355.165771484375,384.2547607421875,384.2547607421875,368.3271179199219,382.2637939453125,15670
2021-01-04,355.165771484375,384.2547607421875,386.2457275390625,370.31805419921875,384.2547607421875,63888
2021-01-05,342.2840881347656,370.31805419921875,384.2547607421875,370.31805419921875,384.2547607421875,70719
2021-01-06,320.2012939453125,346.42657470703125,370.31805419921875,346.42657470703125,362.3542175292969,175694
2021-01-07,327.56219482421875,354.3904113769531,368.3271179199219,354.3904113769531,358.372314453125,26318
2021-01-08,329.40240478515625,356.38134765625,356.38134765625,354.3904113769531,356.38134765625,7232
2021-01-11,338.6036376953125,366.3361511230469,368.3271179199219,356.38134765625,356.38134765625,1506
2021-01-12,338.6036376953125,366.3361511230469,370.31805419921875,366.3361511230469,368.3271179199219,37871
2021-01-13,349.6450500488281,378.2818908691406,378.2818908691406,368.3271179199219,368.3271179199219,31944
2021-01-14,349.6450500488281,378.2818908691406,378.2818908691406,378.2818908691406,378.2818908691406,14766
2021-01-15,349.6450500488281,378.2818908691406,378.2818908691406,376.2909240722656,378.2818908691406,4620
2021-01-18,349.6450500488281,378.2818908691406,378.2818908691406,378.2818908691406,378.2818908691406,6328
2021-01-19,349.6450500488281,378.2818908691406,378.2818908691406,378.2818908691406,378.2818908691406,40282
2021-01-20,357.0060119628906,386.2457275390625,394.2095642089844,378.2818908691406,388.2366638183594,45706
2021-01-21,351.48529052734375,380.2728576660156,386.2457275390625,378.2818908691406,386.2457275390625,3214
2021-01-22,349.6450500488281,378.2818908691406,380.2728576660156,378.2818908691406,380.2728576660156,5424
2021-01-25,349.6450500488281,378.2818908691406,378.2818908691406,378.2818908691406,378.2818908691406,2812
2021-01-26,349.6450500488281,378.2818908691406,378.2818908691406,378.2818908691406,378.2818908691406,1104
2021-01-27,355.165771484375,384.2547607421875,386.2457275390625,368.3271179199219,368.3271179199219,233455
2021-01-28,349.6450500488281,378.2818908691406,384.2547607421875,374.29998779296875,384.2547607421875,105175
2021-01-29,340.44390869140625,368.3271179199219,368.3271179199219,368.3271179199219,368.3271179199219,200
2021-02-01,340.44390869140625,368.3271179199219,368.3271179199219,368.3271179199219,368.3271179199219,0
2021-02-02,340.44390869140625,368.3271179199219,372.30902099609375,368.3271179199219,372.30902099609375,502
2021-02-03,342.2840881347656,370.31805419921875,370.31805419921875,370.31805419921875,370.31805419921875,69815
2021-02-04,345.964599609375,374.29998779296875,386.2457275390625,374.29998779296875,386.2457275390625,31241
2021-02-05,345.964599609375,374.29998779296875,374.29998779296875,374.29998779296875,374.29998779296875,1104
2021-02-08,340.44390869140625,368.3271179199219,374.29998779296875,368.3271179199219,374.29998779296875,1205
2021-02-09,340.44390869140625,368.3271179199219,368.3271179199219,368.3271179199219,368.3271179199219,200
2021-02-10,342.2840881347656,370.31805419921875,370.31805419921875,370.31805419921875,370.31805419921875,200
2021-02-11,349.6450500488281,378.2818908691406,382.2637939453125,378.2818908691406,378.2818908691406,13762
2021-02-15,368.0474548339844,398.19146728515625,398.19146728515625,378.2818908691406,378.2818908691406,24109
2021-02-16,375.40838623046875,406.1553039550781,412.128173828125,398.19146728515625,398.19146728515625,82673
2021-02-17,358.8462219238281,388.2366638183594,406.1553039550781,386.2457275390625,406.1553039550781,17679
2021-02-18,358.8462219238281,388.2366638183594,406.1553039550781,378.2818908691406,388.2366638183594,4219
2021-02-19,351.48529052734375,380.2728576660156,380.2728576660156,380.2728576660156,380.2728576660156,5022
2021-02-22,360.68646240234375,390.2276306152344,390.2276306152344,388.2366638183594,388.2366638183594,803
2021-02-23,377.2485656738281,408.146240234375,414.1191101074219,408.146240234375,410.13720703125,17981
2021-02-24,368.0474548339844,398.19146728515625,408.146240234375,388.2366638183594,408.146240234375,9744
2021-02-25,368.0474548339844,398.19146728515625,398.19146728515625,386.2457275390625,398.19146728515625,1908
2021-02-26,360.68646240234375,390.2276306152344,400.18243408203125,390.2276306152344,398.19146728515625,3716
2021-03-01,357.0060119628906,386.2457275390625,388.2366638183594,386.2457275390625,386.2457275390625,1707
2021-03-02,368.0474548339844,398.19146728515625,398.19146728515625,386.2457275390625,386.2457275390625,6127
2021-03-03,369.8876953125,400.18243408203125,400.18243408203125,398.19146728515625,398.19146728515625,10145
2021-03-04,362.5267333984375,392.2185974121094,398.19146728515625,392.2185974121094,398.19146728515625,2109
2021-03-05,375.40838623046875,406.1553039550781,406.1553039550781,406.1553039550781,406.1553039550781,10346
2021-03-08,368.0474548339844,398.19146728515625,398.19146728515625,398.19146728515625,398.19146728515625,703
2021-03-09,368.0474548339844,398.19146728515625,398.19146728515625,398.19146728515625,398.19146728515625,200
2021-03-10,368.0474548339844,398.19146728515625,398.19146728515625,398.19146728515625,398.19146728515625,2913
2021-03-12,366.2071838378906,396.20050048828125,398.19146728515625,396.20050048828125,398.19146728515625,10145
2021-03-15,369.8876953125,400.18243408203125,406.1553039550781,392.2185974121094,392.2185974121094,262185
2021-03-16,368.0474548339844,398.19146728515625,398.19146728515625,398.19146728515625,398.19146728515625,200
2021-03-17,368.0474548339844,398.19146728515625,398.19146728515625,398.19146728515625,398.19146728515625,1004
2021-03-18,368.0474548339844,398.19146728515625,398.19146728515625,398.19146728515625,398.19146728515625,803
2021-03-19,368.0474548339844,398.19146728515625,398.19146728515625,398.19146728515625,398.19146728515625,1205
2021-03-22,371.7279052734375,402.1733703613281,402.1733703613281,402.1733703613281,402.1733703613281,2109
2021-03-23,369.8876953125,400.18243408203125,402.1733703613281,400.18243408203125,402.1733703613281,3415
2021-03-24,369.8876953125,400.18243408203125,400.18243408203125,400.18243408203125,400.18243408203125,1004
2021-03-25,369.8876953125,400.18243408203125,400.18243408203125,398.19146728515625,398.19146728515625,401
2021-03-26,369.8876953125,400.18243408203125,400.18243408203125,400.18243408203125,400.18243408203125,502
2021-03-29,384.60955810546875,416.1100769042969,416.1100769042969,398.19146728515625,400.18243408203125,9643
2021-03-30,386.4497985839844,418.1010437011719,426.06488037109375,416.1100769042969,416.1100769042969,52838
2021-03-31,369.8876953125,400.18243408203125,416.1100769042969,396.20050048828125,414.1191101074219,36665
2021-04-01,366.2071838378906,396.20050048828125,396.20050048828125,396.20050048828125,396.20050048828125,100
2021-04-05,366.2071838378906,396.20050048828125,396.20050048828125,396.20050048828125,396.20050048828125,1205
2021-04-06,366.2071838378906,396.20050048828125,396.20050048828125,394.2095642089844,394.2095642089844,4219
2021-04-07,366.2071838378906,396.20050048828125,398.19146728515625,396.20050048828125,398.19146728515625,904
2021-04-08,366.2071838378906,396.20050048828125,396.20050048828125,396.20050048828125,396.20050048828125,301
2021-04-09,368.0474548339844,398.19146728515625,398.19146728515625,398.19146728515625,398.19146728515625,703
2021-04-12,368.0474548339844,398.19146728515625,398.19146728515625,396.20050048828125,398.19146728515625,10748
2021-04-13,368.0474548339844,398.19146728515625,404.1643371582031,398.19146728515625,398.19146728515625,38775
2021-04-14,373.568115234375,404.1643371582031,404.1643371582031,400.18243408203125,400.18243408203125,211958
2021-04-15,373.568115234375,404.1643371582031,406.1553039550781,402.1733703613281,402.1733703613281,130389
2021-04-16,371.7279052734375,402.1733703613281,404.1643371582031,402.1733703613281,404.1643371582031,124261
2021-04-19,371.7279052734375,402.1733703613281,402.1733703613281,402.1733703613281,402.1733703613281,111303
2021-04-20,377.2485656738281,408.146240234375,424.07391357421875,400.18243408203125,400.18243408203125,597501
2021-04-21,369.8876953125,400.18243408203125,406.1553039550781,400.18243408203125,406.1553039550781,18684
2021-04-22,375.40838623046875,406.1553039550781,412.128173828125,398.19146728515625,398.19146728515625,34355
2021-04-23,373.568115234375,404.1643371582031,412.128173828125,404.1643371582031,408.146240234375,197894
2021-04-26,368.0474548339844,398.19146728515625,410.13720703125,398.19146728515625,404.1643371582031,72929
2021-04-27,382.7693176269531,414.1191101074219,416.1100769042969,398.19146728515625,400.18243408203125,377105
2021-04-28,384.60955810546875,416.1100769042969,416.1100769042969,396.20050048828125,414.1191101074219,202214
2021-04-29,373.568115234375,404.1643371582031,414.1191101074219,390.2276306152344,414.1191101074219,47514
2021-04-30,375.40838623046875,406.1553039550781,412.128173828125,402.1733703613281,412.128173828125,15570
2021-05-03,375.40838623046875,406.1553039550781,408.146240234375,400.18243408203125,406.1553039550781,8739
2021-05-04,377.2485656738281,408.146240234375,408.146240234375,404.1643371582031,406.1553039550781,1406
2021-05-05,377.2485656738281,408.146240234375,418.1010437011719,408.146240234375,408.146240234375,24109
2021-05-06,351.48529052734375,380.2728576660156,408.146240234375,380.2728576660156,408.146240234375,1527707
2021-05-07,338.6036376953125,366.3361511230469,382.2637939453125,362.3542175292969,380.2728576660156,210953
2021-05-10,355.165771484375,384.2547607421875,388.2366638183594,358.372314453125,366.3361511230469,113513
2021-05-11,338.6036376953125,366.3361511230469,380.2728576660156,366.3361511230469,380.2728576660156,566762
2021-05-17,331.24267578125,358.372314453125,366.3361511230469,352.3994445800781,366.3361511230469,619601
2021-05-18,320.2012939453125,346.42657470703125,358.372314453125,346.42657470703125,358.372314453125,138827
2021-05-19,320.2012939453125,346.42657470703125,346.42657470703125,344.43560791015625,346.42657470703125,28930
2021-05-20,331.24267578125,358.372314453125,358.372314453125,324.5260314941406,346.42657470703125,24912
2021-05-21,331.24267578125,358.372314453125,358.372314453125,348.41754150390625,358.372314453125,1437499
2021-05-24,329.40240478515625,356.38134765625,374.29998779296875,356.38134765625,374.29998779296875,2942504
2021-05-25,336.763427734375,364.3451843261719,366.3361511230469,348.41754150390625,348.41754150390625,331297
2021-05-27,336.763427734375,364.3451843261719,366.3361511230469,362.3542175292969,364.3451843261719,223209
2021-05-28,340.44390869140625,368.3271179199219,368.3271179199219,360.36328125,364.3451843261719,1401637
2021-05-31,338.6036376953125,366.3361511230469,398.19146728515625,350.4084777832031,368.3271179199219,4089389
2021-06-02,344.1243896484375,372.30902099609375,376.2909240722656,364.3451843261719,368.3271179199219,1016596
2021-06-03,345.964599609375,374.29998779296875,388.2366638183594,372.30902099609375,376.2909240722656,1768094
2021-06-04,349.6450500488281,378.2818908691406,380.2728576660156,374.29998779296875,378.2818908691406,519549
2021-06-07,357.0060119628906,386.2457275390625,410.13720703125,378.2818908691406,384.2547607421875,3646989
2021-06-08,351.48529052734375,380.2728576660156,388.2366638183594,380.2728576660156,386.2457275390625,928096
2021-06-09,347.8047790527344,376.2909240722656,380.2728576660156,372.30902099609375,380.2728576660156,66199
2021-06-10,357.0060119628906,386.2457275390625,386.2457275390625,376.2909240722656,376.2909240722656,137019
2021-06-11,364.366943359375,394.2095642089844,396.20050048828125,386.2457275390625,386.2457275390625,1114338
2021-06-14,377.2485656738281,408.146240234375,418.1010437011719,396.20050048828125,396.20050048828125,1137342
2021-06-15,379.0888671875,410.13720703125,412.128173828125,400.18243408203125,402.1733703613281,295636
2021-06-16,373.568115234375,404.1643371582031,410.13720703125,402.1733703613281,410.13720703125,80865
2021-06-17,377.2485656738281,408.146240234375,410.13720703125,404.1643371582031,404.1643371582031,14666
2021-06-18,373.568115234375,404.1643371582031,414.1191101074219,398.19146728515625,414.1191101074219,639993
2021-06-21,368.0474548339844,398.19146728515625,404.1643371582031,388.2366638183594,404.1643371582031,217282
2021-06-22,373.568115234375,404.1643371582031,408.146240234375,398.19146728515625,408.146240234375,1018404
2021-06-23,377.2485656738281,408.146240234375,408.146240234375,398.19146728515625,404.1643371582031,236670
2021-06-24,371.7279052734375,402.1733703613281,408.146240234375,400.18243408203125,408.146240234375,42291
2021-06-25,371.7279052734375,402.1733703613281,402.1733703613281,398.19146728515625,402.1733703613281,772693
2021-06-28,369.8876953125,400.18243408203125,400.18243408203125,400.18243408203125,400.18243408203125,4118
2021-06-29,371.7279052734375,402.1733703613281,402.1733703613281,400.18243408203125,400.18243408203125,13159
2021-06-30,373.568115234375,404.1643371582031,404.1643371582031,402.1733703613281,402.1733703613281,1607
2021-07-01,369.8876953125,400.18243408203125,424.07391357421875,400.18243408203125,408.146240234375,24109
2021-07-02,371.7279052734375,402.1733703613281,418.1010437011719,400.18243408203125,416.1100769042969,12054
2021-07-05,386.4497985839844,418.1010437011719,426.06488037109375,402.1733703613281,414.1191101074219,62582
2021-07-06,373.568115234375,404.1643371582031,422.08294677734375,398.19146728515625,422.08294677734375,19287
2021-07-07,368.0474548339844,398.19146728515625,406.1553039550781,396.20050048828125,396.20050048828125,29031
2021-07-08,375.40838623046875,406.1553039550781,406.1553039550781,396.20050048828125,396.20050048828125,7433
2021-07-09,373.568115234375,404.1643371582031,406.1553039550781,396.20050048828125,406.1553039550781,2410
2021-07-12,373.568115234375,404.1643371582031,408.146240234375,404.1643371582031,408.146240234375,200
2021-07-13,364.366943359375,394.2095642089844,396.20050048828125,386.2457275390625,396.20050048828125,211355
2021-07-14,364.366943359375,394.2095642089844,394.2095642089844,394.2095642089844,394.2095642089844,11753
2021-07-15,371.7279052734375,402.1733703613281,402.1733703613281,392.2185974121094,398.19146728515625,19789
2021-07-16,373.568115234375,404.1643371582031,408.146240234375,398.19146728515625,404.1643371582031,221099
2021-07-19,362.5267333984375,392.2185974121094,404.1643371582031,390.2276306152344,404.1643371582031,266002
2021-07-21,358.8462219238281,388.2366638183594,392.2185974121094,388.2366638183594,392.2185974121094,4520
2021-07-22,366.2071838378906,396.20050048828125,410.13720703125,388.2366638183594,388.2366638183594,259171
2021-07-23,366.2071838378906,396.20050048828125,398.19146728515625,388.2366638183594,398.19146728515625,68710
2021-07-26,362.5267333984375,392.2185974121094,408.146240234375,390.2276306152344,390.2276306152344,2540486
2021-07-27,379.0888671875,410.13720703125,424.07391357421875,398.19146728515625,398.19146728515625,364045
2021-07-28,386.4497985839844,418.1010437011719,418.1010437011719,388.2366638183594,408.146240234375,52236
2021-07-29,382.7693176269531,414.1191101074219,418.1010437011719,414.1191101074219,416.1100769042969,12958
2021-07-30,384.60955810546875,416.1100769042969,416.1100769042969,398.19146728515625,412.128173828125,89605
2021-08-02,452.6983337402344,489.7755126953125,512.6715087890625,422.08294677734375,422.08294677734375,1120867
2021-08-03,454.5385437011719,491.7664489746094,495.7483825683594,455.9292297363281,489.7755126953125,243601
2021-08-04,426.93499755859375,461.902099609375,491.7664489746094,461.902099609375,491.7664489746094,64190
2021-08-05,469.260498046875,507.6941223144531,572.4002075195312,463.89306640625,463.89306640625,806144
2021-08-06,492.2633972167969,532.5810546875,562.4454345703125,507.6941223144531,507.6941223144531,204122
2021-08-09,524.4675903320312,567.4228515625,577.3776245117188,522.6262817382812,522.6262817382812,675353
2021-08-10,547.4705810546875,592.309814453125,592.309814453125,547.5132446289062,567.4228515625,379716
2021-08-12,552.0711059570312,597.2871704101562,597.2871704101562,557.4680786132812,592.309814453125,134508
2021-08-13,515.2664184570312,557.4680786132812,597.2871704101562,557.4680786132812,597.2871704101562,277052
2021-08-16,487.6628723144531,527.6036987304688,562.4454345703125,522.6262817382812,557.4680786132812,612469
2021-08-18,460.05926513671875,497.73931884765625,552.4906616210938,491.7664489746094,527.6036987304688,214971
2021-08-19,487.6628723144531,527.6036987304688,547.5132446289062,495.7483825683594,502.71673583984375,231546
2021-08-20,510.6657409667969,552.4906616210938,567.4228515625,512.6715087890625,527.6036987304688,161932
2021-08-23,501.464599609375,542.535888671875,562.4454345703125,517.64892578125,552.4906616210938,42291
2021-08-24,473.861083984375,512.6715087890625,552.4906616210938,507.6941223144531,542.535888671875,41788
2021-08-25,487.6628723144531,527.6036987304688,572.4002075195312,522.6262817382812,547.5132446289062,102262
2021-08-26,478.461669921875,517.64892578125,527.6036987304688,517.64892578125,527.6036987304688,144553
2021-08-27,487.6628723144531,527.6036987304688,527.6036987304688,487.7845458984375,517.64892578125,59167
2021-08-30,500.6424865722656,537.5584716796875,537.5584716796875,495.7483825683594,527.6036987304688,291819
2021-08-31,496.0068664550781,532.5810546875,542.535888671875,527.6036987304688,527.6036987304688,413670
2021-09-01,505.27801513671875,542.535888671875,542.535888671875,527.6036987304688,527.6036987304688,38875
2021-09-02,505.27801513671875,542.535888671875,542.535888671875,532.5810546875,532.5810546875,320649
2021-09-03,505.27801513671875,542.535888671875,547.5132446289062,537.5584716796875,542.535888671875,64089
2021-09-06,514.5491943359375,552.4906616210938,552.4906616210938,527.6036987304688,547.5132446289062,55450
2021-09-07,514.5491943359375,552.4906616210938,552.4906616210938,542.535888671875,552.4906616210938,75139
2021-09-08,514.5491943359375,552.4906616210938,562.4454345703125,552.4906616210938,552.4906616210938,35661
2021-09-09,509.9136657714844,547.5132446289062,557.4680786132812,547.5132446289062,557.4680786132812,102563
2021-09-10,509.9136657714844,547.5132446289062,562.4454345703125,547.5132446289062,562.4454345703125,221903
2021-09-13,509.9136657714844,547.5132446289062,547.5132446289062,547.5132446289062,547.5132446289062,100
2021-09-14,509.9136657714844,547.5132446289062,547.5132446289062,537.5584716796875,547.5132446289062,16273
2021-09-15,505.27801513671875,542.535888671875,547.5132446289062,542.535888671875,547.5132446289062,12757
2021-09-16,505.27801513671875,542.535888671875,547.5132446289062,522.6262817382812,522.6262817382812,16474
2021-09-17,509.9136657714844,547.5132446289062,552.4906616210938,542.535888671875,542.535888671875,83276
2021-09-20,509.9136657714844,547.5132446289062,552.4906616210938,547.5132446289062,552.4906616210938,15871
2021-09-21,509.9136657714844,547.5132446289062,547.5132446289062,547.5132446289062,547.5132446289062,2913
2021-09-22,514.5491943359375,552.4906616210938,552.4906616210938,527.6036987304688,547.5132446289062,1908
2021-09-23,509.9136657714844,547.5132446289062,552.4906616210938,537.5584716796875,552.4906616210938,11451
2021-09-24,505.27801513671875,542.535888671875,547.5132446289062,532.5810546875,547.5132446289062,18784
2021-09-27,505.27801513671875,542.535888671875,552.4906616210938,542.535888671875,542.535888671875,43697
2021-09-28,514.5491943359375,552.4906616210938,552.4906616210938,527.6036987304688,542.535888671875,11652
2021-09-29,505.27801513671875,542.535888671875,552.4906616210938,542.535888671875,547.5132446289062,14967
2021-09-30,509.9136657714844,547.5132446289062,547.5132446289062,532.5810546875,542.535888671875,24510
2021-10-01,509.9136657714844,547.5132446289062,547.5132446289062,532.5810546875,547.5132446289062,15369
2021-10-04,509.9136657714844,547.5132446289062,552.4906616210938,517.64892578125,547.5132446289062,91312
2021-10-05,486.7357177734375,522.6262817382812,552.4906616210938,522.6262817382812,532.5810546875,40483
2021-10-06,500.6424865722656,537.5584716796875,547.5132446289062,512.6715087890625,512.6715087890625,151585
2021-10-07,468.1934509277344,502.71673583984375,547.5132446289062,502.71673583984375,532.5810546875,106380
2021-10-08,463.5578308105469,497.73931884765625,502.71673583984375,493.7574157714844,502.71673583984375,205428
2021-10-11,496.0068664550781,532.5810546875,547.5132446289062,497.73931884765625,497.73931884765625,147165
2021-10-12,496.0068664550781,532.5810546875,547.5132446289062,495.7483825683594,502.71673583984375,314120
2021-10-13,496.0068664550781,532.5810546875,547.5132446289062,527.6036987304688,532.5810546875,74436
2021-10-14,491.3713684082031,527.6036987304688,547.5132446289062,522.6262817382812,537.5584716796875,158717
2021-10-15,491.3713684082031,527.6036987304688,537.5584716796875,522.6262817382812,537.5584716796875,149074
2021-10-18,514.5491943359375,552.4906616210938,552.4906616210938,532.5810546875,532.5810546875,302467
2021-10-19,523.8203735351562,562.4454345703125,562.4454345703125,552.4906616210938,552.4906616210938,129284
2021-10-21,523.8203735351562,562.4454345703125,567.4228515625,557.4680786132812,562.4454345703125,217181
2021-10-22,528.4559326171875,567.4228515625,567.4228515625,547.5132446289062,562.4454345703125,140234
2021-10-25,528.4559326171875,567.4228515625,567.4228515625,567.4228515625,567.4228515625,43195
2021-10-26,496.0068664550781,532.5810546875,572.4002075195312,532.5810546875,567.4228515625,164242
2021-10-27,509.9136657714844,547.5132446289062,547.5132446289062,522.6262817382812,532.5810546875,121650
2021-10-28,509.9136657714844,547.5132446289062,587.3323974609375,537.5584716796875,547.5132446289062,417186
2021-10-29,514.5491943359375,552.4906616210938,557.4680786132812,537.5584716796875,552.4906616210938,139731
2021-11-01,514.5491943359375,552.4906616210938,577.3776245117188,552.4906616210938,577.3776245117188,103769
2021-11-02,509.9136657714844,547.5132446289062,567.4228515625,542.535888671875,567.4228515625,27725
2021-11-03,509.9136657714844,547.5132446289062,562.4454345703125,537.5584716796875,547.5132446289062,111202
2021-11-04,514.5491943359375,552.4906616210938,557.4680786132812,542.535888671875,547.5132446289062,81669
2021-11-05,533.0914306640625,572.4002075195312,572.4002075195312,547.5132446289062,547.5132446289062,29734
2021-11-08,528.4559326171875,567.4228515625,572.4002075195312,557.4680786132812,572.4002075195312,59167
2021-11-09,500.6424865722656,537.5584716796875,567.4228515625,537.5584716796875,557.4680786132812,191666
2021-11-10,519.184814453125,557.4680786132812,567.4228515625,527.6036987304688,537.5584716796875,186141
2021-11-11,537.7271118164062,577.3776245117188,582.3550415039062,557.4680786132812,557.4680786132812,218789
2021-11-12,537.7271118164062,577.3776245117188,577.3776245117188,562.4454345703125,577.3776245117188,12556
2021-11-15,537.7271118164062,577.3776245117188,577.3776245117188,557.4680786132812,577.3776245117188,10547
2021-11-16,533.0914306640625,572.4002075195312,577.3776245117188,567.4228515625,577.3776245117188,91815
2021-11-17,537.7271118164062,577.3776245117188,577.3776245117188,547.5132446289062,572.4002075195312,155402
2021-11-18,537.7271118164062,577.3776245117188,577.3776245117188,562.4454345703125,562.4454345703125,116426
2021-11-19,537.7271118164062,577.3776245117188,582.3550415039062,572.4002075195312,577.3776245117188,231948
2021-11-22,537.7271118164062,577.3776245117188,592.309814453125,577.3776245117188,587.3323974609375,259171
2021-11-23,542.3627319335938,582.3550415039062,592.309814453125,577.3776245117188,577.3776245117188,372082
2021-11-24,537.7271118164062,577.3776245117188,592.309814453125,577.3776245117188,582.3550415039062,140836
2021-11-25,528.4559326171875,567.4228515625,587.3323974609375,557.4680786132812,587.3323974609375,290111
2021-11-26,509.9136657714844,547.5132446289062,587.3323974609375,547.5132446289062,587.3323974609375,373689
2021-11-29,486.7357177734375,522.6262817382812,547.5132446289062,512.6715087890625,547.5132446289062,515832
2021-11-30,496.0068664550781,532.5810546875,557.4680786132812,522.6262817382812,522.6262817382812,306887
2021-12-01,500.6424865722656,537.5584716796875,547.5132446289062,537.5584716796875,542.535888671875,150681
2021-12-02,509.9136657714844,547.5132446289062,562.4454345703125,532.5810546875,537.5584716796875,134106
2021-12-03,537.7271118164062,577.3776245117188,582.3550415039062,552.4906616210938,557.4680786132812,145156
2021-12-06,537.7271118164062,577.3776245117188,587.3323974609375,557.4680786132812,577.3776245117188,137019
2021-12-07,528.4559326171875,567.4228515625,577.3776245117188,547.5132446289062,577.3776245117188,109294
2021-12-08,528.4559326171875,567.4228515625,567.4228515625,542.535888671875,567.4228515625,281472
2021-12-09,533.0914306640625,572.4002075195312,577.3776245117188,537.5584716796875,537.5584716796875,39177
2021-12-10,523.8203735351562,562.4454345703125,582.3550415039062,562.4454345703125,572.4002075195312,101056
2021-12-13,533.0914306640625,572.4002075195312,587.3323974609375,547.5132446289062,582.3550415039062,147567
2021-12-14,514.5491943359375,552.4906616210938,572.4002075195312,547.5132446289062,572.4002075195312,91312
2021-12-15,514.5491943359375,552.4906616210938,567.4228515625,552.4906616210938,567.4228515625,16876
2021-12-16,523.8203735351562,562.4454345703125,582.3550415039062,547.5132446289062,567.4228515625,41286
2021-12-17,542.3627319335938,582.3550415039062,582.3550415039062,562.4454345703125,562.4454345703125,57158
2021-12-20,542.3627319335938,582.3550415039062,582.3550415039062,552.4906616210938,582.3550415039062,9744
2021-12-21,537.7271118164062,577.3776245117188,582.3550415039062,577.3776245117188,577.3776245117188,103970
2021-12-22,533.0914306640625,572.4002075195312,582.3550415039062,557.4680786132812,577.3776245117188,28729
2021-12-23,528.4559326171875,567.4228515625,572.4002075195312,552.4906616210938,557.4680786132812,67002
2021-12-24,528.4559326171875,567.4228515625,577.3776245117188,562.4454345703125,577.3776245117188,18081
2021-12-27,528.4559326171875,567.4228515625,572.4002075195312,532.5810546875,557.4680786132812,425423
2021-12-28,496.0068664550781,532.5810546875,577.3776245117188,532.5810546875,567.4228515625,750292
2021-12-29,461.7035827636719,495.7483825683594,567.4228515625,495.7483825683594,517.64892578125,1695666
2021-12-30,454.28668212890625,487.7845458984375,567.4228515625,487.7845458984375,512.6715087890625,1350506
2022-01-03,461.7035827636719,495.7483825683594,532.5810546875,487.7845458984375,487.7845458984375,1416604
2022-01-04,472.8290100097656,507.6941223144531,512.6715087890625,495.7483825683594,502.71673583984375,842107
2022-01-05,472.8290100097656,507.6941223144531,567.4228515625,502.71673583984375,507.6941223144531,204826
2022-01-06,468.1934509277344,502.71673583984375,517.64892578125,487.7845458984375,512.6715087890625,817094
2022-01-07,468.1934509277344,502.71673583984375,517.64892578125,502.71673583984375,507.6941223144531,526279
2022-01-10,509.9136657714844,547.5132446289062,562.4454345703125,497.73931884765625,517.64892578125,1035280
2022-01-11,496.0068664550781,532.5810546875,577.3776245117188,512.6715087890625,547.5132446289062,825331
2022-01-12,461.7035827636719,495.7483825683594,552.4906616210938,495.7483825683594,532.5810546875,2118277
2022-01-13,463.5578308105469,497.73931884765625,502.71673583984375,493.7574157714844,495.7483825683594,205227
2022-01-14,463.5578308105469,497.73931884765625,497.73931884765625,489.7755126953125,497.73931884765625,486198
2022-01-17,463.5578308105469,497.73931884765625,502.71673583984375,493.7574157714844,497.73931884765625,819907
2022-01-18,463.5578308105469,497.73931884765625,517.64892578125,491.7664489746094,507.6941223144531,268514
2022-01-19,463.5578308105469,497.73931884765625,512.6715087890625,495.7483825683594,497.73931884765625,1490740
2022-01-20,463.5578308105469,497.73931884765625,527.6036987304688,495.7483825683594,497.73931884765625,443203
2022-01-21,463.5578308105469,497.73931884765625,517.64892578125,487.7845458984375,507.6941223144531,859787
2022-01-24,461.7035827636719,495.7483825683594,497.73931884765625,493.7574157714844,497.73931884765625,392072
2022-01-25,461.7035827636719,495.7483825683594,507.6941223144531,489.7755126953125,507.6941223144531,399606
2022-01-26,463.5578308105469,497.73931884765625,497.73931884765625,495.7483825683594,495.7483825683594,766364
2022-01-27,459.8493957519531,493.7574157714844,522.6262817382812,487.7845458984375,495.7483825683594,689216
2022-01-28,468.1934509277344,502.71673583984375,517.64892578125,493.7574157714844,493.7574157714844,203017
2022-01-31,468.1934509277344,502.71673583984375,522.6262817382812,502.71673583984375,502.71673583984375,226825
2022-02-02,468.1934509277344,502.71673583984375,517.64892578125,502.71673583984375,517.64892578125,30939
2022-02-03,468.1934509277344,502.71673583984375,517.64892578125,502.71673583984375,517.64892578125,90911
2022-02-04,477.464599609375,512.6715087890625,517.64892578125,489.7755126953125,502.71673583984375,426729
2022-02-07,482.10015869140625,517.64892578125,517.64892578125,507.6941223144531,512.6715087890625,163539
2022-02-08,477.464599609375,512.6715087890625,512.6715087890625,497.73931884765625,507.6941223144531,104271
2022-02-09,491.3713684082031,527.6036987304688,537.5584716796875,502.71673583984375,512.6715087890625,81166
2022-02-10,472.8290100097656,507.6941223144531,542.535888671875,507.6941223144531,527.6036987304688,161329
2022-02-11,491.3713684082031,527.6036987304688,532.5810546875,507.6941223144531,532.5810546875,94728
2022-02-14,477.464599609375,512.6715087890625,527.6036987304688,507.6941223144531,512.6715087890625,327782
2022-02-15,482.10015869140625,517.64892578125,542.535888671875,512.6715087890625,527.6036987304688,39578
2022-02-16,486.7357177734375,522.6262817382812,532.5810546875,507.6941223144531,507.6941223144531,25917
2022-02-17,482.10015869140625,517.64892578125,537.5584716796875,507.6941223144531,537.5584716796875,172580
2022-02-18,486.7357177734375,522.6262817382812,527.6036987304688,512.6715087890625,517.64892578125,36766
2022-02-21,472.8290100097656,507.6941223144531,522.6262817382812,502.71673583984375,522.6262817382812,173986
2022-02-22,472.8290100097656,507.6941223144531,522.6262817382812,502.71673583984375,522.6262817382812,103266
2022-02-23,477.464599609375,512.6715087890625,522.6262817382812,502.71673583984375,517.64892578125,128279
2022-02-24,463.5578308105469,497.73931884765625,517.64892578125,491.7664489746094,517.64892578125,350384
2022-02-25,461.7035827636719,495.7483825683594,502.71673583984375,491.7664489746094,502.71673583984375,119540
2022-03-01,457.9951477050781,491.7664489746094,507.6941223144531,491.7664489746094,497.73931884765625,400912
2022-03-02,446.8697509765625,479.8207092285156,497.73931884765625,477.8297424316406,491.7664489746094,1237796
2022-03-04,459.8493957519531,493.7574157714844,497.73931884765625,457.9201965332031,477.8297424316406,380922
2022-03-07,454.28668212890625,487.7845458984375,497.73931884765625,481.8116760253906,481.8116760253906,56153
2022-03-08,459.8493957519531,493.7574157714844,497.73931884765625,485.7935791015625,487.7845458984375,7634
2022-03-09,452.4324645996094,485.7935791015625,487.7845458984375,481.8116760253906,487.7845458984375,52939
2022-03-10,450.5782470703125,483.8026428222656,485.7935791015625,477.8297424316406,485.7935791015625,201912
2022-03-11,448.7239990234375,481.8116760253906,483.8026428222656,455.9292297363281,483.8026428222656,505284
2022-03-14,456.14093017578125,489.7755126953125,502.71673583984375,475.83880615234375,477.8297424316406,35359
2022-03-15,456.14093017578125,489.7755126953125,495.7483825683594,483.8026428222656,489.7755126953125,6830
2022-03-16,457.9951477050781,491.7664489746094,495.7483825683594,485.7935791015625,487.7845458984375,9744
2022-03-17,456.14093017578125,489.7755126953125,491.7664489746094,477.8297424316406,487.7845458984375,20794
2022-03-18,463.5578308105469,497.73931884765625,497.73931884765625,497.73931884765625,497.73931884765625,100
2022-03-21,459.8493957519531,493.7574157714844,495.7483825683594,493.7574157714844,493.7574157714844,47414
2022-03-22,454.28668212890625,487.7845458984375,497.73931884765625,487.7845458984375,493.7574157714844,15269
2022-03-23,459.8493957519531,493.7574157714844,495.7483825683594,487.7845458984375,487.7845458984375,15972
2022-03-24,459.8493957519531,493.7574157714844,493.7574157714844,487.7845458984375,493.7574157714844,42190
2022-03-25,452.4324645996094,485.7935791015625,491.7664489746094,483.8026428222656,491.7664489746094,817697
2022-03-28,459.8493957519531,493.7574157714844,493.7574157714844,477.8297424316406,485.7935791015625,292221
2022-03-29,443.16131591796875,475.83880615234375,502.71673583984375,475.83880615234375,495.7483825683594,176899
2022-03-30,454.28668212890625,487.7845458984375,495.7483825683594,477.8297424316406,495.7483825683594,184835
2022-03-31,457.9951477050781,491.7664489746094,493.7574157714844,485.7935791015625,491.7664489746094,49021
2022-04-01,457.9951477050781,491.7664489746094,493.7574157714844,485.7935791015625,491.7664489746094,76646
2022-04-04,457.9951477050781,491.7664489746094,497.73931884765625,487.7845458984375,493.7574157714844,38373
2022-04-05,459.8493957519531,493.7574157714844,502.71673583984375,481.8116760253906,502.71673583984375,56656
2022-04-06,454.28668212890625,487.7845458984375,495.7483825683594,473.84783935546875,495.7483825683594,102563
2022-04-07,457.9951477050781,491.7664489746094,493.7574157714844,483.8026428222656,487.7845458984375,57962
2022-04-08,456.14093017578125,489.7755126953125,493.7574157714844,475.83880615234375,491.7664489746094,215675
2022-04-11,457.9951477050781,491.7664489746094,493.7574157714844,483.8026428222656,485.7935791015625,75340
2022-04-12,482.10015869140625,517.64892578125,527.6036987304688,491.7664489746094,491.7664489746094,1297064
2022-04-13,472.8290100097656,507.6941223144531,532.5810546875,502.71673583984375,517.64892578125,560735
2022-04-14,472.8290100097656,507.6941223144531,512.6715087890625,497.73931884765625,507.6941223144531,706695
2022-04-18,482.10015869140625,517.64892578125,532.5810546875,507.6941223144531,507.6941223144531,1212984
2022-04-19,500.6424865722656,537.5584716796875,537.5584716796875,512.6715087890625,517.64892578125,834874
2022-04-20,528.4559326171875,567.4228515625,577.3776245117188,537.5584716796875,537.5584716796875,977620
2022-04-21,537.7271118164062,577.3776245117188,592.309814453125,547.5132446289062,567.4228515625,742758
2022-04-22,519.184814453125,557.4680786132812,597.2871704101562,542.535888671875,577.3776245117188,664805
2022-04-25,496.0068664550781,532.5810546875,567.4228515625,527.6036987304688,552.4906616210938,296339
2022-04-26,533.0914306640625,572.4002075195312,587.3323974609375,517.64892578125,532.5810546875,489613
2022-04-27,533.0914306640625,572.4002075195312,572.4002075195312,537.5584716796875,572.4002075195312,79258
2022-04-28,528.4559326171875,567.4228515625,567.4228515625,542.535888671875,542.535888671875,9744
2022-05-09,546.9982299804688,587.3323974609375,597.2871704101562,547.5132446289062,567.4228515625,696549
2022-05-10,546.9982299804688,587.3323974609375,597.2871704101562,557.4680786132812,597.2871704101562,497750
2022-05-11,514.5491943359375,552.4906616210938,597.2871704101562,552.4906616210938,597.2871704101562,585547
2022-05-12,496.0068664550781,532.5810546875,572.4002075195312,532.5810546875,552.4906616210938,148370
2022-05-13,500.6424865722656,537.5584716796875,582.3550415039062,527.6036987304688,582.3550415039062,237674
2022-05-17,537.7271118164062,577.3776245117188,582.3550415039062,522.6262817382812,537.5584716796875,209748
2022-05-18,537.7271118164062,577.3776245117188,587.3323974609375,547.5132446289062,577.3776245117188,52035
2022-05-19,528.4559326171875,567.4228515625,577.3776245117188,537.5584716796875,577.3776245117188,140836
2022-05-20,523.8203735351562,562.4454345703125,577.3776245117188,532.5810546875,532.5810546875,30839
2022-05-23,537.7271118164062,577.3776245117188,587.3323974609375,562.4454345703125,572.4002075195312,104974
2022-05-24,546.9982299804688,587.3323974609375,587.3323974609375,562.4454345703125,587.3323974609375,577912
2022-05-25,546.9982299804688,587.3323974609375,597.2871704101562,567.4228515625,587.3323974609375,122855
2022-05-27,542.3627319335938,582.3550415039062,592.309814453125,572.4002075195312,587.3323974609375,187748
2022-05-30,556.2694091796875,597.2871704101562,602.2645874023438,582.3550415039062,582.3550415039062,315325
2022-05-31,533.0914306640625,572.4002075195312,597.2871704101562,562.4454345703125,597.2871704101562,318841
2022-06-02,621.1675415039062,666.970703125,666.970703125,582.3550415039062,582.3550415039062,1206555
2022-06-03,616.5319213867188,661.9932861328125,666.970703125,642.083740234375,666.970703125,654157
2022-06-06,607.2608032226562,652.0385131835938,666.970703125,617.19677734375,666.970703125,1018605
2022-06-07,602.625244140625,647.0611572265625,661.9932861328125,617.19677734375,627.1515502929688,185840
2022-06-08,597.9896240234375,642.083740234375,647.0611572265625,617.19677734375,647.0611572265625,348776
2022-06-09,556.2694091796875,597.2871704101562,657.0159301757812,597.2871704101562,642.083740234375,2000846
2022-06-10,560.905029296875,602.2645874023438,617.19677734375,562.4454345703125,592.309814453125,537530
2022-06-13,574.811767578125,617.19677734375,622.1741333007812,597.2871704101562,597.2871704101562,508097
2022-06-14,597.9896240234375,642.083740234375,657.0159301757812,602.2645874023438,617.19677734375,355507
2022-06-15,593.35400390625,637.1063232421875,647.0611572265625,607.2420043945312,642.083740234375,121850
2022-06-16,602.625244140625,647.0611572265625,657.0159301757812,612.2193603515625,637.1063232421875,129485
2022-06-17,597.9896240234375,642.083740234375,657.0159301757812,617.19677734375,647.0611572265625,59368
2022-06-20,588.718505859375,632.1289672851562,642.083740234375,617.19677734375,622.1741333007812,163037
2022-06-21,579.4473266601562,622.1741333007812,657.0159301757812,617.19677734375,632.1289672851562,71824
2022-06-22,579.4473266601562,622.1741333007812,647.0611572265625,597.2871704101562,622.1741333007812,171475
2022-06-23,574.811767578125,617.19677734375,657.0159301757812,607.2420043945312,632.1289672851562,130690
2022-06-24,597.9896240234375,642.083740234375,642.083740234375,612.2193603515625,612.2193603515625,85988
2022-06-27,602.625244140625,647.0611572265625,652.0385131835938,632.1289672851562,642.083740234375,193876
2022-06-28,579.4473266601562,622.1741333007812,652.0385131835938,622.1741333007812,652.0385131835938,191767
2022-06-29,574.811767578125,617.19677734375,637.1063232421875,607.2420043945312,627.1515502929688,212561
2022-06-30,556.2694091796875,597.2871704101562,657.0159301757812,597.2871704101562,647.0611572265625,105175
2022-07-01,569.4467163085938,602.2645874023438,617.19677734375,592.309814453125,597.2871704101562,176397
2022-07-04,569.4467163085938,602.2645874023438,622.1741333007812,562.4454345703125,602.2645874023438,130289
2022-07-05,578.8590087890625,612.2193603515625,647.0611572265625,592.309814453125,592.309814453125,54245
2022-07-06,583.5652465820312,617.19677734375,622.1741333007812,592.309814453125,612.2193603515625,111403
2022-07-07,583.5652465820312,617.19677734375,642.083740234375,597.2871704101562,597.2871704101562,72728
2022-07-08,564.7405395507812,597.2871704101562,622.1741333007812,597.2871704101562,617.19677734375,58966
2022-07-11,564.7405395507812,597.2871704101562,632.1289672851562,597.2871704101562,597.2871704101562,95531
2022-07-12,583.5652465820312,617.19677734375,617.19677734375,602.2645874023438,602.2645874023438,16976
2022-07-13,569.4467163085938,602.2645874023438,617.19677734375,597.2871704101562,617.19677734375,30638
2022-07-14,569.4467163085938,602.2645874023438,617.19677734375,602.2645874023438,612.2193603515625,118636
2022-07-15,574.1528930664062,607.2420043945312,647.0611572265625,602.2645874023438,637.1063232421875,24711
2022-07-18,583.5652465820312,617.19677734375,632.1289672851562,602.2645874023438,607.2420043945312,43998
2022-07-19,602.389892578125,637.1063232421875,637.1063232421875,612.2193603515625,617.19677734375,129987
2022-07-20,602.389892578125,637.1063232421875,647.0611572265625,612.2193603515625,637.1063232421875,681280
2022-07-21,611.80224609375,647.0611572265625,647.0611572265625,632.1289672851562,637.1063232421875,181621
2022-07-22,625.9207153320312,661.9932861328125,666.970703125,647.0611572265625,647.0611572265625,807350
2022-07-25,625.9207153320312,661.9932861328125,686.8802490234375,642.083740234375,676.9254760742188,213766
2022-07-26,630.626953125,666.970703125,666.970703125,647.0611572265625,666.970703125,812975
2022-07-27,630.626953125,666.970703125,666.970703125,647.0611572265625,666.970703125,91915
2022-07-28,630.626953125,666.970703125,671.9481201171875,661.9932861328125,666.970703125,1447444
2022-07-29,649.4515991210938,686.8802490234375,686.8802490234375,652.0385131835938,666.970703125,392976
2022-08-01,701.2194213867188,741.631591796875,806.3377075195312,676.9254760742188,686.8802490234375,472536
2022-08-02,795.3428955078125,841.179443359375,925.795166015625,741.631591796875,741.631591796875,1025034
2022-08-03,757.6934814453125,801.3602905273438,900.908203125,786.4281616210938,836.2020874023438,588259
2022-08-04,767.1058349609375,811.3151245117188,836.2020874023438,781.4507446289062,801.3602905273438,112307
2022-08-05,734.16259765625,776.4733276367188,816.29248046875,761.5411987304688,816.29248046875,350886
2022-08-08,734.16259765625,776.4733276367188,796.3829345703125,746.6090087890625,786.4281616210938,373890
2022-08-09,720.044189453125,761.5411987304688,791.405517578125,746.6090087890625,771.4959716796875,52738
2022-08-10,710.6317749023438,751.5863647460938,846.1568603515625,746.6090087890625,756.5637817382812,126974
2022-08-11,743.5750122070312,786.4281616210938,836.2020874023438,701.8124389648438,776.4733276367188,196990
2022-08-12,752.9873657226562,796.3829345703125,846.1568603515625,771.4959716796875,786.4281616210938,99248
2022-08-15,785.9305419921875,831.2246704101562,856.1116333007812,776.4733276367188,786.4281616210938,211958
2022-08-16,738.8688354492188,781.4507446289062,831.2246704101562,776.4733276367188,816.29248046875,1434686
2022-08-18,724.7503051757812,766.5185546875,781.4507446289062,766.5185546875,781.4507446289062,520352
2022-08-19,743.5750122070312,786.4281616210938,791.405517578125,766.5185546875,766.5185546875,138928
2022-08-22,729.4564819335938,771.4959716796875,786.4281616210938,766.5185546875,786.4281616210938,65295
2022-08-23,738.8688354492188,781.4507446289062,786.4281616210938,766.5185546875,776.4733276367188,79157
2022-08-24,738.8688354492188,781.4507446289062,791.405517578125,766.5185546875,781.4507446289062,342548
2022-08-25,748.2811279296875,791.405517578125,801.3602905273438,776.4733276367188,796.3829345703125,58263
2022-08-26,743.5750122070312,786.4281616210938,796.3829345703125,771.4959716796875,776.4733276367188,268112
2022-08-29,781.2244262695312,826.247314453125,851.13427734375,771.4959716796875,796.3829345703125,339535
2022-08-30,790.63671875,836.2020874023438,851.13427734375,791.405517578125,821.2698974609375,224012
2022-08-31,828.2861328125,876.021240234375,955.6594848632812,796.3829345703125,836.2020874023438,651646
2022-09-01,832.9922485351562,880.9985961914062,895.9307861328125,876.021240234375,876.021240234375,158617
2022-09-02,847.1107788085938,895.9307861328125,895.9307861328125,876.021240234375,895.9307861328125,65797
2022-09-05,804.7552490234375,851.13427734375,895.9307861328125,851.13427734375,895.9307861328125,196287
2022-09-06,785.9305419921875,831.2246704101562,856.1116333007812,801.3602905273438,851.13427734375,904991
2022-09-07,781.2244262695312,826.247314453125,846.1568603515625,796.3829345703125,846.1568603515625,103970
2022-09-08,847.1107788085938,895.9307861328125,965.6143188476562,806.3377075195312,826.247314453125,141138
2022-09-09,809.4613647460938,856.1116333007812,895.9307861328125,836.2020874023438,895.9307861328125,191365
2022-09-12,814.1676025390625,861.0890502929688,876.021240234375,831.2246704101562,856.1116333007812,99349
2022-09-13,785.9305419921875,831.2246704101562,861.0890502929688,831.2246704101562,861.0890502929688,389159
2022-09-14,781.2244262695312,826.247314453125,836.2020874023438,806.3377075195312,831.2246704101562,232149
2022-09-15,771.81201171875,816.29248046875,831.2246704101562,781.4507446289062,831.2246704101562,178306
2022-09-16,743.5750122070312,786.4281616210938,816.29248046875,766.5185546875,796.3829345703125,669024
2022-09-19,752.9873657226562,796.3829345703125,801.3602905273438,781.4507446289062,781.4507446289062,123458
2022-09-20,757.6934814453125,801.3602905273438,806.3377075195312,791.405517578125,791.405517578125,326074
2022-09-21,795.3428955078125,841.179443359375,920.8177490234375,791.405517578125,796.3829345703125,290513
2022-09-22,804.7552490234375,851.13427734375,856.1116333007812,821.2698974609375,821.2698974609375,598305
2022-09-23,814.1676025390625,861.0890502929688,876.021240234375,841.179443359375,851.13427734375,337626
2022-09-26,804.7552490234375,851.13427734375,861.0890502929688,831.2246704101562,861.0890502929688,457568
2022-09-27,814.1676025390625,861.0890502929688,876.021240234375,841.179443359375,841.179443359375,475047
2022-09-28,837.6984252929688,885.9760131835938,885.9760131835938,866.06640625,871.0438232421875,290011
2022-09-29,814.1676025390625,861.0890502929688,885.9760131835938,851.13427734375,885.9760131835938,69916
2022-09-30,776.5181884765625,821.2698974609375,866.06640625,801.3602905273438,846.1568603515625,272532
2022-10-03,795.3428955078125,841.179443359375,846.1568603515625,821.2698974609375,821.2698974609375,85486
2022-10-04,785.9305419921875,831.2246704101562,846.1568603515625,816.29248046875,841.179443359375,44199
2022-10-05,790.63671875,836.2020874023438,876.021240234375,821.2698974609375,841.179443359375,527987
2022-10-06,814.1676025390625,861.0890502929688,861.0890502929688,836.2020874023438,836.2020874023438,411058
2022-10-07,800.0490112304688,846.1568603515625,861.0890502929688,846.1568603515625,861.0890502929688,221401
2022-10-10,814.1676025390625,861.0890502929688,866.06640625,791.405517578125,846.1568603515625,971994
2022-10-11,800.0490112304688,846.1568603515625,866.06640625,846.1568603515625,866.06640625,473340
2022-10-12,823.5798950195312,871.0438232421875,871.0438232421875,826.247314453125,846.1568603515625,553803
2022-10-13,814.1676025390625,861.0890502929688,876.021240234375,821.2698974609375,871.0438232421875,145357
2022-10-14,809.4613647460938,856.1116333007812,861.0890502929688,826.247314453125,841.179443359375,196990
2022-10-17,776.5181884765625,821.2698974609375,866.06640625,796.3829345703125,856.1116333007812,463294
2022-10-18,800.0490112304688,846.1568603515625,861.0890502929688,821.2698974609375,821.2698974609375,1093343
2022-10-19,795.3428955078125,841.179443359375,851.13427734375,831.2246704101562,831.2246704101562,123860
2022-10-20,814.1676025390625,861.0890502929688,866.06640625,811.3151245117188,831.2246704101562,689115
2022-10-21,814.1676025390625,861.0890502929688,871.0438232421875,846.1568603515625,861.0890502929688,268514
2022-10-24,809.4613647460938,856.1116333007812,871.0438232421875,841.179443359375,871.0438232421875,229035
2022-10-25,814.1676025390625,861.0890502929688,866.06640625,846.1568603515625,856.1116333007812,153192
2022-10-26,790.63671875,836.2020874023438,861.0890502929688,836.2020874023438,861.0890502929688,250733
2022-10-27,800.0490112304688,846.1568603515625,861.0890502929688,811.3151245117188,846.1568603515625,432957
2022-10-28,795.3428955078125,841.179443359375,861.0890502929688,816.29248046875,851.13427734375,120946
2022-10-31,767.1058349609375,811.3151245117188,846.1568603515625,796.3829345703125,836.2020874023438,349681
2022-11-01,767.1058349609375,811.3151245117188,846.1568603515625,791.405517578125,811.3151245117188,810163
2022-11-02,767.1058349609375,811.3151245117188,846.1568603515625,786.4281616210938,811.3151245117188,564552
2022-11-03,734.16259765625,776.4733276367188,846.1568603515625,776.4733276367188,811.3151245117188,638386
2022-11-04,762.3997192382812,806.3377075195312,846.1568603515625,726.6994018554688,776.4733276367188,1423938
2022-11-07,785.9305419921875,831.2246704101562,831.2246704101562,771.4959716796875,806.3377075195312,374995
2022-11-08,781.2244262695312,826.247314453125,831.2246704101562,796.3829345703125,826.247314453125,59770
2022-11-09,767.1058349609375,811.3151245117188,841.179443359375,796.3829345703125,826.247314453125,13259
2022-11-10,762.3997192382812,806.3377075195312,831.2246704101562,756.5637817382812,811.3151245117188,483285
2022-11-11,757.6934814453125,801.3602905273438,811.3151245117188,781.4507446289062,811.3151245117188,21396
2022-11-14,767.1058349609375,811.3151245117188,811.3151245117188,771.4959716796875,801.3602905273438,241592
2022-11-15,767.1058349609375,811.3151245117188,811.3151245117188,791.405517578125,811.3151245117188,3616
2022-11-16,738.8688354492188,781.4507446289062,806.3377075195312,781.4507446289062,791.405517578125,43597
2022-11-17,729.4564819335938,771.4959716796875,791.405517578125,766.5185546875,781.4507446289062,274641
2022-11-18,743.5750122070312,786.4281616210938,796.3829345703125,756.5637817382812,771.4959716796875,278057
2022-11-21,743.5750122070312,786.4281616210938,801.3602905273438,731.6768188476562,786.4281616210938,2260118
2022-11-22,752.9873657226562,796.3829345703125,806.3377075195312,766.5185546875,786.4281616210938,107385
2022-11-23,757.6934814453125,801.3602905273438,806.3377075195312,791.405517578125,796.3829345703125,242898
2022-11-24,738.8688354492188,781.4507446289062,796.3829345703125,746.6090087890625,796.3829345703125,101961
2022-11-25,734.16259765625,776.4733276367188,781.4507446289062,771.4959716796875,771.4959716796875,41889
2022-11-28,752.9873657226562,796.3829345703125,796.3829345703125,761.5411987304688,776.4733276367188,484691
2022-11-29,734.16259765625,776.4733276367188,806.3377075195312,771.4959716796875,796.3829345703125,121348
2022-11-30,748.2811279296875,791.405517578125,796.3829345703125,771.4959716796875,776.4733276367188,147366
2022-12-01,748.2811279296875,791.405517578125,791.405517578125,776.4733276367188,791.405517578125,359927
2022-12-02,771.81201171875,816.29248046875,816.29248046875,786.4281616210938,796.3829345703125,757223
2022-12-05,771.81201171875,816.29248046875,826.247314453125,806.3377075195312,816.29248046875,322156
2022-12-06,752.9873657226562,796.3829345703125,826.247314453125,786.4281616210938,826.247314453125,110800
2022-12-07,752.9873657226562,796.3829345703125,796.3829345703125,781.4507446289062,796.3829345703125,198397
2022-12-08,752.9873657226562,796.3829345703125,796.3829345703125,776.4733276367188,776.4733276367188,137421
2022-12-09,752.9873657226562,796.3829345703125,796.3829345703125,776.4733276367188,776.4733276367188,42793
2022-12-12,752.9873657226562,796.3829345703125,796.3829345703125,741.631591796875,781.4507446289062,1886931
2022-12-13,752.9873657226562,796.3829345703125,801.3602905273438,746.6090087890625,776.4733276367188,340137
2022-12-14,752.9873657226562,796.3829345703125,796.3829345703125,791.405517578125,796.3829345703125,137823
2022-12-15,752.9873657226562,796.3829345703125,796.3829345703125,756.5637817382812,791.405517578125,988770
2022-12-16,752.9873657226562,796.3829345703125,796.3829345703125,766.5185546875,791.405517578125,275646
2022-12-19,752.9873657226562,796.3829345703125,796.3829345703125,786.4281616210938,791.405517578125,65897
2022-12-20,752.9873657226562,796.3829345703125,796.3829345703125,781.4507446289062,786.4281616210938,251436
2022-12-21,752.9873657226562,796.3829345703125,796.3829345703125,786.4281616210938,786.4281616210938,275144
2022-12-22,752.9873657226562,796.3829345703125,796.3829345703125,786.4281616210938,796.3829345703125,23305
2022-12-23,752.9873657226562,796.3829345703125,801.3602905273438,786.4281616210938,796.3829345703125,97340
2022-12-26,752.9873657226562,796.3829345703125,796.3829345703125,781.4507446289062,786.4281616210938,95431
2022-12-27,734.16259765625,776.4733276367188,786.4281616210938,771.4959716796875,786.4281616210938,786857
2022-12-28,715.3379516601562,756.5637817382812,776.4733276367188,756.5637817382812,776.4733276367188,157713
2022-12-29,710.6317749023438,751.5863647460938,756.5637817382812,736.6542358398438,741.631591796875,319544
2022-12-30,767.1058349609375,811.3151245117188,880.9985961914062,731.6768188476562,751.5863647460938,1950217
2023-01-02,752.9873657226562,796.3829345703125,811.3151245117188,776.4733276367188,811.3151245117188,23204
2023-01-03,729.4564819335938,771.4959716796875,781.4507446289062,771.4959716796875,781.4507446289062,10849
2023-01-04,738.8688354492188,781.4507446289062,786.4281616210938,761.5411987304688,781.4507446289062,143348
2023-01-05,715.3379516601562,756.5637817382812,781.4507446289062,756.5637817382812,776.4733276367188,163338
2023-01-06,734.16259765625,776.4733276367188,776.4733276367188,756.5637817382812,756.5637817382812,93924
2023-01-09,720.044189453125,761.5411987304688,766.5185546875,756.5637817382812,766.5185546875,197794
2023-01-10,720.044189453125,761.5411987304688,761.5411987304688,756.5637817382812,761.5411987304688,195684
2023-01-11,715.3379516601562,756.5637817382812,776.4733276367188,756.5637817382812,761.5411987304688,167557
2023-01-12,724.7503051757812,766.5185546875,796.3829345703125,761.5411987304688,776.4733276367188,40081
2023-01-13,738.8688354492188,781.4507446289062,791.405517578125,781.4507446289062,781.4507446289062,124764
2023-01-16,743.5750122070312,786.4281616210938,801.3602905273438,786.4281616210938,796.3829345703125,256258
2023-01-17,729.4564819335938,771.4959716796875,791.405517578125,766.5185546875,791.405517578125,234660
2023-01-18,729.4564819335938,771.4959716796875,771.4959716796875,771.4959716796875,771.4959716796875,0
2023-01-19,724.7503051757812,766.5185546875,776.4733276367188,761.5411987304688,776.4733276367188,115522
2023-01-20,729.4564819335938,771.4959716796875,791.405517578125,766.5185546875,791.405517578125,113010
2023-01-24,748.2811279296875,791.405517578125,796.3829345703125,766.5185546875,771.4959716796875,33451
2023-01-25,729.4564819335938,771.4959716796875,796.3829345703125,766.5185546875,791.405517578125,4821
2023-01-26,729.4564819335938,771.4959716796875,776.4733276367188,766.5185546875,776.4733276367188,3013
2023-01-27,738.8688354492188,781.4507446289062,786.4281616210938,766.5185546875,771.4959716796875,60674
2023-01-30,734.16259765625,776.4733276367188,791.405517578125,771.4959716796875,791.405517578125,958232
2023-01-31,687.1009521484375,726.6994018554688,781.4507446289062,726.6994018554688,781.4507446289062,673947
2023-02-01,682.394775390625,721.7220458984375,766.5185546875,716.74462890625,751.5863647460938,202113
2023-02-02,696.5133056640625,736.6542358398438,741.631591796875,721.7220458984375,741.631591796875,53642
2023-02-03,663.570068359375,701.8124389648438,736.6542358398438,701.8124389648438,726.6994018554688,343854
2023-02-06,668.2762451171875,706.7898559570312,731.6768188476562,696.8350830078125,701.8124389648438,243099
2023-02-07,672.982421875,711.7672119140625,721.7220458984375,696.8350830078125,706.7898559570312,60975
2023-02-08,668.2762451171875,706.7898559570312,711.7672119140625,701.8124389648438,711.7672119140625,624825
2023-02-09,668.2762451171875,706.7898559570312,726.6994018554688,696.8350830078125,696.8350830078125,111102
2023-02-10,668.2762451171875,706.7898559570312,711.7672119140625,706.7898559570312,706.7898559570312,20392
2023-02-13,663.570068359375,701.8124389648438,711.7672119140625,701.8124389648438,706.7898559570312,66500
2023-02-14,672.982421875,711.7672119140625,731.6768188476562,706.7898559570312,706.7898559570312,70719
2023-02-15,677.6885375976562,716.74462890625,716.74462890625,701.8124389648438,711.7672119140625,179712
2023-02-16,668.2762451171875,706.7898559570312,716.74462890625,691.857666015625,716.74462890625,265299
2023-02-17,644.7454223632812,681.9028930664062,706.7898559570312,661.9932861328125,706.7898559570312,410958
2023-02-20,654.1577758789062,691.857666015625,701.8124389648438,676.9254760742188,676.9254760742188,97340
2023-02-21,687.1009521484375,726.6994018554688,741.631591796875,647.0611572265625,691.857666015625,577912
2023-02-22,672.982421875,711.7672119140625,731.6768188476562,711.7672119140625,726.6994018554688,94627
2023-02-23,752.9873657226562,796.3829345703125,796.3829345703125,701.8124389648438,706.7898559570312,587556
2023-02-24,748.2811279296875,791.405517578125,796.3829345703125,771.4959716796875,791.405517578125,1089827
2023-02-27,752.9873657226562,796.3829345703125,801.3602905273438,766.5185546875,786.4281616210938,164744
2023-02-28,715.3379516601562,756.5637817382812,796.3829345703125,756.5637817382812,796.3829345703125,49523
2023-03-01,734.16259765625,776.4733276367188,781.4507446289062,756.5637817382812,756.5637817382812,182525
2023-03-02,729.4564819335938,771.4959716796875,776.4733276367188,771.4959716796875,776.4733276367188,1808
2023-03-03,682.394775390625,721.7220458984375,766.5185546875,721.7220458984375,766.5185546875,63185
2023-03-06,682.394775390625,721.7220458984375,746.6090087890625,716.74462890625,731.6768188476562,50428
2023-03-07,691.80712890625,731.6768188476562,786.4281616210938,721.7220458984375,721.7220458984375,31542
2023-03-08,701.2194213867188,741.631591796875,776.4733276367188,716.74462890625,736.6542358398438,146160
2023-03-09,687.1009521484375,726.6994018554688,741.631591796875,716.74462890625,741.631591796875,5926
2023-03-10,687.1009521484375,726.6994018554688,731.6768188476562,721.7220458984375,726.6994018554688,24109
2023-03-13,687.1009521484375,726.6994018554688,726.6994018554688,726.6994018554688,726.6994018554688,703
2023-03-14,687.1009521484375,726.6994018554688,726.6994018554688,711.7672119140625,716.74462890625,93522
2023-03-15,696.5133056640625,736.6542358398438,736.6542358398438,726.6994018554688,726.6994018554688,201109
2023-03-16,696.5133056640625,736.6542358398438,736.6542358398438,726.6994018554688,736.6542358398438,55350
2023-03-17,682.394775390625,721.7220458984375,726.6994018554688,696.8350830078125,726.6994018554688,293426
2023-03-20,682.394775390625,721.7220458984375,721.7220458984375,721.7220458984375,721.7220458984375,160324
2023-03-21,682.394775390625,721.7220458984375,736.6542358398438,721.7220458984375,721.7220458984375,2209
2023-03-24,696.5133056640625,736.6542358398438,771.4959716796875,726.6994018554688,726.6994018554688,14063
2023-03-27,696.5133056640625,736.6542358398438,741.631591796875,736.6542358398438,736.6542358398438,124362
2023-03-28,710.6317749023438,751.5863647460938,751.5863647460938,736.6542358398438,736.6542358398438,953712
2023-03-29,729.4564819335938,771.4959716796875,781.4507446289062,736.6542358398438,751.5863647460938,1574820
2023-03-30,729.4564819335938,771.4959716796875,776.4733276367188,766.5185546875,776.4733276367188,341644
2023-03-31,729.4564819335938,771.4959716796875,771.4959716796875,771.4959716796875,771.4959716796875,41889
2023-04-03,691.80712890625,731.6768188476562,761.5411987304688,721.7220458984375,746.6090087890625,593985
2023-04-04,701.2194213867188,741.631591796875,741.631591796875,731.6768188476562,736.6542358398438,72126
2023-04-05,701.2194213867188,741.631591796875,751.5863647460938,726.6994018554688,741.631591796875,164343
2023-04-06,691.80712890625,731.6768188476562,731.6768188476562,726.6994018554688,726.6994018554688,7935
2023-04-10,696.5133056640625,736.6542358398438,761.5411987304688,736.6542358398438,736.6542358398438,335717
2023-04-11,701.2194213867188,741.631591796875,751.5863647460938,736.6542358398438,736.6542358398438,8036
2023-04-12,710.6317749023438,751.5863647460938,751.5863647460938,741.631591796875,751.5863647460938,154900
2023-04-13,715.3379516601562,756.5637817382812,756.5637817382812,741.631591796875,751.5863647460938,15469
2023-04-14,701.2194213867188,741.631591796875,761.5411987304688,711.7672119140625,761.5411987304688,245710
2023-04-17,701.2194213867188,741.631591796875,751.5863647460938,736.6542358398438,741.631591796875,13360
2023-04-18,706.9515380859375,736.6542358398438,741.631591796875,716.74462890625,726.6994018554688,4721
2023-04-26,692.6213989257812,721.7220458984375,736.6542358398438,711.7672119140625,736.6542358398438,36364
2023-04-27,687.8446655273438,716.74462890625,736.6542358398438,701.8124389648438,736.6542358398438,82171
2023-04-28,692.6213989257812,721.7220458984375,721.7220458984375,716.74462890625,721.7220458984375,37268
2023-05-02,692.6213989257812,721.7220458984375,726.6994018554688,701.8124389648438,721.7220458984375,12054
2023-05-03,678.2913208007812,706.7898559570312,716.74462890625,701.8124389648438,706.7898559570312,14465
2023-05-04,673.5145874023438,701.8124389648438,711.7672119140625,701.8124389648438,711.7672119140625,3013
2023-05-05,673.5145874023438,701.8124389648438,701.8124389648438,701.8124389648438,701.8124389648438,11250
2023-05-08,668.7379150390625,696.8350830078125,696.8350830078125,691.857666015625,696.8350830078125,7634
2023-05-09,678.2913208007812,706.7898559570312,711.7672119140625,701.8124389648438,701.8124389648438,36364
2023-05-10,673.5145874023438,701.8124389648438,701.8124389648438,701.8124389648438,701.8124389648438,602
2023-05-11,673.5145874023438,701.8124389648438,706.7898559570312,701.8124389648438,706.7898559570312,1808
2023-05-12,668.7379150390625,696.8350830078125,696.8350830078125,696.8350830078125,696.8350830078125,37871
2023-05-15,668.7379150390625,696.8350830078125,701.8124389648438,691.857666015625,691.857666015625,246916
2023-05-16,668.7379150390625,696.8350830078125,696.8350830078125,686.8802490234375,691.857666015625,50227
2023-05-17,654.4077758789062,681.9028930664062,696.8350830078125,661.9932861328125,696.8350830078125,9241
2023-05-19,654.4077758789062,681.9028930664062,696.8350830078125,681.9028930664062,681.9028930664062,95130
2023-05-22,663.9612426757812,691.857666015625,691.857666015625,681.9028930664062,681.9028930664062,15972
2023-05-23,640.0777587890625,666.970703125,686.8802490234375,666.970703125,686.8802490234375,81166
2023-05-24,640.0777587890625,666.970703125,676.9254760742188,666.970703125,676.9254760742188,31442
2023-05-25,620.970947265625,647.0611572265625,666.970703125,622.1741333007812,666.970703125,402620
2023-05-26,659.1845092773438,686.8802490234375,696.8350830078125,647.0611572265625,647.0611572265625,495339
2023-05-29,654.4077758789062,681.9028930664062,701.8124389648438,676.9254760742188,701.8124389648438,250432
2023-05-30,659.1845092773438,686.8802490234375,701.8124389648438,676.9254760742188,676.9254760742188,146361
2023-05-31,659.1845092773438,686.8802490234375,686.8802490234375,681.9028930664062,686.8802490234375,83577
2023-06-05,640.0777587890625,666.970703125,686.8802490234375,657.0159301757812,686.8802490234375,145256
2023-06-06,635.3009643554688,661.9932861328125,661.9932861328125,607.2420043945312,661.9932861328125,554507
2023-06-07,620.970947265625,647.0611572265625,647.0611572265625,627.1515502929688,647.0611572265625,179712
2023-06-08,630.5242919921875,657.0159301757812,691.857666015625,647.0611572265625,647.0611572265625,591775
2023-06-09,640.0777587890625,666.970703125,676.9254760742188,661.9932861328125,676.9254760742188,14364
2023-06-12,635.3009643554688,661.9932861328125,661.9932861328125,647.0611572265625,647.0611572265625,5424
2023-06-13,640.0777587890625,666.970703125,666.970703125,647.0611572265625,647.0611572265625,55551
2023-06-14,659.1845092773438,686.8802490234375,696.8350830078125,647.0611572265625,647.0611572265625,102563
2023-06-15,630.5242919921875,657.0159301757812,681.9028930664062,647.0611572265625,647.0611572265625,66098
2023-06-16,630.5242919921875,657.0159301757812,686.8802490234375,642.083740234375,647.0611572265625,153092
2023-06-19,659.1845092773438,686.8802490234375,686.8802490234375,666.970703125,666.970703125,260578
2023-06-20,663.9612426757812,691.857666015625,691.857666015625,657.0159301757812,691.857666015625,963255
2023-06-21,659.1845092773438,686.8802490234375,686.8802490234375,666.970703125,671.9481201171875,513220
2023-06-22,644.8544311523438,671.9481201171875,691.857666015625,666.970703125,691.857666015625,220496
2023-06-23,663.9612426757812,691.857666015625,691.857666015625,647.0611572265625,666.970703125,834372
2023-06-26,654.4077758789062,681.9028930664062,681.9028930664062,666.970703125,671.9481201171875,100152
2023-06-27,659.1845092773438,686.8802490234375,686.8802490234375,671.9481201171875,681.9028930664062,182424
2023-07-03,678.2913208007812,706.7898559570312,711.7672119140625,676.9254760742188,691.857666015625,609556
2023-07-04,673.5145874023438,701.8124389648438,706.7898559570312,686.8802490234375,706.7898559570312,168461
2023-07-05,668.7379150390625,696.8350830078125,701.8124389648438,696.8350830078125,696.8350830078125,476856
2023-07-06,678.2913208007812,706.7898559570312,706.7898559570312,696.8350830078125,696.8350830078125,87696
2023-07-07,678.2913208007812,706.7898559570312,706.7898559570312,696.8350830078125,701.8124389648438,181621
2023-07-10,683.0679931640625,711.7672119140625,711.7672119140625,696.8350830078125,706.7898559570312,626633
2023-07-11,681.3720092773438,710.0,710.0,690.0,710.0,315500
2023-07-12,666.976806640625,695.0,700.0,615.0,685.0,909600
2023-07-13,671.7752685546875,700.0,700.0,670.0,670.0,219500
2023-07-14,647.7832641601562,675.0,695.0,675.0,695.0,679800
2023-07-17,676.5736083984375,705.0,840.0,675.0,840.0,579900
2023-07-18,681.3720092773438,710.0,845.0,675.0,845.0,745800
2023-07-20,676.5736083984375,705.0,760.0,700.0,760.0,133100
2023-07-21,681.3720092773438,710.0,710.0,680.0,690.0,389500
2023-07-24,657.3800659179688,685.0,710.0,685.0,710.0,39000
2023-07-25,671.7752685546875,700.0,700.0,690.0,690.0,27300
2023-07-26,671.7752685546875,700.0,700.0,685.0,685.0,800
2023-07-27,652.5816650390625,680.0,695.0,680.0,695.0,9400
2023-07-28,628.5896606445312,655.0,695.0,655.0,695.0,254300
2023-07-31,628.5896606445312,655.0,680.0,650.0,655.0,121400
2023-08-01,623.7913208007812,650.0,665.0,640.0,655.0,148900
2023-08-02,628.5896606445312,655.0,660.0,650.0,650.0,21600
2023-08-03,628.5896606445312,655.0,655.0,650.0,655.0,41500
2023-08-04,614.1944580078125,640.0,660.0,640.0,655.0,8900
2023-08-07,571.0089721679688,595.0,650.0,580.0,630.0,583500
2023-08-08,566.2105102539062,590.0,605.0,580.0,605.0,197100
2023-08-09,551.8153686523438,575.0,600.0,575.0,590.0,138900
2023-08-10,566.2105102539062,590.0,610.0,570.0,575.0,100100
2023-08-11,561.412109375,585.0,605.0,575.0,575.0,37100
2023-08-14,547.0169677734375,570.0,610.0,560.0,585.0,60900
2023-08-15,580.605712890625,605.0,605.0,585.0,600.0,41000
2023-08-16,580.605712890625,605.0,605.0,585.0,600.0,56600
2023-08-18,575.807373046875,600.0,600.0,590.0,590.0,300
2023-08-21,580.605712890625,605.0,605.0,585.0,595.0,10000
2023-08-22,575.807373046875,600.0,600.0,580.0,600.0,32100
2023-08-23,571.0089721679688,595.0,600.0,585.0,585.0,13800
2023-08-24,575.807373046875,600.0,600.0,595.0,595.0,21300
2023-08-25,566.2105102539062,590.0,600.0,590.0,600.0,5700
2023-08-28,575.807373046875,600.0,605.0,590.0,600.0,30100
2023-08-29,599.79931640625,625.0,655.0,600.0,600.0,197700
2023-08-30,614.1944580078125,640.0,660.0,630.0,630.0,3800
2023-08-31,623.7913208007812,650.0,650.0,615.0,635.0,4300
2023-09-01,595.0009155273438,620.0,650.0,615.0,650.0,7700
2023-09-04,585.4041137695312,610.0,670.0,610.0,620.0,15600
2023-09-05,604.5977172851562,630.0,630.0,630.0,630.0,300
2023-09-06,599.79931640625,625.0,625.0,625.0,625.0,300
2023-09-07,599.79931640625,625.0,625.0,625.0,625.0,200
2023-09-08,599.79931640625,625.0,625.0,625.0,625.0,0
2023-09-11,527.8234252929688,550.0,610.0,520.0,610.0,811100
2023-09-12,561.412109375,585.0,585.0,535.0,585.0,389800
2023-09-13,518.2266235351562,540.0,585.0,540.0,575.0,412600
2023-09-14,527.8234252929688,550.0,560.0,540.0,555.0,111700
2023-09-15,527.8234252929688,550.0,575.0,550.0,555.0,97300
2023-09-18,523.0250244140625,545.0,550.0,535.0,550.0,154300
2023-09-19,542.2186279296875,565.0,565.0,545.0,545.0,53700
2023-09-20,537.420166015625,560.0,565.0,560.0,565.0,800
2023-09-21,537.420166015625,560.0,560.0,545.0,560.0,11300
2023-09-22,532.6217651367188,555.0,560.0,550.0,560.0,72500
2023-09-25,513.4281616210938,535.0,540.0,515.0,540.0,114700
2023-09-26,503.8314208984375,525.0,545.0,500.0,525.0,104800
2023-09-27,518.2266235351562,540.0,540.0,520.0,520.0,2900
2023-09-29,508.62982177734375,530.0,540.0,490.0,540.0,61200
2023-10-02,503.8314208984375,525.0,530.0,500.0,530.0,17600
2023-10-03,489.4362487792969,510.0,525.0,500.0,525.0,40100
2023-10-04,489.4362487792969,510.0,510.0,488.0,510.0,27100
2023-10-05,484.6378173828125,505.0,510.0,498.0,510.0,70700
2023-10-06,479.8394470214844,500.0,505.0,488.0,505.0,90600
2023-10-09,477.92010498046875,498.0,510.0,486.0,500.0,235800
2023-10-10,477.92010498046875,498.0,500.0,496.0,498.0,59000
2023-10-11,484.6378173828125,505.0,505.0,498.0,500.0,65800
2023-10-12,437.6135559082031,456.0,515.0,450.0,505.0,1354200
2023-10-13,431.8554992675781,450.0,486.0,450.0,456.0,177000
2023-10-16,452.96844482421875,472.0,472.0,430.0,450.0,93100
2023-10-17,464.4845886230469,484.0,494.0,470.0,470.0,27800
2023-10-18,484.6378173828125,505.0,515.0,484.0,484.0,36200
2023-10-19,503.8314208984375,525.0,525.0,480.0,505.0,102500
2023-10-20,513.4281616210938,535.0,535.0,520.0,525.0,16600
2023-10-23,499.0330505371094,520.0,535.0,520.0,535.0,2800
2023-10-24,508.62982177734375,530.0,530.0,480.0,488.0,24100
2023-10-25,513.4281616210938,535.0,535.0,530.0,530.0,32600
2023-10-26,527.8234252929688,550.0,580.0,530.0,535.0,23800
2023-10-27,508.62982177734375,530.0,550.0,490.0,550.0,14600
2023-10-30,518.2266235351562,540.0,560.0,530.0,530.0,29400
2023-10-31,537.420166015625,560.0,560.0,520.0,520.0,16500
2023-11-01,518.2266235351562,540.0,550.0,540.0,540.0,4100
2023-11-02,518.2266235351562,540.0,570.0,540.0,570.0,182600
2023-11-03,532.6217651367188,555.0,560.0,540.0,540.0,111400
2023-11-06,547.0169677734375,570.0,570.0,530.0,530.0,340000
2023-11-07,547.0169677734375,570.0,570.0,540.0,570.0,1200
2023-11-08,547.0169677734375,570.0,570.0,540.0,545.0,34500
2023-11-09,547.0169677734375,570.0,570.0,570.0,570.0,12100
2023-11-10,595.0009155273438,620.0,695.0,580.0,580.0,268300
2023-11-13,604.5977172851562,630.0,630.0,590.0,620.0,202400
2023-11-14,585.4041137695312,610.0,640.0,610.0,640.0,190500
2023-11-15,599.79931640625,625.0,625.0,605.0,605.0,14600
2023-11-16,604.5977172851562,630.0,630.0,625.0,625.0,112000
2023-11-17,614.1944580078125,640.0,640.0,630.0,635.0,146900
2023-11-20,614.1944580078125,640.0,650.0,630.0,630.0,116200
2023-11-21,618.992919921875,645.0,645.0,630.0,635.0,123600
2023-11-22,623.7913208007812,650.0,650.0,635.0,635.0,2700
2023-11-23,609.3961181640625,635.0,645.0,635.0,645.0,50600
2023-11-24,618.992919921875,645.0,645.0,635.0,635.0,37700
2023-11-27,609.3961181640625,635.0,635.0,635.0,635.0,52600
2023-11-28,599.79931640625,625.0,625.0,625.0,625.0,50000
2023-11-29,599.79931640625,625.0,625.0,625.0,625.0,53500
2023-11-30,599.79931640625,625.0,630.0,625.0,630.0,51100
2023-12-01,575.807373046875,600.0,610.0,600.0,600.0,21000
2023-12-04,575.807373046875,600.0,600.0,600.0,600.0,1300
2023-12-05,575.807373046875,600.0,600.0,595.0,600.0,213600
2023-12-06,575.807373046875,600.0,600.0,580.0,580.0,234300
2023-12-07,571.0089721679688,595.0,595.0,575.0,575.0,1600
2023-12-08,571.0089721679688,595.0,600.0,585.0,600.0,61000
2023-12-11,580.605712890625,605.0,615.0,595.0,595.0,449300
2023-12-12,580.605712890625,605.0,620.0,605.0,615.0,22600
2023-12-13,590.2025146484375,615.0,615.0,600.0,600.0,30500
2023-12-14,590.2025146484375,615.0,615.0,595.0,615.0,33800
2023-12-15,590.2025146484375,615.0,615.0,580.0,595.0,6300
2023-12-18,590.2025146484375,615.0,615.0,585.0,585.0,1700
2023-12-19,590.2025146484375,615.0,615.0,570.0,575.0,7400
2023-12-20,580.605712890625,605.0,610.0,590.0,590.0,2900
2023-12-21,566.2105102539062,590.0,605.0,570.0,605.0,38500
2023-12-22,580.605712890625,605.0,605.0,575.0,590.0,2400
2023-12-27,571.0089721679688,595.0,605.0,575.0,605.0,800
2023-12-28,580.605712890625,605.0,605.0,575.0,595.0,2800
2023-12-29,580.605712890625,605.0,605.0,570.0,575.0,46200
2024-01-02,575.807373046875,600.0,600.0,600.0,600.0,45400
2024-01-03,580.605712890625,605.0,605.0,605.0,605.0,200
2024-01-04,590.2025146484375,615.0,615.0,595.0,595.0,2569300
2024-01-05,590.2025146484375,615.0,615.0,590.0,615.0,28000
2024-01-08,599.79931640625,625.0,625.0,610.0,610.0,5500
2024-01-09,599.79931640625,625.0,625.0,625.0,625.0,0
2024-01-10,599.79931640625,625.0,625.0,625.0,625.0,200
2024-01-11,599.79931640625,625.0,625.0,600.0,625.0,4900
2024-01-12,599.79931640625,625.0,625.0,620.0,625.0,13000
2024-01-15,580.605712890625,605.0,625.0,605.0,605.0,32300
2024-01-16,595.0009155273438,620.0,625.0,605.0,620.0,1400
2024-01-17,585.4041137695312,610.0,610.0,605.0,605.0,24600
2024-01-18,580.605712890625,605.0,610.0,600.0,600.0,12700
2024-01-19,580.605712890625,605.0,615.0,605.0,605.0,26000
2024-01-22,580.605712890625,605.0,605.0,605.0,605.0,34900
2024-01-23,580.605712890625,605.0,615.0,605.0,615.0,400
2024-01-24,585.4041137695312,610.0,610.0,600.0,605.0,8900
2024-01-25,585.4041137695312,610.0,610.0,610.0,610.0,5200
2024-01-26,575.807373046875,600.0,615.0,595.0,595.0,2300
2024-01-29,585.4041137695312,610.0,610.0,600.0,600.0,16100
2024-01-30,590.2025146484375,615.0,615.0,605.0,605.0,27700
2024-01-31,580.605712890625,605.0,610.0,605.0,605.0,12300
2024-02-01,575.807373046875,600.0,615.0,600.0,615.0,30600
2024-02-02,580.605712890625,605.0,605.0,605.0,605.0,100
2024-02-05,575.807373046875,600.0,600.0,600.0,600.0,26600
2024-02-06,575.807373046875,600.0,600.0,600.0,600.0,0
2024-02-07,580.605712890625,605.0,605.0,600.0,600.0,90000
2024-02-12,580.605712890625,605.0,605.0,605.0,605.0,0
2024-02-13,575.807373046875,600.0,610.0,600.0,600.0,52500
2024-02-15,571.0089721679688,595.0,595.0,595.0,595.0,5300
2024-02-16,575.807373046875,600.0,600.0,590.0,590.0,34500
2024-02-19,561.412109375,585.0,585.0,585.0,585.0,2800
2024-02-20,556.61376953125,580.0,585.0,580.0,585.0,1900
2024-02-21,556.61376953125,580.0,580.0,580.0,580.0,22000
2024-02-22,556.61376953125,580.0,580.0,580.0,580.0,100
2024-02-23,561.412109375,585.0,585.0,585.0,585.0,10000
2024-02-26,561.412109375,585.0,585.0,570.0,570.0,7100
2024-02-27,537.420166015625,560.0,585.0,560.0,585.0,22000
2024-02-28,561.412109375,585.0,585.0,585.0,585.0,3800
2024-02-29,571.0089721679688,595.0,595.0,565.0,565.0,16900
2024-03-01,566.2105102539062,590.0,590.0,565.0,585.0,700
2024-03-04,561.412109375,585.0,590.0,575.0,590.0,1300
2024-03-05,561.412109375,585.0,590.0,560.0,585.0,16900
2024-03-06,566.2105102539062,590.0,590.0,585.0,585.0,6100
2024-03-07,575.807373046875,600.0,600.0,570.0,570.0,4400
2024-03-08,561.412109375,585.0,600.0,580.0,595.0,1700
2024-03-13,566.2105102539062,590.0,600.0,565.0,585.0,8800
2024-03-14,556.61376953125,580.0,600.0,570.0,600.0,800
2024-03-15,566.2105102539062,590.0,595.0,570.0,580.0,900
2024-03-18,561.412109375,585.0,590.0,570.0,570.0,4000
2024-03-19,561.412109375,585.0,585.0,575.0,585.0,500
2024-03-20,561.412109375,585.0,585.0,585.0,585.0,300
2024-03-21,556.61376953125,580.0,580.0,565.0,565.0,3100
2024-03-22,556.61376953125,580.0,580.0,580.0,580.0,0
2024-03-25,561.412109375,585.0,585.0,570.0,585.0,10700
2024-03-26,547.0169677734375,570.0,580.0,570.0,580.0,8800
2024-03-27,551.8153686523438,575.0,575.0,575.0,575.0,3500
2024-03-28,551.8153686523438,575.0,590.0,575.0,575.0,12000
2024-04-01,551.8153686523438,575.0,590.0,575.0,590.0,600
2024-04-02,542.2186279296875,565.0,590.0,565.0,590.0,2800
2024-04-03,556.61376953125,580.0,580.0,565.0,565.0,600
2024-04-04,551.8153686523438,575.0,575.0,570.0,570.0,700
2024-04-05,556.61376953125,580.0,580.0,580.0,580.0,200
2024-04-16,523.0250244140625,545.0,585.0,545.0,585.0,41700
2024-04-17,537.420166015625,560.0,580.0,550.0,560.0,74100
2024-04-18,537.420166015625,560.0,560.0,560.0,560.0,0
2024-04-19,527.8234252929688,550.0,570.0,530.0,570.0,39400
2024-04-22,527.8234252929688,550.0,555.0,550.0,555.0,700
2024-04-23,523.0250244140625,545.0,550.0,545.0,550.0,3300
2024-04-24,537.420166015625,560.0,560.0,540.0,545.0,30800
2024-04-25,489.4362487792969,510.0,560.0,494.0,555.0,17400
2024-04-26,479.8394470214844,500.0,515.0,500.0,510.0,10300
2024-04-29,489.4362487792969,510.0,510.0,505.0,505.0,2100
2024-04-30,503.8314208984375,525.0,525.0,510.0,510.0,12100
2024-05-02,477.92010498046875,498.0,525.0,498.0,525.0,26600
2024-05-03,479.8394470214844,500.0,515.0,500.0,515.0,200
2024-05-06,476.000732421875,496.0,500.0,496.0,498.0,14200
2024-05-07,472.1620178222656,492.0,496.0,492.0,496.0,26800
2024-05-08,474.0813903808594,494.0,494.0,494.0,494.0,100
2024-05-13,474.0813903808594,494.0,494.0,492.0,492.0,7000
2024-05-14,472.1620178222656,492.0,492.0,490.0,492.0,89800
2024-05-15,479.8394470214844,500.0,505.0,490.0,492.0,25300
2024-05-16,476.000732421875,496.0,498.0,496.0,498.0,6600
2024-05-17,479.8394470214844,500.0,510.0,494.0,496.0,4000
2024-05-20,476.000732421875,496.0,525.0,492.0,492.0,92200
2024-05-21,477.92010498046875,498.0,500.0,496.0,500.0,4500
2024-05-22,466.4039611816406,486.0,486.0,480.0,480.0,1700
2024-05-27,470.2426452636719,490.0,490.0,488.0,490.0,5300
2024-05-28,466.4039611816406,486.0,490.0,486.0,490.0,32800
2024-05-29,479.8394470214844,500.0,500.0,486.0,486.0,2000
2024-05-30,466.4039611816406,486.0,486.0,484.0,486.0,10800
2024-05-31,464.4845886230469,484.0,488.0,484.0,486.0,3900
2024-06-03,472.1620178222656,492.0,492.0,484.0,484.0,600
2024-06-04,472.1620178222656,492.0,492.0,480.0,480.0,5800
2024-06-05,499.0330505371094,520.0,520.0,492.0,492.0,2600
2024-06-06,468.32330322265625,488.0,520.0,488.0,510.0,4200
2024-06-07,468.32330322265625,488.0,488.0,488.0,488.0,10400
2024-06-10,484.6378173828125,505.0,505.0,488.0,488.0,8000
2024-06-11,479.8394470214844,500.0,505.0,480.0,505.0,3000
2024-06-12,451.0491027832031,470.0,500.0,470.0,500.0,236000
2024-06-13,451.0491027832031,470.0,474.0,470.0,474.0,31300
2024-06-14,451.0491027832031,470.0,472.0,470.0,472.0,6300
2024-06-19,458.72650146484375,478.0,478.0,470.0,470.0,23000
2024-06-20,466.4039611816406,486.0,488.0,476.0,476.0,3500
2024-06-21,476.000732421875,496.0,496.0,476.0,476.0,30300
2024-06-24,472.1620178222656,492.0,492.0,476.0,478.0,231000
2024-06-25,470.2426452636719,490.0,490.0,476.0,478.0,7700
2024-06-26,458.72650146484375,478.0,480.0,478.0,480.0,10300
2024-06-27,470.2426452636719,490.0,490.0,478.0,478.0,300
2024-06-28,479.8394470214844,500.0,520.0,488.0,488.0,1500
2024-07-01,479.8394470214844,500.0,505.0,500.0,500.0,2500
2024-07-02,474.0813903808594,494.0,515.0,494.0,515.0,2500
2024-07-03,472.1620178222656,492.0,510.0,492.0,498.0,6400
2024-07-04,462.56524658203125,482.0,496.0,482.0,496.0,8200
2024-07-05,477.92010498046875,498.0,500.0,490.0,490.0,5100
2024-07-08,486.6803283691406,500.0,505.0,500.0,500.0,5400
2024-07-09,486.6803283691406,500.0,510.0,500.0,500.0,97600
2024-07-10,482.7868957519531,496.0,510.0,496.0,505.0,9000
2024-07-11,482.7868957519531,496.0,496.0,496.0,496.0,1000
2024-07-12,486.6803283691406,500.0,500.0,494.0,496.0,800
2024-07-15,473.05328369140625,486.0,505.0,486.0,505.0,5700
2024-07-16,486.6803283691406,500.0,505.0,500.0,505.0,2400
2024-07-17,486.6803283691406,500.0,510.0,500.0,505.0,20100
2024-07-18,484.7336120605469,498.0,500.0,498.0,500.0,1800
2024-07-19,465.2663879394531,478.0,500.0,476.0,498.0,110900
2024-07-22,465.2663879394531,478.0,490.0,478.0,478.0,19300
2024-07-23,482.7868957519531,496.0,496.0,480.0,480.0,23700
2024-07-24,480.8401794433594,494.0,496.0,472.0,484.0,100300
2024-07-25,480.8401794433594,494.0,500.0,494.0,500.0,2100
2024-07-26,463.3196716308594,476.0,498.0,472.0,494.0,59300
2024-07-29,457.4795227050781,470.0,492.0,470.0,478.0,40200
2024-07-30,475.0,488.0,490.0,474.0,478.0,28200
2024-07-31,469.15985107421875,482.0,498.0,480.0,488.0,47000
2024-08-01,451.63934326171875,464.0,482.0,464.0,480.0,735500
2024-08-02,455.53277587890625,468.0,478.0,458.0,464.0,1153200
2024-08-05,457.4795227050781,470.0,470.0,452.0,468.0,48700
2024-08-06,515.8811645507812,530.0,540.0,460.0,470.0,244600
2024-08-07,475.0,488.0,540.0,470.0,530.0,302800
2024-08-08,465.2663879394531,478.0,488.0,478.0,488.0,5500
2024-08-09,467.2131042480469,480.0,496.0,460.0,476.0,72900
2024-08-12,465.2663879394531,478.0,498.0,468.0,480.0,37200
2024-08-13,473.05328369140625,486.0,486.0,466.0,478.0,5500
2024-08-14,520.7479248046875,535.0,535.0,472.0,478.0,99000
2024-08-15,482.7868957519531,496.0,520.0,470.0,520.0,292900
2024-08-16,467.2131042480469,480.0,496.0,470.0,496.0,210500
2024-08-19,461.3729553222656,474.0,480.0,470.0,480.0,121300
2024-08-20,461.3729553222656,474.0,474.0,472.0,474.0,10800
2024-08-21,463.3196716308594,476.0,478.0,474.0,474.0,21100
2024-08-22,455.53277587890625,468.0,476.0,468.0,476.0,86200
2024-08-23,467.2131042480469,480.0,488.0,464.0,464.0,33100
2024-08-26,467.2131042480469,480.0,488.0,480.0,480.0,36000
2024-08-27,467.2131042480469,480.0,486.0,478.0,478.0,26100
2024-08-28,455.53277587890625,468.0,478.0,458.0,474.0,74900
2024-08-29,457.4795227050781,470.0,478.0,468.0,468.0,5500
2024-08-30,463.3196716308594,476.0,478.0,472.0,472.0,15900
2024-09-02,463.3196716308594,476.0,484.0,476.0,478.0,24600
2024-09-03,461.3729553222656,474.0,486.0,472.0,476.0,67800
2024-09-04,461.3729553222656,474.0,484.0,474.0,474.0,23400
2024-09-05,467.2131042480469,480.0,488.0,474.0,474.0,11200
2024-09-06,469.15985107421875,482.0,482.0,480.0,480.0,1000
2024-09-09,469.15985107421875,482.0,482.0,478.0,482.0,2200
2024-09-10,471.1065673828125,484.0,486.0,472.0,482.0,16500
2024-09-11,471.1065673828125,484.0,484.0,478.0,484.0,2400
2024-09-12,467.2131042480469,480.0,488.0,478.0,488.0,22300
2024-09-13,469.15985107421875,482.0,488.0,482.0,486.0,300
2024-09-17,469.15985107421875,482.0,486.0,482.0,486.0,11700
2024-09-18,467.2131042480469,480.0,482.0,478.0,480.0,4400
2024-09-19,469.15985107421875,482.0,482.0,478.0,478.0,2300
2024-09-20,461.3729553222656,474.0,482.0,474.0,482.0,56600
2024-09-23,461.3729553222656,474.0,474.0,472.0,472.0,3300
2024-09-24,467.2131042480469,480.0,480.0,474.0,474.0,16900
2024-09-25,461.3729553222656,474.0,480.0,474.0,480.0,53100
2024-09-26,480.8401794433594,494.0,494.0,474.0,480.0,240600
2024-09-27,473.05328369140625,486.0,490.0,484.0,490.0,8300
2024-09-30,501.2807312011719,515.0,515.0,480.0,484.0,152600
2024-10-01,473.05328369140625,486.0,500.0,486.0,500.0,13000
2024-10-02,469.15985107421875,482.0,515.0,482.0,486.0,136500
2024-10-03,480.8401794433594,494.0,515.0,482.0,482.0,112100
2024-10-04,540.2151489257812,555.0,600.0,494.0,494.0,1084300
2024-10-07,496.4139404296875,510.0,555.0,505.0,550.0,194600
2024-10-08,491.547119140625,505.0,555.0,500.0,510.0,145900
2024-10-09,486.6803283691406,500.0,510.0,490.0,500.0,89600
2024-10-10,476.94671630859375,490.0,510.0,488.0,510.0,47700
2024-10-11,476.94671630859375,490.0,505.0,490.0,496.0,27400
2024-10-14,486.6803283691406,500.0,505.0,494.0,500.0,13800
2024-10-15,484.7336120605469,498.0,510.0,498.0,505.0,12700
2024-10-16,482.7868957519531,496.0,500.0,494.0,494.0,9600
2024-10-17,491.547119140625,505.0,510.0,494.0,494.0,52200
2024-10-18,491.547119140625,505.0,515.0,500.0,510.0,28700
2024-10-21,486.6803283691406,500.0,500.0,496.0,496.0,5500
2024-10-22,478.8934326171875,492.0,510.0,486.0,510.0,11800
2024-10-23,469.15985107421875,482.0,492.0,480.0,492.0,38400
2024-10-24,457.4795227050781,470.0,490.0,470.0,484.0,63900
2024-10-25,463.3196716308594,476.0,490.0,464.0,490.0,54300
2024-10-28,467.2131042480469,480.0,480.0,476.0,476.0,13800
2024-10-29,465.2663879394531,478.0,488.0,478.0,478.0,29600
2024-10-30,457.4795227050781,470.0,486.0,470.0,486.0,50000
2024-10-31,476.94671630859375,490.0,498.0,462.0,480.0,123600
2024-11-01,469.15985107421875,482.0,490.0,472.0,490.0,13100
2024-11-04,459.4262390136719,472.0,478.0,470.0,472.0,21700
2024-11-05,457.4795227050781,470.0,478.0,468.0,472.0,11500
2024-11-06,451.63934326171875,464.0,482.0,460.0,480.0,36400
2024-11-07,459.4262390136719,472.0,472.0,464.0,464.0,36500
2024-11-08,459.4262390136719,472.0,472.0,472.0,472.0,0
2024-11-11,461.3729553222656,474.0,478.0,470.0,478.0,3800
2024-11-12,461.3729553222656,474.0,474.0,470.0,470.0,13600
2024-11-13,467.2131042480469,480.0,480.0,470.0,476.0,31500
2024-11-14,459.4262390136719,472.0,480.0,472.0,480.0,300
2024-11-15,459.4262390136719,472.0,472.0,472.0,472.0,100
2024-11-18,453.5860595703125,466.0,488.0,466.0,472.0,35300
2024-11-19,453.5860595703125,466.0,472.0,460.0,460.0,18500
2024-11-20,455.53277587890625,468.0,468.0,468.0,468.0,2600
2024-11-21,455.53277587890625,468.0,468.0,462.0,462.0,2200
2024-11-22,453.5860595703125,466.0,466.0,430.0,464.0,133100
2024-11-25,451.63934326171875,464.0,466.0,440.0,458.0,18900
2024-11-26,438.0122985839844,450.0,466.0,450.0,464.0,20200
2024-11-28,455.53277587890625,468.0,468.0,450.0,450.0,11200
2024-11-29,438.0122985839844,450.0,468.0,450.0,450.0,8500
2024-12-02,438.0122985839844,450.0,466.0,448.0,452.0,43400
2024-12-03,438.0122985839844,450.0,464.0,442.0,464.0,2800
2024-12-04,436.0655822753906,448.0,450.0,448.0,450.0,40000
2024-12-05,434.1188659667969,446.0,454.0,446.0,448.0,7100
2024-12-06,439.9590148925781,452.0,470.0,450.0,450.0,48100
2024-12-09,439.9590148925781,452.0,464.0,452.0,452.0,13500
2024-12-10,439.9590148925781,452.0,456.0,450.0,452.0,468800
2024-12-11,441.9057312011719,454.0,466.0,440.0,450.0,897400
2024-12-12,438.0122985839844,450.0,456.0,450.0,456.0,59600
2024-12-13,434.1188659667969,446.0,460.0,442.0,460.0,124100
2024-12-16,430.22540283203125,442.0,452.0,442.0,452.0,124600
2024-12-17,430.22540283203125,442.0,444.0,442.0,444.0,10100
2024-12-18,432.172119140625,444.0,454.0,444.0,444.0,1000
2024-12-19,428.2786865234375,440.0,442.0,440.0,442.0,8300
2024-12-20,428.2786865234375,440.0,468.0,440.0,440.0,27500
2024-12-23,447.74591064453125,460.0,462.0,442.0,442.0,10700
2024-12-24,438.0122985839844,450.0,460.0,450.0,460.0,700
2024-12-27,438.0122985839844,450.0,460.0,444.0,450.0,800
2024-12-30,473.05328369140625,486.0,486.0,442.0,450.0,144500
2025-01-02,441.9057312011719,454.0,482.0,450.0,482.0,8500
2025-01-03,438.0122985839844,450.0,462.0,450.0,458.0,4500
2025-01-06,445.7991943359375,458.0,474.0,452.0,460.0,1300
2025-01-07,439.9590148925781,452.0,458.0,450.0,458.0,3500
2025-01-08,453.5860595703125,466.0,468.0,450.0,468.0,5800
2025-01-09,430.22540283203125,442.0,466.0,442.0,466.0,27700
2025-01-10,430.22540283203125,442.0,460.0,438.0,458.0,42200
2025-01-13,428.2786865234375,440.0,456.0,440.0,440.0,600
2025-01-14,439.9590148925781,452.0,452.0,434.0,448.0,50300
2025-01-15,434.1188659667969,446.0,448.0,446.0,448.0,3900
2025-01-16,432.172119140625,444.0,448.0,444.0,446.0,300
2025-01-17,439.9590148925781,452.0,452.0,444.0,444.0,1100
2025-01-20,436.0655822753906,448.0,452.0,448.0,448.0,53000
2025-01-21,432.172119140625,444.0,446.0,444.0,446.0,6400
2025-01-22,432.172119140625,444.0,448.0,444.0,446.0,7600
2025-01-23,424.38525390625,436.0,444.0,428.0,442.0,391000
2025-01-24,438.0122985839844,450.0,488.0,424.0,436.0,696700
2025-01-30,457.4795227050781,470.0,482.0,430.0,450.0,166100
2025-01-31,445.7991943359375,458.0,488.0,450.0,460.0,103400
2025-02-03,438.0122985839844,450.0,488.0,430.0,470.0,101900
2025-02-04,420.4917907714844,432.0,460.0,420.0,450.0,334900
2025-02-05,414.6516418457031,426.0,432.0,426.0,432.0,37500
2025-02-06,414.6516418457031,426.0,426.0,424.0,426.0,8300
2025-02-07,416.5983581542969,428.0,436.0,428.0,436.0,5400
2025-02-10,412.7049255371094,424.0,428.0,422.0,428.0,7300
2025-02-11,389.3442687988281,400.0,422.0,394.0,422.0,19600
2025-02-12,389.3442687988281,400.0,400.0,394.0,400.0,5100
2025-02-13,385.4508056640625,396.0,404.0,394.0,404.0,18800
2025-02-14,387.3975524902344,398.0,398.0,392.0,398.0,8800
2025-02-17,399.077880859375,410.0,410.0,396.0,398.0,35100
2025-02-18,401.02459716796875,412.0,418.0,406.0,418.0,15000
2025-02-19,399.077880859375,410.0,418.0,410.0,412.0,5400
2025-02-20,395.1844177246094,406.0,410.0,406.0,410.0,5800
2025-02-21,393.2377014160156,404.0,406.0,400.0,406.0,19600
2025-02-24,402.9713134765625,414.0,418.0,402.0,404.0,154000
2025-02-25,416.5983581542969,428.0,430.0,414.0,418.0,27900
2025-02-26,408.81146240234375,420.0,424.0,420.0,424.0,2200
2025-02-27,401.02459716796875,412.0,412.0,412.0,412.0,100
2025-02-28,399.077880859375,410.0,414.0,410.0,414.0,900
2025-03-03,387.3975524902344,398.0,428.0,398.0,428.0,12500
2025-03-04,385.4508056640625,396.0,400.0,396.0,400.0,1300
2025-03-05,385.4508056640625,396.0,400.0,396.0,398.0,13900
2025-03-06,383.50408935546875,394.0,398.0,394.0,398.0,12800
2025-03-07,399.077880859375,410.0,410.0,400.0,400.0,13900
2025-03-10,387.3975524902344,398.0,402.0,398.0,402.0,7300
2025-03-11,395.1844177246094,406.0,406.0,392.0,398.0,77200
2025-03-12,387.3975524902344,398.0,406.0,398.0,406.0,1400
2025-03-13,395.1844177246094,406.0,406.0,406.0,406.0,2600
2025-03-14,395.1844177246094,406.0,406.0,406.0,406.0,0
2025-03-17,389.3442687988281,400.0,400.0,398.0,398.0,300
2025-03-18,381.557373046875,392.0,400.0,392.0,400.0,15000
2025-03-19,402.9713134765625,414.0,414.0,394.0,414.0,68600
2025-03-20,402.9713134765625,414.0,414.0,398.0,400.0,6900
2025-03-21,401.02459716796875,412.0,414.0,392.0,414.0,2900
2025-03-24,387.3975524902344,398.0,414.0,392.0,392.0,900
2025-03-25,402.9713134765625,414.0,414.0,400.0,414.0,1900
2025-03-26,402.9713134765625,414.0,414.0,414.0,414.0,1600
2025-03-27,399.077880859375,410.0,422.0,410.0,416.0,159100
2025-04-08,377.6639404296875,388.0,400.0,388.0,400.0,14500
2025-04-09,375.71722412109375,386.0,390.0,386.0,390.0,4400
2025-04-10,360.1434326171875,370.0,388.0,368.0,388.0,160300
2025-04-11,311.47540283203125,320.0,370.0,316.0,370.0,4288300
2025-04-14,317.3155822753906,326.0,326.0,318.0,324.0,489100
2025-04-15,313.422119140625,322.0,328.0,290.0,326.0,878700
2025-04-16,309.5286865234375,318.0,326.0,318.0,322.0,538200
2025-04-17,303.68853759765625,312.0,322.0,310.0,322.0,151700
2025-04-21,311.47540283203125,320.0,320.0,312.0,312.0,254100
2025-04-22,307.58197021484375,316.0,320.0,314.0,320.0,89800
2025-04-23,307.58197021484375,316.0,318.0,314.0,314.0,128200
2025-04-24,313.422119140625,322.0,322.0,316.0,316.0,162300
2025-04-25,311.47540283203125,320.0,324.0,316.0,324.0,145500
2025-04-28,315.3688659667969,324.0,324.0,320.0,320.0,63100
2025-04-29,313.422119140625,322.0,326.0,322.0,324.0,23800
2025-04-30,313.422119140625,322.0,326.0,318.0,322.0,412700
2025-05-02,292.0082092285156,300.0,320.0,298.0,320.0,1282100
2025-05-05,293.9549255371094,302.0,306.0,298.0,302.0,129300
2025-05-06,301.7417907714844,310.0,316.0,304.0,306.0,214400
2025-05-07,305.63525390625,314.0,316.0,304.0,310.0,74400
2025-05-08,307.58197021484375,316.0,318.0,312.0,314.0,65200
2025-05-09,307.58197021484375,316.0,318.0,314.0,316.0,16200
2025-05-14,292.0082092285156,300.0,320.0,298.0,316.0,1806600
2025-05-15,290.06146240234375,298.0,302.0,294.0,302.0,320800
2025-05-16,270.5942687988281,278.0,298.0,270.0,298.0,2521700
2025-05-19,274.4877014160156,282.0,302.0,276.0,280.0,1377900
2025-05-20,276.4344177246094,284.0,288.0,282.0,284.0,432400
2025-05-21,278.3811340332031,286.0,286.0,280.0,286.0,184400
2025-05-22,276.4344177246094,284.0,286.0,282.0,286.0,95900
2025-05-23,276.4344177246094,284.0,286.0,282.0,286.0,49900
2025-05-26,274.4877014160156,282.0,286.0,276.0,284.0,242900
2025-05-27,274.4877014160156,282.0,282.0,280.0,282.0,50500
2025-05-28,272.5409851074219,280.0,282.0,278.0,282.0,99800
2025-06-02,272.5409851074219,280.0,280.0,276.0,280.0,368900
2025-06-03,272.5409851074219,280.0,280.0,276.0,280.0,795500
2025-06-04,268.6475524902344,276.0,280.0,276.0,280.0,458500
2025-06-05,270.5942687988281,278.0,280.0,278.0,280.0,26200
2025-06-10,264.75408935546875,272.0,280.0,270.0,280.0,500300
2025-06-11,256.96722412109375,264.0,272.0,260.0,272.0,384900
2025-06-12,253.0737762451172,260.0,264.0,258.0,264.0,877900
2025-06-13,253.0737762451172,260.0,260.0,256.0,260.0,1046200
2025-06-16,253.0737762451172,260.0,262.0,258.0,260.0,832000
2025-06-17,243.3401641845703,250.0,262.0,248.0,260.0,3403100
2025-06-18,229.71311950683594,236.0,252.0,230.0,252.0,2254900
2025-06-19,229.71311950683594,236.0,240.0,232.0,238.0,175200
2025-06-20,227.76638793945312,234.0,238.0,232.0,236.0,95600
2025-06-23,227.76638793945312,234.0,236.0,230.0,236.0,90200
2025-06-24,241.39344787597656,248.0,248.0,236.0,236.0,104500
2025-06-25,227.76638793945312,234.0,250.0,234.0,234.0,98800
2025-06-26,233.60655212402344,240.0,246.0,234.0,240.0,66700
2025-06-30,241.39344787597656,248.0,252.0,240.0,240.0,1504300
2025-07-01,245.28688049316406,252.0,260.0,248.0,254.0,1368200
2025-07-02,237.5,244.0,258.0,244.0,256.0,395200
2025-07-03,242.0,242.0,244.0,240.0,244.0,275400
2025-07-04,242.0,242.0,246.0,242.0,242.0,98800
2025-07-07,242.0,242.0,244.0,238.0,244.0,75700
2025-07-08,240.0,240.0,244.0,238.0,242.0,22400
2025-07-09,242.0,242.0,242.0,240.0,240.0,58300
2025-07-10,248.0,248.0,250.0,240.0,240.0,87600
2025-07-11,254.0,254.0,258.0,248.0,248.0,154800
2025-07-14,250.0,250.0,258.0,240.0,254.0,330300
2025-07-15,240.0,240.0,248.0,238.0,248.0,375800
2025-07-16,242.0,242.0,246.0,240.0,240.0,52000
2025-07-17,244.0,244.0,254.0,242.0,242.0,116500
2025-07-18,248.0,248.0,254.0,244.0,244.0,454100
2025-07-21,248.0,248.0,248.0,240.0,248.0,92800
2025-07-22,240.0,240.0,254.0,238.0,254.0,273600
2025-07-23,252.0,252.0,254.0,240.0,242.0,489700
2025-07-24,268.0,268.0,296.0,248.0,252.0,1642100
2025-07-25,270.0,270.0,276.0,260.0,268.0,150600
2025-07-28,264.0,264.0,270.0,260.0,270.0,285800
2025-07-29,260.0,260.0,262.0,260.0,262.0,262100
2025-07-30,274.0,274.0,286.0,260.0,260.0,589600
2025-07-31,274.0,274.0,284.0,272.0,274.0,324900
2025-08-01,270.0,270.0,274.0,264.0,274.0,204200
2025-08-04,260.0,260.0,266.0,254.0,264.0,543300
2025-08-05,260.0,260.0,266.0,260.0,262.0,125100
2025-08-06,264.0,264.0,266.0,262.0,262.0,115000
2025-08-07,266.0,266.0,266.0,258.0,264.0,68100
2025-08-08,264.0,264.0,266.0,258.0,266.0,73400
2025-08-11,260.0,260.0,266.0,260.0,264.0,52500
2025-08-12,266.0,266.0,270.0,258.0,258.0,302700
2025-08-13,268.0,268.0,270.0,264.0,270.0,94700
2025-08-14,270.0,270.0,272.0,266.0,270.0,177800
2025-08-15,268.0,268.0,272.0,266.0,272.0,71200
2025-08-19,284.0,284.0,310.0,264.0,270.0,2359900
2025-08-20,314.0,314.0,348.0,300.0,312.0,4429100
2025-08-21,304.0,304.0,320.0,286.0,318.0,932400
2025-08-22,298.0,298.0,304.0,298.0,304.0,241000
2025-08-25,300.0,300.0,306.0,298.0,300.0,293800
2025-08-26,300.0,300.0,308.0,298.0,300.0,277100
2025-08-27,300.0,300.0,304.0,300.0,302.0,170500
2025-08-28,298.0,298.0,302.0,298.0,302.0,203300
2025-08-29,292.0,292.0,304.0,288.0,298.0,478600
2025-09-01,282.0,282.0,288.0,278.0,288.0,557300
2025-09-02,288.0,288.0,290.0,282.0,282.0,183500
2025-09-03,292.0,292.0,292.0,286.0,292.0,127400
2025-09-04,292.0,292.0,294.0,290.0,294.0,155800
2025-09-08,296.0,296.0,298.0,290.0,290.0,264500
2025-09-09,292.0,292.0,298.0,286.0,296.0,92100
2025-09-10,292.0,292.0,296.0,290.0,292.0,127400
2025-09-11,294.0,294.0,298.0,292.0,294.0,110000
2025-09-12,292.0,292.0,300.0,290.0,298.0,334800
2025-09-15,300.0,300.0,302.0,292.0,292.0,209900
2025-09-16,300.0,300.0,304.0,300.0,300.0,82800
2025-09-17,296.0,296.0,304.0,296.0,302.0,137200
2025-09-18,300.0,300.0,300.0,294.0,296.0,32800
2025-09-19,298.0,298.0,302.0,296.0,302.0,23500
2025-09-22,296.0,296.0,300.0,296.0,300.0,108000
2025-09-23,298.0,298.0,300.0,294.0,296.0,106800
2025-09-24,302.0,302.0,302.0,296.0,298.0,178900
2025-09-25,302.0,302.0,308.0,298.0,304.0,232300
2025-09-26,304.0,304.0,304.0,300.0,300.0,139300
2025-09-29,314.0,314.0,338.0,304.0,304.0,1471500
2025-09-30,308.0,308.0,316.0,304.0,314.0,424100
2025-10-01,320.0,320.0,320.0,312.0,312.0,495900
2025-10-02,322.0,322.0,326.0,318.0,326.0,608400
2025-10-03,322.0,322.0,328.0,320.0,322.0,486200
2025-10-06,320.0,320.0,326.0,300.0,322.0,263400
2025-10-07,318.0,318.0,330.0,314.0,320.0,375500
2025-10-08,316.0,316.0,324.0,308.0,324.0,162100
2025-10-09,316.0,316.0,326.0,314.0,316.0,194800
2025-10-10,320.0,320.0,326.0,318.0,318.0,141100
2025-10-13,316.0,316.0,324.0,316.0,318.0,184700
2025-10-14,310.0,310.0,316.0,310.0,316.0,249600
2025-10-15,310.0,310.0,318.0,308.0,310.0,185000
2025-10-16,310.0,310.0,318.0,308.0,310.0,171500
2025-10-17,310.0,310.0,318.0,304.0,312.0,339900
2025-10-20,316.0,316.0,318.0,310.0,310.0,85500
2025-10-21,316.0,316.0,318.0,314.0,316.0,129000
2025-10-22,314.0,314.0,316.0,308.0,316.0,132600
2025-10-23,308.0,308.0,318.0,308.0,318.0,64000
2025-10-24,384.0,384.0,384.0,308.0,316.0,10706300
2025-10-27,336.0,336.0,384.0,330.0,384.0,6890600
2025-10-28,324.0,324.0,336.0,322.0,336.0,452100
2025-10-29,332.0,332.0,332.0,324.0,332.0,212800
2025-10-30,326.0,326.0,332.0,324.0,332.0,141100
2025-10-31,326.0,326.0,332.0,318.0,326.0,323000
2025-11-03,322.0,322.0,328.0,322.0,326.0,175500
2025-11-04,324.0,324.0,326.0,322.0,322.0,144400
2025-11-05,328.0,328.0,328.0,322.0,324.0,1053100
2025-11-06,326.0,326.0,334.0,324.0,330.0,208600
2025-11-07,324.0,324.0,334.0,324.0,326.0,192000
2025-11-10,324.0,324.0,326.0,322.0,324.0,32200
2025-11-11,330.0,330.0,332.0,324.0,332.0,225300
2025-11-12,332.0,332.0,334.0,330.0,332.0,73400
2025-11-13,334.0,334.0,344.0,332.0,334.0,202800
2025-11-14,332.0,332.0,340.0,330.0,340.0,64700
2025-11-17,338.0,338.0,340.0,332.0,340.0,160800
2025-11-18,326.0,326.0,338.0,322.0,338.0,368700
2025-11-19,326.0,326.0,330.0,326.0,330.0,106600
2025-11-20,330.0,330.0,336.0,326.0,326.0,128900
2025-11-21,334.0,334.0,336.0,328.0,330.0,38000
2025-11-24,332.0,332.0,334.0,326.0,334.0,147700
2025-11-25,334.0,334.0,346.0,326.0,328.0,585400
2025-11-26,328.0,328.0,340.0,318.0,340.0,731500
2025-11-27,326.0,326.0,332.0,324.0,328.0,94000
2025-11-28,326.0,326.0,334.0,324.0,324.0,463500
2025-12-01,330.0,330.0,336.0,324.0,328.0,51900
2025-12-02,326.0,326.0,332.0,320.0,328.0,257000
2025-12-03,324.0,324.0,336.0,324.0,326.0,79900
2025-12-04,332.0,332.0,334.0,324.0,324.0,98600
2025-12-05,332.0,332.0,334.0,326.0,332.0,170800
2025-12-08,330.0,330.0,332.0,324.0,332.0,134100
2025-12-09,328.0,328.0,332.0,328.0,332.0,133000
2025-12-10,332.0,332.0,336.0,328.0,334.0,289500
2025-12-11,326.0,326.0,336.0,324.0,336.0,229700
2025-12-12,328.0,328.0,328.0,324.0,328.0,134800
2025-12-15,326.0,326.0,330.0,322.0,328.0,91900
2025-12-16,326.0,326.0,326.0,320.0,326.0,172400
2025-12-17,320.0,320.0,330.0,318.0,326.0,127300
2025-12-18,324.0,324.0,326.0,314.0,320.0,123100
2025-12-19,320.0,320.0,324.0,318.0,324.0,80600
2025-12-22,320.0,320.0,326.0,318.0,322.0,66500
2025-12-23,314.0,314.0,324.0,312.0,324.0,114400
2025-12-24,320.0,320.0,322.0,310.0,314.0,323500
2025-12-29,314.0,314.0,326.0,298.0,320.0,344900
2025-12-30,316.0,316.0,326.0,316.0,316.0,192800
