Date,Adj Close,Close,High,Low,Open,Volume
2020-01-02,83.57115936279297,95.0,95.45454406738281,95.0,95.45454406738281,4359300
2020-01-03,83.57115936279297,95.0,95.0,94.54545593261719,95.0,4342800
2020-01-06,83.1712875366211,94.54545593261719,94.54545593261719,94.09091186523438,94.54545593261719,4070000
2020-01-07,83.1712875366211,94.54545593261719,95.0,94.54545593261719,94.54545593261719,4327400
2020-01-08,83.1712875366211,94.54545593261719,94.54545593261719,94.09091186523438,94.09091186523438,4184400
2020-01-09,83.57115936279297,95.0,95.0,94.54545593261719,94.54545593261719,4583700
2020-01-10,83.1712875366211,94.54545593261719,95.0,94.54545593261719,95.0,4766300
2020-01-13,84.37088012695312,95.90908813476562,95.90908813476562,95.0,95.0,4153600
2020-01-14,85.17061614990234,96.81818389892578,96.81818389892578,95.45454406738281,95.90908813476562,4318600
2020-01-15,85.97032928466797,97.7272720336914,97.7272720336914,96.81818389892578,96.81818389892578,4238300
2020-01-16,86.37018585205078,98.18181610107422,98.18181610107422,97.2727279663086,97.7272720336914,4386800
2020-01-17,87.16991424560547,99.09091186523438,99.09091186523438,98.18181610107422,98.18181610107422,4128300
2020-01-20,87.96964263916016,100.0,100.0,98.18181610107422,98.63636016845703,4426400
2020-01-21,88.36949920654297,100.45454406738281,100.45454406738281,99.54545593261719,99.54545593261719,4612300
2020-01-22,88.36949920654297,100.45454406738281,100.45454406738281,100.0,100.45454406738281,4665100
2020-01-23,88.76936340332031,100.90908813476562,101.81818389892578,100.0,100.45454406738281,10345500
2020-01-24,89.16921997070312,101.36363220214844,101.36363220214844,100.45454406738281,100.90908813476562,4364800
2020-01-27,89.16921997070312,101.36363220214844,101.36363220214844,101.36363220214844,101.36363220214844,14129500
2020-01-28,89.16921997070312,101.36363220214844,101.36363220214844,100.45454406738281,101.36363220214844,2941400
2020-01-29,89.569091796875,101.81818389892578,101.81818389892578,101.36363220214844,101.36363220214844,2846800
2020-01-30,89.16921997070312,101.36363220214844,102.2727279663086,101.36363220214844,101.81818389892578,4137100
2020-01-31,89.569091796875,101.81818389892578,101.81818389892578,100.45454406738281,101.36363220214844,4408800
2020-02-03,87.96964263916016,100.0,101.36363220214844,97.7272720336914,101.36363220214844,5258000
2020-02-04,87.96964263916016,100.0,100.0,100.0,100.0,1170400
2020-02-05,87.96964263916016,100.0,100.0,100.0,100.0,2141700
2020-02-06,87.96964263916016,100.0,100.0,99.09091186523438,100.0,2781900
2020-02-07,87.96964263916016,100.0,100.0,100.0,100.0,2070200
2020-02-10,87.96964263916016,100.0,100.0,99.54545593261719,100.0,2219800
2020-02-11,87.96964263916016,100.0,100.0,97.7272720336914,100.0,3274700
2020-02-12,87.96964263916016,100.0,100.0,99.54545593261719,100.0,3342900
2020-02-13,87.96964263916016,100.0,100.0,100.0,100.0,2817100
2020-02-14,87.96964263916016,100.0,100.0,100.0,100.0,3043700
2020-02-17,87.96964263916016,100.0,100.0,99.54545593261719,100.0,4109600
2020-02-18,87.96964263916016,100.0,100.0,99.54545593261719,99.54545593261719,3183400
2020-02-19,87.96964263916016,100.0,100.0,99.54545593261719,99.54545593261719,3621200
2020-02-20,86.77005004882812,98.63636016845703,100.0,98.18181610107422,100.0,3936900
2020-02-21,86.77005004882812,98.63636016845703,98.63636016845703,98.18181610107422,98.18181610107422,4451700
2020-02-24,86.77005004882812,98.63636016845703,98.63636016845703,98.18181610107422,98.18181610107422,4387900
2020-02-25,86.77005004882812,98.63636016845703,98.63636016845703,98.18181610107422,98.18181610107422,4414300
2020-02-26,86.77005004882812,98.63636016845703,98.63636016845703,98.18181610107422,98.18181610107422,4002900
2020-02-27,86.37018585205078,98.18181610107422,98.18181610107422,94.54545593261719,98.18181610107422,2915000
2020-02-28,86.37018585205078,98.18181610107422,98.18181610107422,97.7272720336914,97.7272720336914,1581800
2020-03-02,85.57046508789062,97.2727279663086,97.7272720336914,97.2727279663086,97.7272720336914,2745600
2020-03-03,85.57046508789062,97.2727279663086,97.7272720336914,97.2727279663086,97.2727279663086,2336400
2020-03-04,85.57046508789062,97.2727279663086,97.2727279663086,97.2727279663086,97.2727279663086,1491600
2020-03-05,85.97032928466797,97.7272720336914,97.7272720336914,97.2727279663086,97.2727279663086,2633400
2020-03-06,85.97032928466797,97.7272720336914,97.7272720336914,97.7272720336914,97.7272720336914,1839200
2020-03-09,83.1712875366211,94.54545593261719,96.81818389892578,94.54545593261719,96.81818389892578,2206600
2020-03-10,82.37156677246094,93.63636016845703,94.54545593261719,93.63636016845703,94.54545593261719,2104300
2020-03-11,82.37156677246094,93.63636016845703,93.63636016845703,93.18181610107422,93.18181610107422,3511200
2020-03-12,82.37156677246094,93.63636016845703,93.63636016845703,93.18181610107422,93.18181610107422,2803900
2020-03-13,82.37156677246094,93.63636016845703,93.63636016845703,93.18181610107422,93.18181610107422,2283600
2020-03-16,82.77143859863281,94.09091186523438,94.09091186523438,92.7272720336914,93.63636016845703,1727000
2020-03-17,82.77143859863281,94.09091186523438,94.09091186523438,93.63636016845703,94.09091186523438,2984300
2020-03-18,83.1712875366211,94.54545593261719,94.54545593261719,94.09091186523438,94.09091186523438,3856600
2020-03-19,83.1712875366211,94.54545593261719,94.54545593261719,92.7272720336914,94.54545593261719,3096500
2020-03-20,83.57115936279297,95.0,95.0,94.54545593261719,94.54545593261719,4397800
2020-03-23,83.57115936279297,95.0,95.0,95.0,95.0,4208600
2020-03-24,83.97102355957031,95.45454406738281,95.45454406738281,95.0,95.0,5119400
2020-03-26,84.37088012695312,95.90908813476562,95.90908813476562,95.45454406738281,95.45454406738281,5273400
2020-03-27,84.77074432373047,96.36363220214844,96.36363220214844,93.63636016845703,95.90908813476562,6088500
2020-03-30,84.37088012695312,95.90908813476562,95.90908813476562,95.90908813476562,95.90908813476562,2702700
2020-03-31,84.77074432373047,96.36363220214844,96.36363220214844,95.90908813476562,95.90908813476562,4041400
2020-04-01,84.37088012695312,95.90908813476562,96.36363220214844,95.90908813476562,96.36363220214844,4427500
2020-04-02,84.37088012695312,95.90908813476562,95.90908813476562,95.45454406738281,95.90908813476562,5891600
2020-04-03,84.77074432373047,96.36363220214844,96.36363220214844,95.90908813476562,95.90908813476562,5746400
2020-04-06,85.17061614990234,96.81818389892578,96.81818389892578,96.36363220214844,96.36363220214844,5986200
2020-04-07,85.17061614990234,96.81818389892578,96.81818389892578,96.36363220214844,96.81818389892578,5253600
2020-04-08,85.17061614990234,96.81818389892578,96.81818389892578,96.36363220214844,96.36363220214844,4606800
2020-04-09,85.57046508789062,97.2727279663086,97.2727279663086,96.36363220214844,96.81818389892578,6371200
2020-04-13,85.57046508789062,97.2727279663086,97.2727279663086,95.45454406738281,96.81818389892578,6180900
2020-04-14,85.97032928466797,97.7272720336914,97.7272720336914,97.2727279663086,97.2727279663086,6586800
2020-04-15,85.97032928466797,97.7272720336914,97.7272720336914,97.2727279663086,97.7272720336914,6371200
2020-04-16,85.57046508789062,97.2727279663086,97.7272720336914,97.2727279663086,97.2727279663086,6528500
2020-04-17,85.97032928466797,97.7272720336914,97.7272720336914,97.2727279663086,97.2727279663086,7603200
2020-04-20,85.57046508789062,97.2727279663086,97.7272720336914,95.90908813476562,97.2727279663086,5229400
2020-04-21,85.57046508789062,97.2727279663086,97.2727279663086,96.81818389892578,96.81818389892578,5760700
2020-04-22,85.97032928466797,97.7272720336914,97.7272720336914,96.81818389892578,96.81818389892578,8852800
2020-04-23,86.37018585205078,98.18181610107422,98.18181610107422,94.09091186523438,97.7272720336914,7229200
2020-04-24,85.97032928466797,97.7272720336914,97.7272720336914,96.36363220214844,96.36363220214844,6471300
2020-04-27,85.97032928466797,97.7272720336914,97.7272720336914,96.36363220214844,97.2727279663086,7392000
2020-04-28,85.97032928466797,97.7272720336914,97.7272720336914,97.2727279663086,97.7272720336914,7139000
2020-04-29,86.37018585205078,98.18181610107422,98.18181610107422,97.7272720336914,97.7272720336914,6248000
2020-04-30,87.16991424560547,99.09091186523438,99.09091186523438,98.18181610107422,98.18181610107422,7681300
2020-05-04,86.77005004882812,98.63636016845703,99.09091186523438,98.18181610107422,99.09091186523438,6457000
2020-05-05,86.77005004882812,98.63636016845703,98.63636016845703,98.18181610107422,98.18181610107422,5688100
2020-05-06,86.37018585205078,98.18181610107422,98.18181610107422,97.2727279663086,97.7272720336914,5259100
2020-05-08,86.37018585205078,98.18181610107422,98.18181610107422,97.7272720336914,97.7272720336914,6084100
2020-05-11,86.37018585205078,98.18181610107422,98.18181610107422,97.7272720336914,97.7272720336914,5306400
2020-05-12,85.97032928466797,97.7272720336914,97.7272720336914,97.2727279663086,97.7272720336914,7041100
2020-05-13,85.97032928466797,97.7272720336914,97.7272720336914,97.2727279663086,97.2727279663086,6778200
2020-05-14,86.37018585205078,98.18181610107422,98.18181610107422,97.7272720336914,97.7272720336914,6034600
2020-05-15,86.37018585205078,98.18181610107422,98.63636016845703,98.18181610107422,98.18181610107422,7109300
2020-05-18,86.77005004882812,98.63636016845703,98.63636016845703,98.18181610107422,98.18181610107422,6046700
2020-05-19,87.16991424560547,99.09091186523438,99.09091186523438,98.63636016845703,98.63636016845703,7762700
2020-05-20,87.16991424560547,99.09091186523438,99.09091186523438,98.18181610107422,98.63636016845703,7012500
2020-05-26,87.56977844238281,99.54545593261719,99.54545593261719,99.09091186523438,99.09091186523438,6436100
2020-05-27,87.96964263916016,100.0,100.0,99.09091186523438,99.09091186523438,7904600
2020-05-28,89.16921997070312,101.36363220214844,101.36363220214844,98.18181610107422,100.0,9348900
2020-05-29,89.96894073486328,102.2727279663086,102.2727279663086,101.36363220214844,101.36363220214844,7601000
2020-06-02,90.36881256103516,102.7272720336914,102.7272720336914,100.45454406738281,101.36363220214844,6992700
2020-06-03,90.7686767578125,103.18181610107422,103.18181610107422,101.81818389892578,102.7272720336914,7263300
2020-06-04,91.16853332519531,103.63636016845703,104.09091186523438,100.0,102.2727279663086,7696700
2020-06-05,91.16853332519531,103.63636016845703,103.63636016845703,103.18181610107422,103.18181610107422,7456900
2020-06-08,91.56839752197266,104.09091186523438,104.09091186523438,102.7272720336914,102.7272720336914,7907900
2020-06-09,91.56839752197266,104.09091186523438,104.54545593261719,104.09091186523438,104.09091186523438,7227000
2020-06-10,91.16853332519531,103.63636016845703,103.63636016845703,103.18181610107422,103.18181610107422,6455900
2020-06-11,90.7686767578125,103.18181610107422,103.63636016845703,103.18181610107422,103.18181610107422,5831100
2020-06-12,90.7686767578125,103.18181610107422,103.18181610107422,102.7272720336914,102.7272720336914,6882700
2020-06-15,90.7686767578125,103.18181610107422,103.63636016845703,103.18181610107422,103.18181610107422,6887100
2020-06-16,91.56839752197266,104.09091186523438,104.09091186523438,103.18181610107422,103.18181610107422,6815600
2020-06-17,92.36811065673828,105.0,105.0,104.09091186523438,104.09091186523438,7158800
2020-06-18,92.76797485351562,105.45454406738281,105.45454406738281,105.0,105.0,7361200
2020-06-19,93.56770324707031,106.36363220214844,106.36363220214844,105.45454406738281,105.45454406738281,7877100
2020-06-22,93.96757507324219,106.81818389892578,107.2727279663086,106.36363220214844,106.36363220214844,7852900
2020-06-23,94.36743927001953,107.2727279663086,107.2727279663086,106.81818389892578,106.81818389892578,6796900
2020-06-24,95.16715240478516,108.18181610107422,108.18181610107422,107.2727279663086,107.2727279663086,7808900
2020-06-25,95.56700897216797,108.63636016845703,108.63636016845703,107.7272720336914,107.7272720336914,7678000
2020-06-26,96.76659393310547,110.0,110.0,108.63636016845703,108.63636016845703,8769200
2020-06-29,98.36605834960938,111.81818389892578,112.2727279663086,110.0,110.0,8616300
2020-06-30,99.165771484375,112.7272720336914,113.18181610107422,111.81818389892578,111.81818389892578,7296300
2020-07-01,99.56562805175781,113.18181610107422,113.18181610107422,112.7272720336914,112.7272720336914,6288700
2020-07-02,99.96549987792969,113.63636016845703,113.63636016845703,112.7272720336914,113.18181610107422,7833100
2020-07-03,100.36536407470703,114.09091186523438,114.09091186523438,113.63636016845703,113.63636016845703,7692300
2020-07-06,100.76522827148438,114.54545593261719,114.54545593261719,113.63636016845703,113.63636016845703,5667200
2020-07-07,100.76522827148438,114.54545593261719,114.54545593261719,113.63636016845703,114.54545593261719,7467900
2020-07-08,101.16508483886719,115.0,115.0,113.63636016845703,114.54545593261719,8552500
2020-07-09,101.16508483886719,115.0,115.0,114.09091186523438,115.0,7836400
2020-07-10,101.16508483886719,115.0,115.0,114.09091186523438,115.0,8156500
2020-07-13,101.56494903564453,115.45454406738281,115.45454406738281,115.0,115.0,8239000
2020-07-14,101.56494903564453,115.45454406738281,115.45454406738281,113.63636016845703,115.45454406738281,9357700
2020-07-15,101.56494903564453,115.45454406738281,115.90908813476562,115.0,115.45454406738281,9088200
2020-07-16,101.56494903564453,115.45454406738281,115.90908813476562,115.45454406738281,115.45454406738281,7478900
2020-07-17,101.16508483886719,115.0,115.45454406738281,114.54545593261719,115.0,7586700
2020-07-20,101.16508483886719,115.0,115.45454406738281,114.54545593261719,115.0,7532800
2020-07-21,101.56494903564453,115.45454406738281,115.45454406738281,114.09091186523438,115.0,9000200
2020-07-22,101.96480560302734,115.90908813476562,116.36363220214844,115.45454406738281,115.45454406738281,9310400
2020-07-23,101.96480560302734,115.90908813476562,115.90908813476562,115.0,115.90908813476562,7792400
2020-07-24,101.56494903564453,115.45454406738281,115.90908813476562,114.54545593261719,115.45454406738281,6664900
2020-07-27,101.56494903564453,115.45454406738281,115.45454406738281,115.0,115.45454406738281,6812300
2020-07-28,100.36536407470703,114.09091186523438,115.45454406738281,114.09091186523438,115.45454406738281,6886000
2020-07-29,100.76522827148438,114.54545593261719,114.54545593261719,114.09091186523438,114.09091186523438,7390900
2020-07-30,101.16508483886719,115.0,115.0,114.54545593261719,114.54545593261719,7136800
2020-08-03,100.76522827148438,114.54545593261719,115.0,114.09091186523438,114.54545593261719,6898100
2020-08-04,101.16508483886719,115.0,115.0,114.54545593261719,114.54545593261719,7218200
2020-08-05,101.16508483886719,115.0,115.0,114.09091186523438,115.0,6572500
2020-08-06,101.56494903564453,115.45454406738281,115.45454406738281,114.09091186523438,115.0,7239100
2020-08-07,98.76591491699219,112.2727279663086,115.45454406738281,112.2727279663086,114.54545593261719,7494300
2020-08-10,99.56562805175781,113.18181610107422,113.18181610107422,112.2727279663086,112.2727279663086,7727500
2020-08-11,100.36536407470703,114.09091186523438,114.09091186523438,113.18181610107422,113.18181610107422,6774900
2020-08-12,100.36536407470703,114.09091186523438,114.09091186523438,110.90908813476562,110.90908813476562,5806900
2020-08-13,99.96549987792969,113.63636016845703,114.09091186523438,113.18181610107422,114.09091186523438,6716600
2020-08-14,100.36536407470703,114.09091186523438,114.09091186523438,112.7272720336914,113.18181610107422,7636200
2020-08-18,100.36536407470703,114.09091186523438,114.09091186523438,113.63636016845703,113.63636016845703,6425100
2020-08-19,100.36536407470703,114.09091186523438,114.09091186523438,113.18181610107422,114.09091186523438,7563600
2020-08-24,100.36536407470703,114.09091186523438,114.09091186523438,113.63636016845703,114.09091186523438,7594400
2020-08-25,100.36536407470703,114.09091186523438,114.54545593261719,114.09091186523438,114.09091186523438,6875000
2020-08-26,99.96549987792969,113.63636016845703,114.09091186523438,113.18181610107422,114.09091186523438,6001600
2020-08-27,99.165771484375,112.7272720336914,113.63636016845703,111.81818389892578,113.63636016845703,4654100
2020-08-28,99.96549987792969,113.63636016845703,113.63636016845703,112.7272720336914,112.7272720336914,8862700
2020-08-31,99.96549987792969,113.63636016845703,113.63636016845703,112.7272720336914,113.63636016845703,7619700
2020-09-01,100.76522827148438,114.54545593261719,114.54545593261719,113.63636016845703,113.63636016845703,7168700
2020-09-02,99.165771484375,112.7272720336914,114.54545593261719,112.2727279663086,114.54545593261719,3836800
2020-09-03,99.56562805175781,113.18181610107422,113.18181610107422,112.2727279663086,112.7272720336914,3522200
2020-09-04,99.56562805175781,113.18181610107422,113.63636016845703,112.7272720336914,112.7272720336914,6774900
2020-09-07,98.76591491699219,112.2727279663086,113.18181610107422,112.2727279663086,113.18181610107422,2535500
2020-09-08,99.165771484375,112.7272720336914,112.7272720336914,111.81818389892578,111.81818389892578,7274300
2020-09-09,98.36605834960938,111.81818389892578,112.7272720336914,111.36363220214844,112.2727279663086,6848600
2020-09-10,95.16715240478516,108.18181610107422,111.36363220214844,108.18181610107422,111.36363220214844,4640900
2020-09-11,97.16646575927734,110.45454406738281,110.45454406738281,108.18181610107422,108.18181610107422,8790100
2020-09-14,98.36605834960938,111.81818389892578,111.81818389892578,109.54545593261719,110.45454406738281,8041000
2020-09-15,98.36605834960938,111.81818389892578,111.81818389892578,110.90908813476562,111.81818389892578,6802400
2020-09-16,98.76591491699219,112.2727279663086,112.2727279663086,111.36363220214844,111.36363220214844,8672400
2020-09-17,98.76591491699219,112.2727279663086,112.2727279663086,111.81818389892578,112.2727279663086,8248900
2020-09-18,99.165771484375,112.7272720336914,112.7272720336914,111.81818389892578,111.81818389892578,7163200
2020-09-21,99.96549987792969,113.63636016845703,113.63636016845703,112.7272720336914,112.7272720336914,7438200
2020-09-22,100.36536407470703,114.09091186523438,114.09091186523438,113.63636016845703,113.63636016845703,7190700
2020-09-23,99.56562805175781,113.18181610107422,114.54545593261719,113.18181610107422,114.09091186523438,7213800
2020-09-24,99.56562805175781,113.18181610107422,113.63636016845703,112.7272720336914,113.63636016845703,6937700
2020-09-25,100.36536407470703,114.09091186523438,114.09091186523438,112.7272720336914,112.7272720336914,8828600
2020-09-28,100.76522827148438,114.54545593261719,114.54545593261719,113.63636016845703,114.09091186523438,10132100
2020-09-29,101.56494903564453,115.45454406738281,115.45454406738281,114.09091186523438,114.54545593261719,8193900
2020-09-30,102.36466979980469,116.36363220214844,116.36363220214844,113.63636016845703,115.45454406738281,8530500
2020-10-01,103.16439819335938,117.2727279663086,117.2727279663086,115.45454406738281,116.36363220214844,9328000
2020-10-02,103.16439819335938,117.2727279663086,117.2727279663086,116.81818389892578,117.2727279663086,8130100
2020-10-05,103.56425476074219,117.7272720336914,117.7272720336914,116.81818389892578,117.2727279663086,6777100
2020-10-06,103.56425476074219,117.7272720336914,118.18181610107422,116.81818389892578,117.7272720336914,7129100
2020-10-07,102.36466979980469,116.36363220214844,117.7272720336914,116.36363220214844,116.81818389892578,7340300
2020-10-08,102.36466979980469,116.36363220214844,116.81818389892578,115.90908813476562,116.36363220214844,9805400
2020-10-09,101.16508483886719,115.0,116.36363220214844,114.54545593261719,116.36363220214844,7092800
2020-10-12,99.96549987792969,113.63636016845703,115.0,113.63636016845703,115.0,10071600
2020-10-13,98.36605834960938,111.81818389892578,113.63636016845703,111.81818389892578,113.18181610107422,7277600
2020-10-14,97.9661865234375,111.36363220214844,111.81818389892578,110.90908813476562,111.81818389892578,5787100
2020-10-15,97.9661865234375,111.36363220214844,111.36363220214844,110.90908813476562,111.36363220214844,7126900
2020-10-16,97.16646575927734,110.45454406738281,111.36363220214844,110.45454406738281,110.90908813476562,5536300
2020-10-19,97.56633758544922,110.90908813476562,111.36363220214844,110.45454406738281,110.45454406738281,6074200
2020-10-20,97.9661865234375,111.36363220214844,111.36363220214844,110.90908813476562,110.90908813476562,8239000
2020-10-21,98.36605834960938,111.81818389892578,111.81818389892578,110.90908813476562,111.36363220214844,6254600
2020-10-22,99.56562805175781,113.18181610107422,113.18181610107422,111.81818389892578,111.81818389892578,8321500
2020-10-23,101.96480560302734,115.90908813476562,116.36363220214844,112.7272720336914,113.18181610107422,14135000
2020-10-26,106.76315307617188,121.36363220214844,121.36363220214844,115.90908813476562,116.36363220214844,17893700
2020-10-27,107.16301727294922,121.81818389892578,122.7272720336914,118.63636016845703,121.36363220214844,11199100
2020-11-02,105.96342468261719,120.45454406738281,120.45454406738281,119.54545593261719,120.45454406738281,13357300
2020-11-03,105.56356811523438,120.0,120.45454406738281,120.0,120.45454406738281,13883100
2020-11-04,109.1897964477539,123.18181610107422,123.18181610107422,119.09091186523438,120.0,18678000
2020-11-05,109.59271240234375,123.63636016845703,125.45454406738281,123.18181610107422,123.18181610107422,10598500
2020-11-06,109.59271240234375,123.63636016845703,124.09091186523438,121.36363220214844,123.63636016845703,8823100
2020-11-09,109.9956283569336,124.09091186523438,124.54545593261719,123.18181610107422,123.63636016845703,9748200
2020-11-10,112.8160171508789,127.2727279663086,127.2727279663086,124.09091186523438,124.09091186523438,11459800
2020-11-11,112.01019287109375,126.36363220214844,128.18182373046875,126.36363220214844,127.2727279663086,8129000
2020-11-12,111.60728454589844,125.90908813476562,127.2727279663086,123.63636016845703,125.90908813476562,10440100
2020-11-13,111.60728454589844,125.90908813476562,126.36363220214844,124.09091186523438,125.45454406738281,9508400
2020-11-16,112.01019287109375,126.36363220214844,126.81818389892578,125.90908813476562,125.90908813476562,8564600
2020-11-17,112.01019287109375,126.36363220214844,126.81818389892578,125.0,126.36363220214844,8892400
2020-11-18,112.01019287109375,126.36363220214844,126.81818389892578,126.36363220214844,126.36363220214844,9483100
2020-11-19,112.01019287109375,126.36363220214844,126.36363220214844,125.45454406738281,125.90908813476562,9438000
2020-11-20,112.01019287109375,126.36363220214844,126.81818389892578,125.45454406738281,126.36363220214844,8915500
2020-11-23,112.4131088256836,126.81818389892578,127.2727279663086,124.09091186523438,125.0,9137700
2020-11-24,112.8160171508789,127.2727279663086,127.2727279663086,126.81818389892578,126.81818389892578,10637000
2020-11-25,111.60728454589844,125.90908813476562,127.2727279663086,125.90908813476562,127.2727279663086,8451300
2020-11-26,111.60728454589844,125.90908813476562,126.81818389892578,125.0,125.0,8253300
2020-11-27,112.01019287109375,126.36363220214844,126.36363220214844,125.0,125.45454406738281,8950700
2020-11-30,111.2043685913086,125.45454406738281,126.36363220214844,125.45454406738281,126.36363220214844,7092800
2020-12-01,111.60728454589844,125.90908813476562,126.36363220214844,125.45454406738281,125.45454406738281,10842700
2020-12-02,112.01019287109375,126.36363220214844,126.81818389892578,124.54545593261719,124.54545593261719,12321100
2020-12-03,112.01019287109375,126.36363220214844,127.2727279663086,126.36363220214844,126.36363220214844,13624600
2020-12-04,111.60728454589844,125.90908813476562,126.36363220214844,125.0,126.36363220214844,16298700
2020-12-07,111.60728454589844,125.90908813476562,126.81818389892578,125.90908813476562,125.90908813476562,14671800
2020-12-08,111.60728454589844,125.90908813476562,126.36363220214844,124.54545593261719,125.45454406738281,15523200
2020-12-10,109.9956283569336,124.09091186523438,126.81818389892578,123.63636016845703,125.90908813476562,14952300
2020-12-11,108.7868881225586,122.7272720336914,124.09091186523438,122.7272720336914,124.09091186523438,14085500
2020-12-14,106.77230072021484,120.45454406738281,122.7272720336914,120.45454406738281,122.7272720336914,27394400
2020-12-15,107.57814025878906,121.36363220214844,121.36363220214844,120.45454406738281,120.45454406738281,16937800
2020-12-16,107.9810562133789,121.81818389892578,122.2727279663086,121.36363220214844,121.36363220214844,15706900
2020-12-17,107.9810562133789,121.81818389892578,121.81818389892578,120.90908813476562,121.81818389892578,16592400
2020-12-18,107.9810562133789,121.81818389892578,121.81818389892578,120.45454406738281,121.81818389892578,14964400
2020-12-21,108.38397216796875,122.2727279663086,122.7272720336914,121.81818389892578,121.81818389892578,15472600
2020-12-22,107.57814025878906,121.36363220214844,122.7272720336914,120.90908813476562,122.2727279663086,15147000
2020-12-23,107.57814025878906,121.36363220214844,121.36363220214844,120.45454406738281,121.36363220214844,27864100
2020-12-28,108.7868881225586,122.7272720336914,122.7272720336914,121.36363220214844,121.36363220214844,18053200
2020-12-29,108.7868881225586,122.7272720336914,123.18181610107422,122.2727279663086,122.7272720336914,15865300
2020-12-30,106.77230072021484,120.45454406738281,122.7272720336914,120.45454406738281,122.7272720336914,15458300
2021-01-04,107.57814025878906,121.36363220214844,122.7272720336914,120.45454406738281,120.45454406738281,17188600
2021-01-05,107.9810562133789,121.81818389892578,121.81818389892578,120.90908813476562,121.36363220214844,16852000
2021-01-06,107.9810562133789,121.81818389892578,121.81818389892578,121.36363220214844,121.36363220214844,16124900
2021-01-07,108.38397216796875,122.2727279663086,122.7272720336914,121.81818389892578,121.81818389892578,18531700
2021-01-08,107.57814025878906,121.36363220214844,122.7272720336914,121.36363220214844,122.2727279663086,16320700
2021-01-11,107.9810562133789,121.81818389892578,122.7272720336914,120.90908813476562,121.36363220214844,19754900
2021-01-12,107.9810562133789,121.81818389892578,122.2727279663086,121.81818389892578,121.81818389892578,14967700
2021-01-13,107.9810562133789,121.81818389892578,121.81818389892578,121.36363220214844,121.36363220214844,15505600
2021-01-14,108.7868881225586,122.7272720336914,122.7272720336914,120.90908813476562,121.36363220214844,20005700
2021-01-15,109.1897964477539,123.18181610107422,123.18181610107422,122.2727279663086,122.7272720336914,17910200
2021-01-18,110.39854431152344,124.54545593261719,125.0,122.2727279663086,123.18181610107422,20202600
2021-01-19,110.80145263671875,125.0,125.45454406738281,123.63636016845703,124.54545593261719,22616000
2021-01-20,110.39854431152344,124.54545593261719,125.0,124.09091186523438,125.0,18184100
2021-01-21,110.39854431152344,124.54545593261719,125.0,124.09091186523438,124.54545593261719,16641900
2021-01-22,109.9956283569336,124.09091186523438,124.54545593261719,123.63636016845703,124.54545593261719,15299900
2021-01-25,107.9810562133789,121.81818389892578,123.63636016845703,121.36363220214844,123.63636016845703,24119700
2021-01-26,107.9810562133789,121.81818389892578,122.2727279663086,120.90908813476562,121.36363220214844,16561600
2021-01-27,109.59271240234375,123.63636016845703,124.09091186523438,121.81818389892578,121.81818389892578,21935100
2021-01-28,109.1897964477539,123.18181610107422,123.63636016845703,122.2727279663086,123.63636016845703,18555900
2021-01-29,109.1897964477539,123.18181610107422,123.18181610107422,122.2727279663086,123.18181610107422,16811300
2021-02-01,112.01019287109375,126.36363220214844,126.36363220214844,122.2727279663086,122.2727279663086,23615900
2021-02-02,116.84516906738281,131.81817626953125,131.81817626953125,125.90908813476562,126.36363220214844,32689800
2021-02-03,116.84516906738281,131.81817626953125,133.63636779785156,130.4545440673828,131.81817626953125,20796600
2021-02-04,117.65098571777344,132.72726440429688,134.5454559326172,130.90908813476562,131.81817626953125,25903900
2021-02-05,118.45683288574219,133.63636779785156,135.90908813476562,131.81817626953125,132.72726440429688,27821200
2021-02-08,118.45683288574219,133.63636779785156,135.4545440673828,132.27272033691406,133.63636779785156,23425600
2021-02-09,118.45683288574219,133.63636779785156,135.0,132.72726440429688,133.63636779785156,17985000
2021-02-10,117.65098571777344,132.72726440429688,133.63636779785156,132.27272033691406,133.63636779785156,15492400
2021-02-11,117.65098571777344,132.72726440429688,133.18182373046875,131.81817626953125,132.72726440429688,15127200
2021-02-15,118.8597412109375,134.09091186523438,135.0,131.81817626953125,132.27272033691406,21836100
2021-02-16,118.8597412109375,134.09091186523438,135.90908813476562,133.63636779785156,133.63636779785156,24807200
2021-02-17,118.8597412109375,134.09091186523438,136.36363220214844,133.63636779785156,134.09091186523438,26149200
2021-02-18,119.66555786132812,135.0,135.90908813476562,133.18182373046875,133.18182373046875,23791900
2021-02-19,120.87431335449219,136.36363220214844,136.36363220214844,135.0,135.0,22425700
2021-02-22,121.27722930908203,136.81817626953125,138.63636779785156,135.4545440673828,136.36363220214844,22491700
2021-02-23,120.87431335449219,136.36363220214844,138.18182373046875,135.90908813476562,136.81817626953125,23474000
2021-02-24,120.47140502929688,135.90908813476562,137.27272033691406,135.0,136.36363220214844,16372400
2021-02-25,120.87431335449219,136.36363220214844,138.18182373046875,135.0,135.90908813476562,21133200
2021-02-26,119.66555786132812,135.0,136.36363220214844,134.5454559326172,135.4545440673828,20810900
2021-03-01,120.0684814453125,135.4545440673828,135.4545440673828,133.63636779785156,134.5454559326172,23138500
2021-03-02,120.0684814453125,135.4545440673828,135.90908813476562,134.09091186523438,135.4545440673828,16662800
2021-03-03,120.47140502929688,135.90908813476562,137.27272033691406,134.5454559326172,135.4545440673828,26735500
2021-03-04,118.45683288574219,133.63636779785156,135.90908813476562,133.63636779785156,135.90908813476562,15154700
2021-03-05,117.65098571777344,132.72726440429688,134.09091186523438,132.27272033691406,133.63636779785156,19661400
2021-03-08,118.05392456054688,133.18182373046875,133.18182373046875,130.90908813476562,131.81817626953125,14473800
2021-03-09,118.45683288574219,133.63636779785156,135.0,131.81817626953125,133.18182373046875,24960100
2021-03-10,118.45683288574219,133.63636779785156,134.09091186523438,132.27272033691406,133.63636779785156,13466200
2021-03-12,118.8597412109375,134.09091186523438,135.90908813476562,132.27272033691406,133.63636779785156,21480800
2021-03-15,118.8597412109375,134.09091186523438,134.09091186523438,132.72726440429688,134.09091186523438,13615800
2021-03-16,118.8597412109375,134.09091186523438,134.09091186523438,132.72726440429688,134.09091186523438,15594700
2021-03-17,117.24806213378906,132.27272033691406,133.18182373046875,131.81817626953125,133.18182373046875,20004600
2021-03-18,117.24806213378906,132.27272033691406,132.72726440429688,130.4545440673828,132.27272033691406,15403300
2021-03-19,117.24806213378906,132.27272033691406,132.27272033691406,130.90908813476562,132.27272033691406,13314400
2021-03-22,117.65098571777344,132.72726440429688,133.18182373046875,131.81817626953125,132.27272033691406,19312700
2021-03-23,117.65098571777344,132.72726440429688,133.63636779785156,132.72726440429688,132.72726440429688,18690100
2021-03-24,117.65098571777344,132.72726440429688,132.72726440429688,131.81817626953125,132.72726440429688,15756400
2021-03-25,117.24806213378906,132.27272033691406,132.72726440429688,132.27272033691406,132.72726440429688,13024000
2021-03-26,117.65098571777344,132.72726440429688,133.18182373046875,132.27272033691406,132.27272033691406,15114000
2021-03-29,117.24806213378906,132.27272033691406,132.72726440429688,132.27272033691406,132.72726440429688,15021600
2021-03-30,117.24806213378906,132.27272033691406,132.27272033691406,131.81817626953125,132.27272033691406,15060100
2021-03-31,117.24806213378906,132.27272033691406,134.09091186523438,131.36363220214844,131.81817626953125,15921400
2021-04-01,117.65098571777344,132.72726440429688,132.72726440429688,131.81817626953125,132.27272033691406,14613500
2021-04-05,116.84516906738281,131.81817626953125,132.72726440429688,131.81817626953125,132.72726440429688,14350600
2021-04-06,117.65098571777344,132.72726440429688,132.72726440429688,131.81817626953125,132.27272033691406,13864400
2021-04-07,117.65098571777344,132.72726440429688,132.72726440429688,132.27272033691406,132.72726440429688,15434100
2021-04-08,117.65098571777344,132.72726440429688,133.18182373046875,132.27272033691406,132.72726440429688,16110600
2021-04-09,119.26264953613281,134.5454559326172,134.5454559326172,132.72726440429688,132.72726440429688,18407400
2021-04-12,120.0684814453125,135.4545440673828,135.4545440673828,134.09091186523438,134.5454559326172,15889500
2021-04-13,119.26264953613281,134.5454559326172,135.90908813476562,134.5454559326172,135.4545440673828,16787100
2021-04-14,120.0684814453125,135.4545440673828,135.90908813476562,134.5454559326172,134.5454559326172,17330500
2021-04-15,119.66555786132812,135.0,135.4545440673828,134.5454559326172,135.0,16717800
2021-04-16,119.26264953613281,134.5454559326172,135.0,133.63636779785156,134.5454559326172,13943600
2021-04-19,119.26264953613281,134.5454559326172,135.90908813476562,133.63636779785156,134.5454559326172,21767900
2021-04-20,119.66555786132812,135.0,135.0,134.09091186523438,134.5454559326172,14626700
2021-04-21,119.66555786132812,135.0,135.90908813476562,134.5454559326172,135.0,17567000
2021-04-22,119.66555786132812,135.0,135.4545440673828,134.09091186523438,135.0,17174300
2021-04-23,119.66555786132812,135.0,135.4545440673828,134.09091186523438,135.0,17840900
2021-04-26,119.26264953613281,134.5454559326172,135.0,134.09091186523438,135.0,12713800
2021-04-27,119.66555786132812,135.0,135.0,134.09091186523438,134.5454559326172,13942500
2021-04-28,119.66555786132812,135.0,135.4545440673828,134.5454559326172,135.0,14900600
2021-04-29,119.66555786132812,135.0,135.90908813476562,134.09091186523438,135.0,15038100
2021-04-30,132.9617462158203,150.0,154.5454559326172,135.0,135.0,59768500
2021-05-03,136.18505859375,153.63636779785156,155.0,149.09091186523438,150.0,43102400
2021-05-04,138.6025390625,156.36363220214844,159.09091186523438,152.72726440429688,153.63636779785156,35006400
2021-05-05,139.00546264648438,156.81817626953125,158.63636779785156,155.0,155.4545440673828,36038200
2021-05-06,137.79672241210938,155.4545440673828,157.27272033691406,154.5454559326172,156.81817626953125,20750400
2021-05-07,137.393798828125,155.0,156.81817626953125,153.63636779785156,154.5454559326172,24290200
2021-05-10,136.99087524414062,154.5454559326172,155.4545440673828,153.18182373046875,155.0,18102700
2021-05-11,136.99087524414062,154.5454559326172,155.0,153.18182373046875,154.09091186523438,20739400
2021-05-17,137.79672241210938,155.4545440673828,155.90908813476562,154.09091186523438,154.09091186523438,17839800
2021-05-18,140.21421813964844,158.18182373046875,158.18182373046875,155.0,155.0,27036900
2021-05-19,140.21421813964844,158.18182373046875,159.09091186523438,156.81817626953125,158.18182373046875,15947800
2021-05-20,142.22877502441406,160.4545440673828,160.90908813476562,157.72726440429688,158.18182373046875,25732300
2021-05-21,141.8258514404297,160.0,160.90908813476562,159.09091186523438,160.4545440673828,16130400
2021-05-24,141.02003479003906,159.09091186523438,160.90908813476562,156.81817626953125,159.5454559326172,21809700
2021-05-25,140.61712646484375,158.63636779785156,160.0,158.18182373046875,159.09091186523438,18745100
2021-05-27,139.4083709716797,157.27272033691406,163.63636779785156,157.27272033691406,158.63636779785156,45983300
2021-05-28,139.4083709716797,157.27272033691406,158.63636779785156,156.81817626953125,157.27272033691406,13547600
2021-05-31,145.85499572753906,164.5454559326172,164.5454559326172,156.81817626953125,157.27272033691406,35827000
2021-06-02,145.85499572753906,164.5454559326172,165.0,162.72726440429688,164.5454559326172,13033900
2021-06-03,143.03460693359375,161.36363220214844,164.5454559326172,160.0,164.5454559326172,13514600
2021-06-04,141.8258514404297,160.0,161.36363220214844,159.5454559326172,161.36363220214844,12996500
2021-06-07,141.42295837402344,159.5454559326172,160.0,158.63636779785156,160.0,11797500
2021-06-08,137.79672241210938,155.4545440673828,159.5454559326172,154.5454559326172,159.5454559326172,11187000
2021-06-09,136.18505859375,153.63636779785156,155.4545440673828,153.63636779785156,155.4545440673828,13873200
2021-06-10,141.02003479003906,159.09091186523438,159.5454559326172,153.18182373046875,153.63636779785156,31708600
2021-06-11,144.64627075195312,163.18182373046875,163.63636779785156,159.09091186523438,159.09091186523438,27591300
2021-06-14,144.2433319091797,162.72726440429688,166.81817626953125,162.72726440429688,163.18182373046875,27160100
2021-06-15,146.25791931152344,165.0,166.81817626953125,162.27272033691406,163.18182373046875,34084600
2021-06-16,146.6608428955078,165.4545440673828,167.27272033691406,164.09091186523438,165.4545440673828,20924200
2021-06-17,146.25791931152344,165.0,165.4545440673828,164.09091186523438,165.4545440673828,11018700
2021-06-18,146.74301147460938,165.0,165.4545440673828,164.09091186523438,165.0,14319800
2021-06-21,146.33876037597656,164.5454559326172,165.0,164.09091186523438,165.0,12735800
2021-06-22,147.1472625732422,165.4545440673828,165.90908813476562,164.09091186523438,164.09091186523438,16189800
2021-06-23,146.74301147460938,165.0,165.4545440673828,164.09091186523438,165.4545440673828,15738800
2021-06-24,146.74301147460938,165.0,165.0,162.72726440429688,165.0,15743200
2021-06-25,147.551513671875,165.90908813476562,166.81817626953125,163.63636779785156,165.0,28116000
2021-06-28,146.74301147460938,165.0,165.90908813476562,163.18182373046875,165.90908813476562,12134100
2021-06-29,146.74301147460938,165.0,165.4545440673828,163.63636779785156,165.0,13202200
2021-06-30,143.9132537841797,161.81817626953125,165.0,161.81817626953125,165.0,10234400
2021-07-01,140.27499389648438,157.72726440429688,161.36363220214844,157.72726440429688,161.36363220214844,8963900
2021-07-02,137.84950256347656,155.0,157.27272033691406,155.0,157.27272033691406,9319200
2021-07-05,137.84950256347656,155.0,155.0,153.18182373046875,155.0,10568800
2021-07-06,137.44525146484375,154.5454559326172,154.5454559326172,153.18182373046875,154.5454559326172,11183700
2021-07-07,135.01974487304688,151.81817626953125,154.5454559326172,151.36363220214844,154.5454559326172,8756000
2021-07-08,133.4027557373047,150.0,151.36363220214844,148.18182373046875,151.36363220214844,6591200
2021-07-09,132.99850463867188,149.5454559326172,150.0,147.27272033691406,150.0,5347100
2021-07-12,136.63674926757812,153.63636779785156,155.0,147.72726440429688,149.5454559326172,19026700
2021-07-13,137.84950256347656,155.0,155.0,147.72726440429688,153.63636779785156,19406200
2021-07-14,137.44525146484375,154.5454559326172,155.0,153.18182373046875,155.0,9015600
2021-07-15,137.44525146484375,154.5454559326172,154.5454559326172,152.27272033691406,154.5454559326172,5203000
2021-07-16,137.04100036621094,154.09091186523438,154.5454559326172,152.72726440429688,154.5454559326172,10584200
2021-07-19,139.4665069580078,156.81817626953125,158.18182373046875,154.09091186523438,154.09091186523438,22733700
2021-07-21,141.48776245117188,159.09091186523438,161.36363220214844,155.4545440673828,156.81817626953125,21656800
2021-07-22,145.53025817871094,163.63636779785156,163.63636779785156,159.09091186523438,159.09091186523438,27425200
2021-07-23,145.53025817871094,163.63636779785156,163.63636779785156,162.27272033691406,163.63636779785156,10289400
2021-07-26,148.76426696777344,167.27272033691406,168.63636779785156,163.18182373046875,163.63636779785156,28308500
2021-07-27,150.38128662109375,169.09091186523438,170.4545440673828,165.90908813476562,167.27272033691406,27321800
2021-07-28,149.97703552246094,168.63636779785156,169.5454559326172,166.81817626953125,169.09091186523438,10972500
2021-07-29,146.74301147460938,165.0,168.63636779785156,165.0,168.63636779785156,10829500
2021-07-30,160.89178466796875,180.90908813476562,181.81817626953125,164.5454559326172,165.0,55799700
2021-08-02,157.6577911376953,177.27272033691406,180.90908813476562,176.81817626953125,180.90908813476562,11166100
2021-08-03,153.6152801513672,172.72726440429688,177.27272033691406,171.81817626953125,177.27272033691406,18965100
2021-08-04,153.6152801513672,172.72726440429688,173.18182373046875,170.4545440673828,172.72726440429688,17859600
2021-08-05,155.23228454589844,174.5454559326172,174.5454559326172,171.36363220214844,172.72726440429688,23136300
2021-08-06,155.6365203857422,175.0,175.4545440673828,173.63636779785156,174.5454559326172,19209300
2021-08-09,156.8492889404297,176.36363220214844,177.27272033691406,173.63636779785156,175.0,22191400
2021-08-10,156.8492889404297,176.36363220214844,176.36363220214844,173.63636779785156,176.36363220214844,17168800
2021-08-12,165.7427978515625,186.36363220214844,186.36363220214844,175.4545440673828,176.36363220214844,36583800
2021-08-13,168.16831970214844,189.09091186523438,190.90908813476562,185.4545440673828,186.36363220214844,24680700
2021-08-16,167.3598175048828,188.18182373046875,189.09091186523438,181.81817626953125,189.09091186523438,18800100
2021-08-18,165.7427978515625,186.36363220214844,188.18182373046875,183.63636779785156,188.18182373046875,21534700
2021-08-19,164.12579345703125,184.5454559326172,187.27272033691406,182.72726440429688,186.36363220214844,24354000
2021-08-20,164.12579345703125,184.5454559326172,185.4545440673828,180.4545440673828,184.5454559326172,17560400
2021-08-23,164.12579345703125,184.5454559326172,184.5454559326172,181.81817626953125,184.5454559326172,14935800
2021-08-24,163.31729125976562,183.63636779785156,184.5454559326172,181.81817626953125,184.5454559326172,14468300
2021-08-25,163.31729125976562,183.63636779785156,183.63636779785156,182.72726440429688,182.72726440429688,16408700
2021-08-26,164.12579345703125,184.5454559326172,184.5454559326172,182.72726440429688,183.63636779785156,18594400
2021-08-27,170.59381103515625,191.81817626953125,191.81817626953125,183.63636779785156,184.5454559326172,25077800
2021-08-30,173.82781982421875,195.4545440673828,197.27272033691406,190.90908813476562,191.81817626953125,24996400
2021-08-31,170.59381103515625,191.81817626953125,194.5454559326172,191.81817626953125,194.5454559326172,12755600
2021-09-01,166.55130004882812,187.27272033691406,192.72726440429688,186.36363220214844,190.90908813476562,15232800
2021-09-02,164.93431091308594,185.4545440673828,187.27272033691406,182.72726440429688,187.27272033691406,16866300
2021-09-03,165.7427978515625,186.36363220214844,187.27272033691406,182.72726440429688,184.5454559326172,14777400
2021-09-06,167.3598175048828,188.18182373046875,190.0,185.4545440673828,186.36363220214844,20082700
2021-09-07,164.93431091308594,185.4545440673828,190.90908813476562,185.4545440673828,188.18182373046875,14850000
2021-09-08,161.70028686523438,181.81817626953125,186.36363220214844,179.5454559326172,185.4545440673828,17003800
2021-09-09,161.70028686523438,181.81817626953125,181.81817626953125,180.4545440673828,181.36363220214844,13053700
2021-09-10,164.12579345703125,184.5454559326172,185.4545440673828,181.36363220214844,181.81817626953125,19352300
2021-09-13,164.12579345703125,184.5454559326172,187.27272033691406,183.63636779785156,184.5454559326172,16878400
2021-09-14,163.31729125976562,183.63636779785156,184.5454559326172,181.81817626953125,184.5454559326172,7180800
2021-09-15,162.5087890625,182.72726440429688,183.63636779785156,181.36363220214844,183.63636779785156,11864600
2021-09-16,161.70028686523438,181.81817626953125,182.72726440429688,180.90908813476562,182.72726440429688,16637500
2021-09-17,164.93431091308594,185.4545440673828,185.4545440673828,181.36363220214844,181.81817626953125,21688700
2021-09-20,163.31729125976562,183.63636779785156,185.4545440673828,182.72726440429688,185.4545440673828,16330600
2021-09-21,163.31729125976562,183.63636779785156,183.63636779785156,181.81817626953125,182.72726440429688,13271500
2021-09-22,165.7427978515625,186.36363220214844,186.36363220214844,183.63636779785156,183.63636779785156,17004900
2021-09-23,166.55130004882812,187.27272033691406,188.18182373046875,185.4545440673828,186.36363220214844,16703500
2021-09-24,167.3598175048828,188.18182373046875,189.09091186523438,186.36363220214844,187.27272033691406,22885500
2021-09-27,163.31729125976562,183.63636779785156,188.18182373046875,181.81817626953125,188.18182373046875,23213300
2021-09-28,162.5087890625,182.72726440429688,185.4545440673828,182.72726440429688,183.63636779785156,22283800
2021-09-29,163.31729125976562,183.63636779785156,183.63636779785156,181.81817626953125,182.72726440429688,33557700
2021-09-30,168.16831970214844,189.09091186523438,189.09091186523438,182.72726440429688,183.63636779785156,37522100
2021-10-01,168.16831970214844,189.09091186523438,189.09091186523438,187.27272033691406,188.18182373046875,28826600
2021-10-04,168.16831970214844,189.09091186523438,189.09091186523438,187.27272033691406,188.18182373046875,27141400
2021-10-05,167.3598175048828,188.18182373046875,189.09091186523438,187.27272033691406,189.09091186523438,30214800
2021-10-06,167.3598175048828,188.18182373046875,190.0,187.27272033691406,188.18182373046875,31537000
2021-10-07,168.16831970214844,189.09091186523438,190.0,188.18182373046875,188.18182373046875,30479900
2021-10-08,168.97682189941406,190.0,190.90908813476562,188.18182373046875,189.09091186523438,33112200
2021-10-11,169.78530883789062,190.90908813476562,195.4545440673828,189.09091186523438,190.0,33882200
2021-10-12,185.1468505859375,208.18182373046875,208.18182373046875,190.0,190.90908813476562,55152900
2021-10-13,185.1468505859375,208.18182373046875,212.72726440429688,208.18182373046875,209.09091186523438,33581900
2021-10-14,189.9978485107422,213.63636779785156,214.5454559326172,208.18182373046875,208.18182373046875,34014200
2021-10-15,185.95533752441406,209.09091186523438,214.5454559326172,208.18182373046875,212.72726440429688,50152300
2021-10-18,187.5723419189453,210.90908813476562,214.5454559326172,208.18182373046875,209.09091186523438,31262000
2021-10-19,188.38084411621094,211.81817626953125,211.81817626953125,209.09091186523438,210.90908813476562,36367100
2021-10-21,187.5723419189453,210.90908813476562,212.72726440429688,210.90908813476562,211.81817626953125,32872400
2021-10-22,184.3383331298828,207.27272033691406,210.0,204.5454559326172,210.0,31647000
2021-10-25,179.48731994628906,201.81817626953125,206.36363220214844,200.90908813476562,206.36363220214844,42430300
2021-10-26,180.2958221435547,202.72726440429688,204.5454559326172,200.90908813476562,201.81817626953125,46811600
2021-10-27,180.2958221435547,202.72726440429688,203.63636779785156,200.90908813476562,202.72726440429688,49740900
2021-10-28,179.48731994628906,201.81817626953125,204.5454559326172,200.90908813476562,202.72726440429688,57988700
2021-10-29,181.10433959960938,203.63636779785156,210.0,200.90908813476562,201.81817626953125,56156100
2021-11-01,175.44480895996094,197.27272033691406,204.5454559326172,195.4545440673828,204.5454559326172,57222000
2021-11-02,171.40231323242188,192.72726440429688,197.27272033691406,190.90908813476562,197.27272033691406,65888900
2021-11-03,176.25332641601562,198.18182373046875,198.18182373046875,190.90908813476562,192.72726440429688,59878500
2021-11-04,177.87033081054688,200.0,205.4545440673828,197.27272033691406,198.18182373046875,52930900
2021-11-05,181.912841796875,204.5454559326172,207.27272033691406,198.18182373046875,200.0,57312200
2021-11-08,181.912841796875,204.5454559326172,208.18182373046875,204.5454559326172,204.5454559326172,53981400
2021-11-09,189.9978485107422,213.63636779785156,213.63636779785156,202.72726440429688,204.5454559326172,60728800
2021-11-10,197.2743682861328,221.81817626953125,227.27272033691406,212.72726440429688,213.63636779785156,61872800
2021-11-11,193.23184204101562,217.27272033691406,222.72726440429688,216.36363220214844,221.81817626953125,49617700
2021-11-12,188.38084411621094,211.81817626953125,218.18182373046875,211.81817626953125,217.27272033691406,49341600
2021-11-15,191.61485290527344,215.4545440673828,217.27272033691406,211.81817626953125,211.81817626953125,54135400
2021-11-16,190.8063507080078,214.5454559326172,216.36363220214844,212.72726440429688,215.4545440673828,51672500
2021-11-17,194.0403594970703,218.18182373046875,220.0,212.72726440429688,214.5454559326172,50122600
2021-11-18,189.9978485107422,213.63636779785156,219.09091186523438,212.72726440429688,218.18182373046875,50006000
2021-11-19,190.8063507080078,214.5454559326172,217.27272033691406,211.81817626953125,212.72726440429688,53923100
2021-11-22,190.8063507080078,214.5454559326172,215.4545440673828,212.72726440429688,214.5454559326172,48297700
2021-11-23,191.61485290527344,215.4545440673828,215.4545440673828,213.63636779785156,213.63636779785156,51656000
2021-11-24,191.61485290527344,215.4545440673828,217.27272033691406,213.63636779785156,214.5454559326172,47510100
2021-11-25,192.42333984375,216.36363220214844,216.36363220214844,213.63636779785156,215.4545440673828,49383400
2021-11-26,198.89137268066406,223.63636779785156,228.18182373046875,214.5454559326172,216.36363220214844,70676100
2021-11-29,194.84884643554688,219.09091186523438,223.63636779785156,217.27272033691406,223.63636779785156,44288200
2021-11-30,189.9978485107422,213.63636779785156,219.09091186523438,210.0,219.09091186523438,49520900
2021-12-01,191.61485290527344,215.4545440673828,215.4545440673828,210.0,213.63636779785156,56459700
2021-12-02,192.42333984375,216.36363220214844,217.27272033691406,212.72726440429688,215.4545440673828,48230600
2021-12-03,198.08287048339844,222.72726440429688,228.18182373046875,215.4545440673828,216.36363220214844,80248300
2021-12-06,211.0188751220703,237.27272033691406,237.27272033691406,221.81817626953125,221.81817626953125,61116000
2021-12-07,211.0188751220703,237.27272033691406,245.4545440673828,236.36363220214844,237.27272033691406,51763800
2021-12-08,211.0188751220703,237.27272033691406,240.0,235.4545440673828,237.27272033691406,44673200
2021-12-09,219.10389709472656,246.36363220214844,248.18182373046875,237.27272033691406,237.27272033691406,47509000
2021-12-10,215.86990356445312,242.72726440429688,247.27272033691406,241.81817626953125,246.36363220214844,44266200
2021-12-13,215.86990356445312,242.72726440429688,244.5454559326172,240.90908813476562,242.72726440429688,43709600
2021-12-14,217.48690795898438,244.5454559326172,247.27272033691406,240.90908813476562,242.72726440429688,47620100
2021-12-15,217.48690795898438,244.5454559326172,245.4545440673828,240.90908813476562,245.4545440673828,48380200
2021-12-16,216.67840576171875,243.63636779785156,245.4545440673828,241.81817626953125,245.4545440673828,45635700
2021-12-17,225.57191467285156,253.63636779785156,253.63636779785156,241.81817626953125,242.72726440429688,49324000
2021-12-20,222.33790588378906,250.0,254.5454559326172,248.18182373046875,254.5454559326172,62109300
2021-12-21,226.3804168701172,254.5454559326172,256.3636474609375,248.18182373046875,250.0,41485400
2021-12-22,220.72091674804688,248.18182373046875,254.5454559326172,245.4545440673828,254.5454559326172,41627300
2021-12-23,213.44439697265625,240.0,248.18182373046875,240.0,248.18182373046875,22139700
2021-12-24,211.0188751220703,237.27272033691406,240.0,233.63636779785156,240.0,37034800
2021-12-27,211.827392578125,238.18182373046875,240.90908813476562,236.36363220214844,237.27272033691406,38944400
2021-12-28,211.827392578125,238.18182373046875,239.09091186523438,235.4545440673828,238.18182373046875,19435900
2021-12-29,210.2103729248047,236.36363220214844,238.18182373046875,235.4545440673828,238.18182373046875,32403800
2021-12-30,206.16787719726562,231.81817626953125,238.18182373046875,230.90908813476562,236.36363220214844,39413000
2022-01-03,214.2528839111328,240.90908813476562,244.5454559326172,230.90908813476562,231.81817626953125,43792100
2022-01-04,211.827392578125,238.18182373046875,240.90908813476562,236.36363220214844,240.90908813476562,36386900
2022-01-05,211.0188751220703,237.27272033691406,238.18182373046875,236.36363220214844,238.18182373046875,43065000
2022-01-06,211.0188751220703,237.27272033691406,239.09091186523438,232.72726440429688,236.36363220214844,47262600
2022-01-07,226.3804168701172,254.5454559326172,254.5454559326172,236.36363220214844,237.27272033691406,56849100
2022-01-10,219.9123992919922,247.27272033691406,254.5454559326172,247.27272033691406,254.5454559326172,50305200
2022-01-11,216.67840576171875,243.63636779785156,247.27272033691406,240.90908813476562,246.36363220214844,53847200
2022-01-12,222.33790588378906,250.0,250.90908813476562,243.63636779785156,243.63636779785156,54720600
2022-01-13,232.0399169921875,260.9090881347656,262.7272644042969,249.09091186523438,250.0,52454600
2022-01-14,227.1889190673828,255.4545440673828,260.9090881347656,252.72726440429688,260.9090881347656,50645100
2022-01-17,226.3804168701172,254.5454559326172,254.5454559326172,250.90908813476562,254.5454559326172,49046800
2022-01-18,223.9549102783203,251.81817626953125,254.5454559326172,250.0,254.5454559326172,47947900
2022-01-19,223.9549102783203,251.81817626953125,252.72726440429688,250.0,250.90908813476562,51581200
2022-01-20,223.9549102783203,251.81817626953125,251.81817626953125,250.0,251.81817626953125,52319300
2022-01-21,225.57191467285156,253.63636779785156,260.9090881347656,251.81817626953125,251.81817626953125,51531700
2022-01-24,218.29541015625,245.4545440673828,253.63636779785156,244.5454559326172,253.63636779785156,52203800
2022-01-25,214.2528839111328,240.90908813476562,245.4545440673828,240.90908813476562,245.4545440673828,56691800
2022-01-26,220.72091674804688,248.18182373046875,248.18182373046875,237.27272033691406,240.90908813476562,63811000
2022-01-27,217.48690795898438,244.5454559326172,248.18182373046875,242.72726440429688,248.18182373046875,55218900
2022-01-28,224.76341247558594,252.72726440429688,253.63636779785156,241.81817626953125,244.5454559326172,73734100
2022-01-31,219.10389709472656,246.36363220214844,252.72726440429688,246.36363220214844,252.72726440429688,64159700
2022-02-02,219.10389709472656,246.36363220214844,248.18182373046875,244.5454559326172,246.36363220214844,64045300
2022-02-03,225.57191467285156,253.63636779785156,255.4545440673828,245.4545440673828,246.36363220214844,67298000
2022-02-04,223.14639282226562,250.90908813476562,254.5454559326172,250.90908813476562,253.63636779785156,64553500
2022-02-07,218.29541015625,245.4545440673828,251.81817626953125,244.5454559326172,250.90908813476562,54986800
2022-02-08,218.29541015625,245.4545440673828,247.27272033691406,244.5454559326172,245.4545440673828,38137000
2022-02-09,228.80593872070312,257.2727355957031,258.18182373046875,241.81817626953125,245.4545440673828,103837800
2022-02-10,246.59295654296875,277.2727355957031,277.2727355957031,257.2727355957031,257.2727355957031,119062900
2022-02-11,238.50794982910156,268.18182373046875,278.18182373046875,267.2727355957031,278.18182373046875,60432900
2022-02-14,232.0399169921875,260.9090881347656,268.18182373046875,258.18182373046875,268.18182373046875,64455600
2022-02-15,232.0399169921875,260.9090881347656,263.6363525390625,257.2727355957031,260.0,58204300
2022-02-16,226.3804168701172,254.5454559326172,260.9090881347656,254.5454559326172,260.9090881347656,38804700
2022-02-17,223.9549102783203,251.81817626953125,254.5454559326172,241.81817626953125,254.5454559326172,82938900
2022-02-18,225.57191467285156,253.63636779785156,254.5454559326172,250.0,251.81817626953125,64705300
2022-02-21,227.9974365234375,256.3636474609375,256.3636474609375,250.90908813476562,253.63636779785156,61085200
2022-02-22,228.80593872070312,257.2727355957031,259.0909118652344,253.63636779785156,256.3636474609375,49765100
2022-02-23,229.61444091796875,258.18182373046875,262.7272644042969,255.4545440673828,257.2727355957031,57185700
2022-02-24,219.10389709472656,246.36363220214844,258.18182373046875,245.4545440673828,258.18182373046875,47116300
2022-02-25,221.52940368652344,249.09091186523438,250.90908813476562,244.5454559326172,245.4545440673828,62042200
2022-03-01,228.80593872070312,257.2727355957031,260.0,249.09091186523438,249.09091186523438,67494900
2022-03-02,230.4229278564453,259.0909118652344,263.6363525390625,255.4545440673828,257.2727355957031,61787000
2022-03-04,238.50794982910156,268.18182373046875,270.0,258.18182373046875,258.18182373046875,86799900
2022-03-07,243.35894775390625,273.6363525390625,276.3636474609375,267.2727355957031,268.18182373046875,58463900
2022-03-08,244.16744995117188,274.5454406738281,277.2727355957031,270.9090881347656,273.6363525390625,48973100
2022-03-09,242.55044555664062,272.7272644042969,274.5454406738281,267.2727355957031,274.5454406738281,37011700
2022-03-10,238.50794982910156,268.18182373046875,273.6363525390625,266.3636474609375,272.7272644042969,26814700
2022-03-11,232.84841918945312,261.81817626953125,268.18182373046875,259.0909118652344,268.18182373046875,29474500
2022-03-14,232.84841918945312,261.81817626953125,262.7272644042969,259.0909118652344,261.81817626953125,32934000
2022-03-15,240.1249237060547,270.0,273.6363525390625,261.81817626953125,261.81817626953125,64904400
2022-03-16,240.1249237060547,270.0,278.18182373046875,269.0909118652344,270.0,61263400
2022-03-17,240.1249237060547,270.0,276.3636474609375,268.18182373046875,270.0,46349600
2022-03-18,236.8909454345703,266.3636474609375,271.81817626953125,265.4545593261719,270.0,50211700
2022-03-21,240.93345642089844,270.9090881347656,272.7272644042969,266.3636474609375,266.3636474609375,56911800
2022-03-22,244.9759521484375,275.4545593261719,277.2727355957031,270.0,270.9090881347656,59412100
2022-03-23,244.9759521484375,275.4545593261719,279.0909118652344,273.6363525390625,275.4545593261719,48540800
2022-03-24,244.9759521484375,275.4545593261719,275.4545593261719,271.81817626953125,275.4545593261719,45890900
2022-03-25,244.16744995117188,274.5454406738281,275.4545593261719,272.7272644042969,275.4545593261719,45293600
2022-03-28,240.93345642089844,270.9090881347656,274.5454406738281,267.2727355957031,274.5454406738281,48045800
2022-03-29,236.0824737548828,265.4545593261719,272.7272644042969,260.0,270.9090881347656,45663200
2022-03-30,238.50794982910156,268.18182373046875,268.18182373046875,262.7272644042969,264.5454406738281,47152600
2022-03-31,250.63546752929688,281.81817626953125,282.7272644042969,267.2727355957031,268.18182373046875,109891100
2022-04-01,257.10345458984375,289.0909118652344,295.4545593261719,281.81817626953125,281.81817626953125,137095200
2022-04-04,265.99700927734375,299.0909118652344,301.81817626953125,289.0909118652344,289.0909118652344,87678800
2022-04-05,270.84796142578125,304.5454406738281,310.0,298.18182373046875,299.0909118652344,116239200
2022-04-06,273.27349853515625,307.2727355957031,310.9090881347656,304.5454406738281,305.4545593261719,58256000
2022-04-07,278.12451171875,312.7272644042969,317.2727355957031,307.2727355957031,307.2727355957031,75106900
2022-04-08,281.3585510253906,316.3636474609375,318.18182373046875,312.7272644042969,312.7272644042969,74033300
2022-04-11,287.0180358886719,322.7272644042969,322.7272644042969,314.5454406738281,316.3636474609375,46464000
2022-04-12,290.2520446777344,326.3636474609375,330.0,322.7272644042969,322.7272644042969,51349100
2022-04-13,290.2520446777344,326.3636474609375,329.0909118652344,321.81817626953125,326.3636474609375,55102300
2022-04-14,284.592529296875,320.0,326.3636474609375,320.0,326.3636474609375,39759500
2022-04-18,290.2520446777344,326.3636474609375,328.18182373046875,319.0909118652344,320.0,51679100
2022-04-19,287.0180358886719,322.7272644042969,329.0909118652344,320.0,326.3636474609375,45872200
2022-04-20,278.9330139160156,313.6363525390625,322.7272644042969,312.7272644042969,322.7272644042969,49953200
2022-04-21,280.5500183105469,315.4545593261719,319.0909118652344,310.9090881347656,311.81817626953125,58807100
2022-04-22,281.3585510253906,316.3636474609375,322.7272644042969,315.4545593261719,315.4545593261719,59589200
2022-04-25,281.3585510253906,316.3636474609375,318.18182373046875,314.5454406738281,316.3636474609375,40275400
2022-04-26,282.1670227050781,317.2727355957031,320.0,311.81817626953125,316.3636474609375,69353900
2022-04-27,285.4010314941406,320.9090881347656,326.3636474609375,316.3636474609375,317.2727355957031,59640900
2022-04-28,305.6135559082031,343.6363525390625,347.2727355957031,320.9090881347656,320.9090881347656,93623200
2022-05-09,296.7200622558594,333.6363525390625,344.5454406738281,331.81817626953125,343.6363525390625,46660900
2022-05-10,282.97552490234375,318.18182373046875,333.6363525390625,317.2727355957031,333.6363525390625,48742100
2022-05-11,289.44354248046875,325.4545593261719,325.4545593261719,317.2727355957031,317.2727355957031,44976800
2022-05-12,278.9330139160156,313.6363525390625,325.4545593261719,312.7272644042969,325.4545593261719,83792500
2022-05-13,283.7840576171875,319.0909118652344,319.0909118652344,309.0909118652344,313.6363525390625,72821100
2022-05-17,282.97552490234375,318.18182373046875,319.0909118652344,314.5454406738281,318.18182373046875,55158400
2022-05-18,283.7840576171875,319.0909118652344,320.0,314.5454406738281,318.18182373046875,57676300
2022-05-19,285.4010314941406,320.9090881347656,323.6363525390625,315.4545593261719,319.0909118652344,53698700
2022-05-20,285.4010314941406,320.9090881347656,320.9090881347656,318.18182373046875,320.9090881347656,50644000
2022-05-23,283.7840576171875,319.0909118652344,320.9090881347656,319.0909118652344,320.9090881347656,52747200
2022-05-24,296.7200622558594,333.6363525390625,333.6363525390625,319.0909118652344,319.0909118652344,67702800
2022-05-25,292.6775207519531,329.0909118652344,333.6363525390625,325.4545593261719,333.6363525390625,38658400
2022-05-27,303.99658203125,341.81817626953125,341.81817626953125,328.18182373046875,329.0909118652344,66057200
2022-05-30,301.5710754394531,339.0909118652344,341.81817626953125,336.3636474609375,341.81817626953125,36999600
2022-05-31,304.8050537109375,342.7272644042969,345.4545593261719,337.2727355957031,339.0909118652344,48704700
2022-06-02,304.8050537109375,342.7272644042969,344.5454406738281,340.9090881347656,342.7272644042969,41473300
2022-06-03,314.507080078125,353.6363525390625,354.5454406738281,341.81817626953125,342.7272644042969,70832300
2022-06-06,306.4220275878906,344.5454406738281,356.3636474609375,342.7272644042969,353.6363525390625,40984900
2022-06-07,299.1455993652344,336.3636474609375,344.5454406738281,336.3636474609375,344.5454406738281,38341600
2022-06-08,296.7200622558594,333.6363525390625,337.2727355957031,331.81817626953125,336.3636474609375,37166800
2022-06-09,295.10302734375,331.81817626953125,334.5454406738281,327.2727355957031,333.6363525390625,41028900
2022-06-10,287.0180358886719,322.7272644042969,331.81817626953125,322.7272644042969,331.81817626953125,41126800
2022-06-13,284.592529296875,320.0,324.5454406738281,318.18182373046875,322.7272644042969,63409500
2022-06-14,280.5500183105469,315.4545593261719,320.9090881347656,313.6363525390625,320.0,40521800
2022-06-15,276.50750732421875,310.9090881347656,316.3636474609375,309.0909118652344,315.4545593261719,39615400
2022-06-16,278.9330139160156,313.6363525390625,313.6363525390625,309.0909118652344,310.9090881347656,41517300
2022-06-17,275.02728271484375,307.2727355957031,313.6363525390625,305.4545593261719,312.7272644042969,40134600
2022-06-20,285.60528564453125,319.0909118652344,320.0,304.5454406738281,307.2727355957031,69103100
2022-06-21,286.4189758300781,320.0,320.9090881347656,316.3636474609375,319.0909118652344,40371100
2022-06-22,281.53680419921875,314.5454406738281,319.0909118652344,314.5454406738281,319.0909118652344,39295300
2022-06-23,281.53680419921875,314.5454406738281,314.5454406738281,309.0909118652344,314.5454406738281,43206900
2022-06-24,284.7915954589844,318.18182373046875,319.0909118652344,313.6363525390625,314.5454406738281,37632100
2022-06-27,293.7421875,328.18182373046875,331.81817626953125,316.3636474609375,318.18182373046875,64960500
2022-06-28,293.7421875,328.18182373046875,330.9090881347656,325.4545593261719,328.18182373046875,37781700
2022-06-29,301.87908935546875,337.2727355957031,338.18182373046875,326.3636474609375,328.18182373046875,62585600
2022-06-30,296.1832580566406,330.9090881347656,337.2727355957031,330.0,337.2727355957031,21611700
2022-07-01,293.7421875,328.18182373046875,330.9090881347656,326.3636474609375,330.0,35515700
2022-07-04,284.7915954589844,318.18182373046875,328.18182373046875,317.2727355957031,327.2727355957031,35896300
2022-07-05,296.1832580566406,330.9090881347656,330.9090881347656,317.2727355957031,317.2727355957031,41917700
2022-07-06,296.1832580566406,330.9090881347656,337.2727355957031,330.0,330.9090881347656,43071600
2022-07-07,298.62432861328125,333.6363525390625,333.6363525390625,329.0909118652344,330.9090881347656,36777400
2022-07-08,299.43798828125,334.5454406738281,336.3636474609375,332.7272644042969,333.6363525390625,26705800
2022-07-11,293.7421875,328.18182373046875,334.5454406738281,328.18182373046875,334.5454406738281,36180100
2022-07-12,292.928466796875,327.2727355957031,328.18182373046875,326.3636474609375,327.2727355957031,37989600
2022-07-13,301.0653991699219,336.3636474609375,342.7272644042969,327.2727355957031,327.2727355957031,57735700
2022-07-14,307.57489013671875,343.6363525390625,345.4545593261719,334.5454406738281,336.3636474609375,53964900
2022-07-15,315.7117919921875,352.7272644042969,355.4545593261719,341.81817626953125,343.6363525390625,89118700
2022-07-18,304.3201599121094,340.0,352.7272644042969,340.0,352.7272644042969,25446300
2022-07-19,304.3201599121094,340.0,341.81817626953125,334.5454406738281,340.0,31633800
2022-07-20,314.8981018066406,351.81817626953125,354.5454406738281,340.0,340.0,68869900
2022-07-21,323.0350036621094,360.9090881347656,361.81817626953125,350.9090881347656,351.81817626953125,56720400
2022-07-22,324.66241455078125,362.7272644042969,365.4545593261719,360.9090881347656,360.9090881347656,35973300
2022-07-25,316.5255126953125,353.6363525390625,365.4545593261719,353.6363525390625,365.4545593261719,61625300
2022-07-26,317.33917236328125,354.5454406738281,359.0909118652344,352.7272644042969,352.7272644042969,57833600
2022-07-27,326.2897644042969,364.5454406738281,367.2727355957031,354.5454406738281,354.5454406738281,73902400
2022-07-28,323.84869384765625,361.81817626953125,369.0909118652344,360.0,364.5454406738281,39543900
2022-07-29,323.84869384765625,361.81817626953125,364.5454406738281,357.2727355957031,361.81817626953125,38757400
2022-08-01,323.84869384765625,361.81817626953125,364.5454406738281,360.0,361.81817626953125,52558000
2022-08-02,336.8677673339844,376.3636474609375,378.18182373046875,361.81817626953125,361.81817626953125,106331500
2022-08-03,336.8677673339844,376.3636474609375,377.2727355957031,373.6363525390625,376.3636474609375,45344200
2022-08-04,328.7308654785156,367.2727355957031,376.3636474609375,366.3636474609375,376.3636474609375,38418600
2022-08-05,307.57489013671875,343.6363525390625,367.2727355957031,343.6363525390625,367.2727355957031,65627100
2022-08-08,318.9665832519531,356.3636474609375,363.6363525390625,354.5454406738281,354.5454406738281,94759500
2022-08-09,335.2403564453125,374.5454406738281,377.2727355957031,355.4545593261719,356.3636474609375,129341300
2022-08-10,329.5445556640625,368.18182373046875,376.3636474609375,365.4545593261719,374.5454406738281,57823700
2022-08-11,341.7498779296875,381.81817626953125,384.5454406738281,369.0909118652344,371.81817626953125,102092100
2022-08-12,337.68145751953125,377.2727355957031,382.7272644042969,373.6363525390625,381.81817626953125,43930700
2022-08-15,325.47607421875,363.6363525390625,377.2727355957031,361.81817626953125,377.2727355957031,42903300
2022-08-16,322.2213439941406,360.0,364.5454406738281,360.0,363.6363525390625,36568400
2022-08-18,318.15289306640625,355.4545593261719,361.81817626953125,354.5454406738281,360.0,41751600
2022-08-19,314.0844421386719,350.9090881347656,355.4545593261719,350.0,354.5454406738281,56883200
2022-08-22,310.0159912109375,346.3636474609375,350.9090881347656,345.4545593261719,350.0,51658200
2022-08-23,313.2707214355469,350.0,350.9090881347656,345.4545593261719,346.3636474609375,50135800
2022-08-24,315.7117919921875,352.7272644042969,360.9090881347656,349.0909118652344,350.0,80025000
2022-08-25,311.64337158203125,348.18182373046875,354.5454406738281,347.2727355957031,352.7272644042969,45571900
2022-08-26,313.2707214355469,350.0,350.9090881347656,347.2727355957031,348.18182373046875,57638900
2022-08-29,315.7117919921875,352.7272644042969,354.5454406738281,348.18182373046875,350.0,57531100
2022-08-30,318.9665832519531,356.3636474609375,357.2727355957031,351.81817626953125,352.7272644042969,52903400
2022-08-31,316.5255126953125,353.6363525390625,357.2727355957031,353.6363525390625,356.3636474609375,45926100
2022-09-01,318.9665832519531,356.3636474609375,358.18182373046875,353.6363525390625,353.6363525390625,51618600
2022-09-02,315.7117919921875,352.7272644042969,358.18182373046875,340.9090881347656,356.3636474609375,55235400
2022-09-05,314.8981018066406,351.81817626953125,354.5454406738281,347.2727355957031,352.7272644042969,46162600
2022-09-06,316.5255126953125,353.6363525390625,355.4545593261719,350.9090881347656,351.81817626953125,59002900
2022-09-07,322.2213439941406,360.0,365.4545593261719,353.6363525390625,353.6363525390625,100987700
2022-09-08,322.2213439941406,360.0,372.7272644042969,360.0,360.9090881347656,112173600
2022-09-09,314.8981018066406,351.81817626953125,360.9090881347656,351.81817626953125,360.0,48478100
2022-09-12,309.2023010253906,345.4545593261719,351.81817626953125,341.81817626953125,351.81817626953125,51700000
2022-09-13,325.47607421875,363.6363525390625,366.3636474609375,344.5454406738281,346.3636474609375,154829400
2022-09-14,328.7308654785156,367.2727355957031,374.5454406738281,362.7272644042969,363.6363525390625,109445600
2022-09-15,328.7308654785156,367.2727355957031,377.2727355957031,367.2727355957031,367.2727355957031,86423700
2022-09-16,318.9665832519531,356.3636474609375,367.2727355957031,351.81817626953125,367.2727355957031,54267400
2022-09-19,310.0159912109375,346.3636474609375,356.3636474609375,346.3636474609375,355.4545593261719,55580800
2022-09-20,311.64337158203125,348.18182373046875,348.18182373046875,342.7272644042969,347.2727355957031,44150700
2022-09-21,317.33917236328125,354.5454406738281,355.4545593261719,344.5454406738281,348.18182373046875,61428400
2022-09-22,316.5255126953125,353.6363525390625,355.4545593261719,352.7272644042969,354.5454406738281,43621600
2022-09-23,321.40765380859375,359.0909118652344,361.81817626953125,352.7272644042969,353.6363525390625,67364000
2022-09-26,310.82965087890625,347.2727355957031,360.0,347.2727355957031,359.0909118652344,38963100
2022-09-27,310.0159912109375,346.3636474609375,348.18182373046875,345.4545593261719,347.2727355957031,44752400
2022-09-28,306.76123046875,342.7272644042969,346.3636474609375,341.81817626953125,346.3636474609375,44513700
2022-09-29,299.43798828125,334.5454406738281,342.7272644042969,334.5454406738281,342.7272644042969,46792900
2022-09-30,308.3885803222656,344.5454406738281,344.5454406738281,331.81817626953125,334.5454406738281,77196900
2022-10-03,306.76123046875,342.7272644042969,344.5454406738281,340.9090881347656,344.5454406738281,41737300
2022-10-04,317.33917236328125,354.5454406738281,355.4545593261719,342.7272644042969,342.7272644042969,56082400
2022-10-05,316.5255126953125,353.6363525390625,358.18182373046875,352.7272644042969,354.5454406738281,45448700
2022-10-06,312.4570617675781,349.0909118652344,353.6363525390625,345.4545593261719,353.6363525390625,23650000
2022-10-07,309.2023010253906,345.4545593261719,350.0,342.7272644042969,349.0909118652344,43326800
2022-10-10,305.9475402832031,341.81817626953125,345.4545593261719,340.9090881347656,344.5454406738281,42620600
2022-10-11,305.1338195800781,340.9090881347656,347.2727355957031,340.9090881347656,341.81817626953125,44526900
2022-10-12,305.1338195800781,340.9090881347656,341.81817626953125,340.0,341.81817626953125,46879800
2022-10-13,303.5064697265625,339.0909118652344,340.9090881347656,338.18182373046875,340.9090881347656,31224600
2022-10-14,303.5064697265625,339.0909118652344,340.9090881347656,337.2727355957031,339.0909118652344,29793500
2022-10-17,300.251708984375,335.4545593261719,340.0,333.6363525390625,339.0909118652344,30210400
2022-10-18,300.251708984375,335.4545593261719,336.3636474609375,332.7272644042969,336.3636474609375,31992400
2022-10-19,296.1832580566406,330.9090881347656,337.2727355957031,327.2727355957031,335.4545593261719,39153400
2022-10-20,288.0463562011719,321.81817626953125,330.9090881347656,321.81817626953125,330.9090881347656,43252000
2022-10-21,288.0463562011719,321.81817626953125,322.7272644042969,320.9090881347656,321.81817626953125,25864300
2022-10-24,288.0463562011719,321.81817626953125,323.6363525390625,320.9090881347656,321.81817626953125,24150500
2022-10-25,283.9779052734375,317.2727355957031,321.81817626953125,315.4545593261719,321.81817626953125,17052200
2022-10-26,281.53680419921875,314.5454406738281,315.4545593261719,312.7272644042969,315.4545593261719,17631900
2022-10-27,280.72314453125,313.6363525390625,316.3636474609375,310.9090881347656,314.5454406738281,20267500
2022-10-28,277.4683532714844,310.0,313.6363525390625,309.0909118652344,312.7272644042969,17144600
2022-10-31,278.2820739746094,310.9090881347656,312.7272644042969,309.0909118652344,310.0,25572800
2022-11-01,276.6546936035156,309.0909118652344,310.9090881347656,306.3636474609375,310.9090881347656,17332700
2022-11-02,273.3999328613281,305.4545593261719,309.0909118652344,304.5454406738281,309.0909118652344,17149000
2022-11-03,270.9588317871094,302.7272644042969,312.7272644042969,300.0,306.3636474609375,35580600
2022-11-04,270.9588317871094,302.7272644042969,311.81817626953125,299.0909118652344,301.81817626953125,68066900
2022-11-07,278.2820739746094,310.9090881347656,322.7272644042969,309.0909118652344,310.9090881347656,76143100
2022-11-08,278.2820739746094,310.9090881347656,312.7272644042969,305.4545593261719,310.9090881347656,39917900
2022-11-09,278.2820739746094,310.9090881347656,311.81817626953125,307.2727355957031,310.9090881347656,32325700
2022-11-10,274.213623046875,306.3636474609375,310.0,305.4545593261719,310.0,11589600
2022-11-11,274.213623046875,306.3636474609375,310.0,301.81817626953125,306.3636474609375,32992300
2022-11-14,264.4493408203125,295.4545593261719,306.3636474609375,295.4545593261719,305.4545593261719,53411600
2022-11-15,279.909423828125,312.7272644042969,313.6363525390625,296.3636474609375,296.3636474609375,74482100
2022-11-16,279.909423828125,312.7272644042969,316.3636474609375,310.0,312.7272644042969,63467800
2022-11-17,284.7915954589844,318.18182373046875,319.0909118652344,309.0909118652344,312.7272644042969,87593000
2022-11-18,292.928466796875,327.2727355957031,327.2727355957031,316.3636474609375,317.2727355957031,70453900
2022-11-21,292.11480712890625,326.3636474609375,328.18182373046875,322.7272644042969,327.2727355957031,47614600
2022-11-22,300.251708984375,335.4545593261719,338.18182373046875,326.3636474609375,326.3636474609375,90827000
2022-11-23,296.9969177246094,331.81817626953125,335.4545593261719,328.18182373046875,335.4545593261719,30185100
2022-11-24,291.3011169433594,325.4545593261719,332.7272644042969,321.81817626953125,331.81817626953125,38790400
2022-11-25,291.3011169433594,325.4545593261719,325.4545593261719,321.81817626953125,325.4545593261719,30963900
2022-11-28,293.7421875,328.18182373046875,328.18182373046875,325.4545593261719,325.4545593261719,49599000
2022-11-29,299.43798828125,334.5454406738281,337.2727355957031,328.18182373046875,328.18182373046875,72051100
2022-11-30,300.251708984375,335.4545593261719,339.0909118652344,333.6363525390625,334.5454406738281,48756400
2022-12-01,300.251708984375,335.4545593261719,340.9090881347656,330.9090881347656,335.4545593261719,57460700
2022-12-02,292.928466796875,327.2727355957031,336.3636474609375,321.81817626953125,335.4545593261719,18308400
2022-12-05,279.909423828125,312.7272644042969,326.3636474609375,310.0,326.3636474609375,17487800
2022-12-06,275.02728271484375,307.2727355957031,312.7272644042969,306.3636474609375,312.7272644042969,7484400
2022-12-07,274.213623046875,306.3636474609375,307.2727355957031,302.7272644042969,307.2727355957031,6127000
2022-12-08,272.5862121582031,304.5454406738281,305.4545593261719,301.81817626953125,305.4545593261719,5709000
2022-12-09,271.77252197265625,303.6363525390625,304.5454406738281,300.9090881347656,304.5454406738281,3852200
2022-12-12,269.3314514160156,300.9090881347656,303.6363525390625,300.0,303.6363525390625,5034700
2022-12-13,270.1451721191406,301.81817626953125,302.7272644042969,299.0909118652344,300.9090881347656,16500000
2022-12-14,273.3999328613281,305.4545593261719,307.2727355957031,300.9090881347656,301.81817626953125,24042700
2022-12-15,272.5862121582031,304.5454406738281,306.3636474609375,301.81817626953125,305.4545593261719,10979100
2022-12-16,275.02728271484375,307.2727355957031,309.0909118652344,302.7272644042969,304.5454406738281,40330400
2022-12-19,278.2820739746094,310.9090881347656,310.9090881347656,304.5454406738281,307.2727355957031,13593800
2022-12-20,280.72314453125,313.6363525390625,314.5454406738281,309.0909118652344,310.9090881347656,18208300
2022-12-21,285.60528564453125,319.0909118652344,319.0909118652344,313.6363525390625,313.6363525390625,21763500
2022-12-22,287.2326354980469,320.9090881347656,320.9090881347656,312.7272644042969,319.0909118652344,11489500
2022-12-23,287.2326354980469,320.9090881347656,321.81817626953125,315.4545593261719,320.9090881347656,11083600
2022-12-26,287.2326354980469,320.9090881347656,322.7272644042969,318.18182373046875,320.9090881347656,21320200
2022-12-27,288.0463562011719,321.81817626953125,321.81817626953125,318.18182373046875,320.0,19309400
2022-12-28,286.4189758300781,320.0,323.6363525390625,317.2727355957031,320.9090881347656,15226200
2022-12-29,286.4189758300781,320.0,320.0,315.4545593261719,319.0909118652344,14386900
2022-12-30,286.4189758300781,320.0,322.7272644042969,320.0,320.0,19151000
2023-01-02,286.4189758300781,320.0,320.9090881347656,317.2727355957031,319.0909118652344,21785500
2023-01-03,286.4189758300781,320.0,327.2727355957031,317.2727355957031,320.0,51212700
2023-01-04,286.4189758300781,320.0,320.0,315.4545593261719,320.0,17571400
2023-01-05,283.1642150878906,316.3636474609375,319.0909118652344,311.81817626953125,319.0909118652344,12914000
2023-01-06,280.72314453125,313.6363525390625,315.4545593261719,312.7272644042969,315.4545593261719,10063900
2023-01-09,280.72314453125,313.6363525390625,316.3636474609375,312.7272644042969,313.6363525390625,14515600
2023-01-10,287.2326354980469,320.9090881347656,323.6363525390625,314.5454406738281,314.5454406738281,54690900
2023-01-11,291.3011169433594,325.4545593261719,328.18182373046875,320.9090881347656,320.9090881347656,36193300
2023-01-12,283.1642150878906,316.3636474609375,325.4545593261719,316.3636474609375,325.4545593261719,11908600
2023-01-13,279.909423828125,312.7272644042969,316.3636474609375,310.9090881347656,316.3636474609375,9214700
2023-01-16,277.4683532714844,310.0,312.7272644042969,309.0909118652344,311.81817626953125,5487900
2023-01-17,277.4683532714844,310.0,310.9090881347656,309.0909118652344,310.0,18443700
2023-01-18,284.7915954589844,318.18182373046875,320.0,310.0,310.0,35693900
2023-01-19,291.3011169433594,325.4545593261719,328.18182373046875,318.18182373046875,318.18182373046875,68598200
2023-01-20,298.62432861328125,333.6363525390625,334.5454406738281,324.5454406738281,325.4545593261719,61961900
2023-01-24,288.8600158691406,322.7272644042969,333.6363525390625,322.7272644042969,333.6363525390625,4336200
2023-01-25,287.2326354980469,320.9090881347656,322.7272644042969,315.4545593261719,321.81817626953125,10406000
2023-01-26,291.3011169433594,325.4545593261719,325.4545593261719,318.18182373046875,320.9090881347656,37184400
2023-01-27,291.3011169433594,325.4545593261719,330.0,322.7272644042969,325.4545593261719,25371500
2023-01-30,292.928466796875,327.2727355957031,328.18182373046875,324.5454406738281,325.4545593261719,33930600
2023-01-31,292.928466796875,327.2727355957031,328.18182373046875,325.4545593261719,327.2727355957031,21969200
2023-02-01,296.9969177246094,331.81817626953125,336.3636474609375,327.2727355957031,327.2727355957031,58168000
2023-02-02,299.43798828125,334.5454406738281,334.5454406738281,330.9090881347656,330.9090881347656,37167900
2023-02-03,299.43798828125,334.5454406738281,336.3636474609375,333.6363525390625,334.5454406738281,33778800
2023-02-06,302.6927795410156,338.18182373046875,340.0,333.6363525390625,333.6363525390625,53449000
2023-02-07,303.5064697265625,339.0909118652344,340.9090881347656,337.2727355957031,338.18182373046875,51419500
2023-02-08,301.87908935546875,337.2727355957031,340.0,336.3636474609375,339.0909118652344,16144700
2023-02-09,303.5064697265625,339.0909118652344,339.0909118652344,337.2727355957031,337.2727355957031,35138400
2023-02-10,301.87908935546875,337.2727355957031,339.0909118652344,336.3636474609375,339.0909118652344,16055600
2023-02-13,310.82965087890625,347.2727355957031,350.0,336.3636474609375,337.2727355957031,87502800
2023-02-14,308.3885803222656,344.5454406738281,347.2727355957031,342.7272644042969,347.2727355957031,34276000
2023-02-15,305.1338195800781,340.9090881347656,344.5454406738281,340.0,344.5454406738281,14364900
2023-02-16,303.5064697265625,339.0909118652344,340.9090881347656,336.3636474609375,340.0,20533700
2023-02-17,301.0653991699219,336.3636474609375,339.0909118652344,331.81817626953125,338.18182373046875,17640700
2023-02-20,295.3695373535156,330.0,336.3636474609375,329.0909118652344,336.3636474609375,13730200
2023-02-21,291.3011169433594,325.4545593261719,330.0,323.6363525390625,330.0,4868600
2023-02-22,287.2326354980469,320.9090881347656,325.4545593261719,320.9090881347656,325.4545593261719,11064900
2023-02-23,287.2326354980469,320.9090881347656,321.81817626953125,313.6363525390625,320.0,26997300
2023-02-24,280.72314453125,313.6363525390625,320.9090881347656,313.6363525390625,320.9090881347656,13522300
2023-02-27,279.909423828125,312.7272644042969,313.6363525390625,310.0,313.6363525390625,8600900
2023-02-28,280.72314453125,313.6363525390625,319.0909118652344,309.0909118652344,312.7272644042969,32588600
2023-03-01,276.6546936035156,309.0909118652344,313.6363525390625,308.18182373046875,312.7272644042969,17517500
2023-03-02,284.7915954589844,318.18182373046875,318.18182373046875,308.18182373046875,309.0909118652344,47734500
2023-03-03,284.7915954589844,318.18182373046875,320.0,317.2727355957031,318.18182373046875,16841000
2023-03-06,284.7915954589844,318.18182373046875,319.0909118652344,316.3636474609375,318.18182373046875,8679000
2023-03-07,283.1642150878906,316.3636474609375,318.18182373046875,311.81817626953125,318.18182373046875,10986800
2023-03-08,279.909423828125,312.7272644042969,316.3636474609375,310.0,315.4545593261719,22587400
2023-03-09,280.72314453125,313.6363525390625,315.4545593261719,311.81817626953125,312.7272644042969,33904200
2023-03-10,283.1642150878906,316.3636474609375,318.18182373046875,311.81817626953125,313.6363525390625,51591100
2023-03-13,283.1642150878906,316.3636474609375,317.2727355957031,314.5454406738281,316.3636474609375,31315900
2023-03-14,280.72314453125,313.6363525390625,318.18182373046875,312.7272644042969,315.4545593261719,14135000
2023-03-15,276.6546936035156,309.0909118652344,313.6363525390625,306.3636474609375,313.6363525390625,7669200
2023-03-16,271.77252197265625,303.6363525390625,309.0909118652344,301.81817626953125,309.0909118652344,19039900
2023-03-17,268.5177917480469,300.0,303.6363525390625,295.4545593261719,303.6363525390625,8411700
2023-03-20,264.4493408203125,295.4545593261719,300.0,293.6363525390625,299.0909118652344,8294000
2023-03-21,264.4493408203125,295.4545593261719,296.3636474609375,287.2727355957031,295.4545593261719,9290600
2023-03-24,274.213623046875,306.3636474609375,307.2727355957031,294.5454406738281,295.4545593261719,55848100
2023-03-27,270.1451721191406,301.81817626953125,307.2727355957031,300.0,306.3636474609375,15364800
2023-03-28,273.3999328613281,305.4545593261719,305.4545593261719,300.0,301.81817626953125,37305400
2023-03-29,279.0957336425781,311.81817626953125,311.81817626953125,303.6363525390625,304.5454406738281,53243300
2023-03-30,279.0957336425781,311.81817626953125,311.81817626953125,308.18182373046875,311.81817626953125,19121300
2023-03-31,279.0957336425781,311.81817626953125,311.81817626953125,303.6363525390625,310.9090881347656,16190900
2023-04-03,279.0957336425781,311.81817626953125,311.81817626953125,308.18182373046875,310.9090881347656,177466300
2023-04-04,278.2820739746094,310.9090881347656,311.81817626953125,305.4545593261719,310.9090881347656,84026800
2023-04-05,283.1642150878906,316.3636474609375,320.9090881347656,310.0,310.9090881347656,56606000
2023-04-06,279.0957336425781,311.81817626953125,317.2727355957031,310.0,316.3636474609375,35057000
2023-04-10,276.6546936035156,309.0909118652344,312.7272644042969,304.5454406738281,310.9090881347656,15792700
2023-04-11,276.6546936035156,309.0909118652344,310.0,304.5454406738281,309.0909118652344,28531800
2023-04-12,276.6546936035156,309.0909118652344,310.9090881347656,308.18182373046875,308.18182373046875,40827600
2023-04-13,282.35052490234375,315.4545593261719,316.3636474609375,308.18182373046875,309.0909118652344,49391100
2023-04-14,296.9969177246094,331.81817626953125,331.81817626953125,315.4545593261719,315.4545593261719,55376200
2023-04-17,293.7421875,328.18182373046875,339.0909118652344,322.7272644042969,331.81817626953125,40647200
2023-04-18,288.8600158691406,322.7272644042969,327.2727355957031,320.0,327.2727355957031,10217900
2023-04-26,299.43798828125,334.5454406738281,334.5454406738281,319.0909118652344,322.7272644042969,59992900
2023-04-27,299.43798828125,334.5454406738281,334.5454406738281,322.7272644042969,334.5454406738281,26178900
2023-04-28,302.6927795410156,338.18182373046875,338.18182373046875,320.0,334.5454406738281,28431700
2023-05-02,287.2326354980469,320.9090881347656,337.2727355957031,320.0,337.2727355957031,36771900
2023-05-03,284.7915954589844,318.18182373046875,320.9090881347656,316.3636474609375,320.0,9815300
2023-05-04,296.9969177246094,331.81817626953125,331.81817626953125,313.6363525390625,317.2727355957031,49920200
2023-05-05,292.11480712890625,326.3636474609375,331.81817626953125,324.5454406738281,331.81817626953125,50370100
2023-05-08,292.11480712890625,326.3636474609375,326.3636474609375,321.81817626953125,325.4545593261719,20163000
2023-05-09,290.4873962402344,324.5454406738281,325.4545593261719,321.81817626953125,325.4545593261719,4724500
2023-05-10,311.64337158203125,348.18182373046875,348.18182373046875,322.7272644042969,324.5454406738281,150904600
2023-05-11,317.33917236328125,354.5454406738281,363.6363525390625,347.2727355957031,348.18182373046875,137872900
2023-05-12,314.0844421386719,350.9090881347656,357.2727355957031,350.0,354.5454406738281,19665800
2023-05-15,310.82965087890625,347.2727355957031,354.5454406738281,344.5454406738281,350.0,60446100
2023-05-16,310.82965087890625,347.2727355957031,348.18182373046875,342.7272644042969,347.2727355957031,58022800
2023-05-17,307.57489013671875,343.6363525390625,347.2727355957031,342.7272644042969,346.3636474609375,6031300
2023-05-19,305.1338195800781,340.9090881347656,343.6363525390625,340.0,343.6363525390625,12325500
2023-05-22,315.7117919921875,352.7272644042969,354.5454406738281,337.2727355957031,340.9090881347656,89357400
2023-05-23,317.33917236328125,354.5454406738281,356.3636474609375,346.3636474609375,352.7272644042969,42049700
2023-05-24,311.64337158203125,348.18182373046875,354.5454406738281,345.4545593261719,354.5454406738281,14796100
2023-05-25,306.76123046875,342.7272644042969,348.18182373046875,340.0,347.2727355957031,8980400
2023-05-26,305.1338195800781,340.9090881347656,342.7272644042969,338.18182373046875,342.7272644042969,21529200
2023-05-29,301.0653991699219,336.3636474609375,340.0,331.81817626953125,340.0,15006200
2023-05-30,296.9969177246094,331.81817626953125,336.3636474609375,331.81817626953125,336.3636474609375,12655500
2023-05-31,296.9969177246094,331.81817626953125,331.81817626953125,327.2727355957031,331.81817626953125,11319000
2023-06-05,302.6927795410156,338.18182373046875,343.6363525390625,330.9090881347656,330.9090881347656,45496000
2023-06-06,301.87908935546875,337.2727355957031,341.81817626953125,330.9090881347656,338.18182373046875,59125000
2023-06-07,301.87908935546875,337.2727355957031,338.18182373046875,331.81817626953125,336.3636474609375,42850500
2023-06-08,305.1338195800781,340.9090881347656,340.9090881347656,330.9090881347656,337.2727355957031,35077900
2023-06-09,305.1338195800781,340.9090881347656,347.2727355957031,335.4545593261719,340.0,54533600
2023-06-12,305.1338195800781,340.9090881347656,343.6363525390625,338.18182373046875,340.9090881347656,42366500
2023-06-13,305.9475402832031,341.81817626953125,341.81817626953125,338.18182373046875,340.0,38278900
2023-06-14,310.82965087890625,347.2727355957031,350.9090881347656,341.81817626953125,341.81817626953125,61487800
2023-06-15,310.82965087890625,347.2727355957031,347.2727355957031,345.4545593261719,347.2727355957031,38562700
2023-06-16,317.33917236328125,354.5454406738281,355.4545593261719,345.4545593261719,347.2727355957031,55745800
2023-06-19,394.7674560546875,400.0,430.0,356.0,356.0,43498300
2023-06-20,404.6366271972656,410.0,430.0,400.0,400.0,27668100
2023-06-21,384.89825439453125,390.0,412.0,382.0,410.0,37095900
2023-06-22,400.68896484375,406.0,412.0,388.0,390.0,41203800
2023-06-23,384.89825439453125,390.0,412.0,382.0,404.0,34206300
2023-06-26,390.81976318359375,396.0,396.0,386.0,390.0,40126300
2023-06-27,382.9244384765625,388.0,402.0,378.0,396.0,26887000
2023-07-03,375.0290832519531,380.0,392.0,380.0,388.0,40408300
2023-07-04,365.1598815917969,370.0,382.0,368.0,380.0,19453600
2023-07-05,363.1860656738281,368.0,370.0,358.0,370.0,22930000
2023-07-06,355.29071044921875,360.0,368.0,352.0,360.0,39353100
2023-07-07,355.29071044921875,360.0,360.0,350.0,358.0,32105600
2023-07-10,351.343017578125,356.0,360.0,352.0,358.0,17457000
2023-07-11,343.44769287109375,348.0,358.0,348.0,354.0,28614500
2023-07-12,339.5,344.0,348.0,342.0,348.0,29160500
2023-07-13,335.5523376464844,340.0,346.0,338.0,344.0,32368000
2023-07-14,329.6308288574219,334.0,342.0,332.0,340.0,21592100
2023-07-17,331.6046447753906,336.0,340.0,330.0,334.0,32609900
2023-07-18,331.6046447753906,336.0,336.0,328.0,336.0,25660700
2023-07-20,341.4738464355469,346.0,346.0,330.0,336.0,68084000
2023-07-21,335.5523376464844,340.0,348.0,338.0,348.0,17964800
2023-07-24,337.52618408203125,342.0,342.0,332.0,340.0,40601100
2023-07-25,331.6046447753906,336.0,342.0,332.0,340.0,34008900
2023-07-26,331.6046447753906,336.0,336.0,330.0,336.0,57405600
2023-07-27,331.6046447753906,336.0,340.0,332.0,334.0,49576800
2023-07-28,333.5784912109375,338.0,342.0,322.0,334.0,43033300
2023-07-31,331.6046447753906,336.0,338.0,332.0,338.0,31824600
2023-08-01,335.5523376464844,340.0,344.0,330.0,336.0,47964400
2023-08-02,335.5523376464844,340.0,340.0,334.0,340.0,38076800
2023-08-03,339.5,344.0,348.0,334.0,340.0,48290500
2023-08-04,339.5,344.0,344.0,332.0,342.0,35355200
2023-08-07,339.5,344.0,346.0,336.0,342.0,31979300
2023-08-08,335.5523376464844,340.0,354.0,336.0,344.0,36008000
2023-08-09,335.5523376464844,340.0,342.0,334.0,340.0,43520800
2023-08-10,327.656982421875,332.0,344.0,332.0,340.0,56780200
2023-08-11,335.5523376464844,340.0,340.0,330.0,332.0,52959100
2023-08-14,335.5523376464844,340.0,340.0,334.0,340.0,46749000
2023-08-15,345.4215087890625,350.0,350.0,336.0,340.0,51731500
2023-08-16,339.5,344.0,350.0,340.0,350.0,42621000
2023-08-18,339.5,344.0,344.0,336.0,344.0,49751400
2023-08-21,339.5,344.0,346.0,340.0,344.0,36449400
2023-08-22,341.4738464355469,346.0,348.0,336.0,344.0,44700400
2023-08-23,337.52618408203125,342.0,348.0,338.0,344.0,41996800
2023-08-24,325.6831359863281,330.0,342.0,330.0,342.0,30146400
2023-08-25,335.5523376464844,340.0,340.0,324.0,330.0,57224100
2023-08-28,331.6046447753906,336.0,340.0,330.0,340.0,32167500
2023-08-29,331.6046447753906,336.0,336.0,332.0,334.0,47493900
2023-08-30,333.5784912109375,338.0,340.0,334.0,336.0,46607800
2023-08-31,317.7878112792969,322.0,338.0,322.0,338.0,46758200
2023-09-01,309.8924560546875,314.0,324.0,314.0,322.0,39886800
2023-09-04,317.7878112792969,322.0,322.0,306.0,316.0,13923000
2023-09-05,323.7093200683594,328.0,330.0,318.0,322.0,15184000
2023-09-06,319.7616271972656,324.0,330.0,320.0,328.0,10301100
2023-09-07,313.8401184082031,318.0,324.0,316.0,324.0,6344700
2023-09-08,313.8401184082031,318.0,322.0,304.0,318.0,41324800
2023-09-11,307.9186096191406,312.0,318.0,308.0,316.0,11906900
2023-09-12,313.8401184082031,318.0,320.0,310.0,312.0,11784500
2023-09-13,317.7878112792969,322.0,324.0,316.0,318.0,9991800
2023-09-14,313.8401184082031,318.0,322.0,316.0,322.0,9248000
2023-09-15,311.86627197265625,316.0,320.0,314.0,316.0,15843900
2023-09-18,309.8924560546875,314.0,318.0,312.0,316.0,17042100
2023-09-19,317.7878112792969,322.0,328.0,312.0,314.0,19079900
2023-09-20,315.81396484375,320.0,324.0,318.0,322.0,7641600
2023-09-21,313.8401184082031,318.0,322.0,314.0,318.0,67146100
2023-09-22,315.81396484375,320.0,328.0,316.0,318.0,30103800
2023-09-25,315.81396484375,320.0,322.0,316.0,320.0,21781200
2023-09-26,315.81396484375,320.0,322.0,316.0,320.0,38376100
2023-09-27,315.81396484375,320.0,330.0,318.0,320.0,47075200
2023-09-29,315.81396484375,320.0,324.0,318.0,320.0,44628700
2023-10-02,317.7878112792969,322.0,322.0,312.0,320.0,26827600
2023-10-03,323.7093200683594,328.0,332.0,318.0,320.0,41656800
2023-10-04,315.81396484375,320.0,330.0,314.0,330.0,12411800
2023-10-05,327.656982421875,332.0,332.0,316.0,318.0,44914800
2023-10-06,327.656982421875,332.0,334.0,328.0,332.0,32361500
2023-10-09,335.5523376464844,340.0,348.0,332.0,332.0,44876200
2023-10-10,345.4215087890625,350.0,352.0,340.0,340.0,34619600
2023-10-11,347.3953552246094,352.0,358.0,348.0,350.0,25601500
2023-10-12,351.343017578125,356.0,358.0,350.0,352.0,19687900
2023-10-13,351.343017578125,356.0,358.0,352.0,356.0,22330600
2023-10-16,349.36920166015625,354.0,356.0,344.0,356.0,19918200
2023-10-17,339.5,344.0,354.0,340.0,354.0,15238500
2023-10-18,345.4215087890625,350.0,362.0,342.0,344.0,206133800
2023-10-19,327.656982421875,332.0,350.0,330.0,350.0,20836200
2023-10-20,333.5784912109375,338.0,344.0,326.0,332.0,20110400
2023-10-23,333.5784912109375,338.0,340.0,330.0,338.0,16705600
2023-10-24,331.6046447753906,336.0,336.0,330.0,336.0,11450300
2023-10-25,329.6308288574219,334.0,346.0,332.0,336.0,7159000
2023-10-26,325.6831359863281,330.0,334.0,326.0,332.0,6845000
2023-10-27,325.6831359863281,330.0,330.0,322.0,330.0,3975800
2023-10-30,363.1860656738281,368.0,368.0,326.0,328.0,32356500
2023-10-31,357.2645568847656,362.0,370.0,342.0,368.0,14441100
2023-11-01,339.5,344.0,362.0,344.0,362.0,10248700
2023-11-02,339.5,344.0,346.0,340.0,344.0,7422900
2023-11-03,353.3168640136719,358.0,358.0,342.0,344.0,13320300
2023-11-06,347.3953552246094,352.0,358.0,350.0,358.0,2060200
2023-11-07,347.3953552246094,352.0,356.0,348.0,350.0,8125600
2023-11-08,349.36920166015625,354.0,356.0,348.0,350.0,11643100
2023-11-09,353.3168640136719,358.0,358.0,350.0,354.0,9096600
2023-11-10,351.343017578125,356.0,358.0,350.0,358.0,7896400
2023-11-13,349.36920166015625,354.0,356.0,348.0,354.0,4637100
2023-11-14,351.343017578125,356.0,358.0,350.0,354.0,7336500
2023-11-15,351.343017578125,356.0,364.0,354.0,356.0,10529400
2023-11-16,345.4215087890625,350.0,356.0,344.0,356.0,4896000
2023-11-17,347.3953552246094,352.0,354.0,348.0,350.0,6642500
2023-11-20,347.3953552246094,352.0,352.0,348.0,352.0,11239200
2023-11-21,345.4215087890625,350.0,352.0,348.0,350.0,3176100
2023-11-22,345.4215087890625,350.0,352.0,346.0,350.0,6408200
2023-11-23,351.343017578125,356.0,356.0,350.0,350.0,10719900
2023-11-24,351.343017578125,356.0,358.0,354.0,356.0,9751900
2023-11-27,353.3168640136719,358.0,360.0,352.0,354.0,3703400
2023-11-28,355.29071044921875,360.0,360.0,356.0,356.0,7966300
2023-11-29,359.2383728027344,364.0,364.0,358.0,360.0,16460800
2023-11-30,355.29071044921875,360.0,366.0,354.0,364.0,13995200
2023-12-01,363.1860656738281,368.0,368.0,360.0,360.0,9533200
2023-12-04,373.05523681640625,378.0,378.0,364.0,366.0,31929700
2023-12-05,378.97674560546875,384.0,386.0,372.0,376.0,15088600
2023-12-06,367.13372802734375,372.0,384.0,356.0,382.0,15916900
2023-12-07,361.21221923828125,366.0,372.0,358.0,370.0,1862800
2023-12-08,363.1860656738281,368.0,374.0,358.0,366.0,15421500
2023-12-11,361.21221923828125,366.0,368.0,362.0,368.0,8057100
2023-12-12,369.1075744628906,374.0,374.0,364.0,366.0,6029900
2023-12-13,365.1598815917969,370.0,378.0,350.0,374.0,12438300
2023-12-14,380.9505920410156,386.0,390.0,370.0,370.0,13037200
2023-12-15,380.9505920410156,386.0,386.0,374.0,386.0,13088800
2023-12-18,373.05523681640625,378.0,386.0,376.0,386.0,1628500
2023-12-19,373.05523681640625,378.0,380.0,376.0,378.0,11904400
2023-12-20,382.9244384765625,388.0,390.0,376.0,376.0,12938600
2023-12-21,373.05523681640625,378.0,388.0,374.0,388.0,16853600
2023-12-22,380.9505920410156,386.0,386.0,378.0,378.0,10888800
2023-12-27,375.0290832519531,380.0,386.0,374.0,386.0,12666800
2023-12-28,375.0290832519531,380.0,380.0,374.0,378.0,3707400
2023-12-29,382.9244384765625,388.0,388.0,378.0,378.0,9595500
2024-01-02,384.89825439453125,390.0,390.0,382.0,386.0,8847900
2024-01-03,398.7151184082031,404.0,408.0,386.0,390.0,23896500
2024-01-04,394.7674560546875,400.0,404.0,396.0,404.0,3147600
2024-01-05,388.845947265625,394.0,400.0,394.0,398.0,6295900
2024-01-08,382.9244384765625,388.0,394.0,386.0,394.0,3070600
2024-01-09,384.89825439453125,390.0,396.0,384.0,386.0,12936000
2024-01-10,380.9505920410156,386.0,390.0,382.0,388.0,3144600
2024-01-11,380.9505920410156,386.0,388.0,380.0,384.0,3953300
2024-01-12,378.97674560546875,384.0,388.0,380.0,384.0,5126000
2024-01-15,384.89825439453125,390.0,394.0,378.0,384.0,15919600
2024-01-16,380.9505920410156,386.0,390.0,382.0,390.0,8837000
2024-01-17,380.9505920410156,386.0,386.0,376.0,386.0,10057200
2024-01-18,392.7936096191406,398.0,400.0,384.0,386.0,11090100
2024-01-19,392.7936096191406,398.0,410.0,394.0,398.0,7355500
2024-01-22,392.7936096191406,398.0,400.0,392.0,396.0,5018400
2024-01-23,392.7936096191406,398.0,398.0,392.0,396.0,5022600
2024-01-24,392.7936096191406,398.0,402.0,392.0,394.0,4766100
2024-01-25,388.845947265625,394.0,398.0,392.0,396.0,9548700
2024-01-26,386.8721008300781,392.0,398.0,388.0,392.0,14772800
2024-01-29,388.845947265625,394.0,398.0,388.0,392.0,12345500
2024-01-30,392.7936096191406,398.0,398.0,392.0,394.0,7962000
2024-01-31,386.8721008300781,392.0,398.0,388.0,398.0,9970200
2024-02-01,384.89825439453125,390.0,392.0,384.0,390.0,10738800
2024-02-02,375.0290832519531,380.0,390.0,372.0,388.0,15279200
2024-02-05,375.0290832519531,380.0,388.0,374.0,378.0,14824200
2024-02-06,375.0290832519531,380.0,382.0,376.0,378.0,6532600
2024-02-07,375.0290832519531,380.0,380.0,376.0,380.0,7256700
2024-02-12,375.0290832519531,380.0,384.0,378.0,380.0,5374600
2024-02-13,375.0290832519531,380.0,380.0,374.0,380.0,9114900
2024-02-15,375.0290832519531,380.0,380.0,376.0,380.0,5289600
2024-02-16,375.0290832519531,380.0,392.0,376.0,378.0,15634600
2024-02-19,377.0029296875,382.0,384.0,372.0,380.0,10949100
2024-02-20,388.845947265625,394.0,400.0,382.0,382.0,21075100
2024-02-21,386.8721008300781,392.0,410.0,390.0,396.0,18077200
2024-02-22,392.7936096191406,398.0,398.0,388.0,392.0,10488900
2024-02-23,392.7936096191406,398.0,398.0,394.0,398.0,8191500
2024-02-26,384.89825439453125,390.0,400.0,390.0,398.0,12600100
2024-02-27,390.81976318359375,396.0,398.0,390.0,390.0,9675800
2024-02-28,386.8721008300781,392.0,396.0,384.0,396.0,21448800
2024-02-29,380.9505920410156,386.0,392.0,384.0,390.0,11421700
2024-03-01,378.97674560546875,384.0,386.0,380.0,384.0,11492200
2024-03-04,384.89825439453125,390.0,392.0,384.0,386.0,9926000
2024-03-05,380.9505920410156,386.0,392.0,382.0,392.0,9818900
2024-03-06,382.9244384765625,388.0,390.0,384.0,384.0,10689800
2024-03-07,382.9244384765625,388.0,390.0,386.0,388.0,7470700
2024-03-08,384.89825439453125,390.0,390.0,384.0,388.0,8269800
2024-03-13,378.97674560546875,384.0,390.0,380.0,388.0,10609700
2024-03-14,390.81976318359375,396.0,400.0,382.0,384.0,18626100
2024-03-15,377.0029296875,382.0,396.0,380.0,396.0,7216600
2024-03-18,380.9505920410156,386.0,386.0,376.0,382.0,13203200
2024-03-19,375.0290832519531,380.0,390.0,376.0,384.0,12689800
2024-03-20,375.0290832519531,380.0,386.0,378.0,380.0,13295800
2024-03-21,384.89825439453125,390.0,390.0,380.0,380.0,10732200
2024-03-22,375.0290832519531,380.0,390.0,378.0,390.0,6077000
2024-03-25,373.05523681640625,378.0,380.0,376.0,380.0,4275100
2024-03-26,375.0290832519531,380.0,386.0,378.0,386.0,14107000
2024-03-27,375.0290832519531,380.0,382.0,378.0,380.0,9696700
2024-03-28,378.97674560546875,384.0,384.0,378.0,380.0,9562700
2024-04-01,371.0813903808594,376.0,386.0,376.0,384.0,15019800
2024-04-02,355.29071044921875,360.0,376.0,346.0,376.0,48574000
2024-04-03,363.1860656738281,368.0,368.0,356.0,358.0,11996400
2024-04-04,375.0290832519531,380.0,380.0,366.0,366.0,8760300
2024-04-05,371.0813903808594,376.0,380.0,366.0,380.0,9006000
2024-04-16,367.13372802734375,372.0,376.0,360.0,374.0,7524800
2024-04-17,367.13372802734375,372.0,372.0,366.0,372.0,8637100
2024-04-18,365.1598815917969,370.0,372.0,362.0,372.0,13303700
2024-04-19,355.29071044921875,360.0,370.0,358.0,368.0,6174800
2024-04-22,353.3168640136719,358.0,362.0,354.0,360.0,7638500
2024-04-23,353.3168640136719,358.0,358.0,350.0,358.0,9005800
2024-04-24,347.3953552246094,352.0,358.0,350.0,358.0,7246200
2024-04-25,349.36920166015625,354.0,360.0,346.0,350.0,10316400
2024-04-26,347.3953552246094,352.0,354.0,344.0,354.0,7384100
2024-04-29,345.4215087890625,350.0,352.0,346.0,352.0,7555000
2024-04-30,349.36920166015625,354.0,354.0,348.0,348.0,10426300
2024-05-02,363.1860656738281,368.0,368.0,352.0,354.0,11709200
2024-05-03,363.1860656738281,368.0,368.0,358.0,366.0,2155100
2024-05-06,357.2645568847656,362.0,366.0,356.0,366.0,3746100
2024-05-07,357.2645568847656,362.0,364.0,356.0,360.0,6765800
2024-05-08,349.36920166015625,354.0,362.0,354.0,360.0,1355100
2024-05-13,349.36920166015625,354.0,354.0,348.0,354.0,5427800
2024-05-14,355.29071044921875,360.0,360.0,346.0,354.0,7500100
2024-05-15,359.2383728027344,364.0,364.0,354.0,358.0,6590300
2024-05-16,367.13372802734375,372.0,372.0,360.0,364.0,11653400
2024-05-17,373.05523681640625,378.0,378.0,370.0,372.0,10998300
2024-05-20,371.0813903808594,376.0,380.0,366.0,378.0,8247100
2024-05-21,365.1598815917969,370.0,374.0,364.0,374.0,3885000
2024-05-22,357.2645568847656,362.0,370.0,362.0,370.0,6977100
2024-05-27,357.2645568847656,362.0,368.0,358.0,360.0,12959300
2024-05-28,345.4215087890625,350.0,362.0,350.0,362.0,17697500
2024-05-29,339.5,344.0,352.0,344.0,350.0,1411600
2024-05-30,339.5,344.0,346.0,336.0,342.0,2757900
2024-05-31,344.0,344.0,344.0,338.0,342.0,1953900
2024-06-03,338.0,338.0,344.0,338.0,344.0,3060000
2024-06-04,350.0,350.0,350.0,338.0,338.0,5255100
2024-06-05,350.0,350.0,350.0,340.0,350.0,5568700
2024-06-06,352.0,352.0,352.0,338.0,348.0,5347200
2024-06-07,358.0,358.0,358.0,346.0,352.0,3014900
2024-06-10,360.0,360.0,360.0,350.0,358.0,4682400
2024-06-11,350.0,350.0,360.0,346.0,360.0,7269300
2024-06-12,364.0,364.0,364.0,346.0,350.0,6691100
2024-06-13,370.0,370.0,378.0,360.0,364.0,10018900
2024-06-14,356.0,356.0,370.0,356.0,368.0,4726700
2024-06-19,346.0,346.0,358.0,342.0,356.0,4688900
2024-06-20,346.0,346.0,346.0,340.0,344.0,3671700
2024-06-21,350.0,350.0,350.0,342.0,344.0,3577500
2024-06-24,350.0,350.0,350.0,342.0,348.0,3060800
2024-06-25,342.0,342.0,350.0,342.0,348.0,4910000
2024-06-26,350.0,350.0,352.0,342.0,342.0,8361400
2024-06-27,354.0,354.0,354.0,344.0,350.0,5371300
2024-06-28,354.0,354.0,366.0,350.0,354.0,12320800
2024-07-01,356.0,356.0,356.0,348.0,352.0,4507200
2024-07-02,328.0,328.0,356.0,324.0,356.0,20847100
2024-07-03,340.0,340.0,340.0,322.0,328.0,4090600
2024-07-04,346.0,346.0,346.0,334.0,340.0,7344000
2024-07-05,348.0,348.0,350.0,342.0,344.0,4733200
2024-07-08,338.0,338.0,346.0,338.0,346.0,4443100
2024-07-09,340.0,340.0,340.0,336.0,340.0,3198800
2024-07-10,332.0,332.0,340.0,330.0,338.0,2861800
2024-07-11,322.0,322.0,332.0,318.0,330.0,6221100
2024-07-12,348.0,348.0,348.0,318.0,322.0,6227000
2024-07-15,348.0,348.0,348.0,336.0,348.0,3976600
2024-07-16,346.0,346.0,348.0,338.0,346.0,3125400
2024-07-17,352.0,352.0,358.0,342.0,346.0,4962900
2024-07-18,352.0,352.0,352.0,344.0,352.0,3495200
2024-07-19,350.0,350.0,352.0,342.0,350.0,3345800
2024-07-22,352.0,352.0,352.0,346.0,350.0,3853200
2024-07-23,350.0,350.0,352.0,346.0,350.0,6198300
2024-07-24,346.0,346.0,350.0,340.0,350.0,5072300
2024-07-25,336.0,336.0,346.0,332.0,346.0,3948500
2024-07-26,350.0,350.0,350.0,334.0,336.0,4021100
2024-07-29,354.0,354.0,360.0,344.0,348.0,3116600
2024-07-30,350.0,350.0,358.0,338.0,354.0,4626000
2024-07-31,350.0,350.0,352.0,340.0,352.0,3506900
2024-08-01,350.0,350.0,350.0,340.0,350.0,5411600
2024-08-02,346.0,346.0,350.0,340.0,350.0,3182900
2024-08-05,340.0,340.0,346.0,336.0,346.0,2115600
2024-08-06,340.0,340.0,348.0,330.0,338.0,3186300
2024-08-07,342.0,342.0,342.0,336.0,340.0,3375500
2024-08-08,340.0,340.0,340.0,334.0,340.0,2645900
2024-08-09,340.0,340.0,342.0,334.0,340.0,2907900
2024-08-12,340.0,340.0,342.0,334.0,340.0,3294700
2024-08-13,342.0,342.0,342.0,334.0,340.0,3110800
2024-08-14,342.0,342.0,342.0,336.0,340.0,3885200
2024-08-15,346.0,346.0,350.0,340.0,342.0,2001100
2024-08-16,344.0,344.0,354.0,338.0,346.0,7323100
2024-08-19,344.0,344.0,348.0,340.0,346.0,2637600
2024-08-20,344.0,344.0,344.0,338.0,344.0,2806600
2024-08-21,340.0,340.0,344.0,338.0,344.0,3346100
2024-08-22,340.0,340.0,342.0,338.0,338.0,2616000
2024-08-23,342.0,342.0,342.0,334.0,340.0,3301000
2024-08-26,342.0,342.0,344.0,336.0,342.0,2868000
2024-08-27,344.0,344.0,350.0,340.0,342.0,2436800
2024-08-28,344.0,344.0,344.0,338.0,344.0,4300600
2024-08-29,340.0,340.0,344.0,338.0,342.0,4253700
2024-08-30,334.0,334.0,340.0,332.0,340.0,14959000
2024-09-02,336.0,336.0,338.0,334.0,334.0,3193300
2024-09-03,336.0,336.0,340.0,334.0,336.0,2395800
2024-09-04,334.0,334.0,334.0,332.0,334.0,3780300
2024-09-05,334.0,334.0,336.0,332.0,334.0,2650700
2024-09-06,330.0,330.0,336.0,322.0,334.0,2966900
2024-09-09,332.0,332.0,332.0,328.0,330.0,2669500
2024-09-10,332.0,332.0,334.0,326.0,330.0,2673700
2024-09-11,336.0,336.0,336.0,328.0,332.0,3192600
2024-09-12,338.0,338.0,340.0,332.0,336.0,3805400
2024-09-13,342.0,342.0,344.0,332.0,338.0,3260000
2024-09-17,344.0,344.0,346.0,338.0,342.0,1967400
2024-09-18,348.0,348.0,350.0,338.0,344.0,5197100
2024-09-19,350.0,350.0,358.0,346.0,348.0,2921900
2024-09-20,350.0,350.0,352.0,344.0,348.0,2687700
2024-09-23,350.0,350.0,352.0,346.0,348.0,2883900
2024-09-24,352.0,352.0,352.0,348.0,348.0,2805400
2024-09-25,348.0,348.0,352.0,344.0,350.0,3482400
2024-09-26,346.0,346.0,348.0,344.0,348.0,3409600
2024-09-27,348.0,348.0,348.0,344.0,346.0,2566900
2024-09-30,356.0,356.0,358.0,346.0,348.0,3780100
2024-10-01,352.0,352.0,356.0,348.0,356.0,2984900
2024-10-02,350.0,350.0,352.0,346.0,352.0,1469100
2024-10-03,350.0,350.0,354.0,346.0,352.0,2621400
2024-10-04,352.0,352.0,358.0,348.0,350.0,3060800
2024-10-07,352.0,352.0,352.0,348.0,352.0,1962200
2024-10-08,354.0,354.0,358.0,348.0,352.0,2883100
2024-10-09,354.0,354.0,360.0,346.0,354.0,2945000
2024-10-10,354.0,354.0,356.0,346.0,354.0,859500
2024-10-11,356.0,356.0,362.0,350.0,352.0,1514500
2024-10-14,358.0,358.0,358.0,350.0,354.0,2469100
2024-10-15,360.0,360.0,366.0,356.0,358.0,4596700
2024-10-16,330.0,330.0,360.0,330.0,360.0,49115100
2024-10-17,322.0,322.0,340.0,322.0,330.0,16092500
2024-10-18,320.0,320.0,330.0,310.0,310.0,8591400
2024-10-21,320.0,320.0,322.0,314.0,320.0,7715000
2024-10-22,330.0,330.0,330.0,320.0,320.0,11887500
2024-10-23,336.0,336.0,338.0,324.0,330.0,12125600
2024-10-24,338.0,338.0,338.0,330.0,336.0,4982900
2024-10-25,338.0,338.0,338.0,334.0,338.0,4046500
2024-10-28,330.0,330.0,338.0,330.0,338.0,3066400
2024-10-29,332.0,332.0,332.0,322.0,330.0,4157300
2024-10-30,334.0,334.0,334.0,328.0,332.0,4817900
2024-10-31,334.0,334.0,334.0,326.0,332.0,15140400
2024-11-01,336.0,336.0,336.0,330.0,334.0,7392500
2024-11-04,330.0,330.0,334.0,322.0,334.0,34305600
2024-11-05,332.0,332.0,334.0,324.0,330.0,4924100
2024-11-06,330.0,330.0,332.0,318.0,330.0,6376700
2024-11-07,320.0,320.0,330.0,320.0,330.0,5797900
2024-11-08,332.0,332.0,334.0,318.0,320.0,2420800
2024-11-11,334.0,334.0,334.0,324.0,332.0,864500
2024-11-12,336.0,336.0,336.0,328.0,334.0,6225700
2024-11-13,340.0,340.0,340.0,330.0,336.0,7718100
2024-11-14,342.0,342.0,344.0,332.0,340.0,10363300
2024-11-15,342.0,342.0,348.0,338.0,342.0,6264900
2024-11-18,338.0,338.0,344.0,328.0,342.0,5852600
2024-11-19,338.0,338.0,342.0,328.0,338.0,14074700
2024-11-20,338.0,338.0,340.0,332.0,338.0,4489600
2024-11-21,338.0,338.0,340.0,332.0,338.0,2479900
2024-11-22,340.0,340.0,342.0,332.0,338.0,4602100
2024-11-25,346.0,346.0,350.0,338.0,340.0,4497000
2024-11-26,332.0,332.0,350.0,332.0,346.0,8501200
2024-11-28,336.0,336.0,340.0,328.0,332.0,4067300
2024-11-29,370.0,370.0,370.0,332.0,336.0,21190600
2024-12-02,348.0,348.0,384.0,342.0,368.0,11486200
2024-12-03,350.0,350.0,352.0,342.0,348.0,9046900
2024-12-04,346.0,346.0,358.0,338.0,348.0,6801000
2024-12-05,348.0,348.0,352.0,340.0,344.0,12105000
2024-12-06,350.0,350.0,354.0,344.0,348.0,5858500
2024-12-09,352.0,352.0,358.0,344.0,350.0,12746000
2024-12-10,348.0,348.0,350.0,346.0,350.0,5650500
2024-12-11,348.0,348.0,348.0,344.0,348.0,3310900
2024-12-12,348.0,348.0,348.0,344.0,348.0,7873900
2024-12-13,348.0,348.0,348.0,344.0,348.0,2750800
2024-12-16,348.0,348.0,348.0,344.0,348.0,4818800
2024-12-17,348.0,348.0,348.0,344.0,346.0,6962700
2024-12-18,340.0,340.0,348.0,338.0,344.0,5220300
2024-12-19,342.0,342.0,344.0,338.0,340.0,6442300
2024-12-20,340.0,340.0,362.0,340.0,342.0,15879600
2024-12-23,348.0,348.0,356.0,334.0,340.0,8093500
2024-12-24,350.0,350.0,350.0,338.0,348.0,6944500
2024-12-27,344.0,344.0,350.0,340.0,350.0,13605400
2024-12-30,370.0,370.0,370.0,338.0,342.0,13536800
2025-01-02,358.0,358.0,364.0,342.0,364.0,3081600
2025-01-03,350.0,350.0,358.0,344.0,358.0,1774200
2025-01-06,336.0,336.0,350.0,336.0,350.0,5393500
2025-01-07,338.0,338.0,338.0,328.0,336.0,2257900
2025-01-08,336.0,336.0,338.0,330.0,338.0,2141900
2025-01-09,334.0,334.0,336.0,330.0,336.0,3321000
2025-01-10,330.0,330.0,334.0,328.0,334.0,2416000
2025-01-13,330.0,330.0,332.0,328.0,330.0,2629600
2025-01-14,332.0,332.0,336.0,328.0,330.0,3341200
2025-01-15,330.0,330.0,332.0,328.0,332.0,3565400
2025-01-16,322.0,322.0,330.0,322.0,330.0,3683300
2025-01-17,314.0,314.0,324.0,314.0,322.0,12877300
2025-01-20,314.0,314.0,318.0,310.0,316.0,5360900
2025-01-21,320.0,320.0,320.0,312.0,314.0,3032400
2025-01-22,320.0,320.0,320.0,316.0,320.0,1644800
2025-01-23,322.0,322.0,322.0,316.0,320.0,3803500
2025-01-24,322.0,322.0,324.0,310.0,322.0,9918100
2025-01-30,322.0,322.0,322.0,310.0,320.0,11316400
2025-01-31,322.0,322.0,322.0,318.0,322.0,12041800
2025-02-03,322.0,322.0,322.0,316.0,322.0,10465800
2025-02-04,322.0,322.0,324.0,320.0,322.0,10421400
2025-02-05,316.0,316.0,324.0,310.0,324.0,12524000
2025-02-06,306.0,306.0,316.0,302.0,314.0,18686700
2025-02-07,306.0,306.0,308.0,300.0,308.0,13888200
2025-02-10,304.0,304.0,308.0,302.0,306.0,11731300
2025-02-11,308.0,308.0,308.0,302.0,304.0,13986600
2025-02-12,310.0,310.0,310.0,304.0,308.0,11360100
2025-02-13,316.0,316.0,318.0,308.0,310.0,13709000
2025-02-14,318.0,318.0,320.0,314.0,314.0,16237000
2025-02-17,320.0,320.0,322.0,314.0,318.0,15974300
2025-02-18,318.0,318.0,320.0,314.0,320.0,15860800
2025-02-19,318.0,318.0,322.0,314.0,318.0,13349900
2025-02-20,318.0,318.0,320.0,314.0,320.0,14806800
2025-02-21,320.0,320.0,320.0,314.0,318.0,12929400
2025-02-24,318.0,318.0,320.0,312.0,320.0,13250600
2025-02-25,318.0,318.0,320.0,310.0,318.0,16084000
2025-02-26,320.0,320.0,322.0,316.0,318.0,16628600
2025-02-27,316.0,316.0,320.0,312.0,320.0,12608000
2025-02-28,306.0,306.0,318.0,306.0,316.0,13146600
2025-03-03,318.0,318.0,318.0,308.0,308.0,11445000
2025-03-04,320.0,320.0,320.0,310.0,318.0,10382500
2025-03-05,316.0,316.0,326.0,312.0,320.0,12642800
2025-03-06,318.0,318.0,324.0,310.0,318.0,13716400
2025-03-07,320.0,320.0,320.0,314.0,318.0,13393600
2025-03-10,310.0,310.0,320.0,308.0,320.0,18743600
2025-03-11,304.0,304.0,310.0,300.0,308.0,12094600
2025-03-12,310.0,310.0,310.0,302.0,304.0,15071200
2025-03-13,304.0,304.0,310.0,302.0,310.0,8946600
2025-03-14,304.0,304.0,306.0,302.0,306.0,9567900
2025-03-17,304.0,304.0,306.0,300.0,304.0,10927500
2025-03-18,304.0,304.0,306.0,300.0,304.0,13773300
2025-03-19,304.0,304.0,306.0,302.0,304.0,11312100
2025-03-20,306.0,306.0,306.0,302.0,306.0,12035100
2025-03-21,306.0,306.0,308.0,300.0,308.0,16259200
2025-03-24,300.0,300.0,308.0,298.0,308.0,10910200
2025-03-25,310.0,310.0,310.0,300.0,302.0,13997700
2025-03-26,312.0,312.0,314.0,306.0,310.0,15981400
2025-03-27,304.0,304.0,308.0,300.0,306.0,10448200
2025-04-08,292.0,292.0,300.0,290.0,298.0,8399300
2025-04-09,294.0,294.0,296.0,290.0,294.0,7445500
2025-04-10,294.0,294.0,310.0,292.0,300.0,8304500
2025-04-11,290.0,290.0,294.0,284.0,294.0,6283800
2025-04-14,290.0,290.0,296.0,288.0,290.0,7091100
2025-04-15,282.0,282.0,290.0,282.0,290.0,13524200
2025-04-16,292.0,292.0,292.0,282.0,284.0,10668000
2025-04-17,296.0,296.0,298.0,290.0,292.0,9587200
2025-04-21,296.0,296.0,298.0,290.0,298.0,11160700
2025-04-22,306.0,306.0,306.0,294.0,296.0,14554700
2025-04-23,306.0,306.0,310.0,300.0,308.0,11037400
2025-04-24,312.0,312.0,318.0,304.0,306.0,13254100
2025-04-25,326.0,326.0,328.0,310.0,312.0,15506600
2025-04-28,336.0,336.0,338.0,318.0,328.0,13145700
2025-04-29,340.0,340.0,344.0,336.0,338.0,18545800
2025-04-30,336.0,336.0,346.0,334.0,340.0,13795700
2025-05-02,320.0,320.0,338.0,316.0,336.0,15577300
2025-05-05,322.0,322.0,322.0,312.0,322.0,19278500
2025-05-06,336.0,336.0,346.0,318.0,322.0,23061400
2025-05-07,326.0,326.0,336.0,322.0,336.0,21169600
2025-05-08,326.0,326.0,340.0,316.0,326.0,21313900
2025-05-09,326.0,326.0,326.0,312.0,326.0,19143700
2025-05-14,332.0,332.0,338.0,318.0,326.0,21641000
2025-05-15,332.0,332.0,350.0,326.0,332.0,27489000
2025-05-16,330.0,330.0,352.0,326.0,332.0,24390100
2025-05-19,336.0,336.0,354.0,330.0,332.0,22681900
2025-05-20,324.0,324.0,338.0,322.0,338.0,20151200
2025-05-21,326.0,326.0,330.0,324.0,326.0,17999800
2025-05-22,324.0,324.0,330.0,318.0,326.0,24598200
2025-05-23,322.0,322.0,324.0,320.0,320.0,14406600
2025-05-26,322.0,322.0,326.0,318.0,322.0,34214300
2025-05-27,326.0,326.0,330.0,318.0,322.0,35278400
2025-05-28,330.0,330.0,348.0,324.0,328.0,30799000
2025-06-02,318.0,318.0,330.0,314.0,330.0,20841700
2025-06-03,310.0,310.0,322.0,308.0,320.0,32019200
2025-06-04,312.0,312.0,314.0,306.0,310.0,29270900
2025-06-05,312.0,312.0,314.0,306.0,312.0,41330300
2025-06-10,310.0,310.0,320.0,306.0,312.0,39275800
2025-06-11,316.0,316.0,320.0,310.0,310.0,34138500
2025-06-12,316.0,316.0,326.0,308.0,318.0,35102300
2025-06-13,312.0,312.0,330.0,308.0,316.0,34128000
2025-06-16,310.0,310.0,320.0,306.0,312.0,27097600
2025-06-17,310.0,310.0,318.0,306.0,308.0,32001400
2025-06-18,308.0,308.0,312.0,302.0,310.0,34116700
2025-06-19,308.0,308.0,310.0,300.0,310.0,26122200
2025-06-20,308.0,308.0,310.0,302.0,308.0,22868900
2025-06-23,302.0,302.0,308.0,298.0,306.0,30903800
2025-06-24,302.0,302.0,304.0,298.0,302.0,26382000
2025-06-25,304.0,304.0,304.0,296.0,302.0,30203400
2025-06-26,304.0,304.0,308.0,300.0,304.0,26695800
2025-06-30,302.0,302.0,308.0,300.0,304.0,29055000
2025-07-01,304.0,304.0,310.0,300.0,304.0,34148900
2025-07-02,300.0,300.0,308.0,296.0,304.0,25007400
2025-07-03,300.0,300.0,302.0,296.0,300.0,27727400
2025-07-04,300.0,300.0,300.0,296.0,300.0,20376300
2025-07-07,306.0,306.0,306.0,298.0,302.0,32655800
2025-07-08,300.0,300.0,310.0,296.0,308.0,21813900
2025-07-09,300.0,300.0,304.0,296.0,302.0,25568800
2025-07-10,302.0,302.0,304.0,294.0,300.0,64855000
2025-07-11,300.0,300.0,304.0,298.0,304.0,14736500
2025-07-14,296.0,296.0,300.0,294.0,300.0,19244100
2025-07-15,298.0,298.0,302.0,290.0,298.0,27820600
2025-07-16,304.0,304.0,310.0,298.0,300.0,34704000
2025-07-17,304.0,304.0,306.0,298.0,306.0,23704800
2025-07-18,330.0,330.0,354.0,302.0,306.0,43662200
2025-07-21,350.0,350.0,368.0,330.0,330.0,46704300
2025-07-22,362.0,362.0,366.0,350.0,352.0,31253400
2025-07-23,380.0,380.0,382.0,356.0,360.0,41942600
2025-07-24,392.0,392.0,392.0,378.0,380.0,22277100
2025-07-25,442.0,442.0,450.0,394.0,394.0,45372500
2025-07-28,420.0,420.0,490.0,420.0,444.0,54363500
2025-07-29,460.0,460.0,472.0,408.0,422.0,29968900
2025-07-30,494.0,494.0,525.0,466.0,466.0,52628100
2025-07-31,498.0,498.0,530.0,488.0,494.0,36700700
2025-08-01,496.0,496.0,540.0,490.0,525.0,29504900
2025-08-04,505.0,505.0,515.0,478.0,496.0,17962000
2025-08-05,500.0,500.0,550.0,498.0,505.0,27971800
2025-08-06,580.0,580.0,585.0,500.0,510.0,55804900
2025-08-07,565.0,565.0,585.0,550.0,580.0,20396800
2025-08-08,660.0,660.0,705.0,560.0,580.0,74897100
2025-08-11,660.0,660.0,660.0,660.0,660.0,0
2025-08-12,825.0,825.0,825.0,725.0,725.0,62649400
2025-08-13,825.0,825.0,825.0,825.0,825.0,0
2025-08-14,825.0,825.0,825.0,825.0,825.0,0
2025-08-15,825.0,825.0,825.0,825.0,825.0,0
2025-08-19,825.0,825.0,825.0,825.0,825.0,0
2025-08-20,825.0,825.0,825.0,825.0,825.0,0
2025-08-21,825.0,825.0,825.0,825.0,825.0,0
2025-08-22,825.0,825.0,825.0,825.0,825.0,0
2025-08-25,825.0,825.0,825.0,825.0,825.0,0
2025-08-26,905.0,905.0,905.0,905.0,905.0,9567500
2025-08-27,995.0,995.0,995.0,995.0,995.0,22050700
2025-08-28,1090.0,1090.0,1090.0,1090.0,1090.0,1988300
2025-08-29,1195.0,1195.0,1195.0,1195.0,1195.0,10283800
2025-09-01,1310.0,1310.0,1310.0,1310.0,1310.0,30842200
2025-09-02,1310.0,1310.0,1440.0,1310.0,1440.0,60524100
2025-09-03,1440.0,1440.0,1440.0,1440.0,1440.0,62932100
2025-09-04,1430.0,1430.0,1575.0,1315.0,1430.0,83634700
2025-09-08,1400.0,1400.0,1500.0,1355.0,1440.0,47532000
2025-09-09,1380.0,1380.0,1465.0,1350.0,1405.0,35879700
2025-09-10,1410.0,1410.0,1450.0,1395.0,1400.0,19610500
2025-09-11,1375.0,1375.0,1450.0,1335.0,1450.0,36261800
2025-09-12,1345.0,1345.0,1400.0,1345.0,1390.0,11527500
2025-09-15,1360.0,1360.0,1360.0,1225.0,1350.0,57744200
2025-09-16,1380.0,1380.0,1435.0,1350.0,1400.0,23147100
2025-09-17,1520.0,1520.0,1635.0,1380.0,1385.0,90365500
2025-09-18,1575.0,1575.0,1575.0,1470.0,1525.0,31566300
2025-09-19,1800.0,1800.0,1800.0,1565.0,1600.0,105583900
2025-09-22,1955.0,1955.0,1965.0,1765.0,1830.0,80826000
2025-09-23,1940.0,1940.0,1985.0,1905.0,1970.0,31697600
2025-09-24,2310.0,2310.0,2380.0,1920.0,1980.0,88721300
2025-09-25,2250.0,2250.0,2450.0,2200.0,2390.0,43589700
2025-09-26,2310.0,2310.0,2430.0,2070.0,2250.0,32471100
2025-09-29,2310.0,2310.0,2540.0,2290.0,2450.0,43581500
2025-09-30,2200.0,2200.0,2380.0,2200.0,2320.0,22098100
2025-10-01,2310.0,2310.0,2310.0,2070.0,2150.0,72592200
2025-10-02,2270.0,2270.0,2560.0,2240.0,2360.0,52251300
2025-10-03,2440.0,2440.0,2450.0,2280.0,2290.0,25366100
2025-10-06,2290.0,2290.0,2410.0,2270.0,2400.0,43036000
2025-10-07,2370.0,2370.0,2450.0,2250.0,2250.0,113915200
2025-10-08,2680.0,2680.0,2710.0,2420.0,2440.0,71785000
2025-10-09,2530.0,2530.0,2710.0,2510.0,2700.0,33137100
2025-10-10,2580.0,2580.0,2610.0,2510.0,2550.0,17908400
2025-10-13,2490.0,2490.0,2580.0,2460.0,2500.0,35273400
2025-10-14,2510.0,2510.0,2560.0,2140.0,2530.0,88894500
2025-10-15,2510.0,2510.0,2610.0,2420.0,2560.0,48330400
2025-10-16,2650.0,2650.0,2750.0,2560.0,2560.0,71983500
2025-10-17,2480.0,2480.0,2650.0,2430.0,2650.0,49718800
2025-10-20,2640.0,2640.0,2720.0,2500.0,2540.0,32356200
2025-10-21,2590.0,2590.0,2660.0,2570.0,2640.0,17095600
2025-10-22,2700.0,2700.0,2800.0,2560.0,2590.0,51626700
2025-10-23,2750.0,2750.0,2770.0,2660.0,2720.0,26844100
2025-10-24,2800.0,2800.0,2880.0,2720.0,2780.0,24275800
2025-10-27,2380.0,2380.0,2820.0,2380.0,2810.0,86790800
2025-10-28,2400.0,2400.0,2460.0,2160.0,2300.0,136551900
2025-10-29,2310.0,2310.0,2450.0,2310.0,2430.0,33334300
2025-10-30,2400.0,2400.0,2510.0,2340.0,2340.0,40532600
2025-10-31,2360.0,2360.0,2470.0,2350.0,2460.0,19240700
2025-11-03,2280.0,2280.0,2400.0,2230.0,2360.0,34298600
2025-11-04,2710.0,2710.0,2780.0,2300.0,2300.0,155543200
2025-11-05,2600.0,2600.0,2690.0,2530.0,2590.0,45775000
2025-11-06,2710.0,2710.0,2850.0,2650.0,2800.0,56776000
2025-11-07,2620.0,2620.0,2740.0,2590.0,2720.0,34279600
2025-11-10,2820.0,2820.0,2900.0,2550.0,2640.0,78468900
2025-11-11,2850.0,2850.0,2970.0,2820.0,2870.0,42534400
2025-11-12,2870.0,2870.0,2930.0,2810.0,2870.0,20362600
2025-11-13,2740.0,2740.0,2860.0,2710.0,2850.0,34958800
2025-11-14,2580.0,2580.0,2740.0,2550.0,2740.0,45061600
2025-11-17,2630.0,2630.0,2700.0,2550.0,2580.0,25040700
2025-11-18,2550.0,2550.0,2670.0,2420.0,2620.0,60952400
2025-11-19,2560.0,2560.0,2640.0,2520.0,2550.0,23721400
2025-11-20,2590.0,2590.0,2610.0,2530.0,2580.0,19693400
2025-11-21,2690.0,2690.0,2700.0,2540.0,2590.0,34758800
2025-11-24,2890.0,2890.0,2930.0,2640.0,2720.0,107503700
2025-11-25,3180.0,3180.0,3190.0,2810.0,2900.0,127188000
2025-11-26,3110.0,3110.0,3210.0,3070.0,3180.0,65662100
2025-11-27,3120.0,3120.0,3250.0,3020.0,3100.0,61873000
2025-11-28,3150.0,3150.0,3170.0,3030.0,3120.0,29805900
2025-12-01,3100.0,3100.0,3220.0,3100.0,3150.0,32184000
2025-12-02,3230.0,3230.0,3320.0,3090.0,3100.0,59837400
2025-12-03,3180.0,3180.0,3280.0,3170.0,3270.0,19647700
2025-12-04,3440.0,3440.0,3610.0,3130.0,3180.0,122674500
2025-12-05,3790.0,3790.0,3830.0,3450.0,3560.0,156349300
2025-12-08,3800.0,3800.0,3800.0,3400.0,3720.0,112205800
2025-12-09,3740.0,3740.0,3840.0,3670.0,3800.0,52916300
2025-12-10,3670.0,3670.0,3770.0,3630.0,3750.0,32573000
2025-12-11,3780.0,3780.0,3940.0,3700.0,3750.0,68487100
2025-12-12,3680.0,3680.0,3820.0,3670.0,3820.0,36024400
2025-12-15,3620.0,3620.0,3790.0,3540.0,3700.0,49077100
2025-12-16,3670.0,3670.0,3780.0,3610.0,3670.0,36953000
2025-12-17,3740.0,3740.0,3790.0,3690.0,3720.0,25514100
2025-12-18,3700.0,3700.0,3780.0,3630.0,3760.0,31905600
2025-12-19,3640.0,3640.0,3660.0,3550.0,3650.0,38987700
2025-12-22,3630.0,3630.0,3720.0,3610.0,3700.0,14785800
2025-12-23,3940.0,3940.0,3940.0,3650.0,3680.0,56940700
2025-12-24,3840.0,3840.0,4010.0,3810.0,3980.0,38384800
2025-12-29,4020.0,4020.0,4040.0,3800.0,3850.0,32538900
2025-12-30,3930.0,3930.0,4090.0,3920.0,4030.0,30545200
