Date,Adj Close,Close,High,Low,Open,Volume
2020-01-02,329.37701416015625,394.77777099609375,394.77777099609375,394.77777099609375,394.77777099609375,317
2020-01-03,330.9530029296875,396.6666564941406,396.6666564941406,396.6666564941406,396.6666564941406,105
2020-01-06,329.37701416015625,394.77777099609375,394.77777099609375,394.77777099609375,394.77777099609375,10588
2020-01-07,315.19329833984375,377.77777099609375,481.6666564941406,377.77777099609375,396.6666564941406,87564
2020-01-08,329.37701416015625,394.77777099609375,396.6666564941406,375.8888854980469,396.6666564941406,11435
2020-01-09,335.6809387207031,402.3333435058594,404.22222900390625,400.4444580078125,404.22222900390625,5929
2020-01-10,337.2568664550781,404.22222900390625,413.6666564941406,404.22222900390625,413.6666564941406,317
2020-01-13,337.2568664550781,404.22222900390625,404.22222900390625,404.22222900390625,404.22222900390625,0
2020-01-14,337.2568664550781,404.22222900390625,404.22222900390625,404.22222900390625,404.22222900390625,105
2020-01-15,335.6809387207031,402.3333435058594,402.3333435058594,402.3333435058594,402.3333435058594,105
2020-01-16,335.6809387207031,402.3333435058594,402.3333435058594,402.3333435058594,402.3333435058594,0
2020-01-17,335.6809387207031,402.3333435058594,402.3333435058594,402.3333435058594,402.3333435058594,0
2020-01-20,316.769287109375,379.6666564941406,402.3333435058594,377.77777099609375,402.3333435058594,9529
2020-01-21,330.9530029296875,396.6666564941406,400.4444580078125,396.6666564941406,400.4444580078125,24458
2020-01-22,315.19329833984375,377.77777099609375,396.6666564941406,358.8888854980469,377.77777099609375,20647
2020-01-23,315.19329833984375,377.77777099609375,396.6666564941406,377.77777099609375,396.6666564941406,741
2020-01-24,330.9530029296875,396.6666564941406,396.6666564941406,394.77777099609375,396.6666564941406,20223
2020-01-27,334.10491943359375,400.4444580078125,400.4444580078125,400.4444580078125,400.4444580078125,211
2020-01-28,334.10491943359375,400.4444580078125,400.4444580078125,400.4444580078125,400.4444580078125,0
2020-01-29,332.5289306640625,398.5555419921875,398.5555419921875,396.6666564941406,398.5555419921875,2223
2020-01-30,332.5289306640625,398.5555419921875,398.5555419921875,398.5555419921875,398.5555419921875,0
2020-01-31,332.5289306640625,398.5555419921875,398.5555419921875,398.5555419921875,398.5555419921875,0
2020-02-03,332.5289306640625,398.5555419921875,398.5555419921875,398.5555419921875,398.5555419921875,0
2020-02-04,332.5289306640625,398.5555419921875,398.5555419921875,398.5555419921875,398.5555419921875,0
2020-02-05,334.10491943359375,400.4444580078125,400.4444580078125,400.4444580078125,400.4444580078125,31764
2020-02-06,332.5289306640625,398.5555419921875,400.4444580078125,398.5555419921875,400.4444580078125,11011
2020-02-07,327.8010559082031,392.8888854980469,396.6666564941406,377.77777099609375,396.6666564941406,27952
2020-02-10,302.5856018066406,362.6666564941406,396.6666564941406,362.6666564941406,396.6666564941406,529
2020-02-11,329.37701416015625,394.77777099609375,396.6666564941406,394.77777099609375,396.6666564941406,635
2020-02-12,327.8010559082031,392.8888854980469,392.8888854980469,358.8888854980469,377.77777099609375,11541
2020-02-13,304.16156005859375,364.5555419921875,391.0,360.77777099609375,391.0,38964
2020-02-14,313.6173400878906,375.8888854980469,375.8888854980469,362.6666564941406,364.5555419921875,5929
2020-02-17,312.0413818359375,374.0,374.0,362.6666564941406,362.6666564941406,5929
2020-02-18,302.5856018066406,362.6666564941406,392.8888854980469,362.6666564941406,374.0,196411
2020-02-19,302.5856018066406,362.6666564941406,372.1111145019531,362.6666564941406,372.1111145019531,10694
2020-02-20,312.0413818359375,374.0,374.0,360.77777099609375,362.6666564941406,42141
2020-02-21,312.0413818359375,374.0,374.0,374.0,374.0,0
2020-02-24,313.6173400878906,375.8888854980469,381.5555419921875,362.6666564941406,381.5555419921875,9317
2020-02-25,310.4654235839844,372.1111145019531,372.1111145019531,368.3333435058594,368.3333435058594,1588
2020-02-26,307.3135070800781,368.3333435058594,368.3333435058594,357.0,362.6666564941406,27952
2020-02-27,296.28173828125,355.1111145019531,368.3333435058594,345.6666564941406,368.3333435058594,64270
2020-02-28,286.825927734375,343.77777099609375,345.6666564941406,336.22222900390625,345.6666564941406,14188
2020-03-02,286.825927734375,343.77777099609375,366.4444580078125,302.22222900390625,366.4444580078125,65647
2020-03-03,299.4336853027344,358.8888854980469,362.6666564941406,343.77777099609375,343.77777099609375,28058
2020-03-04,302.5856018066406,362.6666564941406,366.4444580078125,353.22222900390625,366.4444580078125,2117
2020-03-05,283.67401123046875,340.0,353.22222900390625,330.5555419921875,353.22222900390625,51352
2020-03-06,274.21820068359375,328.6666564941406,330.5555419921875,313.5555419921875,330.5555419921875,16623
2020-03-09,294.7057800292969,353.22222900390625,362.6666564941406,353.22222900390625,362.6666564941406,1588
2020-03-10,294.7057800292969,353.22222900390625,355.1111145019531,349.4444580078125,353.22222900390625,36423
2020-03-11,289.9778747558594,347.5555419921875,364.5555419921875,330.5555419921875,364.5555419921875,1800
2020-03-12,289.9778747558594,347.5555419921875,347.5555419921875,347.5555419921875,347.5555419921875,0
2020-03-13,275.7941589355469,330.5555419921875,330.5555419921875,324.8888854980469,330.5555419921875,2752
2020-03-16,299.4336853027344,358.8888854980469,358.8888854980469,311.6666564941406,324.8888854980469,8364
2020-03-17,299.4336853027344,358.8888854980469,358.8888854980469,358.8888854980469,358.8888854980469,0
2020-03-18,283.67401123046875,340.0,358.8888854980469,340.0,357.0,28376
2020-03-19,282.0980529785156,338.1111145019531,338.1111145019531,330.5555419921875,330.5555419921875,423
2020-03-20,278.94610595703125,334.3333435058594,334.3333435058594,330.5555419921875,330.5555419921875,317
2020-03-23,278.94610595703125,334.3333435058594,340.0,311.6666564941406,340.0,29329
2020-03-24,283.67401123046875,340.0,340.0,340.0,340.0,105
2020-03-26,283.67401123046875,340.0,340.0,340.0,340.0,0
2020-03-27,294.7057800292969,353.22222900390625,357.0,330.5555419921875,357.0,6035
2020-03-30,294.7057800292969,353.22222900390625,353.22222900390625,353.22222900390625,353.22222900390625,0
2020-03-31,293.12982177734375,351.3333435058594,351.3333435058594,351.3333435058594,351.3333435058594,27529
2020-04-01,297.8576965332031,357.0,357.0,357.0,357.0,105
2020-04-02,297.8576965332031,357.0,357.0,357.0,357.0,0
2020-04-03,296.28173828125,355.1111145019531,355.1111145019531,355.1111145019531,355.1111145019531,105
2020-04-06,293.12982177734375,351.3333435058594,353.22222900390625,351.3333435058594,353.22222900390625,27847
2020-04-07,291.5538635253906,349.4444580078125,349.4444580078125,349.4444580078125,349.4444580078125,211
2020-04-08,291.5538635253906,349.4444580078125,349.4444580078125,349.4444580078125,349.4444580078125,0
2020-04-09,296.28173828125,355.1111145019531,355.1111145019531,355.1111145019531,355.1111145019531,105
2020-04-13,296.28173828125,355.1111145019531,355.1111145019531,355.1111145019531,355.1111145019531,3176
2020-04-14,296.28173828125,355.1111145019531,355.1111145019531,355.1111145019531,355.1111145019531,211
2020-04-15,296.28173828125,355.1111145019531,355.1111145019531,355.1111145019531,355.1111145019531,0
2020-04-16,296.28173828125,355.1111145019531,355.1111145019531,355.1111145019531,355.1111145019531,0
2020-04-17,296.28173828125,355.1111145019531,355.1111145019531,355.1111145019531,355.1111145019531,0
2020-04-20,296.28173828125,355.1111145019531,355.1111145019531,355.1111145019531,355.1111145019531,0
2020-04-21,296.28173828125,355.1111145019531,355.1111145019531,355.1111145019531,355.1111145019531,0
2020-04-22,296.28173828125,355.1111145019531,355.1111145019531,355.1111145019531,355.1111145019531,105
2020-04-23,296.28173828125,355.1111145019531,355.1111145019531,355.1111145019531,355.1111145019531,0
2020-04-24,296.28173828125,355.1111145019531,355.1111145019531,355.1111145019531,355.1111145019531,0
2020-04-27,296.28173828125,355.1111145019531,355.1111145019531,355.1111145019531,355.1111145019531,0
2020-04-28,296.28173828125,355.1111145019531,355.1111145019531,355.1111145019531,355.1111145019531,0
2020-04-29,296.28173828125,355.1111145019531,355.1111145019531,355.1111145019531,355.1111145019531,5294
2020-04-30,294.7057800292969,353.22222900390625,357.0,353.22222900390625,357.0,1800
2020-05-04,294.7057800292969,353.22222900390625,355.1111145019531,353.22222900390625,355.1111145019531,4764
2020-05-05,294.7057800292969,353.22222900390625,353.22222900390625,353.22222900390625,353.22222900390625,1058
2020-05-06,294.7057800292969,353.22222900390625,353.22222900390625,353.22222900390625,353.22222900390625,0
2020-05-08,294.7057800292969,353.22222900390625,353.22222900390625,353.22222900390625,353.22222900390625,0
2020-05-11,294.7057800292969,353.22222900390625,353.22222900390625,353.22222900390625,353.22222900390625,3388
2020-05-12,291.5538635253906,349.4444580078125,349.4444580078125,328.6666564941406,328.6666564941406,1058
2020-05-13,291.5538635253906,349.4444580078125,349.4444580078125,349.4444580078125,349.4444580078125,0
2020-05-14,335.6809387207031,402.3333435058594,402.3333435058594,326.77777099609375,340.0,2435
2020-05-15,323.0731506347656,387.22222900390625,400.4444580078125,387.22222900390625,400.4444580078125,211
2020-05-18,313.6173400878906,375.8888854980469,377.77777099609375,375.8888854980469,377.77777099609375,317
2020-05-19,294.7057800292969,353.22222900390625,357.0,351.3333435058594,353.22222900390625,13447
2020-05-20,318.3452453613281,381.5555419921875,381.5555419921875,353.22222900390625,353.22222900390625,529
2020-05-26,315.19329833984375,377.77777099609375,381.5555419921875,377.77777099609375,381.5555419921875,26470
2020-05-27,293.12982177734375,351.3333435058594,364.5555419921875,351.3333435058594,364.5555419921875,6988
2020-05-28,313.6173400878906,375.8888854980469,375.8888854980469,375.8888854980469,375.8888854980469,211
2020-05-29,293.12982177734375,351.3333435058594,351.3333435058594,351.3333435058594,351.3333435058594,58023
2020-06-02,312.0413818359375,374.0,374.0,326.77777099609375,351.3333435058594,69776
2020-06-03,304.16156005859375,364.5555419921875,364.5555419921875,349.4444580078125,349.4444580078125,317
2020-06-04,310.4654235839844,372.1111145019531,372.1111145019531,372.1111145019531,372.1111145019531,211
2020-06-05,289.9778747558594,347.5555419921875,368.3333435058594,347.5555419921875,368.3333435058594,38858
2020-06-08,275.7941589355469,330.5555419921875,360.77777099609375,330.5555419921875,360.77777099609375,22658
2020-06-09,267.9143371582031,321.1111145019531,328.6666564941406,307.8888854980469,326.77777099609375,184235
2020-06-10,293.12982177734375,351.3333435058594,351.3333435058594,321.1111145019531,321.1111145019531,1588
2020-06-11,283.67401123046875,340.0,340.0,326.77777099609375,332.4444580078125,10905
2020-06-12,275.7941589355469,330.5555419921875,330.5555419921875,317.3333435058594,330.5555419921875,79094
2020-06-15,282.0980529785156,338.1111145019531,349.4444580078125,307.8888854980469,321.1111145019531,69882
2020-06-16,283.67401123046875,340.0,340.0,319.22222900390625,319.22222900390625,5188
2020-06-17,275.7941589355469,330.5555419921875,332.4444580078125,319.22222900390625,319.22222900390625,11117
2020-06-18,272.6422424316406,326.77777099609375,340.0,317.3333435058594,330.5555419921875,24458
2020-06-19,274.21820068359375,328.6666564941406,330.5555419921875,311.6666564941406,326.77777099609375,18211
2020-06-22,277.3701477050781,332.4444580078125,336.22222900390625,323.0,323.0,47223
2020-06-23,280.5220947265625,336.22222900390625,336.22222900390625,323.0,336.22222900390625,423
2020-06-24,278.94610595703125,334.3333435058594,334.3333435058594,334.3333435058594,334.3333435058594,4447
2020-06-25,278.94610595703125,334.3333435058594,334.3333435058594,334.3333435058594,334.3333435058594,0
2020-06-26,278.94610595703125,334.3333435058594,334.3333435058594,334.3333435058594,334.3333435058594,8470
2020-06-29,278.94610595703125,334.3333435058594,334.3333435058594,330.5555419921875,334.3333435058594,9847
2020-06-30,271.0662841796875,324.8888854980469,330.5555419921875,321.1111145019531,330.5555419921875,33352
2020-07-01,338.83282470703125,406.1111145019531,406.1111145019531,336.22222900390625,336.22222900390625,732917
2020-07-02,421.5710754394531,505.27777099609375,505.27777099609375,409.8888854980469,415.5555419921875,1318870
2020-07-03,409.7513427734375,491.1111145019531,595.0,486.3888854980469,528.888916015625,566047
2020-07-06,401.8714599609375,481.6666564941406,481.6666564941406,459.0,472.22222900390625,412199
2020-07-07,401.8714599609375,481.6666564941406,481.6666564941406,460.8888854980469,481.6666564941406,23400
2020-07-08,437.3307800292969,524.1666870117188,538.3333129882812,462.77777099609375,476.9444580078125,217058
2020-07-09,413.6912841796875,495.8333435058594,557.2222290039062,491.1111145019531,524.1666870117188,259094
2020-07-10,390.83978271484375,468.4444580078125,491.1111145019531,462.77777099609375,491.1111145019531,66705
2020-07-13,397.9316101074219,476.9444580078125,514.7222290039062,436.3333435058594,462.77777099609375,176611
2020-07-14,370.3521423339844,443.8888854980469,519.4444580078125,443.8888854980469,519.4444580078125,612741
2020-07-15,357.74444580078125,428.77777099609375,462.77777099609375,413.6666564941406,462.77777099609375,402670
2020-07-16,368.7762145996094,442.0,453.3333435058594,417.4444580078125,447.6666564941406,58129
2020-07-17,370.3521423339844,443.8888854980469,462.77777099609375,434.4444580078125,460.8888854980469,70835
2020-07-20,409.7513427734375,491.1111145019531,495.8333435058594,445.77777099609375,462.77777099609375,197152
2020-07-21,464.9101867675781,557.2222290039062,604.4444580078125,495.8333435058594,538.3333129882812,1288694
2020-07-22,476.7299499511719,571.388916015625,576.111083984375,547.7777709960938,557.2222290039062,361588
2020-07-23,520.0689697265625,623.3333129882812,651.6666870117188,571.388916015625,576.111083984375,951564
2020-07-24,535.8286743164062,642.2222290039062,665.8333129882812,609.1666870117188,623.3333129882812,1332847
2020-07-27,555.5282592773438,665.8333129882812,689.4444580078125,642.2222290039062,642.2222290039062,1038705
2020-07-28,543.70849609375,651.6666870117188,675.2777709960938,637.5,665.8333129882812,797823
2020-07-29,535.8286743164062,642.2222290039062,656.388916015625,632.7777709960938,656.388916015625,523164
2020-07-30,535.8286743164062,642.2222290039062,665.8333129882812,632.7777709960938,632.7777709960938,1215741
2020-08-03,500.36944580078125,599.7222290039062,642.2222290039062,599.7222290039062,642.2222290039062,1075976
2020-08-04,524.0089111328125,628.0555419921875,637.5,599.7222290039062,613.888916015625,314999
2020-08-05,520.0689697265625,623.3333129882812,637.5,609.1666870117188,628.0555419921875,268305
2020-08-06,524.0089111328125,628.0555419921875,628.0555419921875,609.1666870117188,623.3333129882812,106094
2020-08-07,508.249267578125,609.1666870117188,628.0555419921875,604.4444580078125,628.0555419921875,142094
2020-08-10,520.0689697265625,623.3333129882812,656.388916015625,604.4444580078125,656.388916015625,72952
2020-08-11,516.1290283203125,618.611083984375,623.3333129882812,613.888916015625,623.3333129882812,67235
2020-08-12,512.189208984375,613.888916015625,618.611083984375,604.4444580078125,618.611083984375,92223
2020-08-13,504.309326171875,604.4444580078125,651.6666870117188,599.7222290039062,651.6666870117188,120070
2020-08-14,524.0089111328125,628.0555419921875,642.2222290039062,599.7222290039062,604.4444580078125,235694
2020-08-18,527.9488525390625,632.7777709960938,642.2222290039062,609.1666870117188,609.1666870117188,180741
2020-08-19,527.9488525390625,632.7777709960938,642.2222290039062,623.3333129882812,642.2222290039062,100164
2020-08-24,555.5282592773438,665.8333129882812,746.111083984375,628.0555419921875,632.7777709960938,1501941
2020-08-25,539.7686157226562,646.9444580078125,684.7222290039062,637.5,675.2777709960938,925835
2020-08-26,547.6483764648438,656.388916015625,665.8333129882812,646.9444580078125,646.9444580078125,133517
2020-08-27,571.2879638671875,684.7222290039062,684.7222290039062,656.388916015625,656.388916015625,637941
2020-08-28,563.4080810546875,675.2777709960938,698.888916015625,665.8333129882812,684.7222290039062,409447
2020-08-31,531.8887329101562,637.5,675.2777709960938,637.5,675.2777709960938,653082
2020-09-01,520.0689697265625,623.3333129882812,651.6666870117188,604.4444580078125,642.2222290039062,809152
2020-09-02,532.258056640625,618.611083984375,623.3333129882812,604.4444580078125,618.611083984375,192917
2020-09-03,528.195068359375,613.888916015625,618.611083984375,604.4444580078125,618.611083984375,128223
2020-09-04,540.3841552734375,628.0555419921875,637.5,604.4444580078125,613.888916015625,158082
2020-09-07,536.3211059570312,623.3333129882812,632.7777709960938,613.888916015625,632.7777709960938,107470
2020-09-08,536.3211059570312,623.3333129882812,628.0555419921875,609.1666870117188,628.0555419921875,54211
2020-09-09,524.1320190429688,609.1666870117188,623.3333129882812,599.7222290039062,623.3333129882812,171741
2020-09-10,487.564697265625,566.6666870117188,609.1666870117188,566.6666870117188,609.1666870117188,1055964
2020-09-11,507.8798828125,590.2777709960938,604.4444580078125,528.888916015625,547.7777709960938,232305
2020-09-14,516.0059814453125,599.7222290039062,609.1666870117188,590.2777709960938,590.2777709960938,100694
2020-09-15,520.0689697265625,604.4444580078125,604.4444580078125,590.2777709960938,599.7222290039062,37164
2020-09-16,507.8798828125,590.2777709960938,613.888916015625,571.388916015625,613.888916015625,58023
2020-09-17,503.81683349609375,585.5555419921875,595.0,585.5555419921875,595.0,41505
2020-09-18,507.8798828125,590.2777709960938,595.0,571.388916015625,595.0,44788
2020-09-21,503.81683349609375,585.5555419921875,599.7222290039062,576.111083984375,599.7222290039062,57282
2020-09-22,495.6907653808594,576.111083984375,585.5555419921875,547.7777709960938,585.5555419921875,118694
2020-09-23,495.6907653808594,576.111083984375,576.111083984375,566.6666870117188,576.111083984375,50505
2020-09-24,487.564697265625,566.6666870117188,571.388916015625,552.5,571.388916015625,96776
2020-09-25,487.564697265625,566.6666870117188,571.388916015625,561.9444580078125,566.6666870117188,61517
2020-09-28,483.5016784667969,561.9444580078125,576.111083984375,552.5,566.6666870117188,39388
2020-09-29,483.5016784667969,561.9444580078125,576.111083984375,557.2222290039062,557.2222290039062,25517
2020-09-30,483.5016784667969,561.9444580078125,576.111083984375,561.9444580078125,576.111083984375,7200
2020-10-01,491.62774658203125,571.388916015625,576.111083984375,561.9444580078125,576.111083984375,76447
2020-10-02,483.5016784667969,561.9444580078125,571.388916015625,552.5,571.388916015625,41294
2020-10-05,487.564697265625,566.6666870117188,571.388916015625,561.9444580078125,571.388916015625,86399
2020-10-06,483.5016784667969,561.9444580078125,571.388916015625,552.5,571.388916015625,101647
2020-10-07,487.564697265625,566.6666870117188,566.6666870117188,552.5,566.6666870117188,27211
2020-10-08,495.6907653808594,576.111083984375,576.111083984375,557.2222290039062,566.6666870117188,87458
2020-10-09,495.6907653808594,576.111083984375,576.111083984375,566.6666870117188,576.111083984375,30282
2020-10-12,499.7538146972656,580.8333129882812,580.8333129882812,576.111083984375,580.8333129882812,40658
2020-10-13,503.81683349609375,585.5555419921875,590.2777709960938,566.6666870117188,585.5555419921875,83435
2020-10-14,511.9429626464844,595.0,595.0,576.111083984375,585.5555419921875,76023
2020-10-15,516.0059814453125,599.7222290039062,604.4444580078125,585.5555419921875,590.2777709960938,81529
2020-10-16,507.8798828125,590.2777709960938,599.7222290039062,585.5555419921875,595.0,34941
2020-10-19,520.0689697265625,604.4444580078125,604.4444580078125,595.0,599.7222290039062,61305
2020-10-20,520.0689697265625,604.4444580078125,604.4444580078125,595.0,604.4444580078125,28588
2020-10-21,520.0689697265625,604.4444580078125,604.4444580078125,599.7222290039062,604.4444580078125,6247
2020-10-22,520.0689697265625,604.4444580078125,604.4444580078125,595.0,604.4444580078125,33988
2020-10-23,516.0059814453125,599.7222290039062,604.4444580078125,595.0,604.4444580078125,42458
2020-10-26,516.0059814453125,599.7222290039062,599.7222290039062,590.2777709960938,599.7222290039062,43623
2020-10-27,511.9429626464844,595.0,595.0,590.2777709960938,595.0,30600
2020-11-02,516.0059814453125,599.7222290039062,599.7222290039062,580.8333129882812,595.0,64058
2020-11-03,540.3841552734375,628.0555419921875,628.0555419921875,595.0,599.7222290039062,271799
2020-11-04,532.258056640625,618.611083984375,632.7777709960938,609.1666870117188,623.3333129882812,128011
2020-11-05,536.3211059570312,623.3333129882812,628.0555419921875,613.888916015625,613.888916015625,45317
2020-11-06,540.3841552734375,628.0555419921875,637.5,613.888916015625,628.0555419921875,164117
2020-11-09,674.4644775390625,783.888916015625,783.888916015625,670.5555419921875,675.2777709960938,1051941
2020-11-10,690.7166137695312,802.7777709960938,944.4444580078125,769.7222290039062,831.111083984375,1420835
2020-11-11,674.4644775390625,783.888916015625,816.9444580078125,783.888916015625,802.7777709960938,594423
2020-11-12,658.2122802734375,765.0,788.611083984375,765.0,788.611083984375,193023
2020-11-13,654.1492309570312,760.2777709960938,774.4444580078125,755.5555419921875,765.0,195670
2020-11-16,666.33837890625,774.4444580078125,850.0,760.2777709960938,760.2777709960938,398435
2020-11-17,670.4014282226562,779.1666870117188,788.611083984375,750.8333129882812,788.611083984375,283552
2020-11-18,670.4014282226562,779.1666870117188,783.888916015625,774.4444580078125,779.1666870117188,99317
2020-11-19,678.5275268554688,788.611083984375,788.611083984375,774.4444580078125,779.1666870117188,124623
2020-11-20,678.5275268554688,788.611083984375,802.7777709960938,779.1666870117188,788.611083984375,112341
2020-11-23,682.5905151367188,793.3333129882812,802.7777709960938,774.4444580078125,793.3333129882812,149717
2020-11-24,678.5275268554688,788.611083984375,798.0555419921875,779.1666870117188,793.3333129882812,64588
2020-11-25,674.4644775390625,783.888916015625,793.3333129882812,765.0,788.611083984375,231882
2020-11-26,670.4014282226562,779.1666870117188,783.888916015625,731.9444580078125,779.1666870117188,554611
2020-11-27,674.4644775390625,783.888916015625,783.888916015625,774.4444580078125,779.1666870117188,19694
2020-11-30,633.8341064453125,736.6666870117188,788.611083984375,731.9444580078125,788.611083984375,863682
2020-12-01,654.1492309570312,760.2777709960938,774.4444580078125,736.6666870117188,736.6666870117188,76764
2020-12-02,654.1492309570312,760.2777709960938,769.7222290039062,750.8333129882812,760.2777709960938,60776
2020-12-03,650.086181640625,755.5555419921875,779.1666870117188,755.5555419921875,765.0,204988
2020-12-04,650.086181640625,755.5555419921875,769.7222290039062,755.5555419921875,755.5555419921875,107682
2020-12-07,654.1492309570312,760.2777709960938,765.0,750.8333129882812,755.5555419921875,136799
2020-12-08,650.086181640625,755.5555419921875,760.2777709960938,746.111083984375,760.2777709960938,118905
2020-12-10,662.275390625,769.7222290039062,769.7222290039062,746.111083984375,755.5555419921875,217376
2020-12-11,658.2122802734375,765.0,769.7222290039062,755.5555419921875,765.0,26894
2020-12-14,658.2122802734375,765.0,765.0,755.5555419921875,765.0,88411
2020-12-15,670.4014282226562,779.1666870117188,788.611083984375,750.8333129882812,765.0,194294
2020-12-16,666.33837890625,774.4444580078125,798.0555419921875,774.4444580078125,783.888916015625,351423
2020-12-17,670.4014282226562,779.1666870117188,788.611083984375,774.4444580078125,774.4444580078125,68188
2020-12-18,670.4014282226562,779.1666870117188,788.611083984375,774.4444580078125,783.888916015625,60247
2020-12-21,678.5275268554688,788.611083984375,798.0555419921875,779.1666870117188,788.611083984375,391235
2020-12-22,658.2122802734375,765.0,802.7777709960938,765.0,798.0555419921875,518082
2020-12-23,670.4014282226562,779.1666870117188,783.888916015625,765.0,765.0,161258
2020-12-28,706.9688110351562,821.6666870117188,826.388916015625,783.888916015625,783.888916015625,547199
2020-12-29,771.9773559570312,897.2222290039062,925.5555419921875,821.6666870117188,826.388916015625,1723976
2020-12-30,735.4100952148438,854.7222290039062,911.388916015625,835.8333129882812,906.6666870117188,815929
2021-01-04,735.4100952148438,854.7222290039062,864.1666870117188,802.7777709960938,859.4444580078125,315105
2021-01-05,715.0948486328125,831.111083984375,883.0555419921875,831.111083984375,883.0555419921875,257399
2021-01-06,723.220947265625,840.5555419921875,864.1666870117188,826.388916015625,831.111083984375,301764
2021-01-07,723.220947265625,840.5555419921875,864.1666870117188,807.5,850.0,266717
2021-01-08,735.4100952148438,854.7222290039062,859.4444580078125,831.111083984375,840.5555419921875,204776
2021-01-11,731.3470458984375,850.0,854.7222290039062,840.5555419921875,854.7222290039062,155647
2021-01-12,723.220947265625,840.5555419921875,850.0,840.5555419921875,845.2777709960938,122717
2021-01-13,771.9773559570312,897.2222290039062,897.2222290039062,840.5555419921875,850.0,436976
2021-01-14,759.7882690429688,883.0555419921875,916.111083984375,868.888916015625,916.111083984375,287258
2021-01-15,755.7251586914062,878.3333129882812,883.0555419921875,868.888916015625,883.0555419921875,158082
2021-01-18,759.7882690429688,883.0555419921875,883.0555419921875,864.1666870117188,878.3333129882812,233470
2021-01-19,723.220947265625,840.5555419921875,883.0555419921875,840.5555419921875,883.0555419921875,168882
2021-01-20,743.5361938476562,864.1666870117188,864.1666870117188,840.5555419921875,840.5555419921875,98999
2021-01-21,755.7251586914062,878.3333129882812,883.0555419921875,864.1666870117188,878.3333129882812,159458
2021-01-22,751.6621704101562,873.611083984375,892.5,868.888916015625,868.888916015625,184552
2021-01-25,743.5361938476562,864.1666870117188,892.5,864.1666870117188,868.888916015625,96776
2021-01-26,731.3470458984375,850.0,892.5,840.5555419921875,864.1666870117188,381494
2021-01-27,723.220947265625,840.5555419921875,850.0,807.5,850.0,159458
2021-01-28,690.7166137695312,802.7777709960938,840.5555419921875,798.0555419921875,840.5555419921875,159141
2021-01-29,694.7796630859375,807.5,812.2222290039062,765.0,802.7777709960938,176188
2021-02-01,731.3470458984375,850.0,850.0,760.2777709960938,807.5,241835
2021-02-02,715.0948486328125,831.111083984375,850.0,812.2222290039062,850.0,120705
2021-02-03,731.3470458984375,850.0,864.1666870117188,812.2222290039062,831.111083984375,28905
2021-02-04,731.3470458984375,850.0,859.4444580078125,831.111083984375,831.111083984375,59717
2021-02-05,751.6621704101562,873.611083984375,883.0555419921875,840.5555419921875,850.0,94658
2021-02-08,763.851318359375,887.7777709960938,892.5,868.888916015625,873.611083984375,244376
2021-02-09,747.5991821289062,868.888916015625,897.2222290039062,868.888916015625,892.5,128223
2021-02-10,739.4730834960938,859.4444580078125,883.0555419921875,854.7222290039062,868.888916015625,44258
2021-02-11,751.6621704101562,873.611083984375,878.3333129882812,854.7222290039062,859.4444580078125,34517
2021-02-15,759.7882690429688,883.0555419921875,883.0555419921875,864.1666870117188,873.611083984375,46799
2021-02-16,759.7882690429688,883.0555419921875,887.7777709960938,878.3333129882812,883.0555419921875,64694
2021-02-17,751.6621704101562,873.611083984375,883.0555419921875,859.4444580078125,883.0555419921875,65541
2021-02-18,751.6621704101562,873.611083984375,878.3333129882812,864.1666870117188,873.611083984375,50929
2021-02-19,735.4100952148438,854.7222290039062,868.888916015625,854.7222290039062,864.1666870117188,49552
2021-02-22,739.4730834960938,859.4444580078125,887.7777709960938,854.7222290039062,854.7222290039062,80470
2021-02-23,743.5361938476562,864.1666870117188,878.3333129882812,859.4444580078125,859.4444580078125,31658
2021-02-24,747.5991821289062,868.888916015625,873.611083984375,850.0,854.7222290039062,23823
2021-02-25,747.5991821289062,868.888916015625,868.888916015625,845.2777709960938,868.888916015625,67658
2021-02-26,731.3470458984375,850.0,868.888916015625,821.6666870117188,868.888916015625,132882
2021-03-01,739.4730834960938,859.4444580078125,859.4444580078125,845.2777709960938,850.0,91905
2021-03-02,747.5991821289062,868.888916015625,868.888916015625,859.4444580078125,864.1666870117188,60141
2021-03-03,735.4100952148438,854.7222290039062,868.888916015625,840.5555419921875,868.888916015625,177564
2021-03-04,739.4730834960938,859.4444580078125,868.888916015625,850.0,854.7222290039062,99105
2021-03-05,747.5991821289062,868.888916015625,868.888916015625,850.0,864.1666870117188,88941
2021-03-08,743.5361938476562,864.1666870117188,878.3333129882812,831.111083984375,868.888916015625,81529
2021-03-09,735.4100952148438,854.7222290039062,864.1666870117188,850.0,864.1666870117188,27105
2021-03-10,743.5361938476562,864.1666870117188,864.1666870117188,850.0,850.0,80682
2021-03-12,747.5991821289062,868.888916015625,868.888916015625,850.0,864.1666870117188,96458
2021-03-15,776.0404663085938,901.9444580078125,920.8333129882812,868.888916015625,873.611083984375,218752
2021-03-16,767.9143676757812,892.5,906.6666870117188,883.0555419921875,897.2222290039062,164011
2021-03-17,771.9773559570312,897.2222290039062,906.6666870117188,892.5,906.6666870117188,55588
2021-03-18,763.851318359375,887.7777709960938,901.9444580078125,887.7777709960938,897.2222290039062,69035
2021-03-19,763.851318359375,887.7777709960938,897.2222290039062,883.0555419921875,887.7777709960938,30070
2021-03-22,767.9143676757812,892.5,897.2222290039062,883.0555419921875,892.5,112552
2021-03-23,796.3556518554688,925.5555419921875,930.2777709960938,892.5,892.5,395470
2021-03-24,877.6163940429688,1020.0,1029.4444580078125,925.5555419921875,925.5555419921875,1176247
2021-03-25,861.3642578125,1001.111083984375,1067.22216796875,1001.111083984375,1020.0,659858
2021-03-26,873.5533447265625,1015.2777709960938,1024.72216796875,968.0555419921875,996.388916015625,222352
2021-03-29,853.2382202148438,991.6666870117188,1053.0555419921875,991.6666870117188,1015.2777709960938,331623
2021-03-30,869.4902954101562,1010.5555419921875,1038.888916015625,991.6666870117188,991.6666870117188,107258
2021-03-31,869.4902954101562,1010.5555419921875,1034.1666259765625,972.7777709960938,1010.5555419921875,69247
2021-04-01,857.30126953125,996.388916015625,1010.5555419921875,991.6666870117188,1005.8333129882812,75705
2021-04-05,841.0491333007812,977.5,1001.111083984375,953.888916015625,1001.111083984375,127270
2021-04-06,845.1121215820312,982.2222290039062,991.6666870117188,949.1666870117188,972.7777709960938,96035
2021-04-07,853.2382202148438,991.6666870117188,1020.0,977.5,982.2222290039062,99211
2021-04-08,873.5533447265625,1015.2777709960938,1029.4444580078125,958.611083984375,996.388916015625,136270
2021-04-09,865.4273071289062,1005.8333129882812,1015.2777709960938,1001.111083984375,1015.2777709960938,94976
2021-04-12,857.30126953125,996.388916015625,1034.1666259765625,996.388916015625,1005.8333129882812,51776
2021-04-13,849.1751708984375,986.9444580078125,1010.5555419921875,977.5,996.388916015625,59188
2021-04-14,857.30126953125,996.388916015625,1005.8333129882812,963.3333129882812,986.9444580078125,75811
2021-04-15,865.4273071289062,1005.8333129882812,1010.5555419921875,972.7777709960938,996.388916015625,49447
2021-04-16,841.0491333007812,977.5,1001.111083984375,944.4444580078125,996.388916015625,383823
2021-04-19,845.1121215820312,982.2222290039062,1005.8333129882812,958.611083984375,977.5,184552
2021-04-20,849.1751708984375,986.9444580078125,1001.111083984375,963.3333129882812,982.2222290039062,19164
2021-04-21,845.1121215820312,982.2222290039062,991.6666870117188,963.3333129882812,986.9444580078125,12388
2021-04-22,841.0491333007812,977.5,982.2222290039062,963.3333129882812,982.2222290039062,17364
2021-04-23,845.1121215820312,982.2222290039062,982.2222290039062,953.888916015625,977.5,57282
2021-04-26,861.3642578125,1001.111083984375,1010.5555419921875,963.3333129882812,982.2222290039062,79941
2021-04-27,836.9860229492188,972.7777709960938,1005.8333129882812,972.7777709960938,1001.111083984375,89894
2021-04-28,845.1121215820312,982.2222290039062,986.9444580078125,944.4444580078125,972.7777709960938,116999
2021-04-29,845.1121215820312,982.2222290039062,982.2222290039062,972.7777709960938,977.5,51458
2021-04-30,841.0491333007812,977.5,982.2222290039062,944.4444580078125,972.7777709960938,87458
2021-05-03,820.73388671875,953.888916015625,977.5,944.4444580078125,977.5,199058
2021-05-04,853.2382202148438,991.6666870117188,991.6666870117188,949.1666870117188,953.888916015625,97517
2021-05-05,832.9229736328125,968.0555419921875,991.6666870117188,953.888916015625,953.888916015625,71999
2021-05-06,845.1121215820312,982.2222290039062,982.2222290039062,963.3333129882812,968.0555419921875,32188
2021-05-07,849.1751708984375,986.9444580078125,991.6666870117188,944.4444580078125,982.2222290039062,217694
2021-05-10,836.9860229492188,972.7777709960938,986.9444580078125,953.888916015625,986.9444580078125,61411
2021-05-11,780.103515625,906.6666870117188,958.611083984375,906.6666870117188,958.611083984375,1574364
2021-05-17,727.2839965820312,845.2777709960938,906.6666870117188,845.2777709960938,906.6666870117188,177988
2021-05-18,678.5275268554688,788.611083984375,835.8333129882812,788.611083984375,835.8333129882812,718835
2021-05-19,678.5275268554688,788.611083984375,840.5555419921875,741.388916015625,783.888916015625,1008847
2021-05-20,686.653564453125,798.0555419921875,798.0555419921875,783.888916015625,788.611083984375,139235
2021-05-21,682.5905151367188,793.3333129882812,826.388916015625,788.611083984375,802.7777709960938,299435
2021-05-24,666.33837890625,774.4444580078125,821.6666870117188,755.5555419921875,793.3333129882812,183811
2021-05-25,674.4644775390625,783.888916015625,788.611083984375,774.4444580078125,774.4444580078125,101858
2021-05-27,682.5905151367188,793.3333129882812,798.0555419921875,783.888916015625,783.888916015625,49976
2021-05-28,731.3470458984375,850.0,944.4444580078125,793.3333129882812,793.3333129882812,543388
2021-05-31,727.2839965820312,845.2777709960938,854.7222290039062,802.7777709960938,850.0,336388
2021-06-02,723.220947265625,840.5555419921875,845.2777709960938,831.111083984375,845.2777709960938,66917
2021-06-03,739.4730834960938,859.4444580078125,878.3333129882812,835.8333129882812,840.5555419921875,282811
2021-06-04,747.5991821289062,868.888916015625,873.611083984375,850.0,859.4444580078125,103658
2021-06-07,727.2839965820312,845.2777709960938,897.2222290039062,812.2222290039062,873.611083984375,363599
2021-06-08,731.3470458984375,850.0,859.4444580078125,816.9444580078125,850.0,98047
2021-06-09,731.3470458984375,850.0,850.0,840.5555419921875,850.0,20117
2021-06-10,731.3470458984375,850.0,864.1666870117188,831.111083984375,850.0,89999
2021-06-11,711.0318603515625,826.388916015625,845.2777709960938,821.6666870117188,840.5555419921875,171211
2021-06-14,706.9688110351562,821.6666870117188,835.8333129882812,812.2222290039062,826.388916015625,64376
2021-06-15,715.0948486328125,831.111083984375,831.111083984375,816.9444580078125,821.6666870117188,67552
2021-06-16,715.0948486328125,831.111083984375,835.8333129882812,821.6666870117188,831.111083984375,164435
2021-06-17,711.0318603515625,826.388916015625,835.8333129882812,821.6666870117188,821.6666870117188,41611
2021-06-18,690.7166137695312,802.7777709960938,826.388916015625,779.1666870117188,826.388916015625,165599
2021-06-21,694.7796630859375,807.5,831.111083984375,774.4444580078125,802.7777709960938,95188
2021-06-22,723.220947265625,840.5555419921875,840.5555419921875,807.5,807.5,74647
2021-06-23,706.9688110351562,821.6666870117188,840.5555419921875,821.6666870117188,840.5555419921875,16200
2021-06-24,702.90576171875,816.9444580078125,821.6666870117188,812.2222290039062,816.9444580078125,25729
2021-06-25,690.7166137695312,802.7777709960938,812.2222290039062,798.0555419921875,812.2222290039062,95929
2021-06-28,690.7166137695312,802.7777709960938,821.6666870117188,798.0555419921875,802.7777709960938,80682
2021-06-29,682.5905151367188,793.3333129882812,802.7777709960938,760.2777709960938,774.4444580078125,39600
2021-06-30,694.7796630859375,807.5,807.5,793.3333129882812,793.3333129882812,17576
2021-07-01,650.086181640625,755.5555419921875,788.611083984375,755.5555419921875,788.611083984375,363388
2021-07-02,605.3927612304688,703.611083984375,755.5555419921875,703.611083984375,755.5555419921875,738741
2021-07-05,609.455810546875,708.3333129882812,717.7777709960938,703.611083984375,703.611083984375,108952
2021-07-06,597.2667846679688,694.1666870117188,713.0555419921875,670.5555419921875,708.3333129882812,157764
2021-07-07,593.2036743164062,689.4444580078125,703.611083984375,675.2777709960938,694.1666870117188,123141
2021-07-08,601.329833984375,698.888916015625,698.888916015625,680.0,689.4444580078125,52411
2021-07-09,585.07763671875,680.0,703.611083984375,670.5555419921875,698.888916015625,149399
2021-07-12,593.2036743164062,689.4444580078125,694.1666870117188,675.2777709960938,680.0,47964
2021-07-13,593.2036743164062,689.4444580078125,689.4444580078125,680.0,689.4444580078125,13129
2021-07-14,581.0145874023438,675.2777709960938,684.7222290039062,675.2777709960938,680.0,30600
2021-07-15,568.825439453125,661.111083984375,684.7222290039062,661.111083984375,675.2777709960938,148341
2021-07-16,589.1406860351562,684.7222290039062,684.7222290039062,661.111083984375,661.111083984375,31023
2021-07-19,597.2667846679688,694.1666870117188,713.0555419921875,670.5555419921875,670.5555419921875,75917
2021-07-21,609.455810546875,708.3333129882812,713.0555419921875,675.2777709960938,698.888916015625,70517
2021-07-22,609.455810546875,708.3333129882812,713.0555419921875,684.7222290039062,708.3333129882812,53894
2021-07-23,597.2667846679688,694.1666870117188,708.3333129882812,689.4444580078125,708.3333129882812,21494
2021-07-26,609.455810546875,708.3333129882812,750.8333129882812,684.7222290039062,694.1666870117188,63423
2021-07-27,597.2667846679688,694.1666870117188,703.611083984375,684.7222290039062,698.888916015625,25094
2021-07-28,605.3927612304688,703.611083984375,731.9444580078125,684.7222290039062,713.0555419921875,17470
2021-07-29,597.2667846679688,694.1666870117188,703.611083984375,689.4444580078125,703.611083984375,16305
2021-07-30,589.1406860351562,684.7222290039062,694.1666870117188,675.2777709960938,694.1666870117188,33776
2021-08-02,593.2036743164062,689.4444580078125,694.1666870117188,680.0,694.1666870117188,63847
2021-08-03,593.2036743164062,689.4444580078125,694.1666870117188,684.7222290039062,694.1666870117188,42564
2021-08-04,597.2667846679688,694.1666870117188,703.611083984375,670.5555419921875,703.611083984375,29964
2021-08-05,589.1406860351562,684.7222290039062,694.1666870117188,680.0,694.1666870117188,33882
2021-08-06,589.1406860351562,684.7222290039062,684.7222290039062,665.8333129882812,684.7222290039062,94658
2021-08-09,572.8884887695312,665.8333129882812,684.7222290039062,661.111083984375,680.0,155541
2021-08-10,576.9514770507812,670.5555419921875,675.2777709960938,665.8333129882812,670.5555419921875,24035
2021-08-12,568.825439453125,661.111083984375,670.5555419921875,661.111083984375,670.5555419921875,137541
2021-08-13,568.825439453125,661.111083984375,670.5555419921875,661.111083984375,661.111083984375,47329
2021-08-16,572.8884887695312,665.8333129882812,670.5555419921875,661.111083984375,670.5555419921875,48811
2021-08-18,576.9514770507812,670.5555419921875,675.2777709960938,665.8333129882812,665.8333129882812,80470
2021-08-19,581.0145874023438,675.2777709960938,689.4444580078125,670.5555419921875,670.5555419921875,96882
2021-08-20,581.0145874023438,675.2777709960938,689.4444580078125,665.8333129882812,670.5555419921875,71152
2021-08-23,585.07763671875,680.0,680.0,670.5555419921875,675.2777709960938,39070
2021-08-24,605.3927612304688,703.611083984375,703.611083984375,680.0,684.7222290039062,322517
2021-08-25,609.455810546875,708.3333129882812,713.0555419921875,689.4444580078125,703.611083984375,196835
2021-08-26,605.3927612304688,703.611083984375,717.7777709960938,689.4444580078125,713.0555419921875,143258
2021-08-27,605.3927612304688,703.611083984375,708.3333129882812,689.4444580078125,708.3333129882812,278258
2021-08-30,588.5762939453125,661.111083984375,694.1666870117188,656.388916015625,694.1666870117188,264070
2021-08-31,596.9845581054688,670.5555419921875,670.5555419921875,661.111083984375,665.8333129882812,64694
2021-09-01,584.3722534179688,656.388916015625,675.2777709960938,628.0555419921875,675.2777709960938,335647
2021-09-02,580.1680908203125,651.6666870117188,656.388916015625,637.5,651.6666870117188,150882
2021-09-03,571.7598876953125,642.2222290039062,651.6666870117188,637.5,651.6666870117188,89894
2021-09-06,563.3516845703125,632.7777709960938,651.6666870117188,628.0555419921875,642.2222290039062,137752
2021-09-07,554.9434204101562,623.3333129882812,637.5,623.3333129882812,632.7777709960938,179682
2021-09-08,559.1475219726562,628.0555419921875,628.0555419921875,613.888916015625,623.3333129882812,130658
2021-09-09,554.9434204101562,623.3333129882812,628.0555419921875,604.4444580078125,628.0555419921875,104399
2021-09-10,554.9434204101562,623.3333129882812,623.3333129882812,613.888916015625,623.3333129882812,26470
2021-09-13,542.3311157226562,609.1666870117188,623.3333129882812,609.1666870117188,623.3333129882812,58235
2021-09-14,525.5145874023438,590.2777709960938,613.888916015625,566.6666870117188,613.888916015625,421941
2021-09-15,525.5145874023438,590.2777709960938,595.0,580.8333129882812,595.0,186670
2021-09-16,542.3311157226562,609.1666870117188,656.388916015625,576.111083984375,590.2777709960938,86082
2021-09-17,538.126953125,604.4444580078125,609.1666870117188,590.2777709960938,609.1666870117188,32505
2021-09-20,525.5145874023438,590.2777709960938,609.1666870117188,585.5555419921875,604.4444580078125,43094
2021-09-21,517.1063232421875,580.8333129882812,590.2777709960938,566.6666870117188,590.2777709960938,40870
2021-09-22,521.3104858398438,585.5555419921875,613.888916015625,580.8333129882812,580.8333129882812,59505
2021-09-23,504.4940185546875,566.6666870117188,590.2777709960938,566.6666870117188,585.5555419921875,238341
2021-09-24,517.1063232421875,580.8333129882812,580.8333129882812,566.6666870117188,566.6666870117188,13552
2021-09-27,525.5145874023438,590.2777709960938,595.0,580.8333129882812,585.5555419921875,62152
2021-09-28,517.1063232421875,580.8333129882812,590.2777709960938,566.6666870117188,590.2777709960938,72847
2021-09-29,517.1063232421875,580.8333129882812,585.5555419921875,566.6666870117188,585.5555419921875,86505
2021-09-30,512.9022216796875,576.111083984375,580.8333129882812,571.388916015625,580.8333129882812,51141
2021-10-01,517.1063232421875,580.8333129882812,590.2777709960938,576.111083984375,576.111083984375,63529
2021-10-04,517.1063232421875,580.8333129882812,590.2777709960938,571.388916015625,585.5555419921875,128541
2021-10-05,512.9022216796875,576.111083984375,580.8333129882812,571.388916015625,580.8333129882812,134999
2021-10-06,512.9022216796875,576.111083984375,580.8333129882812,566.6666870117188,580.8333129882812,94552
2021-10-07,517.1063232421875,580.8333129882812,580.8333129882812,576.111083984375,576.111083984375,18423
2021-10-08,517.1063232421875,580.8333129882812,595.0,576.111083984375,580.8333129882812,84705
2021-10-11,521.3104858398438,585.5555419921875,585.5555419921875,576.111083984375,576.111083984375,44152
2021-10-12,517.1063232421875,580.8333129882812,590.2777709960938,580.8333129882812,590.2777709960938,34305
2021-10-13,517.1063232421875,580.8333129882812,585.5555419921875,571.388916015625,585.5555419921875,129176
2021-10-14,517.1063232421875,580.8333129882812,590.2777709960938,576.111083984375,580.8333129882812,80999
2021-10-15,517.1063232421875,580.8333129882812,585.5555419921875,576.111083984375,580.8333129882812,22870
2021-10-18,529.71875,595.0,595.0,580.8333129882812,585.5555419921875,87458
2021-10-19,525.5145874023438,590.2777709960938,595.0,585.5555419921875,595.0,23717
2021-10-21,525.5145874023438,590.2777709960938,599.7222290039062,590.2777709960938,590.2777709960938,27635
2021-10-22,533.9228515625,599.7222290039062,609.1666870117188,585.5555419921875,599.7222290039062,69776
2021-10-25,533.9228515625,599.7222290039062,623.3333129882812,590.2777709960938,599.7222290039062,38329
2021-10-26,542.3311157226562,609.1666870117188,618.611083984375,585.5555419921875,599.7222290039062,69035
2021-10-27,538.126953125,604.4444580078125,632.7777709960938,604.4444580078125,623.3333129882812,60247
2021-10-28,542.3311157226562,609.1666870117188,613.888916015625,599.7222290039062,609.1666870117188,49658
2021-10-29,533.9228515625,599.7222290039062,609.1666870117188,599.7222290039062,609.1666870117188,26788
2021-11-01,538.126953125,604.4444580078125,628.0555419921875,590.2777709960938,599.7222290039062,26152
2021-11-02,533.9228515625,599.7222290039062,604.4444580078125,599.7222290039062,604.4444580078125,37694
2021-11-03,533.9228515625,599.7222290039062,613.888916015625,595.0,595.0,27741
2021-11-04,533.9228515625,599.7222290039062,613.888916015625,599.7222290039062,609.1666870117188,16411
2021-11-05,529.71875,595.0,609.1666870117188,595.0,604.4444580078125,47858
2021-11-08,533.9228515625,599.7222290039062,604.4444580078125,595.0,599.7222290039062,23717
2021-11-09,538.126953125,604.4444580078125,613.888916015625,599.7222290039062,604.4444580078125,74329
2021-11-10,542.3311157226562,609.1666870117188,609.1666870117188,599.7222290039062,604.4444580078125,14188
2021-11-11,542.3311157226562,609.1666870117188,609.1666870117188,595.0,604.4444580078125,14823
2021-11-12,542.3311157226562,609.1666870117188,628.0555419921875,599.7222290039062,609.1666870117188,47011
2021-11-15,542.3311157226562,609.1666870117188,618.611083984375,599.7222290039062,618.611083984375,13023
2021-11-16,542.3311157226562,609.1666870117188,613.888916015625,604.4444580078125,613.888916015625,25200
2021-11-17,542.3311157226562,609.1666870117188,613.888916015625,599.7222290039062,609.1666870117188,25623
2021-11-18,542.3311157226562,609.1666870117188,609.1666870117188,599.7222290039062,604.4444580078125,20011
2021-11-19,542.3311157226562,609.1666870117188,613.888916015625,604.4444580078125,613.888916015625,23294
2021-11-22,542.3311157226562,609.1666870117188,609.1666870117188,595.0,609.1666870117188,48917
2021-11-23,529.71875,595.0,609.1666870117188,595.0,609.1666870117188,30917
2021-11-24,538.126953125,604.4444580078125,604.4444580078125,585.5555419921875,599.7222290039062,29752
2021-11-25,529.71875,595.0,604.4444580078125,585.5555419921875,604.4444580078125,40341
2021-11-26,529.71875,595.0,599.7222290039062,585.5555419921875,599.7222290039062,42352
2021-11-29,521.3104858398438,585.5555419921875,590.2777709960938,576.111083984375,580.8333129882812,84282
2021-11-30,525.5145874023438,590.2777709960938,595.0,580.8333129882812,585.5555419921875,55482
2021-12-01,504.4940185546875,566.6666870117188,599.7222290039062,566.6666870117188,590.2777709960938,95823
2021-12-02,504.4940185546875,566.6666870117188,613.888916015625,566.6666870117188,613.888916015625,98364
2021-12-03,512.9022216796875,576.111083984375,576.111083984375,561.9444580078125,571.388916015625,38858
2021-12-06,517.1063232421875,580.8333129882812,604.4444580078125,561.9444580078125,585.5555419921875,69141
2021-12-07,487.67755126953125,547.7777709960938,580.8333129882812,543.0555419921875,580.8333129882812,395047
2021-12-08,466.656982421875,524.1666870117188,547.7777709960938,519.4444580078125,547.7777709960938,138070
2021-12-09,475.065185546875,533.611083984375,547.7777709960938,519.4444580078125,538.3333129882812,101752
2021-12-10,479.269287109375,538.3333129882812,543.0555419921875,528.888916015625,528.888916015625,111070
2021-12-13,487.67755126953125,547.7777709960938,552.5,538.3333129882812,538.3333129882812,15352
2021-12-14,491.88165283203125,552.5,561.9444580078125,547.7777709960938,547.7777709960938,13764
2021-12-15,487.67755126953125,547.7777709960938,561.9444580078125,538.3333129882812,547.7777709960938,13447
2021-12-16,491.88165283203125,552.5,566.6666870117188,543.0555419921875,547.7777709960938,14823
2021-12-17,491.88165283203125,552.5,557.2222290039062,547.7777709960938,552.5,31023
2021-12-20,500.2899169921875,561.9444580078125,561.9444580078125,538.3333129882812,557.2222290039062,12176
2021-12-21,496.08575439453125,557.2222290039062,561.9444580078125,538.3333129882812,561.9444580078125,10058
2021-12-22,496.08575439453125,557.2222290039062,557.2222290039062,547.7777709960938,547.7777709960938,15564
2021-12-23,496.08575439453125,557.2222290039062,557.2222290039062,547.7777709960938,547.7777709960938,3705
2021-12-24,496.08575439453125,557.2222290039062,557.2222290039062,538.3333129882812,557.2222290039062,12282
2021-12-27,491.88165283203125,552.5,557.2222290039062,552.5,557.2222290039062,3600
2021-12-28,475.065185546875,533.611083984375,552.5,528.888916015625,552.5,103129
2021-12-29,470.8611145019531,528.888916015625,538.3333129882812,528.888916015625,538.3333129882812,39917
2021-12-30,470.8611145019531,528.888916015625,533.611083984375,528.888916015625,533.611083984375,339035
2022-01-03,475.065185546875,533.611083984375,533.611083984375,528.888916015625,528.888916015625,56329
2022-01-04,483.4734191894531,543.0555419921875,543.0555419921875,524.1666870117188,533.611083984375,76447
2022-01-05,487.67755126953125,547.7777709960938,547.7777709960938,538.3333129882812,543.0555419921875,32823
2022-01-06,483.4734191894531,543.0555419921875,547.7777709960938,528.888916015625,547.7777709960938,38858
2022-01-07,479.269287109375,538.3333129882812,538.3333129882812,524.1666870117188,538.3333129882812,5400
2022-01-10,479.269287109375,538.3333129882812,538.3333129882812,524.1666870117188,538.3333129882812,36423
2022-01-11,479.269287109375,538.3333129882812,538.3333129882812,519.4444580078125,528.888916015625,61305
2022-01-12,470.8611145019531,528.888916015625,533.611083984375,519.4444580078125,528.888916015625,27529
2022-01-13,466.656982421875,524.1666870117188,524.1666870117188,500.5555419921875,524.1666870117188,30917
2022-01-14,479.269287109375,538.3333129882812,561.9444580078125,519.4444580078125,524.1666870117188,15564
2022-01-17,462.4528503417969,519.4444580078125,538.3333129882812,514.7222290039062,538.3333129882812,43200
2022-01-18,466.656982421875,524.1666870117188,538.3333129882812,514.7222290039062,524.1666870117188,24670
2022-01-19,466.656982421875,524.1666870117188,528.888916015625,514.7222290039062,524.1666870117188,16517
2022-01-20,466.656982421875,524.1666870117188,528.888916015625,514.7222290039062,524.1666870117188,12388
2022-01-21,466.656982421875,524.1666870117188,528.888916015625,510.0,519.4444580078125,72317
2022-01-24,462.4528503417969,519.4444580078125,524.1666870117188,510.0,519.4444580078125,6988
2022-01-25,462.4528503417969,519.4444580078125,533.611083984375,510.0,519.4444580078125,20117
2022-01-26,466.656982421875,524.1666870117188,524.1666870117188,505.27777099609375,514.7222290039062,17470
2022-01-27,462.4528503417969,519.4444580078125,524.1666870117188,500.5555419921875,514.7222290039062,9423
2022-01-28,466.656982421875,524.1666870117188,524.1666870117188,514.7222290039062,519.4444580078125,2752
2022-01-31,466.656982421875,524.1666870117188,524.1666870117188,519.4444580078125,524.1666870117188,9423
2022-02-02,475.065185546875,533.611083984375,533.611083984375,524.1666870117188,524.1666870117188,9529
2022-02-03,470.8611145019531,528.888916015625,538.3333129882812,519.4444580078125,519.4444580078125,24141
2022-02-04,462.4528503417969,519.4444580078125,528.888916015625,510.0,528.888916015625,27741
2022-02-07,470.8611145019531,528.888916015625,528.888916015625,519.4444580078125,519.4444580078125,27211
2022-02-08,475.065185546875,533.611083984375,533.611083984375,524.1666870117188,524.1666870117188,26682
2022-02-09,466.656982421875,524.1666870117188,538.3333129882812,524.1666870117188,533.611083984375,16835
2022-02-10,470.8611145019531,528.888916015625,538.3333129882812,524.1666870117188,528.888916015625,11011
2022-02-11,466.656982421875,524.1666870117188,528.888916015625,500.5555419921875,528.888916015625,107364
2022-02-14,466.656982421875,524.1666870117188,524.1666870117188,514.7222290039062,524.1666870117188,152047
2022-02-15,466.656982421875,524.1666870117188,524.1666870117188,519.4444580078125,519.4444580078125,2541
2022-02-16,470.8611145019531,528.888916015625,538.3333129882812,514.7222290039062,524.1666870117188,6247
2022-02-17,466.656982421875,524.1666870117188,528.888916015625,510.0,524.1666870117188,10588
2022-02-18,466.656982421875,524.1666870117188,528.888916015625,510.0,524.1666870117188,7305
2022-02-21,462.4528503417969,519.4444580078125,528.888916015625,510.0,510.0,11329
2022-02-22,462.4528503417969,519.4444580078125,519.4444580078125,510.0,519.4444580078125,19694
2022-02-23,470.8611145019531,528.888916015625,528.888916015625,519.4444580078125,519.4444580078125,7200
2022-02-24,466.656982421875,524.1666870117188,528.888916015625,514.7222290039062,528.888916015625,11964
2022-02-25,475.065185546875,533.611083984375,533.611083984375,524.1666870117188,528.888916015625,44682
2022-03-01,479.269287109375,538.3333129882812,538.3333129882812,528.888916015625,533.611083984375,24670
2022-03-02,466.656982421875,524.1666870117188,533.611083984375,519.4444580078125,533.611083984375,24564
2022-03-04,487.67755126953125,547.7777709960938,557.2222290039062,524.1666870117188,524.1666870117188,27741
2022-03-07,462.4528503417969,519.4444580078125,547.7777709960938,519.4444580078125,547.7777709960938,45847
2022-03-08,470.8611145019531,528.888916015625,538.3333129882812,519.4444580078125,519.4444580078125,34729
2022-03-09,470.8611145019531,528.888916015625,528.888916015625,519.4444580078125,528.888916015625,40658
2022-03-10,475.065185546875,533.611083984375,543.0555419921875,528.888916015625,538.3333129882812,13764
2022-03-11,475.065185546875,533.611083984375,533.611083984375,524.1666870117188,533.611083984375,11541
2022-03-14,475.065185546875,533.611083984375,533.611083984375,519.4444580078125,533.611083984375,4447
2022-03-15,470.8611145019531,528.888916015625,533.611083984375,519.4444580078125,533.611083984375,5294
2022-03-16,470.8611145019531,528.888916015625,528.888916015625,524.1666870117188,528.888916015625,4552
2022-03-17,475.065185546875,533.611083984375,533.611083984375,519.4444580078125,524.1666870117188,18423
2022-03-18,475.065185546875,533.611083984375,533.611083984375,519.4444580078125,533.611083984375,16729
2022-03-21,475.065185546875,533.611083984375,533.611083984375,524.1666870117188,533.611083984375,2858
2022-03-22,470.8611145019531,528.888916015625,528.888916015625,519.4444580078125,524.1666870117188,7623
2022-03-23,475.065185546875,533.611083984375,533.611083984375,524.1666870117188,528.888916015625,4129
2022-03-24,475.065185546875,533.611083984375,533.611083984375,524.1666870117188,533.611083984375,8894
2022-03-25,475.065185546875,533.611083984375,533.611083984375,500.5555419921875,533.611083984375,106305
2022-03-28,470.8611145019531,528.888916015625,543.0555419921875,524.1666870117188,533.611083984375,21494
2022-03-29,470.8611145019531,528.888916015625,538.3333129882812,524.1666870117188,528.888916015625,17788
2022-03-30,462.4528503417969,519.4444580078125,538.3333129882812,519.4444580078125,524.1666870117188,15141
2022-03-31,470.8611145019531,528.888916015625,533.611083984375,519.4444580078125,519.4444580078125,54317
2022-04-01,466.656982421875,524.1666870117188,528.888916015625,519.4444580078125,528.888916015625,12282
2022-04-04,466.656982421875,524.1666870117188,528.888916015625,519.4444580078125,524.1666870117188,13447
2022-04-05,475.065185546875,533.611083984375,538.3333129882812,524.1666870117188,528.888916015625,13658
2022-04-06,470.8611145019531,528.888916015625,528.888916015625,524.1666870117188,528.888916015625,31341
2022-04-07,470.8611145019531,528.888916015625,528.888916015625,524.1666870117188,528.888916015625,9635
2022-04-08,466.656982421875,524.1666870117188,524.1666870117188,514.7222290039062,524.1666870117188,22341
2022-04-11,470.8611145019531,528.888916015625,528.888916015625,514.7222290039062,519.4444580078125,140505
2022-04-12,458.24871826171875,514.7222290039062,524.1666870117188,505.27777099609375,519.4444580078125,83964
2022-04-13,462.4528503417969,519.4444580078125,519.4444580078125,505.27777099609375,514.7222290039062,15776
2022-04-14,458.24871826171875,514.7222290039062,519.4444580078125,510.0,519.4444580078125,85129
2022-04-18,458.24871826171875,514.7222290039062,519.4444580078125,505.27777099609375,519.4444580078125,21388
2022-04-19,458.24871826171875,514.7222290039062,524.1666870117188,491.1111145019531,514.7222290039062,96988
2022-04-20,462.4528503417969,519.4444580078125,524.1666870117188,514.7222290039062,519.4444580078125,16729
2022-04-21,470.8611145019531,528.888916015625,528.888916015625,514.7222290039062,519.4444580078125,2647
2022-04-22,458.24871826171875,514.7222290039062,519.4444580078125,514.7222290039062,519.4444580078125,37588
2022-04-25,454.04461669921875,510.0,510.0,481.6666564941406,510.0,44364
2022-04-26,454.04461669921875,510.0,510.0,500.5555419921875,510.0,22764
2022-04-27,454.04461669921875,510.0,514.7222290039062,505.27777099609375,514.7222290039062,1800
2022-04-28,454.04461669921875,510.0,510.0,500.5555419921875,505.27777099609375,109482
2022-05-09,458.24871826171875,514.7222290039062,528.888916015625,510.0,514.7222290039062,97199
2022-05-10,462.4528503417969,519.4444580078125,528.888916015625,514.7222290039062,514.7222290039062,112976
2022-05-11,470.8611145019531,528.888916015625,528.888916015625,514.7222290039062,519.4444580078125,80682
2022-05-12,466.656982421875,524.1666870117188,528.888916015625,519.4444580078125,528.888916015625,15670
2022-05-13,470.8611145019531,528.888916015625,528.888916015625,510.0,519.4444580078125,59611
2022-05-17,470.8611145019531,528.888916015625,528.888916015625,519.4444580078125,528.888916015625,52517
2022-05-18,466.656982421875,524.1666870117188,528.888916015625,514.7222290039062,528.888916015625,93705
2022-05-19,470.8611145019531,528.888916015625,528.888916015625,514.7222290039062,519.4444580078125,28164
2022-05-20,462.4528503417969,519.4444580078125,533.611083984375,519.4444580078125,519.4444580078125,14929
2022-05-23,466.656982421875,524.1666870117188,524.1666870117188,519.4444580078125,519.4444580078125,20117
2022-05-24,462.4528503417969,519.4444580078125,524.1666870117188,519.4444580078125,524.1666870117188,38541
2022-05-25,462.4528503417969,519.4444580078125,519.4444580078125,514.7222290039062,519.4444580078125,59717
2022-05-27,483.4734191894531,543.0555419921875,623.3333129882812,519.4444580078125,519.4444580078125,269999
2022-05-30,491.88165283203125,552.5,552.5,519.4444580078125,543.0555419921875,206999
2022-05-31,491.88165283203125,552.5,552.5,538.3333129882812,552.5,98999
2022-06-02,613.8010864257812,689.4444580078125,689.4444580078125,576.111083984375,613.888916015625,3005999
2022-06-03,609.596923828125,684.7222290039062,760.2777709960938,646.9444580078125,750.8333129882812,1791952
2022-06-06,613.8010864257812,689.4444580078125,741.388916015625,665.8333129882812,694.1666870117188,409658
2022-06-07,622.2092895507812,698.888916015625,722.5,680.0,698.888916015625,325270
2022-06-08,605.392822265625,680.0,708.3333129882812,680.0,703.611083984375,331305
2022-06-09,622.2092895507812,698.888916015625,703.611083984375,661.111083984375,680.0,261741
2022-06-10,613.8010864257812,689.4444580078125,708.3333129882812,661.111083984375,708.3333129882812,164011
2022-06-13,584.3722534179688,656.388916015625,698.888916015625,646.9444580078125,698.888916015625,161258
2022-06-14,592.7804565429688,665.8333129882812,665.8333129882812,613.888916015625,646.9444580078125,1478329
2022-06-15,580.1680908203125,651.6666870117188,684.7222290039062,623.3333129882812,665.8333129882812,1128811
2022-06-16,580.1680908203125,651.6666870117188,656.388916015625,613.888916015625,651.6666870117188,336705
2022-06-17,567.5557250976562,637.5,651.6666870117188,618.611083984375,651.6666870117188,189529
2022-06-20,571.7598876953125,642.2222290039062,642.2222290039062,609.1666870117188,637.5,278152
2022-06-21,575.9639892578125,646.9444580078125,646.9444580078125,613.888916015625,642.2222290039062,219811
2022-06-22,542.3311157226562,609.1666870117188,646.9444580078125,609.1666870117188,646.9444580078125,1446035
2022-06-23,542.3311157226562,609.1666870117188,642.2222290039062,599.7222290039062,613.888916015625,283552
2022-06-24,563.3516845703125,632.7777709960938,642.2222290039062,604.4444580078125,609.1666870117188,404894
2022-06-27,584.3722534179688,656.388916015625,680.0,637.5,637.5,606070
2022-06-28,596.9845581054688,670.5555419921875,680.0,656.388916015625,656.388916015625,110647
2022-06-29,592.7804565429688,665.8333129882812,680.0,656.388916015625,670.5555419921875,59399
2022-06-30,592.7804565429688,665.8333129882812,670.5555419921875,646.9444580078125,670.5555419921875,51035
2022-07-01,554.9434204101562,623.3333129882812,661.111083984375,623.3333129882812,651.6666870117188,230399
2022-07-04,554.9434204101562,623.3333129882812,623.3333129882812,580.8333129882812,618.611083984375,282494
2022-07-05,563.3516845703125,632.7777709960938,642.2222290039062,618.611083984375,623.3333129882812,116682
2022-07-06,550.7393188476562,618.611083984375,632.7777709960938,613.888916015625,632.7777709960938,33458
2022-07-07,563.3516845703125,632.7777709960938,646.9444580078125,609.1666870117188,618.611083984375,157447
2022-07-08,567.5557250976562,637.5,642.2222290039062,623.3333129882812,632.7777709960938,39600
2022-07-11,571.7598876953125,642.2222290039062,642.2222290039062,632.7777709960938,637.5,85447
2022-07-12,584.3722534179688,656.388916015625,661.111083984375,637.5,642.2222290039062,91799
2022-07-13,580.1680908203125,651.6666870117188,656.388916015625,623.3333129882812,656.388916015625,31658
2022-07-14,567.5557250976562,637.5,642.2222290039062,632.7777709960938,642.2222290039062,16729
2022-07-15,559.1475219726562,628.0555419921875,642.2222290039062,628.0555419921875,642.2222290039062,43411
2022-07-18,563.3516845703125,632.7777709960938,637.5,623.3333129882812,632.7777709960938,31341
2022-07-19,563.3516845703125,632.7777709960938,656.388916015625,618.611083984375,632.7777709960938,63105
2022-07-20,567.5557250976562,637.5,642.2222290039062,623.3333129882812,632.7777709960938,252211
2022-07-21,575.9639892578125,646.9444580078125,661.111083984375,613.888916015625,637.5,122823
2022-07-22,567.5557250976562,637.5,646.9444580078125,623.3333129882812,646.9444580078125,67129
2022-07-25,571.7598876953125,642.2222290039062,642.2222290039062,628.0555419921875,637.5,83858
2022-07-26,580.1680908203125,651.6666870117188,651.6666870117188,628.0555419921875,632.7777709960938,86188
2022-07-27,571.7598876953125,642.2222290039062,651.6666870117188,632.7777709960938,651.6666870117188,76552
2022-07-28,575.9639892578125,646.9444580078125,646.9444580078125,637.5,642.2222290039062,56329
2022-07-29,580.1680908203125,651.6666870117188,651.6666870117188,642.2222290039062,646.9444580078125,45423
2022-08-01,584.3722534179688,656.388916015625,661.111083984375,646.9444580078125,651.6666870117188,225635
2022-08-02,584.3722534179688,656.388916015625,661.111083984375,642.2222290039062,656.388916015625,147070
2022-08-03,588.5762939453125,661.111083984375,661.111083984375,651.6666870117188,656.388916015625,532376
2022-08-04,588.5762939453125,661.111083984375,680.0,651.6666870117188,665.8333129882812,235799
2022-08-05,588.5762939453125,661.111083984375,661.111083984375,642.2222290039062,661.111083984375,46694
2022-08-08,588.5762939453125,661.111083984375,661.111083984375,642.2222290039062,661.111083984375,76023
2022-08-09,584.3722534179688,656.388916015625,661.111083984375,651.6666870117188,656.388916015625,97623
2022-08-10,592.7804565429688,665.8333129882812,665.8333129882812,646.9444580078125,656.388916015625,29647
2022-08-11,584.3722534179688,656.388916015625,665.8333129882812,651.6666870117188,665.8333129882812,76658
2022-08-12,588.5762939453125,661.111083984375,665.8333129882812,646.9444580078125,646.9444580078125,142199
2022-08-15,588.5762939453125,661.111083984375,661.111083984375,646.9444580078125,661.111083984375,47223
2022-08-16,575.9639892578125,646.9444580078125,661.111083984375,637.5,661.111083984375,199799
2022-08-18,571.7598876953125,642.2222290039062,651.6666870117188,637.5,651.6666870117188,151305
2022-08-19,575.9639892578125,646.9444580078125,646.9444580078125,637.5,642.2222290039062,84705
2022-08-22,580.1680908203125,651.6666870117188,651.6666870117188,628.0555419921875,646.9444580078125,112870
2022-08-23,580.1680908203125,651.6666870117188,656.388916015625,632.7777709960938,651.6666870117188,43835
2022-08-24,575.9639892578125,646.9444580078125,651.6666870117188,623.3333129882812,642.2222290039062,47647
2022-08-25,571.7598876953125,642.2222290039062,646.9444580078125,609.1666870117188,618.611083984375,60247
2022-08-26,580.1680908203125,651.6666870117188,651.6666870117188,632.7777709960938,642.2222290039062,62576
2022-08-29,575.9639892578125,646.9444580078125,646.9444580078125,618.611083984375,646.9444580078125,102705
2022-08-30,584.3722534179688,656.388916015625,656.388916015625,637.5,637.5,96458
2022-08-31,588.5762939453125,661.111083984375,689.4444580078125,651.6666870117188,661.111083984375,943623
2022-09-01,601.1886596679688,675.2777709960938,684.7222290039062,656.388916015625,675.2777709960938,650117
2022-09-02,596.9845581054688,670.5555419921875,684.7222290039062,661.111083984375,680.0,338929
2022-09-05,601.1886596679688,675.2777709960938,675.2777709960938,661.111083984375,670.5555419921875,146541
2022-09-06,596.9845581054688,670.5555419921875,675.2777709960938,661.111083984375,675.2777709960938,562447
2022-09-07,592.7804565429688,665.8333129882812,670.5555419921875,661.111083984375,670.5555419921875,341576
2022-09-08,596.9845581054688,670.5555419921875,675.2777709960938,661.111083984375,675.2777709960938,117529
2022-09-09,592.7804565429688,665.8333129882812,670.5555419921875,661.111083984375,665.8333129882812,101964
2022-09-12,588.5762939453125,661.111083984375,670.5555419921875,651.6666870117188,665.8333129882812,368788
2022-09-13,588.5762939453125,661.111083984375,661.111083984375,651.6666870117188,661.111083984375,227752
2022-09-14,584.3722534179688,656.388916015625,661.111083984375,637.5,661.111083984375,124517
2022-09-15,588.5762939453125,661.111083984375,670.5555419921875,656.388916015625,656.388916015625,73588
2022-09-16,584.3722534179688,656.388916015625,661.111083984375,651.6666870117188,661.111083984375,253905
2022-09-19,643.2298583984375,722.5,746.111083984375,651.6666870117188,651.6666870117188,2144858
2022-09-20,634.8216552734375,713.0555419921875,741.388916015625,689.4444580078125,727.2222290039062,785647
2022-09-21,634.8216552734375,713.0555419921875,736.6666870117188,680.0,727.2222290039062,596752
2022-09-22,634.8216552734375,713.0555419921875,713.0555419921875,680.0,698.888916015625,101647
2022-09-23,630.6174926757812,708.3333129882812,713.0555419921875,689.4444580078125,713.0555419921875,93705
2022-09-26,596.9845581054688,670.5555419921875,708.3333129882812,661.111083984375,708.3333129882812,560964
2022-09-27,601.1886596679688,675.2777709960938,689.4444580078125,661.111083984375,661.111083984375,55270
2022-09-28,596.9845581054688,670.5555419921875,680.0,656.388916015625,675.2777709960938,737258
2022-09-29,588.5762939453125,661.111083984375,675.2777709960938,651.6666870117188,675.2777709960938,343270
2022-09-30,571.7598876953125,642.2222290039062,646.9444580078125,618.611083984375,646.9444580078125,700517
2022-10-03,571.7598876953125,642.2222290039062,642.2222290039062,618.611083984375,637.5,117847
2022-10-04,575.9639892578125,646.9444580078125,661.111083984375,642.2222290039062,642.2222290039062,223199
2022-10-05,584.3722534179688,656.388916015625,665.8333129882812,642.2222290039062,651.6666870117188,24141
2022-10-06,584.3722534179688,656.388916015625,661.111083984375,646.9444580078125,656.388916015625,71258
2022-10-07,580.1680908203125,651.6666870117188,656.388916015625,637.5,656.388916015625,201705
2022-10-10,567.5557250976562,637.5,642.2222290039062,632.7777709960938,637.5,366564
2022-10-11,571.7598876953125,642.2222290039062,642.2222290039062,632.7777709960938,637.5,86611
2022-10-12,559.1475219726562,628.0555419921875,642.2222290039062,628.0555419921875,642.2222290039062,624705
2022-10-13,567.5557250976562,637.5,637.5,623.3333129882812,628.0555419921875,79729
2022-10-14,554.9434204101562,623.3333129882812,642.2222290039062,623.3333129882812,637.5,55799
2022-10-17,559.1475219726562,628.0555419921875,628.0555419921875,613.888916015625,623.3333129882812,170470
2022-10-18,550.7393188476562,618.611083984375,628.0555419921875,613.888916015625,623.3333129882812,180423
2022-10-19,550.7393188476562,618.611083984375,642.2222290039062,613.888916015625,613.888916015625,87564
2022-10-20,563.3516845703125,632.7777709960938,637.5,618.611083984375,618.611083984375,95188
2022-10-21,563.3516845703125,632.7777709960938,632.7777709960938,623.3333129882812,632.7777709960938,105352
2022-10-24,563.3516845703125,632.7777709960938,632.7777709960938,618.611083984375,632.7777709960938,46482
2022-10-25,554.9434204101562,623.3333129882812,632.7777709960938,613.888916015625,632.7777709960938,138811
2022-10-26,563.3516845703125,632.7777709960938,632.7777709960938,623.3333129882812,623.3333129882812,23505
2022-10-27,567.5557250976562,637.5,642.2222290039062,618.611083984375,623.3333129882812,120917
2022-10-28,588.5762939453125,661.111083984375,665.8333129882812,637.5,637.5,583199
2022-10-31,584.3722534179688,656.388916015625,684.7222290039062,651.6666870117188,661.111083984375,301552
2022-11-01,588.5762939453125,661.111083984375,670.5555419921875,646.9444580078125,661.111083984375,257399
2022-11-02,588.5762939453125,661.111083984375,661.111083984375,651.6666870117188,661.111083984375,66282
2022-11-03,588.5762939453125,661.111083984375,661.111083984375,637.5,661.111083984375,248717
2022-11-04,580.1680908203125,651.6666870117188,651.6666870117188,642.2222290039062,642.2222290039062,79941
2022-11-07,571.7598876953125,642.2222290039062,651.6666870117188,637.5,646.9444580078125,79517
2022-11-08,580.1680908203125,651.6666870117188,651.6666870117188,642.2222290039062,646.9444580078125,25305
2022-11-09,575.9639892578125,646.9444580078125,646.9444580078125,637.5,646.9444580078125,75282
2022-11-10,575.9639892578125,646.9444580078125,651.6666870117188,637.5,646.9444580078125,41611
2022-11-11,571.7598876953125,642.2222290039062,651.6666870117188,637.5,642.2222290039062,81529
2022-11-14,571.7598876953125,642.2222290039062,651.6666870117188,637.5,642.2222290039062,38541
2022-11-15,567.5557250976562,637.5,646.9444580078125,637.5,642.2222290039062,45105
2022-11-16,571.7598876953125,642.2222290039062,646.9444580078125,637.5,642.2222290039062,52729
2022-11-17,575.9639892578125,646.9444580078125,646.9444580078125,632.7777709960938,646.9444580078125,79305
2022-11-18,580.1680908203125,651.6666870117188,656.388916015625,646.9444580078125,651.6666870117188,64058
2022-11-21,580.1680908203125,651.6666870117188,656.388916015625,651.6666870117188,656.388916015625,15141
2022-11-22,575.9639892578125,646.9444580078125,656.388916015625,642.2222290039062,646.9444580078125,108847
2022-11-23,575.9639892578125,646.9444580078125,651.6666870117188,632.7777709960938,646.9444580078125,141352
2022-11-24,580.1680908203125,651.6666870117188,651.6666870117188,637.5,637.5,11541
2022-11-25,580.1680908203125,651.6666870117188,651.6666870117188,642.2222290039062,646.9444580078125,22235
2022-11-28,580.1680908203125,651.6666870117188,656.388916015625,637.5,651.6666870117188,38117
2022-11-29,584.3722534179688,656.388916015625,656.388916015625,646.9444580078125,651.6666870117188,119117
2022-11-30,584.3722534179688,656.388916015625,661.111083984375,642.2222290039062,656.388916015625,34729
2022-12-01,584.3722534179688,656.388916015625,670.5555419921875,656.388916015625,665.8333129882812,356717
2022-12-02,588.5762939453125,661.111083984375,675.2777709960938,661.111083984375,661.111083984375,297529
2022-12-05,588.5762939453125,661.111083984375,670.5555419921875,661.111083984375,665.8333129882812,144635
2022-12-06,575.9639892578125,646.9444580078125,670.5555419921875,628.0555419921875,661.111083984375,284294
2022-12-07,575.9639892578125,646.9444580078125,646.9444580078125,637.5,646.9444580078125,31341
2022-12-08,571.7598876953125,642.2222290039062,646.9444580078125,632.7777709960938,637.5,45211
2022-12-09,571.7598876953125,642.2222290039062,642.2222290039062,632.7777709960938,642.2222290039062,38541
2022-12-12,580.1680908203125,651.6666870117188,651.6666870117188,632.7777709960938,642.2222290039062,25411
2022-12-13,575.9639892578125,646.9444580078125,651.6666870117188,642.2222290039062,651.6666870117188,37376
2022-12-14,571.7598876953125,642.2222290039062,642.2222290039062,632.7777709960938,632.7777709960938,47752
2022-12-15,575.9639892578125,646.9444580078125,651.6666870117188,637.5,651.6666870117188,74011
2022-12-16,575.9639892578125,646.9444580078125,646.9444580078125,642.2222290039062,646.9444580078125,3917
2022-12-19,575.9639892578125,646.9444580078125,656.388916015625,637.5,642.2222290039062,66282
2022-12-20,567.5557250976562,637.5,642.2222290039062,628.0555419921875,642.2222290039062,105352
2022-12-21,563.3516845703125,632.7777709960938,642.2222290039062,632.7777709960938,642.2222290039062,24670
2022-12-22,559.1475219726562,628.0555419921875,642.2222290039062,623.3333129882812,632.7777709960938,134152
2022-12-23,571.7598876953125,642.2222290039062,642.2222290039062,618.611083984375,628.0555419921875,61623
2022-12-26,563.3516845703125,632.7777709960938,637.5,632.7777709960938,637.5,6141
2022-12-27,571.7598876953125,642.2222290039062,646.9444580078125,632.7777709960938,632.7777709960938,46799
2022-12-28,571.7598876953125,642.2222290039062,642.2222290039062,623.3333129882812,637.5,19588
2022-12-29,567.5557250976562,637.5,637.5,632.7777709960938,632.7777709960938,16941
2022-12-30,571.7598876953125,642.2222290039062,642.2222290039062,637.5,642.2222290039062,8788
2023-01-02,567.5557250976562,637.5,637.5,628.0555419921875,632.7777709960938,7517
2023-01-03,567.5557250976562,637.5,637.5,632.7777709960938,637.5,163905
2023-01-04,559.1475219726562,628.0555419921875,637.5,623.3333129882812,628.0555419921875,43200
2023-01-05,550.7393188476562,618.611083984375,637.5,618.611083984375,628.0555419921875,83117
2023-01-06,563.3516845703125,632.7777709960938,632.7777709960938,604.4444580078125,623.3333129882812,17788
2023-01-09,554.9434204101562,623.3333129882812,623.3333129882812,618.611083984375,623.3333129882812,16411
2023-01-10,563.3516845703125,632.7777709960938,632.7777709960938,613.888916015625,628.0555419921875,28164
2023-01-11,554.9434204101562,623.3333129882812,632.7777709960938,609.1666870117188,632.7777709960938,23929
2023-01-12,554.9434204101562,623.3333129882812,628.0555419921875,604.4444580078125,618.611083984375,44258
2023-01-13,554.9434204101562,623.3333129882812,628.0555419921875,613.888916015625,623.3333129882812,41188
2023-01-16,550.7393188476562,618.611083984375,628.0555419921875,613.888916015625,613.888916015625,22341
2023-01-17,550.7393188476562,618.611083984375,632.7777709960938,613.888916015625,628.0555419921875,46164
2023-01-18,542.3311157226562,609.1666870117188,623.3333129882812,604.4444580078125,613.888916015625,91058
2023-01-19,550.7393188476562,618.611083984375,618.611083984375,609.1666870117188,613.888916015625,15882
2023-01-20,550.7393188476562,618.611083984375,623.3333129882812,609.1666870117188,609.1666870117188,89152
2023-01-24,550.7393188476562,618.611083984375,618.611083984375,609.1666870117188,618.611083984375,55905
2023-01-25,546.5352172851562,613.888916015625,628.0555419921875,609.1666870117188,618.611083984375,38858
2023-01-26,546.5352172851562,613.888916015625,623.3333129882812,609.1666870117188,613.888916015625,57176
2023-01-27,550.7393188476562,618.611083984375,618.611083984375,613.888916015625,613.888916015625,105882
2023-01-30,550.7393188476562,618.611083984375,623.3333129882812,609.1666870117188,618.611083984375,95929
2023-01-31,546.5352172851562,613.888916015625,618.611083984375,613.888916015625,618.611083984375,37058
2023-02-01,546.5352172851562,613.888916015625,623.3333129882812,613.888916015625,618.611083984375,23505
2023-02-02,563.3516845703125,632.7777709960938,637.5,609.1666870117188,618.611083984375,183705
2023-02-03,554.9434204101562,623.3333129882812,632.7777709960938,623.3333129882812,632.7777709960938,30705
2023-02-06,559.1475219726562,628.0555419921875,637.5,623.3333129882812,623.3333129882812,85658
2023-02-07,567.5557250976562,637.5,632.7777709960938,623.3333129882812,628.0555419921875,36635
2023-02-08,571.7598876953125,642.2222290039062,646.9444580078125,623.3333129882812,637.5,74752
2023-02-09,567.5557250976562,637.5,651.6666870117188,628.0555419921875,642.2222290039062,9635
2023-02-10,559.1475219726562,628.0555419921875,651.6666870117188,628.0555419921875,637.5,43411
2023-02-13,567.5557250976562,637.5,646.9444580078125,632.7777709960938,637.5,13976
2023-02-14,575.9639892578125,646.9444580078125,646.9444580078125,632.7777709960938,632.7777709960938,8682
2023-02-15,559.1475219726562,628.0555419921875,646.9444580078125,623.3333129882812,646.9444580078125,31976
2023-02-16,571.7598876953125,642.2222290039062,642.2222290039062,623.3333129882812,628.0555419921875,135317
2023-02-17,571.7598876953125,642.2222290039062,642.2222290039062,642.2222290039062,642.2222290039062,20117
2023-02-20,571.7598876953125,642.2222290039062,646.9444580078125,637.5,642.2222290039062,38964
2023-02-21,575.9639892578125,646.9444580078125,651.6666870117188,632.7777709960938,642.2222290039062,133199
2023-02-22,575.9639892578125,646.9444580078125,646.9444580078125,628.0555419921875,642.2222290039062,94870
2023-02-23,575.9639892578125,646.9444580078125,646.9444580078125,628.0555419921875,628.0555419921875,5294
2023-02-24,571.7598876953125,642.2222290039062,642.2222290039062,632.7777709960938,637.5,25729
2023-02-27,567.5557250976562,637.5,642.2222290039062,637.5,642.2222290039062,2011
2023-02-28,571.7598876953125,642.2222290039062,642.2222290039062,623.3333129882812,632.7777709960938,40129
2023-03-01,571.7598876953125,642.2222290039062,642.2222290039062,628.0555419921875,642.2222290039062,129599
2023-03-02,567.5557250976562,637.5,642.2222290039062,632.7777709960938,642.2222290039062,43411
2023-03-03,575.9639892578125,646.9444580078125,651.6666870117188,637.5,637.5,67552
2023-03-06,580.1680908203125,651.6666870117188,651.6666870117188,637.5,646.9444580078125,10482
2023-03-07,575.9639892578125,646.9444580078125,646.9444580078125,628.0555419921875,637.5,18000
2023-03-08,567.5557250976562,637.5,646.9444580078125,632.7777709960938,646.9444580078125,75070
2023-03-09,571.7598876953125,642.2222290039062,646.9444580078125,632.7777709960938,637.5,13023
2023-03-10,580.1680908203125,651.6666870117188,670.5555419921875,642.2222290039062,642.2222290039062,435917
2023-03-13,563.3516845703125,632.7777709960938,661.111083984375,632.7777709960938,651.6666870117188,108635
2023-03-14,575.9639892578125,646.9444580078125,651.6666870117188,609.1666870117188,632.7777709960938,114035
2023-03-15,563.3516845703125,632.7777709960938,646.9444580078125,632.7777709960938,632.7777709960938,17047
2023-03-16,550.7393188476562,618.611083984375,632.7777709960938,590.2777709960938,628.0555419921875,144211
2023-03-17,559.1475219726562,628.0555419921875,632.7777709960938,609.1666870117188,609.1666870117188,29117
2023-03-20,567.5557250976562,637.5,651.6666870117188,609.1666870117188,628.0555419921875,76447
2023-03-21,567.5557250976562,637.5,637.5,613.888916015625,613.888916015625,1588
2023-03-24,567.5557250976562,637.5,637.5,618.611083984375,618.611083984375,8258
2023-03-27,575.9639892578125,646.9444580078125,646.9444580078125,632.7777709960938,632.7777709960938,55270
2023-03-28,554.9434204101562,623.3333129882812,642.2222290039062,623.3333129882812,623.3333129882812,1800
2023-03-29,567.5557250976562,637.5,637.5,628.0555419921875,628.0555419921875,17364
2023-03-30,571.7598876953125,642.2222290039062,651.6666870117188,637.5,637.5,27847
2023-03-31,571.7598876953125,642.2222290039062,646.9444580078125,623.3333129882812,623.3333129882812,94341
2023-04-03,554.9434204101562,623.3333129882812,637.5,599.7222290039062,637.5,112447
2023-04-04,546.5352172851562,613.888916015625,628.0555419921875,604.4444580078125,628.0555419921875,515117
2023-04-05,546.5352172851562,613.888916015625,613.888916015625,604.4444580078125,613.888916015625,132776
2023-04-06,538.126953125,604.4444580078125,613.888916015625,599.7222290039062,613.888916015625,15670
2023-04-10,538.126953125,604.4444580078125,609.1666870117188,599.7222290039062,604.4444580078125,49552
2023-04-11,542.3311157226562,609.1666870117188,632.7777709960938,595.0,599.7222290039062,146435
2023-04-12,542.3311157226562,609.1666870117188,613.888916015625,595.0,609.1666870117188,102811
2023-04-13,542.3311157226562,609.1666870117188,609.1666870117188,599.7222290039062,599.7222290039062,1588
2023-04-14,546.5352172851562,613.888916015625,613.888916015625,599.7222290039062,599.7222290039062,2435
2023-04-17,550.7393188476562,618.611083984375,618.611083984375,604.4444580078125,613.888916015625,4870
2023-04-18,550.7393188476562,618.611083984375,623.3333129882812,599.7222290039062,618.611083984375,38647
2023-04-26,542.3311157226562,609.1666870117188,618.611083984375,595.0,599.7222290039062,73164
2023-04-27,542.3311157226562,609.1666870117188,613.888916015625,590.2777709960938,613.888916015625,110011
2023-04-28,533.9228515625,599.7222290039062,618.611083984375,599.7222290039062,609.1666870117188,24988
2023-05-02,512.9022216796875,576.111083984375,613.888916015625,576.111083984375,613.888916015625,299223
2023-05-03,483.4734191894531,543.0555419921875,576.111083984375,538.3333129882812,576.111083984375,303352
2023-05-04,479.269287109375,538.3333129882812,552.5,524.1666870117188,543.0555419921875,104505
2023-05-05,479.269287109375,538.3333129882812,543.0555419921875,533.611083984375,538.3333129882812,14082
2023-05-08,475.065185546875,533.611083984375,538.3333129882812,528.888916015625,538.3333129882812,18105
2023-05-09,466.656982421875,524.1666870117188,533.611083984375,510.0,533.611083984375,88094
2023-05-10,466.656982421875,524.1666870117188,528.888916015625,519.4444580078125,528.888916015625,26788
2023-05-11,483.4734191894531,543.0555419921875,543.0555419921875,514.7222290039062,519.4444580078125,143788
2023-05-12,475.065185546875,533.611083984375,552.5,528.888916015625,538.3333129882812,20858
2023-05-15,470.8611145019531,528.888916015625,538.3333129882812,500.5555419921875,538.3333129882812,103447
2023-05-16,470.8611145019531,528.888916015625,528.888916015625,519.4444580078125,528.888916015625,31447
2023-05-17,470.8611145019531,528.888916015625,533.611083984375,519.4444580078125,533.611083984375,58341
2023-05-19,458.24871826171875,514.7222290039062,533.611083984375,510.0,528.888916015625,54741
2023-05-22,458.24871826171875,514.7222290039062,524.1666870117188,495.8333435058594,514.7222290039062,74011
2023-05-23,462.4528503417969,519.4444580078125,519.4444580078125,505.27777099609375,514.7222290039062,22658
2023-05-24,466.656982421875,524.1666870117188,524.1666870117188,510.0,519.4444580078125,24247
2023-05-25,496.08575439453125,557.2222290039062,576.111083984375,528.888916015625,533.611083984375,244376
2023-05-26,462.4528503417969,519.4444580078125,566.6666870117188,519.4444580078125,566.6666870117188,170576
2023-05-29,479.269287109375,538.3333129882812,538.3333129882812,519.4444580078125,524.1666870117188,24458
2023-05-30,466.656982421875,524.1666870117188,538.3333129882812,514.7222290039062,538.3333129882812,70305
2023-05-31,462.4528503417969,519.4444580078125,524.1666870117188,510.0,524.1666870117188,12070
2023-06-05,470.8611145019531,528.888916015625,533.611083984375,510.0,519.4444580078125,14611
2023-06-06,466.656982421875,524.1666870117188,524.1666870117188,510.0,524.1666870117188,40764
2023-06-07,462.4528503417969,519.4444580078125,528.888916015625,519.4444580078125,528.888916015625,8894
2023-06-08,475.065185546875,533.611083984375,533.611083984375,519.4444580078125,519.4444580078125,15141
2023-06-09,470.8611145019531,528.888916015625,533.611083984375,528.888916015625,533.611083984375,6352
2023-06-12,466.656982421875,524.1666870117188,533.611083984375,510.0,528.888916015625,133199
2023-06-13,466.656982421875,524.1666870117188,528.888916015625,524.1666870117188,524.1666870117188,16200
2023-06-14,466.656982421875,524.1666870117188,533.611083984375,519.4444580078125,524.1666870117188,3705
2023-06-15,466.656982421875,524.1666870117188,524.1666870117188,524.1666870117188,524.1666870117188,13235
2023-06-16,470.8611145019531,528.888916015625,528.888916015625,514.7222290039062,524.1666870117188,47435
2023-06-19,466.656982421875,524.1666870117188,524.1666870117188,510.0,510.0,37588
2023-06-20,462.4528503417969,519.4444580078125,519.4444580078125,514.7222290039062,519.4444580078125,36741
2023-06-21,487.67755126953125,547.7777709960938,557.2222290039062,519.4444580078125,519.4444580078125,216952
2023-06-22,483.4734191894531,543.0555419921875,547.7777709960938,528.888916015625,547.7777709960938,12811
2023-06-23,475.065185546875,533.611083984375,547.7777709960938,528.888916015625,547.7777709960938,20117
2023-06-26,479.269287109375,538.3333129882812,543.0555419921875,524.1666870117188,533.611083984375,30070
2023-06-27,483.4734191894531,543.0555419921875,547.7777709960938,533.611083984375,543.0555419921875,47541
2023-07-03,483.4734191894531,543.0555419921875,543.0555419921875,528.888916015625,538.3333129882812,108105
2023-07-04,496.08575439453125,557.2222290039062,561.9444580078125,538.3333129882812,543.0555419921875,137011
2023-07-05,483.4734191894531,543.0555419921875,561.9444580078125,538.3333129882812,557.2222290039062,304094
2023-07-06,491.88165283203125,552.5,580.8333129882812,543.0555419921875,561.9444580078125,194929
2023-07-07,504.4940185546875,566.6666870117188,576.111083984375,561.9444580078125,561.9444580078125,108635
2023-07-10,483.4734191894531,543.0555419921875,566.6666870117188,543.0555419921875,566.6666870117188,218435
2023-07-11,494.1073913574219,555.0,575.0,540.0,575.0,82400
2023-07-12,503.0102233886719,565.0,565.0,550.0,555.0,52200
2023-07-13,498.55877685546875,560.0,565.0,550.0,565.0,30300
2023-07-14,494.1073913574219,555.0,560.0,540.0,560.0,249200
2023-07-17,489.65594482421875,550.0,555.0,540.0,545.0,122800
2023-07-18,489.65594482421875,550.0,555.0,545.0,550.0,24200
2023-07-20,485.2045593261719,545.0,550.0,545.0,550.0,39800
2023-07-21,498.55877685546875,560.0,595.0,550.0,550.0,71200
2023-07-24,494.1073913574219,555.0,565.0,555.0,560.0,40800
2023-07-25,503.0102233886719,565.0,585.0,555.0,555.0,9000
2023-07-26,507.46160888671875,570.0,570.0,550.0,560.0,86700
2023-07-27,507.46160888671875,570.0,570.0,560.0,570.0,39100
2023-07-28,494.1073913574219,555.0,570.0,540.0,570.0,35300
2023-07-31,498.55877685546875,560.0,560.0,550.0,555.0,12800
2023-08-01,498.55877685546875,560.0,565.0,540.0,550.0,199000
2023-08-02,489.65594482421875,550.0,555.0,545.0,550.0,20700
2023-08-03,489.65594482421875,550.0,550.0,545.0,550.0,69900
2023-08-04,485.2045593261719,545.0,550.0,540.0,545.0,22100
2023-08-07,485.2045593261719,545.0,550.0,540.0,545.0,69900
2023-08-08,489.65594482421875,550.0,550.0,540.0,545.0,8200
2023-08-09,480.75311279296875,540.0,550.0,530.0,550.0,159700
2023-08-10,480.75311279296875,540.0,565.0,530.0,540.0,157400
2023-08-11,485.2045593261719,545.0,545.0,535.0,540.0,18400
2023-08-14,485.2045593261719,545.0,545.0,535.0,535.0,70500
2023-08-15,485.2045593261719,545.0,545.0,530.0,545.0,73700
2023-08-16,476.30169677734375,535.0,545.0,535.0,545.0,151800
2023-08-18,480.75311279296875,540.0,540.0,530.0,535.0,34800
2023-08-21,471.85028076171875,530.0,540.0,530.0,540.0,71400
2023-08-22,467.39886474609375,525.0,535.0,525.0,530.0,216100
2023-08-23,462.94744873046875,520.0,525.0,520.0,525.0,155500
2023-08-24,462.94744873046875,520.0,525.0,515.0,520.0,86200
2023-08-25,462.94744873046875,520.0,525.0,515.0,520.0,19300
2023-08-28,462.94744873046875,520.0,525.0,515.0,525.0,21100
2023-08-29,467.39886474609375,525.0,565.0,515.0,525.0,167000
2023-08-30,467.39886474609375,525.0,525.0,525.0,525.0,14700
2023-08-31,462.94744873046875,520.0,525.0,515.0,520.0,129900
2023-09-01,467.39886474609375,525.0,525.0,520.0,525.0,10000
2023-09-04,471.85028076171875,530.0,530.0,520.0,520.0,24200
2023-09-05,462.94744873046875,520.0,525.0,520.0,525.0,158000
2023-09-06,462.94744873046875,520.0,520.0,520.0,520.0,42200
2023-09-07,467.39886474609375,525.0,525.0,510.0,520.0,73400
2023-09-08,462.94744873046875,520.0,520.0,515.0,520.0,84800
2023-09-11,462.94744873046875,520.0,520.0,515.0,520.0,66200
2023-09-12,467.39886474609375,525.0,525.0,515.0,520.0,47600
2023-09-13,467.39886474609375,525.0,525.0,515.0,520.0,47000
2023-09-14,467.39886474609375,525.0,525.0,515.0,520.0,24200
2023-09-15,467.39886474609375,525.0,525.0,520.0,525.0,107400
2023-09-18,467.39886474609375,525.0,525.0,515.0,525.0,62500
2023-09-19,467.39886474609375,525.0,525.0,515.0,525.0,15200
2023-09-20,467.39886474609375,525.0,530.0,520.0,525.0,6300
2023-09-21,462.94744873046875,520.0,520.0,515.0,520.0,155100
2023-09-22,467.39886474609375,525.0,525.0,520.0,520.0,69400
2023-09-25,467.39886474609375,525.0,525.0,520.0,520.0,17400
2023-09-26,467.39886474609375,525.0,525.0,520.0,525.0,26100
2023-09-27,458.49603271484375,515.0,525.0,510.0,525.0,48700
2023-09-29,462.94744873046875,520.0,525.0,515.0,515.0,46900
2023-10-02,462.94744873046875,520.0,525.0,515.0,515.0,71900
2023-10-03,462.94744873046875,520.0,550.0,515.0,515.0,187900
2023-10-04,458.49603271484375,515.0,520.0,515.0,515.0,43800
2023-10-05,458.49603271484375,515.0,525.0,515.0,520.0,34600
2023-10-06,462.94744873046875,520.0,520.0,515.0,515.0,100600
2023-10-09,471.85028076171875,530.0,555.0,520.0,520.0,101900
2023-10-10,471.85028076171875,530.0,545.0,525.0,530.0,4500
2023-10-11,476.30169677734375,535.0,550.0,530.0,530.0,3000
2023-10-12,467.39886474609375,525.0,530.0,520.0,530.0,8600
2023-10-13,462.94744873046875,520.0,530.0,505.0,525.0,113600
2023-10-16,462.94744873046875,520.0,520.0,515.0,520.0,40300
2023-10-17,462.94744873046875,520.0,520.0,515.0,520.0,7300
2023-10-18,462.94744873046875,520.0,530.0,515.0,520.0,44600
2023-10-19,458.49603271484375,515.0,515.0,510.0,515.0,21700
2023-10-20,458.49603271484375,515.0,515.0,498.0,515.0,114100
2023-10-23,458.49603271484375,515.0,515.0,500.0,510.0,28500
2023-10-24,454.04461669921875,510.0,515.0,510.0,515.0,14800
2023-10-25,462.94744873046875,520.0,520.0,515.0,515.0,7000
2023-10-26,458.49603271484375,515.0,520.0,510.0,520.0,7500
2023-10-27,458.49603271484375,515.0,515.0,500.0,510.0,12900
2023-10-30,458.49603271484375,515.0,520.0,505.0,505.0,52800
2023-10-31,445.14178466796875,500.0,515.0,496.0,515.0,178300
2023-11-01,467.39886474609375,525.0,625.0,510.0,515.0,3245600
2023-11-02,498.55877685546875,560.0,595.0,525.0,525.0,699300
2023-11-03,503.0102233886719,565.0,600.0,565.0,565.0,219900
2023-11-06,507.46160888671875,570.0,595.0,560.0,595.0,77400
2023-11-07,511.9130554199219,575.0,575.0,560.0,565.0,12600
2023-11-08,507.46160888671875,570.0,575.0,555.0,560.0,10000
2023-11-09,498.55877685546875,560.0,570.0,550.0,570.0,42700
2023-11-10,507.46160888671875,570.0,570.0,555.0,570.0,6900
2023-11-13,511.9130554199219,575.0,580.0,550.0,570.0,13600
2023-11-14,494.1073913574219,555.0,565.0,550.0,565.0,46400
2023-11-15,503.0102233886719,565.0,565.0,550.0,555.0,7100
2023-11-16,503.0102233886719,565.0,565.0,550.0,555.0,8900
2023-11-17,503.0102233886719,565.0,570.0,550.0,565.0,14000
2023-11-20,498.55877685546875,560.0,565.0,530.0,565.0,60100
2023-11-21,494.1073913574219,555.0,560.0,545.0,560.0,9600
2023-11-22,494.1073913574219,555.0,565.0,550.0,555.0,24700
2023-11-23,498.55877685546875,560.0,560.0,550.0,550.0,20800
2023-11-24,498.55877685546875,560.0,560.0,540.0,560.0,37900
2023-11-27,494.1073913574219,555.0,560.0,550.0,560.0,27300
2023-11-28,498.55877685546875,560.0,560.0,550.0,555.0,81700
2023-11-29,494.1073913574219,555.0,560.0,540.0,560.0,90700
2023-11-30,494.1073913574219,555.0,555.0,540.0,540.0,6400
2023-12-01,494.1073913574219,555.0,555.0,545.0,545.0,16000
2023-12-04,489.65594482421875,550.0,555.0,535.0,555.0,108700
2023-12-05,480.75311279296875,540.0,555.0,540.0,550.0,45000
2023-12-06,480.75311279296875,540.0,550.0,540.0,540.0,79400
2023-12-07,485.2045593261719,545.0,545.0,530.0,540.0,54300
2023-12-08,489.65594482421875,550.0,550.0,550.0,550.0,2100
2023-12-11,480.75311279296875,540.0,540.0,530.0,540.0,7500
2023-12-12,480.75311279296875,540.0,540.0,530.0,540.0,20700
2023-12-13,489.65594482421875,550.0,560.0,540.0,540.0,9100
2023-12-14,489.65594482421875,550.0,550.0,540.0,550.0,1400
2023-12-15,485.2045593261719,545.0,555.0,540.0,550.0,11500
2023-12-18,489.65594482421875,550.0,560.0,535.0,540.0,21700
2023-12-19,485.2045593261719,545.0,545.0,545.0,545.0,600
2023-12-20,485.2045593261719,545.0,550.0,530.0,550.0,42900
2023-12-21,489.65594482421875,550.0,550.0,530.0,545.0,15800
2023-12-22,485.2045593261719,545.0,550.0,535.0,550.0,10200
2023-12-27,489.65594482421875,550.0,550.0,545.0,545.0,9600
2023-12-28,476.30169677734375,535.0,550.0,530.0,545.0,111100
2023-12-29,480.75311279296875,540.0,540.0,525.0,535.0,13800
2024-01-02,485.2045593261719,545.0,560.0,540.0,545.0,19500
2024-01-03,489.65594482421875,550.0,550.0,545.0,550.0,4700
2024-01-04,489.65594482421875,550.0,565.0,540.0,540.0,6700
2024-01-05,494.1073913574219,555.0,555.0,545.0,550.0,32200
2024-01-08,485.2045593261719,545.0,545.0,535.0,545.0,28100
2024-01-09,485.2045593261719,545.0,545.0,535.0,545.0,37200
2024-01-10,489.65594482421875,550.0,550.0,540.0,540.0,3700
2024-01-11,489.65594482421875,550.0,550.0,535.0,540.0,25600
2024-01-12,485.2045593261719,545.0,545.0,535.0,535.0,5600
2024-01-15,485.2045593261719,545.0,550.0,540.0,540.0,13500
2024-01-16,485.2045593261719,545.0,560.0,545.0,550.0,38900
2024-01-17,494.1073913574219,555.0,555.0,540.0,545.0,6000
2024-01-18,489.65594482421875,550.0,550.0,530.0,550.0,106100
2024-01-19,489.65594482421875,550.0,560.0,540.0,540.0,3900
2024-01-22,489.65594482421875,550.0,550.0,545.0,550.0,10700
2024-01-23,489.65594482421875,550.0,550.0,540.0,540.0,4400
2024-01-24,485.2045593261719,545.0,545.0,535.0,535.0,5700
2024-01-25,485.2045593261719,545.0,545.0,540.0,540.0,13300
2024-01-26,485.2045593261719,545.0,545.0,535.0,535.0,10500
2024-01-29,476.30169677734375,535.0,545.0,535.0,535.0,109300
2024-01-30,485.2045593261719,545.0,545.0,535.0,540.0,2900
2024-01-31,480.75311279296875,540.0,540.0,535.0,540.0,14000
2024-02-01,480.75311279296875,540.0,540.0,535.0,540.0,2100
2024-02-02,480.75311279296875,540.0,540.0,535.0,540.0,10200
2024-02-05,480.75311279296875,540.0,540.0,535.0,535.0,23000
2024-02-06,485.2045593261719,545.0,545.0,535.0,540.0,17500
2024-02-07,485.2045593261719,545.0,545.0,535.0,535.0,24600
2024-02-12,485.2045593261719,545.0,545.0,535.0,535.0,9100
2024-02-13,485.2045593261719,545.0,545.0,535.0,535.0,88500
2024-02-15,485.2045593261719,545.0,545.0,535.0,540.0,10700
2024-02-16,485.2045593261719,545.0,545.0,535.0,535.0,27400
2024-02-19,480.75311279296875,540.0,545.0,535.0,540.0,20200
2024-02-20,485.2045593261719,545.0,545.0,540.0,540.0,6200
2024-02-21,480.75311279296875,540.0,540.0,535.0,540.0,6700
2024-02-22,485.2045593261719,545.0,545.0,535.0,540.0,11500
2024-02-23,485.2045593261719,545.0,585.0,540.0,545.0,33600
2024-02-26,489.65594482421875,550.0,550.0,540.0,545.0,7900
2024-02-27,489.65594482421875,550.0,550.0,540.0,550.0,2400
2024-02-28,485.2045593261719,545.0,550.0,535.0,550.0,82100
2024-02-29,480.75311279296875,540.0,545.0,535.0,535.0,8600
2024-03-01,511.9130554199219,575.0,585.0,545.0,545.0,245400
2024-03-04,498.55877685546875,560.0,575.0,545.0,575.0,22300
2024-03-05,520.81591796875,585.0,585.0,545.0,545.0,204900
2024-03-06,538.6215209960938,605.0,615.0,560.0,585.0,222900
2024-03-07,538.6215209960938,605.0,615.0,585.0,615.0,22100
2024-03-08,538.6215209960938,605.0,610.0,560.0,585.0,102100
2024-03-13,525.2672729492188,590.0,605.0,570.0,570.0,44700
2024-03-14,525.2672729492188,590.0,595.0,575.0,575.0,2800
2024-03-15,529.71875,595.0,605.0,580.0,600.0,55300
2024-03-18,538.6215209960938,605.0,605.0,590.0,600.0,128300
2024-03-19,529.71875,595.0,600.0,590.0,600.0,11600
2024-03-20,529.71875,595.0,595.0,585.0,595.0,97600
2024-03-21,525.2672729492188,590.0,590.0,570.0,575.0,33600
2024-03-22,525.2672729492188,590.0,590.0,580.0,580.0,18600
2024-03-25,525.2672729492188,590.0,600.0,575.0,600.0,18100
2024-03-26,525.2672729492188,590.0,590.0,570.0,590.0,40500
2024-03-27,525.2672729492188,590.0,590.0,570.0,585.0,30400
2024-03-28,525.2672729492188,590.0,590.0,580.0,585.0,86600
2024-04-01,538.6215209960938,605.0,610.0,535.0,535.0,112500
2024-04-02,480.75311279296875,540.0,590.0,530.0,590.0,456700
2024-04-03,507.46160888671875,570.0,575.0,530.0,550.0,329500
2024-04-04,511.9130554199219,575.0,575.0,545.0,565.0,71900
2024-04-05,503.0102233886719,565.0,575.0,540.0,575.0,20400
2024-04-16,489.65594482421875,550.0,560.0,545.0,560.0,55400
2024-04-17,485.2045593261719,545.0,550.0,540.0,550.0,13700
2024-04-18,485.2045593261719,545.0,545.0,535.0,540.0,25500
2024-04-19,480.75311279296875,540.0,540.0,535.0,535.0,4000
2024-04-22,476.30169677734375,535.0,545.0,535.0,535.0,12800
2024-04-23,480.75311279296875,540.0,540.0,535.0,535.0,2000
2024-04-24,480.75311279296875,540.0,540.0,525.0,540.0,31800
2024-04-25,471.85028076171875,530.0,545.0,530.0,530.0,20500
2024-04-26,471.85028076171875,530.0,540.0,525.0,530.0,16000
2024-04-29,476.30169677734375,535.0,535.0,515.0,530.0,189700
2024-04-30,476.30169677734375,535.0,535.0,535.0,535.0,100
2024-05-02,471.85028076171875,530.0,555.0,500.0,540.0,169700
2024-05-03,471.85028076171875,530.0,530.0,520.0,530.0,3200
2024-05-06,458.49603271484375,515.0,525.0,515.0,525.0,8900
2024-05-07,467.39886474609375,525.0,525.0,510.0,515.0,42800
2024-05-08,454.04461669921875,510.0,525.0,500.0,525.0,50300
2024-05-13,467.39886474609375,525.0,530.0,510.0,515.0,19500
2024-05-14,467.39886474609375,525.0,525.0,515.0,515.0,3400
2024-05-15,471.85028076171875,530.0,530.0,515.0,525.0,13800
2024-05-16,471.85028076171875,530.0,530.0,510.0,520.0,5200
2024-05-17,454.04461669921875,510.0,515.0,500.0,515.0,105700
2024-05-20,449.59320068359375,505.0,520.0,500.0,510.0,44600
2024-05-21,454.04461669921875,510.0,510.0,500.0,510.0,346800
2024-05-22,458.49603271484375,515.0,520.0,500.0,505.0,95700
2024-05-27,476.30169677734375,535.0,545.0,515.0,520.0,179700
2024-05-28,480.75311279296875,540.0,540.0,530.0,540.0,47500
2024-05-29,480.75311279296875,540.0,540.0,530.0,540.0,61300
2024-05-30,476.30169677734375,535.0,540.0,505.0,540.0,59700
2024-05-31,471.85028076171875,530.0,535.0,520.0,535.0,12900
2024-06-03,454.04461669921875,510.0,535.0,500.0,530.0,144000
2024-06-04,462.94744873046875,520.0,530.0,515.0,520.0,11000
2024-06-05,480.75311279296875,540.0,560.0,520.0,525.0,75800
2024-06-06,480.75311279296875,540.0,540.0,525.0,540.0,26300
2024-06-07,480.75311279296875,540.0,540.0,525.0,540.0,16300
2024-06-10,480.75311279296875,540.0,550.0,530.0,540.0,58900
2024-06-11,485.2045593261719,545.0,550.0,540.0,545.0,62000
2024-06-12,485.2045593261719,545.0,550.0,530.0,545.0,21700
2024-06-13,480.75311279296875,540.0,550.0,535.0,535.0,9200
2024-06-14,476.30169677734375,535.0,545.0,530.0,535.0,29600
2024-06-19,480.75311279296875,540.0,540.0,535.0,535.0,37400
2024-06-20,480.75311279296875,540.0,550.0,505.0,530.0,43700
2024-06-21,471.85028076171875,530.0,545.0,525.0,545.0,49600
2024-06-24,480.75311279296875,540.0,545.0,525.0,530.0,36200
2024-06-25,485.2045593261719,545.0,545.0,530.0,540.0,40400
2024-06-26,489.65594482421875,550.0,555.0,545.0,550.0,41400
2024-06-27,489.65594482421875,550.0,560.0,550.0,555.0,48700
2024-06-28,507.46160888671875,570.0,570.0,560.0,560.0,80300
2024-07-01,516.3644409179688,580.0,585.0,570.0,575.0,217800
2024-07-02,525.2672729492188,590.0,590.0,580.0,585.0,112800
2024-07-03,529.71875,595.0,600.0,590.0,590.0,132000
2024-07-04,534.1701049804688,600.0,605.0,590.0,595.0,162800
2024-07-05,543.0729370117188,610.0,610.0,595.0,600.0,227200
2024-07-08,551.975830078125,620.0,620.0,600.0,610.0,710500
2024-07-09,537.8225708007812,570.0,595.0,550.0,595.0,258900
2024-07-10,518.9515991210938,550.0,570.0,540.0,570.0,207100
2024-07-11,514.23388671875,545.0,550.0,535.0,550.0,23600
2024-07-12,514.23388671875,545.0,550.0,530.0,540.0,75200
2024-07-15,504.7983703613281,535.0,545.0,525.0,545.0,84900
2024-07-16,509.51611328125,540.0,545.0,525.0,545.0,9700
2024-07-17,504.7983703613281,535.0,545.0,535.0,540.0,49000
2024-07-18,514.23388671875,545.0,545.0,530.0,535.0,21900
2024-07-19,523.6693725585938,555.0,565.0,530.0,545.0,131600
2024-07-22,518.9515991210938,550.0,555.0,545.0,555.0,79700
2024-07-23,514.23388671875,545.0,555.0,545.0,550.0,10600
2024-07-24,504.7983703613281,535.0,550.0,535.0,545.0,6200
2024-07-25,518.9515991210938,550.0,555.0,535.0,540.0,25400
2024-07-26,523.6693725585938,555.0,555.0,540.0,550.0,3600
2024-07-29,528.3870849609375,560.0,560.0,540.0,545.0,108100
2024-07-30,528.3870849609375,560.0,560.0,540.0,560.0,52100
2024-07-31,518.9515991210938,550.0,560.0,545.0,550.0,25500
2024-08-01,542.5403442382812,575.0,600.0,560.0,580.0,124700
2024-08-02,542.5403442382812,575.0,575.0,565.0,575.0,34500
2024-08-05,528.3870849609375,560.0,580.0,550.0,575.0,55400
2024-08-06,537.8225708007812,570.0,580.0,560.0,580.0,35100
2024-08-07,547.258056640625,580.0,585.0,565.0,570.0,98800
2024-08-08,542.5403442382812,575.0,580.0,575.0,580.0,1700
2024-08-09,537.8225708007812,570.0,575.0,560.0,575.0,7100
2024-08-12,533.1048583984375,565.0,575.0,550.0,575.0,25400
2024-08-13,533.1048583984375,565.0,565.0,540.0,565.0,123300
2024-08-14,537.8225708007812,570.0,570.0,560.0,565.0,6700
2024-08-15,537.8225708007812,570.0,570.0,560.0,560.0,13600
2024-08-16,537.8225708007812,570.0,570.0,565.0,570.0,5100
2024-08-19,551.975830078125,585.0,600.0,565.0,575.0,76100
2024-08-20,547.258056640625,580.0,590.0,565.0,585.0,111800
2024-08-21,547.258056640625,580.0,580.0,575.0,580.0,9400
2024-08-22,551.975830078125,585.0,590.0,570.0,580.0,35600
2024-08-23,547.258056640625,580.0,585.0,580.0,580.0,17100
2024-08-26,547.258056640625,580.0,585.0,580.0,585.0,82600
2024-08-27,547.258056640625,580.0,590.0,565.0,590.0,201700
2024-08-28,547.258056640625,580.0,580.0,560.0,575.0,268600
2024-08-29,547.258056640625,580.0,590.0,570.0,580.0,27800
2024-08-30,542.5403442382812,575.0,585.0,555.0,580.0,248400
2024-09-02,537.8225708007812,570.0,580.0,565.0,575.0,128800
2024-09-03,537.8225708007812,570.0,575.0,565.0,570.0,62400
2024-09-04,542.5403442382812,575.0,575.0,570.0,570.0,2300
2024-09-05,547.258056640625,580.0,580.0,570.0,575.0,12200
2024-09-06,537.8225708007812,570.0,585.0,570.0,580.0,53500
2024-09-09,547.258056640625,580.0,580.0,570.0,570.0,20600
2024-09-10,542.5403442382812,575.0,575.0,565.0,575.0,39400
2024-09-11,542.5403442382812,575.0,575.0,565.0,575.0,43800
2024-09-12,542.5403442382812,575.0,575.0,565.0,575.0,5400
2024-09-13,537.8225708007812,570.0,570.0,565.0,570.0,27900
2024-09-17,542.5403442382812,575.0,575.0,565.0,565.0,74500
2024-09-18,537.8225708007812,570.0,575.0,565.0,570.0,28800
2024-09-19,542.5403442382812,575.0,575.0,570.0,575.0,14100
2024-09-20,547.258056640625,580.0,580.0,560.0,565.0,18600
2024-09-23,547.258056640625,580.0,580.0,570.0,580.0,21800
2024-09-24,566.1290283203125,600.0,625.0,570.0,580.0,260300
2024-09-25,561.4113159179688,595.0,600.0,585.0,585.0,80200
2024-09-26,561.4113159179688,595.0,600.0,585.0,595.0,9400
2024-09-27,570.8467407226562,605.0,615.0,595.0,595.0,88200
2024-09-30,566.1290283203125,600.0,610.0,600.0,610.0,125000
2024-10-01,561.4113159179688,595.0,600.0,590.0,595.0,5700
2024-10-02,561.4113159179688,595.0,600.0,585.0,600.0,9700
2024-10-03,561.4113159179688,595.0,595.0,595.0,595.0,5000
2024-10-04,533.1048583984375,565.0,595.0,565.0,595.0,207300
2024-10-07,547.258056640625,580.0,600.0,575.0,580.0,9600
2024-10-08,556.6935424804688,590.0,590.0,580.0,580.0,5500
2024-10-09,551.975830078125,585.0,590.0,575.0,590.0,9700
2024-10-10,556.6935424804688,590.0,590.0,580.0,585.0,28200
2024-10-11,561.4113159179688,595.0,595.0,590.0,590.0,1900
2024-10-14,561.4113159179688,595.0,610.0,580.0,595.0,26100
2024-10-15,561.4113159179688,595.0,595.0,585.0,595.0,7000
2024-10-16,556.6935424804688,590.0,595.0,570.0,595.0,45100
2024-10-17,561.4113159179688,595.0,595.0,575.0,585.0,33800
2024-10-18,566.1290283203125,600.0,605.0,585.0,585.0,29800
2024-10-21,561.4113159179688,595.0,610.0,590.0,600.0,72800
2024-10-22,566.1290283203125,600.0,605.0,595.0,595.0,18900
2024-10-23,566.1290283203125,600.0,610.0,600.0,600.0,118900
2024-10-24,570.8467407226562,605.0,615.0,600.0,605.0,61200
2024-10-25,566.1290283203125,600.0,610.0,595.0,605.0,86500
2024-10-28,566.1290283203125,600.0,615.0,600.0,600.0,71600
2024-10-29,566.1290283203125,600.0,615.0,595.0,600.0,82700
2024-10-30,566.1290283203125,600.0,610.0,600.0,610.0,62600
2024-10-31,556.6935424804688,590.0,615.0,590.0,610.0,78900
2024-11-01,570.8467407226562,605.0,605.0,595.0,595.0,28300
2024-11-04,566.1290283203125,600.0,605.0,590.0,605.0,47700
2024-11-05,566.1290283203125,600.0,600.0,590.0,600.0,29500
2024-11-06,566.1290283203125,600.0,600.0,595.0,600.0,19600
2024-11-07,542.5403442382812,575.0,605.0,575.0,600.0,282700
2024-11-08,551.975830078125,585.0,595.0,585.0,595.0,55700
2024-11-11,551.975830078125,585.0,605.0,580.0,585.0,5200
2024-11-12,561.4113159179688,595.0,595.0,580.0,595.0,23100
2024-11-13,547.258056640625,580.0,600.0,575.0,600.0,54000
2024-11-14,556.6935424804688,590.0,590.0,580.0,590.0,18500
2024-11-15,551.975830078125,585.0,590.0,585.0,590.0,1900
2024-11-18,551.975830078125,585.0,595.0,565.0,580.0,94800
2024-11-19,551.975830078125,585.0,585.0,570.0,570.0,600
2024-11-20,542.5403442382812,575.0,585.0,575.0,575.0,4400
2024-11-21,551.975830078125,585.0,585.0,575.0,585.0,3400
2024-11-22,542.5403442382812,575.0,585.0,575.0,585.0,36700
2024-11-25,542.5403442382812,575.0,575.0,570.0,575.0,8400
2024-11-26,542.5403442382812,575.0,575.0,565.0,575.0,4200
2024-11-28,551.975830078125,585.0,585.0,575.0,585.0,43700
2024-11-29,547.258056640625,580.0,580.0,575.0,580.0,1100
2024-12-02,542.5403442382812,575.0,580.0,570.0,580.0,3800
2024-12-03,547.258056640625,580.0,580.0,575.0,580.0,2300
2024-12-04,547.258056640625,580.0,580.0,565.0,580.0,3300
2024-12-05,533.1048583984375,565.0,580.0,565.0,580.0,28400
2024-12-06,542.5403442382812,575.0,590.0,570.0,590.0,216900
2024-12-09,547.258056640625,580.0,580.0,575.0,580.0,22200
2024-12-10,547.258056640625,580.0,580.0,575.0,580.0,21100
2024-12-11,547.258056640625,580.0,580.0,575.0,575.0,18000
2024-12-12,542.5403442382812,575.0,580.0,570.0,580.0,50400
2024-12-13,542.5403442382812,575.0,580.0,570.0,580.0,29100
2024-12-16,537.8225708007812,570.0,575.0,570.0,575.0,126000
2024-12-17,542.5403442382812,575.0,580.0,570.0,570.0,9800
2024-12-18,537.8225708007812,570.0,575.0,550.0,575.0,298300
2024-12-19,537.8225708007812,570.0,570.0,560.0,570.0,10700
2024-12-20,533.1048583984375,565.0,570.0,555.0,570.0,11600
2024-12-23,533.1048583984375,565.0,570.0,555.0,565.0,5800
2024-12-24,537.8225708007812,570.0,570.0,555.0,560.0,29700
2024-12-27,537.8225708007812,570.0,570.0,565.0,565.0,600
2024-12-30,537.8225708007812,570.0,570.0,565.0,570.0,6600
2025-01-02,537.8225708007812,570.0,570.0,565.0,570.0,7300
2025-01-03,537.8225708007812,570.0,575.0,570.0,575.0,3000
2025-01-06,542.5403442382812,575.0,575.0,555.0,565.0,7400
2025-01-07,542.5403442382812,575.0,575.0,555.0,575.0,2000
2025-01-08,537.8225708007812,570.0,580.0,565.0,580.0,1400
2025-01-09,537.8225708007812,570.0,570.0,560.0,570.0,5100
2025-01-10,537.8225708007812,570.0,570.0,560.0,560.0,700
2025-01-13,533.1048583984375,565.0,570.0,560.0,570.0,10500
2025-01-14,533.1048583984375,565.0,565.0,560.0,560.0,20900
2025-01-15,533.1048583984375,565.0,565.0,565.0,565.0,0
2025-01-16,533.1048583984375,565.0,565.0,565.0,565.0,900
2025-01-17,537.8225708007812,570.0,570.0,565.0,570.0,1400
2025-01-20,537.8225708007812,570.0,570.0,560.0,570.0,4000
2025-01-21,537.8225708007812,570.0,570.0,560.0,560.0,22900
2025-01-22,537.8225708007812,570.0,570.0,560.0,560.0,10600
2025-01-23,537.8225708007812,570.0,570.0,565.0,570.0,18200
2025-01-24,537.8225708007812,570.0,580.0,570.0,580.0,15600
2025-01-30,542.5403442382812,575.0,590.0,565.0,590.0,11000
2025-01-31,537.8225708007812,570.0,585.0,570.0,585.0,26500
2025-02-03,551.975830078125,585.0,585.0,565.0,570.0,15200
2025-02-04,542.5403442382812,575.0,585.0,575.0,585.0,1300
2025-02-05,551.975830078125,585.0,585.0,565.0,565.0,7200
2025-02-06,528.3870849609375,560.0,585.0,560.0,585.0,21000
2025-02-07,542.5403442382812,575.0,595.0,550.0,565.0,91300
2025-02-10,523.6693725585938,555.0,585.0,550.0,575.0,22100
2025-02-11,523.6693725585938,555.0,555.0,550.0,555.0,1600
2025-02-12,528.3870849609375,560.0,560.0,550.0,550.0,6200
2025-02-13,537.8225708007812,570.0,570.0,550.0,560.0,17900
2025-02-14,537.8225708007812,570.0,570.0,570.0,570.0,0
2025-02-17,528.3870849609375,560.0,560.0,550.0,560.0,20700
2025-02-18,537.8225708007812,570.0,570.0,555.0,560.0,10900
2025-02-19,533.1048583984375,565.0,565.0,555.0,555.0,2800
2025-02-20,528.3870849609375,560.0,565.0,555.0,565.0,4100
2025-02-21,523.6693725585938,555.0,560.0,550.0,560.0,47200
2025-02-24,528.3870849609375,560.0,560.0,555.0,560.0,3100
2025-02-25,518.9515991210938,550.0,560.0,550.0,560.0,5800
2025-02-26,533.1048583984375,565.0,580.0,565.0,580.0,4100
2025-02-27,509.51611328125,540.0,565.0,535.0,565.0,30600
2025-02-28,504.7983703613281,535.0,545.0,525.0,545.0,114200
2025-03-03,514.23388671875,545.0,545.0,530.0,535.0,52300
2025-03-04,509.51611328125,540.0,540.0,530.0,540.0,4100
2025-03-05,514.23388671875,545.0,545.0,530.0,540.0,1400
2025-03-06,518.9515991210938,550.0,550.0,535.0,535.0,5100
2025-03-07,518.9515991210938,550.0,550.0,535.0,550.0,3500
2025-03-10,518.9515991210938,550.0,550.0,550.0,550.0,300
2025-03-11,514.23388671875,545.0,550.0,540.0,540.0,6600
2025-03-12,518.9515991210938,550.0,550.0,545.0,545.0,500
2025-03-13,518.9515991210938,550.0,550.0,550.0,550.0,0
2025-03-14,518.9515991210938,550.0,565.0,530.0,550.0,22800
2025-03-17,518.9515991210938,550.0,555.0,545.0,550.0,6100
2025-03-18,514.23388671875,545.0,545.0,545.0,545.0,1200
2025-03-19,509.51611328125,540.0,540.0,535.0,540.0,27600
2025-03-20,509.51611328125,540.0,545.0,535.0,535.0,800
2025-03-21,514.23388671875,545.0,545.0,530.0,545.0,12100
2025-03-24,514.23388671875,545.0,545.0,535.0,545.0,8100
2025-03-25,514.23388671875,545.0,545.0,530.0,545.0,1100
2025-03-26,509.51611328125,540.0,570.0,525.0,545.0,3600
2025-03-27,518.9515991210938,550.0,565.0,535.0,540.0,3900
2025-04-08,500.08062744140625,530.0,545.0,525.0,540.0,181000
2025-04-09,518.9515991210938,550.0,575.0,530.0,540.0,29400
2025-04-10,528.3870849609375,560.0,570.0,545.0,545.0,8300
2025-04-11,523.6693725585938,555.0,565.0,535.0,565.0,10800
2025-04-14,523.6693725585938,555.0,565.0,550.0,550.0,30500
2025-04-15,542.5403442382812,575.0,580.0,555.0,555.0,173000
2025-04-16,537.8225708007812,570.0,570.0,555.0,570.0,19100
2025-04-17,537.8225708007812,570.0,570.0,565.0,570.0,700
2025-04-21,533.1048583984375,565.0,570.0,560.0,570.0,11000
2025-04-22,537.8225708007812,570.0,590.0,560.0,560.0,16600
2025-04-23,551.975830078125,585.0,630.0,570.0,570.0,314700
2025-04-24,551.975830078125,585.0,600.0,575.0,595.0,23400
2025-04-25,575.5645141601562,610.0,625.0,580.0,580.0,8000
2025-04-28,566.1290283203125,600.0,610.0,600.0,605.0,26300
2025-04-29,561.4113159179688,595.0,600.0,590.0,600.0,21700
2025-04-30,570.8467407226562,605.0,625.0,600.0,600.0,12800
2025-05-02,575.5645141601562,610.0,615.0,570.0,610.0,12700
2025-05-05,575.5645141601562,610.0,620.0,605.0,620.0,49800
2025-05-06,575.5645141601562,610.0,610.0,585.0,610.0,232300
2025-05-07,566.1290283203125,600.0,610.0,600.0,605.0,1700
2025-05-08,566.1290283203125,600.0,610.0,600.0,600.0,69300
2025-05-09,570.8467407226562,605.0,610.0,600.0,600.0,23300
2025-05-14,566.1290283203125,600.0,610.0,590.0,605.0,47600
2025-05-15,594.4354858398438,630.0,635.0,600.0,610.0,264100
2025-05-16,589.7177124023438,625.0,630.0,615.0,630.0,66200
2025-05-19,589.7177124023438,625.0,630.0,625.0,630.0,66100
2025-05-20,594.4354858398438,630.0,635.0,620.0,625.0,153100
2025-05-21,585.0,620.0,635.0,620.0,635.0,108800
2025-05-22,594.4354858398438,630.0,640.0,625.0,625.0,262700
2025-05-23,589.7177124023438,625.0,630.0,620.0,625.0,122200
2025-05-26,594.4354858398438,630.0,630.0,615.0,625.0,477700
2025-05-27,585.0,620.0,630.0,610.0,630.0,123600
2025-05-28,589.7177124023438,625.0,630.0,620.0,620.0,306200
2025-06-02,594.4354858398438,630.0,630.0,615.0,620.0,86900
2025-06-03,594.4354858398438,630.0,630.0,605.0,630.0,31900
2025-06-04,589.7177124023438,625.0,630.0,615.0,625.0,48800
2025-06-05,585.0,620.0,630.0,615.0,625.0,29800
2025-06-10,594.4354858398438,630.0,640.0,625.0,630.0,151300
2025-06-11,589.7177124023438,625.0,635.0,620.0,635.0,50600
2025-06-12,594.4354858398438,630.0,630.0,625.0,630.0,80400
2025-06-13,594.4354858398438,630.0,630.0,625.0,630.0,61500
2025-06-16,585.0,620.0,630.0,620.0,630.0,68100
2025-06-17,594.4354858398438,630.0,635.0,610.0,625.0,96700
2025-06-18,585.0,620.0,630.0,620.0,630.0,83500
2025-06-19,589.7177124023438,625.0,625.0,615.0,620.0,112100
2025-06-20,585.0,620.0,625.0,600.0,625.0,343800
2025-06-23,585.0,620.0,620.0,600.0,620.0,84300
2025-06-24,585.0,620.0,625.0,615.0,620.0,257900
2025-06-25,585.0,620.0,625.0,615.0,620.0,202400
2025-06-26,585.0,620.0,625.0,615.0,620.0,197800
2025-06-30,585.0,620.0,635.0,620.0,625.0,567200
2025-07-01,585.0,585.0,610.0,580.0,610.0,364000
2025-07-02,580.0,580.0,585.0,575.0,585.0,67700
2025-07-03,575.0,575.0,580.0,575.0,580.0,59100
2025-07-04,580.0,580.0,600.0,570.0,580.0,121500
2025-07-07,580.0,580.0,585.0,575.0,580.0,22600
2025-07-08,575.0,575.0,580.0,575.0,580.0,63600
2025-07-09,580.0,580.0,580.0,570.0,575.0,12600
2025-07-10,580.0,580.0,580.0,575.0,580.0,17500
2025-07-11,585.0,585.0,590.0,575.0,580.0,31700
2025-07-14,585.0,585.0,600.0,575.0,585.0,72100
2025-07-15,600.0,600.0,600.0,585.0,585.0,44200
2025-07-16,595.0,595.0,595.0,575.0,590.0,87500
2025-07-17,595.0,595.0,595.0,590.0,595.0,61600
2025-07-18,595.0,595.0,595.0,590.0,595.0,68100
2025-07-21,595.0,595.0,605.0,585.0,600.0,51200
2025-07-22,595.0,595.0,605.0,590.0,595.0,154600
2025-07-23,600.0,600.0,600.0,590.0,595.0,112600
2025-07-24,600.0,600.0,620.0,595.0,600.0,89900
2025-07-25,605.0,605.0,610.0,595.0,610.0,19500
2025-07-28,600.0,600.0,615.0,595.0,605.0,62700
2025-07-29,605.0,605.0,615.0,595.0,600.0,115500
2025-07-30,605.0,605.0,620.0,600.0,620.0,42500
2025-07-31,600.0,600.0,605.0,585.0,605.0,244400
2025-08-01,595.0,595.0,595.0,585.0,595.0,97300
2025-08-04,600.0,600.0,600.0,590.0,595.0,88800
2025-08-05,590.0,590.0,600.0,585.0,600.0,20000
2025-08-06,600.0,600.0,600.0,585.0,585.0,6200
2025-08-07,590.0,590.0,600.0,580.0,600.0,94500
2025-08-08,580.0,580.0,590.0,580.0,590.0,24500
2025-08-11,595.0,595.0,600.0,580.0,600.0,33100
2025-08-12,595.0,595.0,595.0,585.0,590.0,12700
2025-08-13,595.0,595.0,595.0,585.0,590.0,23100
2025-08-14,590.0,590.0,595.0,585.0,595.0,20600
2025-08-15,595.0,595.0,600.0,585.0,590.0,6300
2025-08-19,660.0,660.0,730.0,590.0,595.0,863500
2025-08-20,625.0,625.0,660.0,600.0,660.0,847000
2025-08-21,620.0,620.0,630.0,605.0,615.0,90000
2025-08-22,625.0,625.0,630.0,610.0,620.0,92900
2025-08-25,625.0,625.0,630.0,615.0,625.0,34100
2025-08-26,620.0,620.0,625.0,615.0,625.0,65900
2025-08-27,615.0,615.0,625.0,615.0,620.0,12200
2025-08-28,620.0,620.0,625.0,615.0,620.0,146100
2025-08-29,615.0,615.0,620.0,605.0,620.0,126600
2025-09-01,610.0,610.0,610.0,595.0,610.0,120400
2025-09-02,610.0,610.0,610.0,605.0,610.0,19900
2025-09-03,610.0,610.0,610.0,605.0,610.0,21900
2025-09-04,610.0,610.0,610.0,600.0,610.0,137300
2025-09-08,600.0,600.0,610.0,590.0,610.0,70400
2025-09-09,600.0,600.0,600.0,590.0,600.0,58500
2025-09-10,595.0,595.0,605.0,595.0,600.0,12700
2025-09-11,605.0,605.0,605.0,595.0,605.0,24700
2025-09-12,595.0,595.0,605.0,595.0,605.0,88400
2025-09-15,600.0,600.0,610.0,590.0,595.0,44700
2025-09-16,605.0,605.0,605.0,595.0,595.0,8500
2025-09-17,610.0,610.0,610.0,595.0,605.0,52100
2025-09-18,610.0,610.0,610.0,605.0,610.0,50100
2025-09-19,610.0,610.0,610.0,605.0,610.0,32000
2025-09-22,615.0,615.0,615.0,610.0,610.0,45500
2025-09-23,620.0,620.0,620.0,615.0,615.0,124400
2025-09-24,615.0,615.0,620.0,610.0,620.0,194000
2025-09-25,615.0,615.0,615.0,610.0,610.0,14300
2025-09-26,615.0,615.0,615.0,605.0,610.0,128200
2025-09-29,615.0,615.0,615.0,605.0,615.0,32600
2025-09-30,610.0,610.0,615.0,610.0,610.0,68400
2025-10-01,610.0,610.0,615.0,605.0,610.0,20400
2025-10-02,605.0,605.0,610.0,605.0,605.0,52400
2025-10-03,610.0,610.0,615.0,605.0,610.0,64500
2025-10-06,620.0,620.0,625.0,610.0,615.0,78000
2025-10-07,615.0,615.0,620.0,610.0,620.0,73500
2025-10-08,620.0,620.0,625.0,605.0,615.0,97000
2025-10-09,615.0,615.0,620.0,615.0,620.0,44200
2025-10-10,625.0,625.0,635.0,615.0,615.0,375400
2025-10-13,615.0,615.0,630.0,600.0,625.0,127900
2025-10-14,610.0,610.0,620.0,600.0,620.0,285200
2025-10-15,605.0,605.0,620.0,600.0,600.0,14400
2025-10-16,605.0,605.0,610.0,605.0,605.0,10200
2025-10-17,605.0,605.0,615.0,605.0,605.0,65100
2025-10-20,615.0,615.0,615.0,605.0,605.0,39100
2025-10-21,615.0,615.0,625.0,610.0,615.0,70200
2025-10-22,620.0,620.0,625.0,600.0,615.0,85200
2025-10-23,620.0,620.0,625.0,620.0,620.0,70900
2025-10-24,620.0,620.0,630.0,620.0,625.0,57100
2025-10-27,615.0,615.0,630.0,615.0,620.0,205300
2025-10-28,625.0,625.0,625.0,615.0,615.0,44600
2025-10-29,625.0,625.0,630.0,610.0,625.0,79000
2025-10-30,625.0,625.0,625.0,605.0,620.0,140800
2025-10-31,620.0,620.0,620.0,615.0,615.0,9500
2025-11-03,645.0,645.0,650.0,625.0,635.0,471000
2025-11-04,670.0,670.0,680.0,630.0,645.0,644100
2025-11-05,645.0,645.0,690.0,640.0,670.0,330900
2025-11-06,650.0,650.0,680.0,650.0,665.0,86500
2025-11-07,660.0,660.0,695.0,650.0,675.0,117500
2025-11-10,670.0,670.0,680.0,665.0,670.0,176100
2025-11-11,670.0,670.0,680.0,655.0,680.0,64100
2025-11-12,670.0,670.0,670.0,650.0,665.0,131600
2025-11-13,655.0,655.0,670.0,650.0,665.0,91800
2025-11-14,665.0,665.0,665.0,650.0,665.0,23600
2025-11-17,655.0,655.0,665.0,650.0,665.0,80500
2025-11-18,650.0,650.0,655.0,640.0,655.0,84800
2025-11-19,640.0,640.0,645.0,630.0,640.0,109600
2025-11-20,635.0,635.0,640.0,630.0,640.0,106400
2025-11-21,635.0,635.0,655.0,630.0,630.0,126500
2025-11-24,645.0,645.0,655.0,635.0,640.0,36600
2025-11-25,640.0,640.0,645.0,640.0,645.0,43300
2025-11-26,640.0,640.0,640.0,635.0,640.0,12700
2025-11-27,640.0,640.0,640.0,630.0,640.0,34700
2025-11-28,635.0,635.0,640.0,630.0,640.0,10400
2025-12-01,640.0,640.0,650.0,630.0,635.0,286300
2025-12-02,645.0,645.0,650.0,630.0,635.0,204200
2025-12-03,655.0,655.0,660.0,635.0,640.0,192700
2025-12-04,655.0,655.0,655.0,645.0,650.0,427800
2025-12-05,660.0,660.0,665.0,645.0,655.0,163400
2025-12-08,670.0,670.0,675.0,655.0,665.0,136300
2025-12-09,775.0,775.0,835.0,655.0,670.0,5579600
2025-12-10,740.0,740.0,770.0,690.0,770.0,1690700
2025-12-11,770.0,770.0,795.0,705.0,740.0,613900
2025-12-12,800.0,800.0,820.0,710.0,770.0,589600
2025-12-15,750.0,750.0,795.0,735.0,795.0,340400
2025-12-16,755.0,755.0,775.0,730.0,750.0,80800
2025-12-17,715.0,715.0,755.0,685.0,755.0,402400
2025-12-18,715.0,715.0,740.0,700.0,715.0,68700
2025-12-19,725.0,725.0,755.0,700.0,715.0,165200
2025-12-22,740.0,740.0,750.0,700.0,730.0,103500
2025-12-23,715.0,715.0,735.0,705.0,730.0,41000
2025-12-24,730.0,730.0,745.0,720.0,730.0,44300
2025-12-29,745.0,745.0,745.0,710.0,745.0,207700
2025-12-30,730.0,730.0,750.0,705.0,745.0,209700
