Date,Adj Close,Close,High,Low,Open,Volume
2020-01-02,55.51186752319336,68.7684326171875,71.31541442871094,67.91944122314453,68.7684326171875,584692
2020-01-03,56.882530212402344,70.46641540527344,71.31541442871094,68.7684326171875,68.7684326171875,262075
2020-01-06,55.51186752319336,68.7684326171875,69.61742401123047,67.91944122314453,68.7684326171875,161956
2020-01-07,56.882530212402344,70.46641540527344,70.46641540527344,67.91944122314453,67.91944122314453,436752
2020-01-08,56.19719314575195,69.61742401123047,71.31541442871094,61.97649002075195,61.97649002075195,1469152
2020-01-09,56.19719314575195,69.61742401123047,76.40937042236328,68.7684326171875,68.7684326171875,4264581
2020-01-10,56.19719314575195,69.61742401123047,71.31541442871094,68.7684326171875,69.61742401123047,850890
2020-01-13,55.51186752319336,68.7684326171875,70.46641540527344,68.7684326171875,69.61742401123047,243700
2020-01-14,55.51186752319336,68.7684326171875,70.46641540527344,68.7684326171875,69.61742401123047,492819
2020-01-15,58.25319290161133,72.1644058227539,77.25836181640625,68.7684326171875,68.7684326171875,6072370
2020-01-16,59.62385559082031,73.86238861083984,81.50332641601562,69.61742401123047,72.1644058227539,8126804
2020-01-17,58.93852996826172,73.01339721679688,78.10735321044922,73.01339721679688,76.40937042236328,755365
2020-01-20,59.62385559082031,73.86238861083984,78.10735321044922,73.86238861083984,75.56037902832031,1672569
2020-01-21,59.62385559082031,73.86238861083984,78.10735321044922,73.01339721679688,75.56037902832031,2358676
2020-01-22,58.25319290161133,72.1644058227539,76.40937042236328,71.31541442871094,71.31541442871094,1645714
2020-01-23,58.25319290161133,72.1644058227539,74.71138763427734,63.674476623535156,63.674476623535156,1273626
2020-01-24,60.3091926574707,74.71138763427734,77.25836181640625,63.674476623535156,63.674476623535156,947004
2020-01-27,58.93852996826172,73.01339721679688,74.71138763427734,66.22145080566406,66.22145080566406,751831
2020-01-28,55.51186752319336,68.7684326171875,73.86238861083984,64.52346801757812,64.52346801757812,311427
2020-01-29,56.882530212402344,70.46641540527344,80.65433502197266,60.27850341796875,60.27850341796875,3192016
2020-01-30,60.99452209472656,75.56037902832031,77.25836181640625,69.61742401123047,69.61742401123047,5812415
2020-01-31,60.99452209472656,75.56037902832031,77.25836181640625,71.31541442871094,75.56037902832031,1923455
2020-02-03,58.93852996826172,73.01339721679688,75.56037902832031,72.1644058227539,75.56037902832031,531217
2020-02-04,58.25319290161133,72.1644058227539,75.56037902832031,64.52346801757812,64.52346801757812,562077
2020-02-05,56.882530212402344,70.46641540527344,73.01339721679688,67.91944122314453,71.31541442871094,744293
2020-02-06,57.56786346435547,71.31541442871094,72.1644058227539,70.46641540527344,72.1644058227539,1512968
2020-02-07,56.882530212402344,70.46641540527344,71.31541442871094,62.82548141479492,62.82548141479492,99647
2020-02-10,56.19719314575195,69.61742401123047,73.01339721679688,69.61742401123047,73.01339721679688,571971
2020-02-11,56.19719314575195,69.61742401123047,76.40937042236328,61.97649002075195,69.61742401123047,435457
2020-02-12,56.882530212402344,70.46641540527344,71.31541442871094,69.61742401123047,69.61742401123047,192109
2020-02-13,55.51186752319336,68.7684326171875,72.1644058227539,67.91944122314453,68.7684326171875,982929
2020-02-14,53.45587158203125,66.22145080566406,69.61742401123047,66.22145080566406,67.91944122314453,189989
2020-02-17,54.141204833984375,67.07044982910156,67.91944122314453,66.22145080566406,66.22145080566406,237339
2020-02-18,53.45587158203125,66.22145080566406,68.7684326171875,64.52346801757812,68.7684326171875,1889885
2020-02-19,52.770538330078125,65.3724594116211,67.07044982910156,65.3724594116211,65.3724594116211,374914
2020-02-20,53.45587158203125,66.22145080566406,67.91944122314453,65.3724594116211,66.22145080566406,97762
2020-02-21,53.45587158203125,66.22145080566406,67.91944122314453,64.52346801757812,66.22145080566406,181744
2020-02-24,52.770538330078125,65.3724594116211,67.07044982910156,64.52346801757812,64.52346801757812,6831
2020-02-25,50.71454620361328,62.82548141479492,65.3724594116211,59.429508209228516,60.27850341796875,328506
2020-02-26,48.658546447753906,60.27850341796875,62.82548141479492,59.429508209228516,62.82548141479492,1415559
2020-02-27,54.8265380859375,67.91944122314453,67.91944122314453,58.58051681518555,58.58051681518555,2111678
2020-02-28,54.141204833984375,67.07044982910156,68.7684326171875,61.12749481201172,67.91944122314453,436163
2020-03-02,53.45587158203125,66.22145080566406,67.07044982910156,61.97649002075195,67.07044982910156,643585
2020-03-03,52.770538330078125,65.3724594116211,65.3724594116211,61.97649002075195,65.3724594116211,110248
2020-03-04,52.085208892822266,64.52346801757812,65.3724594116211,56.882530212402344,56.882530212402344,1992006
2020-03-05,52.085208892822266,64.52346801757812,72.1644058227539,57.73152542114258,57.73152542114258,184807
2020-03-06,50.71454620361328,62.82548141479492,67.07044982910156,56.033538818359375,56.033538818359375,35335
2020-03-09,50.71454620361328,62.82548141479492,67.91944122314453,59.429508209228516,59.429508209228516,274678
2020-03-10,52.085208892822266,64.52346801757812,64.52346801757812,56.882530212402344,56.882530212402344,442877
2020-03-11,47.97321319580078,59.429508209228516,64.52346801757812,59.429508209228516,59.429508209228516,193876
2020-03-12,46.60255432128906,57.73152542114258,61.12749481201172,53.4865608215332,53.4865608215332,817556
2020-03-13,50.029212951660156,61.97649002075195,61.97649002075195,54.33555221557617,54.33555221557617,320026
2020-03-16,46.60255432128906,57.73152542114258,59.429508209228516,57.73152542114258,57.73152542114258,617555
2020-03-17,43.86123275756836,54.33555221557617,56.033538818359375,54.33555221557617,54.33555221557617,281745
2020-03-18,41.805233001708984,51.78857421875,60.27850341796875,50.939579010009766,50.939579010009766,313665
2020-03-19,39.06390380859375,48.392601013183594,57.73152542114258,48.392601013183594,48.392601013183594,840642
2020-03-20,37.693241119384766,46.69461441040039,50.0905876159668,45.84562301635742,45.84562301635742,224030
2020-03-23,35.63724899291992,44.14763641357422,47.543609619140625,44.14763641357422,44.14763641357422,441935
2020-03-24,36.32258224487305,44.99662780761719,47.543609619140625,42.449649810791016,42.449649810791016,87279
2020-03-26,37.00791549682617,45.84562301635742,47.543609619140625,42.449649810791016,42.449649810791016,125089
2020-03-27,35.63724899291992,44.14763641357422,49.24159240722656,43.298641204833984,43.298641204833984,462901
2020-03-30,34.95191192626953,43.298641204833984,45.84562301635742,42.449649810791016,42.449649810791016,507778
2020-03-31,36.32258224487305,44.99662780761719,57.73152542114258,42.449649810791016,42.449649810791016,408601
2020-04-01,36.32258224487305,44.99662780761719,50.939579010009766,42.449649810791016,42.449649810791016,936992
2020-04-02,35.63724899291992,44.14763641357422,50.939579010009766,42.449649810791016,42.449649810791016,1746539
2020-04-03,36.32258224487305,44.99662780761719,49.24159240722656,44.14763641357422,44.14763641357422,742291
2020-04-06,37.693241119384766,46.69461441040039,47.543609619140625,44.99662780761719,44.99662780761719,67491
2020-04-07,37.693241119384766,46.69461441040039,49.24159240722656,46.69461441040039,49.24159240722656,624268
2020-04-08,36.32258224487305,44.99662780761719,46.69461441040039,44.99662780761719,46.69461441040039,211544
2020-04-09,36.32258224487305,44.99662780761719,46.69461441040039,43.298641204833984,44.99662780761719,515551
2020-04-13,37.00791549682617,45.84562301635742,47.543609619140625,44.99662780761719,44.99662780761719,303064
2020-04-14,37.693241119384766,46.69461441040039,48.392601013183594,44.99662780761719,46.69461441040039,66431
2020-04-15,37.693241119384766,46.69461441040039,46.69461441040039,44.99662780761719,46.69461441040039,200943
2020-04-16,37.693241119384766,46.69461441040039,47.543609619140625,44.99662780761719,46.69461441040039,788581
2020-04-17,37.693241119384766,46.69461441040039,46.69461441040039,44.99662780761719,44.99662780761719,491994
2020-04-20,37.00791549682617,45.84562301635742,47.543609619140625,45.84562301635742,46.69461441040039,390698
2020-04-21,37.00791549682617,45.84562301635742,46.69461441040039,44.99662780761719,45.84562301635742,425445
2020-04-22,41.11989974975586,50.939579010009766,58.58051681518555,44.99662780761719,44.99662780761719,6178378
2020-04-23,40.4345703125,50.0905876159668,54.33555221557617,47.543609619140625,47.543609619140625,159247
2020-04-24,39.06390380859375,48.392601013183594,50.0905876159668,47.543609619140625,47.543609619140625,285750
2020-04-27,39.06390380859375,48.392601013183594,50.0905876159668,48.392601013183594,50.0905876159668,677272
2020-04-28,38.37857437133789,47.543609619140625,48.392601013183594,46.69461441040039,48.392601013183594,130743
2020-04-29,39.06390380859375,48.392601013183594,48.392601013183594,45.84562301635742,46.69461441040039,358895
2020-04-30,40.4345703125,50.0905876159668,51.78857421875,47.543609619140625,48.392601013183594,28975
2020-05-04,40.4345703125,50.0905876159668,50.0905876159668,47.543609619140625,47.543609619140625,14958
2020-05-05,40.4345703125,50.0905876159668,50.939579010009766,48.392601013183594,50.939579010009766,18610
2020-05-06,39.749237060546875,49.24159240722656,50.0905876159668,46.69461441040039,48.392601013183594,156420
2020-05-08,39.749237060546875,49.24159240722656,49.24159240722656,48.392601013183594,48.392601013183594,130860
2020-05-11,41.805233001708984,51.78857421875,52.63756561279297,49.24159240722656,49.24159240722656,52768
2020-05-12,39.749237060546875,49.24159240722656,52.63756561279297,48.392601013183594,50.939579010009766,279860
2020-05-13,40.4345703125,50.0905876159668,50.0905876159668,45.84562301635742,49.24159240722656,222145
2020-05-14,37.693241119384766,46.69461441040039,50.0905876159668,46.69461441040039,47.543609619140625,231215
2020-05-15,37.00791549682617,45.84562301635742,49.24159240722656,44.14763641357422,44.14763641357422,611901
2020-05-18,40.4345703125,50.0905876159668,50.939579010009766,46.69461441040039,46.69461441040039,59246
2020-05-19,38.37857437133789,47.543609619140625,52.63756561279297,46.69461441040039,46.69461441040039,122498
2020-05-20,38.37857437133789,47.543609619140625,51.78857421875,46.69461441040039,46.69461441040039,2591
2020-05-26,39.06390380859375,48.392601013183594,53.4865608215332,44.99662780761719,44.99662780761719,1207901
2020-05-27,39.06390380859375,48.392601013183594,52.63756561279297,45.84562301635742,52.63756561279297,398354
2020-05-28,39.06390380859375,48.392601013183594,50.0905876159668,47.543609619140625,48.392601013183594,178564
2020-05-29,39.749237060546875,49.24159240722656,50.939579010009766,48.392601013183594,49.24159240722656,330980
2020-06-02,41.805233001708984,51.78857421875,52.63756561279297,49.24159240722656,49.24159240722656,602831
2020-06-03,40.4345703125,50.0905876159668,50.939579010009766,49.24159240722656,50.939579010009766,520970
2020-06-04,41.805233001708984,51.78857421875,55.18454360961914,49.24159240722656,55.18454360961914,164901
2020-06-05,41.805233001708984,51.78857421875,52.63756561279297,50.939579010009766,52.63756561279297,100354
2020-06-08,41.11989974975586,50.939579010009766,54.33555221557617,50.939579010009766,51.78857421875,38751
2020-06-09,41.805233001708984,51.78857421875,52.63756561279297,50.0905876159668,50.939579010009766,497295
2020-06-10,41.805233001708984,51.78857421875,57.73152542114258,51.78857421875,52.63756561279297,730512
2020-06-11,42.490562438964844,52.63756561279297,61.97649002075195,51.78857421875,51.78857421875,1840886
2020-06-12,41.805233001708984,51.78857421875,53.4865608215332,49.24159240722656,49.24159240722656,192463
2020-06-15,43.17589569091797,53.4865608215332,53.4865608215332,48.392601013183594,48.392601013183594,400592
2020-06-16,41.805233001708984,51.78857421875,54.33555221557617,50.0905876159668,50.0905876159668,93640
2020-06-17,41.11989974975586,50.939579010009766,58.58051681518555,48.392601013183594,48.392601013183594,315550
2020-06-18,41.805233001708984,51.78857421875,53.4865608215332,47.543609619140625,47.543609619140625,14369
2020-06-19,42.490562438964844,52.63756561279297,53.4865608215332,48.392601013183594,48.392601013183594,62662
2020-06-22,40.4345703125,50.0905876159668,54.33555221557617,49.24159240722656,49.24159240722656,66313
2020-06-23,41.11989974975586,50.939579010009766,52.63756561279297,46.69461441040039,46.69461441040039,148882
2020-06-24,42.490562438964844,52.63756561279297,54.33555221557617,47.543609619140625,47.543609619140625,82686
2020-06-25,42.490562438964844,52.63756561279297,55.18454360961914,49.24159240722656,49.24159240722656,368318
2020-06-26,41.11989974975586,50.939579010009766,55.18454360961914,50.939579010009766,54.33555221557617,144877
2020-06-29,50.029212951660156,61.97649002075195,61.97649002075195,49.24159240722656,49.24159240722656,1886587
2020-06-30,60.3091926574707,74.71138763427734,78.10735321044922,60.27850341796875,61.12749481201172,5624192
2020-07-01,56.882530212402344,70.46641540527344,78.10735321044922,69.61742401123047,70.46641540527344,2608619
2020-07-02,56.882530212402344,70.46641540527344,77.25836181640625,66.22145080566406,67.07044982910156,1444181
2020-07-03,59.62385559082031,73.86238861083984,79.80534362792969,66.22145080566406,66.22145080566406,4225947
2020-07-06,58.93852996826172,73.01339721679688,74.71138763427734,68.7684326171875,68.7684326171875,1931111
2020-07-07,57.56786346435547,71.31541442871094,73.86238861083984,67.91944122314453,67.91944122314453,1554783
2020-07-08,58.25319290161133,72.1644058227539,79.80534362792969,67.07044982910156,67.07044982910156,2007908
2020-07-09,60.99452209472656,75.56037902832031,79.80534362792969,67.91944122314453,67.91944122314453,1732876
2020-07-10,61.67985153198242,76.40937042236328,78.10735321044922,75.56037902832031,78.10735321044922,1711439
2020-07-13,59.62385559082031,73.86238861083984,78.95635223388672,71.31541442871094,71.31541442871094,1343238
2020-07-14,59.62385559082031,73.86238861083984,78.10735321044922,69.61742401123047,69.61742401123047,1469505
2020-07-15,58.93852996826172,73.01339721679688,76.40937042236328,69.61742401123047,69.61742401123047,1118030
2020-07-16,58.93852996826172,73.01339721679688,76.40937042236328,67.91944122314453,67.91944122314453,1825810
2020-07-17,56.19719314575195,69.61742401123047,75.56037902832031,67.91944122314453,67.91944122314453,1570448
2020-07-20,57.56786346435547,71.31541442871094,78.10735321044922,65.3724594116211,65.3724594116211,6121840
2020-07-21,56.882530212402344,70.46641540527344,78.10735321044922,67.07044982910156,67.07044982910156,1459611
2020-07-22,53.45587158203125,66.22145080566406,75.56037902832031,66.22145080566406,66.22145080566406,1874455
2020-07-23,54.141204833984375,67.07044982910156,72.1644058227539,62.82548141479492,62.82548141479492,1341824
2020-07-24,50.71454620361328,62.82548141479492,67.91944122314453,62.82548141479492,62.82548141479492,1549953
2020-07-27,58.93852996826172,73.01339721679688,76.40937042236328,58.58051681518555,58.58051681518555,3743140
2020-07-28,56.19719314575195,69.61742401123047,76.40937042236328,67.91944122314453,73.86238861083984,2484590
2020-07-29,53.45587158203125,66.22145080566406,73.01339721679688,65.3724594116211,66.22145080566406,2165742
2020-07-30,53.45587158203125,66.22145080566406,68.7684326171875,62.82548141479492,62.82548141479492,1529694
2020-08-03,52.085208892822266,64.52346801757812,67.91944122314453,61.97649002075195,61.97649002075195,1624277
2020-08-04,50.71454620361328,62.82548141479492,67.07044982910156,60.27850341796875,60.27850341796875,1630873
2020-08-05,52.770538330078125,65.3724594116211,66.22145080566406,58.58051681518555,58.58051681518555,1563617
2020-08-06,54.141204833984375,67.07044982910156,68.7684326171875,61.12749481201172,61.12749481201172,1326159
2020-08-07,54.141204833984375,67.07044982910156,69.61742401123047,65.3724594116211,67.07044982910156,1217088
2020-08-10,52.770538330078125,65.3724594116211,68.7684326171875,62.82548141479492,62.82548141479492,1682699
2020-08-11,52.085208892822266,64.52346801757812,67.07044982910156,61.12749481201172,61.12749481201172,926509
2020-08-12,50.71454620361328,62.82548141479492,65.3724594116211,60.27850341796875,60.27850341796875,1528516
2020-08-13,51.39988327026367,63.674476623535156,65.3724594116211,59.429508209228516,59.429508209228516,830395
2020-08-14,50.029212951660156,61.97649002075195,63.674476623535156,59.429508209228516,59.429508209228516,1795538
2020-08-18,48.658546447753906,60.27850341796875,63.674476623535156,57.73152542114258,57.73152542114258,1408609
2020-08-19,49.34387969970703,61.12749481201172,61.97649002075195,56.882530212402344,56.882530212402344,1334051
2020-08-24,49.34387969970703,61.12749481201172,62.82548141479492,56.882530212402344,56.882530212402344,1282342
2020-08-25,49.34387969970703,61.12749481201172,61.97649002075195,58.58051681518555,58.58051681518555,1352779
2020-08-26,51.39988327026367,63.674476623535156,66.22145080566406,58.58051681518555,58.58051681518555,1701309
2020-08-27,54.141204833984375,67.07044982910156,67.91944122314453,59.429508209228516,59.429508209228516,1337584
2020-08-28,50.71454620361328,62.82548141479492,67.07044982910156,62.82548141479492,62.82548141479492,1189880
2020-08-31,50.71454620361328,62.82548141479492,67.91944122314453,58.58051681518555,58.58051681518555,2158675
2020-09-01,52.085208892822266,64.52346801757812,67.07044982910156,58.58051681518555,58.58051681518555,1218855
2020-09-02,50.029212951660156,61.97649002075195,69.61742401123047,60.27850341796875,63.674476623535156,5151985
2020-09-03,49.34387969970703,61.12749481201172,63.674476623535156,57.73152542114258,57.73152542114258,355244
2020-09-04,46.60255432128906,57.73152542114258,62.82548141479492,56.882530212402344,60.27850341796875,7893586
2020-09-07,47.99367141723633,58.58051681518555,59.429508209228516,56.033538818359375,56.033538818359375,4424182
2020-09-08,47.29812240600586,57.73152542114258,58.58051681518555,55.18454360961914,55.18454360961914,456540
2020-09-09,47.29812240600586,57.73152542114258,59.429508209228516,55.18454360961914,55.18454360961914,529686
2020-09-10,46.6025505065918,56.882530212402344,58.58051681518555,54.33555221557617,54.33555221557617,1071504
2020-09-11,48.68923568725586,59.429508209228516,59.429508209228516,55.18454360961914,55.18454360961914,244760
2020-09-14,47.99367141723633,58.58051681518555,61.12749481201172,56.033538818359375,56.033538818359375,449827
2020-09-15,50.77592086791992,61.97649002075195,62.82548141479492,57.73152542114258,58.58051681518555,656189
2020-09-16,49.38479232788086,60.27850341796875,62.82548141479492,57.73152542114258,57.73152542114258,464432
2020-09-17,49.38479232788086,60.27850341796875,61.97649002075195,58.58051681518555,59.429508209228516,1153837
2020-09-18,48.68923568725586,59.429508209228516,61.97649002075195,56.882530212402344,56.882530212402344,301769
2020-09-21,47.99367141723633,58.58051681518555,61.97649002075195,58.58051681518555,58.58051681518555,196232
2020-09-22,50.08035659790039,61.12749481201172,61.97649002075195,55.18454360961914,55.18454360961914,489403
2020-09-23,50.77592086791992,61.97649002075195,61.97649002075195,59.429508209228516,59.429508209228516,780336
2020-09-24,49.38479232788086,60.27850341796875,61.97649002075195,57.73152542114258,57.73152542114258,964201
2020-09-25,51.47147750854492,62.82548141479492,62.82548141479492,56.882530212402344,56.882530212402344,246173
2020-09-28,50.77592086791992,61.97649002075195,63.674476623535156,58.58051681518555,58.58051681518555,90460
2020-09-29,50.08035659790039,61.12749481201172,64.52346801757812,60.27850341796875,60.27850341796875,163252
2020-09-30,50.77592086791992,61.97649002075195,63.674476623535156,56.882530212402344,56.882530212402344,183511
2020-10-01,52.16704177856445,63.674476623535156,67.07044982910156,58.58051681518555,58.58051681518555,604480
2020-10-02,53.55815887451172,65.3724594116211,67.91944122314453,61.97649002075195,61.97649002075195,1493180
2020-10-05,53.55815887451172,65.3724594116211,67.91944122314453,61.12749481201172,61.12749481201172,1329928
2020-10-06,54.253719329833984,66.22145080566406,67.07044982910156,63.674476623535156,63.674476623535156,210838
2020-10-07,57.03596496582031,69.61742401123047,79.80534362792969,61.97649002075195,61.97649002075195,2912391
2020-10-08,55.64484405517578,67.91944122314453,70.46641540527344,65.3724594116211,65.3724594116211,683397
2020-10-09,54.94928741455078,67.07044982910156,68.7684326171875,67.07044982910156,67.91944122314453,130389
2020-10-12,54.94928741455078,67.07044982910156,68.7684326171875,62.82548141479492,62.82548141479492,1254427
2020-10-13,66.77381896972656,81.50332641601562,84.89929962158203,62.82548141479492,62.82548141479492,19976489
2020-10-14,82.7717056274414,101.03016662597656,109.52009582519531,76.40937042236328,81.50332641601562,19280606
2020-10-15,77.20722198486328,94.23822021484375,101.87915802001953,94.23822021484375,99.33218383789062,1085992
2020-10-16,72.33830261230469,88.29527282714844,91.69124603271484,88.29527282714844,91.69124603271484,85041
2020-10-19,67.46936798095703,82.3523178100586,83.2013168334961,82.3523178100586,82.3523178100586,177268
2020-10-20,66.77381896972656,81.50332641601562,90.84225463867188,77.25836181640625,77.25836181640625,13358531
2020-10-21,79.29389953613281,96.78520202636719,108.67110443115234,79.80534362792969,82.3523178100586,17920406
2020-10-22,80.68502044677734,98.48319244384766,109.52009582519531,90.84225463867188,93.38922882080078,29755368
2020-10-23,78.59834289550781,95.93621063232422,100.1811752319336,92.54023742675781,98.48319244384766,3268224
2020-10-26,77.90278625488281,95.08721923828125,101.87915802001953,89.99325561523438,89.99325561523438,3877063
2020-10-27,89.03175354003906,108.67110443115234,123.9529800415039,89.1442642211914,89.1442642211914,26193737
2020-11-02,83.46725463867188,101.87915802001953,110.36908721923828,101.87915802001953,101.87915802001953,8083105
2020-11-03,77.90278625488281,95.08721923828125,107.82211303710938,95.08721923828125,97.63419342041016,6221134
2020-11-04,77.90278625488281,95.08721923828125,99.33218383789062,95.08721923828125,95.93621063232422,1316029
2020-11-05,80.68502044677734,98.48319244384766,101.03016662597656,89.1442642211914,89.1442642211914,1409434
2020-11-06,77.20722198486328,94.23822021484375,100.1811752319336,91.69124603271484,93.38922882080078,18215462
2020-11-09,73.72941589355469,89.99325561523438,95.93621063232422,88.29527282714844,92.54023742675781,7430803
2020-11-10,78.59834289550781,95.93621063232422,100.1811752319336,84.05030822753906,84.05030822753906,16293184
2020-11-11,82.7717056274414,101.03016662597656,106.1241226196289,89.99325561523438,89.99325561523438,7735399
2020-11-12,80.68502044677734,98.48319244384766,105.27513122558594,96.78520202636719,96.78520202636719,2698962
2020-11-13,83.46725463867188,101.87915802001953,105.27513122558594,99.33218383789062,99.33218383789062,3489074
2020-11-16,79.29389953613281,96.78520202636719,101.87915802001953,95.08721923828125,95.08721923828125,2941955
2020-11-17,79.29389953613281,96.78520202636719,98.48319244384766,95.93621063232422,96.78520202636719,1521331
2020-11-18,76.51165008544922,93.38922882080078,103.5771484375,92.54023742675781,95.93621063232422,18294379
2020-11-19,77.20722198486328,94.23822021484375,95.93621063232422,90.84225463867188,94.23822021484375,1468916
2020-11-20,76.51165008544922,93.38922882080078,95.08721923828125,92.54023742675781,94.23822021484375,3585188
2020-11-23,75.81609344482422,92.54023742675781,95.08721923828125,88.29527282714844,88.29527282714844,1586114
2020-11-24,74.42497253417969,90.84225463867188,95.08721923828125,89.99325561523438,93.38922882080078,7257421
2020-11-25,74.42497253417969,90.84225463867188,94.23822021484375,87.44628143310547,87.44628143310547,1452544
2020-11-26,74.42497253417969,90.84225463867188,93.38922882080078,89.1442642211914,93.38922882080078,1150303
2020-11-27,77.20722198486328,94.23822021484375,94.23822021484375,90.84225463867188,90.84225463867188,1518151
2020-11-30,74.42497253417969,90.84225463867188,95.08721923828125,90.84225463867188,94.23822021484375,1048771
2020-12-01,74.42497253417969,90.84225463867188,93.38922882080078,89.1442642211914,89.99325561523438,433808
2020-12-02,75.12054443359375,91.69124603271484,93.38922882080078,89.1442642211914,90.84225463867188,779747
2020-12-03,76.51165008544922,93.38922882080078,94.23822021484375,90.84225463867188,92.54023742675781,1753371
2020-12-04,79.29389953613281,96.78520202636719,98.48319244384766,92.54023742675781,93.38922882080078,23453314
2020-12-07,82.0761489868164,100.1811752319336,101.87915802001953,95.93621063232422,96.78520202636719,22950365
2020-12-08,82.0761489868164,100.1811752319336,101.87915802001953,98.48319244384766,101.87915802001953,9187119
2020-12-10,110.5941162109375,134.98988342285156,134.98988342285156,100.1811752319336,100.1811752319336,120958004
2020-12-11,106.42076873779297,129.89593505859375,140.93284606933594,125.65096282958984,136.68788146972656,50850830
2020-12-14,107.11631774902344,130.7449188232422,136.68788146972656,123.10398864746094,123.10398864746094,15112609
2020-12-15,116.85417938232422,142.63082885742188,143.4798126220703,127.34895324707031,127.34895324707031,49835274
2020-12-16,112.68081665039062,137.536865234375,148.5737762451172,136.68788146972656,144.3288116455078,54966059
2020-12-17,109.89857482910156,134.14089965820312,140.93284606933594,129.89593505859375,129.89593505859375,10414455
2020-12-18,111.28968811035156,135.83888244628906,146.87579345703125,126.49995422363281,126.49995422363281,26770302
2020-12-21,109.89857482910156,134.14089965820312,139.23484802246094,128.19793701171875,128.19793701171875,6976500
2020-12-22,109.20299530029297,133.29190063476562,138.3858642578125,131.5939178466797,134.14089965820312,2353140
2020-12-23,107.8118896484375,131.5939178466797,140.08384704589844,127.34895324707031,140.08384704589844,4394382
2020-12-28,102.24739837646484,124.80197143554688,132.44290161132812,124.80197143554688,126.49995422363281,1827930
2020-12-29,95.29180145263672,116.31204223632812,127.34895324707031,116.31204223632812,123.9529800415039,12731553
2020-12-30,89.03175354003906,108.67110443115234,114.61405944824219,108.67110443115234,109.52009582519531,6083324
2021-01-04,85.55394744873047,104.42613983154297,108.67110443115234,101.87915802001953,108.67110443115234,3580123
2021-01-05,89.03175354003906,108.67110443115234,110.36908721923828,97.63419342041016,97.63419342041016,5258464
2021-01-06,98.07403564453125,119.70801544189453,124.80197143554688,107.82211303710938,109.52009582519531,18780131
2021-01-07,106.42076873779297,129.89593505859375,129.89593505859375,112.91606903076172,112.91606903076172,12846395
2021-01-08,103.63851165771484,126.49995422363281,132.44290161132812,123.10398864746094,130.7449188232422,8107251
2021-01-11,98.07403564453125,119.70801544189453,127.34895324707031,118.85902404785156,118.85902404785156,2790482
2021-01-12,91.81399536132812,112.06707763671875,120.5570068359375,112.06707763671875,112.91606903076172,2858091
2021-01-13,94.59624481201172,115.46305084228516,125.65096282958984,104.42613983154297,104.42613983154297,2788244
2021-01-14,93.90066528320312,114.61405944824219,124.80197143554688,108.67110443115234,108.67110443115234,3181298
2021-01-15,91.1184310913086,111.21808624267578,118.01002502441406,109.52009582519531,118.01002502441406,5346098
2021-01-18,89.03175354003906,108.67110443115234,113.76506042480469,107.82211303710938,110.36908721923828,1116852
2021-01-19,86.24950408935547,105.27513122558594,110.36908721923828,104.42613983154297,108.67110443115234,1016851
2021-01-20,88.33618927001953,107.82211303710938,109.52009582519531,101.87915802001953,105.27513122558594,955013
2021-01-21,91.1184310913086,111.21808624267578,113.76506042480469,106.9731216430664,106.9731216430664,1938531
2021-01-22,91.1184310913086,111.21808624267578,117.1610336303711,111.21808624267578,112.06707763671875,6189685
2021-01-25,93.2051010131836,113.76506042480469,117.1610336303711,108.67110443115234,111.21808624267578,7757425
2021-01-26,94.59624481201172,115.46305084228516,120.5570068359375,112.06707763671875,113.76506042480469,12613060
2021-01-27,95.29180145263672,116.31204223632812,118.01002502441406,112.91606903076172,115.46305084228516,8671213
2021-01-28,89.72731018066406,109.52009582519531,117.1610336303711,108.67110443115234,116.31204223632812,7130094
2021-01-29,83.46725463867188,101.87915802001953,110.36908721923828,101.87915802001953,108.67110443115234,2783061
2021-02-01,82.0761489868164,100.1811752319336,101.87915802001953,95.08721923828125,95.08721923828125,2861625
2021-02-02,77.90278625488281,95.08721923828125,101.87915802001953,93.38922882080078,99.33218383789062,2877291
2021-02-03,83.46725463867188,101.87915802001953,104.42613983154297,95.93621063232422,95.93621063232422,2271514
2021-02-04,89.72731018066406,109.52009582519531,112.06707763671875,101.87915802001953,101.87915802001953,6289333
2021-02-05,90.42285919189453,110.36908721923828,112.06707763671875,107.82211303710938,109.52009582519531,2314035
2021-02-08,93.90066528320312,114.61405944824219,115.46305084228516,110.36908721923828,112.91606903076172,2821460
2021-02-09,95.29180145263672,116.31204223632812,118.85902404785156,113.76506042480469,117.1610336303711,4692264
2021-02-10,89.72731018066406,109.52009582519531,117.1610336303711,109.52009582519531,117.1610336303711,2570339
2021-02-11,89.03175354003906,108.67110443115234,112.91606903076172,105.27513122558594,109.52009582519531,687284
2021-02-15,89.72731018066406,109.52009582519531,109.52009582519531,104.42613983154297,108.67110443115234,1281518
2021-02-16,86.945068359375,106.1241226196289,109.52009582519531,105.27513122558594,109.52009582519531,705306
2021-02-17,86.24950408935547,105.27513122558594,110.36908721923828,105.27513122558594,105.27513122558594,1255251
2021-02-18,86.945068359375,106.1241226196289,107.82211303710938,104.42613983154297,105.27513122558594,255596
2021-02-19,84.85838317871094,103.5771484375,105.27513122558594,101.03016662597656,105.27513122558594,1490353
2021-02-22,85.55394744873047,104.42613983154297,113.76506042480469,101.87915802001953,102.72815704345703,2647253
2021-02-23,85.55394744873047,104.42613983154297,106.9731216430664,101.87915802001953,104.42613983154297,673032
2021-02-24,85.55394744873047,104.42613983154297,106.1241226196289,102.72815704345703,104.42613983154297,150884
2021-02-25,86.945068359375,106.1241226196289,106.1241226196289,103.5771484375,104.42613983154297,325915
2021-02-26,86.24950408935547,105.27513122558594,106.9731216430664,103.5771484375,106.1241226196289,687167
2021-03-01,88.33618927001953,107.82211303710938,109.52009582519531,106.1241226196289,106.1241226196289,1658788
2021-03-02,95.98734283447266,117.1610336303711,119.70801544189453,107.82211303710938,108.67110443115234,15849364
2021-03-03,95.29180145263672,116.31204223632812,122.25498962402344,114.61405944824219,118.85902404785156,16785179
2021-03-04,92.50956726074219,112.91606903076172,116.31204223632812,108.67110443115234,116.31204223632812,7705952
2021-03-05,91.81399536132812,112.06707763671875,113.76506042480469,108.67110443115234,112.91606903076172,4989793
2021-03-08,98.76958465576172,120.5570068359375,120.5570068359375,106.1241226196289,112.06707763671875,14978568
2021-03-09,104.3340835571289,127.34895324707031,129.04693603515625,119.70801544189453,122.25498962402344,59792600
2021-03-10,97.37847900390625,118.85902404785156,131.5939178466797,118.85902404785156,128.19793701171875,45008733
2021-03-12,91.81399536132812,112.06707763671875,120.5570068359375,111.21808624267578,118.85902404785156,23033640
2021-03-15,91.81399536132812,112.06707763671875,114.61405944824219,110.36908721923828,111.21808624267578,9810799
2021-03-16,88.33618927001953,107.82211303710938,112.06707763671875,107.82211303710938,111.21808624267578,6731857
2021-03-17,93.90066528320312,114.61405944824219,118.85902404785156,106.9731216430664,107.82211303710938,30554432
2021-03-18,93.90066528320312,114.61405944824219,117.1610336303711,111.21808624267578,116.31204223632812,21767670
2021-03-19,94.59624481201172,115.46305084228516,118.01002502441406,112.06707763671875,115.46305084228516,13597402
2021-03-22,89.03175354003906,108.67110443115234,118.85902404785156,108.67110443115234,115.46305084228516,12340148
2021-03-23,87.640625,106.9731216430664,112.91606903076172,106.1241226196289,108.67110443115234,21293932
2021-03-24,86.945068359375,106.1241226196289,106.9731216430664,101.87915802001953,106.9731216430664,11687610
2021-03-25,83.46725463867188,101.87915802001953,106.1241226196289,99.33218383789062,99.33218383789062,5432200
2021-03-26,84.16283416748047,102.72815704345703,104.42613983154297,95.08721923828125,95.08721923828125,4133367
2021-03-29,88.33618927001953,107.82211303710938,107.82211303710938,103.5771484375,103.5771484375,14258774
2021-03-30,85.55394744873047,104.42613983154297,108.67110443115234,103.5771484375,107.82211303710938,12205165
2021-03-31,81.38057708740234,99.33218383789062,104.42613983154297,97.63419342041016,104.42613983154297,5635028
2021-04-01,81.38057708740234,99.33218383789062,101.03016662597656,98.48319244384766,99.33218383789062,8212552
2021-04-05,80.68502044677734,98.48319244384766,101.03016662597656,97.63419342041016,99.33218383789062,8399244
2021-04-06,82.7717056274414,101.03016662597656,103.5771484375,98.48319244384766,99.33218383789062,16105079
2021-04-07,83.46725463867188,101.87915802001953,104.42613983154297,99.33218383789062,101.03016662597656,15322858
2021-04-08,83.46725463867188,101.87915802001953,102.72815704345703,101.03016662597656,101.03016662597656,10935779
2021-04-09,86.945068359375,106.1241226196289,106.9731216430664,101.87915802001953,101.87915802001953,20482383
2021-04-12,84.85838317871094,103.5771484375,106.9731216430664,101.87915802001953,106.9731216430664,12105635
2021-04-13,84.85838317871094,103.5771484375,104.42613983154297,101.87915802001953,104.42613983154297,6158354
2021-04-14,85.55394744873047,104.42613983154297,105.27513122558594,100.1811752319336,103.5771484375,11578187
2021-04-15,83.46725463867188,101.87915802001953,104.42613983154297,101.03016662597656,104.42613983154297,6665190
2021-04-16,84.85838317871094,103.5771484375,106.1241226196289,101.87915802001953,101.87915802001953,19226895
2021-04-19,86.24950408935547,105.27513122558594,105.27513122558594,101.03016662597656,102.72815704345703,16800727
2021-04-20,87.640625,106.9731216430664,111.21808624267578,104.42613983154297,105.27513122558594,60994730
2021-04-21,84.85838317871094,103.5771484375,108.67110443115234,101.87915802001953,108.67110443115234,9745074
2021-04-22,81.38057708740234,99.33218383789062,103.5771484375,98.48319244384766,103.5771484375,9183703
2021-04-23,81.38057708740234,99.33218383789062,101.03016662597656,97.63419342041016,99.33218383789062,2756677
2021-04-26,82.7717056274414,101.03016662597656,101.87915802001953,98.48319244384766,100.1811752319336,2642542
2021-04-27,81.38057708740234,99.33218383789062,101.87915802001953,98.48319244384766,101.03016662597656,1699425
2021-04-28,81.38057708740234,99.33218383789062,101.03016662597656,98.48319244384766,100.1811752319336,2795782
2021-04-29,82.7717056274414,101.03016662597656,102.72815704345703,100.1811752319336,100.1811752319336,3876357
2021-04-30,83.46725463867188,101.87915802001953,103.5771484375,101.87915802001953,101.87915802001953,3986369
2021-05-03,84.85838317871094,103.5771484375,106.9731216430664,101.87915802001953,101.87915802001953,12566887
2021-05-04,84.85838317871094,103.5771484375,105.27513122558594,102.72815704345703,103.5771484375,7775093
2021-05-05,84.16283416748047,102.72815704345703,106.1241226196289,101.87915802001953,104.42613983154297,9952025
2021-05-06,85.57733154296875,102.72815704345703,103.5771484375,102.72815704345703,103.5771484375,5333966
2021-05-07,87.6990737915039,105.27513122558594,106.9731216430664,102.72815704345703,102.72815704345703,8984761
2021-05-10,87.6990737915039,105.27513122558594,106.1241226196289,103.5771484375,105.27513122558594,4375536
2021-05-11,86.9918212890625,104.42613983154297,107.82211303710938,102.72815704345703,105.27513122558594,8322918
2021-05-17,86.2845687866211,103.5771484375,105.27513122558594,101.87915802001953,104.42613983154297,7790170
2021-05-18,89.11357879638672,106.9731216430664,106.9731216430664,101.03016662597656,103.5771484375,18592497
2021-05-19,91.94256591796875,110.36908721923828,111.21808624267578,106.1241226196289,106.9731216430664,44058077
2021-05-20,94.77157592773438,113.76506042480469,114.61405944824219,102.72815704345703,102.72815704345703,37951313
2021-05-21,92.64983367919922,111.21808624267578,114.61405944824219,109.52009582519531,114.61405944824219,18008864
2021-05-24,88.40632629394531,106.1241226196289,111.21808624267578,104.42613983154297,104.42613983154297,10221756
2021-05-25,88.40632629394531,106.1241226196289,106.9731216430664,102.72815704345703,104.42613983154297,6893696
2021-05-27,87.6990737915039,105.27513122558594,106.1241226196289,103.5771484375,106.1241226196289,7963905
2021-05-28,85.57733154296875,102.72815704345703,106.1241226196289,99.33218383789062,99.33218383789062,12681612
2021-05-31,86.2845687866211,103.5771484375,104.42613983154297,101.87915802001953,102.72815704345703,8530105
2021-06-02,88.40632629394531,106.1241226196289,106.1241226196289,101.87915802001953,101.87915802001953,4230305
2021-06-03,88.40632629394531,106.1241226196289,106.9731216430664,104.42613983154297,104.42613983154297,4161165
2021-06-04,94.77157592773438,113.76506042480469,118.01002502441406,105.27513122558594,106.1241226196289,16263031
2021-06-07,96.89334106445312,116.31204223632812,121.40599822998047,113.76506042480469,113.76506042480469,26021062
2021-06-08,92.64983367919922,111.21808624267578,117.1610336303711,108.67110443115234,117.1610336303711,8132104
2021-06-09,94.06433868408203,112.91606903076172,114.61405944824219,110.36908721923828,111.21808624267578,6923849
2021-06-10,96.18608856201172,115.46305084228516,118.85902404785156,112.91606903076172,112.91606903076172,12174305
2021-06-11,93.35708618164062,112.06707763671875,116.31204223632812,112.06707763671875,115.46305084228516,8037050
2021-06-14,93.35708618164062,112.06707763671875,114.61405944824219,110.36908721923828,112.06707763671875,11028830
2021-06-15,94.06433868408203,112.91606903076172,113.76506042480469,107.82211303710938,112.06707763671875,7674150
2021-06-16,91.94256591796875,110.36908721923828,115.46305084228516,109.52009582519531,114.61405944824219,12408464
2021-06-17,89.8208236694336,107.82211303710938,110.36908721923828,106.9731216430664,109.52009582519531,6815486
2021-06-18,84.87007141113281,101.87915802001953,112.06707763671875,101.03016662597656,107.82211303710938,19044679
2021-06-21,88.40632629394531,106.1241226196289,106.1241226196289,98.48319244384766,101.03016662597656,2980354
2021-06-22,89.11357879638672,106.9731216430664,117.1610336303711,104.42613983154297,106.1241226196289,25736372
2021-06-23,88.40632629394531,106.1241226196289,109.52009582519531,103.5771484375,106.1241226196289,9441420
2021-06-24,85.57733154296875,102.72815704345703,106.1241226196289,101.87915802001953,106.1241226196289,6067305
2021-06-25,84.87007141113281,101.87915802001953,106.1241226196289,101.03016662597656,102.72815704345703,6100992
2021-06-28,84.1628189086914,101.03016662597656,103.5771484375,97.63419342041016,101.87915802001953,12881849
2021-06-29,82.74832153320312,99.33218383789062,102.72815704345703,98.48319244384766,101.03016662597656,2986950
2021-06-30,82.74832153320312,99.33218383789062,101.03016662597656,98.48319244384766,100.1811752319336,1018736
2021-07-01,82.74832153320312,99.33218383789062,101.03016662597656,98.48319244384766,99.33218383789062,1388468
2021-07-02,83.45556640625,100.1811752319336,100.1811752319336,98.48319244384766,99.33218383789062,466434
2021-07-05,82.04107666015625,98.48319244384766,102.72815704345703,98.48319244384766,101.03016662597656,3258566
2021-07-06,82.74832153320312,99.33218383789062,100.1811752319336,98.48319244384766,98.48319244384766,2047955
2021-07-07,82.04107666015625,98.48319244384766,100.1811752319336,97.63419342041016,100.1811752319336,7568613
2021-07-08,81.33381652832031,97.63419342041016,99.33218383789062,97.63419342041016,99.33218383789062,1179515
2021-07-09,81.33381652832031,97.63419342041016,98.48319244384766,97.63419342041016,97.63419342041016,653126
2021-07-12,79.21207427978516,95.08721923828125,104.42613983154297,95.08721923828125,98.48319244384766,33789206
2021-07-13,77.09031677246094,92.54023742675781,97.63419342041016,91.69124603271484,95.93621063232422,12040146
2021-07-14,76.38307189941406,91.69124603271484,94.23822021484375,91.69124603271484,93.38922882080078,1723571
2021-07-15,77.09031677246094,92.54023742675781,95.08721923828125,89.99325561523438,91.69124603271484,2139593
2021-07-16,77.09031677246094,92.54023742675781,94.23822021484375,90.84225463867188,93.38922882080078,9108791
2021-07-19,74.26130676269531,89.1442642211914,93.38922882080078,88.29527282714844,93.38922882080078,5192975
2021-07-21,74.26130676269531,89.1442642211914,89.99325561523438,85.748291015625,89.99325561523438,7787343
2021-07-22,77.79756927490234,93.38922882080078,95.93621063232422,88.29527282714844,89.1442642211914,23138470
2021-07-23,75.67581939697266,90.84225463867188,95.93621063232422,89.99325561523438,94.23822021484375,18096733
2021-07-26,76.38307189941406,91.69124603271484,93.38922882080078,89.1442642211914,89.99325561523438,16265504
2021-07-27,84.1628189086914,101.03016662597656,115.46305084228516,92.54023742675781,97.63419342041016,127556998
2021-07-28,78.50481414794922,94.23822021484375,104.42613983154297,94.23822021484375,103.5771484375,17904976
2021-07-29,77.79756927490234,93.38922882080078,98.48319244384766,93.38922882080078,95.08721923828125,6625260
2021-07-30,77.09031677246094,92.54023742675781,95.93621063232422,90.84225463867188,93.38922882080078,4597093
2021-08-02,79.91932678222656,95.93621063232422,97.63419342041016,88.29527282714844,88.29527282714844,9642953
2021-08-03,78.50481414794922,94.23822021484375,98.48319244384766,92.54023742675781,95.93621063232422,5651047
2021-08-04,77.09031677246094,92.54023742675781,95.93621063232422,91.69124603271484,94.23822021484375,4022883
2021-08-05,77.79756927490234,93.38922882080078,94.23822021484375,91.69124603271484,93.38922882080078,3264337
2021-08-06,75.67581939697266,90.84225463867188,94.23822021484375,90.84225463867188,93.38922882080078,6271194
2021-08-09,74.96856689453125,89.99325561523438,93.38922882080078,89.99325561523438,90.84225463867188,3713458
2021-08-10,79.21207427978516,95.08721923828125,98.48319244384766,89.1442642211914,91.69124603271484,17890724
2021-08-12,78.50481414794922,94.23822021484375,97.63419342041016,92.54023742675781,94.23822021484375,5670953
2021-08-13,86.9918212890625,104.42613983154297,107.82211303710938,94.23822021484375,94.23822021484375,34517127
2021-08-16,81.33381652832031,97.63419342041016,105.27513122558594,97.63419342041016,104.42613983154297,11028594
2021-08-18,79.91932678222656,95.93621063232422,98.48319244384766,90.84225463867188,97.63419342041016,6190039
2021-08-19,77.09031677246094,92.54023742675781,97.63419342041016,91.69124603271484,95.93621063232422,4619943
2021-08-20,77.79756927490234,93.38922882080078,95.08721923828125,90.84225463867188,92.54023742675781,3435128
2021-08-23,77.79756927490234,93.38922882080078,95.08721923828125,91.69124603271484,93.38922882080078,5566005
2021-08-24,83.45556640625,100.1811752319336,108.67110443115234,93.38922882080078,94.23822021484375,50184276
2021-08-25,79.21207427978516,95.08721923828125,101.87915802001953,94.23822021484375,101.87915802001953,8585936
2021-08-26,82.74832153320312,99.33218383789062,110.36908721923828,94.23822021484375,96.78520202636719,48120419
2021-08-27,80.62657165527344,96.78520202636719,101.03016662597656,95.93621063232422,99.33218383789062,10964990
2021-08-30,82.04107666015625,98.48319244384766,100.1811752319336,95.93621063232422,97.63419342041016,5363766
2021-08-31,84.1628189086914,101.03016662597656,104.42613983154297,96.78520202636719,100.1811752319336,17252085
2021-09-01,80.62657165527344,96.78520202636719,102.72815704345703,95.93621063232422,101.87915802001953,7238811
2021-09-02,81.33381652832031,97.63419342041016,100.1811752319336,95.93621063232422,96.78520202636719,4630544
2021-09-03,81.33381652832031,97.63419342041016,99.33218383789062,95.93621063232422,97.63419342041016,4574242
2021-09-06,82.74832153320312,99.33218383789062,103.5771484375,96.78520202636719,98.48319244384766,20404879
2021-09-07,86.2845687866211,103.5771484375,106.9731216430664,99.33218383789062,101.03016662597656,41338031
2021-09-08,84.87007141113281,101.87915802001953,105.27513122558594,100.1811752319336,103.5771484375,8616796
2021-09-09,84.1628189086914,101.03016662597656,104.42613983154297,99.33218383789062,102.72815704345703,8495594
2021-09-10,83.45556640625,100.1811752319336,103.5771484375,100.1811752319336,101.87915802001953,4850569
2021-09-13,83.45556640625,100.1811752319336,101.87915802001953,99.33218383789062,101.03016662597656,2497429
2021-09-14,86.2845687866211,103.5771484375,107.82211303710938,100.1811752319336,100.1811752319336,20278729
2021-09-15,84.87007141113281,101.87915802001953,105.27513122558594,101.03016662597656,103.5771484375,6089802
2021-09-16,84.87007141113281,101.87915802001953,104.42613983154297,101.03016662597656,101.87915802001953,3524881
2021-09-17,84.87007141113281,101.87915802001953,103.5771484375,100.1811752319336,102.72815704345703,4587316
2021-09-20,84.1628189086914,101.03016662597656,102.72815704345703,100.1811752319336,102.72815704345703,3829124
2021-09-21,92.64983367919922,111.21808624267578,119.70801544189453,100.1811752319336,101.87915802001953,83278659
2021-09-22,88.40632629394531,106.1241226196289,113.76506042480469,106.1241226196289,112.06707763671875,23040119
2021-09-23,85.57733154296875,102.72815704345703,118.85902404785156,102.72815704345703,107.82211303710938,72855487
2021-09-24,87.6990737915039,105.27513122558594,106.9731216430664,103.5771484375,103.5771484375,15369266
2021-09-27,92.64983367919922,111.21808624267578,121.40599822998047,105.27513122558594,106.1241226196289,114702593
2021-09-28,91.94256591796875,110.36908721923828,118.85902404785156,106.1241226196289,114.61405944824219,19388970
2021-09-29,87.6990737915039,105.27513122558594,112.06707763671875,105.27513122558594,110.36908721923828,10080648
2021-09-30,88.40632629394531,106.1241226196289,112.91606903076172,105.27513122558594,107.82211303710938,25331186
2021-10-01,87.6990737915039,105.27513122558594,109.52009582519531,105.27513122558594,106.9731216430664,7926449
2021-10-04,85.57733154296875,102.72815704345703,106.9731216430664,101.87915802001953,105.27513122558594,12208934
2021-10-05,82.04107666015625,98.48319244384766,103.5771484375,96.78520202636719,101.03016662597656,13829678
2021-10-06,83.45556640625,100.1811752319336,102.72815704345703,97.63419342041016,99.33218383789062,4672005
2021-10-07,83.45556640625,100.1811752319336,101.87915802001953,100.1811752319336,100.1811752319336,2869281
2021-10-08,83.45556640625,100.1811752319336,101.87915802001953,98.48319244384766,101.87915802001953,3660571
2021-10-11,83.45556640625,100.1811752319336,101.03016662597656,99.33218383789062,100.1811752319336,1257960
2021-10-12,84.1628189086914,101.03016662597656,106.1241226196289,99.33218383789062,101.03016662597656,13185856
2021-10-13,83.45556640625,100.1811752319336,102.72815704345703,100.1811752319336,101.87915802001953,3091191
2021-10-14,86.9918212890625,104.42613983154297,105.27513122558594,98.48319244384766,101.03016662597656,7523147
2021-10-15,86.2845687866211,103.5771484375,110.36908721923828,101.03016662597656,104.42613983154297,8715619
2021-10-18,84.1628189086914,101.03016662597656,104.42613983154297,99.33218383789062,103.5771484375,4837142
2021-10-19,86.2845687866211,103.5771484375,104.42613983154297,101.03016662597656,101.87915802001953,2177992
2021-10-21,84.87007141113281,101.87915802001953,104.42613983154297,101.87915802001953,103.5771484375,3393785
2021-10-22,86.9918212890625,104.42613983154297,107.82211303710938,101.87915802001953,101.87915802001953,18225827
2021-10-25,86.2845687866211,103.5771484375,106.1241226196289,102.72815704345703,105.27513122558594,5053869
2021-10-26,87.6990737915039,105.27513122558594,106.9731216430664,102.72815704345703,104.42613983154297,7986402
2021-10-27,91.94256591796875,110.36908721923828,112.91606903076172,105.27513122558594,106.1241226196289,37159669
2021-10-28,90.52808380126953,108.67110443115234,113.76506042480469,107.82211303710938,111.21808624267578,15213317
2021-10-29,89.8208236694336,107.82211303710938,112.06707763671875,106.1241226196289,108.67110443115234,5473189
2021-11-01,89.8208236694336,107.82211303710938,110.36908721923828,106.1241226196289,106.9731216430664,3437955
2021-11-02,87.6990737915039,105.27513122558594,110.36908721923828,103.5771484375,107.82211303710938,8161669
2021-11-03,88.40632629394531,106.1241226196289,107.82211303710938,104.42613983154297,107.82211303710938,4226772
2021-11-04,90.52808380126953,108.67110443115234,108.67110443115234,106.9731216430664,107.82211303710938,3025702
2021-11-05,96.89334106445312,116.31204223632812,118.85902404785156,108.67110443115234,108.67110443115234,46775414
2021-11-08,105.38033294677734,126.49995422363281,132.44290161132812,114.61405944824219,117.1610336303711,93290756
2021-11-09,104.96385192871094,126.0,131.0,120.0,126.0,25454000
2021-11-10,104.96385192871094,126.0,130.0,121.0,130.0,8053900
2021-11-11,103.29776000976562,124.0,127.0,122.0,126.0,9730500
2021-11-12,98.29948425292969,118.0,125.0,117.0,124.0,30665900
2021-11-15,97.46642303466797,117.0,120.0,114.0,119.0,28338500
2021-11-16,104.13080596923828,125.0,126.0,117.0,117.0,102162500
2021-11-17,101.63167572021484,122.0,126.0,120.0,125.0,18627100
2021-11-18,106.62995147705078,128.0,133.0,119.0,122.0,60968100
2021-11-19,103.29776000976562,124.0,131.0,124.0,128.0,29773900
2021-11-22,105.79689025878906,127.0,129.0,123.0,124.0,33400900
2021-11-23,106.62995147705078,128.0,133.0,125.0,127.0,43253500
2021-11-24,104.96385192871094,126.0,131.0,121.0,121.0,25822200
2021-11-25,104.13080596923828,125.0,128.0,125.0,125.0,14420200
2021-11-26,131.621337890625,158.0,167.0,123.0,123.0,290805100
2021-11-29,176.60585021972656,212.0,212.0,149.0,158.0,405222200
2021-11-30,164.94320678710938,198.0,216.0,198.0,212.0,111569600
2021-12-01,162.4440460205078,195.0,210.0,190.0,199.0,78004000
2021-12-02,165.7762451171875,199.0,210.0,192.0,196.0,78740800
2021-12-03,179.9380340576172,216.0,226.0,199.0,200.0,221249400
2021-12-06,168.27537536621094,202.0,224.0,202.0,216.0,58640000
2021-12-07,173.27366638183594,208.0,216.0,197.0,202.0,31861700
2021-12-08,169.94146728515625,204.0,216.0,200.0,210.0,33119100
2021-12-09,178.27195739746094,214.0,228.0,204.0,206.0,121923500
2021-12-10,189.93458557128906,228.0,232.0,208.0,214.0,85275900
2021-12-13,188.26849365234375,226.0,238.0,222.0,228.0,54023500
2021-12-14,189.93458557128906,228.0,228.0,218.0,228.0,27306800
2021-12-15,188.26849365234375,226.0,230.0,222.0,228.0,12935400
2021-12-16,176.60585021972656,212.0,246.0,212.0,226.0,117684000
2021-12-17,171.6075897216797,206.0,214.0,198.0,210.0,50177000
2021-12-20,169.94146728515625,204.0,212.0,202.0,206.0,20193200
2021-12-21,174.9397430419922,210.0,220.0,200.0,204.0,65665900
2021-12-22,189.93458557128906,228.0,228.0,206.0,212.0,103393600
2021-12-23,178.27195739746094,214.0,232.0,214.0,230.0,51275800
2021-12-24,178.27195739746094,214.0,218.0,208.0,210.0,17075200
2021-12-27,169.94146728515625,204.0,216.0,204.0,212.0,18003700
2021-12-28,171.6075897216797,206.0,216.0,204.0,204.0,24274600
2021-12-29,166.6092987060547,200.0,212.0,200.0,206.0,19564900
2021-12-30,162.4440460205078,195.0,206.0,186.0,200.0,86264600
2022-01-03,173.27366638183594,208.0,214.0,188.0,195.0,43608700
2022-01-04,168.27537536621094,202.0,218.0,200.0,208.0,37605800
2022-01-05,169.94146728515625,204.0,210.0,200.0,204.0,9305400
2022-01-06,164.94320678710938,198.0,206.0,195.0,204.0,7854100
2022-01-07,164.1101531982422,197.0,204.0,195.0,198.0,17247600
2022-01-10,178.27195739746094,214.0,214.0,197.0,197.0,43716200
2022-01-11,168.27537536621094,202.0,218.0,202.0,214.0,22384900
2022-01-12,179.9380340576172,216.0,222.0,202.0,206.0,96510400
2022-01-13,174.9397430419922,210.0,218.0,206.0,216.0,26573100
2022-01-14,168.27537536621094,202.0,218.0,202.0,210.0,28693100
2022-01-17,162.4440460205078,195.0,204.0,195.0,202.0,30488500
2022-01-18,157.44577026367188,189.0,200.0,185.0,195.0,26148400
2022-01-19,166.6092987060547,200.0,200.0,189.0,190.0,28935800
2022-01-20,159.94491577148438,192.0,204.0,191.0,202.0,29059500
2022-01-21,155.77967834472656,187.0,196.0,185.0,193.0,23660500
2022-01-24,158.27882385253906,190.0,191.0,182.0,187.0,25228100
2022-01-25,151.6144561767578,182.0,191.0,177.0,190.0,18602500
2022-01-26,146.61618041992188,176.0,187.0,175.0,181.0,15914600
2022-01-27,136.61961364746094,164.0,182.0,164.0,176.0,90038300
2022-01-28,127.45610046386719,153.0,164.0,153.0,164.0,36670700
2022-01-31,129.9552459716797,156.0,161.0,153.0,153.0,17696900
2022-02-02,132.45437622070312,159.0,161.0,156.0,156.0,12903600
2022-02-03,130.7882843017578,157.0,162.0,156.0,160.0,14469300
2022-02-04,133.2874298095703,160.0,164.0,156.0,158.0,23246500
2022-02-07,134.1204833984375,161.0,167.0,161.0,161.0,18856700
2022-02-08,135.78656005859375,163.0,165.0,161.0,161.0,13211000
2022-02-09,139.95181274414062,168.0,168.0,160.0,164.0,25365800
2022-02-10,135.78656005859375,163.0,170.0,163.0,169.0,19733500
2022-02-11,134.9535369873047,162.0,165.0,159.0,163.0,7789300
2022-02-14,128.28915405273438,154.0,163.0,154.0,162.0,8730600
2022-02-15,139.95181274414062,168.0,169.0,153.0,154.0,29542600
2022-02-16,149.1153106689453,179.0,189.0,168.0,189.0,28049700
2022-02-17,147.44923400878906,177.0,180.0,174.0,180.0,8713300
2022-02-18,144.95008850097656,174.0,181.0,173.0,178.0,10636900
2022-02-21,147.44923400878906,177.0,180.0,172.0,174.0,8510700
2022-02-22,145.78314208984375,175.0,179.0,174.0,178.0,5839500
2022-02-23,147.44923400878906,177.0,180.0,175.0,175.0,11215500
2022-02-24,137.45266723632812,165.0,182.0,165.0,177.0,15970600
2022-02-25,130.7882843017578,157.0,165.0,157.0,165.0,5697500
2022-03-01,134.1204833984375,161.0,164.0,155.0,157.0,6082600
2022-03-02,129.9552459716797,156.0,163.0,155.0,163.0,3603300
2022-03-04,121.62478637695312,146.0,158.0,146.0,156.0,11713000
2022-03-07,116.6264877319336,140.0,146.0,136.0,145.0,9351100
2022-03-08,114.12736511230469,137.0,147.0,137.0,140.0,8129200
2022-03-09,116.6264877319336,140.0,143.0,137.0,138.0,3757400
2022-03-10,116.6264877319336,140.0,142.0,137.0,142.0,1499000
2022-03-11,117.45955657958984,141.0,142.0,139.0,140.0,2754700
2022-03-14,118.2926025390625,142.0,146.0,133.0,133.0,4016300
2022-03-15,114.12736511230469,137.0,144.0,136.0,141.0,6420200
2022-03-16,113.29431915283203,136.0,140.0,129.0,129.0,1508100
2022-03-17,114.96041107177734,138.0,139.0,130.0,135.0,3138500
2022-03-18,114.12736511230469,137.0,145.0,136.0,136.0,7338500
2022-03-21,112.46127319335938,135.0,140.0,134.0,140.0,4194100
2022-03-22,109.9621353149414,132.0,135.0,131.0,135.0,3969700
2022-03-23,112.46127319335938,135.0,139.0,131.0,131.0,11245000
2022-03-24,112.46127319335938,135.0,139.0,134.0,136.0,7953500
2022-03-25,111.62823486328125,134.0,138.0,133.0,135.0,6156400
2022-03-28,114.12736511230469,137.0,137.0,134.0,135.0,3647700
2022-03-29,111.62823486328125,134.0,139.0,133.0,139.0,5787400
2022-03-30,112.46127319335938,135.0,136.0,133.0,136.0,3458700
2022-03-31,113.29431915283203,136.0,141.0,132.0,135.0,16053800
2022-04-01,113.29431915283203,136.0,137.0,134.0,137.0,13896000
2022-04-04,114.12736511230469,137.0,138.0,135.0,136.0,18248500
2022-04-05,145.78314208984375,175.0,182.0,136.0,137.0,180321000
2022-04-06,139.11875915527344,167.0,179.0,163.0,176.0,71268800
2022-04-07,148.28225708007812,178.0,178.0,162.0,168.0,56592100
2022-04-08,140.78485107421875,169.0,184.0,167.0,179.0,46420900
2022-04-11,131.621337890625,158.0,170.0,158.0,169.0,17928700
2022-04-12,135.78656005859375,163.0,166.0,155.0,158.0,18065900
2022-04-13,144.95008850097656,174.0,182.0,164.0,164.0,132227900
2022-04-14,134.9535369873047,162.0,178.0,162.0,175.0,55782200
2022-04-18,135.78656005859375,163.0,169.0,161.0,162.0,36740400
2022-04-19,132.45437622070312,159.0,165.0,152.0,164.0,42607300
2022-04-20,132.45437622070312,159.0,164.0,156.0,159.0,23211700
2022-04-21,131.621337890625,158.0,160.0,154.0,159.0,12245000
2022-04-22,129.9552459716797,156.0,160.0,153.0,158.0,10449100
2022-04-25,160.77796936035156,193.0,193.0,156.0,160.0,257149200
2022-04-26,149.9483642578125,180.0,195.0,180.0,195.0,59458900
2022-04-27,154.1136016845703,185.0,200.0,168.0,170.0,208740400
2022-04-28,153.28053283691406,184.0,197.0,181.0,186.0,97290200
2022-05-09,147.1561279296875,173.0,189.0,172.0,184.0,27921100
2022-05-10,150.55859375,177.0,184.0,161.0,174.0,46637700
2022-05-11,148.00674438476562,174.0,182.0,173.0,178.0,22490200
2022-05-12,142.05245971679688,167.0,176.0,165.0,175.0,19608800
2022-05-13,147.1561279296875,173.0,177.0,164.0,166.0,37200800
2022-05-17,145.45489501953125,171.0,174.0,167.0,173.0,18306300
2022-05-18,155.6622772216797,183.0,189.0,169.0,172.0,99955100
2022-05-19,147.1561279296875,173.0,183.0,173.0,181.0,39315100
2022-05-20,148.00674438476562,174.0,175.0,169.0,172.0,23266600
2022-05-23,145.45489501953125,171.0,182.0,171.0,174.0,61490800
2022-05-24,136.09814453125,160.0,173.0,160.0,171.0,56146700
2022-05-25,132.69569396972656,156.0,160.0,151.0,151.0,30242700
2022-05-27,127.5920181274414,150.0,162.0,146.0,158.0,42838900
2022-05-30,126.74140930175781,149.0,155.0,144.0,150.0,32401600
2022-05-31,126.74140930175781,149.0,155.0,147.0,150.0,25041600
2022-06-02,125.0401840209961,147.0,152.0,146.0,150.0,18480800
2022-06-03,125.89078521728516,148.0,154.0,145.0,148.0,35954100
2022-06-06,125.0401840209961,147.0,151.0,147.0,151.0,7726000
2022-06-07,121.6377182006836,143.0,148.0,141.0,147.0,17159100
2022-06-08,120.78711700439453,142.0,145.0,142.0,144.0,7836300
2022-06-09,117.38465881347656,138.0,147.0,137.0,142.0,17752400
2022-06-10,117.38465881347656,138.0,141.0,138.0,139.0,6429300
2022-06-13,111.43036651611328,131.0,139.0,129.0,138.0,16267200
2022-06-14,110.57975006103516,130.0,134.0,125.0,131.0,4585400
2022-06-15,110.57975006103516,130.0,138.0,129.0,130.0,17032900
2022-06-16,113.98220825195312,134.0,136.0,130.0,131.0,9012000
2022-06-17,110.57975006103516,130.0,136.0,130.0,134.0,11726300
2022-06-20,109.72913360595703,129.0,133.0,129.0,132.0,6522500
2022-06-21,113.98220825195312,134.0,135.0,129.0,130.0,7145300
2022-06-22,111.43036651611328,131.0,135.0,131.0,134.0,2960900
2022-06-23,110.57975006103516,130.0,132.0,128.0,132.0,3626000
2022-06-24,113.131591796875,133.0,133.0,129.0,130.0,3639100
2022-06-27,113.98220825195312,134.0,135.0,132.0,133.0,4879800
2022-06-28,113.98220825195312,134.0,138.0,132.0,134.0,11739300
2022-06-29,111.43036651611328,131.0,135.0,130.0,135.0,5783400
2022-06-30,103.77484130859375,122.0,131.0,122.0,131.0,12861900
2022-07-01,101.22300720214844,119.0,124.0,114.0,120.0,13751100
2022-07-04,95.26871490478516,112.0,121.0,111.0,120.0,10048200
2022-07-05,98.67117309570312,116.0,121.0,106.0,106.0,8024500
2022-07-06,95.26871490478516,112.0,117.0,111.0,111.0,2923100
2022-07-07,96.96993255615234,114.0,116.0,112.0,112.0,3834400
2022-07-08,96.96993255615234,114.0,117.0,114.0,114.0,4200800
2022-07-11,96.11932373046875,113.0,115.0,112.0,114.0,3035800
2022-07-12,97.82054901123047,115.0,115.0,112.0,114.0,2107300
2022-07-13,96.96993255615234,114.0,115.0,113.0,115.0,2404500
2022-07-14,96.11932373046875,113.0,115.0,112.0,114.0,2679400
2022-07-15,95.26871490478516,112.0,114.0,111.0,113.0,2576600
2022-07-18,91.86625671386719,108.0,113.0,106.0,111.0,5509500
2022-07-19,96.11932373046875,113.0,114.0,108.0,109.0,11619600
2022-07-20,97.82054901123047,115.0,117.0,113.0,114.0,8536500
2022-07-21,96.96993255615234,114.0,116.0,109.0,109.0,5049300
2022-07-22,98.67117309570312,116.0,116.0,111.0,115.0,6112500
2022-07-25,100.37239074707031,118.0,120.0,116.0,116.0,9840400
2022-07-26,104.62545776367188,123.0,125.0,119.0,119.0,13325000
2022-07-27,101.22300720214844,119.0,124.0,116.0,123.0,6395000
2022-07-28,102.92423248291016,121.0,122.0,117.0,119.0,4466400
2022-07-29,103.77484130859375,122.0,126.0,119.0,121.0,14479300
2022-08-01,107.17729187011719,126.0,129.0,121.0,122.0,13399700
2022-08-02,102.0736083984375,120.0,128.0,119.0,128.0,7788600
2022-08-03,108.02790069580078,127.0,128.0,120.0,120.0,19213400
2022-08-04,114.83281707763672,135.0,135.0,127.0,128.0,60174200
2022-08-05,111.43036651611328,131.0,140.0,130.0,136.0,50522600
2022-08-08,109.72913360595703,129.0,133.0,127.0,132.0,7994000
2022-08-09,109.72913360595703,129.0,132.0,127.0,129.0,7658100
2022-08-10,108.87853240966797,128.0,131.0,127.0,129.0,6077400
2022-08-11,108.02790069580078,127.0,130.0,125.0,128.0,15730100
2022-08-12,108.87853240966797,128.0,129.0,126.0,127.0,8581800
2022-08-15,112.2809829711914,132.0,133.0,127.0,129.0,21833800
2022-08-16,119.08587646484375,140.0,140.0,132.0,132.0,72658500
2022-08-18,114.83281707763672,135.0,145.0,135.0,140.0,48526200
2022-08-19,112.2809829711914,132.0,136.0,131.0,135.0,14718100
2022-08-22,108.87853240966797,128.0,137.0,127.0,130.0,20127700
2022-08-23,107.17729187011719,126.0,129.0,126.0,128.0,6969300
2022-08-24,108.02790069580078,127.0,130.0,126.0,126.0,4014700
2022-08-25,106.32669067382812,125.0,129.0,124.0,127.0,3983200
2022-08-26,103.77484130859375,122.0,129.0,121.0,125.0,23332700
2022-08-29,101.22300720214844,119.0,122.0,116.0,122.0,4851700
2022-08-30,101.22300720214844,119.0,127.0,118.0,119.0,14086900
2022-08-31,102.0736083984375,120.0,123.0,118.0,119.0,3383500
2022-09-01,102.0736083984375,120.0,122.0,118.0,120.0,3046200
2022-09-02,102.0736083984375,120.0,122.0,119.0,120.0,2087700
2022-09-05,100.37239074707031,118.0,120.0,116.0,119.0,3102300
2022-09-06,101.22300720214844,119.0,121.0,118.0,118.0,3091400
2022-09-07,101.22300720214844,119.0,121.0,118.0,119.0,2781000
2022-09-08,101.22300720214844,119.0,120.0,118.0,120.0,1462100
2022-09-09,101.22300720214844,119.0,122.0,118.0,119.0,8856600
2022-09-12,102.0736083984375,120.0,125.0,118.0,119.0,11251000
2022-09-13,102.0736083984375,120.0,123.0,120.0,123.0,4951100
2022-09-14,102.92423248291016,121.0,126.0,120.0,123.0,22179600
2022-09-15,103.77484130859375,122.0,124.0,121.0,121.0,10658000
2022-09-16,106.32669067382812,125.0,128.0,121.0,122.0,39549700
2022-09-19,100.37239074707031,118.0,126.0,118.0,125.0,13514000
2022-09-20,101.22300720214844,119.0,121.0,117.0,118.0,14704200
2022-09-21,99.52176666259766,117.0,120.0,117.0,119.0,6715900
2022-09-22,98.67117309570312,116.0,118.0,115.0,118.0,9488800
2022-09-23,104.62545776367188,123.0,123.0,114.0,116.0,19836300
2022-09-26,98.67117309570312,116.0,124.0,115.0,123.0,11056500
2022-09-27,98.67117309570312,116.0,118.0,114.0,114.0,9886900
2022-09-28,97.82054901123047,115.0,117.0,111.0,111.0,4114900
2022-09-29,95.26871490478516,112.0,117.0,112.0,116.0,8007200
2022-09-30,94.4180908203125,111.0,113.0,107.0,111.0,5092500
2022-10-03,94.4180908203125,111.0,113.0,109.0,109.0,1793800
2022-10-04,95.26871490478516,112.0,114.0,112.0,112.0,1630200
2022-10-05,96.11932373046875,113.0,115.0,112.0,113.0,2257800
2022-10-06,95.26871490478516,112.0,114.0,112.0,113.0,2992500
2022-10-07,97.82054901123047,115.0,115.0,111.0,113.0,7650100
2022-10-10,97.82054901123047,115.0,118.0,114.0,117.0,10131500
2022-10-11,94.4180908203125,111.0,115.0,111.0,115.0,8278700
2022-10-12,91.86625671386719,108.0,113.0,107.0,111.0,5974200
2022-10-13,96.11932373046875,113.0,113.0,108.0,108.0,5436000
2022-10-14,92.71687316894531,109.0,116.0,109.0,113.0,10813700
2022-10-17,86.7625732421875,102.0,110.0,102.0,109.0,10463500
2022-10-18,85.91195678710938,101.0,105.0,101.0,102.0,3503800
2022-10-19,90.16503143310547,106.0,109.0,101.0,102.0,7031900
2022-10-20,92.71687316894531,109.0,114.0,106.0,108.0,28807300
2022-10-21,93.5674819946289,110.0,113.0,108.0,111.0,12552700
2022-10-24,95.26871490478516,112.0,114.0,108.0,110.0,12283500
2022-10-25,103.77484130859375,122.0,125.0,111.0,112.0,83086000
2022-10-26,104.62545776367188,123.0,124.0,119.0,122.0,34717000
2022-10-27,103.77484130859375,122.0,124.0,119.0,123.0,11195600
2022-10-28,103.77484130859375,122.0,123.0,117.0,121.0,13628400
2022-10-31,107.17729187011719,126.0,132.0,118.0,132.0,34682400
2022-11-01,110.57975006103516,130.0,131.0,125.0,128.0,52178000
2022-11-02,107.17729187011719,126.0,131.0,125.0,131.0,22612000
2022-11-03,100.37239074707031,118.0,126.0,118.0,126.0,17103300
2022-11-04,93.5674819946289,110.0,118.0,110.0,118.0,29776600
2022-11-07,94.4180908203125,111.0,117.0,108.0,112.0,25825200
2022-11-08,93.5674819946289,110.0,148.0,110.0,148.0,9769800
2022-11-09,93.5674819946289,110.0,111.0,109.0,111.0,1920200
2022-11-10,89.31440734863281,105.0,111.0,104.0,110.0,6311800
2022-11-11,90.16503143310547,106.0,108.0,105.0,105.0,2349700
2022-11-14,88.46379852294922,104.0,108.0,100.0,108.0,11678100
2022-11-15,89.31440734863281,105.0,106.0,103.0,104.0,5483200
2022-11-16,89.31440734863281,105.0,106.0,100.0,100.0,1644300
2022-11-17,89.31440734863281,105.0,105.0,103.0,105.0,3371600
2022-11-18,88.46379852294922,104.0,105.0,99.0,103.0,8810600
2022-11-21,87.61318969726562,103.0,104.0,103.0,104.0,2401800
2022-11-22,90.16503143310547,106.0,115.0,103.0,103.0,34337800
2022-11-23,88.46379852294922,104.0,108.0,103.0,107.0,7101100
2022-11-24,90.16503143310547,106.0,107.0,103.0,103.0,5300400
2022-11-25,90.16503143310547,106.0,110.0,105.0,107.0,7388700
2022-11-28,90.16503143310547,106.0,110.0,103.0,103.0,12758900
2022-11-29,88.46379852294922,104.0,106.0,104.0,106.0,2448400
2022-11-30,87.61318969726562,103.0,106.0,103.0,104.0,1928400
2022-12-01,87.61318969726562,103.0,105.0,103.0,103.0,895300
2022-12-02,87.61318969726562,103.0,104.0,101.0,103.0,2500800
2022-12-05,89.31440734863281,105.0,109.0,101.0,103.0,13870700
2022-12-06,88.46379852294922,104.0,107.0,104.0,107.0,2777700
2022-12-07,88.46379852294922,104.0,105.0,103.0,104.0,1271400
2022-12-08,86.7625732421875,102.0,104.0,101.0,104.0,2781600
2022-12-09,86.7625732421875,102.0,103.0,101.0,103.0,874900
2022-12-12,86.7625732421875,102.0,104.0,101.0,102.0,1084300
2022-12-13,87.61318969726562,103.0,103.0,102.0,102.0,1017200
2022-12-14,88.46379852294922,104.0,104.0,102.0,103.0,1928300
2022-12-15,90.16503143310547,106.0,108.0,103.0,104.0,4462600
2022-12-16,89.31440734863281,105.0,107.0,104.0,106.0,2033500
2022-12-19,91.86625671386719,108.0,110.0,105.0,105.0,6454900
2022-12-20,96.11932373046875,113.0,115.0,108.0,109.0,15936800
2022-12-21,92.71687316894531,109.0,115.0,109.0,114.0,7698500
2022-12-22,90.16503143310547,106.0,112.0,106.0,110.0,3923700
2022-12-23,91.86625671386719,108.0,108.0,105.0,106.0,1763100
2022-12-26,91.86625671386719,108.0,109.0,106.0,109.0,2897500
2022-12-27,91.0156478881836,107.0,108.0,107.0,108.0,1460700
2022-12-28,90.16503143310547,106.0,108.0,106.0,108.0,1443100
2022-12-29,91.0156478881836,107.0,110.0,106.0,106.0,1120500
2022-12-30,92.71687316894531,109.0,109.0,107.0,108.0,1067700
2023-01-02,93.5674819946289,110.0,112.0,109.0,110.0,1464600
2023-01-03,92.71687316894531,109.0,111.0,109.0,110.0,1380400
2023-01-04,92.71687316894531,109.0,110.0,108.0,109.0,1652000
2023-01-05,91.0156478881836,107.0,109.0,107.0,109.0,1706100
2023-01-06,91.0156478881836,107.0,109.0,106.0,108.0,2281600
2023-01-09,91.0156478881836,107.0,109.0,107.0,107.0,614900
2023-01-10,90.16503143310547,106.0,108.0,106.0,108.0,1593600
2023-01-11,91.86625671386719,108.0,109.0,105.0,106.0,1408500
2023-01-12,90.16503143310547,106.0,108.0,106.0,108.0,564200
2023-01-13,93.5674819946289,110.0,115.0,106.0,107.0,13304000
2023-01-16,91.86625671386719,108.0,112.0,108.0,112.0,2512300
2023-01-17,92.71687316894531,109.0,110.0,108.0,109.0,2085200
2023-01-18,94.4180908203125,111.0,114.0,108.0,109.0,9782800
2023-01-19,93.5674819946289,110.0,113.0,110.0,112.0,2360400
2023-01-20,91.86625671386719,108.0,111.0,108.0,110.0,2547400
2023-01-24,92.71687316894531,109.0,113.0,108.0,108.0,8237500
2023-01-25,94.4180908203125,111.0,112.0,108.0,110.0,1620300
2023-01-26,96.11932373046875,113.0,116.0,110.0,110.0,14715900
2023-01-27,94.4180908203125,111.0,115.0,110.0,113.0,3106900
2023-01-30,93.5674819946289,110.0,112.0,109.0,112.0,2362900
2023-01-31,93.5674819946289,110.0,112.0,109.0,111.0,2913500
2023-02-01,95.26871490478516,112.0,112.0,110.0,111.0,1235100
2023-02-02,94.4180908203125,111.0,112.0,110.0,112.0,806100
2023-02-03,93.5674819946289,110.0,112.0,110.0,111.0,2330300
2023-02-06,93.5674819946289,110.0,111.0,108.0,110.0,1945700
2023-02-07,94.4180908203125,111.0,111.0,110.0,111.0,1611200
2023-02-08,96.11932373046875,113.0,118.0,110.0,111.0,17565600
2023-02-09,96.96993255615234,114.0,116.0,112.0,115.0,2984100
2023-02-10,96.11932373046875,113.0,116.0,111.0,114.0,3453100
2023-02-13,94.4180908203125,111.0,113.0,111.0,113.0,925500
2023-02-14,95.26871490478516,112.0,112.0,110.0,110.0,3843600
2023-02-15,95.26871490478516,112.0,115.0,111.0,112.0,3567500
2023-02-16,96.11932373046875,113.0,114.0,112.0,113.0,1158100
2023-02-17,95.26871490478516,112.0,114.0,111.0,113.0,688200
2023-02-20,94.4180908203125,111.0,113.0,111.0,112.0,1009700
2023-02-21,94.4180908203125,111.0,113.0,111.0,111.0,737100
2023-02-22,96.11932373046875,113.0,114.0,111.0,111.0,1293300
2023-02-23,96.96993255615234,114.0,114.0,112.0,114.0,806900
2023-02-24,96.96993255615234,114.0,114.0,112.0,113.0,668700
2023-02-27,97.82054901123047,115.0,115.0,113.0,114.0,1437600
2023-02-28,97.82054901123047,115.0,121.0,114.0,115.0,8502100
2023-03-01,96.96993255615234,114.0,116.0,112.0,115.0,1962100
2023-03-02,96.96993255615234,114.0,115.0,114.0,115.0,1520200
2023-03-03,97.82054901123047,115.0,116.0,114.0,114.0,811800
2023-03-06,96.96993255615234,114.0,116.0,114.0,115.0,1511300
2023-03-07,96.11932373046875,113.0,115.0,113.0,114.0,1325500
2023-03-08,96.96993255615234,114.0,114.0,112.0,113.0,1461400
2023-03-09,94.4180908203125,111.0,114.0,111.0,114.0,3046800
2023-03-10,94.4180908203125,111.0,113.0,110.0,111.0,1554400
2023-03-13,95.26871490478516,112.0,114.0,110.0,111.0,1915400
2023-03-14,93.5674819946289,110.0,113.0,110.0,112.0,2688400
2023-03-15,91.86625671386719,108.0,111.0,107.0,110.0,2217600
2023-03-16,89.31440734863281,105.0,108.0,104.0,108.0,4069300
2023-03-17,88.46379852294922,104.0,107.0,102.0,106.0,1837100
2023-03-20,92.71687316894531,109.0,115.0,103.0,104.0,3729200
2023-03-21,91.0156478881836,107.0,111.0,105.0,110.0,2281300
2023-03-24,91.86625671386719,108.0,110.0,107.0,107.0,2315700
2023-03-27,92.71687316894531,109.0,110.0,108.0,109.0,817400
2023-03-28,94.4180908203125,111.0,111.0,108.0,108.0,1876700
2023-03-29,94.4180908203125,111.0,112.0,109.0,110.0,2874900
2023-03-30,93.5674819946289,110.0,111.0,109.0,110.0,1578800
2023-03-31,92.71687316894531,109.0,111.0,108.0,111.0,2093600
2023-04-03,93.5674819946289,110.0,111.0,109.0,109.0,2250400
2023-04-04,92.71687316894531,109.0,110.0,109.0,110.0,3783300
2023-04-05,92.71687316894531,109.0,110.0,108.0,110.0,1309500
2023-04-06,91.86625671386719,108.0,110.0,108.0,109.0,616800
2023-04-10,91.86625671386719,108.0,110.0,106.0,108.0,3134100
2023-04-11,91.86625671386719,108.0,109.0,107.0,108.0,5276800
2023-04-12,91.86625671386719,108.0,109.0,106.0,108.0,3713400
2023-04-13,90.16503143310547,106.0,108.0,106.0,108.0,5297300
2023-04-14,89.31440734863281,105.0,107.0,105.0,107.0,2959900
2023-04-17,91.0156478881836,107.0,114.0,103.0,103.0,10284300
2023-04-18,90.16503143310547,106.0,108.0,105.0,107.0,2076200
2023-04-26,90.16503143310547,106.0,108.0,106.0,106.0,4336200
2023-04-27,93.5674819946289,110.0,110.0,104.0,107.0,7649100
2023-04-28,96.11932373046875,113.0,114.0,108.0,109.0,19598300
2023-05-02,101.22300720214844,119.0,120.0,113.0,114.0,30416700
2023-05-03,106.32669067382812,125.0,125.0,118.0,119.0,101519000
2023-05-04,99.52176666259766,117.0,130.0,117.0,125.0,82806300
2023-05-05,106.32669067382812,125.0,125.0,109.0,117.0,18773500
2023-05-08,114.83281707763672,135.0,135.0,118.0,126.0,33007500
2023-05-09,115.68343353271484,136.0,139.0,129.0,135.0,18426800
2023-05-10,113.131591796875,133.0,138.0,132.0,136.0,4266000
2023-05-11,115.68343353271484,136.0,139.0,131.0,132.0,14463500
2023-05-12,113.98220825195312,134.0,142.0,134.0,138.0,18610700
2023-05-15,113.131591796875,133.0,136.0,130.0,134.0,8608100
2023-05-16,111.43036651611328,131.0,140.0,130.0,134.0,21063100
2023-05-17,105.47606658935547,124.0,131.0,123.0,131.0,13863400
2023-05-19,98.67117309570312,116.0,129.0,116.0,129.0,17557300
2023-05-22,102.92423248291016,121.0,122.0,113.0,116.0,7556800
2023-05-23,101.22300720214844,119.0,123.0,118.0,122.0,3612900
2023-05-24,104.62545776367188,123.0,124.0,118.0,119.0,8128500
2023-05-25,100.37239074707031,118.0,125.0,118.0,123.0,4840100
2023-05-26,100.37239074707031,118.0,123.0,118.0,118.0,4072900
2023-05-29,108.22761535644531,124.0,124.0,117.0,119.0,4401000
2023-05-30,104.73639678955078,120.0,127.0,118.0,124.0,11964200
2023-05-31,102.11799621582031,117.0,121.0,116.0,120.0,4864900
2023-06-05,102.11799621582031,117.0,118.0,114.0,117.0,1573000
2023-06-06,106.48200988769531,122.0,124.0,115.0,117.0,5729600
2023-06-07,105.60921478271484,121.0,125.0,118.0,123.0,3951800
2023-06-08,106.48200988769531,122.0,124.0,120.0,121.0,1802300
2023-06-09,104.73639678955078,120.0,123.0,119.0,122.0,1942100
2023-06-12,102.99079132080078,118.0,121.0,118.0,120.0,2225000
2023-06-13,104.73639678955078,120.0,122.0,118.0,118.0,1691000
2023-06-14,105.60921478271484,121.0,122.0,120.0,120.0,886800
2023-06-15,104.73639678955078,120.0,122.0,119.0,120.0,1505400
2023-06-16,104.73639678955078,120.0,121.0,119.0,120.0,1322100
2023-06-19,106.48200988769531,122.0,122.0,119.0,120.0,2090200
2023-06-20,116.95565032958984,134.0,134.0,121.0,122.0,26237000
2023-06-21,114.33724212646484,131.0,136.0,128.0,135.0,13693000
2023-06-22,109.97322845458984,126.0,148.0,126.0,148.0,28971800
2023-06-23,109.97322845458984,126.0,129.0,124.0,126.0,7872400
2023-06-26,113.46443939208984,130.0,132.0,125.0,126.0,21633300
2023-06-27,112.59163665771484,129.0,132.0,127.0,131.0,10680100
2023-07-03,112.59163665771484,126.0,129.0,124.0,129.0,6905800
2023-07-04,111.69805145263672,125.0,126.0,123.0,126.0,3132500
2023-07-05,114.3788070678711,128.0,128.0,124.0,125.0,3750600
2023-07-06,117.95314025878906,132.0,133.0,127.0,128.0,12833300
2023-07-07,115.27239227294922,129.0,135.0,128.0,132.0,9485400
2023-07-10,114.3788070678711,128.0,131.0,127.0,129.0,3373400
2023-07-11,115.27239227294922,129.0,131.0,127.0,129.0,1224300
2023-07-12,114.3788070678711,128.0,130.0,127.0,129.0,2478200
2023-07-13,115.27239227294922,129.0,130.0,127.0,128.0,1421400
2023-07-14,117.05955505371094,131.0,133.0,128.0,130.0,4382900
2023-07-17,115.27239227294922,129.0,135.0,129.0,133.0,4499200
2023-07-18,115.27239227294922,129.0,131.0,128.0,130.0,3944400
2023-07-20,113.48521423339844,127.0,130.0,126.0,129.0,5045200
2023-07-21,114.3788070678711,128.0,129.0,127.0,127.0,2796000
2023-07-24,114.3788070678711,128.0,129.0,126.0,128.0,2007900
2023-07-25,115.27239227294922,129.0,130.0,126.0,128.0,2288500
2023-07-26,122.42106628417969,137.0,138.0,127.0,130.0,20667200
2023-07-27,120.63389587402344,135.0,139.0,132.0,139.0,9987600
2023-07-28,120.63389587402344,135.0,137.0,132.0,135.0,2787800
2023-07-31,118.84672546386719,133.0,137.0,132.0,135.0,3917600
2023-08-01,117.95314025878906,132.0,135.0,129.0,133.0,6592100
2023-08-02,114.3788070678711,128.0,133.0,127.0,132.0,3641500
2023-08-03,115.27239227294922,129.0,130.0,127.0,128.0,1508400
2023-08-04,115.27239227294922,129.0,132.0,127.0,129.0,2193800
2023-08-07,117.05955505371094,131.0,133.0,129.0,129.0,3186600
2023-08-08,119.74031066894531,134.0,139.0,131.0,134.0,11549000
2023-08-09,117.05955505371094,131.0,136.0,131.0,136.0,3604500
2023-08-10,121.5274887084961,136.0,137.0,131.0,131.0,5720100
2023-08-11,119.74031066894531,134.0,140.0,133.0,138.0,6301700
2023-08-14,122.42106628417969,137.0,139.0,132.0,135.0,34266300
2023-08-15,123.31464385986328,138.0,140.0,136.0,138.0,4134600
2023-08-16,119.74031066894531,134.0,138.0,134.0,138.0,2808000
2023-08-18,117.95314025878906,132.0,136.0,131.0,134.0,2903400
2023-08-21,113.48521423339844,127.0,132.0,122.0,131.0,7161000
2023-08-22,116.16597747802734,130.0,130.0,126.0,127.0,1586600
2023-08-23,114.3788070678711,128.0,131.0,127.0,131.0,1972700
2023-08-24,113.48521423339844,127.0,129.0,126.0,129.0,1030600
2023-08-25,111.69805145263672,125.0,128.0,125.0,127.0,855700
2023-08-28,113.48521423339844,127.0,128.0,125.0,126.0,1055600
2023-08-29,112.59163665771484,126.0,129.0,124.0,128.0,1630800
2023-08-30,114.3788070678711,128.0,129.0,122.0,126.0,10498100
2023-08-31,111.69805145263672,125.0,132.0,125.0,128.0,6868000
2023-09-01,111.69805145263672,125.0,127.0,124.0,125.0,1276500
2023-09-04,111.69805145263672,125.0,125.0,123.0,125.0,1310500
2023-09-05,109.91088104248047,123.0,127.0,123.0,127.0,1593500
2023-09-06,111.69805145263672,125.0,126.0,123.0,123.0,1455600
2023-09-07,110.8044662475586,124.0,126.0,123.0,126.0,1229600
2023-09-08,111.69805145263672,125.0,126.0,124.0,125.0,1016500
2023-09-11,112.59163665771484,126.0,127.0,124.0,125.0,2403900
2023-09-12,113.48521423339844,127.0,129.0,126.0,126.0,3787100
2023-09-13,116.16597747802734,130.0,131.0,127.0,128.0,5733800
2023-09-14,113.48521423339844,127.0,131.0,126.0,130.0,4190100
2023-09-15,113.48521423339844,127.0,129.0,127.0,127.0,777800
2023-09-18,111.69805145263672,125.0,127.0,122.0,127.0,3259500
2023-09-19,111.69805145263672,125.0,126.0,124.0,125.0,1563000
2023-09-20,111.69805145263672,125.0,126.0,123.0,125.0,1457000
2023-09-21,112.59163665771484,126.0,127.0,125.0,125.0,671400
2023-09-22,113.48521423339844,127.0,127.0,125.0,126.0,337900
2023-09-25,111.69805145263672,125.0,127.0,125.0,127.0,849900
2023-09-26,110.8044662475586,124.0,126.0,124.0,126.0,952900
2023-09-27,112.59163665771484,126.0,128.0,123.0,124.0,942200
2023-09-29,112.59163665771484,126.0,128.0,125.0,126.0,671900
2023-10-02,111.69805145263672,125.0,126.0,124.0,126.0,1578400
2023-10-03,111.69805145263672,125.0,126.0,124.0,125.0,507700
2023-10-04,110.8044662475586,124.0,126.0,124.0,125.0,670900
2023-10-05,109.91088104248047,123.0,126.0,123.0,124.0,1325100
2023-10-06,109.91088104248047,123.0,125.0,123.0,123.0,648300
2023-10-09,111.69805145263672,125.0,125.0,122.0,123.0,440300
2023-10-10,111.69805145263672,125.0,125.0,124.0,125.0,179700
2023-10-11,111.69805145263672,125.0,132.0,123.0,125.0,8681500
2023-10-12,114.3788070678711,128.0,128.0,124.0,125.0,1386700
2023-10-13,111.69805145263672,125.0,133.0,125.0,128.0,9655000
2023-10-16,112.59163665771484,126.0,127.0,125.0,125.0,837600
2023-10-17,112.59163665771484,126.0,128.0,125.0,126.0,503900
2023-10-18,111.69805145263672,125.0,126.0,124.0,126.0,1133400
2023-10-19,109.01729583740234,122.0,126.0,117.0,125.0,4998000
2023-10-20,107.2301254272461,120.0,122.0,117.0,122.0,2237700
2023-10-23,100.08145904541016,112.0,120.0,112.0,120.0,4401600
2023-10-24,103.65579223632812,116.0,117.0,111.0,112.0,3884000
2023-10-25,103.65579223632812,116.0,117.0,115.0,116.0,467600
2023-10-26,102.76220703125,115.0,117.0,115.0,116.0,305700
2023-10-27,102.76220703125,115.0,116.0,112.0,116.0,1435500
2023-10-30,107.2301254272461,120.0,127.0,113.0,115.0,7710300
2023-10-31,103.65579223632812,116.0,122.0,116.0,122.0,3220200
2023-11-01,103.65579223632812,116.0,117.0,114.0,116.0,1445400
2023-11-02,102.76220703125,115.0,118.0,114.0,115.0,1301300
2023-11-03,103.65579223632812,116.0,118.0,115.0,116.0,770300
2023-11-06,104.54937744140625,117.0,119.0,116.0,116.0,1528800
2023-11-07,108.12371826171875,121.0,123.0,117.0,117.0,3926800
2023-11-08,109.01729583740234,122.0,123.0,120.0,121.0,1362600
2023-11-09,108.12371826171875,121.0,127.0,121.0,122.0,1674600
2023-11-10,108.12371826171875,121.0,125.0,119.0,122.0,759700
2023-11-13,105.44295501708984,118.0,124.0,113.0,121.0,2655700
2023-11-14,106.3365478515625,119.0,119.0,117.0,118.0,680200
2023-11-15,108.12371826171875,121.0,121.0,118.0,119.0,664700
2023-11-16,108.12371063232422,119.0,125.0,118.0,122.0,16024800
2023-11-17,107.21510314941406,118.0,120.0,118.0,120.0,1265900
2023-11-20,106.30650329589844,117.0,120.0,117.0,118.0,602000
2023-11-21,105.39790344238281,116.0,119.0,116.0,117.0,764200
2023-11-22,106.30650329589844,117.0,117.0,115.0,116.0,988000
2023-11-23,104.48930358886719,115.0,117.0,115.0,117.0,832200
2023-11-24,106.30650329589844,117.0,117.0,115.0,115.0,699200
2023-11-27,105.39790344238281,116.0,118.0,116.0,116.0,314100
2023-11-28,104.48930358886719,115.0,117.0,115.0,117.0,221700
2023-11-29,108.12371063232422,119.0,121.0,115.0,117.0,3375100
2023-11-30,108.12371063232422,119.0,121.0,118.0,119.0,471200
2023-12-01,104.48930358886719,115.0,119.0,115.0,119.0,924700
2023-12-04,107.21510314941406,118.0,118.0,116.0,116.0,192600
2023-12-05,105.39790344238281,116.0,118.0,115.0,115.0,273700
2023-12-06,105.39790344238281,116.0,118.0,115.0,116.0,712000
2023-12-07,103.58069610595703,114.0,117.0,113.0,115.0,887000
2023-12-08,104.48930358886719,115.0,115.0,107.0,107.0,465500
2023-12-11,105.39790344238281,116.0,120.0,109.0,109.0,891600
2023-12-12,103.58069610595703,114.0,116.0,110.0,110.0,549900
2023-12-13,100.85488891601562,111.0,114.0,109.0,109.0,1503600
2023-12-14,102.6720962524414,113.0,116.0,105.0,105.0,746400
2023-12-15,102.6720962524414,113.0,115.0,113.0,113.0,347700
2023-12-18,102.6720962524414,113.0,115.0,112.0,113.0,357900
2023-12-19,104.48930358886719,115.0,115.0,112.0,113.0,347100
2023-12-20,102.6720962524414,113.0,115.0,113.0,114.0,391300
2023-12-21,102.6720962524414,113.0,117.0,113.0,114.0,1462000
2023-12-22,102.6720962524414,113.0,115.0,112.0,113.0,754800
2023-12-27,103.58069610595703,114.0,116.0,113.0,113.0,540000
2023-12-28,102.6720962524414,113.0,115.0,112.0,115.0,738500
2023-12-29,103.58069610595703,114.0,114.0,112.0,113.0,582700
2024-01-02,105.39790344238281,116.0,116.0,114.0,114.0,1148500
2024-01-03,105.39790344238281,116.0,117.0,114.0,116.0,574000
2024-01-04,104.48930358886719,115.0,118.0,115.0,116.0,1261400
2024-01-05,108.12371063232422,119.0,133.0,114.0,115.0,17327500
2024-01-08,107.21510314941406,118.0,120.0,116.0,119.0,2344400
2024-01-09,106.30650329589844,117.0,119.0,115.0,119.0,859500
2024-01-10,106.30650329589844,117.0,118.0,115.0,116.0,1029800
2024-01-11,107.21510314941406,118.0,119.0,116.0,117.0,1014600
2024-01-12,107.21510314941406,118.0,119.0,117.0,118.0,698500
2024-01-15,108.12371063232422,119.0,119.0,117.0,118.0,790300
2024-01-16,108.12371063232422,119.0,124.0,116.0,119.0,5581700
2024-01-17,108.12371063232422,119.0,122.0,118.0,119.0,1259600
2024-01-18,107.21510314941406,118.0,130.0,115.0,120.0,46423400
2024-01-19,106.30650329589844,117.0,119.0,116.0,119.0,1297300
2024-01-22,106.30650329589844,117.0,118.0,116.0,117.0,819100
2024-01-23,105.39790344238281,116.0,118.0,115.0,117.0,913200
2024-01-24,105.39790344238281,116.0,117.0,114.0,117.0,1166000
2024-01-25,103.58069610595703,114.0,116.0,113.0,116.0,1575700
2024-01-26,102.6720962524414,113.0,115.0,112.0,114.0,1226000
2024-01-29,103.58069610595703,114.0,114.0,111.0,114.0,1416400
2024-01-30,104.48930358886719,115.0,117.0,113.0,115.0,632400
2024-01-31,103.58069610595703,114.0,116.0,114.0,115.0,675500
2024-02-01,104.48930358886719,115.0,116.0,113.0,114.0,308200
2024-02-02,103.58069610595703,114.0,116.0,114.0,115.0,410200
2024-02-05,103.58069610595703,114.0,116.0,113.0,113.0,388300
2024-02-06,103.58069610595703,114.0,116.0,114.0,115.0,198700
2024-02-07,103.58069610595703,114.0,115.0,113.0,114.0,254600
2024-02-12,104.48930358886719,115.0,115.0,113.0,115.0,478600
2024-02-13,104.48930358886719,115.0,117.0,114.0,115.0,510700
2024-02-15,104.48930358886719,115.0,116.0,114.0,116.0,466900
2024-02-16,103.58069610595703,114.0,116.0,114.0,115.0,277700
2024-02-19,104.48930358886719,115.0,116.0,114.0,114.0,280300
2024-02-20,104.48930358886719,115.0,116.0,114.0,115.0,808200
2024-02-21,104.48930358886719,115.0,116.0,114.0,116.0,327000
2024-02-22,104.48930358886719,115.0,117.0,114.0,116.0,352500
2024-02-23,105.39790344238281,116.0,116.0,114.0,115.0,150800
2024-02-26,104.48930358886719,115.0,117.0,115.0,116.0,695800
2024-02-27,105.39790344238281,116.0,116.0,114.0,115.0,302100
2024-02-28,105.39790344238281,116.0,116.0,114.0,115.0,733800
2024-02-29,104.48930358886719,115.0,117.0,114.0,116.0,617400
2024-03-01,103.58069610595703,114.0,115.0,113.0,115.0,549900
2024-03-04,104.48930358886719,115.0,115.0,114.0,115.0,361900
2024-03-05,102.6720962524414,113.0,115.0,113.0,114.0,518800
2024-03-06,104.48930358886719,115.0,115.0,112.0,113.0,215500
2024-03-07,103.58069610595703,114.0,115.0,114.0,115.0,196100
2024-03-08,103.58069610595703,114.0,116.0,112.0,114.0,417500
2024-03-13,103.58069610595703,114.0,114.0,113.0,114.0,384600
2024-03-14,103.58069610595703,114.0,115.0,113.0,113.0,130800
2024-03-15,105.39790344238281,116.0,117.0,114.0,115.0,501000
2024-03-18,107.21510314941406,118.0,118.0,113.0,116.0,594300
2024-03-19,106.30650329589844,117.0,119.0,116.0,118.0,895300
2024-03-20,105.39790344238281,116.0,119.0,113.0,115.0,1181400
2024-03-21,105.39790344238281,116.0,118.0,115.0,117.0,599500
2024-03-22,103.58069610595703,114.0,117.0,114.0,116.0,835600
2024-03-25,104.48930358886719,115.0,117.0,115.0,117.0,386500
2024-03-26,105.39790344238281,116.0,116.0,114.0,116.0,1039000
2024-03-27,104.48930358886719,115.0,117.0,114.0,116.0,1248900
2024-03-28,100.85488891601562,111.0,116.0,111.0,115.0,4196300
2024-04-01,103.58069610595703,114.0,114.0,110.0,112.0,56112600
2024-04-02,101.76349639892578,112.0,114.0,111.0,114.0,912900
2024-04-03,102.6720962524414,113.0,113.0,112.0,112.0,280800
2024-04-04,102.6720962524414,113.0,114.0,112.0,114.0,1100000
2024-04-05,101.76349639892578,112.0,113.0,112.0,113.0,579100
2024-04-16,100.85488891601562,111.0,113.0,111.0,112.0,591000
2024-04-17,99.9462890625,110.0,112.0,109.0,111.0,737300
2024-04-18,99.03768157958984,109.0,111.0,109.0,110.0,175700
2024-04-19,97.2204818725586,107.0,110.0,102.0,110.0,1569200
2024-04-22,99.9462890625,110.0,111.0,106.0,107.0,877200
2024-04-23,99.03768157958984,109.0,111.0,107.0,110.0,186900
2024-04-24,98.12908935546875,108.0,110.0,107.0,109.0,163300
2024-04-25,97.2204818725586,107.0,109.0,106.0,108.0,202400
2024-04-26,94.49466705322266,104.0,107.0,103.0,107.0,784900
2024-04-29,93.58607482910156,103.0,105.0,102.0,104.0,416600
2024-04-30,94.49466705322266,104.0,104.0,102.0,103.0,631000
2024-05-02,94.49466705322266,104.0,104.0,103.0,104.0,245000
2024-05-03,94.49466705322266,104.0,104.0,102.0,103.0,450200
2024-05-06,94.49466705322266,104.0,105.0,102.0,104.0,577800
2024-05-07,92.6774673461914,102.0,104.0,102.0,104.0,270900
2024-05-08,93.58607482910156,103.0,104.0,102.0,103.0,79600
2024-05-13,93.58607482910156,103.0,104.0,102.0,102.0,291900
2024-05-14,93.58607482910156,103.0,104.0,102.0,103.0,232500
2024-05-15,94.49466705322266,104.0,104.0,102.0,103.0,353500
2024-05-16,93.58607482910156,103.0,104.0,102.0,104.0,172400
2024-05-17,95.40327453613281,105.0,105.0,102.0,103.0,226300
2024-05-20,94.49466705322266,104.0,105.0,102.0,105.0,552200
2024-05-21,92.6774673461914,102.0,104.0,102.0,104.0,489600
2024-05-22,89.04306030273438,98.0,103.0,97.0,102.0,1920500
2024-05-27,87.2258529663086,96.0,98.0,94.0,98.0,714200
2024-05-28,85.40864562988281,94.0,96.0,93.0,95.0,520700
2024-05-29,84.50004577636719,93.0,94.0,90.0,94.0,1834100
2024-05-30,84.50004577636719,93.0,94.0,91.0,94.0,793700
2024-05-31,82.6828384399414,91.0,93.0,91.0,93.0,216100
2024-06-03,79.04842376708984,87.0,92.0,86.0,91.0,1129200
2024-06-04,79.95703125,88.0,90.0,86.0,87.0,736500
2024-06-05,79.04842376708984,87.0,90.0,87.0,87.0,479000
2024-06-06,79.95703125,88.0,90.0,87.0,87.0,716700
2024-06-07,79.04842376708984,87.0,88.0,87.0,88.0,465100
2024-06-10,79.04842376708984,87.0,88.0,86.0,88.0,384900
2024-06-11,77.2312240600586,85.0,87.0,84.0,87.0,423000
2024-06-12,75.41401672363281,83.0,85.0,82.0,85.0,241400
2024-06-13,71.77960968017578,79.0,83.0,79.0,83.0,979000
2024-06-14,72.6882095336914,80.0,81.0,79.0,79.0,656700
2024-06-19,71.77960968017578,79.0,81.0,78.0,80.0,637400
2024-06-20,71.77960968017578,79.0,80.0,77.0,79.0,255900
2024-06-21,73.59681701660156,81.0,84.0,79.0,80.0,548600
2024-06-24,74.50540924072266,82.0,84.0,82.0,82.0,427800
2024-06-25,76.32261657714844,84.0,86.0,82.0,82.0,429900
2024-06-26,75.41401672363281,83.0,85.0,83.0,84.0,260100
2024-06-27,76.32261657714844,84.0,84.0,82.0,83.0,350900
2024-06-28,79.04842376708984,87.0,87.0,83.0,84.0,501300
2024-07-01,79.04842376708984,87.0,93.0,86.0,87.0,930300
2024-07-02,79.04842376708984,87.0,89.0,86.0,87.0,245000
2024-07-03,81.77423858642578,90.0,92.0,87.0,87.0,327700
2024-07-04,80.86563110351562,89.0,91.0,88.0,90.0,393700
2024-07-05,80.86563110351562,89.0,90.0,86.0,89.0,650700
2024-07-08,80.86563110351562,89.0,89.0,87.0,89.0,431300
2024-07-09,79.95703125,88.0,90.0,88.0,88.0,171300
2024-07-10,79.95703125,88.0,90.0,88.0,88.0,126400
2024-07-11,80.86563110351562,89.0,90.0,88.0,88.0,78100
2024-07-12,80.86563110351562,89.0,90.0,89.0,89.0,157800
2024-07-15,81.77423858642578,90.0,91.0,89.0,89.0,655000
2024-07-16,81.77423858642578,90.0,92.0,89.0,90.0,366600
2024-07-17,82.6828384399414,91.0,92.0,90.0,91.0,297200
2024-07-18,86.31724548339844,95.0,98.0,90.0,91.0,1198700
2024-07-19,84.50004577636719,93.0,97.0,92.0,93.0,771800
2024-07-22,83.59143829345703,92.0,94.0,91.0,93.0,260000
2024-07-23,83.59143829345703,92.0,93.0,92.0,92.0,200500
2024-07-24,84.50004577636719,93.0,93.0,91.0,92.0,190500
2024-07-25,84.50004577636719,93.0,93.0,91.0,92.0,322200
2024-07-26,82.6828384399414,91.0,93.0,91.0,92.0,230900
2024-07-29,84.50004577636719,93.0,93.0,90.0,91.0,182400
2024-07-30,83.59143829345703,92.0,93.0,90.0,93.0,424900
2024-07-31,83.59143829345703,92.0,93.0,91.0,92.0,286900
2024-08-01,84.50004577636719,93.0,94.0,92.0,92.0,277300
2024-08-02,85.40864562988281,94.0,95.0,92.0,93.0,393400
2024-08-05,85.40864562988281,94.0,95.0,93.0,94.0,1704700
2024-08-06,85.40864562988281,94.0,95.0,93.0,94.0,456200
2024-08-07,85.40864562988281,94.0,95.0,93.0,94.0,239800
2024-08-08,110.84951782226562,122.0,125.0,94.0,94.0,40891000
2024-08-09,103.58069610595703,114.0,124.0,109.0,123.0,22111200
2024-08-12,106.30650329589844,117.0,119.0,104.0,104.0,5615100
2024-08-13,105.39790344238281,116.0,118.0,115.0,116.0,5930700
2024-08-14,104.48930358886719,115.0,118.0,113.0,117.0,4334700
2024-08-15,105.39790344238281,116.0,120.0,106.0,106.0,9653100
2024-08-16,108.12371063232422,119.0,119.0,116.0,117.0,7390900
2024-08-19,108.12371063232422,114.0,117.0,113.0,116.0,4777200
2024-08-20,109.0721664428711,115.0,116.0,111.0,111.0,1441700
2024-08-21,107.17525482177734,113.0,115.0,112.0,115.0,2154000
2024-08-22,105.27835083007812,111.0,113.0,111.0,113.0,1055900
2024-08-23,106.226806640625,112.0,113.0,109.0,113.0,654800
2024-08-26,104.32989501953125,110.0,113.0,110.0,112.0,1129500
2024-08-27,104.32989501953125,110.0,112.0,109.0,110.0,1099800
2024-08-28,103.38143920898438,109.0,112.0,109.0,110.0,1186500
2024-08-29,103.38143920898438,109.0,110.0,108.0,110.0,866500
2024-08-30,102.43299102783203,108.0,110.0,107.0,109.0,1902000
2024-09-02,102.43299102783203,108.0,110.0,107.0,108.0,830400
2024-09-03,102.43299102783203,108.0,110.0,107.0,108.0,776700
2024-09-04,109.0721664428711,115.0,119.0,108.0,108.0,12115700
2024-09-05,106.226806640625,112.0,117.0,111.0,117.0,3520500
2024-09-06,106.226806640625,112.0,114.0,111.0,112.0,1689400
2024-09-09,104.32989501953125,110.0,112.0,110.0,112.0,918900
2024-09-10,104.32989501953125,110.0,111.0,110.0,110.0,570100
2024-09-11,102.43299102783203,108.0,110.0,108.0,110.0,1067100
2024-09-12,104.32989501953125,110.0,110.0,108.0,108.0,430700
2024-09-13,102.43299102783203,108.0,110.0,108.0,110.0,170300
2024-09-17,104.32989501953125,110.0,110.0,108.0,108.0,716600
2024-09-18,102.43299102783203,108.0,112.0,108.0,110.0,416800
2024-09-19,105.27835083007812,111.0,111.0,108.0,109.0,574500
2024-09-20,104.32989501953125,110.0,112.0,109.0,111.0,440700
2024-09-23,104.32989501953125,110.0,112.0,109.0,110.0,540900
2024-09-24,104.32989501953125,110.0,112.0,110.0,110.0,285700
2024-09-25,104.32989501953125,110.0,111.0,109.0,110.0,383500
2024-09-26,103.38143920898438,109.0,111.0,109.0,110.0,333500
2024-09-27,104.32989501953125,110.0,110.0,108.0,109.0,287200
2024-09-30,103.38143920898438,109.0,111.0,108.0,109.0,59900
2024-10-01,104.32989501953125,110.0,110.0,108.0,109.0,120200
2024-10-02,103.38143920898438,109.0,111.0,109.0,110.0,346500
2024-10-03,102.43299102783203,108.0,110.0,107.0,110.0,852600
2024-10-04,103.38143920898438,109.0,109.0,107.0,108.0,312200
2024-10-07,103.38143920898438,109.0,110.0,107.0,108.0,369400
2024-10-08,101.48453521728516,107.0,109.0,107.0,109.0,278300
2024-10-09,102.43299102783203,108.0,109.0,107.0,107.0,477500
2024-10-10,101.48453521728516,107.0,109.0,106.0,109.0,771400
2024-10-11,102.43299102783203,108.0,108.0,107.0,108.0,324300
2024-10-14,103.38143920898438,109.0,109.0,107.0,108.0,163300
2024-10-15,101.48453521728516,107.0,110.0,107.0,109.0,1157300
2024-10-16,102.43299102783203,108.0,108.0,107.0,108.0,439700
2024-10-17,102.43299102783203,108.0,108.0,107.0,108.0,249400
2024-10-18,101.48453521728516,107.0,109.0,107.0,109.0,346200
2024-10-21,102.43299102783203,108.0,109.0,107.0,109.0,270300
2024-10-22,101.48453521728516,107.0,109.0,107.0,108.0,179700
2024-10-23,106.226806640625,112.0,113.0,107.0,108.0,11530200
2024-10-24,106.226806640625,112.0,115.0,112.0,112.0,5018000
2024-10-25,107.17525482177734,113.0,114.0,112.0,113.0,1212500
2024-10-28,105.27835083007812,111.0,113.0,110.0,113.0,1252800
2024-10-29,105.27835083007812,111.0,112.0,110.0,112.0,401400
2024-10-30,104.32989501953125,110.0,111.0,107.0,110.0,1347100
2024-10-31,102.43299102783203,108.0,110.0,107.0,110.0,598800
2024-11-01,93.89690399169922,99.0,108.0,78.0,108.0,4012500
2024-11-04,92.0,97.0,99.0,97.0,99.0,641200
2024-11-05,89.1546401977539,94.0,99.0,94.0,99.0,1316400
2024-11-06,89.1546401977539,94.0,96.0,91.0,95.0,1430900
2024-11-07,86.30928039550781,91.0,96.0,91.0,94.0,593900
2024-11-08,90.10309600830078,95.0,100.0,91.0,93.0,773800
2024-11-11,88.20618438720703,93.0,95.0,92.0,95.0,1091600
2024-11-12,86.30928039550781,91.0,95.0,90.0,93.0,658700
2024-11-13,88.20618438720703,93.0,94.0,91.0,92.0,1249900
2024-11-14,90.10309600830078,95.0,96.0,93.0,93.0,329700
2024-11-15,90.10309600830078,95.0,97.0,94.0,95.0,313000
2024-11-18,88.20618438720703,93.0,95.0,92.0,95.0,143700
2024-11-19,94.8453598022461,100.0,113.0,91.0,93.0,7383500
2024-11-20,90.10309600830078,95.0,102.0,95.0,100.0,1131900
2024-11-21,88.20618438720703,93.0,97.0,91.0,96.0,1387100
2024-11-22,89.1546401977539,94.0,95.0,93.0,93.0,448400
2024-11-25,89.1546401977539,94.0,95.0,93.0,94.0,842900
2024-11-26,89.1546401977539,94.0,96.0,93.0,94.0,594800
2024-11-28,88.20618438720703,93.0,94.0,91.0,94.0,641000
2024-11-29,87.25772857666016,92.0,95.0,92.0,93.0,886600
2024-12-02,89.1546401977539,94.0,94.0,91.0,92.0,727000
2024-12-03,87.25772857666016,92.0,94.0,92.0,94.0,305800
2024-12-04,89.1546401977539,94.0,94.0,92.0,93.0,219900
2024-12-05,90.10309600830078,95.0,95.0,93.0,93.0,87000
2024-12-06,90.10309600830078,95.0,96.0,94.0,96.0,181500
2024-12-09,90.10309600830078,95.0,96.0,94.0,95.0,367400
2024-12-10,91.05154418945312,96.0,98.0,94.0,95.0,418900
2024-12-11,92.0,97.0,97.0,96.0,96.0,116400
2024-12-12,90.10309600830078,95.0,96.0,95.0,96.0,387000
2024-12-13,89.1546401977539,94.0,95.0,94.0,95.0,176000
2024-12-16,89.1546401977539,94.0,95.0,93.0,95.0,222300
2024-12-17,88.20618438720703,93.0,94.0,92.0,94.0,399000
2024-12-18,88.20618438720703,93.0,94.0,92.0,93.0,39000
2024-12-19,87.25772857666016,92.0,93.0,91.0,93.0,378600
2024-12-20,87.25772857666016,92.0,93.0,91.0,92.0,306700
2024-12-23,88.20618438720703,93.0,93.0,91.0,93.0,125900
2024-12-24,87.25772857666016,92.0,94.0,92.0,93.0,192500
2024-12-27,88.20618438720703,93.0,93.0,92.0,92.0,170500
2024-12-30,89.1546401977539,94.0,102.0,92.0,93.0,1052200
2025-01-02,89.1546401977539,94.0,94.0,93.0,94.0,186200
2025-01-03,90.10309600830078,95.0,95.0,93.0,94.0,101400
2025-01-06,90.10309600830078,95.0,96.0,94.0,94.0,270000
2025-01-07,89.1546401977539,94.0,95.0,94.0,95.0,169400
2025-01-08,87.25772857666016,92.0,95.0,92.0,95.0,249800
2025-01-09,86.30928039550781,91.0,93.0,91.0,92.0,697600
2025-01-10,89.1546401977539,94.0,94.0,92.0,92.0,299800
2025-01-13,89.1546401977539,94.0,96.0,93.0,94.0,1886700
2025-01-14,89.1546401977539,94.0,103.0,93.0,94.0,563000
2025-01-15,90.10309600830078,95.0,95.0,94.0,95.0,201500
2025-01-16,91.05154418945312,96.0,97.0,94.0,95.0,95400
2025-01-17,91.05154418945312,96.0,98.0,95.0,95.0,212700
2025-01-20,90.10309600830078,95.0,98.0,95.0,96.0,259500
2025-01-21,89.1546401977539,94.0,102.0,94.0,96.0,2636000
2025-01-22,88.20618438720703,93.0,96.0,93.0,95.0,422600
2025-01-23,90.10309600830078,95.0,95.0,93.0,93.0,157800
2025-01-24,88.20618438720703,93.0,96.0,93.0,95.0,408900
2025-01-30,89.1546401977539,94.0,94.0,92.0,93.0,391400
2025-01-31,90.10309600830078,95.0,111.0,93.0,94.0,9997200
2025-02-03,88.20618438720703,93.0,96.0,90.0,95.0,1819200
2025-02-04,89.1546401977539,94.0,94.0,93.0,94.0,105400
2025-02-05,90.10309600830078,95.0,97.0,94.0,94.0,645200
2025-02-06,90.10309600830078,95.0,96.0,94.0,95.0,199100
2025-02-07,90.10309600830078,95.0,96.0,94.0,95.0,201200
2025-02-10,88.20618438720703,93.0,95.0,92.0,95.0,279000
2025-02-11,88.20618438720703,93.0,94.0,92.0,94.0,146700
2025-02-12,88.20618438720703,93.0,94.0,93.0,93.0,100900
2025-02-13,88.20618438720703,93.0,95.0,93.0,93.0,963500
2025-02-14,88.20618438720703,93.0,105.0,92.0,94.0,1947000
2025-02-17,89.1546401977539,94.0,100.0,92.0,93.0,1697800
2025-02-18,90.10309600830078,95.0,99.0,93.0,95.0,697300
2025-02-19,90.10309600830078,95.0,97.0,94.0,97.0,792000
2025-02-20,88.20618438720703,93.0,96.0,93.0,96.0,711800
2025-02-21,89.1546401977539,94.0,94.0,93.0,94.0,194700
2025-02-24,89.1546401977539,94.0,94.0,93.0,94.0,86800
2025-02-25,89.1546401977539,94.0,95.0,93.0,95.0,80300
2025-02-26,88.20618438720703,93.0,94.0,92.0,94.0,319400
2025-02-27,90.10309600830078,95.0,95.0,92.0,93.0,744900
2025-02-28,88.20618438720703,93.0,95.0,92.0,95.0,1906500
2025-03-03,88.20618438720703,93.0,93.0,92.0,93.0,681600
2025-03-04,88.20618438720703,93.0,94.0,93.0,93.0,64100
2025-03-05,88.20618438720703,93.0,93.0,92.0,93.0,71800
2025-03-06,88.20618438720703,93.0,94.0,93.0,93.0,541900
2025-03-07,87.25772857666016,92.0,94.0,92.0,94.0,472500
2025-03-10,88.20618438720703,93.0,94.0,92.0,93.0,199600
2025-03-11,89.1546401977539,94.0,94.0,93.0,93.0,308300
2025-03-12,88.20618438720703,93.0,94.0,93.0,93.0,163400
2025-03-13,88.20618438720703,93.0,94.0,93.0,94.0,24400
2025-03-14,88.20618438720703,93.0,93.0,92.0,93.0,66700
2025-03-17,87.25772857666016,92.0,93.0,91.0,92.0,204000
2025-03-18,85.36082458496094,90.0,93.0,89.0,92.0,681800
2025-03-19,87.25772857666016,92.0,93.0,90.0,90.0,591600
2025-03-20,87.25772857666016,92.0,93.0,91.0,91.0,122600
2025-03-21,86.30928039550781,91.0,93.0,91.0,91.0,494000
2025-03-24,86.30928039550781,91.0,92.0,89.0,91.0,456000
2025-03-25,85.36082458496094,90.0,91.0,90.0,91.0,20000
2025-03-26,85.36082458496094,90.0,91.0,89.0,90.0,470500
2025-03-27,85.36082458496094,90.0,91.0,89.0,90.0,231900
2025-04-08,77.773193359375,82.0,88.0,82.0,88.0,900300
2025-04-09,77.773193359375,82.0,86.0,81.0,82.0,591100
2025-04-10,79.67010498046875,84.0,86.0,82.0,82.0,276500
2025-04-11,81.56700897216797,86.0,87.0,83.0,84.0,226400
2025-04-14,84.41236877441406,89.0,90.0,84.0,86.0,806400
2025-04-15,83.46392059326172,88.0,90.0,86.0,88.0,234400
2025-04-16,86.30928039550781,91.0,91.0,87.0,88.0,205500
2025-04-17,85.36082458496094,90.0,99.0,87.0,91.0,1702600
2025-04-21,83.46392059326172,88.0,91.0,86.0,89.0,540400
2025-04-22,84.41236877441406,89.0,90.0,89.0,89.0,63100
2025-04-23,85.36082458496094,90.0,90.0,89.0,89.0,30600
2025-04-24,85.36082458496094,90.0,91.0,89.0,90.0,76200
2025-04-25,85.36082458496094,90.0,91.0,88.0,90.0,122500
2025-04-28,84.41236877441406,89.0,90.0,89.0,90.0,122100
2025-04-29,86.30928039550781,91.0,92.0,89.0,89.0,122900
2025-04-30,85.36082458496094,90.0,91.0,89.0,91.0,302500
2025-05-02,86.30928039550781,91.0,91.0,90.0,90.0,890300
2025-05-05,85.36082458496094,90.0,91.0,87.0,90.0,133200
2025-05-06,87.25772857666016,92.0,92.0,90.0,90.0,114200
2025-05-07,86.30928039550781,91.0,94.0,91.0,94.0,166200
2025-05-08,84.41236877441406,89.0,91.0,88.0,91.0,234300
2025-05-09,85.36082458496094,90.0,90.0,89.0,90.0,42000
2025-05-14,84.41236877441406,89.0,90.0,89.0,90.0,75900
2025-05-15,85.36082458496094,90.0,91.0,89.0,90.0,85500
2025-05-16,85.36082458496094,90.0,91.0,88.0,90.0,347300
2025-05-19,85.36082458496094,90.0,93.0,89.0,90.0,154700
2025-05-20,86.30928039550781,91.0,93.0,91.0,92.0,228700
2025-05-21,85.36082458496094,90.0,92.0,89.0,92.0,471500
2025-05-22,85.36082458496094,90.0,90.0,89.0,90.0,191800
2025-05-23,85.36082458496094,90.0,92.0,90.0,90.0,137000
2025-05-26,90.10309600830078,95.0,114.0,91.0,91.0,18643900
2025-05-27,91.05154418945312,96.0,100.0,93.0,96.0,1790000
2025-05-28,89.1546401977539,94.0,96.0,94.0,96.0,423900
2025-06-02,89.1546401977539,94.0,96.0,92.0,95.0,590500
2025-06-03,89.1546401977539,94.0,95.0,91.0,93.0,543900
2025-06-04,88.20618438720703,93.0,95.0,93.0,95.0,508500
2025-06-05,88.20618438720703,93.0,94.0,92.0,94.0,366400
2025-06-10,89.1546401977539,94.0,94.0,92.0,93.0,441500
2025-06-11,88.20618438720703,93.0,95.0,93.0,94.0,511500
2025-06-12,88.20618438720703,93.0,95.0,93.0,93.0,262500
2025-06-13,88.20618438720703,93.0,94.0,93.0,94.0,176700
2025-06-16,89.1546401977539,94.0,94.0,92.0,94.0,237800
2025-06-17,95.79381561279297,101.0,112.0,93.0,93.0,16924400
2025-06-18,93.89690399169922,99.0,117.0,99.0,105.0,19971900
2025-06-19,91.05154418945312,96.0,103.0,95.0,99.0,1907600
2025-06-20,92.0,97.0,100.0,96.0,99.0,1760400
2025-06-23,94.0,94.0,95.0,90.0,95.0,1031700
2025-06-24,93.0,93.0,96.0,92.0,95.0,325000
2025-06-25,91.0,91.0,105.0,91.0,93.0,5049600
2025-06-26,92.0,92.0,94.0,90.0,92.0,833200
2025-06-30,108.0,108.0,110.0,91.0,92.0,8320500
2025-07-01,98.0,98.0,118.0,96.0,117.0,19242400
2025-07-02,98.0,98.0,101.0,95.0,98.0,2259000
2025-07-03,99.0,99.0,100.0,97.0,97.0,1212000
2025-07-04,99.0,99.0,102.0,98.0,101.0,1034100
2025-07-07,95.0,95.0,100.0,95.0,99.0,1225900
2025-07-08,94.0,94.0,95.0,92.0,95.0,2067200
2025-07-09,96.0,96.0,97.0,94.0,94.0,566200
2025-07-10,95.0,95.0,97.0,94.0,96.0,291500
2025-07-11,96.0,96.0,97.0,95.0,96.0,436400
2025-07-14,94.0,94.0,96.0,92.0,95.0,886500
2025-07-15,94.0,94.0,94.0,93.0,94.0,136300
2025-07-16,94.0,94.0,94.0,93.0,94.0,162000
2025-07-17,94.0,94.0,96.0,93.0,95.0,351300
2025-07-18,94.0,94.0,95.0,93.0,94.0,307600
2025-07-21,94.0,94.0,98.0,94.0,94.0,638400
2025-07-22,94.0,94.0,95.0,93.0,94.0,197300
2025-07-23,94.0,94.0,96.0,94.0,94.0,387300
2025-07-24,94.0,94.0,96.0,92.0,94.0,661300
2025-07-25,94.0,94.0,95.0,93.0,94.0,128800
2025-07-28,95.0,95.0,95.0,93.0,94.0,194900
2025-07-29,94.0,94.0,96.0,94.0,95.0,143300
2025-07-30,94.0,94.0,94.0,93.0,94.0,220500
2025-07-31,94.0,94.0,96.0,93.0,93.0,819200
2025-08-01,94.0,94.0,95.0,93.0,94.0,539300
2025-08-04,94.0,94.0,95.0,93.0,94.0,646000
2025-08-05,93.0,93.0,95.0,92.0,94.0,402600
2025-08-06,94.0,94.0,94.0,91.0,93.0,736500
2025-08-07,94.0,94.0,94.0,92.0,94.0,440400
2025-08-08,94.0,94.0,102.0,93.0,93.0,5679400
2025-08-11,94.0,94.0,95.0,93.0,94.0,604700
2025-08-12,95.0,95.0,97.0,94.0,94.0,1168600
2025-08-13,95.0,95.0,97.0,94.0,95.0,1076200
2025-08-14,95.0,95.0,97.0,95.0,95.0,1093900
2025-08-15,94.0,94.0,96.0,93.0,95.0,694300
2025-08-19,95.0,95.0,97.0,94.0,94.0,896300
2025-08-20,96.0,96.0,97.0,95.0,96.0,513300
2025-08-21,97.0,97.0,97.0,94.0,96.0,850100
2025-08-22,98.0,98.0,101.0,96.0,98.0,3728900
2025-08-25,98.0,98.0,99.0,96.0,98.0,1436100
2025-08-26,98.0,98.0,99.0,97.0,98.0,806000
2025-08-27,98.0,98.0,100.0,97.0,99.0,401900
2025-08-28,96.0,96.0,98.0,93.0,97.0,2435700
2025-08-29,95.0,95.0,96.0,92.0,95.0,1864300
2025-09-01,95.0,95.0,95.0,91.0,91.0,825400
2025-09-02,95.0,95.0,96.0,93.0,95.0,685400
2025-09-03,95.0,95.0,96.0,93.0,95.0,1191500
2025-09-04,96.0,96.0,96.0,94.0,96.0,426700
2025-09-08,100.0,100.0,115.0,96.0,96.0,28496000
2025-09-09,99.0,99.0,102.0,96.0,101.0,3166500
2025-09-10,102.0,102.0,104.0,97.0,99.0,2934200
2025-09-11,101.0,101.0,109.0,100.0,103.0,6922700
2025-09-12,99.0,99.0,102.0,99.0,100.0,870400
2025-09-15,101.0,101.0,101.0,99.0,99.0,1169200
2025-09-16,105.0,105.0,109.0,102.0,102.0,7768100
2025-09-17,106.0,106.0,110.0,104.0,108.0,2373200
2025-09-18,105.0,105.0,110.0,105.0,108.0,2611100
2025-09-19,104.0,104.0,108.0,104.0,105.0,1076300
2025-09-22,107.0,107.0,112.0,101.0,102.0,6566800
2025-09-23,107.0,107.0,114.0,106.0,109.0,7558200
2025-09-24,107.0,107.0,109.0,105.0,108.0,1726100
2025-09-25,104.0,104.0,109.0,104.0,108.0,1991000
2025-09-26,105.0,105.0,107.0,103.0,105.0,947500
2025-09-29,103.0,103.0,105.0,99.0,105.0,1457700
2025-09-30,102.0,102.0,104.0,101.0,103.0,242600
2025-10-01,102.0,102.0,104.0,101.0,102.0,684300
2025-10-02,102.0,102.0,103.0,101.0,102.0,626600
2025-10-03,99.0,99.0,103.0,99.0,103.0,964300
2025-10-06,103.0,103.0,108.0,99.0,100.0,2019200
2025-10-07,103.0,103.0,106.0,100.0,104.0,2477800
2025-10-08,101.0,101.0,104.0,101.0,101.0,934100
2025-10-09,103.0,103.0,103.0,101.0,103.0,458500
2025-10-10,103.0,103.0,104.0,101.0,103.0,352300
2025-10-13,101.0,101.0,102.0,99.0,101.0,705200
2025-10-14,99.0,99.0,102.0,99.0,101.0,2960300
2025-10-15,100.0,100.0,101.0,97.0,99.0,1308000
2025-10-16,101.0,101.0,101.0,99.0,101.0,679100
2025-10-17,101.0,101.0,102.0,99.0,100.0,1710400
2025-10-20,102.0,102.0,103.0,101.0,103.0,679000
2025-10-21,102.0,102.0,104.0,101.0,101.0,386800
2025-10-22,104.0,104.0,111.0,102.0,102.0,5072000
2025-10-23,108.0,108.0,114.0,105.0,108.0,17954900
2025-10-24,107.0,107.0,112.0,104.0,108.0,1605100
2025-10-27,104.0,104.0,108.0,103.0,107.0,2977600
2025-10-28,108.0,108.0,112.0,104.0,104.0,6288300
2025-10-29,108.0,108.0,109.0,107.0,109.0,2483400
2025-10-30,107.0,107.0,108.0,106.0,108.0,1045300
2025-10-31,107.0,107.0,108.0,106.0,107.0,1383400
2025-11-03,107.0,107.0,108.0,105.0,108.0,1256200
2025-11-04,105.0,105.0,107.0,101.0,107.0,4485400
2025-11-05,104.0,104.0,106.0,104.0,106.0,280200
2025-11-06,107.0,107.0,108.0,104.0,104.0,6122600
2025-11-07,107.0,107.0,109.0,107.0,109.0,975700
2025-11-10,107.0,107.0,110.0,106.0,107.0,2773400
2025-11-11,114.0,114.0,119.0,108.0,109.0,29541000
2025-11-12,111.0,111.0,117.0,109.0,114.0,12161700
2025-11-13,110.0,110.0,113.0,108.0,113.0,6349300
2025-11-14,108.0,108.0,110.0,108.0,110.0,1536800
2025-11-17,109.0,109.0,110.0,106.0,108.0,734100
2025-11-18,110.0,110.0,112.0,108.0,111.0,882900
2025-11-19,109.0,109.0,112.0,108.0,110.0,969900
2025-11-20,109.0,109.0,112.0,109.0,112.0,1079400
2025-11-21,109.0,109.0,110.0,108.0,110.0,486600
2025-11-24,110.0,110.0,115.0,108.0,108.0,1051900
2025-11-25,111.0,111.0,112.0,109.0,110.0,1340800
2025-11-26,110.0,110.0,112.0,109.0,111.0,1609300
2025-11-27,110.0,110.0,112.0,109.0,111.0,1448300
2025-11-28,108.0,108.0,110.0,106.0,110.0,1417000
2025-12-01,107.0,107.0,111.0,107.0,111.0,1306300
2025-12-02,107.0,107.0,109.0,104.0,107.0,1635800
2025-12-03,106.0,106.0,109.0,105.0,105.0,1075000
2025-12-04,105.0,105.0,107.0,103.0,106.0,1866000
2025-12-05,105.0,105.0,107.0,104.0,105.0,1709300
2025-12-08,105.0,105.0,107.0,101.0,106.0,1448700
2025-12-09,108.0,108.0,112.0,105.0,105.0,2664100
2025-12-10,108.0,108.0,110.0,107.0,110.0,1067200
2025-12-11,106.0,106.0,113.0,105.0,113.0,952600
2025-12-12,107.0,107.0,107.0,104.0,106.0,468900
2025-12-15,104.0,104.0,108.0,103.0,105.0,906100
2025-12-16,105.0,105.0,106.0,103.0,104.0,878400
2025-12-17,104.0,104.0,106.0,103.0,105.0,1407500
2025-12-18,140.0,140.0,140.0,121.0,121.0,169887100
2025-12-19,119.0,119.0,129.0,119.0,126.0,82550900
2025-12-22,110.0,110.0,154.0,108.0,111.0,217294200
2025-12-23,115.0,115.0,122.0,110.0,112.0,42794500
2025-12-24,115.0,115.0,119.0,113.0,118.0,10183500
2025-12-29,114.0,114.0,123.0,111.0,115.0,25079700
2025-12-30,123.0,123.0,141.0,113.0,114.0,172602400
