Date,Adj Close,Close,High,Low,Open,Volume
2020-01-02,192.38771057128906,249.3333282470703,260.0,249.3333282470703,253.3333282470703,1026375
2020-01-03,195.47413635253906,253.3333282470703,253.3333282470703,249.3333282470703,249.3333282470703,1345875
2020-01-06,183.32362365722656,229.3333282470703,253.3333282470703,218.6666717529297,253.3333282470703,1515750
2020-01-07,183.32362365722656,229.3333282470703,234.6666717529297,224.0,229.3333282470703,449625
2020-01-08,179.06027221679688,224.0,226.6666717529297,218.6666717529297,225.3333282470703,855375
2020-01-09,181.1919708251953,226.6666717529297,226.6666717529297,222.6666717529297,224.0,136875
2020-01-10,179.06027221679688,224.0,230.6666717529297,221.3333282470703,228.0,536250
2020-01-13,181.1919708251953,226.6666717529297,228.0,222.6666717529297,226.6666717529297,330000
2020-01-14,180.12611389160156,225.3333282470703,228.0,222.6666717529297,226.6666717529297,132750
2020-01-15,179.06027221679688,224.0,226.6666717529297,222.6666717529297,226.6666717529297,387000
2020-01-16,182.25779724121094,228.0,236.0,224.0,224.0,942000
2020-01-17,182.25779724121094,228.0,234.6666717529297,226.6666717529297,233.3333282470703,493500
2020-01-20,182.25779724121094,228.0,228.0,222.6666717529297,228.0,218250
2020-01-21,182.25779724121094,228.0,230.6666717529297,224.0,228.0,109125
2020-01-22,180.12611389160156,225.3333282470703,226.6666717529297,222.6666717529297,224.0,217500
2020-01-23,179.06027221679688,224.0,232.0,222.6666717529297,225.3333282470703,190125
2020-01-24,176.92861938476562,221.3333282470703,224.0,221.3333282470703,224.0,242625
2020-01-27,174.7969512939453,218.6666717529297,221.3333282470703,218.6666717529297,221.3333282470703,474750
2020-01-28,175.86279296875,220.0,220.0,214.6666717529297,218.6666717529297,465375
2020-01-29,175.86279296875,220.0,220.0,216.0,217.3333282470703,102750
2020-01-30,174.7969512939453,218.6666717529297,218.6666717529297,214.6666717529297,214.6666717529297,60000
2020-01-31,171.5994415283203,214.6666717529297,218.6666717529297,213.3333282470703,218.6666717529297,450750
2020-02-03,172.665283203125,216.0,216.0,213.3333282470703,214.6666717529297,166875
2020-02-04,173.7311248779297,217.3333282470703,217.3333282470703,213.3333282470703,216.0,78000
2020-02-05,170.53358459472656,213.3333282470703,217.3333282470703,213.3333282470703,217.3333282470703,39000
2020-02-06,172.665283203125,216.0,216.0,209.3333282470703,213.3333282470703,360375
2020-02-07,185.45530700683594,232.0,234.6666717529297,216.0,216.0,1651125
2020-02-10,179.06027221679688,224.0,234.6666717529297,224.0,232.0,2160000
2020-02-11,180.12611389160156,225.3333282470703,232.0,220.0,224.0,202875
2020-02-12,175.86279296875,220.0,225.3333282470703,216.0,225.3333282470703,402000
2020-02-13,172.665283203125,216.0,218.6666717529297,214.6666717529297,218.6666717529297,613125
2020-02-14,175.86279296875,220.0,221.3333282470703,216.0,216.0,94125
2020-02-17,175.86279296875,220.0,221.3333282470703,216.0,218.6666717529297,203625
2020-02-18,173.7311248779297,217.3333282470703,221.3333282470703,216.0,221.3333282470703,147000
2020-02-19,174.7969512939453,218.6666717529297,221.3333282470703,217.3333282470703,217.3333282470703,245625
2020-02-20,177.9944610595703,222.6666717529297,222.6666717529297,217.3333282470703,220.0,417000
2020-02-21,177.9944610595703,222.6666717529297,228.0,221.3333282470703,222.6666717529297,478125
2020-02-24,183.32362365722656,229.3333282470703,230.6666717529297,224.0,224.0,745500
2020-02-25,193.9819793701172,242.6666717529297,257.3333435058594,226.6666717529297,226.6666717529297,1065375
2020-02-26,190.78448486328125,238.6666717529297,248.0,232.0,242.6666717529297,615750
2020-02-27,189.71864318847656,237.3333282470703,242.6666717529297,226.6666717529297,238.6666717529297,253500
2020-02-28,173.7311248779297,217.3333282470703,237.3333282470703,214.6666717529297,237.3333282470703,770625
2020-03-02,176.92861938476562,221.3333282470703,226.6666717529297,212.0,217.3333282470703,508500
2020-03-03,171.5994415283203,214.6666717529297,221.3333282470703,213.3333282470703,221.3333282470703,1077750
2020-03-04,173.7311248779297,217.3333282470703,218.6666717529297,213.3333282470703,214.6666717529297,359625
2020-03-05,170.53358459472656,213.3333282470703,218.6666717529297,212.0,216.0,1226625
2020-03-06,172.665283203125,216.0,217.3333282470703,213.3333282470703,213.3333282470703,133500
2020-03-09,168.40194702148438,210.6666717529297,216.0,210.6666717529297,213.3333282470703,157125
2020-03-10,168.40194702148438,210.6666717529297,212.0,208.0,208.0,178500
2020-03-11,166.270263671875,208.0,208.0,208.0,208.0,62625
2020-03-12,166.270263671875,208.0,212.0,208.0,208.0,583500
2020-03-13,159.875244140625,200.0,208.0,194.6666717529297,208.0,225750
2020-03-16,157.74359130859375,197.3333282470703,200.0,194.6666717529297,200.0,517125
2020-03-17,149.2169189453125,186.6666717529297,194.6666717529297,186.6666717529297,194.6666717529297,256875
2020-03-18,155.61192321777344,194.6666717529297,200.0,174.6666717529297,200.0,16500
2020-03-19,152.41441345214844,190.6666717529297,192.0,181.3333282470703,192.0,137250
2020-03-20,154.54608154296875,193.3333282470703,193.3333282470703,177.3333282470703,189.3333282470703,158250
2020-03-23,153.48025512695312,192.0,192.0,180.0,180.0,4125
2020-03-24,153.48025512695312,192.0,193.3333282470703,192.0,192.0,128250
2020-03-26,155.61192321777344,194.6666717529297,200.0,188.0,192.0,160125
2020-03-27,159.875244140625,200.0,200.0,194.6666717529297,194.6666717529297,399375
2020-03-30,162.00692749023438,202.6666717529297,202.6666717529297,194.6666717529297,194.6666717529297,9750
2020-03-31,160.9410858154297,201.3333282470703,205.3333282470703,194.6666717529297,194.6666717529297,82875
2020-04-01,164.1385955810547,205.3333282470703,205.3333282470703,193.3333282470703,205.3333282470703,197250
2020-04-02,163.07276916503906,204.0,205.3333282470703,204.0,205.3333282470703,5625
2020-04-03,158.80941772460938,198.6666717529297,204.0,198.6666717529297,201.3333282470703,57375
2020-04-06,159.875244140625,200.0,200.0,198.6666717529297,200.0,27000
2020-04-07,164.1385955810547,205.3333282470703,208.0,202.6666717529297,202.6666717529297,21000
2020-04-08,160.9410858154297,201.3333282470703,205.3333282470703,193.3333282470703,205.3333282470703,410250
2020-04-09,157.74359130859375,197.3333282470703,200.0,193.3333282470703,200.0,167250
2020-04-13,157.74359130859375,197.3333282470703,198.6666717529297,193.3333282470703,198.6666717529297,33000
2020-04-14,162.00692749023438,202.6666717529297,202.6666717529297,196.0,196.0,15000
2020-04-15,158.80941772460938,198.6666717529297,201.3333282470703,196.0,201.3333282470703,4125
2020-04-16,153.48025512695312,192.0,197.3333282470703,192.0,197.3333282470703,118500
2020-04-17,157.74359130859375,197.3333282470703,212.0,196.0,200.0,43875
2020-04-20,160.9410858154297,201.3333282470703,202.6666717529297,197.3333282470703,197.3333282470703,31875
2020-04-21,159.875244140625,200.0,204.0,190.6666717529297,194.6666717529297,78375
2020-04-22,153.48025512695312,192.0,197.3333282470703,190.6666717529297,194.6666717529297,94875
2020-04-23,157.74359130859375,197.3333282470703,198.6666717529297,197.3333282470703,197.3333282470703,4500
2020-04-24,153.48025512695312,192.0,194.6666717529297,190.6666717529297,194.6666717529297,48750
2020-04-27,157.74359130859375,197.3333282470703,197.3333282470703,190.6666717529297,197.3333282470703,7125
2020-04-28,157.74359130859375,197.3333282470703,197.3333282470703,197.3333282470703,197.3333282470703,375
2020-04-29,154.54608154296875,193.3333282470703,196.0,185.3333282470703,196.0,77625
2020-04-30,155.61192321777344,194.6666717529297,196.0,190.6666717529297,190.6666717529297,35250
2020-05-04,154.54608154296875,193.3333282470703,196.0,193.3333282470703,194.6666717529297,4875
2020-05-05,153.48025512695312,192.0,193.3333282470703,192.0,193.3333282470703,27750
2020-05-06,153.48025512695312,192.0,192.0,192.0,192.0,9000
2020-05-08,153.48025512695312,192.0,192.0,189.3333282470703,190.6666717529297,42750
2020-05-11,153.48025512695312,192.0,192.0,189.3333282470703,190.6666717529297,27375
2020-05-12,153.48025512695312,192.0,192.0,192.0,192.0,0
2020-05-13,154.54608154296875,193.3333282470703,193.3333282470703,192.0,192.0,1500
2020-05-14,152.41441345214844,190.6666717529297,193.3333282470703,190.6666717529297,193.3333282470703,9375
2020-05-15,153.48025512695312,192.0,192.0,189.3333282470703,192.0,19125
2020-05-18,153.48025512695312,192.0,192.0,185.3333282470703,192.0,46125
2020-05-19,151.34857177734375,189.3333282470703,192.0,188.0,192.0,11625
2020-05-20,158.80941772460938,198.6666717529297,200.0,182.6666717529297,190.6666717529297,346125
2020-05-26,162.00692749023438,202.6666717529297,204.0,198.6666717529297,198.6666717529297,480750
2020-05-27,162.00692749023438,202.6666717529297,204.0,202.6666717529297,202.6666717529297,61125
2020-05-28,169.4677734375,212.0,213.3333282470703,201.3333282470703,201.3333282470703,1047375
2020-05-29,183.32362365722656,229.3333282470703,240.0,213.3333282470703,213.3333282470703,1905750
2020-06-02,183.32362365722656,229.3333282470703,232.0,217.3333282470703,232.0,402375
2020-06-03,181.1919708251953,226.6666717529297,230.6666717529297,225.3333282470703,230.6666717529297,768375
2020-06-04,180.12611389160156,225.3333282470703,232.0,224.0,226.6666717529297,604500
2020-06-05,182.25779724121094,228.0,228.0,218.6666717529297,218.6666717529297,328875
2020-06-08,182.25779724121094,228.0,230.6666717529297,225.3333282470703,229.3333282470703,725625
2020-06-09,182.25779724121094,228.0,232.0,226.6666717529297,230.6666717529297,264375
2020-06-10,181.1919708251953,226.6666717529297,230.6666717529297,225.3333282470703,228.0,439500
2020-06-11,180.12611389160156,225.3333282470703,229.3333282470703,224.0,224.0,325500
2020-06-12,180.12611389160156,225.3333282470703,225.3333282470703,222.6666717529297,224.0,280875
2020-06-15,181.1919708251953,226.6666717529297,229.3333282470703,224.0,228.0,288750
2020-06-16,181.1919708251953,226.6666717529297,226.6666717529297,222.6666717529297,226.6666717529297,420375
2020-06-17,182.25779724121094,228.0,228.0,225.3333282470703,228.0,390375
2020-06-18,181.1919708251953,226.6666717529297,228.0,226.6666717529297,228.0,400125
2020-06-19,181.1919708251953,226.6666717529297,228.0,225.3333282470703,225.3333282470703,2799750
2020-06-22,182.25779724121094,228.0,229.3333282470703,226.6666717529297,226.6666717529297,259875
2020-06-23,182.25779724121094,228.0,232.0,226.6666717529297,228.0,294375
2020-06-24,184.3894805908203,230.6666717529297,230.6666717529297,228.0,228.0,169125
2020-06-25,183.32362365722656,229.3333282470703,230.6666717529297,226.6666717529297,230.6666717529297,271125
2020-06-26,183.32362365722656,229.3333282470703,230.6666717529297,228.0,230.6666717529297,220875
2020-06-29,183.32362365722656,229.3333282470703,233.3333282470703,229.3333282470703,230.6666717529297,517500
2020-06-30,187.58697509765625,234.6666717529297,236.0,230.6666717529297,232.0,1085250
2020-07-01,202.50865173339844,253.3333282470703,264.0,233.3333282470703,233.3333282470703,822750
2020-07-02,205.7061767578125,257.3333435058594,261.3333435058594,252.0,256.0,549000
2020-07-03,200.3769989013672,250.6666717529297,261.3333435058594,246.6666717529297,256.0,321375
2020-07-06,197.17950439453125,246.6666717529297,250.6666717529297,244.0,250.6666717529297,313500
2020-07-07,197.17950439453125,246.6666717529297,246.6666717529297,240.0,246.6666717529297,335250
2020-07-08,200.3769989013672,250.6666717529297,250.6666717529297,246.6666717529297,250.6666717529297,353250
2020-07-09,203.5745086669922,254.6666717529297,257.3333435058594,250.6666717529297,250.6666717529297,342000
2020-07-10,208.9036865234375,261.3333435058594,262.6666564941406,254.6666717529297,254.6666717529297,397500
2020-07-13,216.36451721191406,270.6666564941406,277.3333435058594,262.6666564941406,262.6666564941406,887250
2020-07-14,220.6278839111328,276.0,277.3333435058594,266.6666564941406,272.0,351000
2020-07-15,228.08872985839844,285.3333435058594,285.3333435058594,257.3333435058594,270.6666564941406,1262250
2020-07-16,231.2862091064453,289.3333435058594,298.6666564941406,282.6666564941406,285.3333435058594,2437500
2020-07-17,232.35205078125,290.6666564941406,298.6666564941406,290.6666564941406,296.0,2419500
2020-07-20,237.68124389648438,297.3333435058594,298.6666564941406,292.0,293.3333435058594,7261500
2020-07-21,239.81289672851562,300.0,301.3333435058594,292.0,298.6666564941406,5768625
2020-07-22,240.96031188964844,280.0,282.6666564941406,280.0,280.0,3695625
2020-07-23,238.66546630859375,277.3333435058594,280.0,266.6666564941406,280.0,1407750
2020-07-24,234.0757293701172,272.0,277.3333435058594,266.6666564941406,277.3333435058594,860625
2020-07-27,234.0757293701172,272.0,274.6666564941406,266.6666564941406,266.6666564941406,1113000
2020-07-28,234.0757293701172,272.0,272.0,266.6666564941406,272.0,520500
2020-07-29,237.51803588867188,276.0,276.0,270.6666564941406,270.6666564941406,1091625
2020-07-30,235.22317504882812,273.3333435058594,277.3333435058594,265.3333435058594,277.3333435058594,1101750
2020-08-03,228.33859252929688,265.3333435058594,274.6666564941406,258.6666564941406,273.3333435058594,1790250
2020-08-04,230.63343811035156,268.0,273.3333435058594,262.6666564941406,265.3333435058594,455625
2020-08-05,236.37059020996094,274.6666564941406,274.6666564941406,265.3333435058594,268.0,512250
2020-08-06,234.0757293701172,272.0,274.6666564941406,268.0,274.6666564941406,496125
2020-08-07,234.0757293701172,272.0,274.6666564941406,270.6666564941406,270.6666564941406,1066500
2020-08-10,245.55006408691406,285.3333435058594,293.3333435058594,272.0,272.0,833250
2020-08-11,238.66546630859375,277.3333435058594,293.3333435058594,277.3333435058594,293.3333435058594,846375
2020-08-12,245.55006408691406,285.3333435058594,293.3333435058594,278.6666564941406,290.6666564941406,493500
2020-08-13,244.40260314941406,284.0,296.0,280.0,296.0,663000
2020-08-14,245.55006408691406,285.3333435058594,306.6666564941406,280.0,306.6666564941406,632250
2020-08-18,247.84490966796875,288.0,312.0,282.6666564941406,306.6666564941406,694500
2020-08-19,247.84490966796875,288.0,296.0,288.0,288.0,643125
2020-08-24,250.13973999023438,290.6666564941406,290.6666564941406,288.0,289.3333435058594,624000
2020-08-25,251.28717041015625,292.0,293.3333435058594,288.0,290.6666564941406,499875
2020-08-26,255.87693786621094,297.3333435058594,312.0,288.0,312.0,713250
2020-08-27,257.0243225097656,298.6666564941406,320.0,293.3333435058594,320.0,482250
2020-08-28,259.3191833496094,301.3333435058594,301.3333435058594,297.3333435058594,298.6666564941406,674625
2020-08-31,281.1203918457031,326.6666564941406,336.0,304.0,304.0,3218250
2020-09-01,286.8575134277344,333.3333435058594,336.0,324.0,333.3333435058594,1281750
2020-09-02,286.8575134277344,333.3333435058594,346.6666564941406,325.3333435058594,334.6666564941406,893250
2020-09-03,286.8575134277344,333.3333435058594,344.0,328.0,334.6666564941406,772125
2020-09-04,286.8575134277344,333.3333435058594,338.6666564941406,322.6666564941406,328.0,640125
2020-09-07,286.8575134277344,333.3333435058594,336.0,325.3333435058594,333.3333435058594,702000
2020-09-08,284.5626525878906,330.6666564941406,346.6666564941406,329.3333435058594,346.6666564941406,648750
2020-09-09,281.1203918457031,326.6666564941406,338.6666564941406,326.6666564941406,328.0,568125
2020-09-10,263.908935546875,306.6666564941406,326.6666564941406,306.6666564941406,326.6666564941406,1965375
2020-09-11,286.8575134277344,333.3333435058594,333.3333435058594,286.6666564941406,298.6666564941406,992625
2020-09-14,284.5626525878906,330.6666564941406,334.6666564941406,320.0,334.6666564941406,288375
2020-09-15,284.5626525878906,330.6666564941406,332.0,322.6666564941406,332.0,602250
2020-09-16,282.2677917480469,328.0,329.3333435058594,312.0,326.6666564941406,635250
2020-09-17,279.9729309082031,325.3333435058594,326.6666564941406,324.0,325.3333435058594,646125
2020-09-18,309.8061218261719,360.0,406.6666564941406,329.3333435058594,329.3333435058594,8670000
2020-09-21,310.95355224609375,361.3333435058594,373.3333435058594,361.3333435058594,368.0,3291375
2020-09-22,294.8895263671875,342.6666564941406,362.6666564941406,337.3333435058594,361.3333435058594,1266000
2020-09-23,300.6266784667969,349.3333435058594,360.0,341.3333435058594,360.0,1340250
2020-09-24,293.74212646484375,341.3333435058594,360.0,336.0,360.0,302625
2020-09-25,288.00494384765625,334.6666564941406,346.6666564941406,333.3333435058594,346.6666564941406,690000
2020-09-28,293.74212646484375,341.3333435058594,342.6666564941406,333.3333435058594,333.3333435058594,1720125
2020-09-29,286.8575134277344,333.3333435058594,341.3333435058594,333.3333435058594,341.3333435058594,1956000
2020-09-30,288.00494384765625,334.6666564941406,341.3333435058594,333.3333435058594,333.3333435058594,576375
2020-10-01,286.8575134277344,333.3333435058594,336.0,330.6666564941406,333.3333435058594,1498500
2020-10-02,286.8575134277344,333.3333435058594,334.6666564941406,332.0,333.3333435058594,716250
2020-10-05,290.2998046875,337.3333435058594,338.6666564941406,333.3333435058594,334.6666564941406,692250
2020-10-06,296.0369567871094,344.0,349.3333435058594,338.6666564941406,338.6666564941406,1391250
2020-10-07,290.2998046875,337.3333435058594,344.0,334.6666564941406,344.0,2110875
2020-10-08,283.4152526855469,329.3333435058594,337.3333435058594,329.3333435058594,337.3333435058594,2167875
2020-10-09,277.6780700683594,322.6666564941406,333.3333435058594,320.0,332.0,3255375
2020-10-12,270.7934875488281,314.6666564941406,336.0,310.6666564941406,322.6666564941406,5552625
2020-10-13,266.20379638671875,309.3333435058594,317.3333435058594,308.0,314.6666564941406,2604000
2020-10-14,278.82550048828125,324.0,325.3333435058594,309.3333435058594,314.6666564941406,1928250
2020-10-15,274.23577880859375,318.6666564941406,336.0,310.6666564941406,334.6666564941406,3258750
2020-10-16,274.23577880859375,318.6666564941406,322.6666564941406,312.0,320.0,2185875
2020-10-19,267.3511962890625,310.6666564941406,320.0,310.6666564941406,318.6666564941406,979125
2020-10-20,265.05633544921875,308.0,312.0,308.0,310.6666564941406,625500
2020-10-21,260.46661376953125,302.6666564941406,310.6666564941406,302.6666564941406,310.6666564941406,886125
2020-10-22,261.6140441894531,304.0,309.3333435058594,301.3333435058594,302.6666564941406,930750
2020-10-23,263.908935546875,306.6666564941406,309.3333435058594,302.6666564941406,304.0,649500
2020-10-26,263.908935546875,306.6666564941406,308.0,300.0,308.0,820875
2020-10-27,262.7615051269531,305.3333435058594,306.6666564941406,302.6666564941406,302.6666564941406,900000
2020-11-02,262.7615051269531,305.3333435058594,308.0,304.0,306.6666564941406,673125
2020-11-03,260.46661376953125,302.6666564941406,308.0,302.6666564941406,305.3333435058594,507375
2020-11-04,261.6140441894531,304.0,309.3333435058594,304.0,306.6666564941406,587250
2020-11-05,266.20379638671875,309.3333435058594,309.3333435058594,306.6666564941406,306.6666564941406,2070375
2020-11-06,268.4986267089844,312.0,312.0,309.3333435058594,309.3333435058594,1629000
2020-11-09,265.05633544921875,308.0,312.0,304.0,312.0,725625
2020-11-10,267.3511962890625,310.6666564941406,312.0,304.0,309.3333435058594,2004375
2020-11-11,267.3511962890625,310.6666564941406,312.0,309.3333435058594,310.6666564941406,888750
2020-11-12,267.3511962890625,310.6666564941406,310.6666564941406,306.6666564941406,310.6666564941406,668625
2020-11-13,266.20379638671875,309.3333435058594,310.6666564941406,306.6666564941406,309.3333435058594,516000
2020-11-16,266.20379638671875,309.3333435058594,309.3333435058594,308.0,309.3333435058594,658125
2020-11-17,263.908935546875,306.6666564941406,309.3333435058594,300.0,309.3333435058594,2363250
2020-11-18,263.908935546875,306.6666564941406,308.0,304.0,306.6666564941406,397500
2020-11-19,265.05633544921875,308.0,308.0,305.3333435058594,305.3333435058594,1146375
2020-11-20,265.05633544921875,308.0,308.0,304.0,308.0,1230375
2020-11-23,266.20379638671875,309.3333435058594,309.3333435058594,305.3333435058594,306.6666564941406,819375
2020-11-24,266.20379638671875,309.3333435058594,310.6666564941406,304.0,305.3333435058594,540000
2020-11-25,293.74212646484375,341.3333435058594,346.6666564941406,304.0,304.0,8578500
2020-11-26,293.74212646484375,341.3333435058594,346.6666564941406,332.0,344.0,2496750
2020-11-27,293.74212646484375,341.3333435058594,350.6666564941406,338.6666564941406,341.3333435058594,6458625
2020-11-30,288.00494384765625,334.6666564941406,346.6666564941406,326.6666564941406,342.6666564941406,3538875
2020-12-01,289.1523742675781,336.0,341.3333435058594,332.0,334.6666564941406,1666875
2020-12-02,293.74212646484375,341.3333435058594,342.6666564941406,336.0,336.0,1041375
2020-12-03,293.74212646484375,341.3333435058594,342.6666564941406,338.6666564941406,341.3333435058594,630750
2020-12-04,292.59466552734375,340.0,341.3333435058594,338.6666564941406,341.3333435058594,249750
2020-12-07,301.77410888671875,350.6666564941406,350.6666564941406,340.0,340.0,2358750
2020-12-08,305.21636962890625,354.6666564941406,358.6666564941406,350.6666564941406,350.6666564941406,4125000
2020-12-10,302.9215393066406,352.0,357.3333435058594,349.3333435058594,356.0,1946250
2020-12-11,300.6266784667969,349.3333435058594,354.6666564941406,333.3333435058594,353.3333435058594,2667750
2020-12-14,293.74212646484375,341.3333435058594,349.3333435058594,338.6666564941406,349.3333435058594,5777250
2020-12-15,293.74212646484375,341.3333435058594,346.6666564941406,340.0,341.3333435058594,1158000
2020-12-16,297.18438720703125,345.3333435058594,346.6666564941406,341.3333435058594,341.3333435058594,1281750
2020-12-17,297.18438720703125,345.3333435058594,348.0,341.3333435058594,348.0,571125
2020-12-18,298.3318176269531,346.6666564941406,348.0,345.3333435058594,345.3333435058594,1316250
2020-12-21,304.0689697265625,353.3333435058594,354.6666564941406,346.6666564941406,346.6666564941406,2622750
2020-12-22,299.4792785644531,348.0,357.3333435058594,346.6666564941406,354.6666564941406,1105125
2020-12-23,305.21636962890625,354.6666564941406,356.0,348.0,349.3333435058594,2746125
2020-12-28,321.2804260253906,373.3333435058594,373.3333435058594,354.6666564941406,354.6666564941406,1923000
2020-12-29,317.838134765625,369.3333435058594,380.0,361.3333435058594,373.3333435058594,1208625
2020-12-30,310.95355224609375,361.3333435058594,370.6666564941406,358.6666564941406,369.3333435058594,411000
2021-01-04,318.9855651855469,370.6666564941406,370.6666564941406,340.0,361.3333435058594,1077750
2021-01-05,322.4278259277344,374.6666564941406,381.3333435058594,370.6666564941406,370.6666564941406,1390500
2021-01-06,323.5752868652344,376.0,386.6666564941406,373.3333435058594,376.0,2227500
2021-01-07,323.5752868652344,376.0,380.0,374.6666564941406,376.0,1753875
2021-01-08,321.2804260253906,373.3333435058594,378.6666564941406,372.0,376.0,2748375
2021-01-11,315.5432434082031,366.6666564941406,374.6666564941406,360.0,370.6666564941406,926250
2021-01-12,313.2484130859375,364.0,369.3333435058594,360.0,366.6666564941406,723375
2021-01-13,310.95355224609375,361.3333435058594,365.3333435058594,360.0,364.0,389625
2021-01-14,309.8061218261719,360.0,366.6666564941406,360.0,361.3333435058594,563625
2021-01-15,310.95355224609375,361.3333435058594,366.6666564941406,357.3333435058594,366.6666564941406,298500
2021-01-18,310.95355224609375,361.3333435058594,361.3333435058594,356.0,360.0,921000
2021-01-19,309.8061218261719,360.0,361.3333435058594,358.6666564941406,360.0,374250
2021-01-20,309.8061218261719,360.0,360.0,357.3333435058594,360.0,159375
2021-01-21,309.8061218261719,360.0,361.3333435058594,356.0,360.0,150375
2021-01-22,332.75469970703125,386.6666564941406,400.0,357.3333435058594,361.3333435058594,564000
2021-01-25,325.8701171875,378.6666564941406,388.0,362.6666564941406,385.3333435058594,816375
2021-01-26,304.0689697265625,353.3333435058594,378.6666564941406,353.3333435058594,376.0,1180875
2021-01-27,300.6266784667969,349.3333435058594,354.6666564941406,346.6666564941406,353.3333435058594,645375
2021-01-28,298.3318176269531,346.6666564941406,358.6666564941406,345.3333435058594,349.3333435058594,171750
2021-01-29,293.74212646484375,341.3333435058594,357.3333435058594,338.6666564941406,349.3333435058594,363375
2021-02-01,314.3958435058594,365.3333435058594,365.3333435058594,334.6666564941406,352.0,236625
2021-02-02,320.13299560546875,372.0,373.3333435058594,365.3333435058594,365.3333435058594,651750
2021-02-03,314.3958435058594,365.3333435058594,373.3333435058594,361.3333435058594,373.3333435058594,244500
2021-02-04,316.6907043457031,368.0,373.3333435058594,360.0,368.0,427500
2021-02-05,317.838134765625,369.3333435058594,373.3333435058594,366.6666564941406,372.0,280500
2021-02-08,316.6907043457031,368.0,376.0,364.0,376.0,473250
2021-02-09,320.13299560546875,372.0,373.3333435058594,365.3333435058594,369.3333435058594,540375
2021-02-10,318.9855651855469,370.6666564941406,372.0,366.6666564941406,372.0,186750
2021-02-11,313.2484130859375,364.0,372.0,362.6666564941406,370.6666564941406,372000
2021-02-15,321.2804260253906,373.3333435058594,376.0,364.0,369.3333435058594,376500
2021-02-16,320.13299560546875,372.0,373.3333435058594,366.6666564941406,372.0,263625
2021-02-17,309.8061218261719,360.0,373.3333435058594,350.6666564941406,369.3333435058594,1193625
2021-02-18,309.8061218261719,360.0,360.0,345.3333435058594,354.6666564941406,247500
2021-02-19,312.1009521484375,362.6666564941406,368.0,354.6666564941406,360.0,158625
2021-02-22,315.5432434082031,366.6666564941406,368.0,354.6666564941406,362.6666564941406,232500
2021-02-23,314.3958435058594,365.3333435058594,366.6666564941406,357.3333435058594,366.6666564941406,132375
2021-02-24,308.6586608886719,358.6666564941406,365.3333435058594,358.6666564941406,365.3333435058594,117750
2021-02-25,312.1009521484375,362.6666564941406,366.6666564941406,362.6666564941406,362.6666564941406,106500
2021-02-26,314.3958435058594,365.3333435058594,366.6666564941406,358.6666564941406,366.6666564941406,676875
2021-03-01,312.1009521484375,362.6666564941406,365.3333435058594,356.0,365.3333435058594,457875
2021-03-02,314.3958435058594,365.3333435058594,365.3333435058594,360.0,361.3333435058594,903000
2021-03-03,309.8061218261719,360.0,366.6666564941406,357.3333435058594,366.6666564941406,238875
2021-03-04,310.95355224609375,361.3333435058594,364.0,354.6666564941406,360.0,220500
2021-03-05,312.1009521484375,362.6666564941406,364.0,350.6666564941406,362.6666564941406,230250
2021-03-08,309.8061218261719,360.0,362.6666564941406,358.6666564941406,362.6666564941406,149625
2021-03-09,306.36383056640625,356.0,360.0,356.0,360.0,191625
2021-03-10,310.95355224609375,361.3333435058594,365.3333435058594,358.6666564941406,358.6666564941406,444375
2021-03-12,312.1009521484375,362.6666564941406,364.0,356.0,361.3333435058594,118500
2021-03-15,307.5112609863281,357.3333435058594,362.6666564941406,353.3333435058594,362.6666564941406,609375
2021-03-16,308.6586608886719,358.6666564941406,365.3333435058594,353.3333435058594,357.3333435058594,202125
2021-03-17,307.5112609863281,357.3333435058594,357.3333435058594,354.6666564941406,356.0,418500
2021-03-18,310.95355224609375,361.3333435058594,362.6666564941406,356.0,357.3333435058594,172500
2021-03-19,312.1009521484375,362.6666564941406,376.0,358.6666564941406,360.0,605625
2021-03-22,314.3958435058594,365.3333435058594,365.3333435058594,360.0,362.6666564941406,167250
2021-03-23,309.8061218261719,360.0,372.0,357.3333435058594,365.3333435058594,790875
2021-03-24,309.8061218261719,360.0,362.6666564941406,356.0,360.0,233625
2021-03-25,312.1009521484375,362.6666564941406,362.6666564941406,356.0,360.0,124875
2021-03-26,310.95355224609375,361.3333435058594,362.6666564941406,360.0,362.6666564941406,183000
2021-03-29,312.1009521484375,362.6666564941406,362.6666564941406,358.6666564941406,360.0,38250
2021-03-30,310.95355224609375,361.3333435058594,364.0,360.0,362.6666564941406,99000
2021-03-31,309.8061218261719,360.0,372.0,357.3333435058594,360.0,340500
2021-04-01,309.8061218261719,360.0,361.3333435058594,356.0,360.0,81000
2021-04-05,309.8061218261719,360.0,361.3333435058594,356.0,356.0,141375
2021-04-06,309.8061218261719,360.0,364.0,358.6666564941406,360.0,139500
2021-04-07,308.6586608886719,358.6666564941406,360.0,354.6666564941406,360.0,198000
2021-04-08,308.6586608886719,358.6666564941406,358.6666564941406,354.6666564941406,358.6666564941406,157500
2021-04-09,304.0689697265625,353.3333435058594,360.0,353.3333435058594,360.0,431625
2021-04-12,309.8061218261719,360.0,361.3333435058594,353.3333435058594,358.6666564941406,126750
2021-04-13,309.8061218261719,360.0,360.0,352.0,360.0,119625
2021-04-14,310.95355224609375,361.3333435058594,361.3333435058594,354.6666564941406,354.6666564941406,28125
2021-04-15,312.1009521484375,362.6666564941406,362.6666564941406,354.6666564941406,361.3333435058594,138375
2021-04-16,309.8061218261719,360.0,362.6666564941406,354.6666564941406,362.6666564941406,59625
2021-04-19,308.6586608886719,358.6666564941406,360.0,352.0,357.3333435058594,188625
2021-04-20,309.8061218261719,360.0,360.0,354.6666564941406,358.6666564941406,63000
2021-04-21,304.0689697265625,353.3333435058594,360.0,350.6666564941406,358.6666564941406,164625
2021-04-22,304.0689697265625,353.3333435058594,358.6666564941406,350.6666564941406,356.0,222375
2021-04-23,305.21636962890625,354.6666564941406,358.6666564941406,349.3333435058594,354.6666564941406,39000
2021-04-26,305.21636962890625,354.6666564941406,354.6666564941406,350.6666564941406,353.3333435058594,156750
2021-04-27,305.21636962890625,354.6666564941406,354.6666564941406,350.6666564941406,353.3333435058594,151125
2021-04-28,309.8061218261719,360.0,361.3333435058594,356.0,356.0,143625
2021-04-29,308.6586608886719,358.6666564941406,360.0,350.6666564941406,358.6666564941406,24750
2021-04-30,308.6586608886719,358.6666564941406,358.6666564941406,350.6666564941406,358.6666564941406,53250
2021-05-03,308.6586608886719,358.6666564941406,358.6666564941406,353.3333435058594,353.3333435058594,31125
2021-05-04,309.8061218261719,360.0,360.0,354.6666564941406,358.6666564941406,218250
2021-05-05,309.8061218261719,360.0,362.6666564941406,353.3333435058594,360.0,341250
2021-05-06,309.8061218261719,360.0,360.0,357.3333435058594,360.0,12375
2021-05-07,305.21636962890625,354.6666564941406,362.6666564941406,354.6666564941406,358.6666564941406,119250
2021-05-10,308.6586608886719,358.6666564941406,360.0,352.0,354.6666564941406,30000
2021-05-11,308.6586608886719,358.6666564941406,358.6666564941406,352.0,357.3333435058594,247875
2021-05-17,304.0689697265625,353.3333435058594,358.6666564941406,348.0,358.6666564941406,174750
2021-05-18,299.4792785644531,348.0,353.3333435058594,346.6666564941406,353.3333435058594,430125
2021-05-19,297.18438720703125,345.3333435058594,353.3333435058594,337.3333435058594,353.3333435058594,288000
2021-05-20,277.6780700683594,322.6666564941406,346.6666564941406,321.3333435058594,345.3333435058594,1088250
2021-05-21,282.2677917480469,328.0,329.3333435058594,318.6666564941406,324.0,805500
2021-05-24,274.23577880859375,318.6666564941406,333.3333435058594,316.0,333.3333435058594,771000
2021-05-25,261.6140441894531,304.0,318.6666564941406,300.0,316.0,1528125
2021-05-27,259.3191833496094,301.3333435058594,318.6666564941406,298.6666564941406,304.0,1132500
2021-05-28,286.8575134277344,333.3333435058594,352.0,308.0,308.0,403125
2021-05-31,288.00494384765625,334.6666564941406,338.6666564941406,332.0,334.6666564941406,184875
2021-06-02,290.2998046875,337.3333435058594,338.6666564941406,332.0,334.6666564941406,351000
2021-06-03,290.2998046875,337.3333435058594,337.3333435058594,329.3333435058594,337.3333435058594,180375
2021-06-04,296.0369567871094,344.0,344.0,325.3333435058594,336.0,247500
2021-06-07,291.447265625,338.6666564941406,349.3333435058594,332.0,342.6666564941406,274500
2021-06-08,289.1523742675781,336.0,346.6666564941406,333.3333435058594,338.6666564941406,736125
2021-06-09,288.00494384765625,334.6666564941406,346.6666564941406,334.6666564941406,336.0,1599000
2021-06-10,294.8895263671875,342.6666564941406,346.6666564941406,334.6666564941406,334.6666564941406,4774500
2021-06-11,285.7101135253906,332.0,344.0,328.0,342.6666564941406,633000
2021-06-14,277.6780700683594,322.6666564941406,333.3333435058594,318.6666564941406,332.0,697125
2021-06-15,282.2677917480469,328.0,338.6666564941406,322.6666564941406,322.6666564941406,197625
2021-06-16,283.4152526855469,329.3333435058594,329.3333435058594,318.6666564941406,322.6666564941406,88875
2021-06-17,279.9729309082031,325.3333435058594,336.0,320.0,336.0,156750
2021-06-18,276.5306396484375,321.3333435058594,325.3333435058594,314.6666564941406,325.3333435058594,157500
2021-06-21,276.5306396484375,321.3333435058594,321.3333435058594,306.6666564941406,321.3333435058594,236625
2021-06-22,275.38323974609375,320.0,325.3333435058594,312.0,325.3333435058594,526875
2021-06-23,275.38323974609375,320.0,326.6666564941406,314.6666564941406,320.0,89625
2021-06-24,281.1203918457031,326.6666564941406,328.0,320.0,325.3333435058594,22125
2021-06-25,282.2677917480469,328.0,329.3333435058594,320.0,326.6666564941406,109500
2021-06-28,275.38323974609375,320.0,328.0,320.0,326.6666564941406,106125
2021-06-29,279.9729309082031,325.3333435058594,325.3333435058594,310.6666564941406,318.6666564941406,34125
2021-06-30,278.82550048828125,324.0,324.0,314.6666564941406,320.0,42000
2021-07-01,274.23577880859375,318.6666564941406,322.6666564941406,318.6666564941406,320.0,354750
2021-07-02,277.6780700683594,322.6666564941406,324.0,309.3333435058594,322.6666564941406,227625
2021-07-05,279.9729309082031,325.3333435058594,326.6666564941406,314.6666564941406,316.0,177375
2021-07-06,275.38323974609375,320.0,325.3333435058594,316.0,325.3333435058594,326250
2021-07-07,278.82550048828125,324.0,324.0,312.0,317.3333435058594,317250
2021-07-08,279.9729309082031,325.3333435058594,325.3333435058594,314.6666564941406,316.0,73125
2021-07-09,278.82550048828125,324.0,324.0,317.3333435058594,324.0,30000
2021-07-12,274.23577880859375,318.6666564941406,328.0,318.6666564941406,325.3333435058594,636000
2021-07-13,282.2677917480469,328.0,333.3333435058594,318.6666564941406,330.6666564941406,75375
2021-07-14,275.38323974609375,320.0,337.3333435058594,317.3333435058594,328.0,288000
2021-07-15,279.9729309082031,325.3333435058594,325.3333435058594,321.3333435058594,324.0,126750
2021-07-16,279.9729309082031,325.3333435058594,325.3333435058594,325.3333435058594,325.3333435058594,14625
2021-07-19,275.38323974609375,320.0,326.6666564941406,320.0,325.3333435058594,2020125
2021-07-21,274.23577880859375,318.6666564941406,330.6666564941406,317.3333435058594,328.0,357375
2021-07-22,281.1203918457031,326.6666564941406,328.0,317.3333435058594,328.0,134625
2021-07-23,278.82550048828125,324.0,325.3333435058594,317.3333435058594,320.0,293250
2021-07-26,279.9729309082031,325.3333435058594,328.0,324.0,324.0,227250
2021-07-27,283.4152526855469,329.3333435058594,332.0,325.3333435058594,325.3333435058594,177000
2021-07-28,279.9729309082031,325.3333435058594,332.0,321.3333435058594,329.3333435058594,182625
2021-07-29,276.5306396484375,321.3333435058594,326.6666564941406,320.0,321.3333435058594,256125
2021-07-30,279.9729309082031,325.3333435058594,326.6666564941406,320.0,326.6666564941406,54375
2021-08-02,278.82550048828125,324.0,325.3333435058594,322.6666564941406,325.3333435058594,42000
2021-08-03,278.82550048828125,324.0,324.0,321.3333435058594,324.0,105750
2021-08-04,279.9729309082031,325.3333435058594,328.0,318.6666564941406,328.0,99375
2021-08-05,284.5626525878906,330.6666564941406,333.3333435058594,321.3333435058594,325.3333435058594,312750
2021-08-06,282.2677917480469,328.0,330.6666564941406,322.6666564941406,330.6666564941406,544125
2021-08-09,284.5626525878906,330.6666564941406,336.0,325.3333435058594,328.0,530625
2021-08-10,300.6266784667969,349.3333435058594,353.3333435058594,330.6666564941406,330.6666564941406,1974750
2021-08-12,301.77410888671875,350.6666564941406,357.3333435058594,346.6666564941406,346.6666564941406,2613000
2021-08-13,300.6266784667969,349.3333435058594,352.0,346.6666564941406,350.6666564941406,541500
2021-08-16,300.6266784667969,349.3333435058594,350.6666564941406,348.0,349.3333435058594,309375
2021-08-18,296.0369567871094,344.0,350.6666564941406,344.0,349.3333435058594,1659750
2021-08-19,296.0369567871094,344.0,346.6666564941406,340.0,344.0,484500
2021-08-20,300.6266784667969,349.3333435058594,352.0,342.6666564941406,342.6666564941406,318750
2021-08-23,298.3318176269531,346.6666564941406,350.6666564941406,344.0,349.3333435058594,279000
2021-08-24,293.74212646484375,341.3333435058594,348.0,338.6666564941406,348.0,501375
2021-08-25,288.00494384765625,334.6666564941406,341.3333435058594,332.0,341.3333435058594,1222125
2021-08-26,286.8575134277344,333.3333435058594,333.3333435058594,324.0,333.3333435058594,778875
2021-08-27,286.8575134277344,333.3333435058594,340.0,324.0,340.0,546750
2021-08-30,294.8895263671875,342.6666564941406,346.6666564941406,328.0,333.3333435058594,300750
2021-08-31,291.447265625,338.6666564941406,342.6666564941406,338.6666564941406,342.6666564941406,64500
2021-09-01,292.59466552734375,340.0,346.6666564941406,333.3333435058594,346.6666564941406,167250
2021-09-02,289.1523742675781,336.0,349.3333435058594,334.6666564941406,346.6666564941406,119250
2021-09-03,279.9729309082031,325.3333435058594,338.6666564941406,324.0,336.0,778500
2021-09-06,282.2677917480469,328.0,330.6666564941406,324.0,324.0,487125
2021-09-07,285.7101135253906,332.0,334.6666564941406,326.6666564941406,329.3333435058594,56250
2021-09-08,284.5626525878906,330.6666564941406,333.3333435058594,328.0,328.0,186375
2021-09-09,279.9729309082031,325.3333435058594,336.0,318.6666564941406,334.6666564941406,1066500
2021-09-10,275.38323974609375,320.0,330.6666564941406,314.6666564941406,320.0,1047375
2021-09-13,276.5306396484375,321.3333435058594,324.0,320.0,320.0,588750
2021-09-14,276.5306396484375,321.3333435058594,326.6666564941406,320.0,326.6666564941406,340875
2021-09-15,277.6780700683594,322.6666564941406,322.6666564941406,320.0,321.3333435058594,583125
2021-09-16,281.1203918457031,326.6666564941406,326.6666564941406,325.3333435058594,325.3333435058594,747750
2021-09-17,284.5626525878906,330.6666564941406,330.6666564941406,324.0,326.6666564941406,191625
2021-09-20,281.1203918457031,326.6666564941406,330.6666564941406,326.6666564941406,330.6666564941406,264375
2021-09-21,278.82550048828125,324.0,328.0,324.0,326.6666564941406,112125
2021-09-22,284.5626525878906,330.6666564941406,330.6666564941406,325.3333435058594,325.3333435058594,58125
2021-09-23,281.1203918457031,326.6666564941406,332.0,322.6666564941406,330.6666564941406,143625
2021-09-24,281.1203918457031,326.6666564941406,330.6666564941406,325.3333435058594,330.6666564941406,68625
2021-09-27,284.5626525878906,330.6666564941406,330.6666564941406,326.6666564941406,326.6666564941406,278625
2021-09-28,284.5626525878906,330.6666564941406,330.6666564941406,320.0,330.6666564941406,1056000
2021-09-29,283.4152526855469,329.3333435058594,329.3333435058594,321.3333435058594,321.3333435058594,42000
2021-09-30,279.9729309082031,325.3333435058594,329.3333435058594,320.0,329.3333435058594,382500
2021-10-01,277.6780700683594,322.6666564941406,326.6666564941406,318.6666564941406,325.3333435058594,597000
2021-10-04,281.1203918457031,326.6666564941406,328.0,322.6666564941406,322.6666564941406,241125
2021-10-05,282.2677917480469,328.0,336.0,320.0,326.6666564941406,412500
2021-10-06,282.2677917480469,328.0,328.0,321.3333435058594,321.3333435058594,328875
2021-10-07,282.2677917480469,328.0,328.0,328.0,328.0,11625
2021-10-08,281.1203918457031,326.6666564941406,328.0,321.3333435058594,328.0,313125
2021-10-11,281.1203918457031,326.6666564941406,326.6666564941406,322.6666564941406,326.6666564941406,156375
2021-10-12,279.9729309082031,325.3333435058594,326.6666564941406,316.0,326.6666564941406,405375
2021-10-13,277.6780700683594,322.6666564941406,329.3333435058594,322.6666564941406,328.0,631875
2021-10-14,281.1203918457031,326.6666564941406,328.0,324.0,325.3333435058594,36375
2021-10-15,279.9729309082031,325.3333435058594,326.6666564941406,325.3333435058594,326.6666564941406,151500
2021-10-18,279.9729309082031,325.3333435058594,328.0,317.3333435058594,328.0,333750
2021-10-19,282.2677917480469,328.0,329.3333435058594,322.6666564941406,325.3333435058594,278250
2021-10-21,281.1203918457031,326.6666564941406,328.0,326.6666564941406,326.6666564941406,509250
2021-10-22,282.2677917480469,328.0,328.0,321.3333435058594,325.3333435058594,21750
2021-10-25,282.2677917480469,328.0,328.0,324.0,328.0,148125
2021-10-26,282.2677917480469,328.0,328.0,325.3333435058594,328.0,106125
2021-10-27,281.1203918457031,326.6666564941406,328.0,325.3333435058594,326.6666564941406,126750
2021-10-28,276.5306396484375,321.3333435058594,328.0,320.0,326.6666564941406,288375
2021-10-29,279.9729309082031,325.3333435058594,328.0,320.0,320.0,869250
2021-11-01,277.6780700683594,322.6666564941406,322.6666564941406,320.0,320.0,925875
2021-11-02,275.38323974609375,320.0,322.6666564941406,317.3333435058594,322.6666564941406,544875
2021-11-03,279.9729309082031,325.3333435058594,326.6666564941406,316.0,320.0,280500
2021-11-04,277.6780700683594,322.6666564941406,325.3333435058594,320.0,325.3333435058594,86250
2021-11-05,276.5306396484375,321.3333435058594,324.0,320.0,322.6666564941406,123375
2021-11-08,278.82550048828125,324.0,326.6666564941406,321.3333435058594,321.3333435058594,58125
2021-11-09,273.08837890625,317.3333435058594,324.0,314.6666564941406,324.0,2084250
2021-11-10,277.6780700683594,322.6666564941406,322.6666564941406,317.3333435058594,317.3333435058594,266625
2021-11-11,275.38323974609375,320.0,322.6666564941406,320.0,321.3333435058594,212625
2021-11-12,277.6780700683594,322.6666564941406,322.6666564941406,320.0,320.0,21000
2021-11-15,277.6780700683594,322.6666564941406,322.6666564941406,320.0,321.3333435058594,18000
2021-11-16,278.82550048828125,324.0,324.0,321.3333435058594,322.6666564941406,318375
2021-11-17,275.38323974609375,320.0,329.3333435058594,317.3333435058594,326.6666564941406,1705125
2021-11-18,275.38323974609375,320.0,322.6666564941406,317.3333435058594,320.0,155625
2021-11-19,275.38323974609375,320.0,325.3333435058594,318.6666564941406,322.6666564941406,501750
2021-11-22,276.5306396484375,321.3333435058594,321.3333435058594,318.6666564941406,321.3333435058594,164625
2021-11-23,275.38323974609375,320.0,322.6666564941406,318.6666564941406,322.6666564941406,135750
2021-11-24,276.5306396484375,321.3333435058594,325.3333435058594,317.3333435058594,325.3333435058594,54000
2021-11-25,276.5306396484375,321.3333435058594,322.6666564941406,318.6666564941406,322.6666564941406,265875
2021-11-26,276.5306396484375,321.3333435058594,322.6666564941406,317.3333435058594,321.3333435058594,92625
2021-11-29,276.5306396484375,321.3333435058594,321.3333435058594,317.3333435058594,321.3333435058594,365250
2021-11-30,275.38323974609375,320.0,320.0,317.3333435058594,320.0,205875
2021-12-01,274.23577880859375,318.6666564941406,321.3333435058594,317.3333435058594,321.3333435058594,116250
2021-12-02,275.38323974609375,320.0,320.0,314.6666564941406,314.6666564941406,50625
2021-12-03,275.38323974609375,320.0,321.3333435058594,316.0,321.3333435058594,15750
2021-12-06,273.08837890625,317.3333435058594,320.0,314.6666564941406,318.6666564941406,205875
2021-12-07,274.23577880859375,318.6666564941406,320.0,306.6666564941406,317.3333435058594,282000
2021-12-08,275.38323974609375,320.0,320.0,316.0,318.6666564941406,50250
2021-12-09,275.38323974609375,320.0,320.0,317.3333435058594,318.6666564941406,183375
2021-12-10,275.38323974609375,320.0,321.3333435058594,317.3333435058594,320.0,155250
2021-12-13,274.23577880859375,318.6666564941406,320.0,312.0,320.0,356250
2021-12-14,274.23577880859375,318.6666564941406,318.6666564941406,312.0,316.0,205125
2021-12-15,273.08837890625,317.3333435058594,318.6666564941406,313.3333435058594,313.3333435058594,41250
2021-12-16,273.08837890625,317.3333435058594,317.3333435058594,314.6666564941406,317.3333435058594,175875
2021-12-17,273.08837890625,317.3333435058594,317.3333435058594,314.6666564941406,317.3333435058594,17250
2021-12-20,273.08837890625,317.3333435058594,317.3333435058594,310.6666564941406,317.3333435058594,238875
2021-12-21,273.08837890625,317.3333435058594,317.3333435058594,313.3333435058594,317.3333435058594,195750
2021-12-22,275.38323974609375,320.0,320.0,314.6666564941406,316.0,105750
2021-12-23,271.9409484863281,316.0,317.3333435058594,312.0,317.3333435058594,190125
2021-12-24,271.9409484863281,316.0,317.3333435058594,312.0,316.0,120375
2021-12-27,270.7934875488281,314.6666564941406,320.0,312.0,314.6666564941406,257625
2021-12-28,274.23577880859375,318.6666564941406,318.6666564941406,316.0,317.3333435058594,19875
2021-12-29,271.9409484863281,316.0,320.0,316.0,320.0,83625
2021-12-30,271.9409484863281,316.0,317.3333435058594,313.3333435058594,317.3333435058594,88875
2022-01-03,271.9409484863281,316.0,318.6666564941406,312.0,317.3333435058594,322500
2022-01-04,271.9409484863281,316.0,316.0,314.6666564941406,316.0,15375
2022-01-05,270.7934875488281,314.6666564941406,318.6666564941406,312.0,318.6666564941406,94875
2022-01-06,271.9409484863281,316.0,316.0,313.3333435058594,314.6666564941406,93750
2022-01-07,270.7934875488281,314.6666564941406,317.3333435058594,313.3333435058594,316.0,130500
2022-01-10,270.7934875488281,314.6666564941406,314.6666564941406,312.0,314.6666564941406,38625
2022-01-11,270.7934875488281,314.6666564941406,314.6666564941406,312.0,314.6666564941406,134625
2022-01-12,269.64605712890625,313.3333435058594,313.3333435058594,310.6666564941406,312.0,60375
2022-01-13,269.64605712890625,313.3333435058594,313.3333435058594,310.6666564941406,313.3333435058594,68625
2022-01-14,268.4986267089844,312.0,314.6666564941406,304.0,313.3333435058594,70875
2022-01-17,270.7934875488281,314.6666564941406,318.6666564941406,309.3333435058594,314.6666564941406,62625
2022-01-18,267.3511962890625,310.6666564941406,314.6666564941406,309.3333435058594,310.6666564941406,89625
2022-01-19,267.3511962890625,310.6666564941406,313.3333435058594,310.6666564941406,313.3333435058594,46500
2022-01-20,268.4986267089844,312.0,312.0,312.0,312.0,22500
2022-01-21,268.4986267089844,312.0,312.0,309.3333435058594,310.6666564941406,94500
2022-01-24,268.4986267089844,312.0,313.3333435058594,312.0,312.0,111000
2022-01-25,268.4986267089844,312.0,312.0,309.3333435058594,310.6666564941406,91125
2022-01-26,268.4986267089844,312.0,312.0,304.0,310.6666564941406,272250
2022-01-27,266.20379638671875,309.3333435058594,312.0,308.0,312.0,46500
2022-01-28,268.4986267089844,312.0,312.0,302.6666564941406,308.0,170625
2022-01-31,260.46661376953125,302.6666564941406,312.0,302.6666564941406,312.0,410250
2022-02-02,266.20379638671875,309.3333435058594,309.3333435058594,297.3333435058594,302.6666564941406,490125
2022-02-03,265.05633544921875,308.0,308.0,298.6666564941406,300.0,82875
2022-02-04,265.05633544921875,308.0,308.0,300.0,308.0,71625
2022-02-07,265.05633544921875,308.0,308.0,305.3333435058594,308.0,17625
2022-02-08,267.3511962890625,310.6666564941406,310.6666564941406,301.3333435058594,306.6666564941406,75750
2022-02-09,266.20379638671875,309.3333435058594,310.6666564941406,301.3333435058594,309.3333435058594,23625
2022-02-10,263.908935546875,306.6666564941406,309.3333435058594,301.3333435058594,309.3333435058594,102375
2022-02-11,265.05633544921875,308.0,308.0,300.0,306.6666564941406,52125
2022-02-14,262.7615051269531,305.3333435058594,306.6666564941406,301.3333435058594,304.0,73125
2022-02-15,263.908935546875,306.6666564941406,306.6666564941406,301.3333435058594,305.3333435058594,95625
2022-02-16,263.908935546875,306.6666564941406,306.6666564941406,300.0,301.3333435058594,75750
2022-02-17,262.7615051269531,305.3333435058594,306.6666564941406,300.0,301.3333435058594,190125
2022-02-18,261.6140441894531,304.0,305.3333435058594,298.6666564941406,301.3333435058594,48000
2022-02-21,263.908935546875,306.6666564941406,308.0,300.0,301.3333435058594,123750
2022-02-22,260.46661376953125,302.6666564941406,305.3333435058594,300.0,301.3333435058594,88500
2022-02-23,260.46661376953125,302.6666564941406,302.6666564941406,300.0,301.3333435058594,108375
2022-02-24,260.46661376953125,302.6666564941406,305.3333435058594,298.6666564941406,300.0,221250
2022-02-25,261.6140441894531,304.0,305.3333435058594,300.0,300.0,26250
2022-03-01,261.6140441894531,304.0,306.6666564941406,302.6666564941406,306.6666564941406,60375
2022-03-02,262.7615051269531,305.3333435058594,305.3333435058594,302.6666564941406,304.0,156750
2022-03-04,260.46661376953125,302.6666564941406,318.6666564941406,301.3333435058594,305.3333435058594,566250
2022-03-07,259.3191833496094,301.3333435058594,306.6666564941406,301.3333435058594,302.6666564941406,202125
2022-03-08,258.1717834472656,300.0,308.0,300.0,306.6666564941406,347250
2022-03-09,258.1717834472656,300.0,300.0,298.6666564941406,300.0,327375
2022-03-10,261.6140441894531,304.0,306.6666564941406,298.6666564941406,298.6666564941406,187125
2022-03-11,258.1717834472656,300.0,305.3333435058594,297.3333435058594,304.0,271875
2022-03-14,261.6140441894531,304.0,305.3333435058594,296.0,305.3333435058594,123750
2022-03-15,265.05633544921875,308.0,309.3333435058594,301.3333435058594,305.3333435058594,427125
2022-03-16,268.4986267089844,312.0,313.3333435058594,302.6666564941406,308.0,656250
2022-03-17,263.908935546875,306.6666564941406,312.0,305.3333435058594,309.3333435058594,113250
2022-03-18,267.3511962890625,310.6666564941406,310.6666564941406,302.6666564941406,306.6666564941406,267375
2022-03-21,271.9409484863281,316.0,322.6666564941406,310.6666564941406,310.6666564941406,1201125
2022-03-22,274.23577880859375,318.6666564941406,320.0,314.6666564941406,317.3333435058594,88875
2022-03-23,274.23577880859375,318.6666564941406,320.0,313.3333435058594,318.6666564941406,291375
2022-03-24,273.08837890625,317.3333435058594,318.6666564941406,314.6666564941406,318.6666564941406,263250
2022-03-25,273.08837890625,317.3333435058594,318.6666564941406,314.6666564941406,317.3333435058594,63375
2022-03-28,277.6780700683594,322.6666564941406,325.3333435058594,317.3333435058594,317.3333435058594,1203750
2022-03-29,277.6780700683594,322.6666564941406,326.6666564941406,317.3333435058594,322.6666564941406,1603500
2022-03-30,277.6780700683594,322.6666564941406,326.6666564941406,320.0,324.0,1189500
2022-03-31,273.08837890625,317.3333435058594,325.3333435058594,314.6666564941406,322.6666564941406,1219875
2022-04-01,275.38323974609375,320.0,320.0,300.0,317.3333435058594,2717625
2022-04-04,268.4986267089844,312.0,320.0,305.3333435058594,314.6666564941406,4511250
2022-04-05,268.4986267089844,312.0,312.0,306.6666564941406,312.0,1431375
2022-04-06,268.4986267089844,312.0,314.6666564941406,306.6666564941406,312.0,4405500
2022-04-07,262.7615051269531,305.3333435058594,312.0,305.3333435058594,310.6666564941406,1687875
2022-04-08,267.3511962890625,310.6666564941406,320.0,309.3333435058594,310.6666564941406,1003125
2022-04-11,267.3511962890625,310.6666564941406,313.3333435058594,302.6666564941406,310.6666564941406,1863750
2022-04-12,268.4986267089844,312.0,312.0,302.6666564941406,310.6666564941406,1709625
2022-04-13,274.23577880859375,318.6666564941406,321.3333435058594,313.3333435058594,317.3333435058594,393750
2022-04-14,277.6780700683594,322.6666564941406,322.6666564941406,314.6666564941406,318.6666564941406,828375
2022-04-18,288.00494384765625,334.6666564941406,340.0,322.6666564941406,324.0,2303625
2022-04-19,286.8575134277344,333.3333435058594,338.6666564941406,326.6666564941406,338.6666564941406,664125
2022-04-20,289.1523742675781,336.0,336.0,326.6666564941406,329.3333435058594,636750
2022-04-21,296.0369567871094,344.0,346.6666564941406,336.0,336.0,1810500
2022-04-22,292.59466552734375,340.0,344.0,330.6666564941406,344.0,1524000
2022-04-25,294.8895263671875,342.6666564941406,348.0,338.6666564941406,341.3333435058594,2383125
2022-04-26,286.8575134277344,333.3333435058594,342.6666564941406,332.0,341.3333435058594,1449000
2022-04-27,291.447265625,338.6666564941406,341.3333435058594,332.0,333.3333435058594,193875
2022-04-28,293.74212646484375,341.3333435058594,341.3333435058594,332.0,338.6666564941406,757500
2022-05-09,296.0369567871094,344.0,344.0,320.0,341.3333435058594,1439250
2022-05-10,286.8575134277344,333.3333435058594,344.0,332.0,344.0,505875
2022-05-11,284.5626525878906,330.6666564941406,344.0,322.6666564941406,344.0,3575250
2022-05-12,285.7101135253906,332.0,341.3333435058594,321.3333435058594,330.6666564941406,2028750
2022-05-13,286.8575134277344,333.3333435058594,333.3333435058594,314.6666564941406,320.0,498750
2022-05-17,282.2677917480469,328.0,333.3333435058594,317.3333435058594,333.3333435058594,114375
2022-05-18,282.2677917480469,328.0,333.3333435058594,313.3333435058594,320.0,1131000
2022-05-19,278.82550048828125,324.0,325.3333435058594,313.3333435058594,316.0,989250
2022-05-20,278.82550048828125,324.0,332.0,322.6666564941406,322.6666564941406,507750
2022-05-23,292.59466552734375,340.0,341.3333435058594,328.0,332.0,691125
2022-05-24,307.5112609863281,357.3333435058594,357.3333435058594,332.0,338.6666564941406,2238750
2022-05-25,293.74212646484375,341.3333435058594,357.3333435058594,336.0,357.3333435058594,1836375
2022-05-27,294.8895263671875,342.6666564941406,346.6666564941406,341.3333435058594,341.3333435058594,369375
2022-05-30,293.74212646484375,341.3333435058594,346.6666564941406,340.0,342.6666564941406,1007625
2022-05-31,293.74212646484375,341.3333435058594,342.6666564941406,333.3333435058594,341.3333435058594,1340625
2022-06-02,288.00494384765625,334.6666564941406,341.3333435058594,328.0,341.3333435058594,563250
2022-06-03,286.8575134277344,333.3333435058594,334.6666564941406,325.3333435058594,334.6666564941406,1157625
2022-06-06,288.00494384765625,334.6666564941406,340.0,330.6666564941406,333.3333435058594,1069500
2022-06-07,291.447265625,338.6666564941406,338.6666564941406,333.3333435058594,334.6666564941406,282000
2022-06-08,290.2998046875,337.3333435058594,337.3333435058594,336.0,337.3333435058594,862875
2022-06-09,286.8575134277344,333.3333435058594,340.0,330.6666564941406,333.3333435058594,420000
2022-06-10,290.2998046875,337.3333435058594,337.3333435058594,332.0,332.0,830250
2022-06-13,286.8575134277344,333.3333435058594,333.3333435058594,330.6666564941406,333.3333435058594,546000
2022-06-14,290.2998046875,337.3333435058594,337.3333435058594,330.6666564941406,333.3333435058594,508875
2022-06-15,288.00494384765625,334.6666564941406,341.3333435058594,328.0,337.3333435058594,439875
2022-06-16,291.447265625,338.6666564941406,340.0,332.0,334.6666564941406,157500
2022-06-17,291.447265625,338.6666564941406,338.6666564941406,329.3333435058594,338.6666564941406,997125
2022-06-20,294.8895263671875,342.6666564941406,342.6666564941406,337.3333435058594,338.6666564941406,611625
2022-06-21,293.74212646484375,341.3333435058594,342.6666564941406,338.6666564941406,342.6666564941406,105000
2022-06-22,296.0369567871094,344.0,344.0,341.3333435058594,341.3333435058594,260625
2022-06-23,293.74212646484375,341.3333435058594,346.6666564941406,341.3333435058594,346.6666564941406,902625
2022-06-24,294.8895263671875,342.6666564941406,345.3333435058594,341.3333435058594,345.3333435058594,714000
2022-06-27,292.59466552734375,340.0,342.6666564941406,340.0,341.3333435058594,296625
2022-06-28,296.0369567871094,344.0,344.0,338.6666564941406,340.0,28500
2022-06-29,294.8895263671875,342.6666564941406,344.0,340.0,344.0,751875
2022-06-30,292.59466552734375,340.0,344.0,340.0,340.0,524250
2022-07-01,291.447265625,338.6666564941406,344.0,336.0,340.0,459000
2022-07-04,288.00494384765625,334.6666564941406,342.6666564941406,322.6666564941406,342.6666564941406,941250
2022-07-05,294.8895263671875,342.6666564941406,346.6666564941406,334.6666564941406,336.0,1018500
2022-07-06,294.8895263671875,342.6666564941406,342.6666564941406,336.0,342.6666564941406,9750
2022-07-07,292.59466552734375,340.0,342.6666564941406,337.3333435058594,340.0,238500
2022-07-08,296.0369567871094,344.0,345.3333435058594,340.0,340.0,348750
2022-07-11,302.9215393066406,352.0,356.0,341.3333435058594,341.3333435058594,233625
2022-07-12,296.0369567871094,344.0,354.6666564941406,342.6666564941406,352.0,672375
2022-07-13,298.3318176269531,346.6666564941406,346.6666564941406,341.3333435058594,344.0,807375
2022-07-14,298.3318176269531,346.6666564941406,350.6666564941406,346.6666564941406,346.6666564941406,1424250
2022-07-15,304.0689697265625,353.3333435058594,368.0,346.6666564941406,346.6666564941406,792000
2022-07-18,321.2804260253906,373.3333435058594,373.3333435058594,353.3333435058594,353.3333435058594,637125
2022-07-19,346.52386474609375,402.6666564941406,406.6666564941406,373.3333435058594,373.3333435058594,1453125
2022-07-20,367.1776123046875,426.6666564941406,432.0,402.6666564941406,402.6666564941406,2465250
2022-07-21,359.1456298828125,417.3333435058594,426.6666564941406,405.3333435058594,426.6666564941406,438750
2022-07-22,367.1776123046875,426.6666564941406,445.3333435058594,418.6666564941406,418.6666564941406,1020750
2022-07-25,379.7993469238281,441.3333435058594,441.3333435058594,421.3333435058594,424.0,346875
2022-07-26,392.42108154296875,456.0,456.0,425.3333435058594,440.0,1149000
2022-07-27,377.50445556640625,438.6666564941406,457.3333435058594,438.6666564941406,453.3333435058594,1156125
2022-07-28,366.03021240234375,425.3333435058594,444.0,418.6666564941406,438.6666564941406,1239000
2022-07-29,366.03021240234375,425.3333435058594,460.0,416.0,424.0,1160250
2022-08-01,345.37646484375,401.3333435058594,433.3333435058594,400.0,424.0,1568625
2022-08-02,339.6392822265625,394.6666564941406,402.6666564941406,386.6666564941406,402.6666564941406,897000
2022-08-03,339.6392822265625,394.6666564941406,416.0,389.3333435058594,389.3333435058594,475500
2022-08-04,354.555908203125,412.0,416.0,386.6666564941406,394.6666564941406,259875
2022-08-05,354.555908203125,412.0,412.0,400.0,412.0,168000
2022-08-08,351.1136169433594,408.0,412.0,397.3333435058594,405.3333435058594,357750
2022-08-09,338.49188232421875,393.3333435058594,408.0,389.3333435058594,397.3333435058594,807000
2022-08-10,337.344482421875,392.0,394.6666564941406,389.3333435058594,394.6666564941406,70500
2022-08-11,346.52386474609375,402.6666564941406,410.6666564941406,392.0,397.3333435058594,26250
2022-08-12,343.0815734863281,398.6666564941406,402.6666564941406,396.0,402.6666564941406,467625
2022-08-15,344.22900390625,400.0,400.0,394.6666564941406,397.3333435058594,373500
2022-08-16,340.7867431640625,396.0,400.0,396.0,400.0,108375
2022-08-18,355.7033386230469,413.3333435058594,466.6666564941406,396.0,396.0,666375
2022-08-19,355.7033386230469,413.3333435058594,418.6666564941406,402.6666564941406,413.3333435058594,147750
2022-08-22,344.22900390625,400.0,413.3333435058594,396.0,413.3333435058594,503250
2022-08-23,344.22900390625,400.0,400.0,394.6666564941406,400.0,151875
2022-08-24,343.0815734863281,398.6666564941406,400.0,397.3333435058594,400.0,47625
2022-08-25,341.93414306640625,397.3333435058594,400.0,397.3333435058594,398.6666564941406,173250
2022-08-26,337.344482421875,392.0,398.6666564941406,386.6666564941406,398.6666564941406,1232250
2022-08-29,337.344482421875,392.0,392.0,389.3333435058594,392.0,88125
2022-08-30,330.4598693847656,384.0,400.0,384.0,386.6666564941406,453000
2022-08-31,340.7867431640625,396.0,396.0,378.6666564941406,384.0,478500
2022-09-01,338.49188232421875,393.3333435058594,398.6666564941406,386.6666564941406,396.0,257625
2022-09-02,330.4598693847656,384.0,394.6666564941406,384.0,394.6666564941406,300375
2022-09-05,330.4598693847656,384.0,390.6666564941406,378.6666564941406,384.0,621000
2022-09-06,332.75469970703125,386.6666564941406,398.6666564941406,382.6666564941406,384.0,47250
2022-09-07,329.31243896484375,382.6666564941406,384.0,380.0,381.3333435058594,536250
2022-09-08,353.408447265625,410.6666564941406,418.6666564941406,381.3333435058594,381.3333435058594,1072125
2022-09-09,351.1136169433594,408.0,416.0,390.6666564941406,410.6666564941406,81750
2022-09-12,352.26104736328125,409.3333435058594,416.0,396.0,405.3333435058594,210750
2022-09-13,347.67132568359375,404.0,409.3333435058594,384.0,406.6666564941406,976500
2022-09-14,348.8187561035156,405.3333435058594,412.0,392.0,412.0,16875
2022-09-15,348.8187561035156,405.3333435058594,406.6666564941406,392.0,404.0,109500
2022-09-16,337.344482421875,392.0,405.3333435058594,381.3333435058594,405.3333435058594,154500
2022-09-19,341.93414306640625,397.3333435058594,397.3333435058594,389.3333435058594,396.0,85875
2022-09-20,329.31243896484375,382.6666564941406,396.0,380.0,392.0,241500
2022-09-21,335.0495910644531,389.3333435058594,396.0,381.3333435058594,381.3333435058594,326250
2022-09-22,336.1969909667969,390.6666564941406,390.6666564941406,382.6666564941406,389.3333435058594,93000
2022-09-23,337.344482421875,392.0,392.0,381.3333435058594,388.0,332250
2022-09-26,327.0176086425781,380.0,393.3333435058594,380.0,393.3333435058594,87375
2022-09-27,331.6072692871094,385.3333435058594,386.6666564941406,380.0,380.0,93750
2022-09-28,331.6072692871094,385.3333435058594,385.3333435058594,380.0,380.0,59250
2022-09-29,327.0176086425781,380.0,380.0,380.0,380.0,66375
2022-09-30,330.4598693847656,384.0,400.0,380.0,381.3333435058594,451125
2022-10-03,329.31243896484375,382.6666564941406,384.0,381.3333435058594,384.0,52500
2022-10-04,329.31243896484375,382.6666564941406,382.6666564941406,381.3333435058594,381.3333435058594,168750
2022-10-05,336.1969909667969,390.6666564941406,393.3333435058594,381.3333435058594,382.6666564941406,100500
2022-10-06,331.6072692871094,385.3333435058594,390.6666564941406,385.3333435058594,390.6666564941406,5250
2022-10-07,332.75469970703125,386.6666564941406,386.6666564941406,382.6666564941406,385.3333435058594,37125
2022-10-10,333.9021301269531,388.0,392.0,378.6666564941406,381.3333435058594,76125
2022-10-11,331.6072692871094,385.3333435058594,388.0,380.0,388.0,83625
2022-10-12,329.31243896484375,382.6666564941406,382.6666564941406,378.6666564941406,381.3333435058594,153375
2022-10-13,325.8701171875,378.6666564941406,380.0,372.0,380.0,923250
2022-10-14,344.22900390625,400.0,400.0,377.3333435058594,378.6666564941406,5943375
2022-10-17,329.31243896484375,382.6666564941406,400.0,377.3333435058594,398.6666564941406,631875
2022-10-18,323.5752868652344,376.0,389.3333435058594,376.0,381.3333435058594,210750
2022-10-19,329.31243896484375,382.6666564941406,382.6666564941406,376.0,376.0,23250
2022-10-20,329.31243896484375,382.6666564941406,382.6666564941406,378.6666564941406,381.3333435058594,89250
2022-10-21,328.1650085449219,381.3333435058594,381.3333435058594,378.6666564941406,380.0,172125
2022-10-24,329.31243896484375,382.6666564941406,382.6666564941406,378.6666564941406,378.6666564941406,53250
2022-10-25,330.4598693847656,384.0,384.0,380.0,382.6666564941406,63375
2022-10-26,328.1650085449219,381.3333435058594,384.0,378.6666564941406,384.0,74625
2022-10-27,336.1969909667969,390.6666564941406,390.6666564941406,382.6666564941406,384.0,106125
2022-10-28,333.9021301269531,388.0,388.0,381.3333435058594,382.6666564941406,334125
2022-10-31,330.4598693847656,384.0,388.0,382.6666564941406,388.0,1077375
2022-11-01,328.1650085449219,381.3333435058594,382.6666564941406,381.3333435058594,382.6666564941406,27750
2022-11-02,329.31243896484375,382.6666564941406,382.6666564941406,380.0,381.3333435058594,25500
2022-11-03,329.31243896484375,382.6666564941406,382.6666564941406,376.0,381.3333435058594,290250
2022-11-04,328.1650085449219,381.3333435058594,381.3333435058594,376.0,381.3333435058594,4125
2022-11-07,328.1650085449219,381.3333435058594,381.3333435058594,376.0,381.3333435058594,129000
2022-11-08,329.31243896484375,382.6666564941406,382.6666564941406,381.3333435058594,381.3333435058594,254250
2022-11-09,330.4598693847656,384.0,390.6666564941406,381.3333435058594,382.6666564941406,257625
2022-11-10,329.31243896484375,382.6666564941406,382.6666564941406,382.6666564941406,382.6666564941406,1125
2022-11-11,324.72271728515625,377.3333435058594,382.6666564941406,368.0,382.6666564941406,685500
2022-11-14,324.72271728515625,377.3333435058594,377.3333435058594,369.3333435058594,377.3333435058594,402375
2022-11-15,325.8701171875,378.6666564941406,378.6666564941406,374.6666564941406,377.3333435058594,13125
2022-11-16,327.0176086425781,380.0,380.0,378.6666564941406,378.6666564941406,367125
2022-11-17,325.8701171875,378.6666564941406,378.6666564941406,370.6666564941406,370.6666564941406,14625
2022-11-18,325.8701171875,378.6666564941406,378.6666564941406,372.0,378.6666564941406,145875
2022-11-21,322.4278259277344,374.6666564941406,374.6666564941406,372.0,372.0,12000
2022-11-22,327.0176086425781,380.0,380.0,376.0,376.0,268875
2022-11-23,327.0176086425781,380.0,380.0,380.0,380.0,375
2022-11-24,322.4278259277344,374.6666564941406,378.6666564941406,374.6666564941406,378.6666564941406,6375
2022-11-25,324.72271728515625,377.3333435058594,378.6666564941406,373.3333435058594,373.3333435058594,134625
2022-11-28,318.9855651855469,370.6666564941406,377.3333435058594,370.6666564941406,376.0,196125
2022-11-29,325.8701171875,378.6666564941406,378.6666564941406,372.0,373.3333435058594,8250
2022-11-30,325.8701171875,378.6666564941406,378.6666564941406,368.0,378.6666564941406,84000
2022-12-01,318.9855651855469,370.6666564941406,370.6666564941406,370.6666564941406,370.6666564941406,3375
2022-12-02,321.2804260253906,373.3333435058594,374.6666564941406,346.6666564941406,370.6666564941406,369000
2022-12-05,320.13299560546875,372.0,373.3333435058594,368.0,373.3333435058594,148875
2022-12-06,325.8701171875,378.6666564941406,378.6666564941406,357.3333435058594,370.6666564941406,1087125
2022-12-07,321.2804260253906,373.3333435058594,376.0,373.3333435058594,376.0,84000
2022-12-08,318.9855651855469,370.6666564941406,376.0,370.6666564941406,376.0,13875
2022-12-09,318.9855651855469,370.6666564941406,370.6666564941406,370.6666564941406,370.6666564941406,0
2022-12-12,318.9855651855469,370.6666564941406,370.6666564941406,346.6666564941406,357.3333435058594,63750
2022-12-13,321.2804260253906,373.3333435058594,373.3333435058594,368.0,369.3333435058594,18000
2022-12-14,329.31243896484375,382.6666564941406,382.6666564941406,366.6666564941406,370.6666564941406,8625
2022-12-15,323.5752868652344,376.0,381.3333435058594,366.6666564941406,381.3333435058594,52875
2022-12-16,321.2804260253906,373.3333435058594,373.3333435058594,360.0,366.6666564941406,269250
2022-12-19,318.9855651855469,370.6666564941406,373.3333435058594,370.6666564941406,373.3333435058594,25875
2022-12-20,321.2804260253906,373.3333435058594,373.3333435058594,366.6666564941406,370.6666564941406,39000
2022-12-21,321.2804260253906,373.3333435058594,373.3333435058594,368.0,373.3333435058594,1875
2022-12-22,331.6072692871094,385.3333435058594,385.3333435058594,369.3333435058594,369.3333435058594,217500
2022-12-23,331.6072692871094,385.3333435058594,385.3333435058594,385.3333435058594,385.3333435058594,0
2022-12-26,321.2804260253906,373.3333435058594,376.0,358.6666564941406,376.0,163875
2022-12-27,321.2804260253906,373.3333435058594,373.3333435058594,373.3333435058594,373.3333435058594,12000
2022-12-28,317.838134765625,369.3333435058594,369.3333435058594,369.3333435058594,369.3333435058594,81000
2022-12-29,317.838134765625,369.3333435058594,370.6666564941406,361.3333435058594,369.3333435058594,171750
2022-12-30,328.1650085449219,381.3333435058594,382.6666564941406,369.3333435058594,369.3333435058594,21375
2023-01-02,321.2804260253906,373.3333435058594,381.3333435058594,373.3333435058594,381.3333435058594,24000
2023-01-03,322.4278259277344,374.6666564941406,377.3333435058594,349.3333435058594,364.0,154875
2023-01-04,321.2804260253906,373.3333435058594,374.6666564941406,364.0,373.3333435058594,12750
2023-01-05,321.2804260253906,373.3333435058594,373.3333435058594,353.3333435058594,373.3333435058594,244500
2023-01-06,321.2804260253906,373.3333435058594,373.3333435058594,357.3333435058594,373.3333435058594,10125
2023-01-09,321.2804260253906,373.3333435058594,373.3333435058594,362.6666564941406,370.6666564941406,95625
2023-01-10,321.2804260253906,373.3333435058594,373.3333435058594,373.3333435058594,373.3333435058594,14625
2023-01-11,320.13299560546875,372.0,373.3333435058594,361.3333435058594,362.6666564941406,187125
2023-01-12,314.3958435058594,365.3333435058594,369.3333435058594,362.6666564941406,369.3333435058594,57750
2023-01-13,310.95355224609375,361.3333435058594,361.3333435058594,361.3333435058594,361.3333435058594,40875
2023-01-16,310.95355224609375,361.3333435058594,361.3333435058594,354.6666564941406,361.3333435058594,76500
2023-01-17,315.5432434082031,366.6666564941406,366.6666564941406,360.0,360.0,14625
2023-01-18,314.3958435058594,365.3333435058594,368.0,357.3333435058594,366.6666564941406,77625
2023-01-19,318.9855651855469,370.6666564941406,370.6666564941406,346.6666564941406,364.0,939375
2023-01-20,318.9855651855469,370.6666564941406,373.3333435058594,360.0,370.6666564941406,57375
2023-01-24,316.6907043457031,368.0,370.6666564941406,350.6666564941406,362.6666564941406,89625
2023-01-25,316.6907043457031,368.0,369.3333435058594,360.0,368.0,32625
2023-01-26,316.6907043457031,368.0,368.0,362.6666564941406,368.0,18375
2023-01-27,316.6907043457031,368.0,368.0,368.0,368.0,8250
2023-01-30,315.5432434082031,366.6666564941406,368.0,360.0,368.0,70875
2023-01-31,315.5432434082031,366.6666564941406,370.6666564941406,365.3333435058594,370.6666564941406,8625
2023-02-01,315.5432434082031,366.6666564941406,368.0,366.6666564941406,368.0,4125
2023-02-02,315.5432434082031,366.6666564941406,369.3333435058594,365.3333435058594,368.0,79875
2023-02-03,315.5432434082031,366.6666564941406,366.6666564941406,365.3333435058594,365.3333435058594,17250
2023-02-06,315.5432434082031,366.6666564941406,366.6666564941406,365.3333435058594,366.6666564941406,9375
2023-02-07,315.5432434082031,366.6666564941406,366.6666564941406,365.3333435058594,365.3333435058594,43125
2023-02-08,315.5432434082031,366.6666564941406,366.6666564941406,357.3333435058594,366.6666564941406,80625
2023-02-09,315.5432434082031,366.6666564941406,366.6666564941406,365.3333435058594,366.6666564941406,19500
2023-02-10,315.5432434082031,366.6666564941406,366.6666564941406,361.3333435058594,365.3333435058594,34125
2023-02-13,314.3958435058594,365.3333435058594,366.6666564941406,361.3333435058594,366.6666564941406,52500
2023-02-14,314.3958435058594,365.3333435058594,365.3333435058594,362.6666564941406,365.3333435058594,193125
2023-02-15,312.1009521484375,362.6666564941406,362.6666564941406,362.6666564941406,362.6666564941406,39000
2023-02-16,314.3958435058594,365.3333435058594,365.3333435058594,356.0,362.6666564941406,34875
2023-02-17,312.1009521484375,362.6666564941406,365.3333435058594,356.0,360.0,33375
2023-02-20,309.8061218261719,360.0,362.6666564941406,360.0,360.0,53625
2023-02-21,312.1009521484375,362.6666564941406,362.6666564941406,354.6666564941406,362.6666564941406,324375
2023-02-22,310.95355224609375,361.3333435058594,362.6666564941406,354.6666564941406,354.6666564941406,39000
2023-02-23,314.3958435058594,365.3333435058594,365.3333435058594,346.6666564941406,361.3333435058594,238125
2023-02-24,314.3958435058594,365.3333435058594,366.6666564941406,360.0,365.3333435058594,30750
2023-02-27,314.3958435058594,365.3333435058594,366.6666564941406,365.3333435058594,365.3333435058594,15000
2023-02-28,314.3958435058594,365.3333435058594,369.3333435058594,365.3333435058594,369.3333435058594,13875
2023-03-01,292.59466552734375,340.0,369.3333435058594,340.0,365.3333435058594,2553000
2023-03-02,273.08837890625,317.3333435058594,340.0,317.3333435058594,340.0,2728875
2023-03-03,283.4152526855469,329.3333435058594,330.6666564941406,316.0,317.3333435058594,654375
2023-03-06,284.5626525878906,330.6666564941406,340.0,322.6666564941406,329.3333435058594,58125
2023-03-07,298.3318176269531,346.6666564941406,350.6666564941406,330.6666564941406,330.6666564941406,726000
2023-03-08,297.18438720703125,345.3333435058594,346.6666564941406,336.0,346.6666564941406,237000
2023-03-09,298.3318176269531,346.6666564941406,350.6666564941406,345.3333435058594,345.3333435058594,70500
2023-03-10,297.18438720703125,345.3333435058594,350.6666564941406,340.0,346.6666564941406,37125
2023-03-13,300.6266784667969,349.3333435058594,349.3333435058594,333.3333435058594,344.0,50250
2023-03-14,299.4792785644531,348.0,348.0,348.0,348.0,12750
2023-03-15,300.6266784667969,349.3333435058594,349.3333435058594,348.0,348.0,73500
2023-03-16,299.4792785644531,348.0,348.0,337.3333435058594,337.3333435058594,14250
2023-03-17,299.4792785644531,348.0,348.0,340.0,340.0,13500
2023-03-20,299.4792785644531,348.0,348.0,340.0,340.0,10125
2023-03-21,298.3318176269531,346.6666564941406,348.0,345.3333435058594,348.0,14625
2023-03-24,298.3318176269531,346.6666564941406,346.6666564941406,338.6666564941406,340.0,10125
2023-03-27,296.0369567871094,344.0,346.6666564941406,340.0,346.6666564941406,12750
2023-03-28,298.3318176269531,346.6666564941406,346.6666564941406,336.0,344.0,46125
2023-03-29,298.3318176269531,346.6666564941406,346.6666564941406,346.6666564941406,346.6666564941406,9000
2023-03-30,300.6266784667969,349.3333435058594,349.3333435058594,346.6666564941406,346.6666564941406,58500
2023-03-31,298.3318176269531,346.6666564941406,348.0,338.6666564941406,348.0,45750
2023-04-03,298.3318176269531,346.6666564941406,346.6666564941406,342.6666564941406,346.6666564941406,19875
2023-04-04,299.4792785644531,348.0,348.0,340.0,348.0,82875
2023-04-05,299.4792785644531,348.0,348.0,344.0,348.0,16500
2023-04-06,297.18438720703125,345.3333435058594,346.6666564941406,341.3333435058594,346.6666564941406,30000
2023-04-10,297.18438720703125,345.3333435058594,345.3333435058594,345.3333435058594,345.3333435058594,125250
2023-04-11,297.18438720703125,345.3333435058594,345.3333435058594,344.0,345.3333435058594,167250
2023-04-12,298.3318176269531,346.6666564941406,350.6666564941406,342.6666564941406,345.3333435058594,670125
2023-04-13,299.4792785644531,348.0,350.6666564941406,346.6666564941406,346.6666564941406,599625
2023-04-14,300.6266784667969,349.3333435058594,349.3333435058594,346.6666564941406,348.0,324000
2023-04-17,302.9215393066406,352.0,354.6666564941406,349.3333435058594,350.6666564941406,192375
2023-04-18,305.21636962890625,354.6666564941406,354.6666564941406,349.3333435058594,352.0,355500
2023-04-26,307.5112609863281,357.3333435058594,361.3333435058594,354.6666564941406,354.6666564941406,478500
2023-04-27,307.5112609863281,357.3333435058594,361.3333435058594,356.0,360.0,962250
2023-04-28,312.3730773925781,342.6666564941406,346.6666564941406,333.3333435058594,346.6666564941406,846375
2023-05-02,307.5112609863281,337.3333435058594,344.0,334.6666564941406,342.6666564941406,295125
2023-05-03,307.5112609863281,337.3333435058594,337.3333435058594,333.3333435058594,337.3333435058594,29250
2023-05-04,307.5112609863281,337.3333435058594,337.3333435058594,334.6666564941406,334.6666564941406,66375
2023-05-05,306.2958068847656,336.0,337.3333435058594,333.3333435058594,337.3333435058594,16500
2023-05-08,307.5112609863281,337.3333435058594,344.0,330.6666564941406,333.3333435058594,73125
2023-05-09,305.080322265625,334.6666564941406,338.6666564941406,318.6666564941406,332.0,144000
2023-05-10,301.4339294433594,330.6666564941406,334.6666564941406,329.3333435058594,333.3333435058594,26250
2023-05-11,302.6494140625,332.0,332.0,322.6666564941406,330.6666564941406,84000
2023-05-12,302.6494140625,332.0,332.0,324.0,332.0,25875
2023-05-15,299.0030212402344,328.0,330.6666564941406,320.0,330.6666564941406,292500
2023-05-16,300.218505859375,329.3333435058594,330.6666564941406,322.6666564941406,328.0,54750
2023-05-17,300.218505859375,329.3333435058594,329.3333435058594,324.0,329.3333435058594,10125
2023-05-19,299.0030212402344,328.0,329.3333435058594,328.0,329.3333435058594,2625
2023-05-22,301.4339294433594,330.6666564941406,336.0,328.0,328.0,111375
2023-05-23,297.7875671386719,326.6666564941406,329.3333435058594,324.0,325.3333435058594,39750
2023-05-24,296.5721130371094,325.3333435058594,325.3333435058594,324.0,325.3333435058594,57000
2023-05-25,295.3566589355469,324.0,332.0,324.0,332.0,22875
2023-05-26,296.5721130371094,325.3333435058594,325.3333435058594,320.0,324.0,119625
2023-05-29,292.9257507324219,321.3333435058594,330.6666564941406,320.0,325.3333435058594,48750
2023-05-30,297.7875671386719,326.6666564941406,326.6666564941406,312.0,321.3333435058594,167250
2023-05-31,297.7875671386719,326.6666564941406,326.6666564941406,320.0,325.3333435058594,5625
2023-06-05,302.6494140625,332.0,333.3333435058594,326.6666564941406,326.6666564941406,5625
2023-06-06,300.218505859375,329.3333435058594,332.0,329.3333435058594,332.0,1125
2023-06-07,289.27935791015625,317.3333435058594,329.3333435058594,305.3333435058594,321.3333435058594,695625
2023-06-08,274.69384765625,301.3333435058594,317.3333435058594,293.3333435058594,317.3333435058594,2769375
2023-06-09,281.98663330078125,309.3333435058594,309.3333435058594,304.0,305.3333435058594,137250
2023-06-12,285.63299560546875,313.3333435058594,313.3333435058594,305.3333435058594,309.3333435058594,204750
2023-06-13,285.63299560546875,313.3333435058594,314.6666564941406,312.0,314.6666564941406,46125
2023-06-14,285.63299560546875,313.3333435058594,316.0,312.0,313.3333435058594,73125
2023-06-15,283.2020568847656,310.6666564941406,316.0,301.3333435058594,312.0,1004250
2023-06-16,283.2020568847656,310.6666564941406,310.6666564941406,304.0,304.0,48375
2023-06-19,286.84844970703125,314.6666564941406,314.6666564941406,310.6666564941406,310.6666564941406,359625
2023-06-20,285.63299560546875,313.3333435058594,314.6666564941406,308.0,314.6666564941406,26250
2023-06-21,288.06390380859375,316.0,317.3333435058594,313.3333435058594,317.3333435058594,20250
2023-06-22,288.06390380859375,316.0,316.0,313.3333435058594,316.0,43500
2023-06-23,280.7711486816406,308.0,316.0,308.0,316.0,58125
2023-06-26,288.06390380859375,316.0,316.0,309.3333435058594,316.0,14250
2023-06-27,289.27935791015625,317.3333435058594,317.3333435058594,309.3333435058594,316.0,86625
2023-07-03,297.7875671386719,326.6666564941406,326.6666564941406,317.3333435058594,317.3333435058594,472875
2023-07-04,299.0030212402344,328.0,330.6666564941406,306.6666564941406,325.3333435058594,140250
2023-07-05,319.6658630371094,350.6666564941406,353.3333435058594,322.6666564941406,328.0,645000
2023-07-06,311.15765380859375,341.3333435058594,349.3333435058594,341.3333435058594,349.3333435058594,190125
2023-07-07,316.0194396972656,346.6666564941406,346.6666564941406,341.3333435058594,341.3333435058594,94125
2023-07-10,312.3730773925781,342.6666564941406,346.6666564941406,341.3333435058594,346.6666564941406,275625
2023-07-11,312.3730773925781,342.6666564941406,342.6666564941406,340.0,342.6666564941406,127875
2023-07-12,311.15765380859375,341.3333435058594,344.0,338.6666564941406,338.6666564941406,99750
2023-07-13,311.15765380859375,341.3333435058594,348.0,337.3333435058594,341.3333435058594,137250
2023-07-14,311.15765380859375,341.3333435058594,341.3333435058594,337.3333435058594,337.3333435058594,62250
2023-07-17,311.15765380859375,341.3333435058594,341.3333435058594,338.6666564941406,338.6666564941406,91500
2023-07-18,294.14117431640625,322.6666564941406,340.0,317.3333435058594,340.0,1725375
2023-07-20,303.8648681640625,333.3333435058594,340.0,322.6666564941406,324.0,154875
2023-07-21,308.7267150878906,338.6666564941406,341.3333435058594,325.3333435058594,333.3333435058594,148875
2023-07-24,311.15765380859375,341.3333435058594,341.3333435058594,333.3333435058594,338.6666564941406,268875
2023-07-25,309.9421691894531,340.0,341.3333435058594,333.3333435058594,333.3333435058594,76500
2023-07-26,308.7267150878906,338.6666564941406,338.6666564941406,333.3333435058594,333.3333435058594,44625
2023-07-27,309.9421691894531,340.0,342.6666564941406,333.3333435058594,340.0,435750
2023-07-28,299.0030212402344,328.0,334.6666564941406,306.6666564941406,334.6666564941406,1311375
2023-07-31,291.7102966308594,320.0,329.3333435058594,318.6666564941406,326.6666564941406,231750
2023-08-01,291.7102966308594,320.0,326.6666564941406,318.6666564941406,320.0,108375
2023-08-02,296.5721130371094,325.3333435058594,326.6666564941406,318.6666564941406,326.6666564941406,49875
2023-08-03,297.7875671386719,326.6666564941406,328.0,320.0,320.0,54750
2023-08-04,292.9257507324219,321.3333435058594,322.6666564941406,320.0,320.0,153000
2023-08-07,292.9257507324219,321.3333435058594,322.6666564941406,320.0,320.0,141750
2023-08-08,291.7102966308594,320.0,322.6666564941406,318.6666564941406,321.3333435058594,212250
2023-08-09,291.7102966308594,320.0,322.6666564941406,318.6666564941406,321.3333435058594,123000
2023-08-10,291.7102966308594,320.0,320.0,317.3333435058594,320.0,150375
2023-08-11,291.7102966308594,320.0,329.3333435058594,318.6666564941406,318.6666564941406,81000
2023-08-14,290.4947814941406,318.6666564941406,320.0,317.3333435058594,318.6666564941406,58500
2023-08-15,294.14117431640625,322.6666564941406,322.6666564941406,314.6666564941406,314.6666564941406,132750
2023-08-16,294.14117431640625,322.6666564941406,322.6666564941406,320.0,320.0,14250
2023-08-18,291.7102966308594,320.0,320.0,317.3333435058594,317.3333435058594,1500
2023-08-21,292.9257507324219,321.3333435058594,325.3333435058594,316.0,318.6666564941406,156375
2023-08-22,291.7102966308594,320.0,322.6666564941406,317.3333435058594,317.3333435058594,46125
2023-08-23,292.9257507324219,321.3333435058594,322.6666564941406,314.6666564941406,318.6666564941406,114750
2023-08-24,292.9257507324219,321.3333435058594,321.3333435058594,317.3333435058594,321.3333435058594,49500
2023-08-25,290.4947814941406,318.6666564941406,318.6666564941406,318.6666564941406,318.6666564941406,5625
2023-08-28,292.9257507324219,321.3333435058594,321.3333435058594,317.3333435058594,317.3333435058594,35250
2023-08-29,289.27935791015625,317.3333435058594,321.3333435058594,316.0,316.0,300750
2023-08-30,291.7102966308594,320.0,320.0,320.0,320.0,10875
2023-08-31,292.9257507324219,321.3333435058594,322.6666564941406,320.0,320.0,3000
2023-09-01,291.7102966308594,320.0,320.0,320.0,320.0,4125
2023-09-04,289.27935791015625,317.3333435058594,320.0,317.3333435058594,320.0,9000
2023-09-05,289.27935791015625,317.3333435058594,318.6666564941406,316.0,316.0,439125
2023-09-06,286.84844970703125,314.6666564941406,316.0,314.6666564941406,316.0,69375
2023-09-07,285.63299560546875,313.3333435058594,314.6666564941406,312.0,314.6666564941406,176625
2023-09-08,284.41754150390625,312.0,313.3333435058594,312.0,313.3333435058594,66750
2023-09-11,283.2020568847656,310.6666564941406,313.3333435058594,310.6666564941406,310.6666564941406,121875
2023-09-12,283.2020568847656,310.6666564941406,312.0,310.6666564941406,310.6666564941406,110250
2023-09-13,284.41754150390625,312.0,312.0,312.0,312.0,50625
2023-09-14,290.4947814941406,318.6666564941406,322.6666564941406,309.3333435058594,312.0,165000
2023-09-15,292.9257507324219,321.3333435058594,321.3333435058594,309.3333435058594,318.6666564941406,10875
2023-09-18,292.9257507324219,321.3333435058594,321.3333435058594,310.6666564941406,321.3333435058594,27000
2023-09-19,291.7102966308594,320.0,322.6666564941406,312.0,312.0,8625
2023-09-20,290.4947814941406,318.6666564941406,318.6666564941406,313.3333435058594,314.6666564941406,24000
2023-09-21,291.7102966308594,320.0,320.0,313.3333435058594,314.6666564941406,23625
2023-09-22,291.7102966308594,320.0,320.0,312.0,313.3333435058594,115875
2023-09-25,291.7102966308594,320.0,320.0,310.6666564941406,320.0,54750
2023-09-26,292.9257507324219,321.3333435058594,321.3333435058594,312.0,321.3333435058594,25125
2023-09-27,292.9257507324219,321.3333435058594,321.3333435058594,312.0,320.0,4875
2023-09-29,290.4947814941406,318.6666564941406,318.6666564941406,308.0,310.6666564941406,57375
2023-10-02,290.4947814941406,318.6666564941406,318.6666564941406,312.0,318.6666564941406,1500
2023-10-03,290.4947814941406,318.6666564941406,318.6666564941406,313.3333435058594,313.3333435058594,12750
2023-10-04,289.27935791015625,317.3333435058594,317.3333435058594,308.0,308.0,6000
2023-10-05,289.27935791015625,317.3333435058594,317.3333435058594,306.6666564941406,306.6666564941406,4875
2023-10-06,289.27935791015625,317.3333435058594,317.3333435058594,317.3333435058594,317.3333435058594,2250
2023-10-09,290.4947814941406,318.6666564941406,318.6666564941406,308.0,308.0,28875
2023-10-10,286.84844970703125,314.6666564941406,318.6666564941406,308.0,308.0,29625
2023-10-11,284.41754150390625,312.0,312.0,309.3333435058594,309.3333435058594,5625
2023-10-12,288.06390380859375,316.0,316.0,309.3333435058594,312.0,32625
2023-10-13,284.41754150390625,312.0,312.0,308.0,308.0,6750
2023-10-16,286.84844970703125,314.6666564941406,317.3333435058594,310.6666564941406,314.6666564941406,34125
2023-10-17,283.2020568847656,310.6666564941406,314.6666564941406,310.6666564941406,314.6666564941406,35625
2023-10-18,289.27935791015625,317.3333435058594,320.0,312.0,316.0,6375
2023-10-19,288.06390380859375,316.0,316.0,309.3333435058594,309.3333435058594,24375
2023-10-20,288.06390380859375,316.0,317.3333435058594,309.3333435058594,317.3333435058594,6375
2023-10-23,289.27935791015625,317.3333435058594,320.0,310.6666564941406,320.0,7500
2023-10-24,289.27935791015625,317.3333435058594,317.3333435058594,310.6666564941406,310.6666564941406,4125
2023-10-25,288.06390380859375,316.0,317.3333435058594,310.6666564941406,310.6666564941406,4125
2023-10-26,283.2020568847656,310.6666564941406,312.0,310.6666564941406,312.0,13500
2023-10-27,281.98663330078125,309.3333435058594,309.3333435058594,305.3333435058594,309.3333435058594,144375
2023-10-30,283.2020568847656,310.6666564941406,310.6666564941406,304.0,304.0,30000
2023-10-31,279.5556945800781,306.6666564941406,310.6666564941406,305.3333435058594,310.6666564941406,9000
2023-11-01,275.9093017578125,302.6666564941406,306.6666564941406,302.6666564941406,302.6666564941406,1774125
2023-11-02,279.5556945800781,306.6666564941406,314.6666564941406,301.3333435058594,302.6666564941406,56250
2023-11-03,288.06390380859375,316.0,316.0,308.0,308.0,1125
2023-11-06,288.06390380859375,316.0,316.0,312.0,314.6666564941406,16875
2023-11-07,283.2020568847656,310.6666564941406,313.3333435058594,302.6666564941406,306.6666564941406,56625
2023-11-08,283.2020568847656,310.6666564941406,310.6666564941406,310.6666564941406,310.6666564941406,0
2023-11-09,283.2020568847656,310.6666564941406,310.6666564941406,302.6666564941406,305.3333435058594,14250
2023-11-10,281.98663330078125,309.3333435058594,309.3333435058594,296.0,306.6666564941406,6750
2023-11-13,278.34027099609375,305.3333435058594,306.6666564941406,302.6666564941406,306.6666564941406,5250
2023-11-14,277.1247863769531,304.0,305.3333435058594,304.0,304.0,15000
2023-11-15,279.5556945800781,306.6666564941406,306.6666564941406,294.6666564941406,304.0,66375
2023-11-16,279.5556945800781,306.6666564941406,306.6666564941406,302.6666564941406,304.0,2250
2023-11-17,272.2629089355469,298.6666564941406,306.6666564941406,297.3333435058594,306.6666564941406,42000
2023-11-20,279.5556945800781,306.6666564941406,306.6666564941406,297.3333435058594,302.6666564941406,8250
2023-11-21,277.1247863769531,304.0,306.6666564941406,302.6666564941406,306.6666564941406,3750
2023-11-22,278.34027099609375,305.3333435058594,305.3333435058594,302.6666564941406,304.0,3375
2023-11-23,278.34027099609375,305.3333435058594,305.3333435058594,305.3333435058594,305.3333435058594,375
2023-11-24,278.34027099609375,305.3333435058594,305.3333435058594,297.3333435058594,297.3333435058594,16875
2023-11-27,283.2020568847656,310.6666564941406,310.6666564941406,302.6666564941406,302.6666564941406,37875
2023-11-28,281.98663330078125,309.3333435058594,309.3333435058594,309.3333435058594,309.3333435058594,3375
2023-11-29,285.63299560546875,313.3333435058594,313.3333435058594,298.6666564941406,301.3333435058594,36000
2023-11-30,284.41754150390625,312.0,312.0,306.6666564941406,306.6666564941406,128625
2023-12-01,284.41754150390625,312.0,312.0,312.0,312.0,4875
2023-12-04,279.5556945800781,306.6666564941406,306.6666564941406,298.6666564941406,300.0,27000
2023-12-05,277.1247863769531,304.0,306.6666564941406,297.3333435058594,301.3333435058594,173250
2023-12-06,277.1247863769531,304.0,305.3333435058594,301.3333435058594,304.0,208875
2023-12-07,279.5556945800781,306.6666564941406,306.6666564941406,306.6666564941406,306.6666564941406,1125
2023-12-08,278.34027099609375,305.3333435058594,306.6666564941406,297.3333435058594,305.3333435058594,3750
2023-12-11,278.34027099609375,305.3333435058594,305.3333435058594,298.6666564941406,298.6666564941406,10500
2023-12-12,278.34027099609375,305.3333435058594,305.3333435058594,296.0,300.0,76875
2023-12-13,283.2020568847656,310.6666564941406,310.6666564941406,300.0,300.0,1500
2023-12-14,279.5556945800781,306.6666564941406,308.0,300.0,300.0,27375
2023-12-15,278.34027099609375,305.3333435058594,309.3333435058594,300.0,300.0,22875
2023-12-18,278.34027099609375,305.3333435058594,305.3333435058594,305.3333435058594,305.3333435058594,0
2023-12-19,279.5556945800781,306.6666564941406,306.6666564941406,306.6666564941406,306.6666564941406,375
2023-12-20,279.5556945800781,306.6666564941406,306.6666564941406,301.3333435058594,306.6666564941406,1500
2023-12-21,277.1247863769531,304.0,306.6666564941406,296.0,306.6666564941406,18750
2023-12-22,277.1247863769531,304.0,304.0,304.0,304.0,43500
2023-12-27,291.7102966308594,320.0,320.0,304.0,304.0,6000
2023-12-28,278.34027099609375,305.3333435058594,314.6666564941406,297.3333435058594,313.3333435058594,108750
2023-12-29,280.7711486816406,308.0,308.0,300.0,304.0,18375
2024-01-02,279.5556945800781,306.6666564941406,309.3333435058594,302.6666564941406,302.6666564941406,15375
2024-01-03,280.7711486816406,308.0,310.6666564941406,305.3333435058594,305.3333435058594,12375
2024-01-04,279.5556945800781,306.6666564941406,308.0,305.3333435058594,308.0,47250
2024-01-05,283.2020568847656,310.6666564941406,310.6666564941406,305.3333435058594,305.3333435058594,32250
2024-01-08,284.41754150390625,312.0,312.0,308.0,309.3333435058594,63375
2024-01-09,283.2020568847656,310.6666564941406,310.6666564941406,310.6666564941406,310.6666564941406,1125
2024-01-10,280.7711486816406,308.0,312.0,308.0,312.0,7875
2024-01-11,291.7102966308594,320.0,320.0,308.0,308.0,8250
2024-01-12,286.84844970703125,314.6666564941406,314.6666564941406,309.3333435058594,314.6666564941406,212250
2024-01-15,285.63299560546875,313.3333435058594,314.6666564941406,309.3333435058594,314.6666564941406,132000
2024-01-16,283.2020568847656,310.6666564941406,313.3333435058594,309.3333435058594,313.3333435058594,496125
2024-01-17,286.84844970703125,314.6666564941406,314.6666564941406,306.6666564941406,306.6666564941406,40875
2024-01-18,284.41754150390625,312.0,317.3333435058594,310.6666564941406,317.3333435058594,30000
2024-01-19,286.84844970703125,314.6666564941406,314.6666564941406,309.3333435058594,310.6666564941406,87000
2024-01-22,283.2020568847656,310.6666564941406,314.6666564941406,308.0,314.6666564941406,27750
2024-01-23,285.63299560546875,313.3333435058594,313.3333435058594,308.0,308.0,3000
2024-01-24,286.84844970703125,314.6666564941406,314.6666564941406,308.0,310.6666564941406,35625
2024-01-25,286.84844970703125,314.6666564941406,314.6666564941406,310.6666564941406,314.6666564941406,5250
2024-01-26,285.63299560546875,313.3333435058594,313.3333435058594,309.3333435058594,309.3333435058594,23250
2024-01-29,285.63299560546875,313.3333435058594,313.3333435058594,309.3333435058594,309.3333435058594,75375
2024-01-30,285.63299560546875,313.3333435058594,313.3333435058594,309.3333435058594,309.3333435058594,10500
2024-01-31,288.06390380859375,316.0,316.0,310.6666564941406,310.6666564941406,46875
2024-02-01,285.63299560546875,313.3333435058594,314.6666564941406,309.3333435058594,314.6666564941406,100500
2024-02-02,285.63299560546875,313.3333435058594,313.3333435058594,306.6666564941406,309.3333435058594,35625
2024-02-05,285.63299560546875,313.3333435058594,313.3333435058594,309.3333435058594,313.3333435058594,69750
2024-02-06,285.63299560546875,313.3333435058594,316.0,305.3333435058594,313.3333435058594,21375
2024-02-07,285.63299560546875,313.3333435058594,313.3333435058594,308.0,309.3333435058594,63750
2024-02-12,286.84844970703125,314.6666564941406,314.6666564941406,309.3333435058594,313.3333435058594,151125
2024-02-13,286.84844970703125,314.6666564941406,314.6666564941406,309.3333435058594,314.6666564941406,33750
2024-02-15,286.84844970703125,314.6666564941406,314.6666564941406,309.3333435058594,309.3333435058594,113250
2024-02-16,285.63299560546875,313.3333435058594,314.6666564941406,304.0,313.3333435058594,36750
2024-02-19,283.2020568847656,310.6666564941406,313.3333435058594,300.0,300.0,51000
2024-02-20,283.2020568847656,310.6666564941406,310.6666564941406,308.0,309.3333435058594,125625
2024-02-21,284.41754150390625,312.0,312.0,309.3333435058594,309.3333435058594,29250
2024-02-22,283.2020568847656,310.6666564941406,310.6666564941406,305.3333435058594,309.3333435058594,149625
2024-02-23,283.2020568847656,310.6666564941406,310.6666564941406,308.0,308.0,144000
2024-02-26,283.2020568847656,310.6666564941406,313.3333435058594,308.0,310.6666564941406,59250
2024-02-27,285.63299560546875,313.3333435058594,313.3333435058594,308.0,312.0,246375
2024-02-28,283.2020568847656,310.6666564941406,313.3333435058594,309.3333435058594,313.3333435058594,100500
2024-02-29,283.2020568847656,310.6666564941406,310.6666564941406,305.3333435058594,308.0,178125
2024-03-01,281.98663330078125,309.3333435058594,309.3333435058594,302.6666564941406,305.3333435058594,352125
2024-03-04,283.2020568847656,310.6666564941406,310.6666564941406,308.0,309.3333435058594,51375
2024-03-05,281.98663330078125,309.3333435058594,310.6666564941406,309.3333435058594,309.3333435058594,130125
2024-03-06,281.98663330078125,309.3333435058594,310.6666564941406,301.3333435058594,301.3333435058594,201000
2024-03-07,281.98663330078125,309.3333435058594,310.6666564941406,305.3333435058594,309.3333435058594,180750
2024-03-08,283.2020568847656,310.6666564941406,310.6666564941406,309.3333435058594,309.3333435058594,115500
2024-03-13,281.98663330078125,309.3333435058594,310.6666564941406,308.0,310.6666564941406,50625
2024-03-14,283.2020568847656,310.6666564941406,310.6666564941406,308.0,309.3333435058594,78750
2024-03-15,277.1247863769531,304.0,310.6666564941406,304.0,308.0,653250
2024-03-18,279.5556945800781,306.6666564941406,306.6666564941406,304.0,306.6666564941406,288750
2024-03-19,279.5556945800781,306.6666564941406,309.3333435058594,305.3333435058594,309.3333435058594,43875
2024-03-20,280.7711486816406,308.0,308.0,304.0,305.3333435058594,121875
2024-03-21,280.7711486816406,308.0,309.3333435058594,306.6666564941406,306.6666564941406,78375
2024-03-22,280.7711486816406,308.0,308.0,306.6666564941406,308.0,177000
2024-03-25,280.7711486816406,308.0,309.3333435058594,305.3333435058594,309.3333435058594,99375
2024-03-26,281.98663330078125,309.3333435058594,310.6666564941406,305.3333435058594,310.6666564941406,405750
2024-03-27,281.98663330078125,309.3333435058594,309.3333435058594,309.3333435058594,309.3333435058594,29625
2024-03-28,279.5556945800781,306.6666564941406,306.6666564941406,305.3333435058594,305.3333435058594,167250
2024-04-01,277.1247863769531,304.0,306.6666564941406,304.0,306.6666564941406,379500
2024-04-02,277.1247863769531,304.0,304.0,302.6666564941406,302.6666564941406,71250
2024-04-03,277.1247863769531,304.0,309.3333435058594,304.0,306.6666564941406,306000
2024-04-04,278.34027099609375,305.3333435058594,306.6666564941406,304.0,306.6666564941406,260625
2024-04-05,280.7711486816406,308.0,310.6666564941406,306.6666564941406,306.6666564941406,518625
2024-04-16,281.98663330078125,309.3333435058594,320.0,308.0,308.0,178875
2024-04-17,290.4947814941406,318.6666564941406,325.3333435058594,309.3333435058594,309.3333435058594,779625
2024-04-18,289.27935791015625,317.3333435058594,322.6666564941406,317.3333435058594,318.6666564941406,145875
2024-04-19,281.98663330078125,309.3333435058594,325.3333435058594,304.0,317.3333435058594,542625
2024-04-22,291.7102966308594,320.0,337.3333435058594,305.3333435058594,309.3333435058594,596625
2024-04-23,296.5721130371094,325.3333435058594,337.3333435058594,324.0,324.0,1141875
2024-04-24,318.45037841796875,349.3333435058594,370.6666564941406,328.0,328.0,1834125
2024-04-25,318.45037841796875,349.3333435058594,360.0,333.3333435058594,350.6666564941406,1054500
2024-04-26,301.4339294433594,330.6666564941406,357.3333435058594,329.3333435058594,349.3333435058594,478875
2024-04-29,302.6494140625,332.0,337.3333435058594,324.0,330.6666564941406,249750
2024-04-30,316.0194396972656,346.6666564941406,346.6666564941406,332.0,346.6666564941406,240750
2024-05-02,306.2958068847656,336.0,346.6666564941406,333.3333435058594,346.6666564941406,490500
2024-05-03,311.15765380859375,341.3333435058594,344.0,334.6666564941406,341.3333435058594,447750
2024-05-06,299.2388000488281,314.6666564941406,344.0,304.0,334.6666564941406,2533500
2024-05-07,301.7747497558594,317.3333435058594,326.6666564941406,301.3333435058594,301.3333435058594,801375
2024-05-08,304.3106689453125,320.0,320.0,306.6666564941406,306.6666564941406,57000
2024-05-13,299.2388000488281,314.6666564941406,314.6666564941406,310.6666564941406,310.6666564941406,95250
2024-05-14,306.8465576171875,322.6666564941406,322.6666564941406,314.6666564941406,320.0,243000
2024-05-15,304.3106689453125,320.0,322.6666564941406,313.3333435058594,322.6666564941406,50625
2024-05-16,324.5980529785156,341.3333435058594,341.3333435058594,310.6666564941406,320.0,103875
2024-05-17,319.52618408203125,336.0,348.0,322.6666564941406,346.6666564941406,153750
2024-05-20,323.3300476074219,340.0,340.0,320.0,336.0,205125
2024-05-21,325.865966796875,342.6666564941406,342.6666564941406,324.0,333.3333435058594,68250
2024-05-22,322.0621032714844,338.6666564941406,342.6666564941406,324.0,342.6666564941406,94125
2024-05-27,315.7223205566406,332.0,338.6666564941406,328.0,338.6666564941406,54750
2024-05-28,318.2582092285156,334.6666564941406,337.3333435058594,328.0,337.3333435058594,111375
2024-05-29,322.0621032714844,338.6666564941406,341.3333435058594,332.0,341.3333435058594,75375
2024-05-30,316.9902648925781,333.3333435058594,338.6666564941406,332.0,338.6666564941406,37875
2024-05-31,322.0621032714844,338.6666564941406,338.6666564941406,332.0,333.3333435058594,108000
2024-06-03,316.9902648925781,333.3333435058594,338.6666564941406,329.3333435058594,338.6666564941406,25875
2024-06-04,322.0621032714844,338.6666564941406,338.6666564941406,332.0,332.0,185625
2024-06-05,322.0621032714844,338.6666564941406,338.6666564941406,333.3333435058594,338.6666564941406,37125
2024-06-06,322.0621032714844,338.6666564941406,338.6666564941406,333.3333435058594,338.6666564941406,75000
2024-06-07,320.7941589355469,337.3333435058594,338.6666564941406,333.3333435058594,338.6666564941406,141750
2024-06-10,322.0621032714844,338.6666564941406,338.6666564941406,333.3333435058594,337.3333435058594,333000
2024-06-11,320.7941589355469,337.3333435058594,338.6666564941406,333.3333435058594,338.6666564941406,45375
2024-06-12,320.7941589355469,337.3333435058594,337.3333435058594,329.3333435058594,337.3333435058594,53250
2024-06-13,320.7941589355469,337.3333435058594,337.3333435058594,337.3333435058594,337.3333435058594,13125
2024-06-14,322.0621032714844,338.6666564941406,338.6666564941406,333.3333435058594,333.3333435058594,61125
2024-06-19,318.2582092285156,334.6666564941406,337.3333435058594,332.0,337.3333435058594,261750
2024-06-20,319.52618408203125,336.0,336.0,324.0,324.0,30750
2024-06-21,320.7941589355469,337.3333435058594,338.6666564941406,333.3333435058594,336.0,117750
2024-06-24,319.52618408203125,336.0,337.3333435058594,329.3333435058594,337.3333435058594,130500
2024-06-25,316.9902648925781,333.3333435058594,336.0,329.3333435058594,336.0,116250
2024-06-26,316.9902648925781,333.3333435058594,333.3333435058594,333.3333435058594,333.3333435058594,161250
2024-06-27,319.52618408203125,336.0,336.0,330.6666564941406,330.6666564941406,69000
2024-06-28,316.9902648925781,333.3333435058594,336.0,324.0,336.0,276000
2024-07-01,318.2582092285156,334.6666564941406,336.0,328.0,333.3333435058594,58500
2024-07-02,319.52618408203125,336.0,336.0,333.3333435058594,334.6666564941406,16875
2024-07-03,319.52618408203125,336.0,336.0,328.0,333.3333435058594,36000
2024-07-04,319.52618408203125,336.0,336.0,333.3333435058594,336.0,43875
2024-07-05,315.7223205566406,332.0,338.6666564941406,325.3333435058594,336.0,316500
2024-07-08,316.9902648925781,333.3333435058594,337.3333435058594,333.3333435058594,333.3333435058594,79500
2024-07-09,318.2582092285156,334.6666564941406,337.3333435058594,333.3333435058594,337.3333435058594,147375
2024-07-10,320.7941589355469,337.3333435058594,337.3333435058594,334.6666564941406,334.6666564941406,3375
2024-07-11,320.7941589355469,337.3333435058594,337.3333435058594,334.6666564941406,334.6666564941406,31125
2024-07-12,322.0621032714844,338.6666564941406,338.6666564941406,332.0,336.0,133500
2024-07-15,319.52618408203125,336.0,338.6666564941406,332.0,338.6666564941406,19875
2024-07-16,320.7941589355469,337.3333435058594,337.3333435058594,333.3333435058594,337.3333435058594,64875
2024-07-17,319.52618408203125,336.0,337.3333435058594,333.3333435058594,337.3333435058594,94500
2024-07-18,320.7941589355469,337.3333435058594,337.3333435058594,333.3333435058594,336.0,52875
2024-07-19,322.0621032714844,338.6666564941406,338.6666564941406,336.0,337.3333435058594,41250
2024-07-22,322.0621032714844,338.6666564941406,338.6666564941406,333.3333435058594,333.3333435058594,148125
2024-07-23,323.3300476074219,340.0,341.3333435058594,337.3333435058594,338.6666564941406,98625
2024-07-24,323.3300476074219,340.0,340.0,338.6666564941406,340.0,120375
2024-07-25,324.5980529785156,341.3333435058594,342.6666564941406,337.3333435058594,340.0,179250
2024-07-26,319.52618408203125,336.0,342.6666564941406,336.0,341.3333435058594,142125
2024-07-29,324.5980529785156,341.3333435058594,341.3333435058594,336.0,341.3333435058594,85500
2024-07-30,323.3300476074219,340.0,342.6666564941406,337.3333435058594,341.3333435058594,540000
2024-07-31,325.865966796875,342.6666564941406,344.0,333.3333435058594,336.0,104625
2024-08-01,322.0621032714844,338.6666564941406,342.6666564941406,336.0,342.6666564941406,224625
2024-08-02,328.40191650390625,345.3333435058594,345.3333435058594,338.6666564941406,338.6666564941406,33000
2024-08-05,323.3300476074219,340.0,342.6666564941406,333.3333435058594,340.0,289875
2024-08-06,319.52618408203125,336.0,337.3333435058594,334.6666564941406,337.3333435058594,99375
2024-08-07,320.7941589355469,337.3333435058594,344.0,336.0,336.0,58125
2024-08-08,325.865966796875,342.6666564941406,345.3333435058594,337.3333435058594,337.3333435058594,258000
2024-08-09,327.13397216796875,344.0,344.0,341.3333435058594,342.6666564941406,201375
2024-08-12,337.2776184082031,354.6666564941406,360.0,338.6666564941406,345.3333435058594,846750
2024-08-13,380.3883056640625,400.0,400.0,354.6666564941406,354.6666564941406,3421125
2024-08-14,370.24462890625,389.3333435058594,404.0,384.0,386.6666564941406,530625
2024-08-15,363.9048156738281,382.6666564941406,389.3333435058594,382.6666564941406,386.6666564941406,258000
2024-08-16,368.9766540527344,388.0,389.3333435058594,373.3333435058594,381.3333435058594,216375
2024-08-19,360.1009216308594,378.6666564941406,388.0,377.3333435058594,388.0,145875
2024-08-20,360.1009216308594,378.6666564941406,378.6666564941406,373.3333435058594,373.3333435058594,414375
2024-08-21,358.8330078125,377.3333435058594,378.6666564941406,376.0,377.3333435058594,84750
2024-08-22,358.8330078125,377.3333435058594,378.6666564941406,373.3333435058594,377.3333435058594,854250
2024-08-23,357.56500244140625,376.0,378.6666564941406,376.0,378.6666564941406,45000
2024-08-26,355.0290832519531,373.3333435058594,380.0,360.0,377.3333435058594,124500
2024-08-27,353.7611389160156,372.0,372.0,372.0,372.0,9000
2024-08-28,361.368896484375,380.0,381.3333435058594,372.0,374.6666564941406,731250
2024-08-29,370.24462890625,389.3333435058594,400.0,386.6666564941406,386.6666564941406,1105875
2024-08-30,376.5844421386719,396.0,398.6666564941406,386.6666564941406,398.6666564941406,301875
2024-09-02,374.04852294921875,393.3333435058594,393.3333435058594,386.6666564941406,393.3333435058594,120750
2024-09-03,372.7805480957031,392.0,398.6666564941406,386.6666564941406,393.3333435058594,216750
2024-09-04,376.5844421386719,396.0,396.0,394.6666564941406,394.6666564941406,98250
2024-09-05,377.8523864746094,397.3333435058594,398.6666564941406,394.6666564941406,397.3333435058594,269250
2024-09-06,376.5844421386719,396.0,397.3333435058594,386.6666564941406,397.3333435058594,43875
2024-09-09,376.5844421386719,396.0,396.0,396.0,396.0,1500
2024-09-10,372.7805480957031,392.0,394.6666564941406,392.0,394.6666564941406,2625
2024-09-11,371.5125732421875,390.6666564941406,393.3333435058594,381.3333435058594,392.0,152625
2024-09-12,371.5125732421875,390.6666564941406,392.0,381.3333435058594,381.3333435058594,134250
2024-09-13,367.7087097167969,386.6666564941406,401.3333435058594,385.3333435058594,390.6666564941406,776250
2024-09-17,376.5844421386719,396.0,406.6666564941406,386.6666564941406,388.0,222000
2024-09-18,374.04852294921875,393.3333435058594,394.6666564941406,389.3333435058594,392.0,23625
2024-09-19,401.9436340332031,422.6666564941406,490.6666564941406,393.3333435058594,404.0,1444500
2024-09-20,405.7475280761719,426.6666564941406,445.3333435058594,421.3333435058594,422.6666564941406,398250
2024-09-23,445.0543212890625,468.0,506.6666564941406,426.6666564941406,426.6666564941406,1829625
2024-09-24,432.3747253417969,454.6666564941406,473.3333435058594,448.0,468.0,332625
2024-09-25,417.1591491699219,438.6666564941406,445.3333435058594,426.6666564941406,441.3333435058594,463875
2024-09-26,409.5514221191406,430.6666564941406,440.0,426.6666564941406,438.6666564941406,76875
2024-09-27,410.8193664550781,432.0,453.3333435058594,417.3333435058594,417.3333435058594,178875
2024-09-30,398.1397705078125,418.6666564941406,437.3333435058594,418.6666564941406,426.6666564941406,72750
2024-10-01,415.8912353515625,437.3333435058594,453.3333435058594,421.3333435058594,429.3333435058594,184500
2024-10-02,380.3883056640625,400.0,453.3333435058594,400.0,437.3333435058594,544125
2024-10-03,408.283447265625,429.3333435058594,438.6666564941406,402.6666564941406,410.6666564941406,627375
2024-10-04,408.283447265625,429.3333435058594,430.6666564941406,402.6666564941406,430.6666564941406,53250
2024-10-07,399.40771484375,420.0,432.0,418.6666564941406,418.6666564941406,21375
2024-10-08,417.1591491699219,438.6666564941406,438.6666564941406,420.0,420.0,107250
2024-10-09,418.4271545410156,440.0,445.3333435058594,433.3333435058594,438.6666564941406,340500
2024-10-10,422.23101806640625,444.0,444.0,440.0,442.6666564941406,267750
2024-10-11,423.4990234375,445.3333435058594,445.3333435058594,440.0,441.3333435058594,422625
2024-10-14,415.8912353515625,437.3333435058594,453.3333435058594,426.6666564941406,453.3333435058594,238125
2024-10-15,415.8912353515625,437.3333435058594,438.6666564941406,413.3333435058594,432.0,307125
2024-10-16,417.1591491699219,438.6666564941406,440.0,426.6666564941406,438.6666564941406,358875
2024-10-17,423.4990234375,445.3333435058594,452.0,432.0,441.3333435058594,84750
2024-10-18,424.7669372558594,446.6666564941406,446.6666564941406,438.6666564941406,442.6666564941406,34875
2024-10-21,428.57080078125,450.6666564941406,453.3333435058594,442.6666564941406,446.6666564941406,118125
2024-10-22,423.4990234375,445.3333435058594,453.3333435058594,438.6666564941406,450.6666564941406,115125
2024-10-23,413.35528564453125,434.6666564941406,444.0,426.6666564941406,444.0,289500
2024-10-24,418.4271545410156,440.0,440.0,434.6666564941406,436.0,48000
2024-10-25,417.1591491699219,438.6666564941406,440.0,434.6666564941406,440.0,43875
2024-10-28,415.8912353515625,437.3333435058594,438.6666564941406,413.3333435058594,413.3333435058594,43500
2024-10-29,439.9824523925781,462.6666564941406,506.6666564941406,434.6666564941406,434.6666564941406,1478250
2024-10-30,438.71453857421875,461.3333435058594,462.6666564941406,445.3333435058594,462.6666564941406,261000
2024-10-31,432.3747253417969,454.6666564941406,460.0,441.3333435058594,460.0,96375
2024-11-01,433.6426696777344,456.0,457.3333435058594,441.3333435058594,454.6666564941406,121125
2024-11-04,398.1397705078125,418.6666564941406,453.3333435058594,404.0,453.3333435058594,634875
2024-11-05,400.67572021484375,421.3333435058594,421.3333435058594,408.0,417.3333435058594,313500
2024-11-06,396.871826171875,417.3333435058594,421.3333435058594,404.0,421.3333435058594,384000
2024-11-07,389.2640686035156,409.3333435058594,420.0,393.3333435058594,410.6666564941406,495000
2024-11-08,365.17279052734375,384.0,404.0,380.0,400.0,2185125
2024-11-11,456.4659729003906,480.0,480.0,398.6666564941406,398.6666564941406,5311875
2024-11-12,570.5824584960938,600.0,600.0,480.0,506.6666564941406,4937625
2024-11-13,495.7727355957031,521.3333129882812,682.6666870117188,461.3333435058594,658.6666870117188,5809125
2024-11-14,443.786376953125,466.6666564941406,526.6666870117188,466.6666564941406,526.6666870117188,1050375
2024-11-15,459.00189208984375,482.6666564941406,496.0,441.3333435058594,466.6666564941406,498750
2024-11-18,447.5902404785156,470.6666564941406,498.6666564941406,468.0,482.6666564941406,484875
2024-11-19,417.1591491699219,438.6666564941406,472.0,426.6666564941406,472.0,934875
2024-11-20,431.10675048828125,453.3333435058594,461.3333435058594,438.6666564941406,438.6666564941406,430125
2024-11-21,422.23101806640625,444.0,465.3333435058594,444.0,453.3333435058594,154875
2024-11-22,428.57080078125,450.6666564941406,457.3333435058594,440.0,445.3333435058594,219750
2024-11-25,428.57080078125,450.6666564941406,450.6666564941406,444.0,450.6666564941406,140625
2024-11-26,428.57080078125,450.6666564941406,460.0,440.0,450.6666564941406,361875
2024-11-28,428.57080078125,450.6666564941406,461.3333435058594,444.0,445.3333435058594,891750
2024-11-29,427.3028869628906,449.3333435058594,453.3333435058594,442.6666564941406,452.0,190875
2024-12-02,433.6426696777344,456.0,466.6666564941406,444.0,449.3333435058594,740250
2024-12-03,436.1785888671875,458.6666564941406,466.6666564941406,449.3333435058594,466.6666564941406,290625
2024-12-04,434.9106750488281,457.3333435058594,466.6666564941406,450.6666564941406,458.6666564941406,356625
2024-12-05,434.9106750488281,457.3333435058594,457.3333435058594,450.6666564941406,457.3333435058594,78375
2024-12-06,433.6426696777344,456.0,462.6666564941406,452.0,456.0,174000
2024-12-09,436.1785888671875,458.6666564941406,464.0,452.0,456.0,318750
2024-12-10,469.1455993652344,493.3333435058594,506.6666564941406,453.3333435058594,462.6666564941406,972750
2024-12-11,476.75335693359375,501.3333435058594,506.6666564941406,482.6666564941406,506.6666564941406,499500
2024-12-12,493.2368469238281,518.6666870117188,518.6666870117188,506.6666564941406,513.3333129882812,510375
2024-12-13,499.5766296386719,525.3333129882812,526.6666870117188,506.6666564941406,518.6666870117188,423750
2024-12-16,505.91644287109375,532.0,573.3333129882812,525.3333129882812,533.3333129882812,1227375
2024-12-17,504.64849853515625,530.6666870117188,560.0,518.6666870117188,549.3333129882812,522750
2024-12-18,517.3280639648438,544.0,557.3333129882812,528.0,532.0,663750
2024-12-19,503.3805236816406,529.3333129882812,544.0,512.0,544.0,586500
2024-12-20,552.8309936523438,581.3333129882812,581.3333129882812,529.3333129882812,529.3333129882812,745500
2024-12-23,560.4387817382812,589.3333129882812,682.6666870117188,570.6666870117188,597.3333129882812,1643625
2024-12-24,608.621337890625,640.0,680.0,600.0,613.3333129882812,2499750
2024-12-27,616.2290649414062,648.0,680.0,637.3333129882812,642.6666870117188,1914375
2024-12-30,770.2863159179688,810.0,810.0,650.0,810.0,2000100
2025-01-02,960.4805297851562,1010.0,1010.0,865.0,1010.0,5227600
2025-01-03,1131.6551513671875,1190.0,1235.0,1000.0,1100.0,6867000
2025-01-06,908.1771240234375,955.0,1275.0,945.0,1200.0,4699100
2025-01-07,841.609130859375,885.0,985.0,820.0,955.0,1664100
2025-01-08,974.7450561523438,1025.0,1085.0,845.0,885.0,4407500
2025-01-09,946.2159423828125,995.0,1090.0,975.0,1050.0,1338300
2025-01-10,903.4223022460938,950.0,995.0,950.0,980.0,780000
2025-01-13,870.1382446289062,915.0,960.0,895.0,955.0,819600
2025-01-14,813.0800170898438,855.0,925.0,845.0,915.0,1518200
2025-01-15,737.0023803710938,775.0,855.0,745.0,855.0,1497300
2025-01-16,713.2280883789062,750.0,850.0,740.0,775.0,966600
2025-01-17,627.6407470703125,660.0,740.0,650.0,740.0,2612000
2025-01-20,565.8275756835938,595.0,655.0,570.0,655.0,2612100
2025-01-21,703.7183837890625,740.0,740.0,595.0,595.0,9666300
2025-01-22,879.6480102539062,925.0,925.0,800.0,800.0,8134800
2025-01-23,751.2669677734375,790.0,1100.0,765.0,1000.0,23698500
2025-01-24,760.776611328125,800.0,840.0,700.0,790.0,4382000
2025-01-30,717.98291015625,755.0,805.0,745.0,805.0,2067500
2025-01-31,698.9635009765625,735.0,770.0,725.0,755.0,1346500
2025-02-03,660.9246826171875,695.0,735.0,680.0,735.0,1439700
2025-02-04,732.2474975585938,770.0,820.0,695.0,695.0,4899400
2025-02-05,698.9635009765625,735.0,775.0,700.0,770.0,2237000
2025-02-06,670.4343872070312,705.0,750.0,695.0,740.0,1077200
2025-02-07,651.4150390625,685.0,715.0,650.0,710.0,1161500
2025-02-10,627.6407470703125,660.0,700.0,650.0,685.0,595300
2025-02-11,622.8858642578125,655.0,680.0,620.0,665.0,561700
2025-02-12,618.1309814453125,650.0,680.0,640.0,650.0,840300
2025-02-13,603.866455078125,635.0,660.0,630.0,650.0,298600
2025-02-14,603.866455078125,635.0,650.0,625.0,630.0,319600
2025-02-17,613.3761596679688,645.0,650.0,625.0,640.0,626100
2025-02-18,765.531494140625,805.0,805.0,645.0,645.0,13929600
2025-02-19,708.4732666015625,745.0,860.0,725.0,850.0,7677300
2025-02-20,708.4732666015625,745.0,800.0,740.0,750.0,3114100
2025-02-21,689.4537963867188,725.0,755.0,700.0,755.0,1156100
2025-02-24,665.6795654296875,700.0,725.0,680.0,705.0,1491800
2025-02-25,651.4150390625,685.0,775.0,685.0,700.0,3271800
2025-02-26,622.8858642578125,655.0,710.0,655.0,685.0,773900
2025-02-27,660.9246826171875,695.0,750.0,665.0,670.0,1917600
2025-02-28,641.9052734375,675.0,710.0,670.0,705.0,680500
2025-03-03,656.1698608398438,690.0,720.0,655.0,680.0,1772900
2025-03-04,651.4150390625,685.0,705.0,685.0,690.0,675300
2025-03-05,665.6795654296875,700.0,715.0,680.0,700.0,1964600
2025-03-06,656.1698608398438,690.0,710.0,685.0,710.0,1593500
2025-03-07,656.1698608398438,690.0,705.0,685.0,700.0,261500
2025-03-10,637.1504516601562,670.0,700.0,670.0,700.0,954300
2025-03-11,627.6407470703125,660.0,670.0,650.0,670.0,588600
2025-03-12,613.3761596679688,645.0,675.0,640.0,655.0,611200
2025-03-13,622.8858642578125,655.0,665.0,645.0,660.0,192900
2025-03-14,618.1309814453125,650.0,660.0,640.0,655.0,384300
2025-03-17,594.356689453125,625.0,655.0,625.0,650.0,505000
2025-03-18,561.07275390625,590.0,630.0,530.0,625.0,1023000
2025-03-19,561.07275390625,590.0,605.0,500.0,590.0,683200
2025-03-20,594.356689453125,625.0,670.0,565.0,600.0,1314000
2025-03-21,565.8275756835938,595.0,630.0,590.0,625.0,419500
2025-03-24,546.8082275390625,575.0,635.0,560.0,595.0,623000
2025-03-25,518.279052734375,545.0,585.0,545.0,575.0,1171300
2025-03-26,527.788818359375,555.0,565.0,540.0,545.0,598800
2025-03-27,527.788818359375,555.0,565.0,555.0,555.0,228500
2025-04-08,513.5242309570312,540.0,550.0,496.0,550.0,937500
2025-04-09,494.50482177734375,520.0,550.0,515.0,525.0,321100
2025-04-10,513.5242309570312,540.0,555.0,520.0,530.0,518400
2025-04-11,523.033935546875,550.0,560.0,540.0,545.0,486100
2025-04-14,542.0533447265625,570.0,575.0,555.0,555.0,612100
2025-04-15,575.3373413085938,605.0,635.0,570.0,580.0,1394400
2025-04-16,584.8470458984375,615.0,675.0,580.0,675.0,817000
2025-04-17,575.3373413085938,605.0,625.0,590.0,615.0,289600
2025-04-21,575.3373413085938,605.0,615.0,600.0,605.0,205700
2025-04-22,570.5824584960938,600.0,615.0,585.0,605.0,485400
2025-04-23,575.3373413085938,605.0,625.0,595.0,600.0,1263000
2025-04-24,565.8275756835938,595.0,620.0,590.0,620.0,2150100
2025-04-25,570.5824584960938,600.0,605.0,595.0,605.0,725200
2025-04-28,599.1116333007812,630.0,670.0,605.0,605.0,2582600
2025-04-29,608.621337890625,640.0,670.0,635.0,650.0,2564000
2025-04-30,594.356689453125,625.0,655.0,610.0,650.0,3285100
2025-05-02,602.1260986328125,620.0,645.0,600.0,610.0,769800
2025-05-05,602.1260986328125,620.0,635.0,620.0,620.0,276800
2025-05-06,597.270263671875,615.0,620.0,610.0,620.0,260900
2025-05-07,597.270263671875,615.0,620.0,605.0,615.0,296400
2025-05-08,592.4143676757812,610.0,625.0,610.0,615.0,206900
2025-05-09,592.4143676757812,610.0,620.0,605.0,610.0,163500
2025-05-14,587.5585327148438,605.0,625.0,550.0,615.0,984900
2025-05-15,592.4143676757812,610.0,615.0,595.0,610.0,391100
2025-05-16,592.4143676757812,610.0,640.0,600.0,640.0,427400
2025-05-19,587.5585327148438,605.0,615.0,605.0,610.0,141100
2025-05-20,587.5585327148438,605.0,615.0,600.0,610.0,499300
2025-05-21,587.5585327148438,605.0,615.0,605.0,605.0,337800
2025-05-22,587.5585327148438,605.0,615.0,600.0,605.0,107200
2025-05-23,587.5585327148438,605.0,610.0,600.0,605.0,103200
2025-05-26,577.8468017578125,595.0,605.0,570.0,605.0,346900
2025-05-27,582.7026977539062,600.0,605.0,595.0,595.0,114600
2025-05-28,577.8468017578125,595.0,600.0,595.0,600.0,129000
2025-06-02,572.990966796875,590.0,600.0,585.0,595.0,403600
2025-06-03,572.990966796875,590.0,590.0,575.0,585.0,564200
2025-06-04,572.990966796875,590.0,595.0,580.0,590.0,114100
2025-06-05,568.1351318359375,585.0,585.0,575.0,585.0,131500
2025-06-10,568.1351318359375,585.0,595.0,575.0,595.0,314300
2025-06-11,572.990966796875,590.0,590.0,575.0,585.0,288200
2025-06-12,568.1351318359375,585.0,590.0,570.0,590.0,216500
2025-06-13,563.2792358398438,580.0,585.0,575.0,580.0,218200
2025-06-16,558.4234008789062,575.0,580.0,575.0,580.0,108800
2025-06-17,563.2792358398438,580.0,580.0,570.0,580.0,90400
2025-06-18,563.2792358398438,580.0,585.0,570.0,580.0,175200
2025-06-19,548.711669921875,565.0,575.0,565.0,575.0,266300
2025-06-20,582.7026977539062,600.0,610.0,560.0,565.0,881300
2025-06-23,577.8468017578125,595.0,605.0,570.0,600.0,264400
2025-06-24,558.4234008789062,575.0,595.0,570.0,595.0,616300
2025-06-25,553.5675659179688,570.0,585.0,565.0,575.0,183700
2025-06-26,563.2792358398438,580.0,580.0,570.0,570.0,280500
2025-06-30,563.2792358398438,580.0,590.0,580.0,580.0,174800
2025-07-01,548.711669921875,565.0,585.0,560.0,580.0,395700
2025-07-02,558.4234008789062,575.0,575.0,560.0,560.0,712200
2025-07-03,553.5675659179688,570.0,585.0,570.0,575.0,130500
2025-07-04,553.5675659179688,570.0,590.0,565.0,570.0,253400
2025-07-07,563.2792358398438,580.0,585.0,570.0,580.0,157800
2025-07-08,563.2792358398438,580.0,585.0,570.0,575.0,87200
2025-07-09,553.5675659179688,570.0,585.0,570.0,580.0,82400
2025-07-10,553.5675659179688,570.0,585.0,570.0,575.0,65200
2025-07-11,563.2792358398438,580.0,580.0,570.0,575.0,128400
2025-07-14,568.1351318359375,585.0,585.0,570.0,580.0,166700
2025-07-15,572.990966796875,590.0,595.0,570.0,585.0,445700
2025-07-16,577.8468017578125,595.0,600.0,585.0,600.0,211900
2025-07-17,572.990966796875,590.0,600.0,590.0,600.0,136400
2025-07-18,568.1351318359375,585.0,615.0,580.0,590.0,479100
2025-07-21,572.990966796875,590.0,600.0,575.0,585.0,225500
2025-07-22,568.1351318359375,585.0,600.0,575.0,595.0,185100
2025-07-23,563.2792358398438,580.0,585.0,570.0,585.0,102900
2025-07-24,572.990966796875,590.0,590.0,570.0,580.0,145100
2025-07-25,582.7026977539062,600.0,600.0,580.0,590.0,1345300
2025-07-28,602.1260986328125,620.0,690.0,600.0,600.0,2559500
2025-07-29,621.549560546875,640.0,660.0,615.0,650.0,2205200
2025-07-30,597.270263671875,615.0,635.0,610.0,630.0,667300
2025-07-31,592.4143676757812,610.0,625.0,610.0,615.0,556400
2025-08-01,650.6846923828125,670.0,680.0,600.0,610.0,1600600
2025-08-04,810.9279174804688,835.0,835.0,680.0,700.0,19838600
2025-08-05,757.5134887695312,780.0,810.0,745.0,810.0,6007800
2025-08-06,699.2432250976562,720.0,835.0,720.0,810.0,22488800
2025-08-07,679.81982421875,700.0,810.0,680.0,800.0,16917300
2025-08-08,621.549560546875,640.0,700.0,635.0,700.0,9893600
2025-08-11,597.270263671875,615.0,645.0,610.0,640.0,5000000
2025-08-12,694.3873901367188,715.0,735.0,620.0,630.0,20760100
2025-08-13,670.1080932617188,690.0,790.0,685.0,725.0,19112300
2025-08-14,674.9639282226562,695.0,735.0,695.0,700.0,5477000
2025-08-15,655.54052734375,675.0,705.0,670.0,695.0,2215600
2025-08-19,660.3963623046875,680.0,695.0,670.0,675.0,2730000
2025-08-20,650.6846923828125,670.0,690.0,650.0,680.0,2792400
2025-08-21,640.9729614257812,660.0,695.0,650.0,675.0,2234000
2025-08-22,631.26123046875,650.0,670.0,650.0,660.0,1429000
2025-08-25,626.4053955078125,645.0,660.0,640.0,650.0,2395100
2025-08-26,626.4053955078125,645.0,655.0,640.0,645.0,1852100
2025-08-27,621.549560546875,640.0,645.0,620.0,645.0,1783700
2025-08-28,606.98193359375,625.0,645.0,615.0,645.0,3034800
2025-08-29,592.4143676757812,610.0,615.0,600.0,615.0,2769200
2025-09-01,587.5585327148438,605.0,610.0,575.0,580.0,1890500
2025-09-02,587.5585327148438,605.0,615.0,600.0,600.0,1479200
2025-09-03,597.270263671875,615.0,620.0,600.0,610.0,831600
2025-09-04,582.7026977539062,600.0,620.0,600.0,620.0,966300
2025-09-08,587.5585327148438,605.0,615.0,600.0,605.0,1254700
2025-09-09,582.7026977539062,600.0,605.0,585.0,605.0,1476000
2025-09-10,587.5585327148438,605.0,620.0,600.0,610.0,1235900
2025-09-11,592.4143676757812,610.0,610.0,600.0,600.0,650100
2025-09-12,582.7026977539062,600.0,610.0,600.0,610.0,576200
2025-09-15,592.4143676757812,610.0,615.0,600.0,600.0,656200
2025-09-16,592.4143676757812,610.0,610.0,600.0,610.0,481900
2025-09-17,587.5585327148438,605.0,610.0,600.0,605.0,579200
2025-09-18,597.270263671875,615.0,665.0,610.0,610.0,3536700
2025-09-19,587.5585327148438,605.0,615.0,605.0,615.0,840600
2025-09-22,592.4143676757812,610.0,630.0,605.0,630.0,811700
2025-09-23,587.5585327148438,605.0,620.0,605.0,610.0,801600
2025-09-24,587.5585327148438,605.0,615.0,600.0,615.0,784300
2025-09-25,587.5585327148438,605.0,610.0,595.0,605.0,1165400
2025-09-26,587.5585327148438,605.0,610.0,600.0,605.0,170600
2025-09-29,597.270263671875,615.0,615.0,600.0,605.0,805400
2025-09-30,606.98193359375,625.0,640.0,605.0,615.0,3457800
2025-10-01,606.98193359375,625.0,640.0,615.0,640.0,2004400
2025-10-02,602.1260986328125,620.0,635.0,620.0,625.0,887700
2025-10-03,616.6936645507812,635.0,660.0,620.0,625.0,2917700
2025-10-06,694.3873901367188,715.0,760.0,635.0,645.0,12545800
2025-10-07,660.3963623046875,680.0,720.0,670.0,715.0,4006000
2025-10-08,650.6846923828125,670.0,690.0,640.0,680.0,2886600
2025-10-09,636.1171264648438,655.0,680.0,650.0,670.0,1519500
2025-10-10,640.9729614257812,660.0,670.0,655.0,670.0,864300
2025-10-13,679.81982421875,700.0,710.0,645.0,655.0,3972800
2025-10-14,674.9639282226562,695.0,730.0,670.0,700.0,3427700
2025-10-15,660.3963623046875,680.0,710.0,670.0,695.0,702500
2025-10-16,640.9729614257812,660.0,680.0,660.0,680.0,357300
2025-10-17,660.3963623046875,680.0,720.0,665.0,665.0,1774400
2025-10-20,694.3873901367188,715.0,730.0,685.0,685.0,2740000
2025-10-21,694.3873901367188,715.0,730.0,705.0,720.0,1786400
2025-10-22,699.2432250976562,720.0,745.0,710.0,745.0,1488300
2025-10-23,762.3693237304688,785.0,810.0,715.0,725.0,7027800
2025-10-24,747.8017578125,770.0,800.0,750.0,785.0,3888300
2025-10-27,733.2341918945312,755.0,800.0,735.0,800.0,2115200
2025-10-28,738.090087890625,760.0,800.0,750.0,760.0,3412700
2025-10-29,728.3783569335938,750.0,780.0,750.0,765.0,1051600
2025-10-30,708.9549560546875,730.0,765.0,730.0,765.0,775500
2025-10-31,704.0990600585938,725.0,740.0,710.0,730.0,586900
2025-11-03,733.2341918945312,755.0,765.0,725.0,725.0,1104400
2025-11-04,723.5225219726562,745.0,760.0,730.0,760.0,638400
2025-11-05,723.5225219726562,745.0,750.0,730.0,745.0,865000
2025-11-06,718.6666259765625,740.0,765.0,730.0,745.0,499000
2025-11-07,713.810791015625,735.0,750.0,730.0,745.0,601300
2025-11-10,708.9549560546875,730.0,745.0,720.0,735.0,538300
2025-11-11,684.6756591796875,705.0,735.0,700.0,730.0,1716500
2025-11-12,684.6756591796875,705.0,715.0,680.0,705.0,917600
2025-11-13,699.2432250976562,720.0,730.0,710.0,710.0,319600
2025-11-14,708.9549560546875,730.0,760.0,710.0,725.0,1652100
2025-11-17,708.9549560546875,730.0,755.0,720.0,735.0,954500
2025-11-18,699.2432250976562,720.0,750.0,720.0,750.0,345000
2025-11-19,689.531494140625,710.0,725.0,695.0,720.0,778100
2025-11-20,689.531494140625,710.0,710.0,695.0,695.0,412500
2025-11-21,694.3873901367188,715.0,750.0,710.0,710.0,611900
2025-11-24,694.3873901367188,715.0,745.0,705.0,725.0,657500
2025-11-25,699.2432250976562,720.0,730.0,700.0,725.0,766700
2025-11-26,694.3873901367188,715.0,720.0,705.0,720.0,302400
2025-11-27,684.6756591796875,705.0,720.0,700.0,705.0,432900
2025-11-28,684.6756591796875,705.0,715.0,695.0,705.0,320200
2025-12-01,679.81982421875,700.0,715.0,695.0,715.0,731200
2025-12-02,655.54052734375,675.0,705.0,665.0,700.0,2309600
2025-12-03,670.1080932617188,690.0,700.0,670.0,675.0,959200
2025-12-04,679.81982421875,700.0,710.0,695.0,695.0,578500
2025-12-05,665.2522583007812,685.0,710.0,680.0,705.0,876500
2025-12-08,655.54052734375,675.0,695.0,675.0,685.0,1503900
2025-12-09,636.1171264648438,655.0,685.0,600.0,685.0,2892200
2025-12-10,626.4053955078125,645.0,665.0,640.0,665.0,580700
2025-12-11,626.4053955078125,645.0,660.0,635.0,650.0,705200
2025-12-12,597.270263671875,615.0,660.0,605.0,645.0,4026100
2025-12-15,602.1260986328125,620.0,630.0,610.0,630.0,1128600
2025-12-16,602.1260986328125,620.0,630.0,615.0,620.0,527500
2025-12-17,602.1260986328125,620.0,630.0,615.0,620.0,708300
2025-12-18,631.26123046875,650.0,670.0,625.0,625.0,1020100
2025-12-19,626.4053955078125,645.0,660.0,630.0,650.0,395000
2025-12-22,606.98193359375,625.0,650.0,620.0,650.0,682300
2025-12-23,611.8378295898438,630.0,640.0,620.0,625.0,614600
2025-12-24,611.8378295898438,630.0,640.0,615.0,640.0,540400
2025-12-29,602.1260986328125,620.0,630.0,615.0,630.0,443500
2025-12-30,660.3963623046875,680.0,690.0,625.0,625.0,3540300
