Date,Adj Close,Close,High,Low,Open,Volume
2020-01-02,100.91094970703125,109.00603485107422,109.00603485107422,109.00603485107422,109.00603485107422,4219
2020-01-03,100.91094970703125,109.00603485107422,109.00603485107422,109.00603485107422,109.00603485107422,0
2020-01-06,100.91094970703125,109.00603485107422,109.00603485107422,109.00603485107422,109.00603485107422,1054
2020-01-07,100.91094970703125,109.00603485107422,109.00603485107422,109.00603485107422,109.00603485107422,0
2020-01-08,100.91094970703125,109.00603485107422,109.00603485107422,109.00603485107422,109.00603485107422,8439
2020-01-09,100.91094970703125,109.00603485107422,109.00603485107422,109.00603485107422,109.00603485107422,0
2020-01-10,100.91094970703125,109.00603485107422,109.00603485107422,109.00603485107422,109.00603485107422,0
2020-01-13,100.91094970703125,109.00603485107422,109.00603485107422,109.00603485107422,109.00603485107422,0
2020-01-14,100.91094970703125,109.00603485107422,109.00603485107422,109.00603485107422,109.00603485107422,0
2020-01-15,100.91094970703125,109.00603485107422,109.00603485107422,109.00603485107422,109.00603485107422,0
2020-01-16,100.91094970703125,109.00603485107422,109.00603485107422,109.00603485107422,109.00603485107422,0
2020-01-17,125.48057556152344,135.54664611816406,135.54664611816406,135.54664611816406,135.54664611816406,1054
2020-01-20,122.84810638427734,132.7030029296875,132.7030029296875,132.7030029296875,132.7030029296875,1054
2020-01-21,122.84810638427734,132.7030029296875,132.7030029296875,132.7030029296875,132.7030029296875,0
2020-01-22,122.84810638427734,132.7030029296875,132.7030029296875,132.7030029296875,132.7030029296875,0
2020-01-23,122.84810638427734,132.7030029296875,132.7030029296875,132.7030029296875,132.7030029296875,2109
2020-01-24,111.44078826904297,120.38058471679688,123.2242202758789,120.38058471679688,123.2242202758789,3164
2020-01-27,111.44078826904297,120.38058471679688,120.38058471679688,120.38058471679688,120.38058471679688,0
2020-01-28,111.44078826904297,120.38058471679688,120.38058471679688,120.38058471679688,120.38058471679688,0
2020-01-29,111.44078826904297,120.38058471679688,120.38058471679688,120.38058471679688,120.38058471679688,0
2020-01-30,111.44078826904297,120.38058471679688,120.38058471679688,120.38058471679688,120.38058471679688,0
2020-01-31,111.44078826904297,120.38058471679688,120.38058471679688,120.38058471679688,120.38058471679688,0
2020-02-03,111.0020523071289,119.9066390991211,119.9066390991211,119.9066390991211,119.9066390991211,6329
2020-02-04,111.0020523071289,119.9066390991211,119.9066390991211,119.9066390991211,119.9066390991211,0
2020-02-05,111.0020523071289,119.9066390991211,119.9066390991211,119.9066390991211,119.9066390991211,0
2020-02-06,111.0020523071289,119.9066390991211,119.9066390991211,119.9066390991211,119.9066390991211,0
2020-02-07,111.0020523071289,119.9066390991211,119.9066390991211,119.9066390991211,119.9066390991211,0
2020-02-10,111.0020523071289,119.9066390991211,119.9066390991211,119.9066390991211,119.9066390991211,0
2020-02-11,111.0020523071289,119.9066390991211,119.9066390991211,119.9066390991211,119.9066390991211,0
2020-02-12,111.0020523071289,119.9066390991211,119.9066390991211,119.9066390991211,119.9066390991211,0
2020-02-13,114.07325744628906,123.2242202758789,123.2242202758789,123.2242202758789,123.2242202758789,1054
2020-02-14,114.07325744628906,123.2242202758789,123.2242202758789,123.2242202758789,123.2242202758789,0
2020-02-17,114.07325744628906,123.2242202758789,123.2242202758789,123.2242202758789,123.2242202758789,0
2020-02-18,114.07325744628906,123.2242202758789,123.2242202758789,123.2242202758789,123.2242202758789,0
2020-02-19,114.07325744628906,123.2242202758789,123.2242202758789,123.2242202758789,123.2242202758789,0
2020-02-20,114.07325744628906,123.2242202758789,123.2242202758789,123.2242202758789,123.2242202758789,0
2020-02-21,114.07325744628906,123.2242202758789,123.2242202758789,123.2242202758789,123.2242202758789,0
2020-02-24,109.68582153320312,118.48482513427734,123.2242202758789,118.48482513427734,123.2242202758789,528548
2020-02-25,109.68582153320312,118.48482513427734,118.48482513427734,118.48482513427734,118.48482513427734,5275992
2020-02-26,109.68582153320312,118.48482513427734,118.48482513427734,118.48482513427734,118.48482513427734,5300256
2020-02-27,108.8083267211914,117.53694152832031,118.48482513427734,117.53694152832031,118.48482513427734,3167072
2020-02-28,110.12455749511719,118.9587631225586,118.9587631225586,118.48482513427734,118.48482513427734,106553
2020-03-02,109.68582153320312,118.48482513427734,118.48482513427734,118.48482513427734,118.48482513427734,2635358
2020-03-03,108.8083267211914,117.53694152832031,117.53694152832031,117.53694152832031,117.53694152832031,2109974
2020-03-04,108.8083267211914,117.53694152832031,117.53694152832031,117.53694152832031,117.53694152832031,4735838
2020-03-05,109.68582153320312,118.48482513427734,118.48482513427734,118.48482513427734,118.48482513427734,4219949
2020-03-06,107.93084716796875,116.58906555175781,117.53694152832031,116.58906555175781,117.53694152832031,5274937
2020-03-09,107.93084716796875,116.58906555175781,118.48482513427734,116.58906555175781,116.58906555175781,2644853
2020-03-10,107.93084716796875,116.58906555175781,117.53694152832031,115.64118957519531,117.53694152832031,9440027
2020-03-11,107.05335235595703,115.64118957519531,116.58906555175781,115.64118957519531,116.58906555175781,7384911
2020-03-12,104.4208984375,112.79755401611328,113.74542999267578,112.79755401611328,113.74542999267578,26385235
2020-03-13,108.8083267211914,117.53694152832031,117.53694152832031,113.74542999267578,113.74542999267578,15824
2020-03-16,108.8083267211914,117.53694152832031,117.53694152832031,117.53694152832031,117.53694152832031,0
2020-03-17,103.54341125488281,111.84967041015625,117.53694152832031,111.84967041015625,117.53694152832031,11605916
2020-03-18,105.29838562011719,113.74542999267578,113.74542999267578,112.79755401611328,112.79755401611328,23737217
2020-03-19,105.29838562011719,113.74542999267578,113.74542999267578,113.74542999267578,113.74542999267578,55980797
2020-03-20,105.29838562011719,113.74542999267578,113.74542999267578,113.74542999267578,113.74542999267578,26498119
2020-03-23,105.29838562011719,113.74542999267578,113.74542999267578,113.74542999267578,113.74542999267578,12942585
2020-03-24,105.29838562011719,113.74542999267578,113.74542999267578,113.74542999267578,113.74542999267578,2216528
2020-03-26,105.29838562011719,113.74542999267578,113.74542999267578,113.74542999267578,113.74542999267578,56969
2020-03-27,105.29838562011719,113.74542999267578,113.74542999267578,113.74542999267578,113.74542999267578,0
2020-03-30,105.29838562011719,113.74542999267578,113.74542999267578,113.74542999267578,113.74542999267578,1054
2020-03-31,105.29838562011719,113.74542999267578,113.74542999267578,113.74542999267578,113.74542999267578,1056042
2020-04-01,105.29838562011719,113.74542999267578,113.74542999267578,113.74542999267578,113.74542999267578,1054
2020-04-02,105.29838562011719,113.74542999267578,118.48482513427734,113.74542999267578,118.48482513427734,1057097
2020-04-03,109.68582153320312,118.48482513427734,118.48482513427734,118.48482513427734,118.48482513427734,5273882
2020-04-06,109.68582153320312,118.48482513427734,118.48482513427734,118.48482513427734,118.48482513427734,1054
2020-04-07,109.68582153320312,118.48482513427734,118.48482513427734,118.48482513427734,118.48482513427734,0
2020-04-08,111.8795394897461,120.85452270507812,120.85452270507812,120.85452270507812,120.85452270507812,580243
2020-04-09,111.8795394897461,120.85452270507812,120.85452270507812,120.85452270507812,120.85452270507812,0
2020-04-13,111.8795394897461,120.85452270507812,132.7030029296875,120.85452270507812,132.7030029296875,2116304
2020-04-14,118.46068572998047,127.96360778808594,128.4375457763672,120.85452270507812,120.85452270507812,14769
2020-04-15,118.46068572998047,127.96360778808594,127.96360778808594,127.96360778808594,127.96360778808594,1054
2020-04-16,114.95075225830078,124.1720962524414,124.1720962524414,124.1720962524414,124.1720962524414,1054
2020-04-17,116.26696014404297,125.59391021728516,125.59391021728516,125.59391021728516,125.59391021728516,4219
2020-04-20,115.82821655273438,125.1199722290039,125.1199722290039,125.1199722290039,125.1199722290039,1054
2020-04-21,114.07325744628906,123.2242202758789,125.1199722290039,123.2242202758789,123.2242202758789,3167072
2020-04-22,114.07325744628906,123.2242202758789,123.2242202758789,123.2242202758789,123.2242202758789,4204124
2020-04-23,114.07325744628906,123.2242202758789,123.2242202758789,123.2242202758789,123.2242202758789,0
2020-04-24,114.07325744628906,123.2242202758789,123.2242202758789,123.2242202758789,123.2242202758789,1054
2020-04-27,114.07325744628906,123.2242202758789,127.96360778808594,123.2242202758789,127.96360778808594,1056042
2020-04-28,116.26696014404297,125.59391021728516,125.59391021728516,123.2242202758789,123.2242202758789,9006427
2020-04-29,116.26696014404297,125.59391021728516,127.96360778808594,125.59391021728516,127.96360778808594,528548
2020-04-30,116.26696014404297,125.59391021728516,125.59391021728516,125.59391021728516,125.59391021728516,7384
2020-05-04,116.26696014404297,125.59391021728516,125.59391021728516,125.59391021728516,125.59391021728516,0
2020-05-05,122.84810638427734,132.7030029296875,132.7030029296875,125.59391021728516,125.59391021728516,4232609
2020-05-06,122.84810638427734,132.7030029296875,132.7030029296875,132.7030029296875,132.7030029296875,0
2020-05-08,122.84810638427734,132.7030029296875,132.7030029296875,132.7030029296875,132.7030029296875,5279157
2020-05-11,122.84810638427734,132.7030029296875,132.7030029296875,132.7030029296875,132.7030029296875,1054987
2020-05-12,122.84810638427734,132.7030029296875,132.7030029296875,132.7030029296875,132.7030029296875,0
2020-05-13,122.84810638427734,132.7030029296875,132.7030029296875,132.7030029296875,132.7030029296875,1054
2020-05-14,122.84810638427734,132.7030029296875,132.7030029296875,132.7030029296875,132.7030029296875,0
2020-05-15,122.84810638427734,132.7030029296875,132.7030029296875,132.7030029296875,132.7030029296875,16879
2020-05-18,122.84810638427734,132.7030029296875,132.7030029296875,132.7030029296875,132.7030029296875,3163907
2020-05-19,122.84810638427734,132.7030029296875,132.7030029296875,132.7030029296875,132.7030029296875,105498
2020-05-20,130.74551391601562,141.23391723632812,141.23391723632812,141.23391723632812,141.23391723632812,1054
2020-05-26,122.84810638427734,132.7030029296875,142.18179321289062,132.7030029296875,141.70785522460938,139258
2020-05-27,132.06170654296875,142.65573120117188,142.65573120117188,135.54664611816406,135.54664611816406,456809
2020-05-28,133.0585479736328,141.70785522460938,142.18179321289062,141.70785522460938,142.18179321289062,29539
2020-05-29,127.71839141845703,136.0205841064453,141.70785522460938,136.0205841064453,141.70785522460938,24264
2020-06-02,127.71839141845703,136.0205841064453,136.0205841064453,136.0205841064453,136.0205841064453,1054
2020-06-03,127.71839141845703,136.0205841064453,136.0205841064453,136.0205841064453,136.0205841064453,4219
2020-06-04,127.71839141845703,136.0205841064453,136.0205841064453,136.0205841064453,136.0205841064453,1054
2020-06-05,127.71839141845703,136.0205841064453,136.0205841064453,136.0205841064453,136.0205841064453,0
2020-06-08,127.71839141845703,136.0205841064453,136.0205841064453,136.0205841064453,136.0205841064453,0
2020-06-09,124.60332489013672,132.7030029296875,132.7030029296875,132.7030029296875,132.7030029296875,1054
2020-06-10,128.16342163085938,136.49452209472656,136.9684600830078,136.0205841064453,136.0205841064453,13714
2020-06-11,128.16342163085938,136.49452209472656,136.49452209472656,136.49452209472656,136.49452209472656,2109
2020-06-12,128.16342163085938,136.49452209472656,136.49452209472656,136.49452209472656,136.49452209472656,1054
2020-06-15,129.05343627929688,137.44239807128906,137.44239807128906,137.44239807128906,137.44239807128906,12659
2020-06-16,125.04832458496094,133.17694091796875,135.54664611816406,133.17694091796875,135.54664611816406,14769
2020-06-17,129.05343627929688,137.44239807128906,137.44239807128906,133.17694091796875,133.65087890625,14769
2020-06-18,129.05343627929688,137.44239807128906,137.44239807128906,137.44239807128906,137.44239807128906,0
2020-06-19,129.05343627929688,137.44239807128906,137.44239807128906,134.5987548828125,134.5987548828125,6329
2020-06-22,129.05343627929688,137.44239807128906,137.44239807128906,137.44239807128906,137.44239807128906,0
2020-06-23,129.05343627929688,137.44239807128906,137.44239807128906,137.44239807128906,137.44239807128906,5274
2020-06-24,129.05343627929688,137.44239807128906,137.44239807128906,137.44239807128906,137.44239807128906,0
2020-06-25,125.04832458496094,133.17694091796875,133.17694091796875,133.17694091796875,133.17694091796875,1054
2020-06-26,125.04832458496094,133.17694091796875,133.17694091796875,133.17694091796875,133.17694091796875,0
2020-06-29,125.49334716796875,133.65087890625,133.65087890625,133.65087890625,133.65087890625,1054
2020-06-30,125.49334716796875,133.65087890625,133.65087890625,133.65087890625,133.65087890625,0
2020-07-01,125.49334716796875,133.65087890625,133.65087890625,133.65087890625,133.65087890625,0
2020-07-02,125.49334716796875,133.65087890625,133.65087890625,133.65087890625,133.65087890625,0
2020-07-03,125.49334716796875,133.65087890625,133.65087890625,133.65087890625,133.65087890625,0
2020-07-06,125.49334716796875,133.65087890625,133.65087890625,133.65087890625,133.65087890625,0
2020-07-07,125.04832458496094,133.17694091796875,133.65087890625,133.17694091796875,133.65087890625,5275992
2020-07-08,125.04832458496094,133.17694091796875,133.17694091796875,133.17694091796875,133.17694091796875,2112084
2020-07-09,125.04832458496094,133.17694091796875,133.17694091796875,133.17694091796875,133.17694091796875,0
2020-07-10,125.04832458496094,133.17694091796875,133.17694091796875,133.17694091796875,133.17694091796875,0
2020-07-13,125.04832458496094,133.17694091796875,133.17694091796875,133.17694091796875,133.17694091796875,0
2020-07-14,129.05343627929688,137.44239807128906,137.44239807128906,133.17694091796875,133.17694091796875,4219
2020-07-15,129.05343627929688,137.44239807128906,137.44239807128906,137.44239807128906,137.44239807128906,0
2020-07-16,129.05343627929688,137.44239807128906,137.44239807128906,137.44239807128906,137.44239807128906,3164
2020-07-17,129.05343627929688,137.44239807128906,137.44239807128906,137.44239807128906,137.44239807128906,0
2020-07-20,129.05343627929688,137.44239807128906,137.44239807128906,137.44239807128906,137.44239807128906,0
2020-07-21,129.05343627929688,137.44239807128906,137.44239807128906,137.44239807128906,137.44239807128906,0
2020-07-22,129.05343627929688,137.44239807128906,137.44239807128906,137.44239807128906,137.44239807128906,1054
2020-07-23,128.16342163085938,136.49452209472656,137.44239807128906,136.49452209472656,137.44239807128906,3164
2020-07-24,128.16342163085938,136.49452209472656,136.49452209472656,136.49452209472656,136.49452209472656,2109
2020-07-27,128.16342163085938,136.49452209472656,136.49452209472656,136.49452209472656,136.49452209472656,5274
2020-07-28,128.16342163085938,136.49452209472656,136.49452209472656,136.49452209472656,136.49452209472656,0
2020-07-29,128.16342163085938,136.49452209472656,136.49452209472656,136.49452209472656,136.49452209472656,0
2020-07-30,128.16342163085938,136.49452209472656,136.49452209472656,136.49452209472656,136.49452209472656,0
2020-08-03,128.16342163085938,136.49452209472656,136.49452209472656,136.49452209472656,136.49452209472656,0
2020-08-04,124.15830993652344,132.22906494140625,132.22906494140625,132.22906494140625,132.22906494140625,2109
2020-08-05,123.71331787109375,131.755126953125,132.7030029296875,131.755126953125,132.7030029296875,2109
2020-08-06,123.71331787109375,131.755126953125,131.755126953125,131.755126953125,131.755126953125,0
2020-08-07,123.71331787109375,131.755126953125,131.755126953125,131.755126953125,131.755126953125,3164
2020-08-10,116.5931167602539,124.1720962524414,127.01573181152344,123.2242202758789,127.01573181152344,14769
2020-08-11,117.0381088256836,124.64603424072266,124.64603424072266,124.64603424072266,124.64603424072266,13714
2020-08-12,117.0381088256836,124.64603424072266,124.64603424072266,124.64603424072266,124.64603424072266,0
2020-08-13,117.0381088256836,124.64603424072266,124.64603424072266,124.64603424072266,124.64603424072266,0
2020-08-14,116.14810180664062,123.69815826416016,123.69815826416016,123.69815826416016,123.69815826416016,1054
2020-08-18,117.0381088256836,124.64603424072266,124.64603424072266,124.64603424072266,124.64603424072266,4219
2020-08-19,117.0381088256836,124.64603424072266,124.64603424072266,124.64603424072266,124.64603424072266,0
2020-08-24,117.0381088256836,124.64603424072266,124.64603424072266,124.64603424072266,124.64603424072266,0
2020-08-25,117.0381088256836,124.64603424072266,124.64603424072266,124.64603424072266,124.64603424072266,0
2020-08-26,117.0381088256836,124.64603424072266,124.64603424072266,123.2242202758789,123.69815826416016,126598
2020-08-27,115.70308685302734,123.2242202758789,124.64603424072266,123.2242202758789,123.2242202758789,415665
2020-08-28,115.70308685302734,123.2242202758789,123.2242202758789,123.2242202758789,123.2242202758789,2109
2020-08-31,117.48312377929688,125.1199722290039,125.1199722290039,125.1199722290039,125.1199722290039,10549
2020-09-01,117.48312377929688,125.1199722290039,125.1199722290039,125.1199722290039,125.1199722290039,0
2020-09-02,117.48312377929688,125.1199722290039,125.1199722290039,125.1199722290039,125.1199722290039,0
2020-09-03,117.48312377929688,125.1199722290039,125.1199722290039,125.1199722290039,125.1199722290039,1054
2020-09-04,117.48312377929688,125.1199722290039,127.96360778808594,123.2242202758789,123.2242202758789,5274
2020-09-07,117.48312377929688,125.1199722290039,125.1199722290039,125.1199722290039,125.1199722290039,5274
2020-09-08,120.15319061279297,127.96360778808594,127.96360778808594,126.06785583496094,126.06785583496094,2109
2020-09-09,120.15319061279297,127.96360778808594,127.96360778808594,127.96360778808594,127.96360778808594,1054
2020-09-10,120.15319061279297,127.96360778808594,127.96360778808594,127.96360778808594,127.96360778808594,0
2020-09-11,117.92814636230469,125.59391021728516,125.59391021728516,125.59391021728516,125.59391021728516,2109
2020-09-14,120.15319061279297,127.96360778808594,127.96360778808594,123.2242202758789,123.2242202758789,23209
2020-09-15,120.15319061279297,127.96360778808594,127.96360778808594,127.96360778808594,127.96360778808594,0
2020-09-16,120.15319061279297,127.96360778808594,127.96360778808594,127.96360778808594,127.96360778808594,0
2020-09-17,120.15319061279297,127.96360778808594,127.96360778808594,127.96360778808594,127.96360778808594,0
2020-09-18,118.81817626953125,126.54179382324219,126.54179382324219,126.54179382324219,126.54179382324219,3164
2020-09-21,120.15319061279297,127.96360778808594,127.96360778808594,127.96360778808594,127.96360778808594,1054
2020-09-22,115.70308685302734,123.2242202758789,127.01573181152344,123.2242202758789,127.01573181152344,127653
2020-09-23,115.70308685302734,123.2242202758789,123.2242202758789,123.2242202758789,123.2242202758789,0
2020-09-24,115.70308685302734,123.2242202758789,123.2242202758789,118.48482513427734,118.48482513427734,11604
2020-09-25,116.5931167602539,124.1720962524414,127.96360778808594,124.1720962524414,127.96360778808594,2109
2020-09-28,128.16342163085938,136.49452209472656,137.44239807128906,136.49452209472656,136.49452209472656,56969
2020-09-29,123.71331787109375,131.755126953125,131.755126953125,131.755126953125,131.755126953125,1054
2020-09-30,123.71331787109375,131.755126953125,131.755126953125,131.755126953125,131.755126953125,0
2020-10-01,123.71331787109375,131.755126953125,131.755126953125,131.755126953125,131.755126953125,0
2020-10-02,123.71331787109375,131.755126953125,131.755126953125,131.755126953125,131.755126953125,0
2020-10-05,123.71331787109375,131.755126953125,131.755126953125,131.755126953125,131.755126953125,0
2020-10-06,123.71331787109375,131.755126953125,131.755126953125,131.755126953125,131.755126953125,0
2020-10-07,123.71331787109375,131.755126953125,131.755126953125,131.755126953125,131.755126953125,1054
2020-10-08,123.71331787109375,131.755126953125,131.755126953125,131.755126953125,131.755126953125,0
2020-10-09,123.2682876586914,131.28118896484375,131.28118896484375,131.28118896484375,131.28118896484375,1054
2020-10-12,114.81305694580078,122.27633666992188,122.27633666992188,122.27633666992188,122.27633666992188,54859
2020-10-13,114.81305694580078,122.27633666992188,122.27633666992188,122.27633666992188,122.27633666992188,0
2020-10-14,114.81305694580078,122.27633666992188,122.27633666992188,122.27633666992188,122.27633666992188,0
2020-10-15,114.81305694580078,122.27633666992188,122.27633666992188,122.27633666992188,122.27633666992188,1054
2020-10-16,114.81305694580078,122.27633666992188,122.27633666992188,122.27633666992188,122.27633666992188,0
2020-10-19,111.25296783447266,118.48482513427734,121.32846069335938,118.48482513427734,121.32846069335938,8439
2020-10-20,111.25296783447266,118.48482513427734,118.48482513427734,118.48482513427734,118.48482513427734,0
2020-10-21,111.25296783447266,118.48482513427734,118.48482513427734,118.48482513427734,118.48482513427734,0
2020-10-22,124.60332489013672,132.7030029296875,132.7030029296875,132.7030029296875,132.7030029296875,2109
2020-10-23,133.50355529785156,142.18179321289062,142.18179321289062,137.44239807128906,137.44239807128906,5215857
2020-10-26,133.50355529785156,142.18179321289062,142.18179321289062,142.18179321289062,142.18179321289062,3534207
2020-10-27,133.50355529785156,142.18179321289062,142.18179321289062,142.18179321289062,142.18179321289062,0
2020-11-02,133.50355529785156,142.18179321289062,142.18179321289062,142.18179321289062,142.18179321289062,1054
2020-11-03,133.50355529785156,142.18179321289062,142.18179321289062,142.18179321289062,142.18179321289062,0
2020-11-04,133.50355529785156,142.18179321289062,142.18179321289062,142.18179321289062,142.18179321289062,0
2020-11-05,133.50355529785156,142.18179321289062,142.18179321289062,142.18179321289062,142.18179321289062,6329
2020-11-06,133.50355529785156,142.18179321289062,142.18179321289062,142.18179321289062,142.18179321289062,0
2020-11-09,133.50355529785156,142.18179321289062,142.18179321289062,142.18179321289062,142.18179321289062,0
2020-11-10,133.50355529785156,142.18179321289062,142.18179321289062,142.18179321289062,142.18179321289062,0
2020-11-11,125.49334716796875,133.65087890625,142.18179321289062,132.7030029296875,142.18179321289062,5274
2020-11-12,133.50355529785156,142.18179321289062,142.18179321289062,132.7030029296875,132.7030029296875,4219
2020-11-13,133.50355529785156,142.18179321289062,142.18179321289062,142.18179321289062,142.18179321289062,0
2020-11-16,133.50355529785156,142.18179321289062,142.18179321289062,142.18179321289062,142.18179321289062,1054
2020-11-17,133.50355529785156,142.18179321289062,142.18179321289062,142.18179321289062,142.18179321289062,5274
2020-11-18,133.50355529785156,142.18179321289062,142.18179321289062,142.18179321289062,142.18179321289062,1054
2020-11-19,133.50355529785156,142.18179321289062,142.18179321289062,142.18179321289062,142.18179321289062,0
2020-11-20,133.9485626220703,142.65573120117188,142.65573120117188,142.65573120117188,142.65573120117188,1054
2020-11-23,133.9485626220703,142.65573120117188,142.65573120117188,142.65573120117188,142.65573120117188,0
2020-11-24,133.9485626220703,142.65573120117188,142.65573120117188,142.65573120117188,142.65573120117188,1054
2020-11-25,142.40379333496094,151.6605682373047,151.6605682373047,151.6605682373047,151.6605682373047,1054
2020-11-26,142.40379333496094,151.6605682373047,151.6605682373047,151.6605682373047,151.6605682373047,0
2020-11-27,146.85391235351562,156.39996337890625,156.39996337890625,156.39996337890625,156.39996337890625,12659849
2020-11-30,151.74903869628906,161.61329650878906,161.61329650878906,161.1393585205078,161.1393585205078,10558314
2020-12-01,151.74903869628906,161.61329650878906,161.61329650878906,161.61329650878906,161.61329650878906,0
2020-12-02,151.74903869628906,161.61329650878906,161.61329650878906,161.61329650878906,161.61329650878906,1054
2020-12-03,151.3040313720703,161.1393585205078,161.61329650878906,161.1393585205078,161.1393585205078,7384
2020-12-04,151.3040313720703,161.1393585205078,161.1393585205078,161.1393585205078,161.1393585205078,1054
2020-12-07,164.65440368652344,175.3575439453125,175.3575439453125,161.1393585205078,161.1393585205078,5306586
2020-12-08,164.65440368652344,175.3575439453125,175.3575439453125,175.3575439453125,175.3575439453125,0
2020-12-10,164.65440368652344,175.3575439453125,175.3575439453125,175.3575439453125,175.3575439453125,1054
2020-12-11,164.65440368652344,175.3575439453125,175.3575439453125,175.3575439453125,175.3575439453125,0
2020-12-14,164.65440368652344,175.3575439453125,175.3575439453125,175.3575439453125,175.3575439453125,0
2020-12-15,164.65440368652344,175.3575439453125,175.3575439453125,175.3575439453125,175.3575439453125,2109
2020-12-16,169.10450744628906,180.09693908691406,180.09693908691406,175.3575439453125,175.3575439453125,110776844
2020-12-17,169.10450744628906,180.09693908691406,180.09693908691406,180.09693908691406,180.09693908691406,250035185
2020-12-18,168.6595001220703,179.62298583984375,180.09693908691406,179.62298583984375,180.09693908691406,250034130
2020-12-21,170.88455200195312,181.99269104003906,181.99269104003906,180.09693908691406,180.09693908691406,257425372
2020-12-22,176.22470092773438,187.67996215820312,187.67996215820312,187.67996215820312,187.67996215820312,3164
2020-12-23,176.22470092773438,187.67996215820312,187.67996215820312,187.67996215820312,187.67996215820312,45364
2020-12-28,173.5546112060547,184.83631896972656,187.67996215820312,180.09693908691406,187.67996215820312,146674901
2020-12-29,171.32957458496094,182.4666290283203,188.62783813476562,182.4666290283203,184.83631896972656,75959
2020-12-30,171.32957458496094,182.4666290283203,182.4666290283203,182.4666290283203,182.4666290283203,1054
2021-01-04,177.11473083496094,188.62783813476562,188.62783813476562,182.4666290283203,182.4666290283203,90728
2021-01-05,177.11473083496094,188.62783813476562,188.62783813476562,188.62783813476562,188.62783813476562,2109
2021-01-06,177.11473083496094,188.62783813476562,188.62783813476562,188.62783813476562,188.62783813476562,4219
2021-01-07,177.11473083496094,188.62783813476562,188.62783813476562,188.62783813476562,188.62783813476562,0
2021-01-08,177.11473083496094,188.62783813476562,188.62783813476562,188.62783813476562,188.62783813476562,0
2021-01-11,176.66970825195312,188.15390014648438,188.15390014648438,188.15390014648438,188.15390014648438,11604
2021-01-12,169.10450744628906,180.09693908691406,184.83631896972656,180.09693908691406,184.83631896972656,27429
2021-01-13,169.10450744628906,180.09693908691406,180.09693908691406,180.09693908691406,180.09693908691406,1054
2021-01-14,169.10450744628906,180.09693908691406,180.09693908691406,180.09693908691406,180.09693908691406,0
2021-01-15,169.10450744628906,180.09693908691406,180.09693908691406,180.09693908691406,180.09693908691406,0
2021-01-18,169.10450744628906,180.09693908691406,180.09693908691406,180.09693908691406,180.09693908691406,1054
2021-01-19,169.10450744628906,180.09693908691406,180.09693908691406,180.09693908691406,180.09693908691406,0
2021-01-20,168.6595001220703,179.62298583984375,179.62298583984375,179.62298583984375,179.62298583984375,4219
2021-01-21,173.5546112060547,184.83631896972656,184.83631896972656,179.62298583984375,179.62298583984375,589737
2021-01-22,171.32957458496094,182.4666290283203,183.88844299316406,179.1490478515625,183.88844299316406,27429
2021-01-25,171.32957458496094,182.4666290283203,182.4666290283203,182.4666290283203,182.4666290283203,38508096
2021-01-26,173.5546112060547,184.83631896972656,184.83631896972656,182.4666290283203,182.4666290283203,10056140
2021-01-27,173.5546112060547,184.83631896972656,184.83631896972656,182.4666290283203,182.4666290283203,10550929
2021-01-28,173.5546112060547,184.83631896972656,184.83631896972656,184.83631896972656,184.83631896972656,8439
2021-01-29,173.5546112060547,184.83631896972656,184.83631896972656,172.51390075683594,179.1490478515625,8439
2021-02-01,173.5546112060547,184.83631896972656,184.83631896972656,184.83631896972656,184.83631896972656,0
2021-02-02,173.5546112060547,184.83631896972656,184.83631896972656,182.4666290283203,182.4666290283203,15936640
2021-02-03,169.10450744628906,180.09693908691406,180.09693908691406,180.09693908691406,180.09693908691406,1054
2021-02-04,169.10450744628906,180.09693908691406,180.09693908691406,180.09693908691406,180.09693908691406,0
2021-02-05,164.65440368652344,175.3575439453125,175.3575439453125,175.3575439453125,175.3575439453125,1054
2021-02-08,169.10450744628906,180.09693908691406,180.09693908691406,180.09693908691406,180.09693908691406,2829476
2021-02-09,173.5546112060547,184.83631896972656,184.83631896972656,179.1490478515625,180.09693908691406,258471
2021-02-10,178.00473022460938,189.57571411132812,189.57571411132812,175.3575439453125,184.83631896972656,1371483
2021-02-11,186.9049835205078,199.05450439453125,208.53329467773438,189.57571411132812,199.05450439453125,116048
2021-02-15,178.00473022460938,189.57571411132812,189.57571411132812,189.57571411132812,189.57571411132812,97058
2021-02-16,178.00473022460938,189.57571411132812,189.57571411132812,189.57571411132812,189.57571411132812,3164
2021-02-17,178.00473022460938,189.57571411132812,189.57571411132812,189.57571411132812,189.57571411132812,0
2021-02-18,169.99453735351562,181.04481506347656,183.88844299316406,181.04481506347656,183.88844299316406,8439
2021-02-19,158.42422485351562,168.72238159179688,184.83631896972656,168.72238159179688,180.09693908691406,325211479
2021-02-22,178.00473022460938,189.57571411132812,189.57571411132812,182.94056701660156,187.67996215820312,353329004
2021-02-23,191.3551025390625,203.7938995361328,208.53329467773438,188.62783813476562,208.53329467773438,440984
2021-02-24,186.9049835205078,199.05450439453125,222.75146484375,189.57571411132812,222.75146484375,136093
2021-02-25,178.00473022460938,189.57571411132812,199.05450439453125,185.78421020507812,199.05450439453125,110773
2021-02-26,221.61593627929688,236.0217742919922,236.9696502685547,177.2532958984375,189.57571411132812,176267299
2021-03-01,206.48550415039062,219.9078369140625,250.2399444580078,219.9078369140625,245.50054931640625,676246
2021-03-02,193.13514709472656,205.6896514892578,212.32479858398438,204.7417755126953,212.32479858398438,226822
2021-03-03,199.36532592773438,212.32479858398438,236.9696502685547,191.4714813232422,206.6375274658203,305946
2021-03-04,186.0149688720703,198.10662841796875,212.32479858398438,198.10662841796875,212.32479858398438,167743
2021-03-05,178.00473022460938,189.57571411132812,198.10662841796875,185.31027221679688,198.10662841796875,14769
2021-03-08,186.9049835205078,199.05450439453125,199.05450439453125,187.67996215820312,198.10662841796875,106553
2021-03-09,213.60569763183594,227.49085998535156,236.0217742919922,186.25814819335938,199.05450439453125,1010677
2021-03-10,222.5059356689453,236.9696502685547,236.9696502685547,212.32479858398438,226.54298400878906,559143
2021-03-12,218.05580139160156,232.23025512695312,255.92721557617188,220.855712890625,251.1878204345703,313331
2021-03-15,202.9254150390625,216.11631774902344,232.23025512695312,216.11631774902344,232.23025512695312,303836
2021-03-16,212.71566772460938,226.54298400878906,226.54298400878906,201.8981475830078,216.11631774902344,393510
2021-03-17,222.5059356689453,236.9696502685547,236.9696502685547,211.37692260742188,211.37692260742188,342870
2021-03-18,222.5059356689453,236.9696502685547,246.4484405517578,227.49085998535156,236.9696502685547,82289
2021-03-19,207.37551879882812,220.855712890625,236.9696502685547,220.855712890625,236.9696502685547,242647
2021-03-22,258.10687255859375,274.8847961425781,274.8847961425781,205.6896514892578,220.855712890625,406170
2021-03-23,240.30638122558594,255.92721557617188,274.8847961425781,255.92721557617188,274.8847961425781,24264
2021-03-24,237.6363525390625,253.08358764648438,255.92721557617188,253.08358764648438,255.92721557617188,53804
2021-03-25,221.61593627929688,236.0217742919922,236.9696502685547,236.0217742919922,236.9696502685547,10549
2021-03-26,206.48550415039062,219.9078369140625,219.9078369140625,219.9078369140625,219.9078369140625,150863
2021-03-29,192.24513244628906,204.7417755126953,219.9078369140625,204.7417755126953,219.9078369140625,335486
2021-03-30,192.24513244628906,204.7417755126953,204.7417755126953,204.7417755126953,204.7417755126953,18989
2021-03-31,178.89474487304688,190.52359008789062,199.05450439453125,190.52359008789062,194.3151092529297,121323
2021-04-01,175.33468627929688,186.73208618164062,189.10177612304688,184.83631896972656,184.83631896972656,1013842
2021-04-05,191.3551025390625,203.7938995361328,206.6375274658203,185.78421020507812,186.73208618164062,177237
2021-04-06,182.45486450195312,194.3151092529297,201.8981475830078,194.3151092529297,201.8981475830078,41144
2021-04-07,178.00473022460938,189.57571411132812,202.8460235595703,188.62783813476562,190.52359008789062,96003
2021-04-08,178.00473022460938,189.57571411132812,199.05450439453125,189.57571411132812,189.57571411132812,228932
2021-04-09,178.00473022460938,189.57571411132812,189.57571411132812,189.57571411132812,189.57571411132812,17934
2021-04-12,190.465087890625,202.8460235595703,217.06419372558594,188.62783813476562,188.62783813476562,169852
2021-04-13,178.00473022460938,189.57571411132812,192.4193572998047,189.57571411132812,189.57571411132812,18989
2021-04-14,186.9049835205078,199.05450439453125,217.06419372558594,189.10177612304688,189.57571411132812,221547
2021-04-15,177.11473083496094,188.62783813476562,198.10662841796875,188.62783813476562,198.10662841796875,401950
2021-04-16,177.5597381591797,189.10177612304688,189.10177612304688,188.62783813476562,188.62783813476562,63299
2021-04-19,177.11473083496094,188.62783813476562,189.10177612304688,188.62783813476562,189.10177612304688,225767
2021-04-20,177.11473083496094,188.62783813476562,188.62783813476562,188.62783813476562,188.62783813476562,274296
2021-04-21,177.11473083496094,188.62783813476562,188.62783813476562,188.62783813476562,188.62783813476562,22154
2021-04-22,177.11473083496094,188.62783813476562,188.62783813476562,188.62783813476562,188.62783813476562,128708
2021-04-23,185.1249237060547,197.15875244140625,207.58541870117188,188.62783813476562,188.62783813476562,61189
2021-04-26,177.5597381591797,189.10177612304688,197.15875244140625,188.62783813476562,197.15875244140625,12659
2021-04-27,178.00473022460938,189.57571411132812,189.57571411132812,189.10177612304688,189.10177612304688,5274
2021-04-28,177.5597381591797,189.10177612304688,198.10662841796875,189.10177612304688,189.57571411132812,18989
2021-04-29,177.5597381591797,189.10177612304688,189.10177612304688,189.10177612304688,189.10177612304688,7384
2021-04-30,177.5597381591797,189.10177612304688,189.57571411132812,189.10177612304688,189.57571411132812,13714
2021-05-03,178.00473022460938,189.57571411132812,189.57571411132812,189.57571411132812,189.57571411132812,5274
2021-05-04,177.5597381591797,189.10177612304688,198.10662841796875,189.10177612304688,189.57571411132812,146643
2021-05-05,177.5597381591797,189.10177612304688,189.10177612304688,189.10177612304688,189.10177612304688,18989
2021-05-06,177.5597381591797,189.10177612304688,189.57571411132812,189.10177612304688,189.57571411132812,9494
2021-05-07,177.5597381591797,189.10177612304688,193.3672332763672,189.10177612304688,189.57571411132812,78069
2021-05-10,177.5597381591797,189.10177612304688,189.57571411132812,189.10177612304688,189.57571411132812,15824
2021-05-11,177.5597381591797,189.10177612304688,189.10177612304688,189.10177612304688,189.10177612304688,0
2021-05-17,186.9049835205078,199.05450439453125,199.05450439453125,187.67996215820312,189.57571411132812,667807
2021-05-18,178.00473022460938,189.57571411132812,199.05450439453125,189.10177612304688,199.05450439453125,78069
2021-05-19,182.45486450195312,194.3151092529297,194.3151092529297,189.57571411132812,189.57571411132812,7384
2021-05-20,177.58587646484375,187.20602416992188,198.10662841796875,186.73208618164062,198.10662841796875,616112
2021-05-21,179.83380126953125,189.57571411132812,192.4193572998047,175.3575439453125,187.20602416992188,51694
2021-05-24,185.2288055419922,195.2629852294922,199.05450439453125,179.1490478515625,199.05450439453125,116048
2021-05-25,173.98919677734375,183.4145050048828,196.21087646484375,183.4145050048828,194.3151092529297,4219
2021-05-27,184.32962036132812,194.3151092529297,195.2629852294922,183.4145050048828,183.4145050048828,9494
2021-05-28,173.53961181640625,182.94056701660156,190.52359008789062,181.04481506347656,190.52359008789062,137148
2021-05-31,172.64044189453125,181.99269104003906,182.94056701660156,180.09693908691406,182.94056701660156,17934
2021-06-02,172.64044189453125,181.99269104003906,181.99269104003906,181.5187530517578,181.99269104003906,40089
2021-06-03,170.8421173095703,180.09693908691406,180.5708770751953,180.09693908691406,180.09693908691406,50639
2021-06-04,177.13629150390625,186.73208618164062,189.57571411132812,173.46177673339844,173.46177673339844,35869
2021-06-07,170.8421173095703,180.09693908691406,185.78421020507812,180.09693908691406,185.78421020507812,10549
2021-06-08,161.8504180908203,170.61814880371094,184.83631896972656,170.61814880371094,180.09693908691406,27429
2021-06-09,169.04376220703125,178.201171875,178.201171875,170.61814880371094,170.61814880371094,8439
2021-06-10,172.19085693359375,181.5187530517578,181.5187530517578,181.5187530517578,181.5187530517578,2109
2021-06-11,164.54791259765625,173.46177673339844,182.4666290283203,173.46177673339844,181.5187530517578,59079
2021-06-14,164.54791259765625,173.46177673339844,175.3575439453125,173.46177673339844,175.3575439453125,27429
2021-06-15,164.54791259765625,173.46177673339844,173.46177673339844,173.46177673339844,173.46177673339844,0
2021-06-16,164.54791259765625,173.46177673339844,173.46177673339844,173.46177673339844,173.46177673339844,34814
2021-06-17,164.54791259765625,173.46177673339844,173.46177673339844,173.46177673339844,173.46177673339844,2109
2021-06-18,154.6570587158203,163.0351104736328,187.20602416992188,162.0872344970703,173.46177673339844,68574
2021-06-21,167.24542236328125,176.305419921875,177.2532958984375,164.45693969726562,164.45693969726562,14769
2021-06-22,177.13629150390625,186.73208618164062,189.57571411132812,163.98300170898438,163.98300170898438,11604
2021-06-23,170.8421173095703,180.09693908691406,180.09693908691406,180.09693908691406,180.09693908691406,12659
2021-06-24,170.8421173095703,180.09693908691406,180.09693908691406,175.3575439453125,175.3575439453125,2109
2021-06-25,170.8421173095703,180.09693908691406,180.09693908691406,170.61814880371094,170.61814880371094,2109
2021-06-28,161.8504180908203,170.61814880371094,175.3575439453125,170.61814880371094,175.3575439453125,3164
2021-06-29,161.8504180908203,170.61814880371094,170.61814880371094,170.61814880371094,170.61814880371094,0
2021-06-30,163.1991729736328,172.0399627685547,179.1490478515625,170.61814880371094,170.61814880371094,6329
2021-07-01,166.3462677001953,175.3575439453125,175.3575439453125,175.3575439453125,175.3575439453125,4219
2021-07-02,161.8504180908203,170.61814880371094,170.61814880371094,170.61814880371094,170.61814880371094,8439
2021-07-05,155.1066436767578,163.50906372070312,163.50906372070312,161.1393585205078,161.1393585205078,2109
2021-07-06,157.3545684814453,165.87875366210938,165.87875366210938,165.87875366210938,165.87875366210938,3164
2021-07-07,152.85873413085938,161.1393585205078,165.87875366210938,154.50421142578125,154.50421142578125,8439
2021-07-08,160.0520782470703,168.72238159179688,168.72238159179688,166.35269165039062,166.35269165039062,2109
2021-07-09,160.0520782470703,168.72238159179688,168.72238159179688,168.72238159179688,168.72238159179688,0
2021-07-12,161.8504180908203,170.61814880371094,170.61814880371094,168.72238159179688,168.72238159179688,2109
2021-07-13,165.4470977783203,174.40966796875,174.40966796875,170.61814880371094,170.61814880371094,10549
2021-07-14,166.3462677001953,175.3575439453125,175.3575439453125,174.40966796875,174.40966796875,5274
2021-07-15,157.3545684814453,165.87875366210938,174.88360595703125,165.87875366210938,174.88360595703125,2109
2021-07-16,165.4470977783203,174.40966796875,174.40966796875,174.40966796875,174.40966796875,1054
2021-07-19,165.4470977783203,174.40966796875,174.40966796875,174.40966796875,174.40966796875,14769
2021-07-21,155.1066436767578,163.50906372070312,163.50906372070312,162.56117248535156,162.56117248535156,5274
2021-07-22,157.3545684814453,165.87875366210938,170.61814880371094,165.87875366210938,169.1963348388672,3164
2021-07-23,157.3545684814453,165.87875366210938,165.87875366210938,165.87875366210938,165.87875366210938,0
2021-07-26,162.74957275390625,171.56602478027344,171.56602478027344,156.39996337890625,165.87875366210938,10549
2021-07-27,162.74957275390625,171.56602478027344,171.56602478027344,171.56602478027344,171.56602478027344,5274
2021-07-28,164.09832763671875,172.9878387451172,189.57571411132812,172.51390075683594,175.3575439453125,36924
2021-07-29,164.09832763671875,172.9878387451172,172.9878387451172,172.9878387451172,172.9878387451172,3164
2021-07-30,169.04376220703125,178.201171875,178.201171875,161.1393585205078,161.1393585205078,9494
2021-08-02,178.4850311279297,188.15390014648438,207.58541870117188,177.72723388671875,177.72723388671875,117103
2021-08-03,178.0354461669922,187.67996215820312,188.15390014648438,187.67996215820312,188.15390014648438,53804
2021-08-04,184.32962036132812,194.3151092529297,194.3151092529297,187.67996215820312,187.67996215820312,31649
2021-08-05,178.0354461669922,187.67996215820312,194.3151092529297,187.67996215820312,194.3151092529297,53804
2021-08-06,196.91799926757812,207.58541870117188,213.27268981933594,187.67996215820312,187.67996215820312,59079
2021-08-09,193.32131958007812,203.7938995361328,207.58541870117188,194.3151092529297,207.58541870117188,40089
2021-08-10,188.8254852294922,199.05450439453125,203.7938995361328,190.52359008789062,203.7938995361328,24264
2021-08-12,187.9263153076172,198.10662841796875,199.05450439453125,189.57571411132812,199.05450439453125,44309
2021-08-13,179.83380126953125,189.57571411132812,196.21087646484375,189.57571411132812,189.57571411132812,26374
2021-08-16,169.94293212890625,179.1490478515625,179.1490478515625,178.201171875,178.201171875,5274
2021-08-18,160.0520782470703,168.72238159179688,168.72238159179688,168.72238159179688,168.72238159179688,1054
2021-08-19,160.0520782470703,168.72238159179688,168.72238159179688,168.72238159179688,168.72238159179688,0
2021-08-20,160.0520782470703,168.72238159179688,168.72238159179688,168.72238159179688,168.72238159179688,4219
2021-08-23,160.0520782470703,168.72238159179688,168.72238159179688,168.72238159179688,168.72238159179688,0
2021-08-24,157.3545684814453,165.87875366210938,165.87875366210938,159.71754455566406,159.71754455566406,4219
2021-08-25,157.3545684814453,165.87875366210938,165.87875366210938,165.87875366210938,165.87875366210938,0
2021-08-26,157.8041534423828,166.35269165039062,166.35269165039062,166.35269165039062,166.35269165039062,1054
2021-08-27,157.8041534423828,166.35269165039062,166.35269165039062,166.35269165039062,166.35269165039062,1054
2021-08-30,157.8041534423828,166.35269165039062,166.35269165039062,166.35269165039062,166.35269165039062,0
2021-08-31,170.39251708984375,179.62298583984375,199.05450439453125,160.66542053222656,160.66542053222656,79124
2021-09-01,171.74127197265625,181.04481506347656,192.4193572998047,180.09693908691406,191.4714813232422,37979
2021-09-02,181.63214111328125,191.4714813232422,191.4714813232422,170.61814880371094,170.61814880371094,13714
2021-09-03,172.64044189453125,181.99269104003906,181.99269104003906,181.99269104003906,181.99269104003906,2109
2021-09-06,172.64044189453125,181.99269104003906,181.99269104003906,181.99269104003906,181.99269104003906,0
2021-09-07,197.8171844482422,208.53329467773438,227.49085998535156,186.73208618164062,191.4714813232422,126598
2021-09-08,184.32962036132812,194.3151092529297,208.53329467773438,194.3151092529297,208.53329467773438,47474
2021-09-09,187.9263153076172,198.10662841796875,236.9696502685547,181.04481506347656,203.7938995361328,66464
2021-09-10,187.0271453857422,197.15875244140625,227.49085998535156,189.57571411132812,198.10662841796875,226822
2021-09-13,187.0271453857422,197.15875244140625,197.15875244140625,197.15875244140625,197.15875244140625,7384
2021-09-14,197.8171844482422,208.53329467773438,212.32479858398438,185.78421020507812,189.57571411132812,68574
2021-09-15,197.8171844482422,208.53329467773438,236.0217742919922,199.05450439453125,208.53329467773438,145588
2021-09-16,193.32131958007812,203.7938995361328,218.01206970214844,199.05450439453125,199.05450439453125,146643
2021-09-17,193.32131958007812,203.7938995361328,203.7938995361328,203.7938995361328,203.7938995361328,0
2021-09-20,223.89308166503906,236.0217742919922,236.0217742919922,189.57571411132812,189.57571411132812,358695
2021-09-21,208.60720825195312,219.9078369140625,236.9696502685547,219.9078369140625,236.0217742919922,105498
2021-09-22,211.30470275878906,222.75146484375,236.9696502685547,205.6896514892578,219.9078369140625,101278
2021-09-23,214.00222778320312,225.59510803222656,226.54298400878906,209.48117065429688,222.75146484375,40089
2021-09-24,224.79225158691406,236.9696502685547,236.9696502685547,225.59510803222656,225.59510803222656,132928
2021-09-27,211.30470275878906,222.75146484375,239.8132781982422,222.75146484375,236.9696502685547,223657
2021-09-28,214.00222778320312,225.59510803222656,244.55267333984375,223.6993408203125,226.54298400878906,110773
2021-09-29,225.69140625,237.9175262451172,237.9175262451172,225.59510803222656,225.59510803222656,28484
2021-09-30,220.29640197753906,232.23025512695312,246.4484405517578,232.23025512695312,237.9175262451172,12659
2021-10-01,218.49806213378906,230.33450317382812,232.23025512695312,230.33450317382812,232.23025512695312,8439
2021-10-04,211.30470275878906,222.75146484375,230.33450317382812,215.16844177246094,230.33450317382812,33759
2021-10-05,196.91799926757812,207.58541870117188,232.23025512695312,207.58541870117188,224.64723205566406,175127
2021-10-06,196.0188446044922,206.6375274658203,210.42904663085938,200.95025634765625,209.48117065429688,165633
2021-10-07,192.42218017578125,202.8460235595703,205.6896514892578,200.95025634765625,200.95025634765625,26374
2021-10-08,193.32131958007812,203.7938995361328,236.9696502685547,198.10662841796875,206.6375274658203,119213
2021-10-11,188.8254852294922,199.05450439453125,209.48117065429688,198.10662841796875,203.7938995361328,403842857
2021-10-12,184.32962036132812,194.3151092529297,208.53329467773438,189.57571411132812,199.05450439453125,419185539
2021-10-13,193.32131958007812,203.7938995361328,213.27268981933594,196.21087646484375,203.7938995361328,203612
2021-10-14,197.8171844482422,208.53329467773438,208.53329467773438,194.3151092529297,194.3151092529297,170907
2021-10-15,196.0188446044922,206.6375274658203,208.53329467773438,197.15875244140625,197.15875244140625,41144
2021-10-18,187.0271453857422,197.15875244140625,206.6375274658203,195.2629852294922,206.6375274658203,64354
2021-10-19,187.0271453857422,197.15875244140625,211.37692260742188,196.21087646484375,201.8981475830078,101278
2021-10-21,186.12799072265625,196.21087646484375,203.7938995361328,195.2629852294922,195.2629852294922,46419
2021-10-22,191.5229949951172,201.8981475830078,201.8981475830078,196.21087646484375,196.21087646484375,77014
2021-10-25,196.91799926757812,207.58541870117188,207.58541870117188,199.05450439453125,201.8981475830078,67519
2021-10-26,195.11965942382812,205.6896514892578,207.58541870117188,200.00238037109375,207.58541870117188,13714
2021-10-27,196.0188446044922,206.6375274658203,206.6375274658203,205.6896514892578,205.6896514892578,56969
2021-10-28,188.8254852294922,199.05450439453125,206.6375274658203,199.05450439453125,206.6375274658203,8439
2021-10-29,193.32131958007812,203.7938995361328,203.7938995361328,203.7938995361328,203.7938995361328,6329
2021-11-01,196.0188446044922,206.6375274658203,206.6375274658203,203.7938995361328,203.7938995361328,11604
2021-11-02,196.0188446044922,206.6375274658203,206.6375274658203,206.6375274658203,206.6375274658203,1054
2021-11-03,188.8254852294922,199.05450439453125,199.05450439453125,194.3151092529297,199.05450439453125,7384
2021-11-04,192.42218017578125,202.8460235595703,202.8460235595703,195.2629852294922,196.21087646484375,18989
2021-11-05,188.8254852294922,199.05450439453125,201.8981475830078,199.05450439453125,201.8981475830078,5274
2021-11-08,194.22048950195312,204.7417755126953,204.7417755126953,200.00238037109375,200.00238037109375,11604
2021-11-09,193.32131958007812,203.7938995361328,203.7938995361328,203.7938995361328,203.7938995361328,21099
2021-11-10,196.91799926757812,207.58541870117188,208.53329467773438,203.7938995361328,208.53329467773438,4219
2021-11-11,193.32131958007812,203.7938995361328,206.6375274658203,203.7938995361328,206.6375274658203,11604
2021-11-12,184.32962036132812,194.3151092529297,203.7938995361328,194.3151092529297,203.7938995361328,11604
2021-11-15,184.32962036132812,194.3151092529297,194.3151092529297,194.3151092529297,194.3151092529297,2109
2021-11-16,187.9263153076172,198.10662841796875,198.10662841796875,195.2629852294922,195.2629852294922,3164
2021-11-17,187.9263153076172,198.10662841796875,198.10662841796875,198.10662841796875,198.10662841796875,1054
2021-11-18,187.9263153076172,198.10662841796875,198.10662841796875,198.10662841796875,198.10662841796875,0
2021-11-19,185.2288055419922,195.2629852294922,195.2629852294922,195.2629852294922,195.2629852294922,1054
2021-11-22,191.5229949951172,201.8981475830078,201.8981475830078,198.10662841796875,198.10662841796875,4219
2021-11-23,191.5229949951172,201.8981475830078,201.8981475830078,200.95025634765625,200.95025634765625,21099
2021-11-24,186.12799072265625,196.21087646484375,206.6375274658203,196.21087646484375,206.6375274658203,5274
2021-11-25,196.0188446044922,206.6375274658203,206.6375274658203,202.8460235595703,203.7938995361328,17934
2021-11-26,196.0188446044922,206.6375274658203,206.6375274658203,206.6375274658203,206.6375274658203,4219
2021-11-29,196.0188446044922,206.6375274658203,206.6375274658203,206.6375274658203,206.6375274658203,54859
2021-11-30,195.11965942382812,205.6896514892578,205.6896514892578,205.6896514892578,205.6896514892578,2109
2021-12-01,195.11965942382812,205.6896514892578,205.6896514892578,204.7417755126953,205.6896514892578,6329
2021-12-02,195.11965942382812,205.6896514892578,205.6896514892578,205.6896514892578,205.6896514892578,0
2021-12-03,186.12799072265625,196.21087646484375,196.21087646484375,196.21087646484375,196.21087646484375,1054
2021-12-06,186.12799072265625,196.21087646484375,196.21087646484375,196.21087646484375,196.21087646484375,2109
2021-12-07,186.12799072265625,196.21087646484375,197.15875244140625,196.21087646484375,197.15875244140625,17934
2021-12-08,198.7163543701172,209.48117065429688,243.60479736328125,197.15875244140625,197.15875244140625,99168
2021-12-09,187.0271453857422,197.15875244140625,209.48117065429688,196.21087646484375,209.48117065429688,17934
2021-12-10,189.7246551513672,200.00238037109375,200.95025634765625,199.05450439453125,199.05450439453125,4219
2021-12-13,193.32131958007812,203.7938995361328,203.7938995361328,197.15875244140625,197.15875244140625,2109
2021-12-14,192.42218017578125,202.8460235595703,202.8460235595703,196.21087646484375,201.8981475830078,9494
2021-12-15,187.9263153076172,198.10662841796875,202.8460235595703,198.10662841796875,202.8460235595703,7384
2021-12-16,187.9263153076172,198.10662841796875,198.10662841796875,198.10662841796875,198.10662841796875,6329
2021-12-17,193.32131958007812,203.7938995361328,246.4484405517578,198.10662841796875,198.10662841796875,163523
2021-12-20,191.5229949951172,201.8981475830078,218.9599609375,189.57571411132812,218.9599609375,101278
2021-12-21,189.7246551513672,200.00238037109375,200.95025634765625,200.00238037109375,200.95025634765625,6329
2021-12-22,185.2288055419922,195.2629852294922,196.21087646484375,195.2629852294922,196.21087646484375,26374
2021-12-23,185.2288055419922,195.2629852294922,195.2629852294922,191.4714813232422,195.2629852294922,11604
2021-12-24,191.5229949951172,201.8981475830078,202.8460235595703,201.8981475830078,202.8460235595703,2109
2021-12-27,186.12799072265625,196.21087646484375,197.15875244140625,196.21087646484375,197.15875244140625,7384
2021-12-28,186.12799072265625,196.21087646484375,196.21087646484375,194.3151092529297,196.21087646484375,14769
2021-12-29,205.01052856445312,216.11631774902344,218.01206970214844,190.52359008789062,190.52359008789062,699456
2021-12-30,198.7163543701172,209.48117065429688,217.06419372558594,202.8460235595703,217.06419372558594,175127
2022-01-03,207.70803833007812,218.9599609375,237.9175262451172,196.21087646484375,209.48117065429688,132928
2022-01-04,213.10304260253906,224.64723205566406,236.9696502685547,204.7417755126953,217.06419372558594,170907
2022-01-05,198.7163543701172,209.48117065429688,222.75146484375,209.48117065429688,222.75146484375,517998
2022-01-06,191.5229949951172,201.8981475830078,236.9696502685547,196.21087646484375,209.48117065429688,375575
2022-01-07,202.31301879882812,213.27268981933594,214.22056579589844,200.95025634765625,200.95025634765625,75959
2022-01-10,188.8254852294922,199.05450439453125,212.32479858398438,199.05450439453125,212.32479858398438,524328
2022-01-11,188.8254852294922,199.05450439453125,204.7417755126953,195.2629852294922,195.2629852294922,35869
2022-01-12,188.8254852294922,199.05450439453125,221.8035888671875,194.3151092529297,195.2629852294922,106553
2022-01-13,193.32131958007812,203.7938995361328,204.7417755126953,200.95025634765625,200.95025634765625,8439
2022-01-14,192.42218017578125,202.8460235595703,203.7938995361328,197.15875244140625,203.7938995361328,5274
2022-01-17,180.73294067382812,190.52359008789062,202.8460235595703,189.57571411132812,197.15875244140625,488459
2022-01-18,181.63214111328125,191.4714813232422,200.00238037109375,190.52359008789062,197.15875244140625,114993
2022-01-19,181.63214111328125,191.4714813232422,199.05450439453125,191.4714813232422,191.4714813232422,314386
2022-01-20,179.83380126953125,189.57571411132812,197.15875244140625,189.57571411132812,192.4193572998047,139258
2022-01-21,181.63214111328125,191.4714813232422,197.15875244140625,191.4714813232422,191.4714813232422,141368
2022-01-24,188.8254852294922,199.05450439453125,199.05450439453125,191.4714813232422,192.4193572998047,271131
2022-01-25,182.53131103515625,192.4193572998047,194.3151092529297,191.4714813232422,194.3151092529297,127653
2022-01-26,187.9263153076172,198.10662841796875,198.10662841796875,192.4193572998047,192.4193572998047,9494
2022-01-27,181.63214111328125,191.4714813232422,198.10662841796875,190.52359008789062,198.10662841796875,54859
2022-01-28,187.0271453857422,197.15875244140625,197.15875244140625,193.3672332763672,193.3672332763672,48529
2022-01-31,185.2288055419922,195.2629852294922,197.15875244140625,195.2629852294922,197.15875244140625,7384
2022-02-02,184.32962036132812,194.3151092529297,195.2629852294922,190.52359008789062,194.3151092529297,29539
2022-02-03,180.73294067382812,190.52359008789062,191.4714813232422,190.52359008789062,191.4714813232422,4219
2022-02-04,184.32962036132812,194.3151092529297,197.15875244140625,191.4714813232422,194.3151092529297,12659
2022-02-07,187.9263153076172,198.10662841796875,213.27268981933594,191.4714813232422,191.4714813232422,164578
2022-02-08,186.12799072265625,196.21087646484375,197.15875244140625,194.3151092529297,195.2629852294922,49584
2022-02-09,186.12799072265625,196.21087646484375,196.21087646484375,196.21087646484375,196.21087646484375,0
2022-02-10,186.12799072265625,196.21087646484375,198.10662841796875,196.21087646484375,198.10662841796875,9494
2022-02-11,187.0271453857422,197.15875244140625,197.15875244140625,197.15875244140625,197.15875244140625,3164
2022-02-14,186.12799072265625,196.21087646484375,197.15875244140625,191.4714813232422,197.15875244140625,67519
2022-02-15,186.12799072265625,196.21087646484375,197.15875244140625,191.4714813232422,193.3672332763672,67519
2022-02-16,186.12799072265625,196.21087646484375,197.15875244140625,196.21087646484375,196.21087646484375,7384
2022-02-17,184.32962036132812,194.3151092529297,203.7938995361328,194.3151092529297,203.7938995361328,4219
2022-02-18,184.32962036132812,194.3151092529297,194.3151092529297,194.3151092529297,194.3151092529297,2109
2022-02-21,189.7246551513672,200.00238037109375,200.00238037109375,190.52359008789062,190.52359008789062,11604
2022-02-22,182.53131103515625,192.4193572998047,199.05450439453125,192.4193572998047,199.05450439453125,4219
2022-02-23,181.63214111328125,191.4714813232422,192.4193572998047,191.4714813232422,192.4193572998047,9494
2022-02-24,180.73294067382812,190.52359008789062,191.4714813232422,190.52359008789062,191.4714813232422,12659
2022-02-25,176.2371368408203,185.78421020507812,191.4714813232422,185.78421020507812,191.4714813232422,2109
2022-03-01,182.53131103515625,192.4193572998047,192.4193572998047,186.73208618164062,186.73208618164062,11604
2022-03-02,182.53131103515625,192.4193572998047,195.2629852294922,192.4193572998047,192.4193572998047,4219
2022-03-04,184.32962036132812,194.3151092529297,205.6896514892578,187.67996215820312,203.7938995361328,37979
2022-03-07,183.4304656982422,193.3672332763672,194.3151092529297,187.67996215820312,194.3151092529297,9494
2022-03-08,182.53131103515625,192.4193572998047,222.75146484375,192.4193572998047,192.4193572998047,62244
2022-03-09,181.63214111328125,191.4714813232422,206.6375274658203,181.04481506347656,181.04481506347656,63299
2022-03-10,187.0271453857422,197.15875244140625,206.6375274658203,191.4714813232422,206.6375274658203,85453
2022-03-11,181.63214111328125,191.4714813232422,191.4714813232422,183.4145050048828,189.57571411132812,6329
2022-03-14,182.53131103515625,192.4193572998047,206.6375274658203,184.83631896972656,184.83631896972656,112883
2022-03-15,186.12799072265625,196.21087646484375,205.6896514892578,190.52359008789062,205.6896514892578,8439
2022-03-16,192.42218017578125,202.8460235595703,213.27268981933594,194.3151092529297,195.2629852294922,66464
2022-03-17,190.62380981445312,200.95025634765625,203.7938995361328,192.4193572998047,202.8460235595703,136093
2022-03-18,188.8254852294922,199.05450439453125,199.05450439453125,199.05450439453125,199.05450439453125,1054
2022-03-21,188.8254852294922,199.05450439453125,199.05450439453125,199.05450439453125,199.05450439453125,11604
2022-03-22,188.8254852294922,199.05450439453125,199.05450439453125,199.05450439453125,199.05450439453125,15824
2022-03-23,195.11965942382812,205.6896514892578,205.6896514892578,199.05450439453125,199.05450439453125,16879
2022-03-24,195.11965942382812,205.6896514892578,205.6896514892578,205.6896514892578,205.6896514892578,36924
2022-03-25,186.12799072265625,196.21087646484375,196.21087646484375,191.4714813232422,191.4714813232422,4219
2022-03-28,181.63214111328125,191.4714813232422,200.95025634765625,183.4145050048828,200.95025634765625,17934
2022-03-29,189.7246551513672,200.00238037109375,211.37692260742188,192.4193572998047,192.4193572998047,214162
2022-03-30,196.91799926757812,207.58541870117188,207.58541870117188,199.05450439453125,199.05450439453125,74904
2022-03-31,191.5229949951172,201.8981475830078,210.42904663085938,200.00238037109375,207.58541870117188,224712
2022-04-01,191.5229949951172,201.8981475830078,202.8460235595703,201.8981475830078,201.8981475830078,5274
2022-04-04,188.8254852294922,199.05450439453125,201.8981475830078,199.05450439453125,201.8981475830078,6329
2022-04-05,182.53131103515625,192.4193572998047,208.53329467773438,192.4193572998047,200.00238037109375,156138
2022-04-06,188.8254852294922,199.05450439453125,212.32479858398438,192.4193572998047,192.4193572998047,68574
2022-04-07,190.62380981445312,200.95025634765625,206.6375274658203,200.95025634765625,206.6375274658203,23209
2022-04-08,195.11965942382812,205.6896514892578,208.53329467773438,205.6896514892578,208.53329467773438,8439
2022-04-11,185.2288055419922,195.2629852294922,205.6896514892578,195.2629852294922,205.6896514892578,11604
2022-04-12,197.8171844482422,208.53329467773438,211.37692260742188,195.2629852294922,195.2629852294922,169852
2022-04-13,199.61549377441406,210.42904663085938,221.8035888671875,199.05450439453125,208.53329467773438,148753
2022-04-14,201.41384887695312,212.32479858398438,218.01206970214844,201.8981475830078,210.42904663085938,34814
2022-04-18,205.01052856445312,216.11631774902344,216.11631774902344,212.32479858398438,212.32479858398438,23209
2022-04-19,191.5229949951172,201.8981475830078,216.11631774902344,201.8981475830078,216.11631774902344,151918
2022-04-20,191.5229949951172,201.8981475830078,201.8981475830078,201.8981475830078,201.8981475830078,1054
2022-04-21,197.8171844482422,208.53329467773438,208.53329467773438,201.8981475830078,201.8981475830078,2109
2022-04-22,201.41384887695312,212.32479858398438,218.01206970214844,208.53329467773438,208.53329467773438,21099
2022-04-25,192.42218017578125,202.8460235595703,217.06419372558594,201.8981475830078,213.27268981933594,175127
2022-04-26,191.5229949951172,201.8981475830078,210.42904663085938,199.05450439453125,210.42904663085938,15824
2022-04-27,195.11965942382812,205.6896514892578,206.6375274658203,200.00238037109375,200.00238037109375,17934
2022-04-28,195.11965942382812,205.6896514892578,205.6896514892578,205.6896514892578,205.6896514892578,14769
2022-05-09,195.11965942382812,205.6896514892578,205.6896514892578,205.6896514892578,205.6896514892578,4219
2022-05-10,185.2288055419922,195.2629852294922,196.21087646484375,195.2629852294922,196.21087646484375,23209
2022-05-11,186.12799072265625,196.21087646484375,218.01206970214844,196.21087646484375,201.8981475830078,36924
2022-05-12,187.0271453857422,197.15875244140625,208.53329467773438,197.15875244140625,205.6896514892578,34814
2022-05-13,197.8171844482422,208.53329467773438,215.16844177246094,208.53329467773438,215.16844177246094,33759
2022-05-17,195.11965942382812,205.6896514892578,220.855712890625,205.6896514892578,220.855712890625,74904
2022-05-18,197.8171844482422,208.53329467773438,208.53329467773438,204.7417755126953,204.7417755126953,26374
2022-05-19,205.90968322753906,217.06419372558594,217.06419372558594,216.11631774902344,217.06419372558594,35869
2022-05-20,201.41384887695312,212.32479858398438,222.75146484375,208.53329467773438,218.01206970214844,20044
2022-05-23,196.0188446044922,206.6375274658203,213.27268981933594,198.10662841796875,212.32479858398438,2930755
2022-05-24,192.42218017578125,202.8460235595703,204.7417755126953,202.8460235595703,204.7417755126953,22154
2022-05-25,188.8254852294922,199.05450439453125,200.95025634765625,189.57571411132812,200.95025634765625,60134
2022-05-27,196.0188446044922,206.6375274658203,207.58541870117188,198.10662841796875,199.05450439453125,47474
2022-05-30,200.51466369628906,211.37692260742188,220.855712890625,202.8460235595703,205.6896514892578,86508
2022-05-31,199.61549377441406,210.42904663085938,212.32479858398438,199.05450439453125,212.32479858398438,11604
2022-06-02,193.32131958007812,203.7938995361328,211.37692260742188,202.8460235595703,211.37692260742188,17934
2022-06-03,199.61549377441406,210.42904663085938,210.42904663085938,203.7938995361328,203.7938995361328,312276
2022-06-06,196.0188446044922,206.6375274658203,212.32479858398438,203.7938995361328,208.53329467773438,247922
2022-06-07,204.09613037109375,212.32479858398438,212.32479858398438,203.7938995361328,206.6375274658203,171962
2022-06-08,201.36270141601562,209.48117065429688,213.27268981933594,203.7938995361328,203.7938995361328,279571
2022-06-09,205.00726318359375,213.27268981933594,213.27268981933594,203.7938995361328,203.7938995361328,421994
2022-06-10,198.6292724609375,206.6375274658203,213.27268981933594,204.7417755126953,204.7417755126953,152973
2022-06-13,197.71812438964844,205.6896514892578,205.6896514892578,204.7417755126953,204.7417755126953,214162
2022-06-14,198.6292724609375,206.6375274658203,206.6375274658203,195.2629852294922,195.2629852294922,18989
2022-06-15,205.9184112548828,214.22056579589844,214.22056579589844,204.7417755126953,204.7417755126953,313331
2022-06-16,205.9184112548828,214.22056579589844,237.9175262451172,205.6896514892578,214.22056579589844,52749
2022-06-17,201.36270141601562,209.48117065429688,212.32479858398438,206.6375274658203,206.6375274658203,11604
2022-06-20,197.71812438964844,205.6896514892578,209.48117065429688,195.2629852294922,209.48117065429688,12659
2022-06-21,201.36270141601562,209.48117065429688,209.48117065429688,197.15875244140625,205.6896514892578,13714
2022-06-22,206.82955932617188,215.16844177246094,218.01206970214844,209.48117065429688,209.48117065429688,10549
2022-06-23,205.9184112548828,214.22056579589844,214.22056579589844,214.22056579589844,214.22056579589844,6329
2022-06-24,197.71812438964844,205.6896514892578,214.22056579589844,205.6896514892578,214.22056579589844,9494
2022-06-27,202.27383422851562,210.42904663085938,218.01206970214844,210.42904663085938,218.01206970214844,6329
2022-06-28,205.00726318359375,213.27268981933594,215.16844177246094,205.6896514892578,205.6896514892578,10549
2022-06-29,205.00726318359375,213.27268981933594,218.01206970214844,199.05450439453125,213.27268981933594,10549
2022-06-30,205.9184112548828,214.22056579589844,214.22056579589844,214.22056579589844,214.22056579589844,3164
2022-07-01,205.00726318359375,213.27268981933594,213.27268981933594,200.00238037109375,200.00238037109375,10549
2022-07-04,195.8958282470703,203.7938995361328,213.27268981933594,201.8981475830078,213.27268981933594,26374
2022-07-05,199.5404052734375,207.58541870117188,207.58541870117188,203.7938995361328,206.6375274658203,4219
2022-07-06,199.5404052734375,207.58541870117188,207.58541870117188,207.58541870117188,207.58541870117188,1054
2022-07-07,199.5404052734375,207.58541870117188,207.58541870117188,207.58541870117188,207.58541870117188,14769
2022-07-08,199.5404052734375,207.58541870117188,207.58541870117188,207.58541870117188,207.58541870117188,5274
2022-07-11,199.5404052734375,207.58541870117188,207.58541870117188,207.58541870117188,207.58541870117188,0
2022-07-12,199.5404052734375,207.58541870117188,207.58541870117188,207.58541870117188,207.58541870117188,2109
2022-07-13,196.80697631835938,204.7417755126953,207.58541870117188,193.3672332763672,207.58541870117188,5274
2022-07-14,196.80697631835938,204.7417755126953,204.7417755126953,204.7417755126953,204.7417755126953,5274
2022-07-15,189.51783752441406,197.15875244140625,204.7417755126953,196.21087646484375,204.7417755126953,6329
2022-07-18,191.34011840820312,199.05450439453125,199.05450439453125,199.05450439453125,199.05450439453125,1054
2022-07-19,192.2512664794922,200.00238037109375,200.00238037109375,200.00238037109375,200.00238037109375,1054
2022-07-20,192.2512664794922,200.00238037109375,200.00238037109375,200.00238037109375,200.00238037109375,0
2022-07-21,193.1623992919922,200.95025634765625,200.95025634765625,200.00238037109375,200.00238037109375,2109
2022-07-22,193.1623992919922,200.95025634765625,200.95025634765625,200.95025634765625,200.95025634765625,0
2022-07-25,194.98471069335938,202.8460235595703,202.8460235595703,200.95025634765625,200.95025634765625,740601
2022-07-26,204.09613037109375,212.32479858398438,218.01206970214844,207.58541870117188,208.53329467773438,9494
2022-07-27,204.09613037109375,212.32479858398438,212.32479858398438,212.32479858398438,212.32479858398438,2109
2022-07-28,208.65182495117188,217.06419372558594,222.75146484375,217.06419372558594,222.75146484375,3164
2022-07-29,201.36270141601562,209.48117065429688,217.06419372558594,205.6896514892578,217.06419372558594,12659
2022-08-01,194.07354736328125,201.8981475830078,217.06419372558594,198.10662841796875,217.06419372558594,5274
2022-08-02,199.5404052734375,207.58541870117188,207.58541870117188,207.58541870117188,207.58541870117188,4219
2022-08-03,199.5404052734375,207.58541870117188,207.58541870117188,207.58541870117188,207.58541870117188,0
2022-08-04,199.5404052734375,207.58541870117188,207.58541870117188,207.58541870117188,207.58541870117188,0
2022-08-05,194.98471069335938,202.8460235595703,202.8460235595703,202.8460235595703,202.8460235595703,1054
2022-08-08,197.71812438964844,205.6896514892578,205.6896514892578,205.6896514892578,205.6896514892578,10549
2022-08-09,194.07354736328125,201.8981475830078,201.8981475830078,201.8981475830078,201.8981475830078,8439
2022-08-10,194.07354736328125,201.8981475830078,201.8981475830078,201.8981475830078,201.8981475830078,0
2022-08-11,194.07354736328125,201.8981475830078,201.8981475830078,201.8981475830078,201.8981475830078,1054
2022-08-12,194.07354736328125,201.8981475830078,201.8981475830078,201.8981475830078,201.8981475830078,0
2022-08-15,194.07354736328125,201.8981475830078,212.32479858398438,200.95025634765625,202.8460235595703,25319
2022-08-16,205.00726318359375,213.27268981933594,220.855712890625,209.48117065429688,216.11631774902344,31649
2022-08-18,205.00726318359375,213.27268981933594,213.27268981933594,213.27268981933594,213.27268981933594,3164
2022-08-19,209.56298828125,218.01206970214844,218.01206970214844,218.01206970214844,218.01206970214844,3164
2022-08-22,195.8958282470703,203.7938995361328,217.06419372558594,203.7938995361328,217.06419372558594,107608
2022-08-23,196.80697631835938,204.7417755126953,225.59510803222656,203.7938995361328,204.7417755126953,106553
2022-08-24,196.80697631835938,204.7417755126953,204.7417755126953,204.7417755126953,204.7417755126953,0
2022-08-25,197.71812438964844,205.6896514892578,222.75146484375,198.10662841796875,198.10662841796875,12659
2022-08-26,196.80697631835938,204.7417755126953,213.27268981933594,202.8460235595703,205.6896514892578,377685
2022-08-29,192.2512664794922,200.00238037109375,204.7417755126953,199.05450439453125,204.7417755126953,265856
2022-08-30,199.5404052734375,207.58541870117188,207.58541870117188,199.05450439453125,200.00238037109375,409335
2022-08-31,204.09613037109375,212.32479858398438,214.22056579589844,207.58541870117188,207.58541870117188,329156
2022-09-01,225.0524139404297,234.12600708007812,258.7708435058594,212.32479858398438,212.32479858398438,258471
2022-09-02,210.47413635253906,218.9599609375,230.33450317382812,218.9599609375,230.33450317382812,17934
2022-09-05,212.29641723632812,220.855712890625,233.17813110351562,215.16844177246094,215.16844177246094,44309
2022-09-06,227.78585815429688,236.9696502685547,246.4484405517578,221.8035888671875,221.8035888671875,206777
2022-09-07,231.43043518066406,240.76116943359375,240.76116943359375,236.9696502685547,236.9696502685547,6329
2022-09-08,229.608154296875,238.8654022216797,240.76116943359375,238.8654022216797,240.76116943359375,20044
2022-09-09,227.78585815429688,236.9696502685547,239.8132781982422,229.38662719726562,239.8132781982422,32704
2022-09-12,231.43043518066406,240.76116943359375,241.70904541015625,228.43873596191406,236.9696502685547,30594
2022-09-13,226.87472534179688,236.0217742919922,240.76116943359375,225.59510803222656,240.76116943359375,66464
2022-09-14,227.78585815429688,236.9696502685547,236.9696502685547,228.43873596191406,228.43873596191406,13714
2022-09-15,246.0087127685547,255.92721557617188,274.8847961425781,237.9175262451172,237.9175262451172,53804
2022-09-16,246.0087127685547,255.92721557617188,255.92721557617188,239.8132781982422,255.92721557617188,87563
2022-09-19,234.16384887695312,243.60479736328125,251.1878204345703,243.60479736328125,251.1878204345703,24264
2022-09-20,238.71958923339844,248.3441925048828,248.3441925048828,246.4484405517578,246.4484405517578,22154
2022-09-21,228.69699096679688,237.9175262451172,248.3441925048828,237.9175262451172,248.3441925048828,6329
2022-09-22,233.25271606445312,242.65692138671875,242.65692138671875,236.9696502685547,237.9175262451172,33759
2022-09-23,227.78585815429688,236.9696502685547,242.65692138671875,236.9696502685547,242.65692138671875,16879
2022-09-26,228.69699096679688,237.9175262451172,237.9175262451172,237.9175262451172,237.9175262451172,6329
2022-09-27,226.87472534179688,236.0217742919922,240.76116943359375,236.0217742919922,240.76116943359375,27429
2022-09-28,250.564453125,260.6666259765625,265.406005859375,236.0217742919922,236.0217742919922,161413
2022-09-29,235.98614501953125,245.50054931640625,262.5623779296875,242.65692138671875,259.71875,116048
2022-09-30,235.07501220703125,244.55267333984375,246.4484405517578,244.55267333984375,245.50054931640625,39034
2022-10-03,233.25271606445312,242.65692138671875,244.55267333984375,242.65692138671875,243.60479736328125,9494
2022-10-04,233.25271606445312,242.65692138671875,242.65692138671875,242.65692138671875,242.65692138671875,54859
2022-10-05,234.16384887695312,243.60479736328125,255.92721557617188,243.60479736328125,255.92721557617188,37979
2022-10-06,234.16384887695312,243.60479736328125,243.60479736328125,241.70904541015625,243.60479736328125,17934
2022-10-07,236.8972930908203,246.4484405517578,246.4484405517578,246.4484405517578,246.4484405517578,2109
2022-10-10,238.71958923339844,248.3441925048828,248.3441925048828,246.4484405517578,246.4484405517578,16879
2022-10-11,244.1864471435547,254.03146362304688,254.97933959960938,254.03146362304688,254.97933959960938,5274
2022-10-12,255.1201629638672,265.406005859375,265.406005859375,244.55267333984375,253.08358764648438,20044
2022-10-13,250.564453125,260.6666259765625,274.8847961425781,260.6666259765625,267.3017578125,66464
2022-10-14,250.564453125,260.6666259765625,270.1453857421875,257.8229675292969,260.6666259765625,94948
2022-10-17,250.564453125,260.6666259765625,260.6666259765625,254.03146362304688,254.03146362304688,6329
2022-10-18,264.2315979003906,274.8847961425781,274.8847961425781,265.406005859375,274.8847961425781,8439
2022-10-19,263.3204650878906,273.9369201660156,273.9369201660156,273.9369201660156,273.9369201660156,13714
2022-10-20,263.3204650878906,273.9369201660156,273.9369201660156,273.9369201660156,273.9369201660156,7384
2022-10-21,262.4093322753906,272.9890441894531,273.9369201660156,272.9890441894531,273.9369201660156,8439
2022-10-24,268.78729248046875,279.6241760253906,279.6241760253906,272.9890441894531,272.9890441894531,17934
2022-10-25,262.4093322753906,272.9890441894531,281.5199279785156,272.9890441894531,281.5199279785156,22154
2022-10-26,262.4093322753906,272.9890441894531,272.9890441894531,272.9890441894531,272.9890441894531,8439
2022-10-27,266.96502685546875,277.7284240722656,280.5720520019531,259.71875,259.71875,41144
2022-10-28,266.96502685546875,277.7284240722656,277.7284240722656,277.7284240722656,277.7284240722656,0
2022-10-31,297.03277587890625,309.0084228515625,331.75750732421875,277.7284240722656,277.7284240722656,91783
2022-11-01,277.8987731933594,289.10296630859375,309.0084228515625,289.10296630859375,309.0084228515625,51694
2022-11-02,273.343017578125,284.36358642578125,293.8423767089844,284.36358642578125,289.10296630859375,3164
2022-11-03,282.4544677734375,293.8423767089844,293.8423767089844,283.41571044921875,283.41571044921875,12659
2022-11-04,279.72100830078125,290.99871826171875,293.8423767089844,287.20721435546875,293.8423767089844,7384
2022-11-07,276.0764465332031,287.20721435546875,288.15509033203125,286.25933837890625,286.25933837890625,40089
2022-11-08,274.2541809082031,285.31146240234375,287.20721435546875,284.36358642578125,287.20721435546875,26374
2022-11-09,265.14276123046875,275.8326721191406,276.7805480957031,266.3538818359375,266.3538818359375,99168
2022-11-10,275.1653137207031,286.25933837890625,286.25933837890625,275.8326721191406,275.8326721191406,6329
2022-11-11,276.0764465332031,287.20721435546875,288.15509033203125,287.20721435546875,287.20721435546875,11604
2022-11-14,266.0538635253906,276.7805480957031,286.25933837890625,275.8326721191406,286.25933837890625,34814
2022-11-15,273.343017578125,284.36358642578125,286.25933837890625,276.7805480957031,276.7805480957031,24264
2022-11-16,279.72100830078125,290.99871826171875,291.94659423828125,275.8326721191406,285.31146240234375,46419
2022-11-17,289.74359130859375,301.4253845214844,308.060546875,297.6338806152344,308.060546875,195172
2022-11-18,289.74359130859375,301.4253845214844,302.3732604980469,301.4253845214844,301.4253845214844,6329
2022-11-21,290.6547546386719,302.3732604980469,302.3732604980469,302.3732604980469,302.3732604980469,9494
2022-11-22,290.6547546386719,302.3732604980469,303.3211364746094,284.36358642578125,284.36358642578125,62244
2022-11-23,283.3656311035156,294.7902526855469,375.35992431640625,294.7902526855469,375.35992431640625,53804
2022-11-24,285.1878967285156,296.6860046386719,297.6338806152344,296.6860046386719,296.6860046386719,9494
2022-11-25,289.74359130859375,301.4253845214844,303.3211364746094,296.6860046386719,297.6338806152344,15824
2022-11-28,291.5658874511719,303.3211364746094,304.26904296875,303.3211364746094,304.26904296875,13714
2022-11-29,299.7662048339844,311.85205078125,321.3308410644531,307.1126708984375,307.1126708984375,45364
2022-11-30,317.0779113769531,329.86175537109375,339.3405456542969,319.4350891113281,319.4350891113281,53804
2022-12-01,363.5462341308594,378.20355224609375,379.15142822265625,329.86175537109375,329.86175537109375,100223
2022-12-02,353.5236511230469,367.7768859863281,463.51263427734375,352.61083984375,352.61083984375,297506
2022-12-05,356.257080078125,370.62054443359375,425.5975036621094,354.506591796875,369.6726379394531,473689
2022-12-06,341.67877197265625,355.4544677734375,414.2229309082031,355.4544677734375,370.62054443359375,245812
2022-12-07,323.4559020996094,336.49688720703125,363.9853820800781,336.49688720703125,357.3502197265625,203612
2022-12-08,301.5884704589844,313.747802734375,337.4447937011719,313.747802734375,333.65325927734375,128708
2022-12-09,289.74359130859375,301.4253845214844,313.747802734375,293.8423767089844,313.747802734375,63299
2022-12-12,310.69989013671875,323.2265930175781,353.5587158203125,301.4253845214844,303.3211364746094,88618
2022-12-13,318.9001770019531,331.75750732421875,331.75750732421875,304.26904296875,323.2265930175781,74904
2022-12-14,309.7887878417969,322.2787170410156,331.75750732421875,322.2787170410156,331.75750732421875,138203
2022-12-15,301.5884704589844,313.747802734375,322.2787170410156,312.7999267578125,322.2787170410156,6329
2022-12-16,285.1878967285156,296.6860046386719,313.747802734375,296.6860046386719,313.747802734375,16879
2022-12-19,287.92132568359375,299.5296325683594,299.5296325683594,293.8423767089844,296.6860046386719,58024
2022-12-20,296.12164306640625,308.060546875,308.060546875,299.5296325683594,299.5296325683594,27429
2022-12-21,296.12164306640625,308.060546875,309.0084228515625,298.5817565917969,308.060546875,90728
2022-12-22,295.2104797363281,307.1126708984375,307.1126708984375,296.6860046386719,296.6860046386719,6329
2022-12-23,285.1878967285156,296.6860046386719,342.1841735839844,296.6860046386719,303.3211364746094,354475
2022-12-26,282.4544677734375,293.8423767089844,297.6338806152344,293.8423767089844,297.6338806152344,241592
2022-12-27,273.343017578125,284.36358642578125,293.8423767089844,284.36358642578125,293.8423767089844,109718
2022-12-28,270.6095886230469,281.5199279785156,288.15509033203125,274.8847961425781,288.15509033203125,122378
2022-12-29,270.6095886230469,281.5199279785156,285.31146240234375,272.0411682128906,281.5199279785156,244757
2022-12-30,270.6095886230469,281.5199279785156,281.5199279785156,280.5720520019531,281.5199279785156,241592
2023-01-02,282.4544677734375,293.8423767089844,295.7381286621094,281.5199279785156,281.5199279785156,1184750
2023-01-03,272.431884765625,283.41571044921875,294.7902526855469,283.41571044921875,293.8423767089844,261636
2023-01-04,273.343017578125,284.36358642578125,303.3211364746094,283.41571044921875,284.36358642578125,1676375
2023-01-05,270.6095886230469,281.5199279785156,284.36358642578125,277.7284240722656,284.36358642578125,52749
2023-01-06,265.14276123046875,275.8326721191406,291.94659423828125,275.8326721191406,281.5199279785156,21099
2023-01-09,276.0764465332031,287.20721435546875,327.01812744140625,277.7284240722656,284.36358642578125,618222
2023-01-10,272.431884765625,283.41571044921875,297.6338806152344,283.41571044921875,286.25933837890625,618222
2023-01-11,268.78729248046875,279.6241760253906,283.41571044921875,279.6241760253906,283.41571044921875,1118286
2023-01-12,335.30078125,348.8193359375,348.8193359375,291.94659423828125,292.89447021484375,2222858
2023-01-13,312.5221862792969,325.1223449707031,436.0241394042969,325.1223449707031,374.41204833984375,140210993
2023-01-16,291.5658874511719,303.3211364746094,351.6629638671875,303.3211364746094,325.1223449707031,12443576
2023-01-17,290.6547546386719,302.3732604980469,322.2787170410156,302.3732604980469,305.2169189453125,4203069
2023-01-18,287.0101623535156,298.5817565917969,309.0084228515625,298.5817565917969,306.164794921875,1808248
2023-01-19,278.8098449707031,290.05084228515625,301.4253845214844,290.05084228515625,297.6338806152344,3194501
2023-01-20,273.343017578125,284.36358642578125,292.89447021484375,283.41571044921875,290.05084228515625,22116756
2023-01-24,268.78729248046875,279.6241760253906,291.94659423828125,279.6241760253906,284.36358642578125,2863235
2023-01-25,268.78729248046875,279.6241760253906,287.20721435546875,275.8326721191406,281.5199279785156,2464450
2023-01-26,273.343017578125,284.36358642578125,336.49688720703125,278.6763000488281,279.6241760253906,59527665
2023-01-27,278.8098449707031,290.05084228515625,330.80963134765625,286.25933837890625,290.99871826171875,125568823
2023-01-30,306.1441955566406,318.4872131347656,318.4872131347656,295.7381286621094,301.4253845214844,23659148
2023-01-31,323.4559020996094,336.49688720703125,360.1938781738281,318.4872131347656,318.4872131347656,34660556
2023-02-01,353.5236511230469,367.7768859863281,378.20355224609375,339.3405456542969,339.3405456542969,49088564
2023-02-02,409.1034240722656,425.5975036621094,445.5029296875,377.25567626953125,377.25567626953125,42369350
2023-02-03,380.8579406738281,396.2132568359375,429.3890075683594,396.2132568359375,429.3890075683594,91782851
2023-02-06,366.2796325683594,381.04718017578125,388.6302185058594,368.7247619628906,388.6302185058594,35773568
2023-02-07,382.68023681640625,398.1090087890625,407.5877990722656,381.9950866699219,381.9950866699219,22648470
2023-02-08,382.68023681640625,398.1090087890625,410.4314270019531,394.3175048828125,399.056884765625,30086131
2023-02-09,386.3247985839844,401.9005126953125,420.85809326171875,394.3175048828125,399.056884765625,27200740
2023-02-10,379.94677734375,395.265380859375,406.6399230957031,381.9950866699219,403.7962951660156,14027112
2023-02-13,385.41363525390625,400.95263671875,400.95263671875,392.4217529296875,396.2132568359375,3010934
2023-02-14,383.59136962890625,399.056884765625,403.7962951660156,395.265380859375,400.95263671875,4020557
2023-02-15,383.59136962890625,399.056884765625,412.3271789550781,396.2132568359375,398.1090087890625,24947287
2023-02-16,384.5025329589844,400.0047607421875,402.848388671875,399.056884765625,402.848388671875,10224938
2023-02-17,379.0356750488281,394.3175048828125,409.4835510253906,391.4738464355469,400.95263671875,25351347
2023-02-20,373.56878662109375,388.6302185058594,397.1611328125,380.09930419921875,393.36962890625,14040827
2023-02-21,382.68023681640625,398.1090087890625,399.056884765625,388.6302185058594,398.1090087890625,4323338
2023-02-22,374.4799499511719,389.5780944824219,399.056884765625,386.7344665527344,398.1090087890625,3762085
2023-02-23,369.0130920410156,383.8908386230469,390.5259704589844,383.8908386230469,389.5780944824219,9549746
2023-02-24,364.4573669433594,379.15142822265625,386.7344665527344,379.15142822265625,379.15142822265625,4837117
2023-02-27,363.5462341308594,378.20355224609375,382.9429626464844,369.6726379394531,379.15142822265625,4993255
2023-02-28,363.5462341308594,378.20355224609375,382.9429626464844,375.35992431640625,378.20355224609375,2178549
2023-03-01,385.41363525390625,400.95263671875,416.11871337890625,379.15142822265625,379.15142822265625,73385980
2023-03-02,384.5025329589844,400.0047607421875,412.3271789550781,394.3175048828125,405.6920471191406,15369056
2023-03-03,381.76910400390625,397.1611328125,402.848388671875,395.265380859375,400.0047607421875,10229158
2023-03-06,384.5025329589844,400.0047607421875,458.77325439453125,396.2132568359375,403.7962951660156,89183362
2023-03-07,362.63507080078125,377.25567626953125,405.6920471191406,373.46417236328125,400.0047607421875,22146296
2023-03-08,355.3459167480469,369.6726379394531,388.6302185058594,356.40234375,382.9429626464844,12598976
2023-03-09,342.58990478515625,356.40234375,375.35992431640625,345.0278015136719,369.6726379394531,13827825
2023-03-10,340.76763916015625,354.506591796875,360.1938781738281,346.9235534667969,356.40234375,7125068
2023-03-13,337.1230773925781,350.715087890625,377.25567626953125,350.715087890625,354.506591796875,36917702
2023-03-14,324.3670654296875,337.4447937011719,356.40234375,327.96600341796875,350.715087890625,25659509
2023-03-15,315.2556457519531,327.96600341796875,345.0278015136719,322.2787170410156,339.3405456542969,20837900
2023-03-16,318.9001770019531,331.75750732421875,339.3405456542969,322.2787170410156,327.96600341796875,26731165
2023-03-17,349.87908935546875,363.9853820800781,365.8811340332031,331.75750732421875,331.75750732421875,28952125
2023-03-20,337.1230773925781,350.715087890625,363.9853820800781,346.9235534667969,363.9853820800781,17192180
2023-03-21,333.4784851074219,346.9235534667969,358.298095703125,345.0278015136719,350.715087890625,18552375
2023-03-24,333.4784851074219,346.9235534667969,363.9853820800781,339.3405456542969,350.715087890625,61779958
2023-03-27,328.01165771484375,341.2362976074219,350.715087890625,339.3405456542969,348.8193359375,6715522
2023-03-28,333.4784851074219,346.9235534667969,352.61083984375,339.3405456542969,341.2362976074219,16079590
2023-03-29,329.8338928222656,343.1320495605469,350.715087890625,341.2362976074219,348.8193359375,5184102
2023-03-30,328.01165771484375,341.2362976074219,346.9235534667969,339.3405456542969,346.9235534667969,8822437
2023-03-31,328.01165771484375,341.2362976074219,343.1320495605469,335.54901123046875,341.2362976074219,4207395
2023-04-03,331.6562194824219,345.0278015136719,346.9235534667969,335.54901123046875,341.2362976074219,3778542
2023-04-04,328.01165771484375,341.2362976074219,346.9235534667969,337.4447937011719,345.0278015136719,20856362
2023-04-05,331.6562194824219,345.0278015136719,345.0278015136719,337.4447937011719,343.1320495605469,34333194
2023-04-06,328.01165771484375,341.2362976074219,346.9235534667969,337.4447937011719,345.0278015136719,5436455
2023-04-10,320.7225036621094,333.65325927734375,343.1320495605469,333.65325927734375,341.2362976074219,8861366
2023-04-11,318.9001770019531,331.75750732421875,339.3405456542969,329.86175537109375,333.65325927734375,18166144
2023-04-12,324.3670654296875,337.4447937011719,343.1320495605469,329.86175537109375,333.65325927734375,30237416
2023-04-13,329.8338928222656,343.1320495605469,345.0278015136719,337.4447937011719,337.4447937011719,4563137
2023-04-14,318.9001770019531,331.75750732421875,346.9235534667969,329.86175537109375,343.1320495605469,16100690
2023-04-17,304.3218994140625,316.5914611816406,337.4447937011719,314.6956787109375,331.75750732421875,5816673
2023-04-18,304.3218994140625,316.5914611816406,324.1744689941406,314.6956787109375,324.1744689941406,95358731
2023-04-26,318.9001770019531,331.75750732421875,331.75750732421875,316.5914611816406,320.3829650878906,2831269
2023-04-27,309.7887878417969,322.2787170410156,333.65325927734375,320.3829650878906,331.75750732421875,20304921
2023-04-28,315.2556457519531,327.96600341796875,348.8193359375,324.1744689941406,327.96600341796875,26322358
2023-05-02,315.2556457519531,327.96600341796875,362.0896301269531,326.0702209472656,331.75750732421875,58997534
2023-05-03,311.61102294921875,324.1744689941406,337.4447937011719,322.2787170410156,327.96600341796875,13688883
2023-05-04,311.61102294921875,324.1744689941406,333.65325927734375,320.3829650878906,326.0702209472656,27859474
2023-05-05,306.1441955566406,318.4872131347656,327.96600341796875,314.6956787109375,324.1744689941406,7998070
2023-05-08,313.4333190917969,326.0702209472656,329.86175537109375,318.4872131347656,320.3829650878906,17778648
2023-05-09,317.0779113769531,329.86175537109375,345.0278015136719,329.86175537109375,331.75750732421875,76511380
2023-05-10,318.9001770019531,331.75750732421875,337.4447937011719,327.96600341796875,331.75750732421875,3368996
2023-05-11,309.7887878417969,322.2787170410156,331.75750732421875,318.4872131347656,331.75750732421875,11701182
2023-05-12,318.9001770019531,331.75750732421875,337.4447937011719,324.1744689941406,327.96600341796875,22708604
2023-05-15,324.3670654296875,337.4447937011719,341.2362976074219,329.86175537109375,331.75750732421875,14872790
2023-05-16,318.9001770019531,331.75750732421875,339.3405456542969,329.86175537109375,337.4447937011719,13776764
2023-05-17,318.9001770019531,331.75750732421875,343.1320495605469,329.86175537109375,331.75750732421875,26864410
2023-05-19,326.1893615722656,339.3405456542969,339.3405456542969,331.75750732421875,331.75750732421875,4028152
2023-05-22,329.8338928222656,343.1320495605469,348.8193359375,337.4447937011719,339.3405456542969,108487522
2023-05-23,346.2345275878906,360.1938781738281,365.8811340332031,343.1320495605469,343.1320495605469,145983674
2023-05-24,373.56878662109375,388.6302185058594,396.2132568359375,362.0896301269531,362.0896301269531,188426662
2023-05-25,368.1019592285156,382.9429626464844,400.0047607421875,377.25567626953125,388.6302185058594,100428262
2023-05-26,373.56878662109375,388.6302185058594,392.4217529296875,379.15142822265625,381.04718017578125,46784155
2023-05-29,392.125732421875,403.7962951660156,424.64959716796875,388.6302185058594,388.6302185058594,107217844
2023-05-30,395.80767822265625,407.5877990722656,417.06658935546875,396.2132568359375,415.17083740234375,21030435
2023-05-31,392.125732421875,403.7962951660156,417.06658935546875,403.7962951660156,407.5877990722656,53175269
2023-06-05,392.125732421875,403.7962951660156,418.96234130859375,401.9005126953125,403.7962951660156,37118361
2023-06-06,395.80767822265625,407.5877990722656,407.5877990722656,400.0047607421875,407.5877990722656,14372199
2023-06-07,388.44378662109375,400.0047607421875,415.17083740234375,396.2132568359375,407.5877990722656,49790553
2023-06-08,382.9209289550781,394.3175048828125,405.6920471191406,388.6302185058594,400.0047607421875,46964664
2023-06-09,395.80767822265625,407.5877990722656,411.3793029785156,392.4217529296875,392.4217529296875,20491126
2023-06-12,392.125732421875,403.7962951660156,413.2750549316406,401.9005126953125,407.5877990722656,26658477
2023-06-13,390.2847595214844,401.9005126953125,405.6920471191406,394.3175048828125,401.9005126953125,14788919
2023-06-14,397.64862060546875,409.4835510253906,454.9817199707031,403.7962951660156,405.6920471191406,117771411
2023-06-15,390.2847595214844,401.9005126953125,418.96234130859375,400.0047607421875,411.3793029785156,16349140
2023-06-16,393.9667053222656,405.6920471191406,409.4835510253906,401.9005126953125,401.9005126953125,12258004
2023-06-19,381.0799560546875,392.4217529296875,409.4835510253906,390.5259704589844,405.6920471191406,29373276
2023-06-20,381.0799560546875,392.4217529296875,394.3175048828125,382.9429626464844,394.3175048828125,13466176
2023-06-21,384.7618713378906,396.2132568359375,401.9005126953125,386.7344665527344,392.4217529296875,20216935
2023-06-22,379.23895263671875,390.5259704589844,398.1090087890625,386.7344665527344,396.2132568359375,14690277
2023-06-23,399.4895935058594,411.3793029785156,418.96234130859375,384.8387145996094,390.5259704589844,48500831
2023-06-26,384.7618713378906,396.2132568359375,418.96234130859375,394.3175048828125,411.3793029785156,33919428
2023-06-27,390.2847595214844,401.9005126953125,405.6920471191406,396.2132568359375,396.2132568359375,26561523
2023-07-03,390.2847595214844,401.9005126953125,407.5877990722656,396.2132568359375,401.9005126953125,10225360
2023-07-04,397.64862060546875,409.4835510253906,418.96234130859375,396.2132568359375,403.7962951660156,63060290
2023-07-05,399.4895935058594,411.3793029785156,418.96234130859375,409.4835510253906,411.3793029785156,48901410
2023-07-06,411.7455139160156,424.0,428.0,408.0,420.0,26614600
2023-07-07,407.86114501953125,420.0,442.0,420.0,432.0,49144900
2023-07-10,396.20794677734375,408.0,428.0,404.0,422.0,38751600
2023-07-11,407.86114501953125,420.0,428.0,408.0,410.0,36778400
2023-07-12,417.5721130371094,430.0,446.0,418.0,418.0,57325200
2023-07-13,405.9189147949219,418.0,432.0,414.0,432.0,71918300
2023-07-14,405.9189147949219,418.0,422.0,410.0,418.0,30926100
2023-07-17,388.4391784667969,400.0,420.0,400.0,420.0,47441500
2023-07-18,372.9015808105469,384.0,406.0,374.0,402.0,74709900
2023-07-20,382.6125793457031,394.0,400.0,382.0,382.0,33684100
2023-07-21,382.6125793457031,394.0,398.0,378.0,394.0,50004100
2023-07-24,390.38134765625,402.0,406.0,390.0,394.0,27442200
2023-07-25,380.6703796386719,392.0,404.0,386.0,402.0,27402000
2023-07-26,386.4969787597656,398.0,398.0,388.0,394.0,23662500
2023-07-27,407.86114501953125,420.0,420.0,394.0,398.0,75039200
2023-07-28,436.9940490722656,450.0,462.0,420.0,420.0,228067700
2023-07-31,442.8206481933594,456.0,460.0,432.0,452.0,69383900
2023-08-01,438.936279296875,452.0,456.0,442.0,456.0,32605700
2023-08-02,440.8784484863281,454.0,470.0,440.0,452.0,92268200
2023-08-03,431.16748046875,444.0,454.0,440.0,454.0,33574900
2023-08-04,440.8784484863281,454.0,462.0,440.0,444.0,66276400
2023-08-07,442.8206481933594,456.0,466.0,446.0,454.0,54974200
2023-08-08,466.12701416015625,480.0,486.0,456.0,460.0,137901100
2023-08-09,450.5894470214844,464.0,480.0,448.0,480.0,112055700
2023-08-10,450.5894470214844,464.0,472.0,454.0,464.0,37674300
2023-08-11,431.16748046875,444.0,470.0,442.0,462.0,73388900
2023-08-14,425.34088134765625,438.0,448.0,422.0,448.0,58493100
2023-08-15,423.3987121582031,436.0,444.0,432.0,440.0,32338800
2023-08-16,423.3987121582031,436.0,440.0,426.0,438.0,26816300
2023-08-18,421.45648193359375,434.0,446.0,430.0,436.0,53186400
2023-08-21,409.8033142089844,422.0,442.0,420.0,442.0,30420100
2023-08-22,402.0345458984375,414.0,426.0,404.0,426.0,59011900
2023-08-23,405.9189147949219,418.0,422.0,412.0,412.0,26894500
2023-08-24,400.09234619140625,412.0,422.0,410.0,420.0,19836500
2023-08-25,400.09234619140625,412.0,416.0,398.0,412.0,23356900
2023-08-28,396.20794677734375,408.0,414.0,404.0,412.0,22527700
2023-08-29,392.3235778808594,404.0,410.0,400.0,408.0,18954300
2023-08-30,413.6877136230469,426.0,430.0,404.0,408.0,90743900
2023-08-31,423.3987121582031,436.0,440.0,424.0,430.0,61867800
2023-09-01,425.34088134765625,438.0,438.0,428.0,436.0,26970400
2023-09-04,423.3987121582031,436.0,444.0,426.0,444.0,21411600
2023-09-05,417.5721130371094,430.0,438.0,428.0,436.0,21730000
2023-09-06,442.8206481933594,456.0,466.0,430.0,430.0,91114200
2023-09-07,429.22528076171875,442.0,460.0,442.0,458.0,48377400
2023-09-08,431.16748046875,444.0,456.0,442.0,444.0,18498800
2023-09-11,446.7050476074219,460.0,462.0,442.0,450.0,39238100
2023-09-12,458.35821533203125,472.0,482.0,456.0,460.0,61801500
2023-09-13,446.7050476074219,460.0,480.0,460.0,474.0,19862000
2023-09-14,452.5316162109375,466.0,468.0,452.0,462.0,26820100
2023-09-15,485.5489807128906,500.0,505.0,464.0,468.0,125035400
2023-09-18,473.8957824707031,488.0,505.0,486.0,500.0,49674700
2023-09-19,504.9709167480469,520.0,525.0,488.0,488.0,79101100
2023-09-20,485.5489807128906,500.0,525.0,492.0,520.0,60392200
2023-09-21,477.7801818847656,492.0,505.0,488.0,505.0,32574700
2023-09-22,495.25994873046875,510.0,510.0,488.0,492.0,26167900
2023-09-25,475.8379821777344,490.0,510.0,490.0,510.0,21133200
2023-09-26,460.3004150390625,474.0,496.0,464.0,490.0,74056900
2023-09-27,468.0691833496094,482.0,492.0,466.0,474.0,36132400
2023-09-29,460.3004150390625,474.0,488.0,474.0,488.0,19765000
2023-10-02,460.3004150390625,474.0,482.0,472.0,474.0,10399800
2023-10-03,448.6472473144531,462.0,474.0,456.0,474.0,27454000
2023-10-04,440.8784484863281,454.0,470.0,444.0,458.0,38436700
2023-10-05,456.416015625,470.0,488.0,456.0,460.0,20527500
2023-10-06,458.35821533203125,472.0,484.0,470.0,472.0,19700900
2023-10-09,452.5316162109375,466.0,476.0,466.0,472.0,9335900
2023-10-10,471.9535827636719,486.0,486.0,466.0,466.0,41845400
2023-10-11,483.60675048828125,498.0,530.0,482.0,488.0,134058100
2023-10-12,477.7801818847656,492.0,510.0,490.0,500.0,20218600
2023-10-13,479.7223815917969,494.0,505.0,492.0,492.0,9255000
2023-10-16,468.0691833496094,482.0,505.0,482.0,496.0,31123300
2023-10-17,483.60675048828125,498.0,505.0,482.0,482.0,36193000
2023-10-18,481.6645812988281,496.0,505.0,492.0,498.0,34025100
2023-10-19,464.184814453125,478.0,498.0,476.0,498.0,29136600
2023-10-20,475.8379821777344,490.0,498.0,472.0,478.0,30533300
2023-10-23,464.184814453125,478.0,494.0,476.0,492.0,38135800
2023-10-24,483.60675048828125,498.0,500.0,482.0,482.0,50923800
2023-10-25,495.25994873046875,510.0,515.0,498.0,498.0,108455100
2023-10-26,479.7223815917969,494.0,510.0,492.0,510.0,31272700
2023-10-27,481.6645812988281,496.0,505.0,488.0,494.0,19679000
2023-10-30,471.9535827636719,486.0,500.0,482.0,500.0,15422400
2023-10-31,470.01141357421875,484.0,494.0,476.0,486.0,24806700
2023-11-01,462.24261474609375,476.0,488.0,476.0,484.0,13989800
2023-11-02,454.4738464355469,468.0,490.0,468.0,478.0,52759700
2023-11-03,466.12701416015625,480.0,486.0,470.0,470.0,26754000
2023-11-06,460.3004150390625,474.0,490.0,472.0,480.0,28278100
2023-11-07,475.8379821777344,490.0,496.0,474.0,476.0,46206000
2023-11-08,468.0691833496094,482.0,492.0,480.0,490.0,15364500
2023-11-09,462.24261474609375,476.0,486.0,472.0,484.0,23972200
2023-11-10,464.184814453125,478.0,486.0,476.0,476.0,14735200
2023-11-13,452.5316162109375,466.0,484.0,460.0,480.0,34308800
2023-11-14,454.4738464355469,468.0,472.0,466.0,468.0,26725600
2023-11-15,456.416015625,470.0,478.0,458.0,468.0,27725400
2023-11-16,446.7050476074219,460.0,472.0,458.0,470.0,25140200
2023-11-17,440.8784484863281,454.0,464.0,444.0,464.0,30123000
2023-11-20,438.936279296875,452.0,462.0,452.0,454.0,8898700
2023-11-21,442.8206481933594,456.0,458.0,446.0,450.0,15221900
2023-11-22,440.8784484863281,454.0,458.0,448.0,456.0,14669200
2023-11-23,458.35821533203125,472.0,474.0,452.0,454.0,43502700
2023-11-24,460.3004150390625,474.0,478.0,466.0,472.0,30071500
2023-11-27,466.12701416015625,480.0,486.0,470.0,476.0,35966900
2023-11-28,473.8957824707031,488.0,492.0,480.0,480.0,34389000
2023-11-29,468.0691833496094,482.0,492.0,476.0,488.0,39435400
2023-11-30,477.7801818847656,492.0,492.0,478.0,488.0,32430500
2023-12-01,471.9535827636719,486.0,494.0,484.0,492.0,9308500
2023-12-04,458.35821533203125,472.0,488.0,470.0,488.0,25961300
2023-12-05,460.3004150390625,474.0,480.0,462.0,472.0,28708900
2023-12-06,444.7628479003906,458.0,474.0,456.0,474.0,24390000
2023-12-07,444.7628479003906,458.0,462.0,450.0,458.0,24390700
2023-12-08,438.936279296875,452.0,460.0,448.0,460.0,41923300
2023-12-11,435.0518798828125,448.0,464.0,446.0,452.0,25025000
2023-12-12,442.8206481933594,456.0,460.0,446.0,448.0,13899900
2023-12-13,446.7050476074219,460.0,468.0,456.0,456.0,12660500
2023-12-14,452.5316162109375,466.0,468.0,460.0,460.0,12839500
2023-12-15,388.4391784667969,400.0,468.0,398.0,466.0,162069900
2023-12-18,369.0172119140625,380.0,410.0,344.0,368.0,432295000
2023-12-19,388.4391784667969,400.0,402.0,364.0,364.0,80489700
2023-12-20,423.3987121582031,436.0,436.0,402.0,404.0,53201000
2023-12-21,417.5721130371094,430.0,448.0,422.0,438.0,95144700
2023-12-22,417.5721130371094,430.0,436.0,424.0,432.0,6698700
2023-12-27,409.8033142089844,422.0,434.0,416.0,434.0,23334400
2023-12-28,423.3987121582031,436.0,436.0,420.0,422.0,23205300
2023-12-29,417.5721130371094,430.0,440.0,428.0,436.0,12832300
2024-01-02,409.8033142089844,422.0,436.0,420.0,430.0,9849800
2024-01-03,402.0345458984375,414.0,428.0,404.0,424.0,48668900
2024-01-04,394.2657470703125,406.0,420.0,402.0,412.0,43312400
2024-01-05,382.6125793457031,394.0,410.0,388.0,406.0,56400100
2024-01-08,382.6125793457031,394.0,400.0,386.0,396.0,27974500
2024-01-09,382.6125793457031,394.0,400.0,388.0,394.0,37337900
2024-01-10,382.6125793457031,394.0,398.0,390.0,398.0,24300700
2024-01-11,396.20794677734375,408.0,414.0,394.0,394.0,32878900
2024-01-12,384.5547790527344,396.0,410.0,392.0,408.0,19538600
2024-01-15,388.4391784667969,400.0,406.0,394.0,394.0,25218800
2024-01-16,388.4391784667969,400.0,402.0,394.0,400.0,12379100
2024-01-17,384.5547790527344,396.0,402.0,390.0,400.0,21565500
2024-01-18,384.5547790527344,396.0,400.0,394.0,396.0,2835200
2024-01-19,363.19061279296875,374.0,396.0,372.0,396.0,96274700
2024-01-22,363.19061279296875,374.0,384.0,374.0,374.0,31699300
2024-01-23,392.3235778808594,404.0,414.0,378.0,382.0,112904300
2024-01-24,398.150146484375,410.0,420.0,404.0,408.0,88059200
2024-01-25,403.97674560546875,416.0,418.0,402.0,414.0,35861800
2024-01-26,388.4391784667969,400.0,418.0,400.0,416.0,7361700
2024-01-29,394.2657470703125,406.0,408.0,392.0,400.0,47171800
2024-01-30,394.2657470703125,406.0,410.0,404.0,406.0,38833100
2024-01-31,392.3235778808594,404.0,410.0,400.0,408.0,10988000
2024-02-01,384.5547790527344,396.0,408.0,396.0,406.0,14655300
2024-02-02,386.4969787597656,398.0,404.0,396.0,396.0,9270000
2024-02-05,388.4391784667969,400.0,406.0,398.0,398.0,7224600
2024-02-06,402.0345458984375,414.0,418.0,400.0,402.0,17525200
2024-02-07,409.8033142089844,422.0,424.0,406.0,414.0,45934200
2024-02-12,394.2657470703125,406.0,424.0,404.0,422.0,18869800
2024-02-13,411.7455139160156,424.0,432.0,414.0,414.0,72832100
2024-02-15,415.6299133300781,428.0,432.0,416.0,426.0,49321200
2024-02-16,407.86114501953125,420.0,430.0,418.0,428.0,27350600
2024-02-19,394.2657470703125,406.0,422.0,404.0,422.0,39364200
2024-02-20,419.5143127441406,432.0,436.0,404.0,408.0,66251800
2024-02-21,423.3987121582031,436.0,440.0,426.0,434.0,30423100
2024-02-22,438.936279296875,452.0,460.0,436.0,438.0,95961600
2024-02-23,454.4738464355469,468.0,468.0,452.0,452.0,73123900
2024-02-26,450.5894470214844,464.0,472.0,462.0,468.0,34153800
2024-02-27,429.22528076171875,442.0,464.0,442.0,464.0,42262700
2024-02-28,431.16748046875,444.0,448.0,428.0,442.0,37138000
2024-02-29,413.6877136230469,426.0,452.0,426.0,446.0,167934500
2024-03-01,421.45648193359375,434.0,438.0,418.0,430.0,29497000
2024-03-04,421.45648193359375,434.0,440.0,424.0,434.0,23743400
2024-03-05,415.6299133300781,428.0,438.0,420.0,438.0,33917900
2024-03-06,425.34088134765625,438.0,442.0,428.0,428.0,16819200
2024-03-07,425.34088134765625,438.0,440.0,434.0,438.0,14322500
2024-03-08,423.3987121582031,436.0,438.0,434.0,438.0,8024100
2024-03-13,417.5721130371094,430.0,436.0,426.0,436.0,25576200
2024-03-14,419.5143127441406,432.0,438.0,428.0,430.0,13567100
2024-03-15,407.86114501953125,420.0,434.0,420.0,432.0,17116300
2024-03-18,417.5721130371094,430.0,432.0,420.0,420.0,18058700
2024-03-19,409.8033142089844,422.0,434.0,422.0,432.0,12812100
2024-03-20,417.5721130371094,430.0,434.0,422.0,424.0,13057100
2024-03-21,407.86114501953125,420.0,434.0,418.0,430.0,22166200
2024-03-22,411.7455139160156,424.0,428.0,420.0,422.0,15849800
2024-03-25,421.45648193359375,434.0,444.0,426.0,444.0,46180100
2024-03-26,419.5143127441406,432.0,438.0,428.0,438.0,29160100
2024-03-27,413.6877136230469,426.0,438.0,422.0,432.0,44812900
2024-03-28,409.8033142089844,422.0,428.0,420.0,426.0,12694800
2024-04-01,380.6703796386719,392.0,428.0,392.0,424.0,68204900
2024-04-02,390.38134765625,402.0,404.0,392.0,392.0,32091300
2024-04-03,382.6125793457031,394.0,404.0,394.0,402.0,15230800
2024-04-04,392.3235778808594,404.0,422.0,394.0,396.0,63633000
2024-04-05,380.6703796386719,392.0,410.0,390.0,404.0,32633000
2024-04-16,370.95941162109375,382.0,394.0,378.0,392.0,41857000
2024-04-17,378.7281799316406,390.0,400.0,382.0,384.0,25500300
2024-04-18,378.7281799316406,390.0,398.0,386.0,390.0,15222400
2024-04-19,378.7281799316406,390.0,394.0,382.0,390.0,17676600
2024-04-22,388.4391784667969,400.0,404.0,390.0,390.0,16144200
2024-04-23,388.4391784667969,400.0,412.0,398.0,404.0,17914200
2024-04-24,378.7281799316406,390.0,404.0,388.0,400.0,17720600
2024-04-25,376.7860107421875,388.0,396.0,384.0,392.0,10158800
2024-04-26,374.8437805175781,386.0,390.0,384.0,390.0,4149700
2024-04-29,403.97674560546875,416.0,416.0,384.0,384.0,25342600
2024-04-30,388.4391784667969,400.0,416.0,396.0,416.0,85035100
2024-05-02,388.4391784667969,400.0,404.0,396.0,400.0,13372600
2024-05-03,390.38134765625,402.0,406.0,398.0,402.0,10110400
2024-05-06,388.4391784667969,400.0,404.0,400.0,402.0,2572000
2024-05-07,384.5547790527344,396.0,404.0,396.0,400.0,7599700
2024-05-08,382.6125793457031,394.0,402.0,394.0,398.0,21010900
2024-05-13,382.6125793457031,394.0,400.0,390.0,394.0,6480600
2024-05-14,378.7281799316406,390.0,396.0,390.0,394.0,7274400
2024-05-15,374.8437805175781,386.0,394.0,386.0,392.0,24153300
2024-05-16,380.6703796386719,392.0,396.0,386.0,390.0,17483200
2024-05-17,376.7860107421875,388.0,394.0,386.0,392.0,7338000
2024-05-20,369.0172119140625,380.0,390.0,378.0,388.0,21169000
2024-05-21,369.0172119140625,380.0,384.0,376.0,380.0,7835800
2024-05-22,369.0172119140625,380.0,386.0,378.0,382.0,8680300
2024-05-27,369.0172119140625,380.0,386.0,378.0,380.0,5694800
2024-05-28,370.95941162109375,382.0,386.0,374.0,382.0,27162100
2024-05-29,373.56451416015625,380.0,384.0,378.0,382.0,9187500
2024-05-30,373.56451416015625,380.0,382.0,376.0,380.0,11864100
2024-05-31,393.2257995605469,400.0,400.0,376.0,382.0,43643300
2024-06-03,393.2257995605469,400.0,404.0,392.0,400.0,23795700
2024-06-04,403.05645751953125,410.0,414.0,400.0,402.0,32001500
2024-06-05,406.98870849609375,414.0,424.0,408.0,414.0,38435000
2024-06-06,408.954833984375,416.0,424.0,414.0,416.0,7972900
2024-06-07,399.12420654296875,406.0,420.0,402.0,420.0,5454500
2024-06-10,399.12420654296875,406.0,412.0,402.0,404.0,8721000
2024-06-11,397.1580810546875,404.0,412.0,404.0,408.0,6398300
2024-06-12,381.4290466308594,388.0,406.0,388.0,404.0,12507800
2024-06-13,385.3612976074219,392.0,396.0,380.0,382.0,1084900
2024-06-14,381.4290466308594,388.0,394.0,388.0,392.0,2920000
2024-06-19,383.3951721191406,390.0,394.0,386.0,392.0,2468200
2024-06-20,383.3951721191406,390.0,394.0,390.0,390.0,1166100
2024-06-21,397.1580810546875,404.0,404.0,390.0,392.0,4863700
2024-06-24,397.1580810546875,404.0,408.0,400.0,404.0,3939600
2024-06-25,387.3274230957031,394.0,408.0,390.0,402.0,7870200
2024-06-26,395.19195556640625,402.0,406.0,394.0,394.0,3145000
2024-06-27,395.19195556640625,402.0,406.0,400.0,406.0,4573400
2024-06-28,393.2257995605469,400.0,406.0,400.0,406.0,5387500
2024-07-01,393.2257995605469,400.0,406.0,396.0,402.0,2985200
2024-07-02,389.2935485839844,396.0,404.0,392.0,400.0,11342000
2024-07-03,387.3274230957031,394.0,402.0,394.0,396.0,4058500
2024-07-04,387.3274230957031,394.0,398.0,390.0,394.0,7924800
2024-07-05,387.3274230957031,394.0,396.0,390.0,394.0,5756700
2024-07-08,387.3274230957031,394.0,396.0,392.0,394.0,14988500
2024-07-09,387.3274230957031,394.0,398.0,392.0,394.0,17291500
2024-07-10,395.19195556640625,402.0,406.0,394.0,396.0,23347600
2024-07-11,395.19195556640625,402.0,406.0,400.0,402.0,15027000
2024-07-12,399.12420654296875,406.0,410.0,400.0,402.0,19075400
2024-07-15,403.05645751953125,410.0,412.0,404.0,406.0,23437800
2024-07-16,403.05645751953125,410.0,414.0,408.0,410.0,26880600
2024-07-17,401.09033203125,408.0,412.0,406.0,410.0,17451600
2024-07-18,403.05645751953125,410.0,412.0,406.0,406.0,20893200
2024-07-19,403.05645751953125,410.0,412.0,406.0,410.0,23222800
2024-07-22,406.98870849609375,414.0,418.0,408.0,410.0,20725400
2024-07-23,406.98870849609375,414.0,418.0,412.0,418.0,8722000
2024-07-24,406.98870849609375,414.0,416.0,412.0,416.0,7015800
2024-07-25,406.98870849609375,414.0,420.0,408.0,414.0,13129700
2024-07-26,420.7516174316406,428.0,430.0,414.0,418.0,19932700
2024-07-29,418.7854919433594,426.0,430.0,424.0,428.0,5397000
2024-07-30,416.8193664550781,424.0,428.0,420.0,428.0,13806400
2024-07-31,416.8193664550781,424.0,426.0,418.0,426.0,19093600
2024-08-01,414.8532409667969,422.0,430.0,418.0,424.0,37966200
2024-08-02,408.954833984375,416.0,424.0,416.0,422.0,14668100
2024-08-05,399.12420654296875,406.0,422.0,394.0,416.0,20112700
2024-08-06,412.8871154785156,420.0,428.0,406.0,406.0,13538600
2024-08-07,432.54840087890625,440.0,444.0,420.0,420.0,51212300
2024-08-08,430.582275390625,438.0,440.0,434.0,440.0,8588300
2024-08-09,424.6838684082031,432.0,440.0,432.0,438.0,3508400
2024-08-12,418.7854919433594,426.0,434.0,420.0,430.0,11755800
2024-08-13,420.7516174316406,428.0,430.0,422.0,426.0,4854000
2024-08-14,424.6838684082031,432.0,436.0,430.0,430.0,15082900
2024-08-15,426.6499938964844,434.0,434.0,424.0,432.0,5703700
2024-08-16,422.7177429199219,430.0,436.0,426.0,434.0,10323300
2024-08-19,412.8871154785156,420.0,434.0,418.0,430.0,12276700
2024-08-20,422.7177429199219,430.0,434.0,418.0,420.0,23721500
2024-08-21,424.6838684082031,432.0,436.0,420.0,430.0,26121100
2024-08-22,412.8871154785156,420.0,436.0,420.0,430.0,12256800
2024-08-23,416.8193664550781,424.0,426.0,422.0,422.0,6278200
2024-08-26,418.7854919433594,426.0,428.0,422.0,426.0,9084900
2024-08-27,416.8193664550781,424.0,428.0,422.0,426.0,7706700
2024-08-28,420.7516174316406,428.0,434.0,424.0,426.0,28809500
2024-08-29,414.8532409667969,422.0,428.0,420.0,428.0,14852100
2024-08-30,420.7516174316406,428.0,428.0,418.0,422.0,19260200
2024-09-02,418.7854919433594,426.0,430.0,422.0,428.0,2722800
2024-09-03,412.8871154785156,420.0,428.0,418.0,426.0,11654500
2024-09-04,414.8532409667969,422.0,428.0,418.0,418.0,6701100
2024-09-05,418.7854919433594,426.0,428.0,422.0,422.0,16199900
2024-09-06,418.7854919433594,426.0,428.0,422.0,426.0,9119900
2024-09-09,412.8871154785156,420.0,426.0,412.0,412.0,16259100
2024-09-10,434.5145263671875,442.0,448.0,386.0,386.0,137523400
2024-09-11,446.3113098144531,454.0,460.0,440.0,440.0,74381300
2024-09-12,452.2096862792969,460.0,460.0,446.0,454.0,20504500
2024-09-13,444.34515380859375,452.0,462.0,448.0,460.0,18511600
2024-09-17,450.2435607910156,458.0,460.0,448.0,452.0,12798000
2024-09-18,450.2435607910156,458.0,458.0,440.0,458.0,18120600
2024-09-19,446.3113098144531,454.0,460.0,450.0,458.0,6283200
2024-09-20,456.1419372558594,464.0,468.0,452.0,456.0,18813900
2024-09-23,452.2096862792969,460.0,466.0,452.0,464.0,10266200
2024-09-24,460.0741882324219,468.0,472.0,456.0,462.0,18963400
2024-09-25,456.1419372558594,464.0,470.0,462.0,468.0,10301100
2024-09-26,454.1758117675781,462.0,472.0,462.0,466.0,15459700
2024-09-27,462.04034423828125,470.0,472.0,454.0,462.0,25888600
2024-09-30,471.8709716796875,480.0,480.0,458.0,470.0,17547700
2024-10-01,454.1758117675781,462.0,482.0,462.0,482.0,12636400
2024-10-02,434.5145263671875,442.0,464.0,436.0,456.0,28731700
2024-10-03,436.48065185546875,444.0,452.0,440.0,442.0,8345700
2024-10-04,446.3113098144531,454.0,454.0,442.0,444.0,6023500
2024-10-07,448.2774353027344,456.0,460.0,452.0,458.0,3548500
2024-10-08,442.3790283203125,450.0,456.0,442.0,456.0,8070200
2024-10-09,440.41290283203125,448.0,458.0,448.0,450.0,9613600
2024-10-10,438.44677734375,446.0,452.0,446.0,450.0,1101200
2024-10-11,436.48065185546875,444.0,448.0,442.0,446.0,3578000
2024-10-14,438.44677734375,446.0,452.0,440.0,452.0,5521000
2024-10-15,450.2435607910156,458.0,462.0,442.0,460.0,32061600
2024-10-16,446.3113098144531,454.0,460.0,452.0,458.0,3165100
2024-10-17,450.2435607910156,458.0,462.0,452.0,454.0,13299400
2024-10-18,456.1419372558594,464.0,468.0,458.0,458.0,38783600
2024-10-21,454.1758117675781,462.0,466.0,460.0,464.0,4692200
2024-10-22,454.1758117675781,462.0,466.0,456.0,462.0,21167100
2024-10-23,454.1758117675781,462.0,470.0,462.0,464.0,26800200
2024-10-24,454.1758117675781,462.0,466.0,460.0,462.0,11011000
2024-10-25,456.1419372558594,464.0,472.0,460.0,462.0,14599500
2024-10-28,462.04034423828125,470.0,472.0,460.0,468.0,17665500
2024-10-29,462.04034423828125,470.0,472.0,466.0,470.0,12584400
2024-10-30,448.2774353027344,456.0,470.0,452.0,470.0,7862200
2024-10-31,460.0741882324219,468.0,474.0,454.0,456.0,71969900
2024-11-01,450.2435607910156,458.0,470.0,452.0,468.0,25004000
2024-11-04,454.1758117675781,462.0,468.0,456.0,462.0,13770900
2024-11-05,450.2435607910156,458.0,468.0,454.0,462.0,56079200
2024-11-06,442.3790283203125,450.0,462.0,450.0,456.0,8472800
2024-11-07,432.54840087890625,440.0,452.0,440.0,450.0,9359200
2024-11-08,434.5145263671875,442.0,442.0,434.0,440.0,4361100
2024-11-11,430.582275390625,438.0,450.0,438.0,442.0,35508200
2024-11-12,428.61614990234375,436.0,444.0,436.0,438.0,9138800
2024-11-13,420.7516174316406,428.0,440.0,426.0,434.0,31793700
2024-11-14,412.8871154785156,420.0,430.0,418.0,428.0,13155000
2024-11-15,401.09033203125,408.0,422.0,408.0,422.0,8597800
2024-11-18,412.8871154785156,420.0,426.0,408.0,408.0,23136300
2024-11-19,416.8193664550781,424.0,430.0,420.0,422.0,11674600
2024-11-20,412.8871154785156,420.0,424.0,414.0,424.0,3886200
2024-11-21,408.954833984375,416.0,422.0,406.0,420.0,7215100
2024-11-22,414.8532409667969,422.0,422.0,408.0,408.0,6672900
2024-11-25,422.7177429199219,430.0,432.0,416.0,420.0,5585200
2024-11-26,418.7854919433594,426.0,434.0,420.0,430.0,5339500
2024-11-28,410.92095947265625,418.0,422.0,414.0,422.0,8207700
2024-11-29,406.98870849609375,414.0,424.0,412.0,418.0,4831800
2024-12-02,403.05645751953125,410.0,424.0,408.0,418.0,7502900
2024-12-03,406.98870849609375,414.0,420.0,410.0,412.0,7872300
2024-12-04,408.954833984375,416.0,422.0,414.0,416.0,9725900
2024-12-05,406.98870849609375,414.0,420.0,410.0,416.0,10440700
2024-12-06,406.98870849609375,414.0,418.0,412.0,416.0,1104400
2024-12-09,410.92095947265625,418.0,420.0,414.0,416.0,3374900
2024-12-10,410.92095947265625,418.0,420.0,414.0,418.0,3218300
2024-12-11,408.954833984375,416.0,422.0,414.0,418.0,3124800
2024-12-12,408.954833984375,416.0,422.0,414.0,416.0,5163800
2024-12-13,408.954833984375,416.0,420.0,414.0,420.0,1252900
2024-12-16,408.954833984375,416.0,420.0,412.0,416.0,3535100
2024-12-17,405.0225830078125,412.0,418.0,410.0,416.0,4019100
2024-12-18,410.92095947265625,418.0,418.0,408.0,412.0,8549700
2024-12-19,412.8871154785156,420.0,420.0,410.0,414.0,3600000
2024-12-20,412.8871154785156,420.0,420.0,414.0,420.0,1016100
2024-12-23,410.92095947265625,418.0,424.0,412.0,420.0,10279800
2024-12-24,405.0225830078125,412.0,420.0,412.0,418.0,1728000
2024-12-27,410.92095947265625,418.0,420.0,412.0,412.0,2340500
2024-12-30,422.7177429199219,430.0,438.0,414.0,418.0,20717100
2025-01-02,414.8532409667969,422.0,430.0,414.0,430.0,4454600
2025-01-03,408.954833984375,416.0,420.0,414.0,420.0,7063000
2025-01-06,408.954833984375,416.0,418.0,412.0,416.0,1926700
2025-01-07,408.954833984375,416.0,422.0,416.0,416.0,2031900
2025-01-08,412.8871154785156,420.0,422.0,412.0,416.0,1777900
2025-01-09,406.98870849609375,414.0,420.0,412.0,416.0,7971000
2025-01-10,410.92095947265625,418.0,420.0,410.0,414.0,4387200
2025-01-13,406.98870849609375,414.0,418.0,412.0,418.0,2819600
2025-01-14,408.954833984375,416.0,420.0,412.0,414.0,2849200
2025-01-15,418.7854919433594,426.0,428.0,416.0,416.0,5874400
2025-01-16,420.7516174316406,428.0,430.0,418.0,420.0,5764100
2025-01-17,412.8871154785156,420.0,444.0,420.0,426.0,12990200
2025-01-20,412.8871154785156,420.0,430.0,416.0,420.0,2279600
2025-01-21,414.8532409667969,422.0,426.0,416.0,420.0,11753300
2025-01-22,410.92095947265625,418.0,426.0,414.0,422.0,9504600
2025-01-23,414.8532409667969,422.0,424.0,418.0,418.0,1103500
2025-01-24,412.8871154785156,420.0,424.0,416.0,422.0,1368600
2025-01-30,410.92095947265625,418.0,426.0,418.0,420.0,13208400
2025-01-31,406.98870849609375,414.0,424.0,414.0,420.0,2474600
2025-02-03,408.954833984375,416.0,446.0,410.0,414.0,10885700
2025-02-04,405.0225830078125,412.0,420.0,410.0,416.0,7353500
2025-02-05,393.2257995605469,400.0,420.0,388.0,420.0,11088700
2025-02-06,389.2935485839844,396.0,410.0,368.0,410.0,24319100
2025-02-07,381.4290466308594,388.0,392.0,372.0,390.0,14386100
2025-02-10,379.4629211425781,386.0,392.0,380.0,392.0,8144800
2025-02-11,377.49676513671875,384.0,390.0,380.0,386.0,2727400
2025-02-12,375.5306396484375,382.0,386.0,380.0,384.0,1103700
2025-02-13,379.4629211425781,386.0,386.0,380.0,382.0,1828200
2025-02-14,379.4629211425781,386.0,390.0,380.0,386.0,4568200
2025-02-17,395.19195556640625,402.0,408.0,386.0,386.0,10574200
2025-02-18,395.19195556640625,402.0,412.0,396.0,400.0,7830800
2025-02-19,393.2257995605469,400.0,406.0,380.0,402.0,13443900
2025-02-20,379.4629211425781,386.0,398.0,382.0,386.0,6551700
2025-02-21,377.49676513671875,384.0,390.0,382.0,386.0,3230600
2025-02-24,379.4629211425781,386.0,390.0,380.0,388.0,2065300
2025-02-25,363.73388671875,370.0,388.0,370.0,388.0,6959500
2025-02-26,363.73388671875,370.0,376.0,368.0,370.0,7073100
2025-02-27,355.8693542480469,362.0,374.0,358.0,370.0,6926600
2025-02-28,344.0726013183594,350.0,370.0,342.0,360.0,11544700
2025-03-03,338.1741943359375,344.0,360.0,342.0,354.0,12653400
2025-03-04,344.0726013183594,350.0,356.0,338.0,346.0,8226000
2025-03-05,336.20806884765625,342.0,354.0,338.0,350.0,21570600
2025-03-06,328.34356689453125,334.0,346.0,332.0,342.0,19550300
2025-03-07,322.4451599121094,328.0,338.0,328.0,334.0,9224600
2025-03-10,320.4790344238281,326.0,330.0,318.0,328.0,5332500
2025-03-11,326.3774108886719,332.0,332.0,316.0,326.0,4804700
2025-03-12,342.1064453125,348.0,358.0,332.0,334.0,10177500
2025-03-13,334.241943359375,340.0,348.0,338.0,348.0,2686300
2025-03-14,326.3774108886719,332.0,348.0,332.0,340.0,1302800
2025-03-17,318.5129089355469,324.0,340.0,322.0,332.0,2290400
2025-03-18,302.78387451171875,308.0,324.0,280.0,324.0,10941700
2025-03-19,310.6484069824219,316.0,326.0,308.0,320.0,6421000
2025-03-20,310.6484069824219,316.0,324.0,312.0,318.0,8817300
2025-03-21,294.91937255859375,300.0,318.0,286.0,316.0,24029500
2025-03-24,275.258056640625,280.0,300.0,272.0,300.0,42816100
2025-03-25,281.1564636230469,286.0,292.0,282.0,282.0,10975800
2025-03-26,300.8177490234375,306.0,310.0,284.0,284.0,5735500
2025-03-27,334.241943359375,340.0,340.0,302.0,306.0,17733900
2025-04-08,316.5467834472656,322.0,328.0,308.0,328.0,4231600
2025-04-09,328.34356689453125,334.0,338.0,302.0,322.0,16539100
2025-04-10,351.9371032714844,358.0,358.0,340.0,342.0,12215600
2025-04-11,344.0726013183594,350.0,356.0,344.0,346.0,1115800
2025-04-14,344.0726013183594,350.0,360.0,348.0,350.0,1787100
2025-04-15,344.0726013183594,350.0,350.0,344.0,350.0,2828200
2025-04-16,338.1741943359375,344.0,350.0,336.0,348.0,6932900
2025-04-17,340.14031982421875,346.0,350.0,342.0,346.0,868100
2025-04-21,336.20806884765625,342.0,350.0,342.0,346.0,1686200
2025-04-22,338.1741943359375,344.0,350.0,342.0,346.0,913200
2025-04-23,334.241943359375,340.0,348.0,340.0,344.0,13103800
2025-04-24,340.14031982421875,346.0,348.0,338.0,342.0,8328100
2025-04-25,349.9709777832031,356.0,356.0,344.0,346.0,7212500
2025-04-28,344.0726013183594,350.0,364.0,348.0,356.0,10487500
2025-04-29,336.20806884765625,342.0,352.0,342.0,350.0,9175900
2025-04-30,383.3951721191406,390.0,400.0,348.0,348.0,133075600
2025-05-02,397.1580810546875,404.0,408.0,392.0,400.0,36992900
2025-05-05,393.2257995605469,400.0,408.0,388.0,404.0,33809300
2025-05-06,414.8532409667969,422.0,424.0,394.0,400.0,68014800
2025-05-07,408.954833984375,416.0,436.0,416.0,422.0,14699400
2025-05-08,414.8532409667969,422.0,428.0,416.0,424.0,5183500
2025-05-09,414.8532409667969,422.0,426.0,418.0,424.0,1982200
2025-05-14,418.7854919433594,426.0,436.0,422.0,422.0,14482100
2025-05-15,430.582275390625,438.0,448.0,426.0,426.0,23957800
2025-05-16,418.7854919433594,426.0,442.0,422.0,438.0,10606600
2025-05-19,412.8871154785156,420.0,426.0,410.0,426.0,19418800
2025-05-20,403.05645751953125,410.0,428.0,408.0,418.0,12898000
2025-05-21,416.8193664550781,424.0,430.0,408.0,408.0,19184300
2025-05-22,426.6499938964844,434.0,438.0,418.0,424.0,10998100
2025-05-23,416.8193664550781,424.0,428.0,420.0,428.0,2014200
2025-05-26,428.61614990234375,436.0,442.0,422.0,424.0,11122100
2025-05-27,428.61614990234375,436.0,460.0,426.0,438.0,13310000
2025-05-28,436.48065185546875,444.0,446.0,428.0,436.0,13378600
2025-06-02,426.6499938964844,434.0,444.0,430.0,444.0,2819600
2025-06-03,426.6499938964844,434.0,444.0,430.0,434.0,15567300
2025-06-04,430.0,430.0,444.0,412.0,428.0,17434600
2025-06-05,434.0,434.0,434.0,428.0,430.0,950000
2025-06-10,446.0,446.0,454.0,432.0,434.0,23376300
2025-06-11,454.0,454.0,454.0,444.0,450.0,7827300
2025-06-12,450.0,450.0,458.0,446.0,454.0,1601400
2025-06-13,426.0,426.0,450.0,424.0,450.0,5884600
2025-06-16,416.0,416.0,426.0,414.0,426.0,20909200
2025-06-17,414.0,414.0,420.0,412.0,418.0,7086300
2025-06-18,414.0,414.0,416.0,412.0,414.0,3190400
2025-06-19,410.0,410.0,416.0,406.0,414.0,2993400
2025-06-20,410.0,410.0,414.0,408.0,410.0,5865000
2025-06-23,410.0,410.0,414.0,400.0,410.0,10544100
2025-06-24,408.0,408.0,416.0,408.0,410.0,24437000
2025-06-25,412.0,412.0,412.0,404.0,408.0,7275200
2025-06-26,420.0,420.0,422.0,412.0,412.0,6381900
2025-06-30,420.0,420.0,432.0,414.0,420.0,26932700
2025-07-01,420.0,420.0,426.0,412.0,420.0,10583500
2025-07-02,420.0,420.0,422.0,418.0,420.0,5100700
2025-07-03,408.0,408.0,426.0,406.0,426.0,6377100
2025-07-04,408.0,408.0,416.0,406.0,408.0,3968700
2025-07-07,418.0,418.0,418.0,408.0,408.0,1470700
2025-07-08,410.0,410.0,418.0,410.0,418.0,2813100
2025-07-09,406.0,406.0,418.0,404.0,412.0,9028000
2025-07-10,408.0,408.0,412.0,404.0,408.0,16914200
2025-07-11,408.0,408.0,414.0,406.0,410.0,5100800
2025-07-14,406.0,406.0,410.0,402.0,408.0,13506000
2025-07-15,404.0,404.0,412.0,404.0,406.0,6255000
2025-07-16,404.0,404.0,408.0,400.0,406.0,13312500
2025-07-17,410.0,410.0,418.0,402.0,404.0,61921200
2025-07-18,412.0,412.0,416.0,410.0,414.0,11536700
2025-07-21,412.0,412.0,416.0,406.0,412.0,10750500
2025-07-22,418.0,418.0,424.0,408.0,412.0,19625800
2025-07-23,416.0,416.0,422.0,412.0,422.0,1602500
2025-07-24,412.0,412.0,416.0,410.0,416.0,4036600
2025-07-25,414.0,414.0,416.0,410.0,412.0,4495000
2025-07-28,412.0,412.0,418.0,410.0,414.0,1880100
2025-07-29,430.0,430.0,434.0,410.0,416.0,16969900
2025-07-30,428.0,428.0,432.0,420.0,430.0,14592500
2025-07-31,440.0,440.0,440.0,414.0,428.0,18510800
2025-08-01,438.0,438.0,444.0,432.0,440.0,12154900
2025-08-04,430.0,430.0,434.0,426.0,432.0,11407400
2025-08-05,440.0,440.0,446.0,430.0,430.0,15928900
2025-08-06,444.0,444.0,448.0,438.0,440.0,9040100
2025-08-07,446.0,446.0,460.0,442.0,444.0,27872500
2025-08-08,466.0,466.0,468.0,446.0,446.0,24741700
2025-08-11,478.0,478.0,486.0,462.0,468.0,40543000
2025-08-12,468.0,468.0,478.0,466.0,472.0,11597000
2025-08-13,456.0,456.0,474.0,454.0,470.0,15843200
2025-08-14,460.0,460.0,464.0,452.0,456.0,13345100
2025-08-15,464.0,464.0,470.0,456.0,464.0,13978700
2025-08-19,458.0,458.0,474.0,458.0,466.0,5439400
2025-08-20,468.0,468.0,472.0,458.0,464.0,7213100
2025-08-21,478.0,478.0,482.0,466.0,472.0,24581500
2025-08-22,470.0,470.0,484.0,468.0,478.0,20399500
2025-08-25,466.0,466.0,486.0,464.0,470.0,30257600
2025-08-26,462.0,462.0,470.0,456.0,466.0,13491600
2025-08-27,460.0,460.0,468.0,458.0,464.0,4537900
2025-08-28,458.0,458.0,466.0,456.0,462.0,9247100
2025-08-29,448.0,448.0,464.0,444.0,458.0,20703500
2025-09-01,434.0,434.0,444.0,428.0,442.0,15591800
2025-09-02,442.0,442.0,450.0,434.0,436.0,9469900
2025-09-03,450.0,450.0,454.0,442.0,442.0,4042400
2025-09-04,440.0,440.0,454.0,436.0,450.0,4853600
2025-09-08,450.0,450.0,456.0,440.0,440.0,13107300
2025-09-09,452.0,452.0,454.0,444.0,450.0,2918800
2025-09-10,456.0,456.0,462.0,448.0,452.0,20219500
2025-09-11,452.0,452.0,458.0,450.0,456.0,37930400
2025-09-12,448.0,448.0,454.0,448.0,452.0,21315400
2025-09-15,448.0,448.0,454.0,446.0,450.0,5267800
2025-09-16,452.0,452.0,452.0,444.0,448.0,4992100
2025-09-17,464.0,464.0,468.0,454.0,454.0,14361900
2025-09-18,460.0,460.0,468.0,458.0,464.0,7726200
2025-09-19,446.0,446.0,462.0,444.0,462.0,11328900
2025-09-22,446.0,446.0,454.0,444.0,448.0,9282600
2025-09-23,452.0,452.0,454.0,446.0,446.0,3133400
2025-09-24,440.0,440.0,454.0,438.0,452.0,11538500
2025-09-25,432.0,432.0,444.0,430.0,440.0,12019400
2025-09-26,436.0,436.0,440.0,434.0,434.0,1562300
2025-09-29,422.0,422.0,438.0,418.0,436.0,24152300
2025-09-30,434.0,434.0,438.0,424.0,424.0,22143100
2025-10-01,414.0,414.0,432.0,412.0,432.0,13490300
2025-10-02,420.0,420.0,422.0,414.0,414.0,1791900
2025-10-03,428.0,428.0,430.0,416.0,420.0,4396800
2025-10-06,420.0,420.0,430.0,414.0,428.0,13774900
2025-10-07,418.0,418.0,420.0,414.0,420.0,6794500
2025-10-08,410.0,410.0,418.0,404.0,418.0,12379800
2025-10-09,406.0,406.0,414.0,402.0,410.0,3914500
2025-10-10,408.0,408.0,412.0,400.0,408.0,3310100
2025-10-13,416.0,416.0,424.0,402.0,406.0,5039100
2025-10-14,420.0,420.0,422.0,412.0,420.0,5955800
2025-10-15,418.0,418.0,420.0,408.0,420.0,4156000
2025-10-16,424.0,424.0,428.0,412.0,418.0,5750500
2025-10-17,424.0,424.0,430.0,416.0,424.0,6748700
2025-10-20,444.0,444.0,450.0,426.0,426.0,17388800
2025-10-21,430.0,430.0,444.0,424.0,444.0,10041800
2025-10-22,424.0,424.0,436.0,418.0,430.0,10783600
2025-10-23,420.0,420.0,430.0,420.0,422.0,4768800
2025-10-24,416.0,416.0,428.0,414.0,422.0,13230700
2025-10-27,416.0,416.0,428.0,410.0,418.0,4794000
2025-10-28,410.0,410.0,418.0,400.0,418.0,19194200
2025-10-29,418.0,418.0,424.0,406.0,410.0,13647600
2025-10-30,416.0,416.0,420.0,410.0,418.0,12040400
2025-10-31,414.0,414.0,416.0,402.0,414.0,24018600
2025-11-03,404.0,404.0,414.0,402.0,412.0,14808800
2025-11-04,410.0,410.0,412.0,400.0,404.0,11285800
2025-11-05,404.0,404.0,410.0,402.0,410.0,8083900
2025-11-06,410.0,410.0,416.0,404.0,404.0,21076300
2025-11-07,406.0,406.0,412.0,404.0,410.0,10491000
2025-11-10,406.0,406.0,408.0,402.0,408.0,6218100
2025-11-11,408.0,408.0,408.0,404.0,406.0,6826200
2025-11-12,412.0,412.0,416.0,408.0,408.0,15010800
2025-11-13,404.0,404.0,416.0,400.0,412.0,15302300
2025-11-14,404.0,404.0,406.0,400.0,406.0,6849900
2025-11-17,394.0,394.0,404.0,386.0,402.0,20310100
2025-11-18,392.0,392.0,400.0,390.0,394.0,35040400
2025-11-19,394.0,394.0,398.0,388.0,394.0,149303500
2025-11-20,392.0,392.0,400.0,390.0,400.0,8279300
2025-11-21,392.0,392.0,396.0,390.0,394.0,7719300
2025-11-24,390.0,390.0,398.0,386.0,398.0,25405900
2025-11-25,390.0,390.0,392.0,388.0,390.0,6683600
2025-11-26,382.0,382.0,392.0,378.0,390.0,20336000
2025-11-27,380.0,380.0,382.0,376.0,382.0,11814900
2025-11-28,378.0,378.0,382.0,376.0,380.0,29084300
2025-12-01,378.0,378.0,382.0,374.0,380.0,9806700
2025-12-02,370.0,370.0,382.0,366.0,378.0,29199100
2025-12-03,368.0,368.0,374.0,366.0,374.0,13648800
2025-12-04,380.0,380.0,382.0,364.0,370.0,9056700
2025-12-05,370.0,370.0,380.0,370.0,380.0,7609800
2025-12-08,378.0,378.0,382.0,370.0,372.0,8861200
2025-12-09,374.0,374.0,378.0,366.0,378.0,24887000
2025-12-10,388.0,388.0,392.0,376.0,376.0,36320800
2025-12-11,374.0,374.0,390.0,372.0,388.0,14573000
2025-12-12,374.0,374.0,378.0,370.0,374.0,3878200
2025-12-15,374.0,374.0,380.0,370.0,376.0,7466300
2025-12-16,370.0,370.0,376.0,360.0,372.0,21130100
2025-12-17,370.0,370.0,372.0,364.0,370.0,11658500
2025-12-18,366.0,366.0,372.0,362.0,372.0,15647200
2025-12-19,378.0,378.0,382.0,364.0,368.0,28348200
2025-12-22,382.0,382.0,384.0,376.0,380.0,12996500
2025-12-23,380.0,380.0,382.0,374.0,382.0,3563400
2025-12-24,372.0,372.0,380.0,370.0,380.0,3442800
2025-12-29,376.0,376.0,380.0,372.0,372.0,3466400
2025-12-30,390.0,390.0,390.0,370.0,378.0,17815900
