Date,Adj Close,Close,High,Low,Open,Volume
2020-01-02,798.77197265625,814.2854614257812,814.2854614257812,814.2854614257812,814.2854614257812,11666
2020-01-03,903.8735961914062,921.4282836914062,921.4282836914062,921.4282836914062,921.4282836914062,35000
2020-01-06,857.62890625,874.2854614257812,874.2854614257812,814.2854614257812,835.7140502929688,96483
2020-01-07,840.8126831054688,857.1426391601562,857.1426391601562,835.7140502929688,835.7140502929688,2450
2020-01-08,857.62890625,874.2854614257812,874.2854614257812,814.2854614257812,814.2854614257812,19133
2020-01-09,857.62890625,874.2854614257812,874.2854614257812,814.2854614257812,848.5711669921875,70933
2020-01-10,857.62890625,874.2854614257812,874.2854614257812,857.1426391601562,857.1426391601562,21000
2020-01-13,840.8126831054688,857.1426391601562,857.1426391601562,814.2854614257812,848.5711669921875,99400
2020-01-14,950.1182861328125,968.5711669921875,968.5711669921875,839.999755859375,839.999755859375,187016
2020-01-15,941.7101440429688,959.9996948242188,959.9996948242188,959.9996948242188,959.9996948242188,17616
2020-01-16,924.8938598632812,942.8568725585938,942.8568725585938,857.1426391601562,857.1426391601562,68833
2020-01-17,882.8533325195312,899.999755859375,921.4282836914062,899.999755859375,899.999755859375,54716
2020-01-20,899.6694946289062,917.142578125,917.142578125,899.999755859375,899.999755859375,22866
2020-01-21,882.8533325195312,899.999755859375,899.999755859375,878.5711669921875,899.999755859375,52850
2020-01-22,882.8533325195312,899.999755859375,899.999755859375,857.1426391601562,857.1426391601562,25316
2020-01-23,878.6492309570312,895.7140502929688,899.999755859375,895.7140502929688,899.999755859375,15050
2020-01-24,882.8533325195312,899.999755859375,899.999755859375,857.1426391601562,857.1426391601562,12133
2020-01-27,878.6492309570312,895.7140502929688,895.7140502929688,895.7140502929688,895.7140502929688,11900
2020-01-28,878.6492309570312,895.7140502929688,895.7140502929688,874.2854614257812,874.2854614257812,18666
2020-01-29,882.8533325195312,899.999755859375,899.999755859375,882.8568725585938,882.8568725585938,22283
2020-01-30,878.6492309570312,895.7140502929688,895.7140502929688,895.7140502929688,895.7140502929688,233
2020-01-31,878.6492309570312,895.7140502929688,895.7140502929688,895.7140502929688,895.7140502929688,0
2020-02-03,878.6492309570312,895.7140502929688,895.7140502929688,895.7140502929688,895.7140502929688,0
2020-02-04,870.2410278320312,887.142578125,887.142578125,887.142578125,887.142578125,1750
2020-02-05,870.2410278320312,887.142578125,887.142578125,844.2854614257812,844.2854614257812,11900
2020-02-06,866.0370483398438,882.8568725585938,882.8568725585938,857.1426391601562,857.1426391601562,14233
2020-02-07,866.0370483398438,882.8568725585938,882.8568725585938,882.8568725585938,882.8568725585938,0
2020-02-10,866.0370483398438,882.8568725585938,882.8568725585938,882.8568725585938,882.8568725585938,0
2020-02-11,870.2410278320312,887.142578125,887.142578125,887.142578125,887.142578125,2916
2020-02-12,870.2410278320312,887.142578125,887.142578125,887.142578125,887.142578125,0
2020-02-13,870.2410278320312,887.142578125,887.142578125,857.1426391601562,857.1426391601562,6066
2020-02-14,870.2410278320312,887.142578125,887.142578125,887.142578125,887.142578125,0
2020-02-17,870.2410278320312,887.142578125,887.142578125,887.142578125,887.142578125,0
2020-02-18,870.2410278320312,887.142578125,887.142578125,887.142578125,887.142578125,0
2020-02-19,870.2410278320312,887.142578125,887.142578125,857.1426391601562,857.1426391601562,2450
2020-02-20,866.0370483398438,882.8568725585938,882.8568725585938,857.1426391601562,857.1426391601562,12833
2020-02-21,857.62890625,874.2854614257812,874.2854614257812,865.7140502929688,865.7140502929688,5016
2020-02-24,840.8126831054688,857.1426391601562,857.1426391601562,857.1426391601562,857.1426391601562,39200
2020-02-25,866.0370483398438,882.8568725585938,882.8568725585938,857.1426391601562,857.1426391601562,12250
2020-02-26,866.0370483398438,882.8568725585938,882.8568725585938,882.8568725585938,882.8568725585938,116
2020-02-27,866.0370483398438,882.8568725585938,882.8568725585938,882.8568725585938,882.8568725585938,0
2020-02-28,840.8126831054688,857.1426391601562,857.1426391601562,839.999755859375,839.999755859375,2566
2020-03-02,866.0370483398438,882.8568725585938,882.8568725585938,882.8568725585938,882.8568725585938,17500
2020-03-03,866.0370483398438,882.8568725585938,882.8568725585938,882.8568725585938,882.8568725585938,0
2020-03-04,866.0370483398438,882.8568725585938,882.8568725585938,882.8568725585938,882.8568725585938,0
2020-03-05,866.0370483398438,882.8568725585938,882.8568725585938,882.8568725585938,882.8568725585938,0
2020-03-06,866.0370483398438,882.8568725585938,882.8568725585938,882.8568725585938,882.8568725585938,0
2020-03-09,866.0370483398438,882.8568725585938,882.8568725585938,882.8568725585938,882.8568725585938,2333
2020-03-10,950.1182861328125,968.5711669921875,968.5711669921875,968.5711669921875,968.5711669921875,58333
2020-03-11,920.6898803710938,938.5711669921875,938.5711669921875,938.5711669921875,938.5711669921875,11316
2020-03-12,920.6898803710938,938.5711669921875,938.5711669921875,938.5711669921875,938.5711669921875,0
2020-03-13,920.6898803710938,938.5711669921875,938.5711669921875,938.5711669921875,938.5711669921875,0
2020-03-16,920.6898803710938,938.5711669921875,938.5711669921875,938.5711669921875,938.5711669921875,0
2020-03-17,916.4857788085938,934.2854614257812,934.2854614257812,934.2854614257812,934.2854614257812,1166
2020-03-18,903.8735961914062,921.4282836914062,921.4282836914062,921.4282836914062,921.4282836914062,350
2020-03-19,899.6694946289062,917.142578125,929.999755859375,917.142578125,929.999755859375,816
2020-03-20,899.6694946289062,917.142578125,925.7140502929688,917.142578125,925.7140502929688,466
2020-03-23,899.6694946289062,917.142578125,917.142578125,917.142578125,917.142578125,0
2020-03-24,899.6694946289062,917.142578125,917.142578125,917.142578125,917.142578125,0
2020-03-26,954.3223876953125,972.8568725585938,972.8568725585938,972.8568725585938,972.8568725585938,38500
2020-03-27,933.302001953125,951.4282836914062,972.8568725585938,951.4282836914062,972.8568725585938,4200
2020-03-30,924.8938598632812,942.8568725585938,942.8568725585938,942.8568725585938,942.8568725585938,3500
2020-03-31,954.3223876953125,972.8568725585938,972.8568725585938,972.8568725585938,972.8568725585938,1166
2020-04-01,954.3223876953125,972.8568725585938,972.8568725585938,972.8568725585938,972.8568725585938,0
2020-04-02,954.3223876953125,972.8568725585938,972.8568725585938,908.5711669921875,972.8568725585938,1866
2020-04-03,954.3223876953125,972.8568725585938,972.8568725585938,972.8568725585938,972.8568725585938,0
2020-04-06,950.1182861328125,968.5711669921875,968.5711669921875,968.5711669921875,968.5711669921875,583
2020-04-07,950.1182861328125,968.5711669921875,968.5711669921875,968.5711669921875,968.5711669921875,0
2020-04-08,950.1182861328125,968.5711669921875,968.5711669921875,968.5711669921875,968.5711669921875,0
2020-04-09,950.1182861328125,968.5711669921875,968.5711669921875,968.5711669921875,968.5711669921875,0
2020-04-13,950.1182861328125,968.5711669921875,968.5711669921875,964.2854614257812,964.2854614257812,22750
2020-04-14,941.7101440429688,959.9996948242188,968.5711669921875,959.9996948242188,968.5711669921875,10033
2020-04-15,941.7101440429688,959.9996948242188,959.9996948242188,959.9996948242188,959.9996948242188,0
2020-04-16,941.7101440429688,959.9996948242188,959.9996948242188,959.9996948242188,959.9996948242188,0
2020-04-17,941.7101440429688,959.9996948242188,959.9996948242188,959.9996948242188,959.9996948242188,0
2020-04-20,878.6492309570312,895.7140502929688,942.8568725585938,895.7140502929688,942.8568725585938,1516
2020-04-21,924.8938598632812,942.8568725585938,942.8568725585938,942.8568725585938,942.8568725585938,2333
2020-04-22,924.8938598632812,942.8568725585938,942.8568725585938,878.5711669921875,878.5711669921875,23800
2020-04-23,924.8938598632812,942.8568725585938,942.8568725585938,942.8568725585938,942.8568725585938,3500
2020-04-24,924.8938598632812,942.8568725585938,942.8568725585938,942.8568725585938,942.8568725585938,0
2020-04-27,924.8938598632812,942.8568725585938,942.8568725585938,942.8568725585938,942.8568725585938,0
2020-04-28,924.8938598632812,942.8568725585938,942.8568725585938,942.8568725585938,942.8568725585938,0
2020-04-29,924.8938598632812,942.8568725585938,942.8568725585938,942.8568725585938,942.8568725585938,0
2020-04-30,916.4857788085938,934.2854614257812,934.2854614257812,891.4283447265625,934.2854614257812,15283
2020-05-04,924.8938598632812,942.8568725585938,942.8568725585938,942.8568725585938,942.8568725585938,2333
2020-05-05,924.8938598632812,942.8568725585938,942.8568725585938,942.8568725585938,942.8568725585938,23333
2020-05-06,924.8938598632812,942.8568725585938,942.8568725585938,878.5711669921875,878.5711669921875,11200
2020-05-08,924.8938598632812,942.8568725585938,942.8568725585938,942.8568725585938,942.8568725585938,0
2020-05-11,954.3223876953125,972.8568725585938,972.8568725585938,972.8568725585938,972.8568725585938,5833
2020-05-12,954.3223876953125,972.8568725585938,972.8568725585938,972.8568725585938,972.8568725585938,0
2020-05-13,950.1182861328125,968.5711669921875,968.5711669921875,968.5711669921875,968.5711669921875,11666
2020-05-14,954.3223876953125,972.8568725585938,972.8568725585938,972.8568725585938,972.8568725585938,7000
2020-05-15,954.3223876953125,972.8568725585938,972.8568725585938,972.8568725585938,972.8568725585938,0
2020-05-18,954.3223876953125,972.8568725585938,972.8568725585938,972.8568725585938,972.8568725585938,0
2020-05-19,954.3223876953125,972.8568725585938,972.8568725585938,972.8568725585938,972.8568725585938,0
2020-05-20,954.3223876953125,972.8568725585938,972.8568725585938,972.8568725585938,972.8568725585938,0
2020-05-26,954.3223876953125,972.8568725585938,972.8568725585938,972.8568725585938,972.8568725585938,0
2020-05-27,954.3223876953125,972.8568725585938,972.8568725585938,972.8568725585938,972.8568725585938,0
2020-05-28,950.1182861328125,968.5711669921875,968.5711669921875,908.5711669921875,908.5711669921875,147233
2020-05-29,945.9142456054688,964.2854614257812,964.2854614257812,908.5711669921875,912.8568725585938,166016
2020-06-02,954.3223876953125,972.8568725585938,972.8568725585938,899.999755859375,908.5711669921875,151200
2020-06-03,945.9142456054688,964.2854614257812,972.8568725585938,912.8568725585938,972.8568725585938,138483
2020-06-04,882.8533325195312,899.999755859375,942.8568725585938,899.999755859375,912.8568725585938,92983
2020-06-05,882.8533325195312,899.999755859375,899.999755859375,857.1426391601562,857.1426391601562,14233
2020-06-08,895.4654541015625,912.8568725585938,912.8568725585938,857.1426391601562,857.1426391601562,12950
2020-06-09,924.8938598632812,942.8568725585938,942.8568725585938,942.8568725585938,942.8568725585938,11666
2020-06-10,958.5264282226562,977.142578125,977.142578125,882.8568725585938,882.8568725585938,112116
2020-06-11,924.8938598632812,942.8568725585938,942.8568725585938,917.142578125,917.142578125,100100
2020-06-12,866.0370483398438,882.8568725585938,899.999755859375,882.8568725585938,882.8568725585938,45616
2020-06-15,874.4451904296875,891.4283447265625,891.4283447265625,874.2854614257812,874.2854614257812,29166
2020-06-16,908.07763671875,925.7140502929688,925.7140502929688,925.7140502929688,925.7140502929688,11666
2020-06-17,903.8735961914062,921.4282836914062,921.4282836914062,899.999755859375,899.999755859375,17500
2020-06-18,920.6898803710938,938.5711669921875,955.7139892578125,874.2854614257812,899.999755859375,38266
2020-06-19,954.3223876953125,972.8568725585938,972.8568725585938,908.5711669921875,908.5711669921875,70466
2020-06-22,916.4857788085938,934.2854614257812,938.5711669921875,921.4282836914062,925.7140502929688,72800
2020-06-23,882.8533325195312,899.999755859375,908.5711669921875,899.999755859375,908.5711669921875,32783
2020-06-24,866.0370483398438,882.8568725585938,882.8568725585938,874.2854614257812,874.2854614257812,8750
2020-06-25,895.4654541015625,912.8568725585938,912.8568725585938,878.5711669921875,878.5711669921875,47833
2020-06-26,861.8329467773438,878.5711669921875,887.142578125,878.5711669921875,887.142578125,24150
2020-06-29,861.8329467773438,878.5711669921875,878.5711669921875,878.5711669921875,878.5711669921875,0
2020-06-30,849.2208251953125,865.7140502929688,865.7140502929688,865.7140502929688,865.7140502929688,3966
2020-07-01,836.6085205078125,852.8568725585938,857.1426391601562,852.8568725585938,857.1426391601562,31383
2020-07-02,866.0370483398438,882.8568725585938,882.8568725585938,852.8568725585938,852.8568725585938,42233
2020-07-03,840.8126831054688,857.1426391601562,861.4283447265625,857.1426391601562,857.1426391601562,22400
2020-07-06,840.8126831054688,857.1426391601562,857.1426391601562,857.1426391601562,857.1426391601562,0
2020-07-07,840.8126831054688,857.1426391601562,857.1426391601562,857.1426391601562,857.1426391601562,0
2020-07-08,840.8126831054688,857.1426391601562,857.1426391601562,857.1426391601562,857.1426391601562,0
2020-07-09,840.8126831054688,857.1426391601562,857.1426391601562,857.1426391601562,857.1426391601562,0
2020-07-10,840.8126831054688,857.1426391601562,857.1426391601562,857.1426391601562,857.1426391601562,0
2020-07-13,840.8126831054688,857.1426391601562,857.1426391601562,857.1426391601562,857.1426391601562,0
2020-07-14,840.8126831054688,857.1426391601562,857.1426391601562,818.5711669921875,848.5711669921875,34650
2020-07-15,828.200439453125,844.2854614257812,844.2854614257812,831.4283447265625,831.4283447265625,23333
2020-07-16,815.5882568359375,831.4283447265625,839.999755859375,805.7140502929688,814.2854614257812,28466
2020-07-17,811.3842163085938,827.1426391601562,827.1426391601562,827.1426391601562,827.1426391601562,5950
2020-07-20,794.5679321289062,809.999755859375,822.85693359375,809.999755859375,822.85693359375,11900
2020-07-21,786.1598510742188,801.4283447265625,805.7140502929688,801.4283447265625,805.7140502929688,6066
2020-07-22,756.7313842773438,771.4283447265625,788.5712280273438,771.4283447265625,788.5712280273438,14350
2020-07-23,748.3232421875,762.85693359375,767.1426391601562,762.85693359375,767.1426391601562,13300
2020-07-24,744.1192016601562,758.5712280273438,758.5712280273438,758.5712280273438,758.5712280273438,466
2020-07-27,735.7110595703125,749.999755859375,754.2855224609375,707.1426391601562,754.2855224609375,28816
2020-07-28,685.2623291015625,698.5712280273438,724.2855224609375,698.5712280273438,698.5712280273438,32433
2020-07-29,756.7313842773438,771.4283447265625,771.4283447265625,651.4284057617188,685.714111328125,217700
2020-07-30,756.7313842773438,771.4283447265625,771.4283447265625,728.5712280273438,728.5712280273438,29750
2020-08-03,752.52734375,767.1426391601562,767.1426391601562,728.5712280273438,728.5712280273438,27533
2020-08-04,756.7313842773438,771.4283447265625,771.4283447265625,771.4283447265625,771.4283447265625,11666
2020-08-05,756.7313842773438,771.4283447265625,771.4283447265625,771.4283447265625,771.4283447265625,0
2020-08-06,756.7313842773438,771.4283447265625,771.4283447265625,719.9998168945312,719.9998168945312,23800
2020-08-07,798.77197265625,814.2854614257812,814.2854614257812,728.5712280273438,728.5712280273438,32316
2020-08-10,798.77197265625,814.2854614257812,814.2854614257812,758.5712280273438,758.5712280273438,17733
2020-08-11,756.7313842773438,771.4283447265625,822.85693359375,758.5712280273438,814.2854614257812,81666
2020-08-12,756.7313842773438,771.4283447265625,771.4283447265625,728.5712280273438,728.5712280273438,22400
2020-08-13,752.52734375,767.1426391601562,771.4283447265625,767.1426391601562,771.4283447265625,3616
2020-08-14,756.7313842773438,771.4283447265625,797.1426391601562,771.4283447265625,797.1426391601562,2216
2020-08-18,756.7313842773438,771.4283447265625,771.4283447265625,767.1426391601562,771.4283447265625,31500
2020-08-19,752.52734375,767.1426391601562,771.4283447265625,762.85693359375,771.4283447265625,25783
2020-08-24,756.7313842773438,771.4283447265625,771.4283447265625,767.1426391601562,767.1426391601562,38033
2020-08-25,790.3638916015625,805.7140502929688,805.7140502929688,732.85693359375,771.4283447265625,1983
2020-08-26,761.3887939453125,771.4283447265625,771.4283447265625,749.999755859375,771.4283447265625,24033
2020-08-27,761.3887939453125,771.4283447265625,771.4283447265625,737.1426391601562,737.1426391601562,22050
2020-08-28,761.3887939453125,771.4283447265625,771.4283447265625,771.4283447265625,771.4283447265625,26950
2020-08-31,761.3887939453125,771.4283447265625,771.4283447265625,737.1426391601562,737.1426391601562,16566
2020-09-01,761.3887939453125,771.4283447265625,771.4283447265625,771.4283447265625,771.4283447265625,0
2020-09-02,731.7792358398438,741.4283447265625,767.1426391601562,737.1426391601562,767.1426391601562,3733
2020-09-03,731.7792358398438,741.4283447265625,741.4283447265625,741.4283447265625,741.4283447265625,116
2020-09-04,761.3887939453125,771.4283447265625,771.4283447265625,771.4283447265625,771.4283447265625,11666
2020-09-07,778.30859375,788.5712280273438,788.5712280273438,728.5712280273438,741.4283447265625,24150
2020-09-08,761.3887939453125,771.4283447265625,771.4283447265625,745.7140502929688,745.7140502929688,20066
2020-09-09,761.3887939453125,771.4283447265625,771.4283447265625,745.7140502929688,745.7140502929688,21583
2020-09-10,761.3887939453125,771.4283447265625,771.4283447265625,737.1426391601562,745.7140502929688,29283
2020-09-11,761.3887939453125,771.4283447265625,771.4283447265625,745.7140502929688,745.7140502929688,35116
2020-09-14,761.3887939453125,771.4283447265625,771.4283447265625,771.4283447265625,771.4283447265625,0
2020-09-15,757.1588745117188,767.1426391601562,767.1426391601562,745.7140502929688,762.85693359375,29166
2020-09-16,757.1588745117188,767.1426391601562,767.1426391601562,767.1426391601562,767.1426391601562,0
2020-09-17,740.2391357421875,749.999755859375,762.85693359375,745.7140502929688,762.85693359375,88083
2020-09-18,752.928955078125,762.85693359375,762.85693359375,762.85693359375,762.85693359375,11666
2020-09-21,748.6990356445312,758.5712280273438,758.5712280273438,737.1426391601562,741.4283447265625,16333
2020-09-22,757.1588745117188,767.1426391601562,767.1426391601562,737.1426391601562,737.1426391601562,40833
2020-09-23,757.1588745117188,767.1426391601562,767.1426391601562,745.7140502929688,745.7140502929688,35000
2020-09-24,803.6881713867188,814.2854614257812,814.2854614257812,745.7140502929688,745.7140502929688,76066
2020-09-25,803.6881713867188,814.2854614257812,814.2854614257812,771.4283447265625,792.85693359375,24150
2020-09-28,761.3887939453125,771.4283447265625,775.7140502929688,771.4283447265625,775.7140502929688,42000
2020-09-29,761.3887939453125,771.4283447265625,771.4283447265625,771.4283447265625,771.4283447265625,0
2020-09-30,803.6881713867188,814.2854614257812,814.2854614257812,814.2854614257812,814.2854614257812,4900
2020-10-01,757.1588745117188,767.1426391601562,771.4283447265625,762.85693359375,771.4283447265625,45266
2020-10-02,752.928955078125,762.85693359375,767.1426391601562,762.85693359375,767.1426391601562,15400
2020-10-05,795.2283325195312,805.7140502929688,805.7140502929688,771.4283447265625,771.4283447265625,3150
2020-10-06,757.1588745117188,767.1426391601562,771.4283447265625,767.1426391601562,771.4283447265625,44683
2020-10-07,757.1588745117188,767.1426391601562,767.1426391601562,767.1426391601562,767.1426391601562,14000
2020-10-08,757.1588745117188,767.1426391601562,767.1426391601562,767.1426391601562,767.1426391601562,24500
2020-10-09,757.1588745117188,767.1426391601562,767.1426391601562,767.1426391601562,767.1426391601562,12016
2020-10-12,757.1588745117188,767.1426391601562,767.1426391601562,767.1426391601562,767.1426391601562,0
2020-10-13,786.7684936523438,797.1426391601562,797.1426391601562,797.1426391601562,797.1426391601562,700
2020-10-14,786.7684936523438,797.1426391601562,797.1426391601562,797.1426391601562,797.1426391601562,2916
2020-10-15,757.1588745117188,767.1426391601562,767.1426391601562,767.1426391601562,767.1426391601562,11666
2020-10-16,744.4691162109375,754.2855224609375,754.2855224609375,745.7140502929688,745.7140502929688,22166
2020-10-19,744.4691162109375,754.2855224609375,754.2855224609375,754.2855224609375,754.2855224609375,0
2020-10-20,752.928955078125,762.85693359375,762.85693359375,762.85693359375,762.85693359375,11666
2020-10-21,752.928955078125,762.85693359375,762.85693359375,762.85693359375,762.85693359375,0
2020-10-22,719.0894775390625,728.5712280273438,728.5712280273438,728.5712280273438,728.5712280273438,37566
2020-10-23,714.8595581054688,724.2855224609375,728.5712280273438,724.2855224609375,728.5712280273438,11783
2020-10-26,714.8595581054688,724.2855224609375,724.2855224609375,724.2855224609375,724.2855224609375,933
2020-10-27,714.8595581054688,724.2855224609375,724.2855224609375,724.2855224609375,724.2855224609375,0
2020-11-02,714.8595581054688,724.2855224609375,724.2855224609375,724.2855224609375,724.2855224609375,116
2020-11-03,714.8595581054688,724.2855224609375,724.2855224609375,681.4284057617188,681.4284057617188,1283
2020-11-04,719.0894775390625,728.5712280273438,728.5712280273438,728.5712280273438,728.5712280273438,1166
2020-11-05,719.0894775390625,728.5712280273438,728.5712280273438,728.5712280273438,728.5712280273438,0
2020-11-06,799.458251953125,809.999755859375,809.999755859375,728.5712280273438,728.5712280273438,3616
2020-11-09,761.3887939453125,771.4283447265625,814.2854614257812,771.4283447265625,814.2854614257812,350
2020-11-10,761.3887939453125,771.4283447265625,771.4283447265625,771.4283447265625,771.4283447265625,0
2020-11-11,761.3887939453125,771.4283447265625,771.4283447265625,771.4283447265625,771.4283447265625,1983
2020-11-12,719.0894775390625,728.5712280273438,728.5712280273438,728.5712280273438,728.5712280273438,116
2020-11-13,719.0894775390625,728.5712280273438,728.5712280273438,728.5712280273438,728.5712280273438,0
2020-11-16,710.6295776367188,719.9998168945312,728.5712280273438,689.9998168945312,689.9998168945312,2216
2020-11-17,719.0894775390625,728.5712280273438,728.5712280273438,689.9998168945312,719.9998168945312,17733
2020-11-18,719.0894775390625,728.5712280273438,728.5712280273438,728.5712280273438,728.5712280273438,116
2020-11-19,702.169677734375,711.4283447265625,728.5712280273438,694.2855224609375,728.5712280273438,8283
2020-11-20,702.169677734375,711.4283447265625,711.4283447265625,694.2855224609375,711.4283447265625,8166
2020-11-23,719.0894775390625,728.5712280273438,728.5712280273438,711.4283447265625,711.4283447265625,8283
2020-11-24,719.0894775390625,728.5712280273438,728.5712280273438,698.5712280273438,728.5712280273438,15750
2020-11-25,719.0894775390625,728.5712280273438,728.5712280273438,702.85693359375,728.5712280273438,33483
2020-11-26,761.3887939453125,771.4283447265625,771.4283447265625,702.85693359375,728.5712280273438,37916
2020-11-27,803.6881713867188,814.2854614257812,814.2854614257812,762.85693359375,814.2854614257812,26833
2020-11-30,752.928955078125,762.85693359375,814.2854614257812,762.85693359375,814.2854614257812,44683
2020-12-01,744.4691162109375,754.2855224609375,758.5712280273438,711.4283447265625,758.5712280273438,29866
2020-12-02,740.2391357421875,749.999755859375,758.5712280273438,715.714111328125,758.5712280273438,57050
2020-12-03,740.2391357421875,749.999755859375,749.999755859375,745.7140502929688,745.7140502929688,11783
2020-12-04,740.2391357421875,749.999755859375,749.999755859375,749.999755859375,749.999755859375,116
2020-12-07,740.2391357421875,749.999755859375,749.999755859375,719.9998168945312,749.999755859375,29633
2020-12-08,714.8595581054688,724.2855224609375,728.5712280273438,724.2855224609375,724.2855224609375,29050
2020-12-10,719.0894775390625,728.5712280273438,732.85693359375,728.5712280273438,728.5712280273438,30800
2020-12-11,719.0894775390625,728.5712280273438,728.5712280273438,724.2855224609375,728.5712280273438,27066
2020-12-14,719.0894775390625,728.5712280273438,728.5712280273438,728.5712280273438,728.5712280273438,1633
2020-12-15,719.0894775390625,728.5712280273438,737.1426391601562,724.2855224609375,737.1426391601562,26483
2020-12-16,719.0894775390625,728.5712280273438,728.5712280273438,728.5712280273438,728.5712280273438,1166
2020-12-17,719.0894775390625,728.5712280273438,728.5712280273438,724.2855224609375,728.5712280273438,13416
2020-12-18,714.8595581054688,724.2855224609375,728.5712280273438,702.85693359375,702.85693359375,12250
2020-12-21,719.0894775390625,728.5712280273438,728.5712280273438,724.2855224609375,724.2855224609375,11783
2020-12-22,719.0894775390625,728.5712280273438,728.5712280273438,728.5712280273438,728.5712280273438,0
2020-12-23,719.0894775390625,728.5712280273438,728.5712280273438,728.5712280273438,728.5712280273438,23333
2020-12-28,719.0894775390625,728.5712280273438,728.5712280273438,728.5712280273438,728.5712280273438,0
2020-12-29,719.0894775390625,728.5712280273438,728.5712280273438,728.5712280273438,728.5712280273438,0
2020-12-30,719.0894775390625,728.5712280273438,904.2854614257812,719.9998168945312,719.9998168945312,14000
2021-01-04,803.6881713867188,814.2854614257812,814.2854614257812,732.85693359375,732.85693359375,119233
2021-01-05,795.2283325195312,805.7140502929688,805.7140502929688,758.5712280273438,771.4283447265625,34066
2021-01-06,752.928955078125,762.85693359375,797.1426391601562,754.2855224609375,754.2855224609375,119583
2021-01-07,752.928955078125,762.85693359375,762.85693359375,728.5712280273438,762.85693359375,43283
2021-01-08,803.6881713867188,814.2854614257812,814.2854614257812,741.4283447265625,745.7140502929688,18433
2021-01-11,930.5863647460938,942.8568725585938,942.8568725585938,767.1426391601562,801.4283447265625,17033
2021-01-12,930.5863647460938,942.8568725585938,942.8568725585938,878.5711669921875,942.8568725585938,164500
2021-01-13,867.1372680664062,878.5711669921875,899.999755859375,878.5711669921875,899.999755859375,105816
2021-01-14,884.0570678710938,895.7140502929688,895.7140502929688,818.5711669921875,857.1426391601562,14700
2021-01-15,884.0570678710938,895.7140502929688,895.7140502929688,895.7140502929688,895.7140502929688,0
2021-01-18,884.0570678710938,895.7140502929688,895.7140502929688,895.7140502929688,895.7140502929688,466
2021-01-19,841.7576293945312,852.8568725585938,869.999755859375,835.7140502929688,869.999755859375,142916
2021-01-20,960.1959228515625,972.8568725585938,972.8568725585938,839.999755859375,852.8568725585938,11900
2021-01-21,896.746826171875,908.5711669921875,968.5711669921875,908.5711669921875,964.2854614257812,2916
2021-01-22,871.3671875,882.8568725585938,891.4283447265625,848.5711669921875,891.4283447265625,12133
2021-01-25,867.1372680664062,878.5711669921875,882.8568725585938,878.5711669921875,882.8568725585938,13183
2021-01-26,858.6774291992188,869.999755859375,869.999755859375,857.1426391601562,857.1426391601562,12366
2021-01-27,858.6774291992188,869.999755859375,869.999755859375,857.1426391601562,857.1426391601562,8050
2021-01-28,862.9073486328125,874.2854614257812,874.2854614257812,874.2854614257812,874.2854614257812,3500
2021-01-29,858.6774291992188,869.999755859375,874.2854614257812,869.999755859375,874.2854614257812,11900
2021-02-01,854.4474487304688,865.7140502929688,865.7140502929688,865.7140502929688,865.7140502929688,11550
2021-02-02,858.6774291992188,869.999755859375,869.999755859375,814.2854614257812,814.2854614257812,11783
2021-02-03,803.6881713867188,814.2854614257812,869.999755859375,814.2854614257812,869.999755859375,60433
2021-02-04,871.3671875,882.8568725585938,882.8568725585938,767.1426391601562,814.2854614257812,13416
2021-02-05,879.8271484375,891.4283447265625,891.4283447265625,822.85693359375,882.8568725585938,11900
2021-02-08,871.3671875,882.8568725585938,891.4283447265625,882.8568725585938,891.4283447265625,12250
2021-02-09,871.3671875,882.8568725585938,882.8568725585938,882.8568725585938,882.8568725585938,11666
2021-02-10,871.3671875,882.8568725585938,882.8568725585938,822.85693359375,822.85693359375,11783
2021-02-11,871.3671875,882.8568725585938,882.8568725585938,882.8568725585938,882.8568725585938,11666
2021-02-15,867.1372680664062,878.5711669921875,882.8568725585938,878.5711669921875,882.8568725585938,2100
2021-02-16,951.736083984375,964.2854614257812,964.2854614257812,878.5711669921875,878.5711669921875,2216
2021-02-17,888.2869873046875,899.999755859375,942.8568725585938,899.999755859375,942.8568725585938,14933
2021-02-18,884.0570678710938,895.7140502929688,895.7140502929688,895.7140502929688,895.7140502929688,11666
2021-02-19,884.0570678710938,895.7140502929688,895.7140502929688,895.7140502929688,895.7140502929688,35000
2021-02-22,884.0570678710938,895.7140502929688,895.7140502929688,895.7140502929688,895.7140502929688,0
2021-02-23,875.5971069335938,887.142578125,891.4283447265625,887.142578125,891.4283447265625,24616
2021-02-24,930.5863647460938,942.8568725585938,942.8568725585938,942.8568725585938,942.8568725585938,5600
2021-02-25,913.6666259765625,925.7140502929688,925.7140502929688,925.7140502929688,925.7140502929688,29750
2021-02-26,909.4366455078125,921.4282836914062,925.7140502929688,921.4282836914062,925.7140502929688,35233
2021-03-01,951.736083984375,964.2854614257812,964.2854614257812,857.1426391601562,917.142578125,70816
2021-03-02,951.736083984375,964.2854614257812,964.2854614257812,942.8568725585938,942.8568725585938,11783
2021-03-03,951.736083984375,964.2854614257812,964.2854614257812,964.2854614257812,964.2854614257812,116
2021-03-04,951.736083984375,964.2854614257812,964.2854614257812,951.4282836914062,964.2854614257812,13183
2021-03-05,951.736083984375,964.2854614257812,964.2854614257812,964.2854614257812,964.2854614257812,0
2021-03-08,951.736083984375,964.2854614257812,964.2854614257812,964.2854614257812,964.2854614257812,0
2021-03-09,939.0462036132812,951.4282836914062,951.4282836914062,899.999755859375,899.999755859375,31383
2021-03-10,939.0462036132812,951.4282836914062,951.4282836914062,951.4282836914062,951.4282836914062,0
2021-03-12,917.8965454101562,929.999755859375,929.999755859375,887.142578125,887.142578125,59150
2021-03-15,867.1372680664062,878.5711669921875,929.999755859375,878.5711669921875,929.999755859375,31383
2021-03-16,909.4366455078125,921.4282836914062,921.4282836914062,818.5711669921875,878.5711669921875,70700
2021-03-17,909.4366455078125,921.4282836914062,921.4282836914062,861.4283447265625,921.4282836914062,15283
2021-03-18,888.2869873046875,899.999755859375,921.4282836914062,874.2854614257812,921.4282836914062,53666
2021-03-19,879.8271484375,891.4283447265625,899.999755859375,874.2854614257812,899.999755859375,26950
2021-03-22,879.8271484375,891.4283447265625,891.4283447265625,839.999755859375,865.7140502929688,31733
2021-03-23,905.2067260742188,917.142578125,917.142578125,857.1426391601562,857.1426391601562,10383
2021-03-24,934.8162841796875,947.142578125,947.142578125,874.2854614257812,874.2854614257812,27183
2021-03-25,943.276123046875,955.7139892578125,955.7139892578125,899.999755859375,899.999755859375,34883
2021-03-26,947.5060424804688,959.9996948242188,959.9996948242188,925.7140502929688,955.7139892578125,24150
2021-03-29,951.736083984375,964.2854614257812,964.2854614257812,925.7140502929688,959.9996948242188,28466
2021-03-30,900.9767456054688,912.8568725585938,942.8568725585938,899.999755859375,925.7140502929688,77933
2021-03-31,896.746826171875,908.5711669921875,912.8568725585938,908.5711669921875,908.5711669921875,16683
2021-04-01,875.5971069335938,887.142578125,908.5711669921875,874.2854614257812,908.5711669921875,24266
2021-04-05,930.5863647460938,942.8568725585938,942.8568725585938,878.5711669921875,878.5711669921875,6650
2021-04-06,951.736083984375,964.2854614257812,964.2854614257812,895.7140502929688,942.8568725585938,14583
2021-04-07,1015.1851196289062,1028.5711669921875,1028.5711669921875,925.7140502929688,925.7140502929688,27650
2021-04-08,1010.9551391601562,1024.285400390625,1028.5711669921875,985.7139892578125,1028.5711669921875,12600
2021-04-09,1010.9551391601562,1024.285400390625,1024.285400390625,1024.285400390625,1024.285400390625,0
2021-04-12,1010.9551391601562,1024.285400390625,1024.285400390625,1024.285400390625,1024.285400390625,0
2021-04-13,943.276123046875,955.7139892578125,1024.285400390625,955.7139892578125,1024.285400390625,33366
2021-04-14,1002.4953002929688,1015.7139892578125,1015.7139892578125,938.5711669921875,955.7139892578125,63000
2021-04-15,1015.1851196289062,1028.5711669921875,1028.5711669921875,985.7139892578125,985.7139892578125,15283
2021-04-16,1015.1851196289062,1028.5711669921875,1028.5711669921875,985.7139892578125,985.7139892578125,18200
2021-04-19,1010.9551391601562,1024.285400390625,1024.285400390625,1011.4282836914062,1011.4282836914062,15166
2021-04-20,1010.9551391601562,1024.285400390625,1024.285400390625,994.285400390625,994.285400390625,17966
2021-04-21,960.1959228515625,972.8568725585938,981.4282836914062,955.7139892578125,964.2854614257812,69533
2021-04-22,968.65576171875,981.4282836914062,981.4282836914062,955.7139892578125,972.8568725585938,7816
2021-04-23,900.9767456054688,912.8568725585938,981.4282836914062,912.8568725585938,981.4282836914062,108616
2021-04-26,841.7576293945312,852.8568725585938,908.5711669921875,852.8568725585938,908.5711669921875,84350
2021-04-27,786.7684936523438,797.1426391601562,852.8568725585938,797.1426391601562,852.8568725585938,77116
2021-04-28,765.6187744140625,775.7140502929688,792.85693359375,741.4283447265625,788.5712280273438,17500
2021-04-29,799.458251953125,809.999755859375,809.999755859375,775.7140502929688,775.7140502929688,1750
2021-04-30,765.6187744140625,775.7140502929688,788.5712280273438,754.2855224609375,788.5712280273438,23566
2021-05-03,757.1588745117188,767.1426391601562,775.7140502929688,728.5712280273438,775.7140502929688,10500
2021-05-04,706.399658203125,715.714111328125,762.85693359375,715.714111328125,762.85693359375,59266
2021-05-05,706.399658203125,715.714111328125,715.714111328125,711.4283447265625,715.714111328125,17033
2021-05-06,782.5385131835938,792.85693359375,792.85693359375,792.85693359375,792.85693359375,116
2021-05-07,731.7792358398438,741.4283447265625,779.999755859375,741.4283447265625,779.999755859375,31500
2021-05-10,731.7792358398438,741.4283447265625,762.85693359375,728.5712280273438,728.5712280273438,3733
2021-05-11,697.9397583007812,707.1426391601562,737.1426391601562,707.1426391601562,737.1426391601562,8633
2021-05-17,736.0091552734375,745.7140502929688,754.2855224609375,664.2855224609375,707.1426391601562,14466
2021-05-18,740.2391357421875,749.999755859375,762.85693359375,694.2855224609375,741.4283447265625,5016
2021-05-19,736.0091552734375,745.7140502929688,749.999755859375,745.7140502929688,749.999755859375,4083
2021-05-20,727.54931640625,737.1426391601562,737.1426391601562,702.85693359375,702.85693359375,3500
2021-05-21,769.8486938476562,779.999755859375,779.999755859375,711.4283447265625,728.5712280273438,29166
2021-05-24,820.6079711914062,831.4283447265625,831.4283447265625,745.7140502929688,779.999755859375,38500
2021-05-25,820.6079711914062,831.4283447265625,831.4283447265625,775.7140502929688,805.7140502929688,33600
2021-05-27,837.5277099609375,848.5711669921875,848.5711669921875,779.999755859375,797.1426391601562,18900
2021-05-28,829.0678100585938,839.999755859375,848.5711669921875,805.7140502929688,831.4283447265625,28816
2021-05-31,845.9876098632812,857.1426391601562,857.1426391601562,857.1426391601562,857.1426391601562,23333
2021-06-02,841.7576293945312,852.8568725585938,852.8568725585938,852.8568725585938,852.8568725585938,5950
2021-06-03,829.0678100585938,839.999755859375,844.2854614257812,814.2854614257812,822.85693359375,27883
2021-06-04,824.837890625,835.7140502929688,835.7140502929688,814.2854614257812,814.2854614257812,27300
2021-06-07,816.3780517578125,827.1426391601562,827.1426391601562,779.999755859375,814.2854614257812,40716
2021-06-08,812.1481323242188,822.85693359375,827.1426391601562,822.85693359375,827.1426391601562,12133
2021-06-09,845.9876098632812,857.1426391601562,857.1426391601562,857.1426391601562,857.1426391601562,12833
2021-06-10,845.9876098632812,857.1426391601562,857.1426391601562,827.1426391601562,827.1426391601562,3150
2021-06-11,816.3780517578125,827.1426391601562,857.1426391601562,814.2854614257812,857.1426391601562,11900
2021-06-14,761.3887939453125,771.4283447265625,814.2854614257812,771.4283447265625,814.2854614257812,43983
2021-06-15,795.2283325195312,805.7140502929688,805.7140502929688,771.4283447265625,771.4283447265625,15750
2021-06-16,845.9876098632812,857.1426391601562,857.1426391601562,857.1426391601562,857.1426391601562,8166
2021-06-17,841.7576293945312,852.8568725585938,852.8568725585938,848.5711669921875,848.5711669921875,9450
2021-06-18,845.9876098632812,857.1426391601562,857.1426391601562,822.85693359375,822.85693359375,17966
2021-06-21,854.4474487304688,865.7140502929688,865.7140502929688,822.85693359375,822.85693359375,12133
2021-06-22,854.4474487304688,865.7140502929688,865.7140502929688,865.7140502929688,865.7140502929688,0
2021-06-23,824.837890625,835.7140502929688,839.999755859375,831.4283447265625,831.4283447265625,19250
2021-06-24,854.4474487304688,865.7140502929688,865.7140502929688,865.7140502929688,865.7140502929688,11666
2021-06-25,795.2283325195312,805.7140502929688,839.999755859375,805.7140502929688,839.999755859375,47600
2021-06-28,803.6881713867188,814.2854614257812,814.2854614257812,801.4283447265625,805.7140502929688,7816
2021-06-29,807.9180908203125,818.5711669921875,848.5711669921875,814.2854614257812,814.2854614257812,2216
2021-06-30,807.9180908203125,818.5711669921875,818.5711669921875,814.2854614257812,814.2854614257812,6650
2021-07-01,807.9180908203125,818.5711669921875,818.5711669921875,814.2854614257812,818.5711669921875,3616
2021-07-02,799.458251953125,809.999755859375,818.5711669921875,809.999755859375,818.5711669921875,3500
2021-07-05,799.458251953125,809.999755859375,899.999755859375,792.85693359375,899.999755859375,6183
2021-07-06,790.9984130859375,801.4283447265625,801.4283447265625,762.85693359375,762.85693359375,22516
2021-07-07,820.6079711914062,831.4283447265625,831.4283447265625,801.4283447265625,801.4283447265625,13416
2021-07-08,820.6079711914062,831.4283447265625,831.4283447265625,831.4283447265625,831.4283447265625,2216
2021-07-09,820.6079711914062,831.4283447265625,831.4283447265625,831.4283447265625,831.4283447265625,1166
2021-07-12,820.6079711914062,831.4283447265625,831.4283447265625,831.4283447265625,831.4283447265625,23333
2021-07-13,905.2067260742188,917.142578125,917.142578125,831.4283447265625,831.4283447265625,8283
2021-07-14,972.8857421875,985.7139892578125,985.7139892578125,895.7140502929688,899.999755859375,14116
2021-07-15,905.2067260742188,917.142578125,972.8568725585938,917.142578125,972.8568725585938,14583
2021-07-16,862.9073486328125,874.2854614257812,959.9996948242188,874.2854614257812,917.142578125,9683
2021-07-19,905.2067260742188,917.142578125,917.142578125,917.142578125,917.142578125,7000
2021-07-21,905.2067260742188,917.142578125,942.8568725585938,917.142578125,917.142578125,2450
2021-07-22,905.2067260742188,917.142578125,917.142578125,917.142578125,917.142578125,233
2021-07-23,905.2067260742188,917.142578125,917.142578125,917.142578125,917.142578125,0
2021-07-26,845.9876098632812,857.1426391601562,874.2854614257812,857.1426391601562,874.2854614257812,6533
2021-07-27,888.2869873046875,899.999755859375,899.999755859375,822.85693359375,822.85693359375,3500
2021-07-28,896.746826171875,908.5711669921875,908.5711669921875,857.1426391601562,857.1426391601562,12250
2021-07-29,879.8271484375,891.4283447265625,908.5711669921875,848.5711669921875,857.1426391601562,25550
2021-07-30,909.4366455078125,921.4282836914062,921.4282836914062,848.5711669921875,857.1426391601562,17966
2021-08-02,875.5971069335938,887.142578125,899.999755859375,865.7140502929688,865.7140502929688,20183
2021-08-03,909.4366455078125,921.4282836914062,921.4282836914062,848.5711669921875,848.5711669921875,10733
2021-08-04,896.746826171875,908.5711669921875,921.4282836914062,869.999755859375,921.4282836914062,16100
2021-08-05,930.5863647460938,942.8568725585938,942.8568725585938,942.8568725585938,942.8568725585938,13883
2021-08-06,913.6666259765625,925.7140502929688,942.8568725585938,917.142578125,934.2854614257812,11666
2021-08-09,913.6666259765625,925.7140502929688,925.7140502929688,917.142578125,917.142578125,6066
2021-08-10,913.6666259765625,925.7140502929688,925.7140502929688,917.142578125,917.142578125,7000
2021-08-12,913.6666259765625,925.7140502929688,925.7140502929688,925.7140502929688,925.7140502929688,350
2021-08-13,913.6666259765625,925.7140502929688,925.7140502929688,925.7140502929688,925.7140502929688,0
2021-08-16,905.2067260742188,917.142578125,917.142578125,917.142578125,917.142578125,116
2021-08-18,947.5060424804688,959.9996948242188,959.9996948242188,857.1426391601562,917.142578125,38966
2021-08-19,939.0462036132812,951.4282836914062,951.4282836914062,895.7140502929688,917.142578125,17966
2021-08-20,913.6666259765625,925.7140502929688,985.7139892578125,891.4283447265625,985.7139892578125,35000
2021-08-23,909.4366455078125,921.4282836914062,921.4282836914062,869.999755859375,917.142578125,49700
2021-08-24,896.746826171875,908.5711669921875,921.4282836914062,882.8568725585938,921.4282836914062,19950
2021-08-25,837.5277099609375,848.5711669921875,908.5711669921875,848.5711669921875,908.5711669921875,32083
2021-08-26,837.5277099609375,848.5711669921875,848.5711669921875,848.5711669921875,848.5711669921875,116
2021-08-27,833.2977905273438,844.2854614257812,844.2854614257812,805.7140502929688,805.7140502929688,10966
2021-08-30,841.7576293945312,852.8568725585938,878.5711669921875,844.2854614257812,844.2854614257812,6766
2021-08-31,837.5277099609375,848.5711669921875,857.1426391601562,822.85693359375,852.8568725585938,4316
2021-09-01,854.4474487304688,865.7140502929688,865.7140502929688,844.2854614257812,844.2854614257812,2450
2021-09-02,879.8271484375,891.4283447265625,891.4283447265625,865.7140502929688,865.7140502929688,8866
2021-09-03,820.6079711914062,831.4283447265625,891.4283447265625,831.4283447265625,891.4283447265625,3616
2021-09-06,858.6774291992188,869.999755859375,869.999755859375,831.4283447265625,835.7140502929688,10850
2021-09-07,871.3671875,882.8568725585938,882.8568725585938,869.999755859375,869.999755859375,2916
2021-09-08,871.3671875,882.8568725585938,891.4283447265625,848.5711669921875,848.5711669921875,1400
2021-09-09,879.8271484375,891.4283447265625,891.4283447265625,882.8568725585938,882.8568725585938,7000
2021-09-10,972.8857421875,985.7139892578125,985.7139892578125,869.999755859375,891.4283447265625,10850
2021-09-13,972.8857421875,985.7139892578125,985.7139892578125,985.7139892578125,985.7139892578125,0
2021-09-14,964.4258422851562,977.142578125,977.142578125,917.142578125,977.142578125,17966
2021-09-15,900.9767456054688,912.8568725585938,977.142578125,912.8568725585938,977.142578125,34300
2021-09-16,841.7576293945312,852.8568725585938,865.7140502929688,852.8568725585938,852.8568725585938,32083
2021-09-17,795.2283325195312,805.7140502929688,852.8568725585938,797.1426391601562,852.8568725585938,88900
2021-09-20,829.0678100585938,839.999755859375,839.999755859375,805.7140502929688,805.7140502929688,18783
2021-09-21,812.1481323242188,822.85693359375,827.1426391601562,805.7140502929688,827.1426391601562,2683
2021-09-22,803.6881713867188,814.2854614257812,814.2854614257812,801.4283447265625,814.2854614257812,34416
2021-09-23,833.2977905273438,844.2854614257812,874.2854614257812,818.5711669921875,835.7140502929688,53550
2021-09-24,820.6079711914062,831.4283447265625,857.1426391601562,797.1426391601562,844.2854614257812,24033
2021-09-27,812.1481323242188,822.85693359375,835.7140502929688,788.5712280273438,827.1426391601562,48300
2021-09-28,757.1588745117188,767.1426391601562,831.4283447265625,767.1426391601562,822.85693359375,107100
2021-09-29,727.54931640625,737.1426391601562,767.1426391601562,715.714111328125,767.1426391601562,70700
2021-09-30,723.3193969726562,732.85693359375,737.1426391601562,685.714111328125,737.1426391601562,84583
2021-10-01,723.3193969726562,732.85693359375,762.85693359375,685.714111328125,737.1426391601562,223066
2021-10-04,740.2393798828125,750.0,800.0,685.0,735.0,259400
2021-10-05,690.8900756835938,700.0,755.0,700.0,750.0,161600
2021-10-06,671.1503295898438,680.0,700.0,665.0,700.0,92300
2021-10-07,626.7359619140625,635.0,725.0,635.0,680.0,205700
2021-10-08,587.2565307617188,595.0,680.0,595.0,635.0,352700
2021-10-11,616.8661499023438,625.0,625.0,590.0,590.0,48200
2021-10-12,611.9312133789062,620.0,680.0,620.0,625.0,170200
2021-10-13,626.7359619140625,635.0,645.0,625.0,625.0,30700
2021-10-14,626.7359619140625,635.0,650.0,635.0,640.0,47600
2021-10-15,611.9312133789062,620.0,635.0,595.0,635.0,61600
2021-10-18,577.38671875,585.0,635.0,580.0,635.0,226200
2021-10-19,597.1264038085938,605.0,620.0,585.0,595.0,143700
2021-10-21,602.0613403320312,610.0,610.0,590.0,610.0,24900
2021-10-22,582.3215942382812,590.0,610.0,590.0,605.0,81000
2021-10-25,587.2565307617188,595.0,600.0,590.0,590.0,29500
2021-10-26,577.38671875,585.0,600.0,585.0,595.0,78000
2021-10-27,582.3215942382812,590.0,595.0,580.0,595.0,51200
2021-10-28,577.38671875,585.0,595.0,575.0,590.0,36300
2021-10-29,582.3215942382812,590.0,590.0,575.0,580.0,20500
2021-11-01,582.3215942382812,590.0,595.0,575.0,590.0,19400
2021-11-02,572.4517822265625,580.0,590.0,575.0,590.0,79600
2021-11-03,572.4517822265625,580.0,595.0,580.0,590.0,21900
2021-11-04,572.4517822265625,580.0,590.0,580.0,580.0,12400
2021-11-05,572.4517822265625,580.0,580.0,570.0,580.0,41700
2021-11-08,572.4517822265625,580.0,580.0,570.0,580.0,46200
2021-11-09,572.4517822265625,580.0,585.0,570.0,580.0,23700
2021-11-10,572.4517822265625,580.0,585.0,565.0,575.0,40400
2021-11-11,572.4517822265625,580.0,580.0,570.0,570.0,13700
2021-11-12,572.4517822265625,580.0,580.0,570.0,580.0,4400
2021-11-15,567.516845703125,575.0,580.0,570.0,580.0,15800
2021-11-16,552.7120361328125,560.0,570.0,550.0,570.0,89200
2021-11-17,547.777099609375,555.0,560.0,550.0,560.0,12700
2021-11-18,572.4517822265625,580.0,650.0,550.0,555.0,252500
2021-11-19,572.4517822265625,580.0,600.0,565.0,585.0,106600
2021-11-22,577.38671875,585.0,595.0,575.0,580.0,31200
2021-11-23,572.4517822265625,580.0,590.0,565.0,590.0,16100
2021-11-24,567.516845703125,575.0,590.0,570.0,575.0,9100
2021-11-25,567.516845703125,575.0,580.0,570.0,570.0,6200
2021-11-26,557.64697265625,565.0,575.0,565.0,575.0,8700
2021-11-29,557.64697265625,565.0,565.0,555.0,565.0,24200
2021-11-30,557.64697265625,565.0,590.0,560.0,560.0,39800
2021-12-01,557.64697265625,565.0,600.0,550.0,600.0,38700
2021-12-02,552.7120361328125,560.0,580.0,560.0,565.0,9300
2021-12-03,552.7120361328125,560.0,560.0,550.0,560.0,13700
2021-12-06,547.777099609375,555.0,560.0,555.0,555.0,10400
2021-12-07,542.8421630859375,550.0,555.0,545.0,555.0,70100
2021-12-08,532.9723510742188,540.0,550.0,525.0,550.0,20300
2021-12-09,542.8421630859375,550.0,560.0,540.0,540.0,20000
2021-12-10,547.777099609375,555.0,555.0,545.0,550.0,3500
2021-12-13,542.8421630859375,550.0,560.0,540.0,555.0,14300
2021-12-14,532.9723510742188,540.0,585.0,515.0,540.0,133200
2021-12-15,532.9723510742188,540.0,585.0,530.0,545.0,88700
2021-12-16,537.9072875976562,545.0,550.0,540.0,540.0,4000
2021-12-17,562.5819091796875,570.0,585.0,540.0,545.0,16600
2021-12-20,547.777099609375,555.0,570.0,550.0,570.0,12600
2021-12-21,528.0374145507812,535.0,555.0,535.0,555.0,9100
2021-12-22,503.3627624511719,510.0,555.0,500.0,535.0,66500
2021-12-23,537.9072875976562,545.0,575.0,500.0,510.0,50800
2021-12-24,513.2326049804688,520.0,545.0,510.0,525.0,134400
2021-12-27,498.4278259277344,505.0,515.0,484.0,510.0,133100
2021-12-28,471.7792053222656,478.0,520.0,470.0,520.0,454500
2021-12-29,440.1956787109375,446.0,478.0,446.0,478.0,456000
2021-12-30,422.429931640625,428.0,446.0,416.0,446.0,212300
2022-01-03,432.2997741699219,438.0,448.0,426.0,428.0,22400
2022-01-04,442.1696472167969,448.0,448.0,440.0,440.0,70000
2022-01-05,440.1956787109375,446.0,458.0,432.0,448.0,109200
2022-01-06,442.1696472167969,448.0,456.0,446.0,446.0,86500
2022-01-07,444.14361572265625,450.0,454.0,446.0,446.0,22700
2022-01-10,444.14361572265625,450.0,450.0,440.0,446.0,20200
2022-01-11,414.5340270996094,420.0,448.0,420.0,446.0,144900
2022-01-12,392.8203430175781,398.0,420.0,392.0,420.0,152200
2022-01-13,367.1587219238281,372.0,398.0,372.0,398.0,225700
2022-01-14,375.0545959472656,380.0,382.0,374.0,376.0,59800
2022-01-17,367.1587219238281,372.0,390.0,372.0,376.0,40800
2022-01-18,363.2107849121094,368.0,372.0,360.0,372.0,13200
2022-01-19,369.1326904296875,374.0,380.0,360.0,368.0,29800
2022-01-20,375.0545959472656,380.0,390.0,374.0,390.0,40100
2022-01-21,384.9244689941406,390.0,418.0,378.0,418.0,19100
2022-01-24,392.8203430175781,398.0,398.0,390.0,390.0,5900
2022-01-25,384.9244689941406,390.0,392.0,378.0,392.0,11200
2022-01-26,379.0025634765625,384.0,390.0,384.0,390.0,5600
2022-01-27,369.1326904296875,374.0,376.0,372.0,372.0,10600
2022-01-28,377.028564453125,382.0,386.0,376.0,376.0,700
2022-01-31,375.0545959472656,380.0,392.0,376.0,384.0,18400
2022-02-02,379.0025634765625,384.0,390.0,374.0,386.0,16800
2022-02-03,386.8984375,392.0,392.0,376.0,384.0,29200
2022-02-04,408.61212158203125,414.0,470.0,384.0,392.0,201600
2022-02-07,404.6641845703125,410.0,414.0,390.0,414.0,91500
2022-02-08,404.6641845703125,410.0,424.0,402.0,410.0,14100
2022-02-09,402.6902160644531,408.0,420.0,392.0,420.0,36100
2022-02-10,404.6641845703125,410.0,450.0,408.0,408.0,74300
2022-02-11,400.71624755859375,406.0,410.0,396.0,410.0,75700
2022-02-14,386.8984375,392.0,406.0,392.0,406.0,56300
2022-02-15,408.61212158203125,414.0,414.0,388.0,392.0,37500
2022-02-16,400.71624755859375,406.0,412.0,394.0,412.0,17700
2022-02-17,388.8724060058594,394.0,404.0,394.0,404.0,18900
2022-02-18,394.7943115234375,400.0,410.0,390.0,408.0,171600
2022-02-21,400.71624755859375,406.0,406.0,380.0,398.0,168200
2022-02-22,388.8724060058594,394.0,406.0,386.0,386.0,202900
2022-02-23,404.6641845703125,410.0,410.0,380.0,394.0,158500
2022-02-24,388.8724060058594,394.0,410.0,386.0,410.0,91200
2022-02-25,375.0545959472656,380.0,394.0,380.0,394.0,41100
2022-03-01,379.0025634765625,384.0,396.0,384.0,396.0,2400
2022-03-02,379.0025634765625,384.0,398.0,380.0,384.0,27000
2022-03-04,373.08062744140625,378.0,386.0,370.0,380.0,73600
2022-03-07,371.1066589355469,376.0,380.0,372.0,372.0,66700
2022-03-08,355.31488037109375,360.0,392.0,360.0,376.0,183700
2022-03-09,367.1587219238281,372.0,372.0,362.0,362.0,18800
2022-03-10,367.1587219238281,372.0,378.0,372.0,372.0,32700
2022-03-11,384.9244689941406,390.0,390.0,352.0,372.0,196400
2022-03-14,380.9765319824219,386.0,390.0,372.0,390.0,27800
2022-03-15,384.9244689941406,390.0,392.0,374.0,392.0,5400
2022-03-16,382.95050048828125,388.0,390.0,380.0,390.0,29000
2022-03-17,386.8984375,392.0,392.0,376.0,376.0,10400
2022-03-18,386.8984375,392.0,400.0,368.0,392.0,44300
2022-03-21,390.84637451171875,396.0,396.0,384.0,390.0,14700
2022-03-22,398.7422790527344,404.0,406.0,378.0,384.0,38400
2022-03-23,371.1066589355469,376.0,404.0,376.0,404.0,302100
2022-03-24,371.1066589355469,376.0,380.0,372.0,380.0,40100
2022-03-25,373.08062744140625,378.0,378.0,374.0,378.0,36700
2022-03-28,347.41900634765625,352.0,378.0,352.0,378.0,443700
2022-03-29,343.4710693359375,348.0,372.0,340.0,356.0,226100
2022-03-30,321.75738525390625,326.0,350.0,324.0,350.0,427000
2022-03-31,323.7313537597656,328.0,334.0,326.0,326.0,44000
2022-04-01,327.6792907714844,332.0,348.0,328.0,340.0,84700
2022-04-04,321.75738525390625,326.0,348.0,310.0,348.0,540800
2022-04-05,305.9656066894531,310.0,322.0,304.0,318.0,297100
2022-04-06,309.9135437011719,314.0,316.0,310.0,312.0,60300
2022-04-07,307.9395751953125,312.0,330.0,312.0,314.0,62900
2022-04-08,311.88751220703125,316.0,316.0,310.0,312.0,72700
2022-04-11,311.88751220703125,316.0,316.0,294.0,316.0,578800
2022-04-12,290.173828125,294.0,310.0,294.0,310.0,406200
2022-04-13,294.12176513671875,298.0,306.0,292.0,298.0,180300
2022-04-14,292.1477966308594,296.0,324.0,296.0,298.0,103200
2022-04-18,303.99163818359375,308.0,308.0,296.0,296.0,49600
2022-04-19,292.1477966308594,296.0,318.0,288.0,308.0,615300
2022-04-20,292.1477966308594,296.0,298.0,290.0,298.0,62000
2022-04-21,278.3299865722656,282.0,310.0,278.0,294.0,572700
2022-04-22,286.22589111328125,290.0,294.0,282.0,282.0,40500
2022-04-25,282.2779541015625,286.0,290.0,286.0,290.0,119300
2022-04-26,284.2519226074219,288.0,294.0,276.0,286.0,80900
2022-04-27,286.22589111328125,290.0,290.0,284.0,288.0,19400
2022-04-28,286.22589111328125,290.0,294.0,288.0,290.0,43400
2022-05-09,268.46014404296875,272.0,300.0,270.0,290.0,230400
2022-05-10,280.303955078125,284.0,284.0,270.0,284.0,130200
2022-05-11,282.2779541015625,286.0,286.0,272.0,284.0,19600
2022-05-12,272.4080810546875,276.0,284.0,276.0,284.0,36800
2022-05-13,286.22589111328125,290.0,292.0,272.0,276.0,21900
2022-05-17,272.4080810546875,276.0,290.0,270.0,290.0,182400
2022-05-18,274.3820495605469,278.0,280.0,268.0,276.0,82600
2022-05-19,270.4341125488281,274.0,286.0,268.0,274.0,30700
2022-05-20,272.4080810546875,276.0,280.0,274.0,274.0,9300
2022-05-23,276.35601806640625,280.0,284.0,276.0,276.0,5700
2022-05-24,282.2779541015625,286.0,286.0,278.0,282.0,9200
2022-05-25,278.3299865722656,282.0,288.0,282.0,286.0,22100
2022-05-27,296.0957336425781,300.0,300.0,274.0,282.0,63500
2022-05-30,307.9395751953125,312.0,316.0,284.0,300.0,327600
2022-05-31,290.173828125,294.0,312.0,294.0,312.0,99800
2022-06-02,286.22589111328125,290.0,298.0,288.0,298.0,22200
2022-06-03,284.2519226074219,288.0,294.0,288.0,290.0,15500
2022-06-06,298.0697021484375,302.0,302.0,286.0,288.0,221600
2022-06-07,302.0176696777344,306.0,320.0,302.0,302.0,147500
2022-06-08,302.0176696777344,306.0,310.0,304.0,306.0,34700
2022-06-09,305.9656066894531,310.0,312.0,296.0,304.0,186700
2022-06-10,303.99163818359375,308.0,310.0,300.0,308.0,23900
2022-06-13,292.1477966308594,296.0,308.0,296.0,302.0,88900
2022-06-14,294.12176513671875,298.0,300.0,298.0,300.0,2200
2022-06-15,286.22589111328125,290.0,298.0,290.0,298.0,4600
2022-06-16,300.0436706542969,304.0,346.0,286.0,290.0,102300
2022-06-17,290.173828125,294.0,304.0,294.0,304.0,6400
2022-06-20,290.173828125,294.0,306.0,294.0,306.0,19200
2022-06-21,286.22589111328125,290.0,294.0,282.0,294.0,15400
2022-06-22,266.4861755371094,270.0,298.0,270.0,270.0,547700
2022-06-23,276.35601806640625,280.0,280.0,270.0,270.0,195900
2022-06-24,276.35601806640625,280.0,280.0,280.0,280.0,6700
2022-06-27,258.59027099609375,262.0,290.0,262.0,290.0,510700
2022-06-28,240.8245391845703,244.0,264.0,244.0,264.0,985500
2022-06-29,230.95468139648438,234.0,246.0,228.0,246.0,850800
2022-06-30,232.92864990234375,236.0,244.0,230.0,236.0,62100
2022-07-01,227.00672912597656,230.0,244.0,230.0,236.0,146900
2022-07-04,234.90261840820312,238.0,240.0,226.0,230.0,65600
2022-07-05,254.642333984375,258.0,268.0,236.0,238.0,163200
2022-07-06,256.6163024902344,260.0,266.0,250.0,252.0,24500
2022-07-07,250.69439697265625,254.0,264.0,250.0,260.0,15300
2022-07-08,246.74644470214844,250.0,256.0,250.0,254.0,28700
2022-07-11,242.7985076904297,246.0,250.0,242.0,250.0,7400
2022-07-12,248.72042846679688,252.0,256.0,246.0,246.0,37400
2022-07-13,250.69439697265625,254.0,268.0,244.0,252.0,6500
2022-07-14,240.8245391845703,244.0,254.0,244.0,252.0,25600
2022-07-15,250.69439697265625,254.0,262.0,242.0,262.0,35300
2022-07-18,250.69439697265625,254.0,254.0,244.0,254.0,30200
2022-07-19,246.74644470214844,250.0,258.0,248.0,254.0,40100
2022-07-20,254.642333984375,258.0,260.0,252.0,256.0,53000
2022-07-21,256.6163024902344,260.0,260.0,250.0,252.0,39900
2022-07-22,254.642333984375,258.0,260.0,254.0,260.0,10300
2022-07-25,254.642333984375,258.0,262.0,254.0,258.0,56300
2022-07-26,236.8765869140625,240.0,268.0,240.0,260.0,814500
2022-07-27,227.00672912597656,230.0,246.0,224.0,244.0,1200500
2022-07-28,228.980712890625,232.0,240.0,230.0,230.0,55600
2022-07-29,230.95468139648438,234.0,242.0,234.0,238.0,63900
2022-08-01,234.90261840820312,238.0,242.0,234.0,242.0,86100
2022-08-02,234.90261840820312,238.0,238.0,230.0,238.0,9800
2022-08-03,234.90261840820312,238.0,248.0,236.0,238.0,52800
2022-08-04,234.90261840820312,238.0,238.0,238.0,238.0,14700
2022-08-05,272.4080810546875,276.0,286.0,234.0,238.0,323900
2022-08-08,254.642333984375,258.0,276.0,258.0,274.0,541500
2022-08-09,256.6163024902344,260.0,260.0,252.0,256.0,79000
2022-08-10,248.72042846679688,252.0,258.0,244.0,258.0,73400
2022-08-11,252.66836547851562,256.0,260.0,250.0,252.0,58100
2022-08-12,248.72042846679688,252.0,256.0,250.0,252.0,47100
2022-08-15,246.74644470214844,250.0,260.0,250.0,252.0,334700
2022-08-16,242.7985076904297,246.0,256.0,246.0,250.0,57300
2022-08-18,250.69439697265625,254.0,256.0,246.0,246.0,309000
2022-08-19,254.642333984375,258.0,258.0,250.0,256.0,66600
2022-08-22,252.66836547851562,256.0,260.0,254.0,258.0,149500
2022-08-23,254.642333984375,258.0,258.0,256.0,256.0,19000
2022-08-24,252.66836547851562,256.0,260.0,256.0,256.0,13800
2022-08-25,254.642333984375,258.0,268.0,250.0,252.0,370200
2022-08-26,254.642333984375,258.0,258.0,254.0,258.0,36700
2022-08-29,252.66836547851562,256.0,258.0,252.0,258.0,123200
2022-08-30,252.66836547851562,256.0,258.0,252.0,252.0,27200
2022-08-31,256.6163024902344,260.0,260.0,254.0,256.0,237100
2022-09-01,254.642333984375,258.0,262.0,254.0,262.0,242400
2022-09-02,254.642333984375,258.0,262.0,256.0,260.0,4900
2022-09-05,258.59027099609375,262.0,262.0,258.0,258.0,32900
2022-09-06,256.6163024902344,260.0,260.0,256.0,256.0,12700
2022-09-07,254.642333984375,258.0,260.0,258.0,260.0,54500
2022-09-08,258.59027099609375,262.0,262.0,256.0,258.0,51300
2022-09-09,252.66836547851562,256.0,262.0,256.0,262.0,59900
2022-09-12,250.69439697265625,254.0,256.0,254.0,256.0,1400
2022-09-13,254.642333984375,258.0,258.0,254.0,254.0,23700
2022-09-14,252.66836547851562,256.0,260.0,256.0,258.0,14500
2022-09-15,250.69439697265625,254.0,272.0,254.0,256.0,126600
2022-09-16,252.66836547851562,256.0,270.0,254.0,268.0,13000
2022-09-19,248.72042846679688,252.0,320.0,240.0,256.0,9070000
2022-09-20,262.5382385253906,266.0,298.0,252.0,252.0,5751200
2022-09-21,258.59027099609375,262.0,272.0,256.0,266.0,357600
2022-09-22,254.642333984375,258.0,270.0,254.0,262.0,618200
2022-09-23,254.642333984375,258.0,266.0,254.0,258.0,438700
2022-09-26,250.69439697265625,254.0,258.0,252.0,258.0,169200
2022-09-27,256.6163024902344,260.0,262.0,252.0,254.0,140800
2022-09-28,248.72042846679688,252.0,260.0,250.0,260.0,63100
2022-09-29,254.642333984375,258.0,268.0,250.0,252.0,321900
2022-09-30,252.66836547851562,256.0,264.0,252.0,254.0,148000
2022-10-03,246.74644470214844,250.0,256.0,250.0,252.0,188000
2022-10-04,248.72042846679688,252.0,254.0,250.0,250.0,98800
2022-10-05,252.66836547851562,256.0,260.0,252.0,252.0,54100
2022-10-06,252.66836547851562,256.0,258.0,254.0,256.0,54500
2022-10-07,250.69439697265625,254.0,260.0,254.0,256.0,1500
2022-10-10,264.51220703125,268.0,268.0,254.0,254.0,108800
2022-10-11,258.59027099609375,262.0,272.0,258.0,270.0,98100
2022-10-12,254.642333984375,258.0,264.0,252.0,262.0,187000
2022-10-13,254.642333984375,258.0,266.0,256.0,258.0,156000
2022-10-14,256.6163024902344,260.0,264.0,258.0,264.0,13400
2022-10-17,248.72042846679688,252.0,258.0,252.0,258.0,47800
2022-10-18,246.74644470214844,250.0,254.0,250.0,252.0,23900
2022-10-19,246.74644470214844,250.0,256.0,248.0,250.0,58100
2022-10-20,248.72042846679688,252.0,252.0,246.0,252.0,19900
2022-10-21,246.74644470214844,250.0,264.0,248.0,248.0,184200
2022-10-24,248.72042846679688,252.0,258.0,250.0,250.0,16500
2022-10-25,246.74644470214844,250.0,256.0,248.0,252.0,119200
2022-10-26,246.74644470214844,250.0,250.0,248.0,250.0,181300
2022-10-27,248.72042846679688,252.0,256.0,250.0,250.0,58500
2022-10-28,250.69439697265625,254.0,254.0,254.0,254.0,100
2022-10-31,250.69439697265625,254.0,256.0,252.0,254.0,33800
2022-11-01,250.69439697265625,254.0,254.0,254.0,254.0,3800
2022-11-02,250.69439697265625,254.0,254.0,254.0,254.0,4500
2022-11-03,246.74644470214844,250.0,258.0,250.0,254.0,59400
2022-11-04,254.642333984375,258.0,260.0,250.0,254.0,32500
2022-11-07,252.66836547851562,256.0,258.0,252.0,258.0,22300
2022-11-08,254.642333984375,258.0,258.0,254.0,256.0,6500
2022-11-09,246.74644470214844,250.0,252.0,240.0,252.0,1345200
2022-11-10,254.642333984375,258.0,258.0,250.0,250.0,14800
2022-11-11,248.72042846679688,252.0,256.0,248.0,252.0,101400
2022-11-14,254.642333984375,258.0,258.0,250.0,254.0,19100
2022-11-15,256.6163024902344,260.0,260.0,250.0,258.0,83700
2022-11-16,274.3820495605469,278.0,286.0,260.0,260.0,1180200
2022-11-17,268.46014404296875,272.0,284.0,268.0,284.0,109800
2022-11-18,254.642333984375,258.0,276.0,254.0,272.0,678800
2022-11-21,262.5382385253906,266.0,274.0,262.0,262.0,160500
2022-11-22,266.4861755371094,270.0,274.0,266.0,268.0,89600
2022-11-23,258.59027099609375,262.0,270.0,262.0,270.0,113400
2022-11-24,262.5382385253906,266.0,270.0,258.0,262.0,38900
2022-11-25,268.46014404296875,272.0,272.0,262.0,266.0,176600
2022-11-28,266.4861755371094,270.0,270.0,260.0,262.0,30400
2022-11-29,262.5382385253906,266.0,270.0,260.0,270.0,50100
2022-11-30,254.642333984375,258.0,262.0,256.0,262.0,53100
2022-12-01,256.6163024902344,260.0,268.0,254.0,258.0,45000
2022-12-02,250.69439697265625,254.0,260.0,252.0,260.0,16900
2022-12-05,256.6163024902344,260.0,268.0,254.0,254.0,160400
2022-12-06,250.69439697265625,254.0,262.0,248.0,262.0,187700
2022-12-07,252.66836547851562,256.0,256.0,252.0,254.0,31300
2022-12-08,250.69439697265625,254.0,256.0,250.0,256.0,52500
2022-12-09,248.72042846679688,252.0,254.0,250.0,254.0,17100
2022-12-12,248.72042846679688,252.0,254.0,248.0,254.0,29600
2022-12-13,250.69439697265625,254.0,258.0,252.0,258.0,500
2022-12-14,246.74644470214844,250.0,254.0,248.0,254.0,3300
2022-12-15,256.6163024902344,260.0,260.0,250.0,250.0,37300
2022-12-16,252.66836547851562,256.0,264.0,250.0,264.0,50600
2022-12-19,242.7985076904297,246.0,256.0,240.0,256.0,77600
2022-12-20,246.74644470214844,250.0,256.0,246.0,246.0,22500
2022-12-21,230.95468139648438,234.0,254.0,234.0,254.0,985600
2022-12-22,223.0587921142578,226.0,234.0,218.0,234.0,767800
2022-12-23,223.0587921142578,226.0,228.0,222.0,226.0,7800
2022-12-26,225.0327606201172,228.0,230.0,222.0,228.0,32800
2022-12-27,230.95468139648438,234.0,236.0,228.0,228.0,72900
2022-12-28,215.16290283203125,218.0,230.0,218.0,230.0,1158700
2022-12-29,209.24099731445312,212.0,226.0,204.0,224.0,933800
2022-12-30,205.2930450439453,208.0,212.0,204.0,212.0,116100
2023-01-02,205.2930450439453,208.0,212.0,206.0,208.0,31000
2023-01-03,209.24099731445312,212.0,212.0,208.0,210.0,24700
2023-01-04,209.24099731445312,212.0,216.0,208.0,214.0,83100
2023-01-05,207.2670135498047,210.0,222.0,208.0,222.0,29700
2023-01-06,211.2149658203125,214.0,214.0,210.0,210.0,15600
2023-01-09,213.18893432617188,216.0,240.0,214.0,214.0,73800
2023-01-10,215.16290283203125,218.0,218.0,214.0,216.0,30900
2023-01-11,213.18893432617188,216.0,218.0,216.0,218.0,70700
2023-01-12,213.18893432617188,216.0,218.0,214.0,214.0,800
2023-01-13,213.18893432617188,216.0,218.0,214.0,218.0,61500
2023-01-16,215.16290283203125,218.0,224.0,216.0,216.0,64500
2023-01-17,215.16290283203125,218.0,218.0,212.0,218.0,7000
2023-01-18,201.34510803222656,204.0,218.0,204.0,212.0,330700
2023-01-19,187.5272979736328,190.0,212.0,190.0,208.0,1345200
2023-01-20,185.55332946777344,188.0,193.0,180.0,190.0,173100
2023-01-24,190.48826599121094,193.0,194.0,187.0,188.0,123100
2023-01-25,195.42318725585938,198.0,198.0,192.0,193.0,37900
2023-01-26,196.41017150878906,199.0,200.0,198.0,199.0,59700
2023-01-27,196.41017150878906,199.0,200.0,199.0,199.0,11400
2023-01-30,197.39715576171875,200.0,210.0,199.0,199.0,37300
2023-01-31,197.39715576171875,200.0,200.0,199.0,199.0,16400
2023-02-01,197.39715576171875,200.0,200.0,199.0,200.0,36000
2023-02-02,196.41017150878906,199.0,200.0,199.0,199.0,64400
2023-02-03,196.41017150878906,199.0,200.0,198.0,198.0,46100
2023-02-06,196.41017150878906,199.0,200.0,199.0,199.0,51800
2023-02-07,197.39715576171875,200.0,200.0,199.0,200.0,8300
2023-02-08,195.42318725585938,198.0,230.0,195.0,200.0,374800
2023-02-09,197.39715576171875,200.0,200.0,190.0,198.0,244900
2023-02-10,192.4622344970703,195.0,200.0,195.0,195.0,14800
2023-02-13,196.41017150878906,199.0,200.0,196.0,198.0,1000
2023-02-14,197.39715576171875,200.0,200.0,199.0,199.0,95000
2023-02-15,197.39715576171875,200.0,200.0,196.0,200.0,10800
2023-02-16,197.39715576171875,200.0,200.0,196.0,200.0,31000
2023-02-17,197.39715576171875,200.0,200.0,191.0,199.0,31600
2023-02-20,197.39715576171875,200.0,200.0,197.0,200.0,30800
2023-02-21,195.42318725585938,198.0,200.0,198.0,198.0,36000
2023-02-22,196.41017150878906,199.0,204.0,197.0,198.0,35600
2023-02-23,197.39715576171875,200.0,204.0,199.0,199.0,122300
2023-02-24,187.5272979736328,190.0,199.0,186.0,198.0,1930700
2023-02-27,187.5272979736328,190.0,195.0,186.0,188.0,89600
2023-02-28,186.54031372070312,189.0,191.0,188.0,190.0,256900
2023-03-01,195.42318725585938,198.0,200.0,190.0,190.0,358700
2023-03-02,182.59237670898438,185.0,202.0,185.0,198.0,1327000
2023-03-03,177.65744018554688,180.0,189.0,178.0,185.0,873200
2023-03-06,177.65744018554688,180.0,189.0,180.0,180.0,290000
2023-03-07,175.6834716796875,178.0,184.0,170.0,180.0,402300
2023-03-08,172.72251892089844,175.0,180.0,172.0,178.0,129500
2023-03-09,174.6964874267578,177.0,184.0,175.0,175.0,170600
2023-03-10,182.59237670898438,185.0,185.0,175.0,177.0,51800
2023-03-13,177.65744018554688,180.0,184.0,175.0,184.0,14900
2023-03-14,170.74855041503906,173.0,179.0,173.0,175.0,38900
2023-03-15,169.7615509033203,172.0,180.0,169.0,178.0,23200
2023-03-16,168.77456665039062,171.0,179.0,170.0,170.0,64300
2023-03-17,174.6964874267578,177.0,184.0,171.0,171.0,91100
2023-03-20,172.72251892089844,175.0,176.0,175.0,176.0,25000
2023-03-21,166.80059814453125,169.0,172.0,163.0,171.0,385900
2023-03-24,155.94375610351562,158.0,228.0,158.0,228.0,1235700
2023-03-27,148.04786682128906,150.0,158.0,147.0,158.0,2107300
2023-03-28,151.0088348388672,153.0,154.0,147.0,149.0,182000
2023-03-29,151.99581909179688,154.0,154.0,150.0,153.0,226600
2023-03-30,142.12596130371094,144.0,154.0,144.0,154.0,1014200
2023-03-31,144.0999298095703,146.0,150.0,139.0,144.0,456900
2023-04-03,134.23007202148438,136.0,146.0,136.0,146.0,2003200
2023-04-04,128.3081512451172,130.0,139.0,127.0,136.0,1316400
2023-04-05,126.33418273925781,128.0,131.0,125.0,130.0,551000
2023-04-06,133.2430877685547,135.0,137.0,128.0,128.0,562800
2023-04-10,128.3081512451172,130.0,135.0,128.0,135.0,468000
2023-04-11,133.2430877685547,135.0,137.0,130.0,131.0,288600
2023-04-12,133.2430877685547,135.0,135.0,130.0,135.0,86000
2023-04-13,126.33418273925781,128.0,135.0,126.0,135.0,678600
2023-04-14,121.39925384521484,123.0,129.0,120.0,129.0,1850100
2023-04-17,122.38623809814453,124.0,130.0,118.0,130.0,187800
2023-04-18,123.37322235107422,125.0,130.0,120.0,126.0,88200
2023-04-26,125.34719848632812,127.0,131.0,124.0,126.0,94000
2023-04-27,125.34719848632812,127.0,141.0,125.0,131.0,145300
2023-04-28,125.34719848632812,127.0,129.0,127.0,127.0,291200
2023-05-02,131.2691192626953,133.0,133.0,127.0,127.0,1016800
2023-05-03,134.23007202148438,136.0,140.0,132.0,133.0,407100
2023-05-04,132.256103515625,134.0,137.0,134.0,136.0,214500
2023-05-05,132.256103515625,134.0,137.0,128.0,133.0,326200
2023-05-08,133.2430877685547,135.0,138.0,130.0,132.0,128100
2023-05-09,135.21705627441406,137.0,137.0,131.0,135.0,69000
2023-05-10,142.12596130371094,144.0,146.0,135.0,137.0,447500
2023-05-11,144.0999298095703,146.0,146.0,141.0,144.0,240300
2023-05-12,148.04786682128906,150.0,159.0,140.0,143.0,555600
2023-05-15,148.04786682128906,150.0,159.0,140.0,150.0,1893600
2023-05-16,146.0738983154297,148.0,154.0,140.0,141.0,2438700
2023-05-17,136.20404052734375,138.0,148.0,138.0,145.0,2469700
2023-05-19,132.256103515625,134.0,138.0,129.0,137.0,1446500
2023-05-22,137.19102478027344,139.0,142.0,132.0,132.0,361500
2023-05-23,142.12596130371094,144.0,147.0,142.0,142.0,141200
2023-05-24,143.11294555664062,145.0,148.0,142.0,144.0,63400
2023-05-25,143.11294555664062,145.0,147.0,143.0,147.0,65400
2023-05-26,144.0999298095703,146.0,148.0,135.0,147.0,647500
2023-05-29,143.11294555664062,145.0,146.0,141.0,146.0,79600
2023-05-30,145.0869140625,147.0,147.0,143.0,145.0,77900
2023-05-31,144.0999298095703,146.0,147.0,143.0,147.0,164900
2023-06-05,146.0738983154297,148.0,148.0,145.0,147.0,60000
2023-06-06,134.23007202148438,136.0,148.0,136.0,148.0,237200
2023-06-07,154.95677185058594,157.0,179.0,138.0,140.0,4474100
2023-06-08,167.78758239746094,170.0,172.0,155.0,159.0,1783200
2023-06-09,152.98280334472656,155.0,173.0,154.0,170.0,982700
2023-06-12,148.04786682128906,150.0,155.0,147.0,155.0,733000
2023-06-13,150.02183532714844,152.0,154.0,149.0,151.0,259300
2023-06-14,184.56634521484375,187.0,198.0,152.0,152.0,8412100
2023-06-15,181.6053924560547,184.0,190.0,170.0,189.0,961900
2023-06-16,179.63140869140625,182.0,185.0,175.0,185.0,610900
2023-06-19,190.48826599121094,193.0,200.0,178.0,178.0,1316100
2023-06-20,195.42318725585938,198.0,250.0,193.0,193.0,13159700
2023-06-21,199.3711395263672,202.0,212.0,196.0,199.0,1388200
2023-06-22,184.56634521484375,187.0,200.0,187.0,200.0,1163900
2023-06-23,192.4622344970703,195.0,202.0,180.0,187.0,1147000
2023-06-26,190.48826599121094,193.0,200.0,192.0,195.0,295900
2023-06-27,207.2670135498047,210.0,220.0,194.0,194.0,1976400
2023-07-03,207.2670135498047,210.0,222.0,196.0,212.0,1913700
2023-07-04,207.2670135498047,210.0,216.0,202.0,212.0,253200
2023-07-05,211.2149658203125,214.0,216.0,202.0,208.0,1331800
2023-07-06,211.2149658203125,214.0,216.0,210.0,214.0,218000
2023-07-07,207.2670135498047,210.0,214.0,204.0,212.0,512600
2023-07-10,203.31907653808594,206.0,212.0,204.0,210.0,416800
2023-07-11,203.31907653808594,206.0,208.0,199.0,204.0,325500
2023-07-12,197.39715576171875,200.0,206.0,198.0,204.0,177600
2023-07-13,189.50128173828125,192.0,200.0,190.0,199.0,498100
2023-07-14,189.50128173828125,192.0,196.0,188.0,192.0,291500
2023-07-17,199.3711395263672,202.0,204.0,192.0,193.0,389100
2023-07-18,194.4362030029297,197.0,204.0,197.0,202.0,156200
2023-07-20,189.50128173828125,192.0,202.0,187.0,198.0,732400
2023-07-21,187.5272979736328,190.0,197.0,187.0,191.0,138000
2023-07-24,196.41017150878906,199.0,210.0,190.0,190.0,598700
2023-07-25,199.3711395263672,202.0,208.0,198.0,208.0,179900
2023-07-26,189.50128173828125,192.0,202.0,190.0,202.0,727000
2023-07-27,193.44921875,196.0,199.0,192.0,195.0,208200
2023-07-28,193.44921875,196.0,200.0,193.0,196.0,105500
2023-07-31,223.0587921142578,226.0,264.0,197.0,199.0,25037000
2023-08-01,225.0327606201172,228.0,236.0,212.0,228.0,5005700
2023-08-02,227.00672912597656,230.0,242.0,216.0,228.0,4353600
2023-08-03,234.90261840820312,238.0,244.0,228.0,230.0,2199900
2023-08-04,234.90261840820312,238.0,248.0,238.0,240.0,2056300
2023-08-07,240.8245391845703,244.0,246.0,234.0,240.0,2540800
2023-08-08,300.0436706542969,304.0,304.0,244.0,244.0,21753900
2023-08-09,296.0957336425781,300.0,346.0,300.0,324.0,24193000
2023-08-10,282.2779541015625,286.0,304.0,274.0,300.0,5604700
2023-08-11,272.4080810546875,276.0,288.0,270.0,288.0,2163900
2023-08-14,300.0436706542969,304.0,326.0,276.0,276.0,17623400
2023-08-15,290.173828125,294.0,308.0,292.0,308.0,3003800
2023-08-16,305.9656066894531,310.0,324.0,290.0,292.0,7939500
2023-08-18,298.0697021484375,302.0,324.0,300.0,324.0,4929300
2023-08-21,290.173828125,294.0,312.0,292.0,302.0,1843300
2023-08-22,298.0697021484375,302.0,304.0,280.0,294.0,1722000
2023-08-23,294.12176513671875,298.0,306.0,296.0,302.0,752500
2023-08-24,288.1998596191406,292.0,308.0,288.0,300.0,2132400
2023-08-25,288.1998596191406,292.0,304.0,290.0,292.0,1476700
2023-08-28,294.12176513671875,298.0,300.0,290.0,294.0,1059400
2023-08-29,294.12176513671875,298.0,316.0,292.0,300.0,3404500
2023-08-30,305.9656066894531,310.0,328.0,298.0,302.0,4614700
2023-08-31,373.08062744140625,378.0,386.0,314.0,314.0,25021900
2023-09-01,355.31488037109375,360.0,390.0,360.0,380.0,5634300
2023-09-04,373.08062744140625,378.0,408.0,332.0,360.0,7815500
2023-09-05,440.1956787109375,446.0,468.0,378.0,378.0,34679500
2023-09-06,481.6490783691406,488.0,515.0,448.0,450.0,26638500
2023-09-07,455.9874267578125,462.0,498.0,456.0,492.0,6305300
2023-09-08,467.8312683105469,474.0,490.0,440.0,462.0,5919000
2023-09-11,477.7011413574219,484.0,486.0,464.0,478.0,3425100
2023-09-12,461.90936279296875,468.0,494.0,462.0,480.0,3235200
2023-09-13,440.1956787109375,446.0,472.0,442.0,468.0,3445000
2023-09-14,390.84637451171875,396.0,444.0,386.0,444.0,7233100
2023-09-15,406.6381530761719,412.0,452.0,390.0,396.0,8319400
2023-09-18,406.6381530761719,412.0,434.0,412.0,412.0,2622500
2023-09-19,414.5340270996094,420.0,428.0,410.0,410.0,1813000
2023-09-20,400.71624755859375,406.0,428.0,406.0,424.0,1314800
2023-09-21,388.8724060058594,394.0,420.0,394.0,406.0,1612800
2023-09-22,355.31488037109375,360.0,404.0,360.0,394.0,3824400
2023-09-25,365.18475341796875,370.0,382.0,346.0,360.0,3223500
2023-09-26,349.3929748535156,354.0,374.0,350.0,368.0,1262700
2023-09-27,355.31488037109375,360.0,380.0,354.0,358.0,2281800
2023-09-29,363.2107849121094,368.0,374.0,362.0,362.0,874600
2023-10-02,353.3409118652344,358.0,368.0,358.0,368.0,915800
2023-10-03,355.31488037109375,360.0,364.0,356.0,360.0,731800
2023-10-04,353.3409118652344,358.0,360.0,322.0,360.0,3421000
2023-10-05,382.95050048828125,388.0,432.0,354.0,354.0,4298800
2023-10-06,428.3518371582031,434.0,440.0,390.0,392.0,7836500
2023-10-09,406.6381530761719,412.0,450.0,410.0,440.0,3132400
2023-10-10,404.6641845703125,410.0,432.0,386.0,412.0,2639000
2023-10-11,404.6641845703125,410.0,428.0,406.0,408.0,1292700
2023-10-12,396.7682800292969,402.0,424.0,402.0,416.0,1153500
2023-10-13,412.56005859375,418.0,428.0,402.0,402.0,2515000
2023-10-16,410.5860900878906,416.0,426.0,410.0,418.0,1780900
2023-10-17,469.80523681640625,476.0,492.0,414.0,418.0,9772800
2023-10-18,446.1175842285156,452.0,486.0,440.0,484.0,6417300
2023-10-19,426.37786865234375,432.0,460.0,428.0,446.0,1963900
2023-10-20,438.2217102050781,444.0,454.0,424.0,434.0,1597200
2023-10-23,424.4039001464844,430.0,462.0,430.0,444.0,1572800
2023-10-24,414.5340270996094,420.0,450.0,418.0,440.0,1331100
2023-10-25,418.48199462890625,424.0,430.0,410.0,426.0,624500
2023-10-26,418.48199462890625,424.0,434.0,420.0,428.0,1394000
2023-10-27,412.56005859375,418.0,434.0,412.0,426.0,1914900
2023-10-30,418.48199462890625,424.0,438.0,412.0,424.0,2821500
2023-10-31,418.48199462890625,424.0,430.0,414.0,422.0,782000
2023-11-01,371.1066589355469,376.0,436.0,376.0,424.0,4321000
2023-11-02,382.95050048828125,388.0,420.0,356.0,380.0,2731500
2023-11-03,384.9244689941406,390.0,410.0,362.0,388.0,2439500
2023-11-06,371.1066589355469,376.0,400.0,370.0,390.0,1169600
2023-11-07,373.08062744140625,378.0,400.0,350.0,376.0,3318500
2023-11-08,367.1587219238281,372.0,384.0,370.0,378.0,512500
2023-11-09,357.2888488769531,362.0,378.0,360.0,374.0,522100
2023-11-10,315.83544921875,320.0,374.0,320.0,366.0,4871600
2023-11-13,302.0176696777344,306.0,330.0,302.0,322.0,1559900
2023-11-14,347.41900634765625,352.0,380.0,302.0,306.0,7591200
2023-11-15,396.7682800292969,402.0,420.0,342.0,354.0,8485300
2023-11-16,408.61212158203125,414.0,442.0,376.0,402.0,7427100
2023-11-17,416.50799560546875,422.0,448.0,414.0,430.0,4762700
2023-11-20,345.4450378417969,350.0,430.0,334.0,426.0,11675400
2023-11-21,347.41900634765625,352.0,358.0,340.0,348.0,1674900
2023-11-22,341.4971008300781,346.0,358.0,336.0,356.0,2274100
2023-11-23,335.5751647949219,340.0,360.0,336.0,346.0,1750000
2023-11-24,327.6792907714844,332.0,354.0,330.0,340.0,2079600
2023-11-27,347.41900634765625,352.0,352.0,334.0,334.0,1138500
2023-11-28,351.366943359375,356.0,358.0,348.0,352.0,838500
2023-11-29,361.23681640625,366.0,378.0,358.0,358.0,1950600
2023-11-30,357.2888488769531,362.0,382.0,350.0,370.0,3147900
2023-12-01,351.366943359375,356.0,368.0,338.0,364.0,1067200
2023-12-04,335.5751647949219,340.0,358.0,340.0,356.0,1129100
2023-12-05,333.6011962890625,338.0,354.0,338.0,340.0,543900
2023-12-06,335.5751647949219,340.0,350.0,336.0,338.0,827400
2023-12-07,327.6792907714844,332.0,342.0,330.0,340.0,397900
2023-12-08,331.6272277832031,336.0,348.0,312.0,332.0,2374600
2023-12-11,315.83544921875,320.0,340.0,320.0,336.0,374000
2023-12-12,323.7313537597656,328.0,342.0,324.0,324.0,272100
2023-12-13,327.6792907714844,332.0,340.0,324.0,332.0,276900
2023-12-14,329.65325927734375,334.0,338.0,326.0,332.0,188300
2023-12-15,329.65325927734375,334.0,340.0,328.0,334.0,117400
2023-12-18,315.83544921875,320.0,340.0,320.0,340.0,540500
2023-12-19,317.8094177246094,322.0,324.0,320.0,320.0,719300
2023-12-20,311.88751220703125,316.0,322.0,314.0,322.0,489600
2023-12-21,305.9656066894531,310.0,318.0,310.0,318.0,338500
2023-12-22,311.88751220703125,316.0,322.0,308.0,308.0,199200
2023-12-27,319.78338623046875,324.0,328.0,314.0,320.0,300200
2023-12-28,319.78338623046875,324.0,330.0,314.0,320.0,432000
2023-12-29,371.1066589355469,376.0,396.0,320.0,328.0,10547100
2024-01-02,396.7682800292969,402.0,416.0,370.0,382.0,6108900
2024-01-03,396.7682800292969,402.0,420.0,382.0,404.0,4145600
2024-01-04,375.0545959472656,380.0,408.0,380.0,404.0,1045100
2024-01-05,361.23681640625,366.0,386.0,360.0,380.0,803200
2024-01-08,369.1326904296875,374.0,384.0,360.0,366.0,678800
2024-01-09,355.31488037109375,360.0,374.0,360.0,374.0,327500
2024-01-10,351.366943359375,356.0,386.0,356.0,362.0,679100
2024-01-11,345.4450378417969,350.0,362.0,348.0,356.0,428000
2024-01-12,337.54913330078125,342.0,360.0,336.0,360.0,558300
2024-01-15,335.5751647949219,340.0,350.0,338.0,340.0,216600
2024-01-16,335.5751647949219,340.0,350.0,340.0,344.0,330800
2024-01-17,333.6011962890625,338.0,346.0,338.0,346.0,485100
2024-01-18,331.6272277832031,336.0,342.0,336.0,338.0,383300
2024-01-19,333.6011962890625,338.0,344.0,336.0,336.0,116500
2024-01-22,325.705322265625,330.0,342.0,328.0,338.0,723400
2024-01-23,325.705322265625,330.0,338.0,328.0,338.0,178100
2024-01-24,327.6792907714844,332.0,338.0,330.0,332.0,191800
2024-01-25,329.65325927734375,334.0,360.0,330.0,332.0,877900
2024-01-26,327.6792907714844,332.0,342.0,332.0,340.0,164800
2024-01-29,327.6792907714844,332.0,342.0,330.0,332.0,247200
2024-01-30,331.6272277832031,336.0,342.0,330.0,332.0,207300
2024-01-31,339.5231018066406,344.0,352.0,334.0,334.0,1100700
2024-02-01,337.54913330078125,342.0,360.0,340.0,346.0,2044900
2024-02-02,335.5751647949219,340.0,348.0,330.0,348.0,337500
2024-02-05,325.705322265625,330.0,346.0,328.0,340.0,416400
2024-02-06,329.65325927734375,334.0,342.0,332.0,336.0,392200
2024-02-07,331.6272277832031,336.0,342.0,330.0,332.0,183400
2024-02-12,319.78338623046875,324.0,336.0,320.0,336.0,458600
2024-02-13,317.8094177246094,322.0,338.0,322.0,324.0,322400
2024-02-15,321.75738525390625,326.0,330.0,322.0,326.0,156700
2024-02-16,325.705322265625,330.0,338.0,324.0,324.0,59600
2024-02-19,321.75738525390625,326.0,334.0,320.0,330.0,142600
2024-02-20,333.6011962890625,338.0,344.0,328.0,330.0,626500
2024-02-21,335.5751647949219,340.0,344.0,330.0,338.0,541100
2024-02-22,333.6011962890625,338.0,342.0,330.0,340.0,422500
2024-02-23,323.7313537597656,328.0,338.0,328.0,334.0,145900
2024-02-26,327.6792907714844,332.0,340.0,328.0,330.0,77000
2024-02-27,337.54913330078125,342.0,342.0,332.0,332.0,542900
2024-02-28,327.6792907714844,332.0,346.0,332.0,342.0,441100
2024-02-29,337.54913330078125,342.0,344.0,332.0,334.0,417600
2024-03-01,335.5751647949219,340.0,342.0,332.0,342.0,419600
2024-03-04,337.54913330078125,342.0,344.0,332.0,342.0,292300
2024-03-05,327.6792907714844,332.0,344.0,328.0,342.0,400100
2024-03-06,323.7313537597656,328.0,340.0,328.0,332.0,669400
2024-03-07,335.5751647949219,340.0,340.0,330.0,336.0,248400
2024-03-08,333.6011962890625,338.0,340.0,332.0,340.0,212100
2024-03-13,331.6272277832031,336.0,338.0,330.0,338.0,56700
2024-03-14,331.6272277832031,336.0,338.0,328.0,336.0,480100
2024-03-15,329.65325927734375,334.0,336.0,330.0,336.0,355800
2024-03-18,327.6792907714844,332.0,336.0,330.0,334.0,116600
2024-03-19,325.705322265625,330.0,338.0,330.0,330.0,475200
2024-03-20,323.7313537597656,328.0,336.0,326.0,336.0,297300
2024-03-21,327.6792907714844,332.0,334.0,326.0,328.0,299300
2024-03-22,329.65325927734375,334.0,336.0,324.0,332.0,538100
2024-03-25,329.65325927734375,334.0,334.0,324.0,334.0,430900
2024-03-26,329.65325927734375,334.0,338.0,326.0,338.0,730900
2024-03-27,329.65325927734375,334.0,338.0,330.0,334.0,751000
2024-03-28,329.65325927734375,334.0,338.0,326.0,336.0,445000
2024-04-01,329.65325927734375,334.0,334.0,322.0,334.0,549700
2024-04-02,321.75738525390625,326.0,332.0,324.0,332.0,488900
2024-04-03,303.99163818359375,308.0,328.0,308.0,328.0,1071100
2024-04-04,303.99163818359375,308.0,314.0,304.0,310.0,248400
2024-04-05,305.9656066894531,310.0,322.0,302.0,308.0,724300
2024-04-16,284.2519226074219,288.0,310.0,288.0,310.0,822800
2024-04-17,280.303955078125,284.0,304.0,278.0,290.0,1263200
2024-04-18,278.3299865722656,282.0,296.0,276.0,284.0,192400
2024-04-19,258.59027099609375,262.0,290.0,258.0,290.0,347600
2024-04-22,238.85057067871094,242.0,262.0,238.0,262.0,448900
2024-04-23,254.642333984375,258.0,280.0,240.0,242.0,334900
2024-04-24,242.7985076904297,246.0,258.0,240.0,258.0,660100
2024-04-25,238.85057067871094,242.0,256.0,238.0,246.0,426700
2024-04-26,236.8765869140625,240.0,246.0,232.0,240.0,186200
2024-04-29,234.90261840820312,238.0,246.0,208.0,246.0,122700
2024-04-30,236.8765869140625,240.0,240.0,234.0,238.0,236200
2024-05-02,234.90261840820312,238.0,244.0,236.0,244.0,72600
2024-05-03,232.92864990234375,236.0,244.0,232.0,240.0,99800
2024-05-06,240.8245391845703,244.0,248.0,238.0,240.0,233100
2024-05-07,236.8765869140625,240.0,248.0,238.0,246.0,169400
2024-05-08,234.90261840820312,238.0,244.0,230.0,240.0,98100
2024-05-13,254.642333984375,258.0,262.0,238.0,240.0,380100
2024-05-14,288.1998596191406,292.0,310.0,262.0,262.0,2100500
2024-05-15,280.303955078125,284.0,302.0,268.0,292.0,806400
2024-05-16,278.3299865722656,282.0,290.0,266.0,266.0,466800
2024-05-17,272.4080810546875,276.0,288.0,274.0,286.0,250900
2024-05-20,278.3299865722656,282.0,284.0,276.0,276.0,318800
2024-05-21,280.303955078125,284.0,292.0,280.0,282.0,254900
2024-05-22,292.1477966308594,296.0,314.0,284.0,286.0,1716100
2024-05-27,284.2519226074219,288.0,298.0,288.0,298.0,279700
2024-05-28,284.2519226074219,288.0,294.0,276.0,294.0,160500
2024-05-29,276.35601806640625,280.0,288.0,278.0,288.0,138900
2024-05-30,288.1998596191406,292.0,314.0,280.0,284.0,1078000
2024-05-31,296.0957336425781,300.0,320.0,294.0,298.0,615900
2024-06-03,296.0957336425781,300.0,310.0,292.0,300.0,451800
2024-06-04,294.12176513671875,298.0,308.0,296.0,300.0,93200
2024-06-05,294.12176513671875,298.0,300.0,282.0,298.0,109400
2024-06-06,278.3299865722656,282.0,298.0,276.0,298.0,478300
2024-06-07,272.0,272.0,280.0,270.0,280.0,220300
2024-06-10,268.0,268.0,280.0,266.0,270.0,78800
2024-06-11,254.0,254.0,270.0,252.0,268.0,67700
2024-06-12,262.0,262.0,272.0,252.0,256.0,39700
2024-06-13,272.0,272.0,274.0,262.0,262.0,28700
2024-06-14,264.0,264.0,276.0,250.0,276.0,69000
2024-06-19,268.0,268.0,276.0,250.0,258.0,126300
2024-06-20,272.0,272.0,274.0,266.0,268.0,36300
2024-06-21,274.0,274.0,274.0,262.0,274.0,13000
2024-06-24,274.0,274.0,274.0,272.0,274.0,6200
2024-06-25,268.0,268.0,278.0,260.0,270.0,270000
2024-06-26,274.0,274.0,278.0,268.0,274.0,47700
2024-06-27,274.0,274.0,280.0,268.0,274.0,11200
2024-06-28,312.0,312.0,312.0,266.0,274.0,446900
2024-07-01,290.0,290.0,310.0,280.0,310.0,294800
2024-07-02,302.0,302.0,334.0,280.0,282.0,1452000
2024-07-03,272.0,272.0,302.0,270.0,302.0,1290500
2024-07-04,284.0,284.0,290.0,276.0,276.0,186000
2024-07-05,286.0,286.0,286.0,280.0,284.0,41600
2024-07-08,282.0,282.0,286.0,276.0,280.0,162500
2024-07-09,280.0,280.0,282.0,276.0,282.0,66600
2024-07-10,278.0,278.0,280.0,272.0,280.0,109800
2024-07-11,278.0,278.0,280.0,272.0,280.0,209000
2024-07-12,274.0,274.0,278.0,274.0,278.0,26400
2024-07-15,276.0,276.0,280.0,272.0,276.0,145500
2024-07-16,276.0,276.0,276.0,274.0,276.0,36900
2024-07-17,274.0,274.0,276.0,272.0,276.0,80000
2024-07-18,274.0,274.0,276.0,266.0,274.0,110000
2024-07-19,274.0,274.0,278.0,268.0,274.0,110800
2024-07-22,268.0,268.0,274.0,266.0,270.0,246400
2024-07-23,270.0,270.0,274.0,266.0,270.0,120500
2024-07-24,254.0,254.0,270.0,248.0,270.0,1505300
2024-07-25,254.0,254.0,258.0,246.0,254.0,388200
2024-07-26,240.0,240.0,254.0,220.0,254.0,1861000
2024-07-29,236.0,236.0,244.0,232.0,240.0,272000
2024-07-30,236.0,236.0,242.0,232.0,236.0,146600
2024-07-31,240.0,240.0,250.0,234.0,236.0,357400
2024-08-01,246.0,246.0,248.0,236.0,240.0,172200
2024-08-02,240.0,240.0,248.0,240.0,246.0,183100
2024-08-05,234.0,234.0,240.0,222.0,240.0,372900
2024-08-06,232.0,232.0,236.0,226.0,234.0,121500
2024-08-07,240.0,240.0,240.0,228.0,232.0,142700
2024-08-08,236.0,236.0,240.0,232.0,240.0,56400
2024-08-09,240.0,240.0,242.0,236.0,236.0,101800
2024-08-12,288.0,288.0,300.0,242.0,242.0,11709700
2024-08-13,266.0,266.0,296.0,266.0,288.0,3608500
2024-08-14,268.0,268.0,282.0,262.0,270.0,1423800
2024-08-15,260.0,260.0,274.0,260.0,270.0,774700
2024-08-16,250.0,250.0,260.0,250.0,260.0,952300
2024-08-19,244.0,244.0,256.0,244.0,256.0,681100
2024-08-20,250.0,250.0,268.0,244.0,244.0,2333300
2024-08-21,248.0,248.0,254.0,246.0,250.0,444100
2024-08-22,240.0,240.0,250.0,236.0,250.0,874400
2024-08-23,246.0,246.0,248.0,240.0,240.0,319400
2024-08-26,246.0,246.0,262.0,242.0,246.0,1598800
2024-08-27,242.0,242.0,250.0,236.0,246.0,1744200
2024-08-28,242.0,242.0,242.0,236.0,242.0,576600
2024-08-29,240.0,240.0,242.0,238.0,242.0,159300
2024-08-30,240.0,240.0,242.0,236.0,240.0,376000
2024-09-02,240.0,240.0,244.0,240.0,242.0,356400
2024-09-03,246.0,246.0,246.0,240.0,242.0,102600
2024-09-04,240.0,240.0,246.0,238.0,246.0,4583000
2024-09-05,242.0,242.0,250.0,238.0,244.0,367600
2024-09-06,246.0,246.0,246.0,240.0,242.0,270500
2024-09-09,246.0,246.0,248.0,244.0,246.0,152500
2024-09-10,242.0,242.0,246.0,240.0,246.0,118200
2024-09-11,240.0,240.0,244.0,240.0,242.0,209900
2024-09-12,242.0,242.0,244.0,240.0,244.0,216600
2024-09-13,242.0,242.0,242.0,240.0,242.0,188100
2024-09-17,242.0,242.0,242.0,240.0,242.0,90200
2024-09-18,242.0,242.0,246.0,240.0,242.0,205600
2024-09-19,240.0,240.0,244.0,238.0,244.0,95800
2024-09-20,242.0,242.0,242.0,240.0,242.0,52900
2024-09-23,240.0,240.0,244.0,240.0,242.0,124300
2024-09-24,238.0,238.0,242.0,238.0,242.0,266300
2024-09-25,240.0,240.0,244.0,238.0,238.0,82900
2024-09-26,240.0,240.0,242.0,238.0,240.0,20300
2024-09-27,238.0,238.0,240.0,236.0,240.0,127100
2024-09-30,240.0,240.0,240.0,236.0,238.0,103300
2024-10-01,240.0,240.0,240.0,236.0,240.0,77300
2024-10-02,236.0,236.0,240.0,236.0,240.0,477800
2024-10-03,236.0,236.0,236.0,232.0,236.0,315600
2024-10-04,238.0,238.0,238.0,234.0,236.0,79600
2024-10-07,236.0,236.0,238.0,232.0,238.0,190200
2024-10-08,236.0,236.0,236.0,234.0,236.0,30300
2024-10-09,234.0,234.0,236.0,232.0,236.0,48900
2024-10-10,234.0,234.0,234.0,232.0,234.0,115900
2024-10-11,236.0,236.0,236.0,234.0,234.0,57500
2024-10-14,232.0,232.0,236.0,232.0,232.0,109900
2024-10-15,234.0,234.0,234.0,232.0,232.0,150800
2024-10-16,236.0,236.0,236.0,232.0,234.0,100500
2024-10-17,246.0,246.0,248.0,234.0,236.0,643800
2024-10-18,248.0,248.0,252.0,244.0,244.0,1086000
2024-10-21,248.0,248.0,250.0,238.0,248.0,254900
2024-10-22,246.0,246.0,248.0,240.0,246.0,70100
2024-10-23,244.0,244.0,246.0,240.0,246.0,77600
2024-10-24,244.0,244.0,250.0,240.0,244.0,88400
2024-10-25,246.0,246.0,250.0,240.0,244.0,129600
2024-10-28,240.0,240.0,246.0,240.0,246.0,54300
2024-10-29,238.0,238.0,256.0,238.0,240.0,964500
2024-10-30,242.0,242.0,242.0,238.0,240.0,143100
2024-10-31,238.0,238.0,242.0,238.0,242.0,41500
2024-11-01,240.0,240.0,242.0,238.0,238.0,139100
2024-11-04,242.0,242.0,244.0,240.0,240.0,18200
2024-11-05,236.0,236.0,242.0,234.0,242.0,48900
2024-11-06,238.0,238.0,240.0,232.0,236.0,135500
2024-11-07,232.0,232.0,238.0,230.0,238.0,191700
2024-11-08,234.0,234.0,234.0,230.0,232.0,153900
2024-11-11,220.0,220.0,234.0,220.0,234.0,177600
2024-11-12,224.0,224.0,230.0,220.0,226.0,95800
2024-11-13,226.0,226.0,228.0,224.0,224.0,58400
2024-11-14,230.0,230.0,230.0,210.0,226.0,149200
2024-11-15,224.0,224.0,230.0,220.0,230.0,14600
2024-11-18,220.0,220.0,224.0,218.0,224.0,63300
2024-11-19,224.0,224.0,238.0,220.0,220.0,385400
2024-11-20,222.0,222.0,228.0,220.0,226.0,62900
2024-11-21,224.0,224.0,226.0,220.0,222.0,69900
2024-11-22,218.0,218.0,224.0,216.0,224.0,71000
2024-11-25,222.0,222.0,224.0,218.0,218.0,44600
2024-11-26,222.0,222.0,226.0,218.0,222.0,51300
2024-11-28,222.0,222.0,224.0,218.0,222.0,23000
2024-11-29,218.0,218.0,222.0,210.0,222.0,222900
2024-12-02,216.0,216.0,218.0,210.0,218.0,108700
2024-12-03,228.0,228.0,246.0,216.0,216.0,612900
2024-12-04,230.0,230.0,234.0,224.0,230.0,157900
2024-12-05,232.0,232.0,234.0,226.0,230.0,155600
2024-12-06,228.0,228.0,234.0,226.0,234.0,31900
2024-12-09,234.0,234.0,248.0,226.0,228.0,510500
2024-12-10,234.0,234.0,234.0,230.0,234.0,84600
2024-12-11,238.0,238.0,238.0,230.0,234.0,141400
2024-12-12,226.0,226.0,238.0,224.0,238.0,655900
2024-12-13,228.0,228.0,242.0,216.0,226.0,3020800
2024-12-16,216.0,216.0,230.0,216.0,228.0,3958300
2024-12-17,224.0,224.0,226.0,216.0,216.0,96800
2024-12-18,216.0,216.0,226.0,216.0,222.0,239600
2024-12-19,212.0,212.0,216.0,204.0,216.0,309100
2024-12-20,212.0,212.0,212.0,208.0,212.0,17700
2024-12-23,208.0,208.0,212.0,204.0,210.0,326300
2024-12-24,210.0,210.0,212.0,204.0,210.0,60500
2024-12-27,216.0,216.0,218.0,208.0,212.0,49800
2024-12-30,214.0,214.0,234.0,212.0,216.0,839700
2025-01-02,212.0,212.0,216.0,210.0,216.0,105000
2025-01-03,216.0,216.0,216.0,210.0,212.0,23300
2025-01-06,218.0,218.0,218.0,210.0,212.0,149000
2025-01-07,218.0,218.0,218.0,212.0,218.0,99500
2025-01-08,216.0,216.0,218.0,212.0,218.0,84600
2025-01-09,214.0,214.0,214.0,208.0,212.0,190600
2025-01-10,214.0,214.0,216.0,210.0,212.0,106000
2025-01-13,212.0,212.0,214.0,210.0,214.0,90300
2025-01-14,212.0,212.0,214.0,206.0,212.0,271400
2025-01-15,210.0,210.0,212.0,208.0,212.0,48100
2025-01-16,210.0,210.0,210.0,204.0,210.0,360900
2025-01-17,206.0,206.0,210.0,204.0,210.0,88600
2025-01-20,204.0,204.0,210.0,200.0,208.0,369000
2025-01-21,202.0,202.0,208.0,199.0,206.0,252700
2025-01-22,206.0,206.0,206.0,202.0,202.0,68600
2025-01-23,206.0,206.0,206.0,202.0,206.0,44400
2025-01-24,206.0,206.0,208.0,206.0,206.0,30900
2025-01-30,206.0,206.0,210.0,198.0,206.0,208600
2025-01-31,204.0,204.0,204.0,197.0,202.0,112100
2025-02-03,199.0,199.0,204.0,194.0,204.0,143600
2025-02-04,199.0,199.0,200.0,198.0,199.0,29100
2025-02-05,190.0,190.0,204.0,190.0,199.0,202600
2025-02-06,195.0,195.0,198.0,191.0,191.0,73200
2025-02-07,195.0,195.0,195.0,188.0,195.0,64400
2025-02-10,194.0,194.0,195.0,193.0,195.0,68700
2025-02-11,192.0,192.0,210.0,190.0,195.0,91300
2025-02-12,196.0,196.0,204.0,182.0,192.0,81400
2025-02-13,196.0,196.0,199.0,195.0,196.0,102800
2025-02-14,198.0,198.0,200.0,196.0,200.0,3600
2025-02-17,204.0,204.0,204.0,195.0,198.0,90100
2025-02-18,198.0,198.0,208.0,197.0,204.0,35300
2025-02-19,197.0,197.0,200.0,197.0,199.0,32600
2025-02-20,198.0,198.0,200.0,197.0,200.0,40200
2025-02-21,199.0,199.0,200.0,195.0,200.0,12600
2025-02-24,190.0,190.0,199.0,190.0,195.0,129900
2025-02-25,195.0,195.0,199.0,187.0,190.0,146700
2025-02-26,191.0,191.0,196.0,191.0,195.0,37100
2025-02-27,196.0,196.0,199.0,185.0,191.0,72400
2025-02-28,196.0,196.0,197.0,160.0,190.0,232300
2025-03-03,194.0,194.0,196.0,178.0,196.0,28500
2025-03-04,197.0,197.0,200.0,187.0,187.0,15100
2025-03-05,197.0,197.0,197.0,185.0,197.0,161800
2025-03-06,196.0,196.0,197.0,190.0,197.0,49100
2025-03-07,194.0,194.0,199.0,191.0,196.0,77500
2025-03-10,190.0,190.0,194.0,190.0,194.0,21700
2025-03-11,189.0,189.0,198.0,189.0,190.0,11300
2025-03-12,191.0,191.0,196.0,186.0,189.0,60000
2025-03-13,188.0,188.0,190.0,187.0,190.0,67900
2025-03-14,187.0,187.0,191.0,181.0,188.0,129200
2025-03-17,188.0,188.0,191.0,187.0,187.0,9100
2025-03-18,187.0,187.0,188.0,178.0,188.0,214800
2025-03-19,194.0,194.0,208.0,185.0,187.0,250300
2025-03-20,191.0,191.0,200.0,191.0,194.0,170000
2025-03-21,190.0,190.0,195.0,184.0,187.0,164800
2025-03-24,187.0,187.0,190.0,180.0,188.0,70200
2025-03-25,187.0,187.0,195.0,168.0,179.0,150100
2025-03-26,184.0,184.0,187.0,176.0,187.0,42900
2025-03-27,188.0,188.0,188.0,182.0,184.0,163200
2025-04-08,179.0,179.0,188.0,178.0,180.0,95500
2025-04-09,178.0,178.0,183.0,178.0,183.0,18600
2025-04-10,183.0,183.0,183.0,178.0,179.0,105000
2025-04-11,179.0,179.0,182.0,179.0,182.0,29200
2025-04-14,185.0,185.0,198.0,179.0,179.0,88900
2025-04-15,192.0,192.0,204.0,183.0,185.0,443900
2025-04-16,183.0,183.0,192.0,183.0,192.0,153100
2025-04-17,189.0,189.0,197.0,180.0,183.0,464500
2025-04-21,187.0,187.0,189.0,186.0,189.0,28800
2025-04-22,189.0,189.0,195.0,186.0,187.0,35500
2025-04-23,190.0,190.0,191.0,187.0,189.0,43900
2025-04-24,187.0,187.0,190.0,187.0,190.0,188000
2025-04-25,189.0,189.0,194.0,184.0,187.0,195800
2025-04-28,194.0,194.0,195.0,188.0,189.0,289500
2025-04-29,193.0,193.0,195.0,192.0,195.0,98400
2025-04-30,189.0,189.0,193.0,188.0,193.0,59000
2025-05-02,190.0,190.0,190.0,183.0,190.0,167000
2025-05-05,187.0,187.0,193.0,187.0,193.0,90100
2025-05-06,191.0,191.0,192.0,187.0,187.0,104400
2025-05-07,200.0,200.0,222.0,191.0,191.0,2800900
2025-05-08,226.0,226.0,238.0,206.0,206.0,4732000
2025-05-09,216.0,216.0,228.0,210.0,226.0,763200
2025-05-14,212.0,212.0,218.0,204.0,216.0,714600
2025-05-15,210.0,210.0,212.0,204.0,212.0,228600
2025-05-16,208.0,208.0,212.0,204.0,210.0,223200
2025-05-19,202.0,202.0,210.0,200.0,206.0,311000
2025-05-20,208.0,208.0,208.0,200.0,200.0,112900
2025-05-21,210.0,210.0,210.0,206.0,208.0,122100
2025-05-22,210.0,210.0,212.0,204.0,208.0,86200
2025-05-23,210.0,210.0,212.0,206.0,208.0,84500
2025-05-26,208.0,208.0,210.0,200.0,210.0,164300
2025-05-27,208.0,208.0,208.0,200.0,208.0,139500
2025-05-28,208.0,208.0,210.0,204.0,208.0,386000
2025-06-02,206.0,206.0,208.0,202.0,208.0,33500
2025-06-03,204.0,204.0,206.0,197.0,206.0,45300
2025-06-04,200.0,200.0,204.0,199.0,204.0,108100
2025-06-05,206.0,206.0,210.0,198.0,200.0,172500
2025-06-10,204.0,204.0,206.0,202.0,206.0,20800
2025-06-11,204.0,204.0,204.0,199.0,204.0,93900
2025-06-12,200.0,200.0,204.0,199.0,204.0,25200
2025-06-13,206.0,206.0,206.0,200.0,200.0,76900
2025-06-16,204.0,204.0,206.0,199.0,206.0,271300
2025-06-17,206.0,206.0,210.0,202.0,202.0,154500
2025-06-18,206.0,206.0,208.0,202.0,208.0,41800
2025-06-19,200.0,200.0,206.0,197.0,206.0,180000
2025-06-20,202.0,202.0,204.0,197.0,200.0,23500
2025-06-23,194.0,194.0,202.0,190.0,202.0,140000
2025-06-24,194.0,194.0,200.0,194.0,194.0,101300
2025-06-25,194.0,194.0,199.0,193.0,194.0,32000
2025-06-26,194.0,194.0,195.0,190.0,190.0,82300
2025-06-30,195.0,195.0,198.0,193.0,195.0,292200
2025-07-01,194.0,194.0,195.0,193.0,195.0,17700
2025-07-02,192.0,192.0,195.0,192.0,194.0,6000
2025-07-03,187.0,187.0,194.0,187.0,194.0,123100
2025-07-04,191.0,191.0,194.0,187.0,187.0,183000
2025-07-07,191.0,191.0,210.0,187.0,191.0,324700
2025-07-08,190.0,190.0,196.0,190.0,191.0,64700
2025-07-09,195.0,195.0,206.0,190.0,191.0,196900
2025-07-10,202.0,202.0,220.0,194.0,195.0,2717300
2025-07-11,208.0,208.0,218.0,202.0,218.0,307500
2025-07-14,200.0,200.0,206.0,200.0,200.0,97700
2025-07-15,200.0,200.0,202.0,198.0,200.0,139100
2025-07-16,202.0,202.0,202.0,198.0,202.0,48800
2025-07-17,199.0,199.0,202.0,199.0,202.0,29600
2025-07-18,198.0,198.0,210.0,198.0,198.0,334300
2025-07-21,200.0,200.0,204.0,196.0,198.0,275800
2025-07-22,195.0,195.0,204.0,195.0,200.0,484600
2025-07-23,198.0,198.0,198.0,194.0,198.0,106200
2025-07-24,196.0,196.0,200.0,195.0,198.0,73900
2025-07-25,199.0,199.0,200.0,194.0,196.0,138300
2025-07-28,200.0,200.0,202.0,199.0,202.0,20800
2025-07-29,202.0,202.0,210.0,197.0,200.0,974700
2025-07-30,206.0,206.0,216.0,198.0,202.0,1772100
2025-07-31,204.0,204.0,210.0,204.0,208.0,760400
2025-08-01,208.0,208.0,214.0,206.0,214.0,796400
2025-08-04,206.0,206.0,218.0,204.0,218.0,1315000
2025-08-05,206.0,206.0,210.0,204.0,210.0,193000
2025-08-06,204.0,204.0,208.0,202.0,208.0,1252800
2025-08-07,206.0,206.0,206.0,202.0,206.0,364700
2025-08-08,206.0,206.0,212.0,202.0,206.0,1291200
2025-08-11,206.0,206.0,212.0,204.0,206.0,1190800
2025-08-12,204.0,204.0,208.0,204.0,206.0,2552300
2025-08-13,210.0,210.0,212.0,204.0,204.0,258400
2025-08-14,212.0,212.0,212.0,206.0,212.0,1810100
2025-08-15,208.0,208.0,214.0,208.0,212.0,313300
2025-08-19,208.0,208.0,214.0,206.0,208.0,719700
2025-08-20,208.0,208.0,208.0,202.0,208.0,458900
2025-08-21,212.0,212.0,220.0,208.0,210.0,1850000
2025-08-22,208.0,208.0,216.0,208.0,212.0,708400
2025-08-25,210.0,210.0,216.0,208.0,212.0,1170300
2025-08-26,210.0,210.0,212.0,208.0,208.0,253900
2025-08-27,208.0,208.0,210.0,202.0,208.0,647900
2025-08-28,210.0,210.0,210.0,206.0,210.0,160000
2025-08-29,206.0,206.0,210.0,194.0,210.0,1410200
2025-09-01,197.0,197.0,204.0,195.0,204.0,1527000
2025-09-02,200.0,200.0,204.0,196.0,197.0,3668600
2025-09-03,204.0,204.0,214.0,200.0,202.0,1910400
2025-09-04,208.0,208.0,212.0,204.0,208.0,2376100
2025-09-08,212.0,212.0,250.0,208.0,210.0,27184400
2025-09-09,226.0,226.0,258.0,212.0,214.0,11532700
2025-09-10,224.0,224.0,230.0,220.0,230.0,2455900
2025-09-11,224.0,224.0,226.0,216.0,226.0,2015600
2025-09-12,222.0,222.0,224.0,218.0,224.0,1334600
2025-09-15,230.0,230.0,232.0,222.0,224.0,3948100
2025-09-16,224.0,224.0,232.0,224.0,232.0,1312800
2025-09-17,216.0,216.0,226.0,216.0,220.0,1649100
2025-09-18,218.0,218.0,222.0,216.0,218.0,660500
2025-09-19,220.0,220.0,224.0,216.0,220.0,772400
2025-09-22,242.0,242.0,256.0,232.0,242.0,7493400
2025-09-23,230.0,230.0,246.0,228.0,242.0,2851900
2025-09-24,222.0,222.0,230.0,220.0,230.0,3625500
2025-09-25,220.0,220.0,224.0,216.0,222.0,2185800
2025-09-26,218.0,218.0,224.0,216.0,222.0,1145300
2025-09-29,224.0,224.0,224.0,216.0,218.0,1754900
2025-09-30,218.0,218.0,226.0,218.0,224.0,2747400
2025-10-01,222.0,222.0,222.0,216.0,216.0,869800
2025-10-02,218.0,218.0,222.0,216.0,222.0,666700
2025-10-03,218.0,218.0,222.0,212.0,220.0,1903000
2025-10-06,218.0,218.0,224.0,214.0,218.0,911700
2025-10-07,216.0,216.0,220.0,214.0,220.0,891500
2025-10-08,270.0,270.0,270.0,234.0,242.0,53310600
2025-10-09,296.0,296.0,300.0,268.0,270.0,55422800
2025-10-10,358.0,358.0,368.0,304.0,306.0,73360800
2025-10-13,400.0,400.0,400.0,308.0,308.0,60493900
2025-10-14,340.0,340.0,408.0,340.0,400.0,31499800
2025-10-15,308.0,308.0,340.0,300.0,340.0,20421500
2025-10-16,346.0,346.0,356.0,318.0,318.0,17061500
2025-10-17,340.0,340.0,388.0,330.0,356.0,31104900
2025-10-20,332.0,332.0,350.0,314.0,338.0,6125800
2025-10-21,324.0,324.0,336.0,318.0,332.0,4190600
2025-10-22,310.0,310.0,330.0,298.0,326.0,11262000
2025-10-23,308.0,308.0,330.0,300.0,308.0,5191500
2025-10-24,308.0,308.0,316.0,304.0,308.0,3574400
2025-10-27,308.0,308.0,312.0,288.0,308.0,6601000
2025-10-28,298.0,298.0,316.0,296.0,316.0,2566800
2025-10-29,274.0,274.0,300.0,274.0,300.0,4481200
2025-10-30,310.0,310.0,330.0,270.0,274.0,15456200
2025-10-31,302.0,302.0,318.0,300.0,314.0,5234500
2025-11-03,306.0,306.0,312.0,304.0,312.0,2388900
2025-11-04,298.0,298.0,310.0,296.0,306.0,2112100
2025-11-05,292.0,292.0,300.0,290.0,300.0,1450600
2025-11-06,294.0,294.0,296.0,288.0,292.0,2530100
2025-11-07,302.0,302.0,306.0,290.0,294.0,2529000
2025-11-10,330.0,330.0,334.0,302.0,302.0,13768800
2025-11-11,360.0,360.0,412.0,320.0,340.0,88541300
2025-11-12,368.0,368.0,408.0,356.0,362.0,29537900
2025-11-13,362.0,362.0,384.0,354.0,374.0,9801400
2025-11-14,344.0,344.0,366.0,336.0,364.0,8130500
2025-11-17,346.0,346.0,358.0,330.0,344.0,9131900
2025-11-18,330.0,330.0,344.0,328.0,344.0,3668700
2025-11-19,326.0,326.0,334.0,318.0,330.0,3294400
2025-11-20,322.0,322.0,336.0,316.0,330.0,7308700
2025-11-21,316.0,316.0,326.0,312.0,322.0,4118800
2025-11-24,320.0,320.0,330.0,314.0,316.0,5430200
2025-11-25,314.0,314.0,322.0,312.0,320.0,3567800
2025-11-26,310.0,310.0,314.0,304.0,314.0,3654500
2025-11-27,316.0,316.0,320.0,308.0,310.0,3026800
2025-11-28,314.0,314.0,322.0,304.0,318.0,3219700
2025-12-01,308.0,308.0,318.0,302.0,312.0,2321800
2025-12-02,326.0,326.0,328.0,304.0,310.0,4468400
2025-12-03,322.0,322.0,330.0,316.0,328.0,6218700
2025-12-04,318.0,318.0,324.0,316.0,320.0,1937800
2025-12-05,322.0,322.0,322.0,312.0,318.0,2791700
2025-12-08,326.0,326.0,344.0,322.0,322.0,10011900
2025-12-09,316.0,316.0,336.0,316.0,330.0,4098800
2025-12-10,308.0,308.0,318.0,304.0,316.0,4427600
2025-12-11,308.0,308.0,328.0,306.0,308.0,5159600
2025-12-12,302.0,302.0,308.0,300.0,308.0,3622900
2025-12-15,290.0,290.0,302.0,282.0,300.0,5266400
2025-12-16,320.0,320.0,342.0,282.0,286.0,14311000
2025-12-17,310.0,310.0,326.0,310.0,320.0,4117400
2025-12-18,312.0,312.0,318.0,304.0,312.0,2719400
2025-12-19,308.0,308.0,316.0,306.0,316.0,745500
2025-12-22,304.0,304.0,310.0,304.0,310.0,1395200
2025-12-23,302.0,302.0,308.0,300.0,306.0,1428800
2025-12-24,304.0,304.0,310.0,298.0,302.0,2082300
2025-12-29,308.0,308.0,308.0,300.0,304.0,1349300
2025-12-30,306.0,306.0,308.0,302.0,308.0,2111100
