Date,Adj Close,Close,High,Low,Open,Volume
2020-01-02,827.1079711914062,827.1079711914062,827.1079711914062,827.1079711914062,827.1079711914062,0
2020-01-03,827.1079711914062,827.1079711914062,827.1079711914062,827.1079711914062,827.1079711914062,0
2020-01-06,827.1079711914062,827.1079711914062,827.1079711914062,827.1079711914062,827.1079711914062,0
2020-01-07,915.394775390625,915.394775390625,915.394775390625,822.4613037109375,822.4613037109375,1398
2020-01-08,915.394775390625,915.394775390625,915.394775390625,915.394775390625,915.394775390625,0
2020-01-09,915.394775390625,915.394775390625,915.394775390625,915.394775390625,915.394775390625,0
2020-01-10,915.394775390625,915.394775390625,915.394775390625,915.394775390625,915.394775390625,0
2020-01-13,915.394775390625,915.394775390625,915.394775390625,915.394775390625,915.394775390625,0
2020-01-14,915.394775390625,915.394775390625,915.394775390625,915.394775390625,915.394775390625,0
2020-01-15,915.394775390625,915.394775390625,915.394775390625,915.394775390625,915.394775390625,0
2020-01-16,910.7481079101562,910.7481079101562,910.7481079101562,910.7481079101562,910.7481079101562,107
2020-01-17,910.7481079101562,910.7481079101562,910.7481079101562,910.7481079101562,910.7481079101562,0
2020-01-20,910.7481079101562,910.7481079101562,910.7481079101562,910.7481079101562,910.7481079101562,0
2020-01-21,910.7481079101562,910.7481079101562,910.7481079101562,910.7481079101562,910.7481079101562,0
2020-01-22,859.6347045898438,859.6347045898438,864.2813720703125,859.6347045898438,864.2813720703125,215
2020-01-23,887.5147705078125,887.5147705078125,901.4547729492188,887.5147705078125,901.4547729492188,860
2020-01-24,878.2213745117188,878.2213745117188,882.8680419921875,878.2213745117188,882.8680419921875,860
2020-01-27,859.6347045898438,859.6347045898438,873.57470703125,859.6347045898438,864.2813720703125,1076
2020-01-28,850.3413696289062,850.3413696289062,850.3413696289062,850.3413696289062,850.3413696289062,107
2020-01-29,850.3413696289062,850.3413696289062,850.3413696289062,850.3413696289062,850.3413696289062,24964
2020-01-30,850.3413696289062,850.3413696289062,850.3413696289062,850.3413696289062,850.3413696289062,0
2020-01-31,850.3413696289062,850.3413696289062,850.3413696289062,850.3413696289062,850.3413696289062,0
2020-02-03,850.3413696289062,850.3413696289062,850.3413696289062,850.3413696289062,850.3413696289062,0
2020-02-04,850.3413696289062,850.3413696289062,850.3413696289062,850.3413696289062,850.3413696289062,0
2020-02-05,850.3413696289062,850.3413696289062,850.3413696289062,850.3413696289062,850.3413696289062,0
2020-02-06,850.3413696289062,850.3413696289062,850.3413696289062,850.3413696289062,850.3413696289062,0
2020-02-07,850.3413696289062,850.3413696289062,850.3413696289062,850.3413696289062,850.3413696289062,107
2020-02-10,850.3413696289062,850.3413696289062,850.3413696289062,850.3413696289062,850.3413696289062,0
2020-02-11,850.3413696289062,850.3413696289062,850.3413696289062,850.3413696289062,850.3413696289062,0
2020-02-12,850.3413696289062,850.3413696289062,850.3413696289062,850.3413696289062,850.3413696289062,0
2020-02-13,850.3413696289062,850.3413696289062,850.3413696289062,850.3413696289062,850.3413696289062,0
2020-02-14,850.3413696289062,850.3413696289062,850.3413696289062,850.3413696289062,850.3413696289062,0
2020-02-17,850.3413696289062,850.3413696289062,850.3413696289062,850.3413696289062,850.3413696289062,0
2020-02-18,850.3413696289062,850.3413696289062,850.3413696289062,850.3413696289062,850.3413696289062,0
2020-02-19,850.3413696289062,850.3413696289062,850.3413696289062,850.3413696289062,850.3413696289062,0
2020-02-20,850.3413696289062,850.3413696289062,850.3413696289062,850.3413696289062,850.3413696289062,0
2020-02-21,850.3413696289062,850.3413696289062,850.3413696289062,850.3413696289062,850.3413696289062,0
2020-02-24,850.3413696289062,850.3413696289062,850.3413696289062,850.3413696289062,850.3413696289062,0
2020-02-25,850.3413696289062,850.3413696289062,850.3413696289062,850.3413696289062,850.3413696289062,0
2020-02-26,850.3413696289062,850.3413696289062,850.3413696289062,850.3413696289062,850.3413696289062,0
2020-02-27,850.3413696289062,850.3413696289062,850.3413696289062,850.3413696289062,850.3413696289062,0
2020-02-28,850.3413696289062,850.3413696289062,850.3413696289062,850.3413696289062,850.3413696289062,0
2020-03-02,850.3413696289062,850.3413696289062,850.3413696289062,850.3413696289062,850.3413696289062,107
2020-03-03,850.3413696289062,850.3413696289062,850.3413696289062,850.3413696289062,850.3413696289062,0
2020-03-04,850.3413696289062,850.3413696289062,850.3413696289062,850.3413696289062,850.3413696289062,0
2020-03-05,850.3413696289062,850.3413696289062,850.3413696289062,850.3413696289062,850.3413696289062,0
2020-03-06,850.3413696289062,850.3413696289062,850.3413696289062,850.3413696289062,850.3413696289062,0
2020-03-09,850.3413696289062,850.3413696289062,850.3413696289062,850.3413696289062,850.3413696289062,0
2020-03-10,850.3413696289062,850.3413696289062,850.3413696289062,850.3413696289062,850.3413696289062,0
2020-03-11,850.3413696289062,850.3413696289062,850.3413696289062,850.3413696289062,850.3413696289062,0
2020-03-12,850.3413696289062,850.3413696289062,850.3413696289062,850.3413696289062,850.3413696289062,0
2020-03-13,850.3413696289062,850.3413696289062,850.3413696289062,850.3413696289062,850.3413696289062,0
2020-03-16,850.3413696289062,850.3413696289062,850.3413696289062,850.3413696289062,850.3413696289062,0
2020-03-17,850.3413696289062,850.3413696289062,850.3413696289062,850.3413696289062,850.3413696289062,0
2020-03-18,850.3413696289062,850.3413696289062,850.3413696289062,850.3413696289062,850.3413696289062,0
2020-03-19,850.3413696289062,850.3413696289062,850.3413696289062,850.3413696289062,850.3413696289062,0
2020-03-20,850.3413696289062,850.3413696289062,850.3413696289062,850.3413696289062,850.3413696289062,0
2020-03-23,850.3413696289062,850.3413696289062,850.3413696289062,850.3413696289062,850.3413696289062,1076
2020-03-24,850.3413696289062,850.3413696289062,850.3413696289062,850.3413696289062,850.3413696289062,0
2020-03-26,850.3413696289062,850.3413696289062,850.3413696289062,850.3413696289062,850.3413696289062,0
2020-03-27,850.3413696289062,850.3413696289062,850.3413696289062,850.3413696289062,850.3413696289062,215
2020-03-30,850.3413696289062,850.3413696289062,850.3413696289062,850.3413696289062,850.3413696289062,0
2020-03-31,850.3413696289062,850.3413696289062,850.3413696289062,850.3413696289062,850.3413696289062,0
2020-04-01,850.3413696289062,850.3413696289062,850.3413696289062,850.3413696289062,850.3413696289062,0
2020-04-02,850.3413696289062,850.3413696289062,850.3413696289062,850.3413696289062,850.3413696289062,0
2020-04-03,850.3413696289062,850.3413696289062,850.3413696289062,850.3413696289062,850.3413696289062,0
2020-04-06,850.3413696289062,850.3413696289062,850.3413696289062,850.3413696289062,850.3413696289062,0
2020-04-07,850.3413696289062,850.3413696289062,850.3413696289062,850.3413696289062,850.3413696289062,0
2020-04-08,850.3413696289062,850.3413696289062,850.3413696289062,850.3413696289062,850.3413696289062,0
2020-04-09,794.5812377929688,794.5812377929688,794.5812377929688,794.5812377929688,794.5812377929688,107
2020-04-13,799.2279052734375,799.2279052734375,799.2279052734375,799.2279052734375,799.2279052734375,107
2020-04-14,799.2279052734375,799.2279052734375,799.2279052734375,799.2279052734375,799.2279052734375,0
2020-04-15,799.2279052734375,799.2279052734375,799.2279052734375,799.2279052734375,799.2279052734375,1076
2020-04-16,789.9345703125,789.9345703125,799.2279052734375,789.9345703125,789.9345703125,1506
2020-04-17,924.6881103515625,924.6881103515625,924.6881103515625,836.4013061523438,836.4013061523438,215
2020-04-20,924.6881103515625,924.6881103515625,924.6881103515625,924.6881103515625,924.6881103515625,0
2020-04-21,924.6881103515625,924.6881103515625,924.6881103515625,924.6881103515625,924.6881103515625,0
2020-04-22,1115.2017822265625,1115.2017822265625,1152.3751220703125,864.2813720703125,924.6881103515625,12589
2020-04-23,1040.85498046875,1040.85498046875,1301.0687255859375,1040.85498046875,1301.0687255859375,6025
2020-04-24,971.1548461914062,971.1548461914062,1012.9749145507812,971.1548461914062,971.1548461914062,860
2020-04-27,971.1548461914062,971.1548461914062,971.1548461914062,971.1548461914062,971.1548461914062,0
2020-04-28,971.1548461914062,971.1548461914062,971.1548461914062,971.1548461914062,971.1548461914062,0
2020-04-29,906.1014404296875,906.1014404296875,906.1014404296875,906.1014404296875,906.1014404296875,107
2020-04-30,859.6347045898438,859.6347045898438,864.2813720703125,859.6347045898438,864.2813720703125,968
2020-05-04,859.6347045898438,859.6347045898438,859.6347045898438,859.6347045898438,859.6347045898438,0
2020-05-05,803.8746337890625,803.8746337890625,813.16796875,803.8746337890625,813.16796875,4734
2020-05-06,836.4013061523438,836.4013061523438,836.4013061523438,836.4013061523438,836.4013061523438,107
2020-05-08,780.6412353515625,780.6412353515625,789.9345703125,780.6412353515625,789.9345703125,7424
2020-05-11,748.114501953125,748.114501953125,748.114501953125,748.114501953125,748.114501953125,538
2020-05-12,715.5878295898438,715.5878295898438,715.5878295898438,715.5878295898438,715.5878295898438,107
2020-05-13,743.4678344726562,743.4678344726562,743.4678344726562,738.8211669921875,738.8211669921875,538
2020-05-14,743.4678344726562,743.4678344726562,743.4678344726562,743.4678344726562,743.4678344726562,0
2020-05-15,752.7611694335938,752.7611694335938,752.7611694335938,752.7611694335938,752.7611694335938,430
2020-05-18,701.6477661132812,701.6477661132812,701.6477661132812,701.6477661132812,701.6477661132812,107
2020-05-19,701.6477661132812,701.6477661132812,701.6477661132812,701.6477661132812,701.6477661132812,0
2020-05-20,701.6477661132812,701.6477661132812,701.6477661132812,701.6477661132812,701.6477661132812,0
2020-05-26,701.6477661132812,701.6477661132812,701.6477661132812,701.6477661132812,701.6477661132812,0
2020-05-27,655.1810302734375,655.1810302734375,701.6477661132812,655.1810302734375,701.6477661132812,322
2020-05-28,622.654296875,622.654296875,622.654296875,613.3609619140625,613.3609619140625,215
2020-05-29,590.1276245117188,590.1276245117188,669.1210327148438,590.1276245117188,669.1210327148438,215
2020-06-02,590.1276245117188,590.1276245117188,590.1276245117188,590.1276245117188,590.1276245117188,0
2020-06-03,590.1276245117188,590.1276245117188,590.1276245117188,590.1276245117188,590.1276245117188,0
2020-06-04,715.5878295898438,715.5878295898438,715.5878295898438,613.3609619140625,613.3609619140625,9684
2020-06-05,817.8146362304688,817.8146362304688,882.8680419921875,720.2344970703125,720.2344970703125,21843
2020-06-08,789.9345703125,789.9345703125,836.4013061523438,762.0545654296875,771.347900390625,26470
2020-06-09,780.6412353515625,780.6412353515625,789.9345703125,780.6412353515625,789.9345703125,10975
2020-06-10,743.4678344726562,743.4678344726562,780.6412353515625,738.8211669921875,780.6412353515625,3658
2020-06-11,743.4678344726562,743.4678344726562,743.4678344726562,743.4678344726562,743.4678344726562,0
2020-06-12,743.4678344726562,743.4678344726562,752.7611694335938,743.4678344726562,752.7611694335938,2367
2020-06-15,743.4678344726562,743.4678344726562,743.4678344726562,743.4678344726562,743.4678344726562,0
2020-06-16,766.7012329101562,766.7012329101562,766.7012329101562,743.4678344726562,743.4678344726562,2044
2020-06-17,752.7611694335938,752.7611694335938,766.7012329101562,752.7611694335938,766.7012329101562,753
2020-06-18,771.347900390625,771.347900390625,771.347900390625,752.7611694335938,771.347900390625,8823
2020-06-19,757.4078979492188,757.4078979492188,780.6412353515625,757.4078979492188,780.6412353515625,430
2020-06-22,748.114501953125,748.114501953125,748.114501953125,748.114501953125,748.114501953125,1398
2020-06-23,748.114501953125,748.114501953125,785.2879028320312,748.114501953125,785.2879028320312,538
2020-06-24,743.4678344726562,743.4678344726562,743.4678344726562,715.5878295898438,715.5878295898438,430
2020-06-25,743.4678344726562,743.4678344726562,752.7611694335938,743.4678344726562,743.4678344726562,2582
2020-06-26,775.9945678710938,775.9945678710938,785.2879028320312,715.5878295898438,715.5878295898438,538
2020-06-29,734.1744995117188,734.1744995117188,734.1744995117188,724.8811645507812,724.8811645507812,3228
2020-06-30,734.1744995117188,734.1744995117188,734.1744995117188,734.1744995117188,734.1744995117188,2044
2020-07-01,729.52783203125,729.52783203125,729.52783203125,729.52783203125,729.52783203125,107
2020-07-02,729.52783203125,729.52783203125,729.52783203125,729.52783203125,729.52783203125,0
2020-07-03,724.8811645507812,724.8811645507812,724.8811645507812,683.0610961914062,683.0610961914062,538
2020-07-06,724.8811645507812,724.8811645507812,724.8811645507812,724.8811645507812,724.8811645507812,0
2020-07-07,720.2344970703125,720.2344970703125,720.2344970703125,678.4144287109375,678.4144287109375,860
2020-07-08,710.9411010742188,710.9411010742188,710.9411010742188,673.7677612304688,673.7677612304688,1721
2020-07-09,710.9411010742188,710.9411010742188,710.9411010742188,678.4144287109375,678.4144287109375,215
2020-07-10,678.4144287109375,678.4144287109375,678.4144287109375,678.4144287109375,678.4144287109375,1614
2020-07-13,678.4144287109375,678.4144287109375,678.4144287109375,678.4144287109375,678.4144287109375,645
2020-07-14,678.4144287109375,678.4144287109375,678.4144287109375,678.4144287109375,678.4144287109375,0
2020-07-15,678.4144287109375,678.4144287109375,678.4144287109375,678.4144287109375,678.4144287109375,1614
2020-07-16,678.4144287109375,678.4144287109375,678.4144287109375,678.4144287109375,678.4144287109375,0
2020-07-17,631.9476928710938,631.9476928710938,631.9476928710938,631.9476928710938,631.9476928710938,860
2020-07-20,631.9476928710938,631.9476928710938,631.9476928710938,631.9476928710938,631.9476928710938,0
2020-07-21,743.4678344726562,743.4678344726562,743.4678344726562,631.9476928710938,631.9476928710938,215
2020-07-22,697.0010986328125,697.0010986328125,724.8811645507812,692.3544311523438,724.8811645507812,3873
2020-07-23,697.0010986328125,697.0010986328125,697.0010986328125,697.0010986328125,697.0010986328125,430
2020-07-24,692.3544311523438,692.3544311523438,692.3544311523438,692.3544311523438,692.3544311523438,107
2020-07-27,692.3544311523438,692.3544311523438,692.3544311523438,692.3544311523438,692.3544311523438,0
2020-07-28,724.8811645507812,724.8811645507812,738.8211669921875,724.8811645507812,724.8811645507812,968
2020-07-29,724.8811645507812,724.8811645507812,724.8811645507812,724.8811645507812,724.8811645507812,107
2020-07-30,678.4144287109375,678.4144287109375,724.8811645507812,678.4144287109375,724.8811645507812,1398
2020-08-03,631.9476928710938,631.9476928710938,678.4144287109375,631.9476928710938,678.4144287109375,1614
2020-08-04,715.5878295898438,715.5878295898438,715.5878295898438,590.1276245117188,599.4209594726562,2259
2020-08-05,669.1210327148438,669.1210327148438,715.5878295898438,669.1210327148438,715.5878295898438,7962
2020-08-06,669.1210327148438,669.1210327148438,669.1210327148438,669.1210327148438,669.1210327148438,20982
2020-08-07,627.3009643554688,627.3009643554688,627.3009643554688,627.3009643554688,627.3009643554688,860
2020-08-10,618.0076293945312,618.0076293945312,618.0076293945312,604.067626953125,604.067626953125,5595
2020-08-11,715.5878295898438,715.5878295898438,715.5878295898438,580.834228515625,580.834228515625,13235
2020-08-12,669.1210327148438,669.1210327148438,715.5878295898438,669.1210327148438,715.5878295898438,10545
2020-08-13,645.8876953125,645.8876953125,650.5343627929688,622.654296875,650.5343627929688,2905
2020-08-14,645.8876953125,645.8876953125,645.8876953125,645.8876953125,645.8876953125,645
2020-08-18,678.4144287109375,678.4144287109375,678.4144287109375,608.7142944335938,608.7142944335938,215
2020-08-19,659.8276977539062,659.8276977539062,669.1210327148438,659.8276977539062,669.1210327148438,11728
2020-08-24,659.8276977539062,659.8276977539062,659.8276977539062,659.8276977539062,659.8276977539062,107
2020-08-25,650.5343627929688,650.5343627929688,650.5343627929688,650.5343627929688,650.5343627929688,11836
2020-08-26,650.5343627929688,650.5343627929688,650.5343627929688,650.5343627929688,650.5343627929688,0
2020-08-27,650.5343627929688,650.5343627929688,650.5343627929688,650.5343627929688,650.5343627929688,0
2020-08-28,650.5343627929688,650.5343627929688,650.5343627929688,613.3609619140625,613.3609619140625,645
2020-08-31,673.7677612304688,673.7677612304688,673.7677612304688,673.7677612304688,673.7677612304688,215
2020-09-01,692.3544311523438,692.3544311523438,697.0010986328125,673.7677612304688,673.7677612304688,17324
2020-09-02,720.2344970703125,720.2344970703125,724.8811645507812,692.3544311523438,692.3544311523438,7747
2020-09-03,743.4678344726562,743.4678344726562,743.4678344726562,678.4144287109375,678.4144287109375,7747
2020-09-04,738.8211669921875,738.8211669921875,738.8211669921875,697.0010986328125,738.8211669921875,5918
2020-09-07,752.7611694335938,752.7611694335938,752.7611694335938,738.8211669921875,738.8211669921875,23888
2020-09-08,771.347900390625,771.347900390625,771.347900390625,743.4678344726562,743.4678344726562,11621
2020-09-09,766.7012329101562,766.7012329101562,766.7012329101562,743.4678344726562,762.0545654296875,2797
2020-09-10,757.4078979492188,757.4078979492188,766.7012329101562,743.4678344726562,743.4678344726562,1936
2020-09-11,766.7012329101562,766.7012329101562,766.7012329101562,734.1744995117188,743.4678344726562,4949
2020-09-14,780.6412353515625,780.6412353515625,780.6412353515625,766.7012329101562,766.7012329101562,8608
2020-09-15,780.6412353515625,780.6412353515625,780.6412353515625,780.6412353515625,780.6412353515625,0
2020-09-16,789.9345703125,789.9345703125,789.9345703125,785.2879028320312,785.2879028320312,1291
2020-09-17,794.5812377929688,794.5812377929688,794.5812377929688,789.9345703125,789.9345703125,5380
2020-09-18,794.5812377929688,794.5812377929688,794.5812377929688,794.5812377929688,794.5812377929688,0
2020-09-21,789.9345703125,789.9345703125,789.9345703125,780.6412353515625,789.9345703125,1398
2020-09-22,789.9345703125,789.9345703125,789.9345703125,789.9345703125,789.9345703125,0
2020-09-23,789.9345703125,789.9345703125,789.9345703125,762.0545654296875,771.347900390625,3873
2020-09-24,789.9345703125,789.9345703125,789.9345703125,752.7611694335938,752.7611694335938,1076
2020-09-25,789.9345703125,789.9345703125,789.9345703125,771.347900390625,771.347900390625,645
2020-09-28,789.9345703125,789.9345703125,789.9345703125,775.9945678710938,775.9945678710938,753
2020-09-29,785.2879028320312,785.2879028320312,785.2879028320312,785.2879028320312,785.2879028320312,322
2020-09-30,785.2879028320312,785.2879028320312,785.2879028320312,785.2879028320312,785.2879028320312,0
2020-10-01,789.9345703125,789.9345703125,789.9345703125,785.2879028320312,785.2879028320312,1829
2020-10-02,789.9345703125,789.9345703125,789.9345703125,789.9345703125,789.9345703125,753
2020-10-05,789.9345703125,789.9345703125,789.9345703125,789.9345703125,789.9345703125,0
2020-10-06,789.9345703125,789.9345703125,789.9345703125,789.9345703125,789.9345703125,0
2020-10-07,789.9345703125,789.9345703125,789.9345703125,789.9345703125,789.9345703125,0
2020-10-08,794.5812377929688,794.5812377929688,794.5812377929688,780.6412353515625,780.6412353515625,1614
2020-10-09,794.5812377929688,794.5812377929688,794.5812377929688,785.2879028320312,785.2879028320312,645
2020-10-12,780.6412353515625,780.6412353515625,785.2879028320312,780.6412353515625,785.2879028320312,860
2020-10-13,766.7012329101562,766.7012329101562,771.347900390625,766.7012329101562,771.347900390625,5810
2020-10-14,766.7012329101562,766.7012329101562,766.7012329101562,766.7012329101562,766.7012329101562,215
2020-10-15,762.0545654296875,762.0545654296875,762.0545654296875,762.0545654296875,762.0545654296875,538
2020-10-16,762.0545654296875,762.0545654296875,762.0545654296875,762.0545654296875,762.0545654296875,0
2020-10-19,762.0545654296875,762.0545654296875,762.0545654296875,762.0545654296875,762.0545654296875,0
2020-10-20,762.0545654296875,762.0545654296875,762.0545654296875,762.0545654296875,762.0545654296875,0
2020-10-21,762.0545654296875,762.0545654296875,762.0545654296875,762.0545654296875,762.0545654296875,0
2020-10-22,762.0545654296875,762.0545654296875,762.0545654296875,762.0545654296875,762.0545654296875,0
2020-10-23,762.0545654296875,762.0545654296875,762.0545654296875,762.0545654296875,762.0545654296875,0
2020-10-26,762.0545654296875,762.0545654296875,762.0545654296875,762.0545654296875,762.0545654296875,0
2020-10-27,762.0545654296875,762.0545654296875,762.0545654296875,762.0545654296875,762.0545654296875,0
2020-11-02,762.0545654296875,762.0545654296875,762.0545654296875,762.0545654296875,762.0545654296875,8608
2020-11-03,762.0545654296875,762.0545654296875,762.0545654296875,762.0545654296875,762.0545654296875,0
2020-11-04,757.4078979492188,757.4078979492188,762.0545654296875,757.4078979492188,762.0545654296875,753
2020-11-05,943.2748413085938,943.2748413085938,943.2748413085938,724.8811645507812,757.4078979492188,124067
2020-11-06,882.8680419921875,882.8680419921875,1175.6085205078125,882.8680419921875,1068.7349853515625,1126612
2020-11-09,841.0479736328125,841.0479736328125,957.21484375,836.4013061523438,924.6881103515625,87912
2020-11-10,817.8146362304688,817.8146362304688,845.6947021484375,785.2879028320312,845.6947021484375,124497
2020-11-11,762.0545654296875,762.0545654296875,836.4013061523438,762.0545654296875,836.4013061523438,175071
2020-11-12,780.6412353515625,780.6412353515625,785.2879028320312,762.0545654296875,762.0545654296875,26685
2020-11-13,766.7012329101562,766.7012329101562,789.9345703125,743.4678344726562,762.0545654296875,26793
2020-11-16,752.7611694335938,752.7611694335938,775.9945678710938,748.114501953125,766.7012329101562,8715
2020-11-17,738.8211669921875,738.8211669921875,789.9345703125,724.8811645507812,771.347900390625,107281
2020-11-18,766.7012329101562,766.7012329101562,789.9345703125,738.8211669921875,738.8211669921875,187768
2020-11-19,775.9945678710938,775.9945678710938,775.9945678710938,766.7012329101562,766.7012329101562,61549
2020-11-20,771.347900390625,771.347900390625,785.2879028320312,757.4078979492188,757.4078979492188,50466
2020-11-23,752.7611694335938,752.7611694335938,771.347900390625,748.114501953125,771.347900390625,11513
2020-11-24,752.7611694335938,752.7611694335938,752.7611694335938,748.114501953125,752.7611694335938,139777
2020-11-25,748.114501953125,748.114501953125,766.7012329101562,729.52783203125,729.52783203125,14418
2020-11-26,762.0545654296875,762.0545654296875,762.0545654296875,734.1744995117188,762.0545654296875,30129
2020-11-27,743.4678344726562,743.4678344726562,762.0545654296875,743.4678344726562,762.0545654296875,7639
2020-11-30,734.1744995117188,734.1744995117188,743.4678344726562,729.52783203125,743.4678344726562,34540
2020-12-01,729.52783203125,729.52783203125,766.7012329101562,729.52783203125,734.1744995117188,49174
2020-12-02,743.4678344726562,743.4678344726562,752.7611694335938,734.1744995117188,734.1744995117188,53371
2020-12-03,724.8811645507812,724.8811645507812,748.114501953125,724.8811645507812,748.114501953125,12159
2020-12-04,715.5878295898438,715.5878295898438,724.8811645507812,715.5878295898438,724.8811645507812,19906
2020-12-07,715.5878295898438,715.5878295898438,724.8811645507812,715.5878295898438,724.8811645507812,63809
2020-12-08,724.8811645507812,724.8811645507812,724.8811645507812,715.5878295898438,720.2344970703125,9791
2020-12-10,752.7611694335938,752.7611694335938,752.7611694335938,724.8811645507812,724.8811645507812,38737
2020-12-11,752.7611694335938,752.7611694335938,762.0545654296875,748.114501953125,752.7611694335938,1936
2020-12-14,752.7611694335938,752.7611694335938,752.7611694335938,720.2344970703125,752.7611694335938,3012
2020-12-15,743.4678344726562,743.4678344726562,748.114501953125,743.4678344726562,748.114501953125,430
2020-12-16,738.8211669921875,738.8211669921875,743.4678344726562,738.8211669921875,738.8211669921875,7639
2020-12-17,738.8211669921875,738.8211669921875,738.8211669921875,720.2344970703125,738.8211669921875,1398
2020-12-18,715.5878295898438,715.5878295898438,738.8211669921875,701.6477661132812,738.8211669921875,20552
2020-12-21,743.4678344726562,743.4678344726562,748.114501953125,715.5878295898438,734.1744995117188,24533
2020-12-22,734.1744995117188,734.1744995117188,738.8211669921875,729.52783203125,738.8211669921875,1721
2020-12-23,734.1744995117188,734.1744995117188,734.1744995117188,710.9411010742188,734.1744995117188,21735
2020-12-28,882.8680419921875,882.8680419921875,882.8680419921875,715.5878295898438,734.1744995117188,140745
2020-12-29,822.4613037109375,822.4613037109375,924.6881103515625,822.4613037109375,924.6881103515625,6886
2020-12-30,766.7012329101562,766.7012329101562,813.16796875,766.7012329101562,813.16796875,116427
2021-01-04,720.2344970703125,720.2344970703125,743.4678344726562,715.5878295898438,743.4678344726562,98027
2021-01-05,720.2344970703125,720.2344970703125,720.2344970703125,720.2344970703125,720.2344970703125,18507
2021-01-06,715.5878295898438,715.5878295898438,720.2344970703125,715.5878295898438,720.2344970703125,1829
2021-01-07,715.5878295898438,715.5878295898438,715.5878295898438,701.6477661132812,701.6477661132812,33141
2021-01-08,710.9411010742188,710.9411010742188,720.2344970703125,710.9411010742188,715.5878295898438,38199
2021-01-11,706.29443359375,706.29443359375,710.9411010742188,697.0010986328125,710.9411010742188,7855
2021-01-12,701.6477661132812,701.6477661132812,706.29443359375,697.0010986328125,706.29443359375,10222
2021-01-13,697.0010986328125,697.0010986328125,706.29443359375,697.0010986328125,701.6477661132812,35509
2021-01-14,706.29443359375,706.29443359375,729.52783203125,697.0010986328125,697.0010986328125,50035
2021-01-15,715.5878295898438,715.5878295898438,743.4678344726562,701.6477661132812,706.29443359375,29160
2021-01-18,715.5878295898438,715.5878295898438,720.2344970703125,715.5878295898438,715.5878295898438,9791
2021-01-19,706.29443359375,706.29443359375,734.1744995117188,706.29443359375,715.5878295898438,9469
2021-01-20,706.29443359375,706.29443359375,715.5878295898438,706.29443359375,715.5878295898438,1183
2021-01-21,710.9411010742188,710.9411010742188,710.9411010742188,710.9411010742188,710.9411010742188,4842
2021-01-22,701.6477661132812,701.6477661132812,710.9411010742188,669.1210327148438,710.9411010742188,17647
2021-01-25,692.3544311523438,692.3544311523438,697.0010986328125,669.1210327148438,669.1210327148438,21843
2021-01-26,692.3544311523438,692.3544311523438,692.3544311523438,678.4144287109375,692.3544311523438,4196
2021-01-27,710.9411010742188,710.9411010742188,710.9411010742188,692.3544311523438,692.3544311523438,1829
2021-01-28,664.474365234375,664.474365234375,678.4144287109375,664.474365234375,669.1210327148438,16140
2021-01-29,650.5343627929688,650.5343627929688,669.1210327148438,650.5343627929688,669.1210327148438,17324
2021-02-01,687.707763671875,687.707763671875,687.707763671875,641.2410278320312,641.2410278320312,45839
2021-02-02,687.707763671875,687.707763671875,687.707763671875,687.707763671875,687.707763671875,16355
2021-02-03,687.707763671875,687.707763671875,687.707763671875,687.707763671875,687.707763671875,2367
2021-02-04,678.4144287109375,678.4144287109375,724.8811645507812,678.4144287109375,687.707763671875,26900
2021-02-05,678.4144287109375,678.4144287109375,678.4144287109375,678.4144287109375,678.4144287109375,5272
2021-02-08,697.0010986328125,697.0010986328125,697.0010986328125,678.4144287109375,678.4144287109375,2797
2021-02-09,738.8211669921875,738.8211669921875,743.4678344726562,692.3544311523438,697.0010986328125,58321
2021-02-10,697.0010986328125,697.0010986328125,738.8211669921875,697.0010986328125,738.8211669921875,8177
2021-02-11,678.4144287109375,678.4144287109375,720.2344970703125,659.8276977539062,715.5878295898438,5272
2021-02-15,697.0010986328125,697.0010986328125,743.4678344726562,650.5343627929688,743.4678344726562,9576
2021-02-16,701.6477661132812,701.6477661132812,701.6477661132812,697.0010986328125,697.0010986328125,16786
2021-02-17,706.29443359375,706.29443359375,766.7012329101562,697.0010986328125,701.6477661132812,220049
2021-02-18,697.0010986328125,697.0010986328125,743.4678344726562,697.0010986328125,706.29443359375,61226
2021-02-19,701.6477661132812,701.6477661132812,720.2344970703125,697.0010986328125,697.0010986328125,5810
2021-02-22,766.7012329101562,766.7012329101562,766.7012329101562,706.29443359375,715.5878295898438,30344
2021-02-23,734.1744995117188,734.1744995117188,831.754638671875,734.1744995117188,762.0545654296875,223493
2021-02-24,734.1744995117188,734.1744995117188,743.4678344726562,729.52783203125,734.1744995117188,106097
2021-02-25,752.7611694335938,752.7611694335938,762.0545654296875,734.1744995117188,734.1744995117188,194655
2021-02-26,920.0414428710938,920.0414428710938,938.628173828125,752.7611694335938,757.4078979492188,2418934
2021-03-01,864.2813720703125,864.2813720703125,1031.5616455078125,859.6347045898438,957.21484375,4621908
2021-03-02,1078.0283203125,1078.0283203125,1078.0283203125,854.988037109375,864.2813720703125,8228896
2021-03-03,1208.13525390625,1208.13525390625,1347.5355224609375,1115.2017822265625,1152.3751220703125,24651718
2021-03-04,1124.4951171875,1124.4951171875,1472.9957275390625,1124.4951171875,1273.188720703125,78666051
2021-03-05,1050.1483154296875,1050.1483154296875,1138.4351806640625,1050.1483154296875,1082.675048828125,19646095
2021-03-08,980.4482421875,980.4482421875,1050.1483154296875,980.4482421875,1031.5616455078125,3700388
2021-03-09,915.394775390625,915.394775390625,929.3347778320312,915.394775390625,920.0414428710938,1803117
2021-03-10,854.988037109375,854.988037109375,901.4547729492188,854.988037109375,854.988037109375,5141849
2021-03-12,799.2279052734375,799.2279052734375,841.0479736328125,799.2279052734375,799.2279052734375,9188938
2021-03-15,841.0479736328125,841.0479736328125,961.8615112304688,803.8746337890625,808.5213012695312,10662249
2021-03-16,827.1079711914062,827.1079711914062,896.80810546875,799.2279052734375,854.988037109375,2913589
2021-03-17,822.4613037109375,822.4613037109375,873.57470703125,799.2279052734375,831.754638671875,2161438
2021-03-18,808.5213012695312,808.5213012695312,841.0479736328125,803.8746337890625,822.4613037109375,1431776
2021-03-19,785.2879028320312,785.2879028320312,827.1079711914062,771.347900390625,827.1079711914062,2158748
2021-03-22,771.347900390625,771.347900390625,794.5812377929688,766.7012329101562,785.2879028320312,1422200
2021-03-23,734.1744995117188,734.1744995117188,789.9345703125,729.52783203125,771.347900390625,2128942
2021-03-24,738.8211669921875,738.8211669921875,831.754638671875,710.9411010742188,734.1744995117188,4768787
2021-03-25,720.2344970703125,720.2344970703125,771.347900390625,715.5878295898438,738.8211669921875,1669581
2021-03-26,738.8211669921875,738.8211669921875,757.4078979492188,729.52783203125,729.52783203125,851146
2021-03-29,720.2344970703125,720.2344970703125,762.0545654296875,720.2344970703125,748.114501953125,1119080
2021-03-30,720.2344970703125,720.2344970703125,762.0545654296875,697.0010986328125,720.2344970703125,3165489
2021-03-31,692.3544311523438,692.3544311523438,738.8211669921875,683.0610961914062,720.2344970703125,656275
2021-04-01,692.3544311523438,692.3544311523438,724.8811645507812,683.0610961914062,692.3544311523438,515960
2021-04-05,678.4144287109375,678.4144287109375,710.9411010742188,673.7677612304688,692.3544311523438,385759
2021-04-06,710.9411010742188,710.9411010742188,729.52783203125,683.0610961914062,683.0610961914062,1067752
2021-04-07,789.9345703125,789.9345703125,799.2279052734375,687.707763671875,715.5878295898438,3513588
2021-04-08,789.9345703125,789.9345703125,813.16796875,762.0545654296875,799.2279052734375,1401324
2021-04-09,771.347900390625,771.347900390625,799.2279052734375,762.0545654296875,799.2279052734375,1362264
2021-04-12,766.7012329101562,766.7012329101562,771.347900390625,724.8811645507812,771.347900390625,463772
2021-04-13,738.8211669921875,738.8211669921875,766.7012329101562,724.8811645507812,766.7012329101562,428586
2021-04-14,734.1744995117188,734.1744995117188,748.114501953125,729.52783203125,748.114501953125,527796
2021-04-15,724.8811645507812,724.8811645507812,743.4678344726562,724.8811645507812,738.8211669921875,429984
2021-04-16,724.8811645507812,724.8811645507812,734.1744995117188,706.29443359375,729.52783203125,400824
2021-04-19,724.8811645507812,724.8811645507812,729.52783203125,701.6477661132812,724.8811645507812,431061
2021-04-20,701.6477661132812,701.6477661132812,724.8811645507812,701.6477661132812,724.8811645507812,299676
2021-04-21,706.29443359375,706.29443359375,706.29443359375,697.0010986328125,701.6477661132812,99856
2021-04-22,715.5878295898438,715.5878295898438,724.8811645507812,697.0010986328125,715.5878295898438,444834
2021-04-23,734.1744995117188,734.1744995117188,775.9945678710938,697.0010986328125,715.5878295898438,2444866
2021-04-26,701.6477661132812,701.6477661132812,738.8211669921875,701.6477661132812,738.8211669921875,750429
2021-04-27,701.6477661132812,701.6477661132812,738.8211669921875,687.707763671875,706.29443359375,693291
2021-04-28,710.9411010742188,710.9411010742188,715.5878295898438,697.0010986328125,701.6477661132812,180021
2021-04-29,710.9411010742188,710.9411010742188,720.2344970703125,697.0010986328125,710.9411010742188,341427
2021-04-30,715.5878295898438,715.5878295898438,729.52783203125,710.9411010742188,710.9411010742188,407065
2021-05-03,720.2344970703125,720.2344970703125,738.8211669921875,715.5878295898438,715.5878295898438,850500
2021-05-04,757.4078979492188,757.4078979492188,757.4078979492188,720.2344970703125,720.2344970703125,1381418
2021-05-05,748.114501953125,748.114501953125,766.7012329101562,748.114501953125,757.4078979492188,1183965
2021-05-06,734.1744995117188,734.1744995117188,762.0545654296875,734.1744995117188,757.4078979492188,579769
2021-05-07,715.5878295898438,715.5878295898438,734.1744995117188,715.5878295898438,734.1744995117188,670156
2021-05-10,752.7611694335938,752.7611694335938,752.7611694335938,724.8811645507812,734.1744995117188,489167
2021-05-11,743.4678344726562,743.4678344726562,757.4078979492188,715.5878295898438,752.7611694335938,314095
2021-05-17,752.7611694335938,752.7611694335938,762.0545654296875,724.8811645507812,724.8811645507812,1144904
2021-05-18,748.114501953125,748.114501953125,762.0545654296875,743.4678344726562,752.7611694335938,749245
2021-05-19,748.114501953125,748.114501953125,757.4078979492188,748.114501953125,752.7611694335938,359396
2021-05-20,738.8211669921875,738.8211669921875,748.114501953125,738.8211669921875,743.4678344726562,247381
2021-05-21,785.2879028320312,785.2879028320312,803.8746337890625,729.52783203125,738.8211669921875,847595
2021-05-24,854.988037109375,854.988037109375,864.2813720703125,775.9945678710938,789.9345703125,3802935
2021-05-25,892.1614379882812,892.1614379882812,924.6881103515625,859.6347045898438,868.9280395507812,4942997
2021-05-27,864.2813720703125,864.2813720703125,892.1614379882812,841.0479736328125,892.1614379882812,1115206
2021-05-28,868.9280395507812,868.9280395507812,882.8680419921875,841.0479736328125,873.57470703125,890099
2021-05-31,892.1614379882812,892.1614379882812,906.1014404296875,845.6947021484375,845.6947021484375,1067752
2021-06-02,892.1614379882812,892.1614379882812,920.0414428710938,878.2213745117188,892.1614379882812,882781
2021-06-03,924.6881103515625,924.6881103515625,952.5681762695312,873.57470703125,892.1614379882812,2598310
2021-06-04,933.9815063476562,933.9815063476562,943.2748413085938,920.0414428710938,924.6881103515625,832853
2021-06-07,947.9215087890625,947.9215087890625,1003.6815795898438,929.3347778320312,938.628173828125,3155913
2021-06-08,952.5681762695312,952.5681762695312,985.0949096679688,929.3347778320312,947.9215087890625,2728510
2021-06-09,938.628173828125,938.628173828125,975.8015747070312,938.628173828125,957.21484375,1000392
2021-06-10,929.3347778320312,929.3347778320312,971.1548461914062,906.1014404296875,943.2748413085938,1679158
2021-06-11,966.5081787109375,966.5081787109375,989.7415771484375,929.3347778320312,929.3347778320312,2265276
2021-06-14,1008.3282470703125,1008.3282470703125,1026.9149169921875,966.5081787109375,966.5081787109375,1872737
2021-06-15,1008.3282470703125,1008.3282470703125,1017.6216430664062,975.8015747070312,1017.6216430664062,529841
2021-06-16,985.0949096679688,985.0949096679688,1003.6815795898438,943.2748413085938,1003.6815795898438,938413
2021-06-17,1008.3282470703125,1008.3282470703125,1017.6216430664062,985.0949096679688,985.0949096679688,515422
2021-06-18,961.8615112304688,961.8615112304688,1022.268310546875,938.628173828125,1008.3282470703125,2915526
2021-06-21,961.8615112304688,961.8615112304688,961.8615112304688,906.1014404296875,961.8615112304688,555343
2021-06-22,952.5681762695312,952.5681762695312,961.8615112304688,920.0414428710938,961.8615112304688,510903
2021-06-23,966.5081787109375,966.5081787109375,985.0949096679688,947.9215087890625,957.21484375,612803
2021-06-24,975.8015747070312,975.8015747070312,980.4482421875,947.9215087890625,980.4482421875,268471
2021-06-25,1217.4285888671875,1217.4285888671875,1217.4285888671875,980.4482421875,980.4482421875,13538285
2021-06-28,1133.7884521484375,1133.7884521484375,1384.7088623046875,1133.7884521484375,1301.0687255859375,6377464
2021-06-29,1054.7950439453125,1054.7950439453125,1115.2017822265625,1054.7950439453125,1054.7950439453125,4269182
2021-06-30,1115.2017822265625,1115.2017822265625,1226.721923828125,1040.85498046875,1040.85498046875,6269322
2021-07-01,1170.9619140625,1170.9619140625,1222.0753173828125,1119.848388671875,1129.141845703125,2614558
2021-07-02,1194.1951904296875,1194.1951904296875,1208.13525390625,1157.0218505859375,1170.9619140625,832530
2021-07-05,1468.3489990234375,1468.3489990234375,1486.9356689453125,1180.2552490234375,1198.8419189453125,10418204
2021-07-06,1366.1221923828125,1366.1221923828125,1491.5823974609375,1366.1221923828125,1477.642333984375,4279082
2021-07-07,1361.4754638671875,1361.4754638671875,1417.235595703125,1273.188720703125,1361.4754638671875,2252148
2021-07-08,1361.4754638671875,1361.4754638671875,1426.5289306640625,1291.775390625,1366.1221923828125,1807959
2021-07-09,1561.282470703125,1561.282470703125,1700.6827392578125,1301.0687255859375,1361.4754638671875,23268793
2021-07-12,1700.6827392578125,1700.6827392578125,1802.9095458984375,1561.282470703125,1575.2225341796875,9769138
2021-07-13,1589.1624755859375,1589.1624755859375,1742.5028076171875,1584.515869140625,1714.6226806640625,4646656
2021-07-14,1668.156005859375,1668.156005859375,1793.6162109375,1482.2890625,1570.5758056640625,10812357
2021-07-15,1668.156005859375,1668.156005859375,1816.8494873046875,1644.922607421875,1682.095947265625,10312752
2021-07-16,1603.1025390625,1603.1025390625,1723.916015625,1593.8092041015625,1672.8026123046875,4019756
2021-07-19,1519.46240234375,1519.46240234375,1635.6292724609375,1514.8157958984375,1603.1025390625,3295690
2021-07-21,1449.7623291015625,1449.7623291015625,1519.46240234375,1417.235595703125,1514.8157958984375,3526608
2021-07-22,1417.235595703125,1417.235595703125,1505.5223388671875,1398.64892578125,1449.7623291015625,2752936
2021-07-23,1440.468994140625,1440.468994140625,1486.9356689453125,1412.5888671875,1417.235595703125,1103369
2021-07-26,1394.002197265625,1394.002197265625,1454.408935546875,1394.002197265625,1440.468994140625,1635578
2021-07-27,1296.4219970703125,1296.4219970703125,1394.002197265625,1296.4219970703125,1389.3555908203125,3402433
2021-07-28,1208.13525390625,1208.13525390625,1296.4219970703125,1208.13525390625,1296.4219970703125,3648846
2021-07-29,1203.488525390625,1203.488525390625,1301.0687255859375,1147.728515625,1245.30859375,3989520
2021-07-30,1240.6619873046875,1240.6619873046875,1296.4219970703125,1198.8419189453125,1217.4285888671875,3046480
2021-08-02,1170.9619140625,1170.9619140625,1287.128662109375,1157.0218505859375,1245.30859375,3637332
2021-08-03,1180.2552490234375,1180.2552490234375,1231.36865234375,1138.4351806640625,1170.9619140625,1972055
2021-08-04,1208.13525390625,1208.13525390625,1282.4820556640625,1152.3751220703125,1198.8419189453125,6082307
2021-08-05,1170.9619140625,1170.9619140625,1263.8953857421875,1170.9619140625,1226.721923828125,3680697
2021-08-06,1249.955322265625,1249.955322265625,1301.0687255859375,1166.315185546875,1180.2552490234375,6933131
2021-08-09,1273.188720703125,1273.188720703125,1347.5355224609375,1240.6619873046875,1263.8953857421875,8969318
2021-08-10,1212.781982421875,1212.781982421875,1310.362060546875,1189.548583984375,1282.4820556640625,3353473
2021-08-12,1170.9619140625,1170.9619140625,1231.36865234375,1170.9619140625,1212.781982421875,2945655
2021-08-13,1198.8419189453125,1198.8419189453125,1226.721923828125,1143.081787109375,1170.9619140625,3241027
2021-08-16,1115.2017822265625,1115.2017822265625,1226.721923828125,1115.2017822265625,1208.13525390625,4885752
2021-08-18,1040.85498046875,1040.85498046875,1119.848388671875,1040.85498046875,1115.2017822265625,2928331
2021-08-19,971.1548461914062,971.1548461914062,1022.268310546875,971.1548461914062,1022.268310546875,5137330
2021-08-20,1017.6216430664062,1017.6216430664062,1022.268310546875,910.7481079101562,971.1548461914062,4878543
2021-08-23,1082.675048828125,1082.675048828125,1138.4351806640625,1017.6216430664062,1017.6216430664062,6390054
2021-08-24,1110.5550537109375,1110.5550537109375,1124.4951171875,1078.0283203125,1096.6151123046875,2016603
2021-08-25,1087.32177734375,1087.32177734375,1129.141845703125,1078.0283203125,1115.2017822265625,875680
2021-08-26,1105.908447265625,1105.908447265625,1184.90185546875,1073.3817138671875,1082.675048828125,2766279
2021-08-27,1115.2017822265625,1115.2017822265625,1240.6619873046875,1101.26171875,1115.2017822265625,12239399
2021-08-30,1166.315185546875,1166.315185546875,1170.9619140625,1115.2017822265625,1129.141845703125,3322591
2021-08-31,1194.1951904296875,1194.1951904296875,1212.781982421875,1147.728515625,1175.6085205078125,3187118
2021-09-01,1184.90185546875,1184.90185546875,1245.30859375,1180.2552490234375,1208.13525390625,4001249
2021-09-02,1175.6085205078125,1175.6085205078125,1217.4285888671875,1143.081787109375,1184.90185546875,1296411
2021-09-03,1115.2017822265625,1115.2017822265625,1208.13525390625,1110.5550537109375,1180.2552490234375,1042143
2021-09-06,1124.4951171875,1124.4951171875,1147.728515625,1115.2017822265625,1119.848388671875,825106
2021-09-07,1124.4951171875,1124.4951171875,1403.2955322265625,1105.908447265625,1175.6085205078125,49499275
2021-09-08,1091.9683837890625,1091.9683837890625,1166.315185546875,1078.0283203125,1124.4951171875,5432810
2021-09-09,1068.7349853515625,1068.7349853515625,1110.5550537109375,1036.208251953125,1110.5550537109375,3797447
2021-09-10,1124.4951171875,1124.4951171875,1133.7884521484375,1068.7349853515625,1068.7349853515625,1752974
2021-09-13,1124.4951171875,1124.4951171875,1254.6019287109375,1124.4951171875,1180.2552490234375,24182135
2021-09-14,1068.7349853515625,1068.7349853515625,1157.0218505859375,1064.08837890625,1129.141845703125,9958413
2021-09-15,1040.85498046875,1040.85498046875,1110.5550537109375,1026.9149169921875,1068.7349853515625,6959386
2021-09-16,1031.5616455078125,1031.5616455078125,1054.7950439453125,1026.9149169921875,1040.85498046875,1995513
2021-09-17,1022.268310546875,1022.268310546875,1054.7950439453125,1008.3282470703125,1036.208251953125,2772090
2021-09-20,1012.9749145507812,1012.9749145507812,1045.501708984375,980.4482421875,1031.5616455078125,1968504
2021-09-21,1017.6216430664062,1017.6216430664062,1059.441650390625,1003.6815795898438,1017.6216430664062,2752613
2021-09-22,1017.6216430664062,1017.6216430664062,1045.501708984375,1012.9749145507812,1045.501708984375,1472881
2021-09-23,1031.5616455078125,1031.5616455078125,1045.501708984375,1017.6216430664062,1017.6216430664062,1686690
2021-09-24,1012.9749145507812,1012.9749145507812,1045.501708984375,1012.9749145507812,1040.85498046875,1860362
2021-09-27,999.034912109375,999.034912109375,1012.9749145507812,952.5681762695312,994.3882446289062,1875642
2021-09-28,999.034912109375,999.034912109375,1036.208251953125,975.8015747070312,1003.6815795898438,2545476
2021-09-29,975.8015747070312,975.8015747070312,1012.9749145507812,971.1548461914062,989.7415771484375,1527867
2021-09-30,980.4482421875,980.4482421875,994.3882446289062,971.1548461914062,975.8015747070312,768183
2021-10-01,957.21484375,957.21484375,994.3882446289062,943.2748413085938,994.3882446289062,1514739
2021-10-04,989.7415771484375,989.7415771484375,999.034912109375,952.5681762695312,971.1548461914062,1257781
2021-10-05,961.8615112304688,961.8615112304688,999.034912109375,957.21484375,994.3882446289062,1188914
2021-10-06,947.9215087890625,947.9215087890625,961.8615112304688,938.628173828125,952.5681762695312,1304911
2021-10-07,947.9215087890625,947.9215087890625,975.8015747070312,943.2748413085938,947.9215087890625,834145
2021-10-08,933.9815063476562,933.9815063476562,966.5081787109375,933.9815063476562,947.9215087890625,1005988
2021-10-11,920.0414428710938,920.0414428710938,938.628173828125,910.7481079101562,938.628173828125,2112586
2021-10-12,915.394775390625,915.394775390625,924.6881103515625,901.4547729492188,906.1014404296875,1297487
2021-10-13,915.394775390625,915.394775390625,915.394775390625,878.2213745117188,915.394775390625,1612551
2021-10-14,929.3347778320312,929.3347778320312,943.2748413085938,915.394775390625,915.394775390625,984898
2021-10-15,924.6881103515625,924.6881103515625,938.628173828125,920.0414428710938,929.3347778320312,569547
2021-10-18,957.21484375,957.21484375,966.5081787109375,915.394775390625,929.3347778320312,1537766
2021-10-19,957.21484375,957.21484375,975.8015747070312,933.9815063476562,966.5081787109375,1088950
2021-10-21,947.9215087890625,947.9215087890625,994.3882446289062,933.9815063476562,952.5681762695312,1659681
2021-10-22,938.628173828125,938.628173828125,952.5681762695312,933.9815063476562,947.9215087890625,510580
2021-10-25,938.628173828125,938.628173828125,952.5681762695312,933.9815063476562,938.628173828125,382424
2021-10-26,929.3347778320312,929.3347778320312,938.628173828125,924.6881103515625,938.628173828125,610006
2021-10-27,920.0414428710938,920.0414428710938,929.3347778320312,910.7481079101562,929.3347778320312,910651
2021-10-28,920.0414428710938,920.0414428710938,924.6881103515625,920.0414428710938,920.0414428710938,739453
2021-10-29,896.80810546875,896.80810546875,924.6881103515625,896.80810546875,920.0414428710938,1118326
2021-11-01,892.1614379882812,892.1614379882812,915.394775390625,892.1614379882812,901.4547729492188,872451
2021-11-02,882.8680419921875,882.8680419921875,910.7481079101562,878.2213745117188,892.1614379882812,1126612
2021-11-03,882.8680419921875,882.8680419921875,896.80810546875,878.2213745117188,882.8680419921875,287732
2021-11-04,906.1014404296875,906.1014404296875,920.0414428710938,882.8680419921875,896.80810546875,462158
2021-11-05,896.80810546875,896.80810546875,920.0414428710938,882.8680419921875,906.1014404296875,202402
2021-11-08,994.3882446289062,994.3882446289062,1119.848388671875,901.4547729492188,901.4547729492188,39343086
2021-11-09,999.034912109375,999.034912109375,1101.26171875,943.2748413085938,1003.6815795898438,54420645
2021-11-10,994.3882446289062,994.3882446289062,1026.9149169921875,957.21484375,994.3882446289062,19151117
2021-11-11,947.9215087890625,947.9215087890625,1022.268310546875,929.3347778320312,994.3882446289062,54000452
2021-11-12,892.1614379882812,892.1614379882812,975.8015747070312,882.8680419921875,947.9215087890625,29583525
2021-11-15,920.0414428710938,920.0414428710938,920.0414428710938,859.6347045898438,892.1614379882812,6059603
2021-11-16,873.57470703125,873.57470703125,920.0414428710938,859.6347045898438,920.0414428710938,55472903
2021-11-17,817.8146362304688,817.8146362304688,882.8680419921875,813.16796875,868.9280395507812,52545540
2021-11-18,785.2879028320312,785.2879028320312,827.1079711914062,762.0545654296875,817.8146362304688,24411331
2021-11-19,827.1079711914062,827.1079711914062,827.1079711914062,771.347900390625,785.2879028320312,3070583
2021-11-22,780.6412353515625,780.6412353515625,831.754638671875,771.347900390625,827.1079711914062,56018454
2021-11-23,729.52783203125,729.52783203125,785.2879028320312,729.52783203125,780.6412353515625,45286477
2021-11-24,715.5878295898438,715.5878295898438,729.52783203125,687.707763671875,729.52783203125,19048893
2021-11-25,715.5878295898438,715.5878295898438,734.1744995117188,701.6477661132812,715.5878295898438,17560302
2021-11-26,734.1744995117188,734.1744995117188,734.1744995117188,687.707763671875,715.5878295898438,10977314
2021-11-29,752.7611694335938,752.7611694335938,752.7611694335938,697.0010986328125,734.1744995117188,10334703
2021-11-30,701.6477661132812,701.6477661132812,771.347900390625,701.6477661132812,757.4078979492188,35584161
2021-12-01,720.2344970703125,720.2344970703125,743.4678344726562,692.3544311523438,701.6477661132812,22019405
2021-12-02,724.8811645507812,724.8811645507812,743.4678344726562,715.5878295898438,720.2344970703125,12683588
2021-12-03,706.29443359375,706.29443359375,752.7611694335938,701.6477661132812,729.52783203125,15006970
2021-12-06,697.0010986328125,697.0010986328125,715.5878295898438,683.0610961914062,706.29443359375,6547048
2021-12-07,697.0010986328125,697.0010986328125,715.5878295898438,678.4144287109375,697.0010986328125,12870603
2021-12-08,701.6477661132812,701.6477661132812,752.7611694335938,678.4144287109375,697.0010986328125,63404275
2021-12-09,701.6477661132812,701.6477661132812,715.5878295898438,697.0010986328125,706.29443359375,6484638
2021-12-10,780.6412353515625,780.6412353515625,854.988037109375,706.29443359375,710.9411010742188,67425969
2021-12-13,780.6412353515625,780.6412353515625,799.2279052734375,748.114501953125,785.2879028320312,19893261
2021-12-14,729.52783203125,729.52783203125,794.5812377929688,729.52783203125,789.9345703125,73325027
2021-12-15,692.3544311523438,692.3544311523438,729.52783203125,683.0610961914062,687.707763671875,55597293
2021-12-16,692.3544311523438,692.3544311523438,715.5878295898438,683.0610961914062,706.29443359375,9115229
2021-12-17,720.2344970703125,720.2344970703125,738.8211669921875,692.3544311523438,692.3544311523438,13912746
2021-12-20,697.0010986328125,697.0010986328125,724.8811645507812,697.0010986328125,724.8811645507812,19313168
2021-12-21,687.707763671875,687.707763671875,720.2344970703125,687.707763671875,697.0010986328125,21317936
2021-12-22,659.8276977539062,659.8276977539062,706.29443359375,659.8276977539062,687.707763671875,16713997
2021-12-23,636.5943603515625,636.5943603515625,673.7677612304688,631.9476928710938,650.5343627929688,5721834
2021-12-24,645.8876953125,645.8876953125,645.8876953125,618.0076293945312,636.5943603515625,5839337
2021-12-27,645.8876953125,645.8876953125,669.1210327148438,636.5943603515625,645.8876953125,5345543
2021-12-28,659.8276977539062,659.8276977539062,673.7677612304688,645.8876953125,650.5343627929688,3182706
2021-12-29,687.707763671875,687.707763671875,697.0010986328125,659.8276977539062,664.474365234375,6092852
2021-12-30,659.8276977539062,659.8276977539062,697.0010986328125,659.8276977539062,697.0010986328125,2542571
2022-01-03,650.5343627929688,650.5343627929688,669.1210327148438,645.8876953125,659.8276977539062,2131309
2022-01-04,655.1810302734375,655.1810302734375,673.7677612304688,641.2410278320312,655.1810302734375,2010039
2022-01-05,655.1810302734375,655.1810302734375,669.1210327148438,655.1810302734375,669.1210327148438,1295227
2022-01-06,650.5343627929688,650.5343627929688,664.474365234375,631.9476928710938,659.8276977539062,3450209
2022-01-07,650.5343627929688,650.5343627929688,655.1810302734375,631.9476928710938,650.5343627929688,1802687
2022-01-10,650.5343627929688,650.5343627929688,659.8276977539062,645.8876953125,650.5343627929688,1431991
2022-01-11,613.3609619140625,613.3609619140625,650.5343627929688,608.7142944335938,650.5343627929688,4501822
2022-01-12,604.067626953125,604.067626953125,627.3009643554688,585.48095703125,608.7142944335938,4467926
2022-01-13,604.067626953125,604.067626953125,604.067626953125,585.48095703125,604.067626953125,1034395
2022-01-14,608.7142944335938,608.7142944335938,631.9476928710938,599.4209594726562,604.067626953125,2081058
2022-01-17,604.067626953125,604.067626953125,627.3009643554688,599.4209594726562,613.3609619140625,1980986
2022-01-18,562.24755859375,562.24755859375,604.067626953125,562.24755859375,599.4209594726562,7657089
2022-01-19,548.3075561523438,548.3075561523438,562.24755859375,525.0741577148438,562.24755859375,3218108
2022-01-20,534.3674926757812,534.3674926757812,548.3075561523438,529.7208251953125,548.3075561523438,2457887
2022-01-21,534.3674926757812,534.3674926757812,548.3075561523438,534.3674926757812,534.3674926757812,1190313
2022-01-24,520.427490234375,520.427490234375,548.3075561523438,506.4874572753906,534.3674926757812,2264522
2022-01-25,520.427490234375,520.427490234375,543.660888671875,515.7808227539062,520.427490234375,1801934
2022-01-26,501.8407897949219,501.8407897949219,529.7208251953125,487.9007873535156,529.7208251953125,3888372
2022-01-27,525.0741577148438,525.0741577148438,539.01416015625,501.8407897949219,506.4874572753906,2808890
2022-01-28,548.3075561523438,548.3075561523438,548.3075561523438,511.1341552734375,539.01416015625,3207563
2022-01-31,557.6008911132812,557.6008911132812,566.8942260742188,534.3674926757812,552.9542236328125,1390672
2022-02-02,594.7742919921875,594.7742919921875,604.067626953125,543.660888671875,557.6008911132812,3720510
2022-02-03,580.834228515625,580.834228515625,604.067626953125,566.8942260742188,599.4209594726562,2269687
2022-02-04,604.067626953125,604.067626953125,618.0076293945312,566.8942260742188,566.8942260742188,3799169
2022-02-07,613.3609619140625,613.3609619140625,631.9476928710938,604.067626953125,604.067626953125,3326680
2022-02-08,618.0076293945312,618.0076293945312,636.5943603515625,618.0076293945312,618.0076293945312,2352650
2022-02-09,650.5343627929688,650.5343627929688,659.8276977539062,608.7142944335938,622.654296875,5622193
2022-02-10,669.1210327148438,669.1210327148438,678.4144287109375,650.5343627929688,655.1810302734375,4904260
2022-02-11,659.8276977539062,659.8276977539062,683.0610961914062,650.5343627929688,678.4144287109375,2124745
2022-02-14,627.3009643554688,627.3009643554688,664.474365234375,618.0076293945312,655.1810302734375,2486294
2022-02-15,664.474365234375,664.474365234375,678.4144287109375,613.3609619140625,622.654296875,4055588
2022-02-16,715.5878295898438,715.5878295898438,720.2344970703125,669.1210327148438,673.7677612304688,8302067
2022-02-17,724.8811645507812,724.8811645507812,752.7611694335938,710.9411010742188,724.8811645507812,7069034
2022-02-18,706.29443359375,706.29443359375,724.8811645507812,697.0010986328125,724.8811645507812,1601360
2022-02-21,692.3544311523438,692.3544311523438,715.5878295898438,673.7677612304688,706.29443359375,2830626
2022-02-22,659.8276977539062,659.8276977539062,692.3544311523438,650.5343627929688,692.3544311523438,2534501
2022-02-23,664.474365234375,664.474365234375,683.0610961914062,655.1810302734375,659.8276977539062,1484072
2022-02-24,618.0076293945312,618.0076293945312,673.7677612304688,618.0076293945312,664.474365234375,4326535
2022-02-25,645.8876953125,645.8876953125,664.474365234375,594.7742919921875,618.0076293945312,2571516
2022-03-01,678.4144287109375,678.4144287109375,687.707763671875,650.5343627929688,659.8276977539062,3484104
2022-03-02,655.1810302734375,655.1810302734375,706.29443359375,655.1810302734375,678.4144287109375,1743505
2022-03-04,645.8876953125,645.8876953125,673.7677612304688,631.9476928710938,655.1810302734375,2246875
2022-03-07,618.0076293945312,618.0076293945312,645.8876953125,613.3609619140625,645.8876953125,2160147
2022-03-08,627.3009643554688,627.3009643554688,650.5343627929688,613.3609619140625,618.0076293945312,1157924
2022-03-09,636.5943603515625,636.5943603515625,641.2410278320312,622.654296875,627.3009643554688,719546
2022-03-10,641.2410278320312,641.2410278320312,659.8276977539062,627.3009643554688,636.5943603515625,1131669
2022-03-11,636.5943603515625,636.5943603515625,645.8876953125,627.3009643554688,641.2410278320312,349282
2022-03-14,636.5943603515625,636.5943603515625,650.5343627929688,631.9476928710938,636.5943603515625,1593828
2022-03-15,618.0076293945312,618.0076293945312,650.5343627929688,613.3609619140625,636.5943603515625,1198061
2022-03-16,622.654296875,622.654296875,645.8876953125,613.3609619140625,618.0076293945312,896662
2022-03-17,622.654296875,622.654296875,641.2410278320312,618.0076293945312,627.3009643554688,497237
2022-03-18,622.654296875,622.654296875,631.9476928710938,613.3609619140625,631.9476928710938,609575
2022-03-21,622.654296875,622.654296875,631.9476928710938,618.0076293945312,622.654296875,141606
2022-03-22,627.3009643554688,627.3009643554688,631.9476928710938,618.0076293945312,627.3009643554688,232209
2022-03-23,627.3009643554688,627.3009643554688,641.2410278320312,622.654296875,631.9476928710938,680271
2022-03-24,622.654296875,622.654296875,641.2410278320312,622.654296875,631.9476928710938,195085
2022-03-25,622.654296875,622.654296875,631.9476928710938,622.654296875,622.654296875,446878
2022-03-28,622.654296875,622.654296875,627.3009643554688,618.0076293945312,627.3009643554688,651648
2022-03-29,631.9476928710938,631.9476928710938,636.5943603515625,622.654296875,627.3009643554688,356599
2022-03-30,631.9476928710938,631.9476928710938,636.5943603515625,627.3009643554688,631.9476928710938,452581
2022-03-31,650.5343627929688,650.5343627929688,664.474365234375,627.3009643554688,631.9476928710938,1100141
2022-04-01,636.5943603515625,636.5943603515625,673.7677612304688,631.9476928710938,655.1810302734375,868470
2022-04-04,641.2410278320312,641.2410278320312,650.5343627929688,636.5943603515625,636.5943603515625,351326
2022-04-05,641.2410278320312,641.2410278320312,655.1810302734375,636.5943603515625,641.2410278320312,778406
2022-04-06,622.654296875,622.654296875,636.5943603515625,599.4209594726562,636.5943603515625,1281992
2022-04-07,613.3609619140625,613.3609619140625,627.3009643554688,613.3609619140625,627.3009643554688,681132
2022-04-08,608.7142944335938,608.7142944335938,622.654296875,608.7142944335938,618.0076293945312,698671
2022-04-11,608.7142944335938,608.7142944335938,631.9476928710938,599.4209594726562,608.7142944335938,683069
2022-04-12,590.1276245117188,590.1276245117188,622.654296875,576.1875610351562,613.3609619140625,637445
2022-04-13,590.1276245117188,590.1276245117188,608.7142944335938,576.1875610351562,594.7742919921875,687911
2022-04-14,594.7742919921875,594.7742919921875,604.067626953125,576.1875610351562,590.1276245117188,325178
2022-04-18,580.834228515625,580.834228515625,599.4209594726562,580.834228515625,594.7742919921875,642610
2022-04-19,580.834228515625,580.834228515625,590.1276245117188,576.1875610351562,580.834228515625,465817
2022-04-20,576.1875610351562,576.1875610351562,599.4209594726562,552.9542236328125,599.4209594726562,789597
2022-04-21,566.8942260742188,566.8942260742188,585.48095703125,566.8942260742188,585.48095703125,279339
2022-04-22,562.24755859375,562.24755859375,580.834228515625,562.24755859375,571.5408935546875,328622
2022-04-25,566.8942260742188,566.8942260742188,566.8942260742188,548.3075561523438,557.6008911132812,625931
2022-04-26,552.9542236328125,552.9542236328125,580.834228515625,552.9542236328125,566.8942260742188,631634
2022-04-27,543.660888671875,543.660888671875,566.8942260742188,543.660888671875,566.8942260742188,1057422
2022-04-28,543.660888671875,543.660888671875,557.6008911132812,543.660888671875,557.6008911132812,1228620
2022-05-09,529.7208251953125,529.7208251953125,557.6008911132812,525.0741577148438,543.660888671875,814883
2022-05-10,529.7208251953125,529.7208251953125,529.7208251953125,506.4874572753906,529.7208251953125,1195693
2022-05-11,539.01416015625,539.01416015625,548.3075561523438,529.7208251953125,529.7208251953125,611189
2022-05-12,520.427490234375,520.427490234375,548.3075561523438,515.7808227539062,539.01416015625,383607
2022-05-13,515.7808227539062,515.7808227539062,525.0741577148438,501.8407897949219,515.7808227539062,411261
2022-05-17,520.427490234375,520.427490234375,529.7208251953125,515.7808227539062,520.427490234375,364884
2022-05-18,529.7208251953125,529.7208251953125,534.3674926757812,525.0741577148438,525.0741577148438,430307
2022-05-19,506.4874572753906,506.4874572753906,534.3674926757812,497.1941223144531,529.7208251953125,1336439
2022-05-20,515.7808227539062,515.7808227539062,520.427490234375,511.1341552734375,515.7808227539062,259432
2022-05-23,515.7808227539062,515.7808227539062,525.0741577148438,501.8407897949219,515.7808227539062,221771
2022-05-24,520.427490234375,520.427490234375,520.427490234375,506.4874572753906,515.7808227539062,192503
2022-05-25,506.4874572753906,506.4874572753906,520.427490234375,506.4874572753906,520.427490234375,231455
2022-05-27,515.7808227539062,515.7808227539062,515.7808227539062,501.8407897949219,506.4874572753906,262230
2022-05-30,511.1341552734375,511.1341552734375,520.427490234375,501.8407897949219,520.427490234375,758929
2022-05-31,511.1341552734375,511.1341552734375,515.7808227539062,506.4874572753906,511.1341552734375,314956
2022-06-02,548.3075561523438,548.3075561523438,566.8942260742188,511.1341552734375,511.1341552734375,1070873
2022-06-03,557.6008911132812,557.6008911132812,604.067626953125,552.9542236328125,557.6008911132812,1398527
2022-06-06,557.6008911132812,557.6008911132812,571.5408935546875,552.9542236328125,557.6008911132812,103084
2022-06-07,539.01416015625,539.01416015625,566.8942260742188,539.01416015625,557.6008911132812,170121
2022-06-08,520.427490234375,520.427490234375,548.3075561523438,520.427490234375,548.3075561523438,616892
2022-06-09,525.0741577148438,525.0741577148438,534.3674926757812,515.7808227539062,520.427490234375,496268
2022-06-10,529.7208251953125,529.7208251953125,543.660888671875,525.0741577148438,529.7208251953125,447739
2022-06-13,520.427490234375,520.427490234375,534.3674926757812,501.8407897949219,534.3674926757812,164741
2022-06-14,525.0741577148438,525.0741577148438,529.7208251953125,506.4874572753906,520.427490234375,336907
2022-06-15,529.7208251953125,529.7208251953125,534.3674926757812,492.5474548339844,529.7208251953125,561584
2022-06-16,511.1341552734375,511.1341552734375,534.3674926757812,501.8407897949219,534.3674926757812,940672
2022-06-17,501.8407897949219,501.8407897949219,511.1341552734375,492.5474548339844,511.1341552734375,676290
2022-06-20,511.1341552734375,511.1341552734375,520.427490234375,497.1941223144531,511.1341552734375,437947
2022-06-21,520.427490234375,520.427490234375,525.0741577148438,511.1341552734375,511.1341552734375,605486
2022-06-22,515.7808227539062,515.7808227539062,529.7208251953125,515.7808227539062,525.0741577148438,290315
2022-06-23,515.7808227539062,515.7808227539062,534.3674926757812,506.4874572753906,515.7808227539062,520695
2022-06-24,511.1341552734375,511.1341552734375,525.0741577148438,511.1341552734375,525.0741577148438,189382
2022-06-27,511.1341552734375,511.1341552734375,525.0741577148438,506.4874572753906,520.427490234375,289346
2022-06-28,511.1341552734375,511.1341552734375,511.1341552734375,501.8407897949219,511.1341552734375,292574
2022-06-29,506.4874572753906,506.4874572753906,515.7808227539062,506.4874572753906,511.1341552734375,371986
2022-06-30,501.8407897949219,501.8407897949219,511.1341552734375,501.8407897949219,511.1341552734375,314848
2022-07-01,497.1941223144531,497.1941223144531,511.1341552734375,487.9007873535156,501.8407897949219,1061511
2022-07-04,497.1941223144531,497.1941223144531,506.4874572753906,483.25408935546875,501.8407897949219,926791
2022-07-05,492.5474548339844,492.5474548339844,511.1341552734375,487.9007873535156,501.8407897949219,520910
2022-07-06,497.1941223144531,497.1941223144531,497.1941223144531,487.9007873535156,497.1941223144531,182926
2022-07-07,497.1941223144531,497.1941223144531,501.8407897949219,492.5474548339844,497.1941223144531,70050
2022-07-08,492.5474548339844,492.5474548339844,501.8407897949219,492.5474548339844,501.8407897949219,346053
2022-07-11,515.7808227539062,515.7808227539062,520.427490234375,492.5474548339844,492.5474548339844,948420
2022-07-12,529.7208251953125,529.7208251953125,534.3674926757812,511.1341552734375,515.7808227539062,1007602
2022-07-13,515.7808227539062,515.7808227539062,543.660888671875,515.7808227539062,534.3674926757812,463772
2022-07-14,520.427490234375,520.427490234375,525.0741577148438,506.4874572753906,511.1341552734375,155702
2022-07-15,506.4874572753906,506.4874572753906,520.427490234375,506.4874572753906,520.427490234375,340243
2022-07-18,506.4874572753906,506.4874572753906,529.7208251953125,506.4874572753906,511.1341552734375,228442
2022-07-19,506.4874572753906,506.4874572753906,525.0741577148438,506.4874572753906,525.0741577148438,421269
2022-07-20,515.7808227539062,515.7808227539062,525.0741577148438,506.4874572753906,525.0741577148438,234468
2022-07-21,506.4874572753906,506.4874572753906,515.7808227539062,506.4874572753906,515.7808227539062,219296
2022-07-22,506.4874572753906,506.4874572753906,520.427490234375,506.4874572753906,506.4874572753906,113737
2022-07-25,501.8407897949219,501.8407897949219,520.427490234375,501.8407897949219,520.427490234375,624425
2022-07-26,506.4874572753906,506.4874572753906,511.1341552734375,501.8407897949219,506.4874572753906,300752
2022-07-27,506.4874572753906,506.4874572753906,515.7808227539062,506.4874572753906,515.7808227539062,100609
2022-07-28,506.4874572753906,506.4874572753906,529.7208251953125,506.4874572753906,506.4874572753906,462050
2022-07-29,501.8407897949219,501.8407897949219,511.1341552734375,501.8407897949219,506.4874572753906,694582
2022-08-01,501.8407897949219,501.8407897949219,511.1341552734375,497.1941223144531,501.8407897949219,1168577
2022-08-02,506.4874572753906,506.4874572753906,506.4874572753906,497.1941223144531,501.8407897949219,310867
2022-08-03,501.8407897949219,501.8407897949219,511.1341552734375,501.8407897949219,506.4874572753906,819188
2022-08-04,506.4874572753906,506.4874572753906,511.1341552734375,501.8407897949219,511.1341552734375,255236
2022-08-05,506.4874572753906,506.4874572753906,515.7808227539062,501.8407897949219,506.4874572753906,523169
2022-08-08,529.7208251953125,529.7208251953125,534.3674926757812,501.8407897949219,506.4874572753906,1353225
2022-08-09,529.7208251953125,529.7208251953125,539.01416015625,515.7808227539062,539.01416015625,680486
2022-08-10,525.0741577148438,525.0741577148438,548.3075561523438,515.7808227539062,543.660888671875,268041
2022-08-11,557.6008911132812,557.6008911132812,557.6008911132812,520.427490234375,534.3674926757812,1354194
2022-08-12,631.9476928710938,631.9476928710938,655.1810302734375,566.8942260742188,566.8942260742188,7558524
2022-08-15,613.3609619140625,613.3609619140625,678.4144287109375,608.7142944335938,636.5943603515625,3432239
2022-08-16,613.3609619140625,613.3609619140625,650.5343627929688,604.067626953125,622.654296875,657674
2022-08-18,590.1276245117188,590.1276245117188,622.654296875,576.1875610351562,613.3609619140625,1094115
2022-08-19,576.1875610351562,576.1875610351562,604.067626953125,576.1875610351562,604.067626953125,873743
2022-08-22,599.4209594726562,599.4209594726562,618.0076293945312,576.1875610351562,576.1875610351562,1295873
2022-08-23,604.067626953125,604.067626953125,622.654296875,594.7742919921875,599.4209594726562,393184
2022-08-24,627.3009643554688,627.3009643554688,627.3009643554688,594.7742919921875,618.0076293945312,536835
2022-08-25,636.5943603515625,636.5943603515625,650.5343627929688,608.7142944335938,636.5943603515625,967788
2022-08-26,627.3009643554688,627.3009643554688,645.8876953125,622.654296875,631.9476928710938,952939
2022-08-29,594.7742919921875,594.7742919921875,613.3609619140625,594.7742919921875,613.3609619140625,1337731
2022-08-30,594.7742919921875,594.7742919921875,608.7142944335938,580.834228515625,604.067626953125,383715
2022-08-31,604.067626953125,604.067626953125,622.654296875,594.7742919921875,622.654296875,73493
2022-09-01,590.1276245117188,590.1276245117188,622.654296875,585.48095703125,622.654296875,236728
2022-09-02,604.067626953125,604.067626953125,613.3609619140625,585.48095703125,613.3609619140625,381993
2022-09-05,604.067626953125,604.067626953125,613.3609619140625,590.1276245117188,613.3609619140625,139885
2022-09-06,604.067626953125,604.067626953125,613.3609619140625,590.1276245117188,613.3609619140625,114598
2022-09-07,594.7742919921875,594.7742919921875,631.9476928710938,590.1276245117188,631.9476928710938,97489
2022-09-08,571.5408935546875,571.5408935546875,613.3609619140625,571.5408935546875,613.3609619140625,419116
2022-09-09,594.7742919921875,594.7742919921875,604.067626953125,557.6008911132812,604.067626953125,366713
2022-09-12,585.48095703125,585.48095703125,613.3609619140625,576.1875610351562,613.3609619140625,309468
2022-09-13,576.1875610351562,576.1875610351562,608.7142944335938,576.1875610351562,608.7142944335938,605271
2022-09-14,562.24755859375,562.24755859375,585.48095703125,562.24755859375,580.834228515625,436871
2022-09-15,562.24755859375,562.24755859375,585.48095703125,557.6008911132812,580.834228515625,644331
2022-09-16,566.8942260742188,566.8942260742188,576.1875610351562,557.6008911132812,576.1875610351562,527796
2022-09-19,562.24755859375,562.24755859375,576.1875610351562,562.24755859375,576.1875610351562,237696
2022-09-20,576.1875610351562,576.1875610351562,576.1875610351562,562.24755859375,576.1875610351562,496484
2022-09-21,557.6008911132812,557.6008911132812,604.067626953125,539.01416015625,604.067626953125,515745
2022-09-22,548.3075561523438,548.3075561523438,571.5408935546875,548.3075561523438,571.5408935546875,322273
2022-09-23,552.9542236328125,552.9542236328125,566.8942260742188,520.427490234375,566.8942260742188,271484
2022-09-26,557.6008911132812,557.6008911132812,566.8942260742188,525.0741577148438,562.24755859375,474532
2022-09-27,552.9542236328125,552.9542236328125,576.1875610351562,548.3075561523438,576.1875610351562,177761
2022-09-28,539.01416015625,539.01416015625,576.1875610351562,534.3674926757812,576.1875610351562,694152
2022-09-29,525.0741577148438,525.0741577148438,557.6008911132812,520.427490234375,539.01416015625,994474
2022-09-30,515.7808227539062,515.7808227539062,548.3075561523438,515.7808227539062,548.3075561523438,617108
2022-10-03,534.3674926757812,534.3674926757812,543.660888671875,515.7808227539062,543.660888671875,114167
2022-10-04,552.9542236328125,552.9542236328125,604.067626953125,534.3674926757812,543.660888671875,231025
2022-10-05,548.3075561523438,548.3075561523438,585.48095703125,543.660888671875,585.48095703125,240709
2022-10-06,557.6008911132812,557.6008911132812,571.5408935546875,539.01416015625,566.8942260742188,102008
2022-10-07,552.9542236328125,552.9542236328125,576.1875610351562,543.660888671875,576.1875610351562,248134
2022-10-10,534.3674926757812,534.3674926757812,566.8942260742188,529.7208251953125,566.8942260742188,343686
2022-10-11,520.427490234375,520.427490234375,562.24755859375,520.427490234375,562.24755859375,314956
2022-10-12,520.427490234375,520.427490234375,557.6008911132812,501.8407897949219,557.6008911132812,518004
2022-10-13,515.7808227539062,515.7808227539062,539.01416015625,515.7808227539062,520.427490234375,358213
2022-10-14,520.427490234375,520.427490234375,543.660888671875,515.7808227539062,543.660888671875,147094
2022-10-17,525.0741577148438,525.0741577148438,539.01416015625,506.4874572753906,539.01416015625,219727
2022-10-18,525.0741577148438,525.0741577148438,534.3674926757812,506.4874572753906,534.3674926757812,246950
2022-10-19,511.1341552734375,511.1341552734375,539.01416015625,497.1941223144531,539.01416015625,889560
2022-10-20,506.4874572753906,506.4874572753906,539.01416015625,506.4874572753906,539.01416015625,276972
2022-10-21,511.1341552734375,511.1341552734375,534.3674926757812,501.8407897949219,534.3674926757812,1000608
2022-10-24,520.427490234375,520.427490234375,543.660888671875,511.1341552734375,543.660888671875,520479
2022-10-25,525.0741577148438,525.0741577148438,539.01416015625,515.7808227539062,534.3674926757812,331419
2022-10-26,525.0741577148438,525.0741577148438,539.01416015625,506.4874572753906,539.01416015625,300214
2022-10-27,534.3674926757812,534.3674926757812,534.3674926757812,515.7808227539062,525.0741577148438,444619
2022-10-28,515.7808227539062,515.7808227539062,539.01416015625,515.7808227539062,539.01416015625,108787
2022-10-31,520.427490234375,520.427490234375,539.01416015625,515.7808227539062,539.01416015625,146126
2022-11-01,520.427490234375,520.427490234375,534.3674926757812,515.7808227539062,534.3674926757812,421484
2022-11-02,520.427490234375,520.427490234375,539.01416015625,511.1341552734375,539.01416015625,148600
2022-11-03,520.427490234375,520.427490234375,539.01416015625,515.7808227539062,539.01416015625,44332
2022-11-04,506.4874572753906,506.4874572753906,548.3075561523438,506.4874572753906,548.3075561523438,470982
2022-11-07,520.427490234375,520.427490234375,529.7208251953125,511.1341552734375,529.7208251953125,274605
2022-11-08,520.427490234375,520.427490234375,529.7208251953125,511.1341552734375,525.0741577148438,240064
2022-11-09,520.427490234375,520.427490234375,552.9542236328125,511.1341552734375,548.3075561523438,214992
2022-11-10,511.1341552734375,511.1341552734375,534.3674926757812,501.8407897949219,534.3674926757812,293328
2022-11-11,520.427490234375,520.427490234375,543.660888671875,506.4874572753906,543.660888671875,338306
2022-11-14,520.427490234375,520.427490234375,529.7208251953125,515.7808227539062,529.7208251953125,312373
2022-11-15,525.0741577148438,525.0741577148438,548.3075561523438,520.427490234375,548.3075561523438,178084
2022-11-16,520.427490234375,520.427490234375,552.9542236328125,520.427490234375,552.9542236328125,346161
2022-11-17,525.0741577148438,525.0741577148438,557.6008911132812,520.427490234375,557.6008911132812,140100
2022-11-18,539.01416015625,539.01416015625,552.9542236328125,525.0741577148438,552.9542236328125,379949
2022-11-21,548.3075561523438,548.3075561523438,562.24755859375,534.3674926757812,562.24755859375,882459
2022-11-22,552.9542236328125,552.9542236328125,576.1875610351562,548.3075561523438,576.1875610351562,402115
2022-11-23,557.6008911132812,557.6008911132812,562.24755859375,548.3075561523438,562.24755859375,411584
2022-11-24,557.6008911132812,557.6008911132812,576.1875610351562,548.3075561523438,576.1875610351562,195623
2022-11-25,562.24755859375,562.24755859375,590.1276245117188,552.9542236328125,590.1276245117188,305379
2022-11-28,557.6008911132812,557.6008911132812,604.067626953125,552.9542236328125,604.067626953125,314418
2022-11-29,557.6008911132812,557.6008911132812,599.4209594726562,543.660888671875,599.4209594726562,269332
2022-11-30,552.9542236328125,552.9542236328125,594.7742919921875,548.3075561523438,594.7742919921875,130415
2022-12-01,548.3075561523438,548.3075561523438,585.48095703125,543.660888671875,585.48095703125,276219
2022-12-02,548.3075561523438,548.3075561523438,594.7742919921875,539.01416015625,594.7742919921875,278478
2022-12-05,552.9542236328125,552.9542236328125,599.4209594726562,543.660888671875,599.4209594726562,578908
2022-12-06,548.3075561523438,548.3075561523438,552.9542236328125,539.01416015625,548.3075561523438,414382
2022-12-07,534.3674926757812,534.3674926757812,548.3075561523438,529.7208251953125,548.3075561523438,304841
2022-12-08,529.7208251953125,529.7208251953125,566.8942260742188,520.427490234375,566.8942260742188,707280
2022-12-09,511.1341552734375,511.1341552734375,539.01416015625,511.1341552734375,539.01416015625,263952
2022-12-12,525.0741577148438,525.0741577148438,534.3674926757812,511.1341552734375,534.3674926757812,239956
2022-12-13,525.0741577148438,525.0741577148438,557.6008911132812,497.1941223144531,557.6008911132812,193794
2022-12-14,525.0741577148438,525.0741577148438,562.24755859375,515.7808227539062,562.24755859375,325394
2022-12-15,520.427490234375,520.427490234375,529.7208251953125,520.427490234375,529.7208251953125,183464
2022-12-16,525.0741577148438,525.0741577148438,552.9542236328125,511.1341552734375,552.9542236328125,8177
2022-12-19,511.1341552734375,511.1341552734375,529.7208251953125,506.4874572753906,529.7208251953125,662301
2022-12-20,515.7808227539062,515.7808227539062,557.6008911132812,506.4874572753906,557.6008911132812,268579
2022-12-21,515.7808227539062,515.7808227539062,529.7208251953125,511.1341552734375,529.7208251953125,465601
2022-12-22,515.7808227539062,515.7808227539062,566.8942260742188,501.8407897949219,566.8942260742188,405666
2022-12-23,511.1341552734375,511.1341552734375,529.7208251953125,511.1341552734375,529.7208251953125,96090
2022-12-26,506.4874572753906,506.4874572753906,539.01416015625,492.5474548339844,539.01416015625,229519
2022-12-27,515.7808227539062,515.7808227539062,520.427490234375,506.4874572753906,511.1341552734375,46269
2022-12-28,501.8407897949219,501.8407897949219,562.24755859375,501.8407897949219,562.24755859375,184217
2022-12-29,515.7808227539062,515.7808227539062,520.427490234375,497.1941223144531,501.8407897949219,144942
2022-12-30,511.1341552734375,511.1341552734375,520.427490234375,501.8407897949219,515.7808227539062,51434
2023-01-02,501.8407897949219,501.8407897949219,520.427490234375,501.8407897949219,511.1341552734375,292682
2023-01-03,506.4874572753906,506.4874572753906,515.7808227539062,497.1941223144531,506.4874572753906,133213
2023-01-04,511.1341552734375,511.1341552734375,511.1341552734375,506.4874572753906,506.4874572753906,282890
2023-01-05,506.4874572753906,506.4874572753906,520.427490234375,497.1941223144531,511.1341552734375,1714021
2023-01-06,506.4874572753906,506.4874572753906,515.7808227539062,501.8407897949219,506.4874572753906,334755
2023-01-09,478.607421875,478.607421875,520.427490234375,478.607421875,506.4874572753906,337445
2023-01-10,464.6673889160156,464.6673889160156,511.1341552734375,446.0807189941406,478.607421875,1435542
2023-01-11,453.515380859375,453.515380859375,487.9007873535156,451.6567077636719,473.96075439453125,309038
2023-01-12,483.25408935546875,483.25408935546875,483.25408935546875,457.23272705078125,459.0914001464844,1277903
2023-01-13,464.6673889160156,464.6673889160156,487.9007873535156,464.6673889160156,487.9007873535156,545228
2023-01-16,464.6673889160156,464.6673889160156,501.8407897949219,462.8087463378906,501.8407897949219,329805
2023-01-17,464.6673889160156,464.6673889160156,483.25408935546875,464.6673889160156,483.25408935546875,729876
2023-01-18,464.6673889160156,464.6673889160156,511.1341552734375,464.6673889160156,511.1341552734375,651541
2023-01-19,464.6673889160156,464.6673889160156,478.607421875,464.6673889160156,478.607421875,206922
2023-01-20,469.3140869140625,469.3140869140625,478.607421875,464.6673889160156,464.6673889160156,131491
2023-01-24,473.96075439453125,473.96075439453125,483.25408935546875,464.6673889160156,473.96075439453125,101578
2023-01-25,469.3140869140625,469.3140869140625,492.5474548339844,464.6673889160156,483.25408935546875,124497
2023-01-26,478.607421875,478.607421875,478.607421875,469.3140869140625,469.3140869140625,59504
2023-01-27,478.607421875,478.607421875,483.25408935546875,473.96075439453125,483.25408935546875,108895
2023-01-30,473.96075439453125,473.96075439453125,483.25408935546875,473.96075439453125,478.607421875,437086
2023-01-31,478.607421875,478.607421875,483.25408935546875,473.96075439453125,483.25408935546875,361333
2023-02-01,473.96075439453125,473.96075439453125,483.25408935546875,473.96075439453125,483.25408935546875,76183
2023-02-02,473.96075439453125,473.96075439453125,483.25408935546875,473.96075439453125,483.25408935546875,877832
2023-02-03,473.96075439453125,473.96075439453125,483.25408935546875,473.96075439453125,478.607421875,231133
2023-02-06,478.607421875,478.607421875,478.607421875,464.6673889160156,478.607421875,262230
2023-02-07,483.25408935546875,483.25408935546875,497.1941223144531,473.96075439453125,497.1941223144531,303335
2023-02-08,506.4874572753906,506.4874572753906,539.01416015625,483.25408935546875,487.9007873535156,3107491
2023-02-09,487.9007873535156,487.9007873535156,520.427490234375,478.607421875,511.1341552734375,1383570
2023-02-10,483.25408935546875,483.25408935546875,497.1941223144531,478.607421875,492.5474548339844,428478
2023-02-13,487.9007873535156,487.9007873535156,501.8407897949219,478.607421875,483.25408935546875,120085
2023-02-14,487.9007873535156,487.9007873535156,501.8407897949219,478.607421875,497.1941223144531,306348
2023-02-15,501.8407897949219,501.8407897949219,501.8407897949219,483.25408935546875,483.25408935546875,367251
2023-02-16,492.5474548339844,492.5474548339844,506.4874572753906,473.96075439453125,501.8407897949219,754195
2023-02-17,511.1341552734375,511.1341552734375,520.427490234375,492.5474548339844,497.1941223144531,1360973
2023-02-20,511.1341552734375,511.1341552734375,515.7808227539062,497.1941223144531,506.4874572753906,413844
2023-02-21,511.1341552734375,511.1341552734375,515.7808227539062,501.8407897949219,501.8407897949219,187768
2023-02-22,501.8407897949219,501.8407897949219,511.1341552734375,492.5474548339844,511.1341552734375,162158
2023-02-23,501.8407897949219,501.8407897949219,506.4874572753906,487.9007873535156,506.4874572753906,29053
2023-02-24,487.9007873535156,487.9007873535156,492.5474548339844,487.9007873535156,492.5474548339844,50143
2023-02-27,483.25408935546875,483.25408935546875,497.1941223144531,483.25408935546875,487.9007873535156,154841
2023-02-28,529.7208251953125,529.7208251953125,576.1875610351562,501.8407897949219,501.8407897949219,4450279
2023-03-01,506.4874572753906,506.4874572753906,534.3674926757812,506.4874572753906,534.3674926757812,831132
2023-03-02,529.7208251953125,529.7208251953125,543.660888671875,515.7808227539062,515.7808227539062,1266174
2023-03-03,506.4874572753906,506.4874572753906,539.01416015625,501.8407897949219,529.7208251953125,564812
2023-03-06,497.1941223144531,497.1941223144531,529.7208251953125,497.1941223144531,506.4874572753906,714919
2023-03-07,506.4874572753906,506.4874572753906,511.1341552734375,483.25408935546875,497.1941223144531,475393
2023-03-08,483.25408935546875,483.25408935546875,501.8407897949219,483.25408935546875,501.8407897949219,423743
2023-03-09,478.607421875,478.607421875,492.5474548339844,473.96075439453125,483.25408935546875,271914
2023-03-10,462.8087463378906,462.8087463378906,483.25408935546875,462.8087463378906,478.607421875,682208
2023-03-13,460.9500732421875,460.9500732421875,462.8087463378906,451.6567077636719,462.8087463378906,314310
2023-03-14,449.79803466796875,449.79803466796875,473.96075439453125,429.3526916503906,459.0914001464844,1290923
2023-03-15,447.93939208984375,447.93939208984375,457.23272705078125,446.0807189941406,449.79803466796875,914094
2023-03-16,438.6460266113281,438.6460266113281,447.93939208984375,429.3526916503906,447.93939208984375,532101
2023-03-17,449.79803466796875,449.79803466796875,449.79803466796875,427.4940185546875,442.3633728027344,346807
2023-03-20,442.3633728027344,442.3633728027344,453.515380859375,442.3633728027344,453.515380859375,128371
2023-03-21,453.515380859375,453.515380859375,464.6673889160156,436.787353515625,442.3633728027344,52403
2023-03-24,453.515380859375,453.515380859375,464.6673889160156,442.3633728027344,464.6673889160156,115566
2023-03-27,455.3740539550781,455.3740539550781,464.6673889160156,446.0807189941406,464.6673889160156,216714
2023-03-28,469.3140869140625,469.3140869140625,469.3140869140625,453.515380859375,464.6673889160156,262983
2023-03-29,469.3140869140625,469.3140869140625,473.96075439453125,455.3740539550781,473.96075439453125,131061
2023-03-30,460.9500732421875,460.9500732421875,473.96075439453125,455.3740539550781,473.96075439453125,55415
2023-03-31,469.3140869140625,469.3140869140625,469.3140869140625,460.9500732421875,464.6673889160156,172381
2023-04-03,483.25408935546875,483.25408935546875,483.25408935546875,464.6673889160156,473.96075439453125,331742
2023-04-04,473.96075439453125,473.96075439453125,487.9007873535156,464.6673889160156,483.25408935546875,148062
2023-04-05,473.96075439453125,473.96075439453125,483.25408935546875,462.8087463378906,473.96075439453125,316893
2023-04-06,469.3140869140625,469.3140869140625,487.9007873535156,464.6673889160156,483.25408935546875,223708
2023-04-10,469.3140869140625,469.3140869140625,483.25408935546875,469.3140869140625,473.96075439453125,41965
2023-04-11,473.96075439453125,473.96075439453125,487.9007873535156,464.6673889160156,487.9007873535156,95121
2023-04-12,473.96075439453125,473.96075439453125,483.25408935546875,464.6673889160156,483.25408935546875,129232
2023-04-13,469.3140869140625,469.3140869140625,478.607421875,464.6673889160156,478.607421875,116104
2023-04-14,473.96075439453125,473.96075439453125,473.96075439453125,462.8087463378906,469.3140869140625,251793
2023-04-17,473.96075439453125,473.96075439453125,478.607421875,464.6673889160156,473.96075439453125,421053
2023-04-18,469.3140869140625,469.3140869140625,478.607421875,464.6673889160156,464.6673889160156,170121
2023-04-26,451.6567077636719,451.6567077636719,483.25408935546875,446.0807189941406,483.25408935546875,916784
2023-04-27,473.96075439453125,473.96075439453125,483.25408935546875,457.23272705078125,469.3140869140625,271914
2023-04-28,464.6673889160156,464.6673889160156,478.607421875,464.6673889160156,478.607421875,41212
2023-05-02,460.9500732421875,460.9500732421875,473.96075439453125,455.3740539550781,464.6673889160156,186262
2023-05-03,462.8087463378906,462.8087463378906,469.3140869140625,455.3740539550781,469.3140869140625,169691
2023-05-04,462.8087463378906,462.8087463378906,464.6673889160156,457.23272705078125,464.6673889160156,65315
2023-05-05,451.6567077636719,451.6567077636719,469.3140869140625,449.79803466796875,469.3140869140625,515745
2023-05-08,447.93939208984375,447.93939208984375,464.6673889160156,446.0807189941406,464.6673889160156,276326
2023-05-09,460.9500732421875,460.9500732421875,464.6673889160156,449.79803466796875,460.9500732421875,265889
2023-05-10,455.3740539550781,455.3740539550781,469.3140869140625,446.0807189941406,469.3140869140625,310114
2023-05-11,453.515380859375,453.515380859375,464.6673889160156,446.0807189941406,464.6673889160156,460221
2023-05-12,449.79803466796875,449.79803466796875,459.0914001464844,444.2220458984375,459.0914001464844,335293
2023-05-15,451.6567077636719,451.6567077636719,464.6673889160156,446.0807189941406,464.6673889160156,149569
2023-05-16,449.79803466796875,449.79803466796875,462.8087463378906,444.2220458984375,462.8087463378906,92646
2023-05-17,447.93939208984375,447.93939208984375,462.8087463378906,446.0807189941406,460.9500732421875,161836
2023-05-19,449.79803466796875,449.79803466796875,464.6673889160156,436.787353515625,464.6673889160156,795300
2023-05-22,438.6460266113281,438.6460266113281,464.6673889160156,433.07000732421875,464.6673889160156,657889
2023-05-23,438.6460266113281,438.6460266113281,455.3740539550781,436.787353515625,440.50469970703125,253514
2023-05-24,436.787353515625,436.787353515625,446.0807189941406,436.787353515625,442.3633728027344,88450
2023-05-25,436.787353515625,436.787353515625,440.50469970703125,431.21136474609375,440.50469970703125,199282
2023-05-26,436.787353515625,436.787353515625,446.0807189941406,431.21136474609375,438.6460266113281,793685
2023-05-29,442.3633728027344,442.3633728027344,446.0807189941406,436.787353515625,442.3633728027344,673169
2023-05-30,438.6460266113281,438.6460266113281,446.0807189941406,438.6460266113281,444.2220458984375,304841
2023-05-31,433.07000732421875,433.07000732421875,444.2220458984375,429.3526916503906,442.3633728027344,149246
2023-06-05,434.9286804199219,434.9286804199219,446.0807189941406,429.3526916503906,446.0807189941406,323672
2023-06-06,434.9286804199219,434.9286804199219,446.0807189941406,429.3526916503906,442.3633728027344,378119
2023-06-07,438.6460266113281,438.6460266113281,446.0807189941406,431.21136474609375,446.0807189941406,323349
2023-06-08,436.787353515625,436.787353515625,447.93939208984375,433.07000732421875,447.93939208984375,150322
2023-06-09,438.6460266113281,438.6460266113281,440.50469970703125,433.07000732421875,440.50469970703125,160437
2023-06-12,438.6460266113281,438.6460266113281,446.0807189941406,433.07000732421875,446.0807189941406,616892
2023-06-13,436.787353515625,436.787353515625,444.2220458984375,429.3526916503906,442.3633728027344,519726
2023-06-14,440.50469970703125,440.50469970703125,446.0807189941406,434.9286804199219,446.0807189941406,148708
2023-06-15,433.07000732421875,433.07000732421875,444.2220458984375,429.3526916503906,440.50469970703125,391139
2023-06-16,433.07000732421875,433.07000732421875,438.6460266113281,429.3526916503906,433.07000732421875,1204409
2023-06-19,434.9286804199219,434.9286804199219,438.6460266113281,434.9286804199219,434.9286804199219,89634
2023-06-20,436.787353515625,436.787353515625,440.50469970703125,434.9286804199219,434.9286804199219,172811
2023-06-21,438.6460266113281,438.6460266113281,442.3633728027344,436.787353515625,438.6460266113281,259540
2023-06-22,440.50469970703125,440.50469970703125,446.0807189941406,436.787353515625,446.0807189941406,321735
2023-06-23,442.3633728027344,442.3633728027344,446.0807189941406,438.6460266113281,446.0807189941406,97273
2023-06-26,440.50469970703125,440.50469970703125,444.2220458984375,436.787353515625,444.2220458984375,188414
2023-06-27,438.6460266113281,438.6460266113281,444.2220458984375,431.21136474609375,440.50469970703125,212840
2023-07-03,440.50469970703125,440.50469970703125,442.3633728027344,434.9286804199219,436.787353515625,576649
2023-07-04,444.2220458984375,444.2220458984375,444.2220458984375,438.6460266113281,440.50469970703125,191642
2023-07-05,457.23272705078125,457.23272705078125,497.1941223144531,444.2220458984375,446.0807189941406,1350751
2023-07-06,459.0914001464844,459.0914001464844,469.3140869140625,453.515380859375,469.3140869140625,456885
2023-07-07,464.6673889160156,464.6673889160156,478.607421875,459.0914001464844,469.3140869140625,436441
2023-07-10,462.8087463378906,462.8087463378906,473.96075439453125,457.23272705078125,473.96075439453125,184002
2023-07-11,464.6673889160156,464.6673889160156,464.6673889160156,427.4940185546875,462.8087463378906,260401
2023-07-12,464.6673889160156,464.6673889160156,473.96075439453125,455.3740539550781,473.96075439453125,187445
2023-07-13,473.96075439453125,473.96075439453125,487.9007873535156,460.9500732421875,469.3140869140625,568578
2023-07-14,478.607421875,478.607421875,483.25408935546875,464.6673889160156,483.25408935546875,247058
2023-07-17,469.3140869140625,469.3140869140625,487.9007873535156,464.6673889160156,487.9007873535156,463019
2023-07-18,469.3140869140625,469.3140869140625,487.9007873535156,464.6673889160156,487.9007873535156,233285
2023-07-20,464.6673889160156,464.6673889160156,478.607421875,459.0914001464844,478.607421875,267933
2023-07-21,464.6673889160156,464.6673889160156,469.3140869140625,457.23272705078125,469.3140869140625,28192
2023-07-24,464.6673889160156,464.6673889160156,464.6673889160156,457.23272705078125,464.6673889160156,102976
2023-07-25,462.8087463378906,462.8087463378906,473.96075439453125,462.8087463378906,464.6673889160156,99748
2023-07-26,464.6673889160156,464.6673889160156,469.3140869140625,457.23272705078125,469.3140869140625,140100
2023-07-27,460.9500732421875,460.9500732421875,483.25408935546875,460.9500732421875,483.25408935546875,492933
2023-07-28,464.6673889160156,464.6673889160156,469.3140869140625,459.0914001464844,464.6673889160156,58859
2023-07-31,460.9500732421875,460.9500732421875,469.3140869140625,460.9500732421875,464.6673889160156,227366
2023-08-01,478.607421875,478.607421875,529.7208251953125,457.23272705078125,460.9500732421875,1864559
2023-08-02,483.25408935546875,483.25408935546875,515.7808227539062,473.96075439453125,487.9007873535156,1059682
2023-08-03,478.607421875,478.607421875,483.25408935546875,469.3140869140625,483.25408935546875,438055
2023-08-04,487.9007873535156,487.9007873535156,501.8407897949219,473.96075439453125,478.607421875,1097989
2023-08-07,501.8407897949219,501.8407897949219,506.4874572753906,478.607421875,487.9007873535156,1295765
2023-08-08,482.0,482.0,515.0,480.0,510.0,1740800
2023-08-09,484.0,484.0,490.0,474.0,482.0,771800
2023-08-10,468.0,468.0,490.0,468.0,490.0,935900
2023-08-11,430.0,430.0,468.0,416.0,468.0,11368500
2023-08-14,428.0,428.0,438.0,416.0,420.0,33238200
2023-08-15,416.0,416.0,470.0,412.0,470.0,46407100
2023-08-16,412.0,412.0,416.0,410.0,416.0,18450800
2023-08-18,414.0,414.0,444.0,408.0,410.0,26930800
2023-08-21,406.0,406.0,418.0,406.0,414.0,8258200
2023-08-22,412.0,412.0,416.0,406.0,408.0,9108600
2023-08-23,416.0,416.0,416.0,410.0,412.0,7490100
2023-08-24,416.0,416.0,416.0,410.0,416.0,11220800
2023-08-25,442.0,442.0,446.0,412.0,416.0,26522400
2023-08-28,550.0,550.0,550.0,444.0,450.0,19565800
2023-08-29,625.0,625.0,685.0,490.0,600.0,121841800
2023-08-30,730.0,730.0,740.0,640.0,650.0,69855300
2023-08-31,685.0,685.0,740.0,670.0,740.0,42027400
2023-09-01,700.0,700.0,745.0,630.0,660.0,30642000
2023-09-04,740.0,740.0,740.0,700.0,700.0,18751300
2023-09-05,750.0,750.0,775.0,715.0,740.0,14604600
2023-09-06,755.0,755.0,760.0,725.0,750.0,12406900
2023-09-07,770.0,770.0,770.0,750.0,755.0,9414500
2023-09-08,775.0,775.0,805.0,765.0,770.0,21326400
2023-09-11,735.0,735.0,785.0,735.0,775.0,6139100
2023-09-12,730.0,730.0,745.0,720.0,720.0,3876000
2023-09-13,725.0,725.0,745.0,725.0,730.0,1608800
2023-09-14,715.0,715.0,725.0,705.0,725.0,4193900
2023-09-15,790.0,790.0,805.0,715.0,715.0,20962100
2023-09-18,765.0,765.0,805.0,750.0,805.0,9999500
2023-09-19,770.0,770.0,785.0,740.0,760.0,5920900
2023-09-20,780.0,780.0,835.0,760.0,780.0,11897400
2023-09-21,780.0,780.0,790.0,750.0,770.0,6550000
2023-09-22,780.0,780.0,830.0,780.0,790.0,7667400
2023-09-25,805.0,805.0,815.0,785.0,790.0,11258300
2023-09-26,800.0,800.0,820.0,775.0,805.0,10761500
2023-09-27,795.0,795.0,810.0,780.0,800.0,3731200
2023-09-29,770.0,770.0,800.0,770.0,800.0,4075000
2023-10-02,770.0,770.0,790.0,755.0,765.0,3480400
2023-10-03,795.0,795.0,800.0,780.0,780.0,6757700
2023-10-04,720.0,720.0,800.0,720.0,795.0,15648300
2023-10-05,730.0,730.0,765.0,720.0,720.0,6120600
2023-10-06,785.0,785.0,790.0,735.0,770.0,6767900
2023-10-09,760.0,760.0,785.0,750.0,785.0,2997700
2023-10-10,770.0,770.0,780.0,760.0,780.0,895000
2023-10-11,750.0,750.0,770.0,750.0,760.0,1214500
2023-10-12,750.0,750.0,765.0,750.0,755.0,1031800
2023-10-13,760.0,760.0,780.0,750.0,750.0,2024300
2023-10-16,750.0,750.0,770.0,745.0,760.0,2046300
2023-10-17,750.0,750.0,785.0,720.0,760.0,4421200
2023-10-18,785.0,785.0,795.0,755.0,770.0,8384400
2023-10-19,790.0,790.0,795.0,750.0,785.0,3701200
2023-10-20,775.0,775.0,790.0,755.0,790.0,3111900
2023-10-23,760.0,760.0,785.0,740.0,785.0,2252500
2023-10-24,765.0,765.0,785.0,730.0,760.0,3636500
2023-10-25,760.0,760.0,765.0,750.0,760.0,2083800
2023-10-26,760.0,760.0,760.0,745.0,750.0,1398700
2023-10-27,760.0,760.0,780.0,745.0,760.0,2435900
2023-10-30,740.0,740.0,770.0,735.0,770.0,3194400
2023-10-31,730.0,730.0,750.0,710.0,740.0,13144400
2023-11-01,725.0,725.0,755.0,720.0,730.0,7317000
2023-11-02,730.0,730.0,745.0,725.0,745.0,1652100
2023-11-03,735.0,735.0,750.0,725.0,750.0,1519200
2023-11-06,735.0,735.0,740.0,720.0,735.0,2639000
2023-11-07,725.0,725.0,745.0,725.0,740.0,2418500
2023-11-08,750.0,750.0,770.0,735.0,735.0,4124300
2023-11-09,745.0,745.0,755.0,740.0,750.0,622400
2023-11-10,745.0,745.0,760.0,745.0,745.0,564700
2023-11-13,760.0,760.0,765.0,740.0,760.0,2885300
2023-11-14,775.0,775.0,775.0,760.0,765.0,3954300
2023-11-15,780.0,780.0,785.0,765.0,780.0,2312400
2023-11-16,775.0,775.0,790.0,765.0,770.0,1927200
2023-11-17,755.0,755.0,785.0,755.0,785.0,359500
2023-11-20,755.0,755.0,760.0,730.0,755.0,1488500
2023-11-21,765.0,765.0,765.0,740.0,750.0,761600
2023-11-22,765.0,765.0,775.0,735.0,770.0,4043800
2023-11-23,765.0,765.0,765.0,755.0,765.0,529600
2023-11-24,750.0,750.0,765.0,750.0,765.0,459100
2023-11-27,745.0,745.0,765.0,735.0,755.0,4227500
2023-11-28,750.0,750.0,755.0,730.0,745.0,1720600
2023-11-29,805.0,805.0,830.0,755.0,755.0,16390300
2023-11-30,800.0,800.0,870.0,785.0,810.0,19644100
2023-12-01,820.0,820.0,845.0,800.0,800.0,2901900
2023-12-04,805.0,805.0,845.0,795.0,820.0,2268400
2023-12-05,800.0,800.0,805.0,775.0,805.0,1434700
2023-12-06,805.0,805.0,820.0,800.0,820.0,938900
2023-12-07,795.0,795.0,830.0,790.0,805.0,2859500
2023-12-08,805.0,805.0,815.0,785.0,800.0,2967100
2023-12-11,800.0,800.0,815.0,795.0,805.0,1802600
2023-12-12,770.0,770.0,805.0,770.0,800.0,2204700
2023-12-13,785.0,785.0,800.0,765.0,770.0,1108600
2023-12-14,760.0,760.0,800.0,760.0,800.0,2126200
2023-12-15,760.0,760.0,790.0,760.0,790.0,471600
2023-12-18,770.0,770.0,785.0,755.0,785.0,490300
2023-12-19,755.0,755.0,790.0,745.0,780.0,1276700
2023-12-20,755.0,755.0,780.0,755.0,780.0,405100
2023-12-21,750.0,750.0,785.0,750.0,775.0,661200
2023-12-22,750.0,750.0,770.0,745.0,770.0,4254300
2023-12-27,725.0,725.0,750.0,600.0,750.0,1590600
2023-12-28,730.0,730.0,750.0,725.0,750.0,434100
2023-12-29,740.0,740.0,755.0,725.0,750.0,444500
2024-01-02,750.0,750.0,765.0,730.0,765.0,389500
2024-01-03,750.0,750.0,770.0,740.0,760.0,459800
2024-01-04,735.0,735.0,760.0,730.0,760.0,3559600
2024-01-05,745.0,745.0,750.0,735.0,750.0,690200
2024-01-08,740.0,740.0,755.0,740.0,750.0,1640200
2024-01-09,780.0,780.0,780.0,740.0,740.0,3293000
2024-01-10,775.0,775.0,790.0,760.0,785.0,1134100
2024-01-11,805.0,805.0,810.0,755.0,775.0,2990100
2024-01-12,795.0,795.0,815.0,770.0,805.0,2598200
2024-01-15,830.0,830.0,830.0,775.0,795.0,3896800
2024-01-16,810.0,810.0,845.0,810.0,835.0,2719500
2024-01-17,850.0,850.0,870.0,800.0,800.0,13445300
2024-01-18,875.0,875.0,880.0,840.0,850.0,4103600
2024-01-19,895.0,895.0,895.0,855.0,880.0,3650500
2024-01-22,895.0,895.0,910.0,860.0,900.0,3349900
2024-01-23,905.0,905.0,935.0,870.0,895.0,3522700
2024-01-24,900.0,900.0,915.0,875.0,915.0,1278300
2024-01-25,910.0,910.0,910.0,885.0,905.0,1206400
2024-01-26,885.0,885.0,920.0,880.0,915.0,1606000
2024-01-29,855.0,855.0,900.0,845.0,885.0,2173900
2024-01-30,890.0,890.0,890.0,825.0,840.0,2194300
2024-01-31,880.0,880.0,910.0,880.0,895.0,1306400
2024-02-01,895.0,895.0,905.0,870.0,870.0,1362700
2024-02-02,875.0,875.0,910.0,870.0,905.0,497900
2024-02-05,885.0,885.0,900.0,860.0,900.0,2334300
2024-02-06,870.0,870.0,900.0,870.0,890.0,743800
2024-02-07,880.0,880.0,900.0,870.0,880.0,941400
2024-02-12,870.0,870.0,885.0,860.0,880.0,1366500
2024-02-13,870.0,870.0,900.0,830.0,900.0,1266900
2024-02-15,865.0,865.0,900.0,835.0,900.0,1499200
2024-02-16,860.0,860.0,865.0,830.0,865.0,1285500
2024-02-19,840.0,840.0,875.0,830.0,875.0,1450600
2024-02-20,860.0,860.0,870.0,840.0,870.0,1473800
2024-02-21,845.0,845.0,870.0,845.0,860.0,850200
2024-02-22,845.0,845.0,860.0,815.0,850.0,5210400
2024-02-23,825.0,825.0,845.0,800.0,845.0,2914100
2024-02-26,810.0,810.0,825.0,805.0,825.0,725000
2024-02-27,740.0,740.0,810.0,740.0,810.0,6013800
2024-02-28,690.0,690.0,755.0,660.0,755.0,7845400
2024-02-29,675.0,675.0,705.0,650.0,695.0,3058700
2024-03-01,695.0,695.0,705.0,670.0,675.0,2551600
2024-03-04,720.0,720.0,725.0,685.0,710.0,1273900
2024-03-05,725.0,725.0,735.0,720.0,725.0,1077000
2024-03-06,745.0,745.0,750.0,725.0,730.0,1516600
2024-03-07,740.0,740.0,755.0,730.0,745.0,773600
2024-03-08,760.0,760.0,760.0,725.0,750.0,607600
2024-03-13,780.0,780.0,790.0,755.0,790.0,1680100
2024-03-14,780.0,780.0,785.0,750.0,750.0,587500
2024-03-15,780.0,780.0,790.0,765.0,785.0,897900
2024-03-18,780.0,780.0,785.0,725.0,785.0,414200
2024-03-19,770.0,770.0,800.0,755.0,790.0,86600
2024-03-20,770.0,770.0,800.0,755.0,795.0,316500
2024-03-21,775.0,775.0,800.0,740.0,790.0,354500
2024-03-22,760.0,760.0,780.0,755.0,780.0,604800
2024-03-25,765.0,765.0,775.0,760.0,775.0,1270600
2024-03-26,775.0,775.0,795.0,750.0,795.0,744900
2024-03-27,770.0,770.0,790.0,750.0,790.0,535100
2024-03-28,750.0,750.0,785.0,745.0,785.0,466900
2024-04-01,735.0,735.0,760.0,720.0,760.0,1141900
2024-04-02,740.0,740.0,740.0,725.0,735.0,215400
2024-04-03,740.0,740.0,750.0,725.0,740.0,628600
2024-04-04,745.0,745.0,745.0,735.0,745.0,80200
2024-04-05,760.0,760.0,770.0,715.0,745.0,1584200
2024-04-16,715.0,715.0,760.0,715.0,760.0,2229900
2024-04-17,755.0,755.0,765.0,720.0,745.0,1417400
2024-04-18,730.0,730.0,760.0,720.0,755.0,2323800
2024-04-19,740.0,740.0,790.0,720.0,740.0,3519900
2024-04-22,740.0,740.0,760.0,730.0,740.0,1522900
2024-04-23,740.0,740.0,755.0,740.0,750.0,713400
2024-04-24,745.0,745.0,755.0,730.0,755.0,1527500
2024-04-25,750.0,750.0,800.0,740.0,755.0,5049200
2024-04-26,755.0,755.0,790.0,755.0,790.0,2007600
2024-04-29,745.0,745.0,770.0,735.0,770.0,1629000
2024-04-30,760.0,760.0,780.0,745.0,755.0,1716800
2024-05-02,755.0,755.0,890.0,750.0,780.0,9408100
2024-05-03,760.0,760.0,785.0,735.0,785.0,1989900
2024-05-06,770.0,770.0,780.0,745.0,765.0,1789300
2024-05-07,740.0,740.0,775.0,740.0,770.0,3036500
2024-05-08,750.0,750.0,785.0,745.0,750.0,2348200
2024-05-13,755.0,755.0,760.0,745.0,760.0,865600
2024-05-14,745.0,745.0,770.0,735.0,755.0,667000
2024-05-15,735.0,735.0,765.0,735.0,745.0,786100
2024-05-16,730.0,730.0,755.0,730.0,740.0,1001500
2024-05-17,715.0,715.0,740.0,710.0,730.0,2663700
2024-05-20,710.0,710.0,730.0,700.0,725.0,1342500
2024-05-21,705.0,705.0,720.0,705.0,710.0,521300
2024-05-22,710.0,710.0,715.0,700.0,715.0,220900
2024-05-27,715.0,715.0,715.0,700.0,710.0,1296400
2024-05-28,705.0,705.0,715.0,690.0,715.0,1234800
2024-05-29,685.0,685.0,705.0,685.0,705.0,626700
2024-05-30,690.0,690.0,700.0,680.0,685.0,414200
2024-05-31,685.0,685.0,695.0,680.0,690.0,1145500
2024-06-03,680.0,680.0,690.0,675.0,685.0,298900
2024-06-04,660.0,660.0,685.0,640.0,685.0,1336300
2024-06-05,640.0,640.0,670.0,620.0,660.0,535900
2024-06-06,650.0,650.0,655.0,615.0,640.0,113100
2024-06-07,645.0,645.0,655.0,625.0,655.0,17200
2024-06-10,580.0,580.0,655.0,580.0,645.0,800800
2024-06-11,645.0,645.0,680.0,600.0,600.0,1328300
2024-06-12,685.0,685.0,705.0,645.0,655.0,1443900
2024-06-13,655.0,655.0,710.0,650.0,710.0,718100
2024-06-14,645.0,645.0,660.0,640.0,650.0,1251900
2024-06-19,625.0,625.0,650.0,600.0,645.0,411400
2024-06-20,630.0,630.0,650.0,605.0,650.0,1427700
2024-06-21,635.0,635.0,650.0,620.0,630.0,321800
2024-06-24,620.0,620.0,655.0,605.0,630.0,239700
2024-06-25,625.0,625.0,640.0,620.0,625.0,55700
2024-06-26,630.0,630.0,630.0,615.0,630.0,58700
2024-06-27,620.0,620.0,640.0,615.0,630.0,137500
2024-06-28,615.0,615.0,630.0,610.0,630.0,168400
2024-07-01,615.0,615.0,640.0,610.0,620.0,167200
2024-07-02,600.0,600.0,615.0,600.0,615.0,454900
2024-07-03,625.0,625.0,640.0,600.0,610.0,343500
2024-07-04,635.0,635.0,640.0,615.0,640.0,221100
2024-07-05,630.0,630.0,635.0,625.0,630.0,167800
2024-07-08,615.0,615.0,635.0,615.0,625.0,466900
2024-07-09,630.0,630.0,630.0,620.0,630.0,700300
2024-07-10,650.0,650.0,705.0,625.0,665.0,864400
2024-07-11,640.0,640.0,655.0,640.0,655.0,97600
2024-07-12,640.0,640.0,655.0,635.0,645.0,1494800
2024-07-15,625.0,625.0,655.0,620.0,645.0,1749000
2024-07-16,630.0,630.0,645.0,620.0,645.0,416600
2024-07-17,610.0,610.0,640.0,605.0,640.0,793800
2024-07-18,625.0,625.0,650.0,610.0,650.0,84700
2024-07-19,625.0,625.0,655.0,610.0,655.0,186400
2024-07-22,620.0,620.0,650.0,610.0,650.0,262300
2024-07-23,620.0,620.0,630.0,610.0,630.0,268100
2024-07-24,645.0,645.0,700.0,620.0,620.0,425000
2024-07-25,630.0,630.0,665.0,625.0,640.0,58900
2024-07-26,635.0,635.0,660.0,620.0,660.0,77600
2024-07-29,625.0,625.0,670.0,610.0,670.0,443800
2024-07-30,630.0,630.0,640.0,615.0,640.0,72300
2024-07-31,625.0,625.0,650.0,615.0,650.0,120200
2024-08-01,630.0,630.0,665.0,625.0,660.0,128100
2024-08-02,625.0,625.0,640.0,620.0,640.0,186000
2024-08-05,615.0,615.0,635.0,600.0,620.0,625800
2024-08-06,605.0,605.0,625.0,605.0,615.0,318900
2024-08-07,615.0,615.0,640.0,600.0,620.0,428000
2024-08-08,625.0,625.0,675.0,615.0,620.0,94100
2024-08-09,615.0,615.0,660.0,610.0,660.0,283300
2024-08-12,635.0,635.0,640.0,615.0,620.0,391000
2024-08-13,640.0,640.0,680.0,620.0,635.0,275800
2024-08-14,630.0,630.0,665.0,625.0,665.0,407000
2024-08-15,640.0,640.0,645.0,625.0,640.0,10619300
2024-08-16,635.0,635.0,645.0,630.0,645.0,318500
2024-08-19,635.0,635.0,640.0,630.0,640.0,250600
2024-08-20,645.0,645.0,655.0,640.0,640.0,397700
2024-08-21,635.0,635.0,670.0,625.0,655.0,1332900
2024-08-22,630.0,630.0,660.0,625.0,660.0,304100
2024-08-23,640.0,640.0,650.0,630.0,630.0,239800
2024-08-26,635.0,635.0,650.0,630.0,650.0,384800
2024-08-27,645.0,645.0,650.0,630.0,650.0,545400
2024-08-28,645.0,645.0,655.0,635.0,650.0,369600
2024-08-29,630.0,630.0,655.0,615.0,655.0,1224400
2024-08-30,620.0,620.0,635.0,620.0,635.0,186800
2024-09-02,625.0,625.0,635.0,620.0,630.0,67200
2024-09-03,630.0,630.0,645.0,620.0,645.0,450400
2024-09-04,630.0,630.0,650.0,610.0,650.0,152200
2024-09-05,620.0,620.0,635.0,615.0,635.0,411000
2024-09-06,625.0,625.0,635.0,610.0,630.0,599600
2024-09-09,620.0,620.0,630.0,620.0,625.0,103500
2024-09-10,630.0,630.0,640.0,620.0,630.0,652400
2024-09-11,615.0,615.0,630.0,600.0,630.0,2028700
2024-09-12,610.0,610.0,620.0,600.0,620.0,218900
2024-09-13,615.0,615.0,620.0,605.0,610.0,514100
2024-09-17,625.0,625.0,625.0,615.0,615.0,767300
2024-09-18,620.0,620.0,635.0,615.0,615.0,276100
2024-09-19,625.0,625.0,630.0,610.0,620.0,151700
2024-09-20,620.0,620.0,635.0,615.0,630.0,832100
2024-09-23,620.0,620.0,630.0,620.0,625.0,295700
2024-09-24,625.0,625.0,630.0,615.0,630.0,366500
2024-09-25,625.0,625.0,630.0,620.0,630.0,119100
2024-09-26,615.0,615.0,625.0,615.0,615.0,643300
2024-09-27,625.0,625.0,625.0,620.0,625.0,308100
2024-09-30,620.0,620.0,630.0,620.0,630.0,721900
2024-10-01,625.0,625.0,625.0,615.0,620.0,103600
2024-10-02,615.0,615.0,625.0,610.0,625.0,1827200
2024-10-03,615.0,615.0,620.0,610.0,615.0,1001100
2024-10-04,610.0,610.0,620.0,600.0,615.0,361000
2024-10-07,630.0,630.0,635.0,610.0,615.0,730900
2024-10-08,625.0,625.0,635.0,620.0,635.0,210500
2024-10-09,625.0,625.0,630.0,620.0,630.0,231900
2024-10-10,675.0,675.0,700.0,620.0,630.0,1729000
2024-10-11,725.0,725.0,750.0,660.0,675.0,2615400
2024-10-14,695.0,695.0,740.0,685.0,725.0,2089000
2024-10-15,695.0,695.0,700.0,665.0,700.0,661900
2024-10-16,710.0,710.0,710.0,685.0,695.0,839000
2024-10-17,690.0,690.0,725.0,685.0,725.0,2294400
2024-10-18,730.0,730.0,760.0,690.0,705.0,4610500
2024-10-21,715.0,715.0,780.0,695.0,730.0,3192400
2024-10-22,695.0,695.0,720.0,690.0,720.0,2483300
2024-10-23,700.0,700.0,710.0,685.0,705.0,2214000
2024-10-24,675.0,675.0,700.0,660.0,700.0,3236300
2024-10-25,665.0,665.0,690.0,640.0,675.0,1947200
2024-10-28,660.0,660.0,675.0,640.0,670.0,2028700
2024-10-29,645.0,645.0,660.0,640.0,660.0,1890800
2024-10-30,680.0,680.0,705.0,650.0,650.0,1326600
2024-10-31,680.0,680.0,715.0,670.0,690.0,1112000
2024-11-01,675.0,675.0,705.0,675.0,685.0,733200
2024-11-04,675.0,675.0,685.0,660.0,685.0,1329100
2024-11-05,675.0,675.0,685.0,665.0,680.0,232900
2024-11-06,675.0,675.0,685.0,670.0,680.0,1580700
2024-11-07,685.0,685.0,685.0,665.0,675.0,9378500
2024-11-08,700.0,700.0,705.0,680.0,690.0,907400
2024-11-11,690.0,690.0,705.0,685.0,700.0,419400
2024-11-12,690.0,690.0,705.0,665.0,695.0,418800
2024-11-13,690.0,690.0,700.0,685.0,690.0,371500
2024-11-14,680.0,680.0,705.0,675.0,690.0,937800
2024-11-15,675.0,675.0,690.0,645.0,680.0,1531400
2024-11-18,660.0,660.0,700.0,660.0,700.0,166700
2024-11-19,675.0,675.0,695.0,670.0,690.0,103100
2024-11-20,660.0,660.0,685.0,650.0,675.0,1439400
2024-11-21,645.0,645.0,660.0,640.0,660.0,670300
2024-11-22,650.0,650.0,665.0,645.0,655.0,529700
2024-11-25,645.0,645.0,670.0,645.0,650.0,313000
2024-11-26,660.0,660.0,660.0,645.0,645.0,176000
2024-11-28,675.0,675.0,675.0,650.0,655.0,10778100
2024-11-29,685.0,685.0,710.0,670.0,675.0,1400800
2024-12-02,675.0,675.0,690.0,670.0,690.0,728600
2024-12-03,665.0,665.0,690.0,655.0,680.0,894800
2024-12-04,665.0,665.0,680.0,655.0,680.0,929300
2024-12-05,670.0,670.0,675.0,660.0,665.0,660900
2024-12-06,660.0,660.0,690.0,655.0,690.0,227300
2024-12-09,680.0,680.0,680.0,660.0,660.0,254000
2024-12-10,665.0,665.0,690.0,635.0,680.0,4114200
2024-12-11,645.0,645.0,670.0,625.0,665.0,4535400
2024-12-12,650.0,650.0,650.0,630.0,645.0,320200
2024-12-13,645.0,645.0,650.0,635.0,650.0,114800
2024-12-16,620.0,620.0,660.0,620.0,645.0,972500
2024-12-17,635.0,635.0,675.0,620.0,635.0,469200
2024-12-18,610.0,610.0,655.0,610.0,635.0,731700
2024-12-19,625.0,625.0,635.0,610.0,610.0,407400
2024-12-20,630.0,630.0,640.0,620.0,635.0,296700
2024-12-23,640.0,640.0,655.0,630.0,630.0,1347100
2024-12-24,610.0,610.0,660.0,600.0,650.0,2195800
2024-12-27,630.0,630.0,635.0,620.0,620.0,132900
2024-12-30,575.0,575.0,635.0,560.0,630.0,3176000
2025-01-02,590.0,590.0,600.0,570.0,575.0,557300
2025-01-03,590.0,590.0,605.0,575.0,590.0,277300
2025-01-06,595.0,595.0,605.0,590.0,590.0,1175000
2025-01-07,595.0,595.0,600.0,585.0,600.0,678000
2025-01-08,590.0,590.0,600.0,570.0,595.0,767400
2025-01-09,585.0,585.0,590.0,580.0,585.0,212100
2025-01-10,615.0,615.0,625.0,585.0,590.0,176500
2025-01-13,575.0,575.0,615.0,575.0,605.0,670600
2025-01-14,595.0,595.0,605.0,575.0,580.0,207600
2025-01-15,590.0,590.0,600.0,555.0,595.0,1398800
2025-01-16,590.0,590.0,600.0,570.0,595.0,630200
2025-01-17,585.0,585.0,600.0,575.0,590.0,232800
2025-01-20,600.0,600.0,600.0,585.0,590.0,371800
2025-01-21,615.0,615.0,620.0,590.0,600.0,380100
2025-01-22,625.0,625.0,635.0,600.0,620.0,686000
2025-01-23,630.0,630.0,640.0,610.0,625.0,266300
2025-01-24,585.0,585.0,625.0,540.0,625.0,4407600
2025-01-30,730.0,730.0,730.0,600.0,600.0,23569700
2025-01-31,550.0,550.0,900.0,550.0,900.0,108141700
2025-02-03,630.0,630.0,655.0,575.0,580.0,36642900
2025-02-04,630.0,630.0,675.0,610.0,650.0,13190200
2025-02-05,625.0,625.0,640.0,610.0,630.0,5248300
2025-02-06,625.0,625.0,640.0,620.0,630.0,4633200
2025-02-07,590.0,590.0,630.0,575.0,630.0,6117000
2025-02-10,585.0,585.0,615.0,585.0,590.0,1866200
2025-02-11,580.0,580.0,605.0,555.0,590.0,3682600
2025-02-12,595.0,595.0,600.0,580.0,580.0,2600900
2025-02-13,625.0,625.0,635.0,580.0,600.0,5100800
2025-02-14,635.0,635.0,640.0,625.0,630.0,2674200
2025-02-17,630.0,630.0,645.0,615.0,640.0,2519000
2025-02-18,625.0,625.0,640.0,625.0,635.0,1739700
2025-02-19,610.0,610.0,635.0,605.0,635.0,1307900
2025-02-20,620.0,620.0,625.0,605.0,610.0,735700
2025-02-21,635.0,635.0,645.0,605.0,615.0,2789900
2025-02-24,620.0,620.0,650.0,615.0,635.0,677000
2025-02-25,615.0,615.0,635.0,605.0,630.0,2020800
2025-02-26,615.0,615.0,625.0,610.0,625.0,1605700
2025-02-27,610.0,610.0,620.0,595.0,615.0,1413000
2025-02-28,580.0,580.0,620.0,580.0,620.0,733900
2025-03-03,615.0,615.0,625.0,585.0,585.0,3222600
2025-03-04,610.0,610.0,620.0,605.0,615.0,1688700
2025-03-05,630.0,630.0,630.0,605.0,610.0,2773800
2025-03-06,640.0,640.0,640.0,610.0,625.0,4260500
2025-03-07,670.0,670.0,695.0,640.0,645.0,3302800
2025-03-10,620.0,620.0,675.0,600.0,675.0,9285400
2025-03-11,625.0,625.0,640.0,600.0,610.0,6327800
2025-03-12,630.0,630.0,630.0,615.0,630.0,449500
2025-03-13,630.0,630.0,640.0,620.0,630.0,1066700
2025-03-14,620.0,620.0,630.0,620.0,630.0,1085600
2025-03-17,630.0,630.0,630.0,620.0,630.0,524900
2025-03-18,620.0,620.0,645.0,595.0,630.0,1351700
2025-03-19,615.0,615.0,630.0,610.0,620.0,2358000
2025-03-20,620.0,620.0,630.0,610.0,620.0,1257600
2025-03-21,610.0,610.0,625.0,610.0,620.0,982400
2025-03-24,595.0,595.0,620.0,595.0,610.0,2849000
2025-03-25,605.0,605.0,620.0,595.0,605.0,833000
2025-03-26,630.0,630.0,645.0,610.0,620.0,2405000
2025-03-27,625.0,625.0,640.0,620.0,635.0,604800
2025-04-08,595.0,595.0,610.0,550.0,595.0,3852200
2025-04-09,560.0,560.0,610.0,550.0,610.0,7529200
2025-04-10,565.0,565.0,595.0,550.0,575.0,7719000
2025-04-11,575.0,575.0,590.0,560.0,565.0,2752100
2025-04-14,595.0,595.0,600.0,580.0,590.0,2603800
2025-04-15,590.0,590.0,600.0,580.0,600.0,1346400
2025-04-16,600.0,600.0,610.0,585.0,600.0,1684900
2025-04-17,595.0,595.0,600.0,590.0,600.0,304000
2025-04-21,620.0,620.0,620.0,595.0,600.0,1204600
2025-04-22,640.0,640.0,750.0,630.0,635.0,18897300
2025-04-23,650.0,650.0,665.0,625.0,655.0,2956200
2025-04-24,650.0,650.0,670.0,645.0,650.0,1294000
2025-04-25,645.0,645.0,660.0,635.0,660.0,1106300
2025-04-28,640.0,640.0,655.0,625.0,655.0,1256300
2025-04-29,650.0,650.0,655.0,630.0,640.0,1171300
2025-04-30,635.0,635.0,660.0,635.0,645.0,1061300
2025-05-02,640.0,640.0,650.0,635.0,640.0,970800
2025-05-05,680.0,680.0,690.0,635.0,640.0,6898400
2025-05-06,675.0,675.0,685.0,665.0,680.0,1447900
2025-05-07,680.0,680.0,685.0,670.0,675.0,2044900
2025-05-08,670.0,670.0,680.0,660.0,680.0,1675300
2025-05-09,675.0,675.0,685.0,665.0,670.0,1593400
2025-05-14,685.0,685.0,690.0,675.0,680.0,3016900
2025-05-15,705.0,705.0,735.0,680.0,685.0,3767100
2025-05-16,700.0,700.0,710.0,690.0,710.0,1241300
2025-05-19,700.0,700.0,710.0,690.0,705.0,1564900
2025-05-20,710.0,710.0,715.0,700.0,705.0,4327300
2025-05-21,690.0,690.0,715.0,680.0,715.0,3466300
2025-05-22,690.0,690.0,700.0,680.0,690.0,1663400
2025-05-23,690.0,690.0,705.0,680.0,690.0,1039500
2025-05-26,695.0,695.0,710.0,690.0,695.0,1541100
2025-05-27,685.0,685.0,700.0,685.0,700.0,865800
2025-05-28,695.0,695.0,700.0,685.0,695.0,2370600
2025-06-02,700.0,700.0,705.0,690.0,700.0,2017400
2025-06-03,695.0,695.0,710.0,695.0,705.0,1400600
2025-06-04,700.0,700.0,710.0,695.0,695.0,1722600
2025-06-05,710.0,710.0,710.0,695.0,705.0,801700
2025-06-10,725.0,725.0,750.0,705.0,705.0,4593200
2025-06-11,715.0,715.0,740.0,710.0,725.0,1101400
2025-06-12,735.0,735.0,740.0,720.0,720.0,1095200
2025-06-13,730.0,730.0,735.0,710.0,735.0,2176500
2025-06-16,715.0,715.0,735.0,715.0,730.0,2373600
2025-06-17,715.0,715.0,730.0,710.0,725.0,822800
2025-06-18,720.0,720.0,725.0,705.0,725.0,1530800
2025-06-19,705.0,705.0,735.0,695.0,735.0,4569200
2025-06-20,690.0,690.0,715.0,690.0,710.0,2703900
2025-06-23,700.0,700.0,750.0,685.0,690.0,6642200
2025-06-24,720.0,720.0,730.0,695.0,710.0,3085300
2025-06-25,775.0,775.0,775.0,710.0,710.0,5605400
2025-06-26,800.0,800.0,920.0,785.0,800.0,112264300
2025-06-30,815.0,815.0,875.0,795.0,850.0,33208200
2025-07-01,780.0,780.0,860.0,770.0,840.0,41827300
2025-07-02,665.0,665.0,795.0,665.0,790.0,59245700
2025-07-03,615.0,615.0,645.0,585.0,595.0,51182900
2025-07-04,600.0,600.0,630.0,600.0,620.0,11408900
2025-07-07,585.0,585.0,615.0,580.0,605.0,18510100
2025-07-08,580.0,580.0,595.0,565.0,585.0,10213300
2025-07-09,580.0,580.0,585.0,570.0,580.0,5789400
2025-07-10,585.0,585.0,605.0,575.0,585.0,13883700
2025-07-11,580.0,580.0,595.0,575.0,595.0,7147400
2025-07-14,570.0,570.0,590.0,560.0,590.0,8357300
2025-07-15,590.0,590.0,590.0,550.0,560.0,15717500
2025-07-16,585.0,585.0,595.0,560.0,590.0,9505000
2025-07-17,580.0,580.0,585.0,565.0,585.0,4571100
2025-07-18,570.0,570.0,580.0,570.0,580.0,6421200
2025-07-21,560.0,560.0,580.0,555.0,575.0,9253600
2025-07-22,560.0,560.0,565.0,550.0,560.0,8900800
2025-07-23,555.0,555.0,560.0,550.0,560.0,5063700
2025-07-24,560.0,560.0,575.0,555.0,555.0,7047200
2025-07-25,555.0,555.0,565.0,555.0,565.0,3412300
2025-07-28,555.0,555.0,565.0,545.0,560.0,11003700
2025-07-29,535.0,535.0,555.0,525.0,555.0,21954100
2025-07-30,520.0,520.0,540.0,520.0,540.0,9158900
2025-07-31,520.0,520.0,530.0,505.0,520.0,5981600
2025-08-01,525.0,525.0,540.0,510.0,520.0,13504500
2025-08-04,530.0,530.0,535.0,510.0,525.0,7958600
2025-08-05,570.0,570.0,585.0,530.0,535.0,26501600
2025-08-06,550.0,550.0,580.0,550.0,570.0,6810800
2025-08-07,550.0,550.0,560.0,540.0,550.0,3841100
2025-08-08,530.0,530.0,550.0,530.0,550.0,4258800
2025-08-11,535.0,535.0,540.0,525.0,530.0,4858700
2025-08-12,550.0,550.0,555.0,530.0,535.0,5912100
2025-08-13,550.0,550.0,560.0,545.0,555.0,6263400
2025-08-14,560.0,560.0,565.0,540.0,550.0,6751400
2025-08-15,545.0,545.0,565.0,540.0,560.0,5015100
2025-08-19,545.0,545.0,560.0,535.0,545.0,2748300
2025-08-20,555.0,555.0,560.0,535.0,545.0,6323000
2025-08-21,550.0,550.0,560.0,545.0,560.0,3540200
2025-08-22,580.0,580.0,635.0,545.0,550.0,38567600
2025-08-25,605.0,605.0,610.0,570.0,580.0,19255500
2025-08-26,590.0,590.0,620.0,585.0,615.0,16795600
2025-08-27,565.0,565.0,600.0,560.0,590.0,10111100
2025-08-28,590.0,590.0,600.0,555.0,570.0,11474700
2025-08-29,570.0,570.0,580.0,560.0,570.0,21693900
2025-09-01,560.0,560.0,560.0,510.0,545.0,15098800
2025-09-02,565.0,565.0,580.0,560.0,560.0,6239200
2025-09-03,565.0,565.0,575.0,555.0,565.0,6185900
2025-09-04,555.0,555.0,565.0,550.0,560.0,5576800
2025-09-08,545.0,545.0,565.0,545.0,555.0,5519300
2025-09-09,545.0,545.0,550.0,540.0,540.0,7456700
2025-09-10,545.0,545.0,550.0,535.0,545.0,5531500
2025-09-11,555.0,555.0,560.0,540.0,540.0,4837900
2025-09-12,555.0,555.0,555.0,540.0,540.0,4658400
2025-09-15,545.0,545.0,555.0,545.0,555.0,4428900
2025-09-16,550.0,550.0,555.0,545.0,550.0,3306400
2025-09-17,545.0,545.0,555.0,540.0,555.0,2945200
2025-09-18,535.0,535.0,550.0,530.0,545.0,5088100
2025-09-19,530.0,530.0,540.0,530.0,540.0,1921800
2025-09-22,525.0,525.0,540.0,525.0,530.0,2853700
2025-09-23,525.0,525.0,535.0,525.0,535.0,2049900
2025-09-24,530.0,530.0,535.0,525.0,530.0,3851100
2025-09-25,525.0,525.0,535.0,520.0,530.0,3854700
2025-09-26,520.0,520.0,530.0,520.0,520.0,2013400
2025-09-29,540.0,540.0,555.0,525.0,525.0,6554300
2025-09-30,555.0,555.0,565.0,535.0,540.0,7510500
2025-10-01,565.0,565.0,580.0,555.0,555.0,12817300
2025-10-02,590.0,590.0,615.0,570.0,570.0,39216000
2025-10-03,560.0,560.0,590.0,560.0,585.0,14313700
2025-10-06,555.0,555.0,560.0,545.0,560.0,5791900
2025-10-07,545.0,545.0,555.0,540.0,555.0,7413900
2025-10-08,545.0,545.0,555.0,530.0,545.0,5144200
2025-10-09,560.0,560.0,570.0,535.0,545.0,9388100
2025-10-10,550.0,550.0,565.0,545.0,560.0,2723000
2025-10-13,540.0,540.0,545.0,535.0,535.0,5251300
2025-10-14,520.0,520.0,545.0,515.0,535.0,13761500
2025-10-15,498.0,498.0,525.0,492.0,520.0,15751000
2025-10-16,500.0,500.0,510.0,494.0,500.0,4283700
2025-10-17,494.0,494.0,510.0,492.0,505.0,7977600
2025-10-20,498.0,498.0,505.0,494.0,494.0,11212200
2025-10-21,500.0,500.0,510.0,498.0,500.0,5799000
2025-10-22,496.0,496.0,505.0,496.0,505.0,5235300
2025-10-23,498.0,498.0,500.0,496.0,496.0,3839300
2025-10-24,498.0,498.0,510.0,498.0,500.0,5443300
2025-10-27,496.0,496.0,505.0,490.0,500.0,10915500
2025-10-28,498.0,498.0,500.0,496.0,500.0,1949000
2025-10-29,510.0,510.0,515.0,498.0,500.0,5741000
2025-10-30,515.0,515.0,520.0,510.0,515.0,4058300
2025-10-31,515.0,515.0,540.0,510.0,515.0,7278200
2025-11-03,510.0,510.0,530.0,510.0,525.0,3118600
2025-11-04,510.0,510.0,520.0,505.0,510.0,2282300
2025-11-05,500.0,500.0,515.0,500.0,515.0,2893300
2025-11-06,505.0,505.0,510.0,500.0,500.0,1343200
2025-11-07,505.0,505.0,515.0,505.0,505.0,1912900
2025-11-10,510.0,510.0,520.0,505.0,510.0,2049100
2025-11-11,505.0,505.0,515.0,500.0,510.0,4143200
2025-11-12,505.0,505.0,510.0,500.0,505.0,2856600
2025-11-13,500.0,500.0,510.0,500.0,505.0,1742500
2025-11-14,500.0,500.0,505.0,500.0,505.0,2713400
2025-11-17,505.0,505.0,505.0,500.0,500.0,2024200
2025-11-18,500.0,500.0,505.0,498.0,500.0,2663300
2025-11-19,496.0,496.0,505.0,488.0,498.0,9455200
2025-11-20,492.0,492.0,498.0,488.0,496.0,10192100
2025-11-21,490.0,490.0,494.0,486.0,494.0,4037900
2025-11-24,490.0,490.0,494.0,488.0,490.0,2621300
2025-11-25,492.0,492.0,498.0,488.0,490.0,3064100
2025-11-26,492.0,492.0,496.0,490.0,494.0,2435800
2025-11-27,500.0,500.0,505.0,490.0,494.0,6313900
2025-11-28,490.0,490.0,500.0,488.0,500.0,4505800
2025-12-01,494.0,494.0,498.0,488.0,490.0,3119900
2025-12-02,492.0,492.0,496.0,490.0,494.0,2143000
2025-12-03,505.0,505.0,520.0,490.0,492.0,12283800
2025-12-04,505.0,505.0,515.0,500.0,505.0,2199100
2025-12-05,505.0,505.0,510.0,500.0,505.0,1750100
2025-12-08,510.0,510.0,520.0,505.0,510.0,5183200
2025-12-09,515.0,515.0,540.0,510.0,520.0,8307300
2025-12-10,510.0,510.0,520.0,505.0,520.0,4477600
2025-12-11,500.0,500.0,515.0,500.0,515.0,2981900
2025-12-12,490.0,490.0,510.0,490.0,510.0,4042100
2025-12-15,496.0,496.0,500.0,486.0,500.0,5281700
2025-12-16,496.0,496.0,500.0,494.0,500.0,1090400
2025-12-17,520.0,520.0,525.0,496.0,500.0,5119700
2025-12-18,530.0,530.0,530.0,500.0,520.0,7720400
2025-12-19,515.0,515.0,530.0,510.0,530.0,3070800
2025-12-22,510.0,510.0,525.0,510.0,515.0,2257300
2025-12-23,510.0,510.0,520.0,505.0,515.0,1319700
2025-12-24,500.0,500.0,515.0,500.0,510.0,1628700
2025-12-29,515.0,515.0,525.0,500.0,500.0,5869800
2025-12-30,510.0,510.0,520.0,510.0,520.0,1772600
