Date,Adj Close,Close,High,Low,Open,Volume
2020-01-02,66.3841781616211,66.3841781616211,78.48953247070312,64.43170166015625,78.48953247070312,213574
2020-01-03,68.33665466308594,68.33665466308594,74.19408416748047,66.3841781616211,66.3841781616211,19974
2020-01-06,68.7271499633789,68.7271499633789,68.7271499633789,68.33665466308594,68.33665466308594,10755
2020-01-07,77.70854187011719,77.70854187011719,83.95646667480469,68.7271499633789,68.7271499633789,16901
2020-01-08,74.19408416748047,74.19408416748047,74.19408416748047,74.19408416748047,74.19408416748047,10755
2020-01-09,74.19408416748047,74.19408416748047,74.19408416748047,70.67962646484375,70.67962646484375,12292
2020-01-10,74.19408416748047,74.19408416748047,74.19408416748047,74.19408416748047,74.19408416748047,0
2020-01-13,74.19408416748047,74.19408416748047,74.19408416748047,74.19408416748047,74.19408416748047,35851
2020-01-14,76.14656066894531,76.14656066894531,83.56597137451172,74.58457946777344,76.14656066894531,245329
2020-01-15,72.6321029663086,72.6321029663086,75.36557006835938,72.6321029663086,73.02259826660156,175162
2020-01-16,74.19408416748047,74.19408416748047,76.14656066894531,74.19408416748047,74.19408416748047,72216
2020-01-17,74.19408416748047,74.19408416748047,74.19408416748047,74.19408416748047,74.19408416748047,0
2020-01-20,74.19408416748047,74.19408416748047,74.19408416748047,74.19408416748047,74.19408416748047,0
2020-01-21,74.9750747680664,74.9750747680664,74.9750747680664,74.9750747680664,74.9750747680664,35851
2020-01-22,72.6321029663086,72.6321029663086,72.6321029663086,72.6321029663086,72.6321029663086,89629
2020-01-23,72.6321029663086,72.6321029663086,72.6321029663086,72.6321029663086,72.6321029663086,0
2020-01-24,74.19408416748047,74.19408416748047,74.19408416748047,73.8035888671875,73.8035888671875,99873
2020-01-27,73.8035888671875,73.8035888671875,73.8035888671875,73.8035888671875,73.8035888671875,35851
2020-01-28,72.6321029663086,72.6321029663086,72.6321029663086,72.6321029663086,72.6321029663086,109092
2020-01-29,72.6321029663086,72.6321029663086,72.6321029663086,72.6321029663086,72.6321029663086,22546244
2020-01-30,72.24160766601562,72.24160766601562,72.24160766601562,72.24160766601562,72.24160766601562,15365
2020-01-31,72.24160766601562,72.24160766601562,72.24160766601562,72.24160766601562,72.24160766601562,12804
2020-02-03,70.28913116455078,70.28913116455078,72.24160766601562,68.33665466308594,72.24160766601562,12718210
2020-02-04,73.41309356689453,73.41309356689453,73.41309356689453,73.41309356689453,73.41309356689453,30730
2020-02-05,73.41309356689453,73.41309356689453,73.41309356689453,73.41309356689453,73.41309356689453,0
2020-02-06,70.67962646484375,70.67962646484375,70.67962646484375,70.67962646484375,70.67962646484375,512
2020-02-07,70.67962646484375,70.67962646484375,70.67962646484375,70.67962646484375,70.67962646484375,0
2020-02-10,70.67962646484375,70.67962646484375,70.67962646484375,70.67962646484375,70.67962646484375,0
2020-02-11,70.67962646484375,70.67962646484375,70.67962646484375,70.67962646484375,70.67962646484375,0
2020-02-12,70.67962646484375,70.67962646484375,70.67962646484375,70.67962646484375,70.67962646484375,0
2020-02-13,74.9750747680664,74.9750747680664,75.36557006835938,72.24160766601562,72.24160766601562,40973
2020-02-14,74.9750747680664,74.9750747680664,74.9750747680664,74.9750747680664,74.9750747680664,0
2020-02-17,74.9750747680664,74.9750747680664,74.9750747680664,74.9750747680664,74.9750747680664,2560
2020-02-18,72.24160766601562,72.24160766601562,74.9750747680664,72.24160766601562,74.9750747680664,23559
2020-02-19,74.19408416748047,74.19408416748047,74.19408416748047,74.19408416748047,74.19408416748047,385152
2020-02-20,74.19408416748047,74.19408416748047,74.19408416748047,74.19408416748047,74.19408416748047,24584
2020-02-21,74.19408416748047,74.19408416748047,74.19408416748047,74.19408416748047,74.19408416748047,0
2020-02-24,72.6321029663086,72.6321029663086,72.6321029663086,72.6321029663086,72.6321029663086,10243404
2020-02-25,71.85111236572266,71.85111236572266,71.85111236572266,71.85111236572266,71.85111236572266,5121702
2020-02-26,71.85111236572266,71.85111236572266,71.85111236572266,71.85111236572266,71.85111236572266,10243404
2020-02-27,71.85111236572266,71.85111236572266,71.85111236572266,71.85111236572266,71.85111236572266,10243404
2020-02-28,70.28913116455078,70.28913116455078,72.6321029663086,70.28913116455078,72.6321029663086,33825769
2020-03-02,64.43170166015625,64.43170166015625,70.28913116455078,60.9172477722168,66.3841781616211,50013933
2020-03-03,76.14656066894531,76.14656066894531,76.14656066894531,76.14656066894531,76.14656066894531,4609
2020-03-04,72.24160766601562,72.24160766601562,74.19408416748047,72.24160766601562,74.19408416748047,25608
2020-03-05,72.6321029663086,72.6321029663086,72.6321029663086,72.6321029663086,72.6321029663086,5121
2020-03-06,72.24160766601562,72.24160766601562,72.24160766601562,72.24160766601562,72.24160766601562,2048
2020-03-09,72.24160766601562,72.24160766601562,72.24160766601562,72.24160766601562,72.24160766601562,1024
2020-03-10,72.24160766601562,72.24160766601562,72.24160766601562,72.24160766601562,72.24160766601562,0
2020-03-11,72.24160766601562,72.24160766601562,72.24160766601562,72.24160766601562,72.24160766601562,5121
2020-03-12,72.24160766601562,72.24160766601562,72.24160766601562,72.24160766601562,72.24160766601562,63509
2020-03-13,70.28913116455078,70.28913116455078,70.28913116455078,70.28913116455078,70.28913116455078,25608
2020-03-16,70.28913116455078,70.28913116455078,70.28913116455078,70.28913116455078,70.28913116455078,0
2020-03-17,70.28913116455078,70.28913116455078,70.28913116455078,70.28913116455078,70.28913116455078,0
2020-03-18,70.28913116455078,70.28913116455078,70.28913116455078,70.28913116455078,70.28913116455078,0
2020-03-19,65.60318756103516,65.60318756103516,65.60318756103516,65.60318756103516,65.60318756103516,1024
2020-03-20,65.60318756103516,65.60318756103516,65.60318756103516,65.60318756103516,65.60318756103516,0
2020-03-23,65.60318756103516,65.60318756103516,65.60318756103516,65.60318756103516,65.60318756103516,0
2020-03-24,64.43170166015625,64.43170166015625,64.43170166015625,64.43170166015625,64.43170166015625,6658
2020-03-26,64.04120635986328,64.04120635986328,64.04120635986328,64.04120635986328,64.04120635986328,512
2020-03-27,62.47922897338867,62.47922897338867,64.04120635986328,62.47922897338867,64.04120635986328,27145
2020-03-30,62.47922897338867,62.47922897338867,62.47922897338867,62.47922897338867,62.47922897338867,0
2020-03-31,58.574275970458984,58.574275970458984,58.574275970458984,58.574275970458984,58.574275970458984,512
2020-04-01,58.574275970458984,58.574275970458984,58.574275970458984,58.574275970458984,58.574275970458984,0
2020-04-02,54.66932678222656,54.66932678222656,54.66932678222656,54.66932678222656,54.66932678222656,512
2020-04-03,54.66932678222656,54.66932678222656,54.66932678222656,54.66932678222656,54.66932678222656,0
2020-04-06,54.66932678222656,54.66932678222656,54.66932678222656,54.66932678222656,54.66932678222656,0
2020-04-07,54.66932678222656,54.66932678222656,54.66932678222656,54.66932678222656,54.66932678222656,0
2020-04-08,54.66932678222656,54.66932678222656,54.66932678222656,54.66932678222656,54.66932678222656,0
2020-04-09,54.66932678222656,54.66932678222656,55.059818267822266,54.66932678222656,55.059818267822266,48144
2020-04-13,54.66932678222656,54.66932678222656,54.66932678222656,54.66932678222656,54.66932678222656,0
2020-04-14,54.66932678222656,54.66932678222656,54.66932678222656,54.66932678222656,54.66932678222656,1024
2020-04-15,54.66932678222656,54.66932678222656,54.66932678222656,54.66932678222656,54.66932678222656,0
2020-04-16,54.66932678222656,54.66932678222656,54.66932678222656,54.66932678222656,54.66932678222656,0
2020-04-17,54.66932678222656,54.66932678222656,54.66932678222656,54.66932678222656,54.66932678222656,0
2020-04-20,54.66932678222656,54.66932678222656,54.66932678222656,54.66932678222656,54.66932678222656,0
2020-04-21,54.66932678222656,54.66932678222656,54.66932678222656,54.66932678222656,54.66932678222656,0
2020-04-22,54.66932678222656,54.66932678222656,54.66932678222656,54.66932678222656,54.66932678222656,0
2020-04-23,54.66932678222656,54.66932678222656,54.66932678222656,54.66932678222656,54.66932678222656,0
2020-04-24,66.3841781616211,66.3841781616211,68.33665466308594,58.574275970458984,58.574275970458984,28169
2020-04-27,62.47922897338867,62.47922897338867,80.051513671875,62.47922897338867,64.43170166015625,5125799
2020-04-28,62.47922897338867,62.47922897338867,62.47922897338867,62.47922897338867,62.47922897338867,512
2020-04-29,77.31804656982422,77.31804656982422,77.31804656982422,68.33665466308594,68.33665466308594,1024
2020-04-30,75.36557006835938,75.36557006835938,77.31804656982422,75.36557006835938,77.31804656982422,3073
2020-05-04,75.36557006835938,75.36557006835938,75.36557006835938,75.36557006835938,75.36557006835938,0
2020-05-05,75.36557006835938,75.36557006835938,75.36557006835938,75.36557006835938,75.36557006835938,0
2020-05-06,75.36557006835938,75.36557006835938,75.36557006835938,75.36557006835938,75.36557006835938,0
2020-05-08,75.36557006835938,75.36557006835938,75.36557006835938,75.36557006835938,75.36557006835938,0
2020-05-11,74.9750747680664,74.9750747680664,74.9750747680664,74.9750747680664,74.9750747680664,512
2020-05-12,72.24160766601562,72.24160766601562,74.9750747680664,72.24160766601562,74.9750747680664,1536
2020-05-13,70.28913116455078,70.28913116455078,70.28913116455078,70.28913116455078,70.28913116455078,12804
2020-05-14,70.28913116455078,70.28913116455078,70.28913116455078,70.28913116455078,70.28913116455078,11779
2020-05-15,68.33665466308594,68.33665466308594,70.28913116455078,68.33665466308594,70.28913116455078,6658
2020-05-18,65.21269226074219,65.21269226074219,69.11764526367188,65.21269226074219,65.21269226074219,22023
2020-05-19,74.19408416748047,74.19408416748047,74.19408416748047,65.21269226074219,74.19408416748047,2560
2020-05-20,70.28913116455078,70.28913116455078,78.09903717041016,69.11764526367188,78.09903717041016,3585
2020-05-26,66.3841781616211,66.3841781616211,68.33665466308594,66.3841781616211,68.33665466308594,15365
2020-05-27,66.3841781616211,66.3841781616211,66.3841781616211,66.3841781616211,66.3841781616211,0
2020-05-28,66.3841781616211,66.3841781616211,66.3841781616211,66.3841781616211,66.3841781616211,512
2020-05-29,66.3841781616211,66.3841781616211,66.3841781616211,66.3841781616211,66.3841781616211,6146
2020-06-02,66.3841781616211,66.3841781616211,66.3841781616211,66.3841781616211,66.3841781616211,15365618
2020-06-03,66.3841781616211,66.3841781616211,66.3841781616211,66.3841781616211,66.3841781616211,0
2020-06-04,62.0887336730957,62.0887336730957,62.0887336730957,62.0887336730957,62.0887336730957,1024
2020-06-05,75.36557006835938,75.36557006835938,75.36557006835938,57.79328536987305,58.96477127075195,20560561
2020-06-08,75.36557006835938,75.36557006835938,75.36557006835938,75.36557006835938,75.36557006835938,0
2020-06-09,75.36557006835938,75.36557006835938,75.36557006835938,75.36557006835938,75.36557006835938,0
2020-06-10,70.28913116455078,70.28913116455078,70.28913116455078,70.28913116455078,70.28913116455078,4609
2020-06-11,66.3841781616211,66.3841781616211,70.28913116455078,66.3841781616211,70.28913116455078,17413
2020-06-12,66.3841781616211,66.3841781616211,66.3841781616211,66.3841781616211,66.3841781616211,243793
2020-06-15,66.3841781616211,66.3841781616211,66.3841781616211,66.3841781616211,66.3841781616211,0
2020-06-16,78.8800277709961,78.8800277709961,82.00399017333984,66.3841781616211,66.3841781616211,17925
2020-06-17,76.14656066894531,76.14656066894531,76.14656066894531,75.36557006835938,75.36557006835938,21511
2020-06-18,71.07012176513672,71.07012176513672,72.24160766601562,71.07012176513672,72.24160766601562,1536
2020-06-19,71.07012176513672,71.07012176513672,71.07012176513672,71.07012176513672,71.07012176513672,0
2020-06-22,74.9750747680664,74.9750747680664,74.9750747680664,74.9750747680664,74.9750747680664,512
2020-06-23,74.9750747680664,74.9750747680664,74.9750747680664,74.9750747680664,74.9750747680664,0
2020-06-24,70.28913116455078,70.28913116455078,71.07012176513672,69.89863586425781,69.89863586425781,10251086
2020-06-25,70.28913116455078,70.28913116455078,70.28913116455078,70.28913116455078,70.28913116455078,0
2020-06-26,75.75606536865234,75.75606536865234,75.75606536865234,75.75606536865234,75.75606536865234,512
2020-06-29,75.75606536865234,75.75606536865234,75.75606536865234,75.75606536865234,75.75606536865234,0
2020-06-30,75.75606536865234,75.75606536865234,75.75606536865234,75.75606536865234,75.75606536865234,0
2020-07-01,75.75606536865234,75.75606536865234,75.75606536865234,75.75606536865234,75.75606536865234,0
2020-07-02,75.75606536865234,75.75606536865234,75.75606536865234,75.75606536865234,75.75606536865234,0
2020-07-03,75.75606536865234,75.75606536865234,75.75606536865234,75.75606536865234,75.75606536865234,0
2020-07-06,75.75606536865234,75.75606536865234,75.75606536865234,75.75606536865234,75.75606536865234,0
2020-07-07,75.75606536865234,75.75606536865234,75.75606536865234,75.75606536865234,75.75606536865234,0
2020-07-08,75.75606536865234,75.75606536865234,75.75606536865234,75.75606536865234,75.75606536865234,0
2020-07-09,75.75606536865234,75.75606536865234,75.75606536865234,75.75606536865234,75.75606536865234,0
2020-07-10,75.75606536865234,75.75606536865234,75.75606536865234,75.75606536865234,75.75606536865234,0
2020-07-13,75.75606536865234,75.75606536865234,75.75606536865234,75.75606536865234,75.75606536865234,0
2020-07-14,75.75606536865234,75.75606536865234,75.75606536865234,75.75606536865234,75.75606536865234,0
2020-07-15,75.75606536865234,75.75606536865234,75.75606536865234,75.75606536865234,75.75606536865234,0
2020-07-16,75.75606536865234,75.75606536865234,75.75606536865234,75.75606536865234,75.75606536865234,0
2020-07-17,74.19408416748047,74.19408416748047,74.19408416748047,74.19408416748047,74.19408416748047,6658212
2020-07-20,72.24160766601562,72.24160766601562,72.24160766601562,72.24160766601562,72.24160766601562,7682553
2020-07-21,68.33665466308594,68.33665466308594,68.33665466308594,68.33665466308594,68.33665466308594,3585
2020-07-22,68.33665466308594,68.33665466308594,76.14656066894531,68.33665466308594,76.14656066894531,10259281
2020-07-23,68.33665466308594,68.33665466308594,68.33665466308594,68.33665466308594,68.33665466308594,0
2020-07-24,68.33665466308594,68.33665466308594,68.33665466308594,68.33665466308594,68.33665466308594,0
2020-07-27,68.33665466308594,68.33665466308594,68.33665466308594,68.33665466308594,68.33665466308594,0
2020-07-28,68.33665466308594,68.33665466308594,68.33665466308594,68.33665466308594,68.33665466308594,0
2020-07-29,68.33665466308594,68.33665466308594,68.33665466308594,68.33665466308594,68.33665466308594,512
2020-07-30,68.33665466308594,68.33665466308594,68.33665466308594,68.33665466308594,68.33665466308594,0
2020-08-03,68.33665466308594,68.33665466308594,68.33665466308594,68.33665466308594,68.33665466308594,0
2020-08-04,83.95646667480469,83.95646667480469,83.95646667480469,68.33665466308594,68.33665466308594,7170
2020-08-05,83.95646667480469,83.95646667480469,83.95646667480469,83.95646667480469,83.95646667480469,0
2020-08-06,78.09903717041016,78.09903717041016,78.09903717041016,78.09903717041016,78.09903717041016,512
2020-08-07,77.70854187011719,77.70854187011719,77.70854187011719,77.70854187011719,77.70854187011719,512
2020-08-10,77.70854187011719,77.70854187011719,77.70854187011719,77.70854187011719,77.70854187011719,0
2020-08-11,77.70854187011719,77.70854187011719,77.70854187011719,77.70854187011719,77.70854187011719,0
2020-08-12,77.70854187011719,77.70854187011719,77.70854187011719,77.70854187011719,77.70854187011719,0
2020-08-13,77.70854187011719,77.70854187011719,77.70854187011719,77.70854187011719,77.70854187011719,0
2020-08-14,77.70854187011719,77.70854187011719,77.70854187011719,77.70854187011719,77.70854187011719,0
2020-08-18,77.70854187011719,77.70854187011719,77.70854187011719,77.70854187011719,77.70854187011719,0
2020-08-19,77.70854187011719,77.70854187011719,77.70854187011719,77.70854187011719,77.70854187011719,0
2020-08-24,77.70854187011719,77.70854187011719,77.70854187011719,77.70854187011719,77.70854187011719,13316
2020-08-25,77.70854187011719,77.70854187011719,77.70854187011719,77.70854187011719,77.70854187011719,0
2020-08-26,76.14656066894531,76.14656066894531,76.53705596923828,72.6321029663086,76.14656066894531,27657
2020-08-27,71.85111236572266,71.85111236572266,71.85111236572266,71.85111236572266,71.85111236572266,4097
2020-08-28,71.07012176513672,71.07012176513672,71.85111236572266,67.94615936279297,67.94615936279297,1536
2020-08-31,67.5556640625,67.5556640625,67.5556640625,67.16516876220703,67.16516876220703,3073
2020-09-01,64.82219696044922,64.82219696044922,64.82219696044922,64.82219696044922,64.82219696044922,1536
2020-09-02,60.9172477722168,60.9172477722168,60.9172477722168,60.9172477722168,60.9172477722168,512
2020-09-03,57.40279006958008,57.40279006958008,57.40279006958008,57.40279006958008,57.40279006958008,512
2020-09-04,53.88833236694336,53.88833236694336,53.88833236694336,53.88833236694336,53.88833236694336,512
2020-09-07,65.99368286132812,65.99368286132812,65.99368286132812,54.278831481933594,54.278831481933594,22023
2020-09-08,75.36557006835938,75.36557006835938,76.14656066894531,64.82219696044922,64.82219696044922,10755
2020-09-09,72.24160766601562,72.24160766601562,79.27052307128906,72.24160766601562,79.27052307128906,16901
2020-09-10,73.8035888671875,73.8035888671875,73.8035888671875,72.24160766601562,73.41309356689453,2560
2020-09-11,73.8035888671875,73.8035888671875,73.8035888671875,73.8035888671875,73.8035888671875,0
2020-09-14,73.8035888671875,73.8035888671875,73.8035888671875,73.8035888671875,73.8035888671875,0
2020-09-15,73.8035888671875,73.8035888671875,73.8035888671875,73.8035888671875,73.8035888671875,0
2020-09-16,73.41309356689453,73.41309356689453,73.41309356689453,73.41309356689453,73.41309356689453,512
2020-09-17,68.33665466308594,68.33665466308594,68.33665466308594,68.33665466308594,68.33665466308594,1024
2020-09-18,65.99368286132812,65.99368286132812,68.33665466308594,65.99368286132812,68.33665466308594,4609
2020-09-21,66.3841781616211,66.3841781616211,66.3841781616211,66.3841781616211,66.3841781616211,512
2020-09-22,66.3841781616211,66.3841781616211,66.3841781616211,66.3841781616211,66.3841781616211,0
2020-09-23,66.3841781616211,66.3841781616211,66.3841781616211,66.3841781616211,66.3841781616211,0
2020-09-24,66.3841781616211,66.3841781616211,66.3841781616211,66.3841781616211,66.3841781616211,0
2020-09-25,72.24160766601562,72.24160766601562,72.6321029663086,70.28913116455078,70.28913116455078,6146
2020-09-28,72.24160766601562,72.24160766601562,72.24160766601562,72.24160766601562,72.24160766601562,0
2020-09-29,72.24160766601562,72.24160766601562,72.24160766601562,72.24160766601562,72.24160766601562,0
2020-09-30,72.24160766601562,72.24160766601562,72.24160766601562,72.24160766601562,72.24160766601562,0
2020-10-01,72.24160766601562,72.24160766601562,72.24160766601562,72.24160766601562,72.24160766601562,0
2020-10-02,72.24160766601562,72.24160766601562,72.24160766601562,72.24160766601562,72.24160766601562,0
2020-10-05,72.24160766601562,72.24160766601562,72.24160766601562,72.24160766601562,72.24160766601562,0
2020-10-06,72.24160766601562,72.24160766601562,72.24160766601562,72.24160766601562,72.24160766601562,0
2020-10-07,69.89863586425781,69.89863586425781,69.89863586425781,69.89863586425781,69.89863586425781,512
2020-10-08,69.89863586425781,69.89863586425781,69.89863586425781,69.89863586425781,69.89863586425781,0
2020-10-09,69.89863586425781,69.89863586425781,69.89863586425781,69.89863586425781,69.89863586425781,0
2020-10-12,69.89863586425781,69.89863586425781,69.89863586425781,69.89863586425781,69.89863586425781,0
2020-10-13,69.89863586425781,69.89863586425781,69.89863586425781,69.89863586425781,69.89863586425781,0
2020-10-14,69.89863586425781,69.89863586425781,69.89863586425781,69.89863586425781,69.89863586425781,0
2020-10-15,69.89863586425781,69.89863586425781,69.89863586425781,69.89863586425781,69.89863586425781,0
2020-10-16,69.89863586425781,69.89863586425781,69.89863586425781,69.89863586425781,69.89863586425781,0
2020-10-19,69.89863586425781,69.89863586425781,69.89863586425781,69.89863586425781,69.89863586425781,0
2020-10-20,69.89863586425781,69.89863586425781,69.89863586425781,69.89863586425781,69.89863586425781,0
2020-10-21,69.89863586425781,69.89863586425781,69.89863586425781,69.89863586425781,69.89863586425781,0
2020-10-22,69.89863586425781,69.89863586425781,69.89863586425781,69.89863586425781,69.89863586425781,0
2020-10-23,69.89863586425781,69.89863586425781,69.89863586425781,69.89863586425781,69.89863586425781,0
2020-10-26,67.94615936279297,67.94615936279297,67.94615936279297,67.94615936279297,67.94615936279297,512
2020-10-27,67.94615936279297,67.94615936279297,67.94615936279297,67.94615936279297,67.94615936279297,0
2020-11-02,67.94615936279297,67.94615936279297,67.94615936279297,67.94615936279297,67.94615936279297,0
2020-11-03,83.95646667480469,83.95646667480469,83.95646667480469,67.5556640625,67.5556640625,18438
2020-11-04,83.95646667480469,83.95646667480469,83.95646667480469,83.95646667480469,83.95646667480469,512
2020-11-05,83.95646667480469,83.95646667480469,83.95646667480469,83.95646667480469,83.95646667480469,0
2020-11-06,83.95646667480469,83.95646667480469,83.95646667480469,82.78498077392578,82.78498077392578,256085
2020-11-09,83.95646667480469,83.95646667480469,83.95646667480469,83.95646667480469,83.95646667480469,0
2020-11-10,83.95646667480469,83.95646667480469,83.95646667480469,83.95646667480469,83.95646667480469,0
2020-11-11,83.95646667480469,83.95646667480469,83.95646667480469,83.95646667480469,83.95646667480469,0
2020-11-12,83.95646667480469,83.95646667480469,83.95646667480469,83.95646667480469,83.95646667480469,0
2020-11-13,83.95646667480469,83.95646667480469,83.95646667480469,83.95646667480469,83.95646667480469,0
2020-11-16,83.95646667480469,83.95646667480469,83.95646667480469,83.95646667480469,83.95646667480469,0
2020-11-17,83.95646667480469,83.95646667480469,83.95646667480469,83.95646667480469,83.95646667480469,0
2020-11-18,83.95646667480469,83.95646667480469,83.95646667480469,83.95646667480469,83.95646667480469,0
2020-11-19,83.95646667480469,83.95646667480469,83.95646667480469,83.95646667480469,83.95646667480469,0
2020-11-20,83.95646667480469,83.95646667480469,83.95646667480469,83.95646667480469,83.95646667480469,0
2020-11-23,83.95646667480469,83.95646667480469,83.95646667480469,83.95646667480469,83.95646667480469,0
2020-11-24,83.56597137451172,83.56597137451172,83.56597137451172,83.56597137451172,83.56597137451172,512
2020-11-25,83.56597137451172,83.56597137451172,83.56597137451172,83.56597137451172,83.56597137451172,0
2020-11-26,83.56597137451172,83.56597137451172,83.56597137451172,83.56597137451172,83.56597137451172,0
2020-11-27,83.56597137451172,83.56597137451172,83.56597137451172,83.56597137451172,83.56597137451172,0
2020-11-30,83.56597137451172,83.56597137451172,83.56597137451172,83.56597137451172,83.56597137451172,0
2020-12-01,82.00399017333984,82.00399017333984,82.00399017333984,82.00399017333984,82.00399017333984,1536
2020-12-02,76.53705596923828,76.53705596923828,83.95646667480469,76.53705596923828,83.95646667480469,29705
2020-12-03,76.53705596923828,76.53705596923828,76.53705596923828,76.53705596923828,76.53705596923828,0
2020-12-04,71.46061706542969,71.46061706542969,71.85111236572266,71.46061706542969,71.85111236572266,12804
2020-12-07,71.85111236572266,71.85111236572266,71.85111236572266,71.46061706542969,71.46061706542969,9219
2020-12-08,69.89863586425781,69.89863586425781,70.28913116455078,67.16516876220703,67.16516876220703,62996
2020-12-10,73.41309356689453,73.41309356689453,73.41309356689453,73.41309356689453,73.41309356689453,512
2020-12-11,73.41309356689453,73.41309356689453,73.41309356689453,73.41309356689453,73.41309356689453,512
2020-12-14,73.41309356689453,73.41309356689453,73.41309356689453,73.41309356689453,73.41309356689453,0
2020-12-15,73.41309356689453,73.41309356689453,73.41309356689453,73.41309356689453,73.41309356689453,0
2020-12-16,73.02259826660156,73.02259826660156,73.02259826660156,73.02259826660156,73.02259826660156,1024
2020-12-17,73.02259826660156,73.02259826660156,73.02259826660156,73.02259826660156,73.02259826660156,0
2020-12-18,73.41309356689453,73.41309356689453,73.41309356689453,73.41309356689453,73.41309356689453,512
2020-12-21,73.02259826660156,73.02259826660156,73.02259826660156,73.02259826660156,73.02259826660156,1024
2020-12-22,73.02259826660156,73.02259826660156,73.02259826660156,73.02259826660156,73.02259826660156,0
2020-12-23,73.02259826660156,73.02259826660156,73.02259826660156,73.02259826660156,73.02259826660156,0
2020-12-28,71.85111236572266,71.85111236572266,71.85111236572266,71.85111236572266,71.85111236572266,512
2020-12-29,71.85111236572266,71.85111236572266,71.85111236572266,71.85111236572266,71.85111236572266,0
2020-12-30,71.85111236572266,71.85111236572266,71.85111236572266,71.85111236572266,71.85111236572266,0
2021-01-04,70.28913116455078,70.28913116455078,70.28913116455078,70.28913116455078,70.28913116455078,15365
2021-01-05,67.5556640625,67.5556640625,68.33665466308594,67.5556640625,68.33665466308594,16901
2021-01-06,71.07012176513672,71.07012176513672,71.07012176513672,67.16516876220703,67.5556640625,15365
2021-01-07,71.07012176513672,71.07012176513672,71.07012176513672,71.07012176513672,71.07012176513672,512
2021-01-08,70.67962646484375,70.67962646484375,70.67962646484375,70.67962646484375,70.67962646484375,512
2021-01-11,70.67962646484375,70.67962646484375,70.67962646484375,70.67962646484375,70.67962646484375,15365
2021-01-12,70.67962646484375,70.67962646484375,70.67962646484375,70.67962646484375,70.67962646484375,0
2021-01-13,79.66101837158203,79.66101837158203,83.95646667480469,67.16516876220703,67.16516876220703,27145
2021-01-14,74.19408416748047,74.19408416748047,74.19408416748047,74.19408416748047,74.19408416748047,1536
2021-01-15,69.11764526367188,69.11764526367188,69.11764526367188,69.11764526367188,69.11764526367188,8706
2021-01-18,66.77467346191406,66.77467346191406,83.95646667480469,64.43170166015625,73.8035888671875,19462
2021-01-19,66.77467346191406,66.77467346191406,66.77467346191406,62.86972427368164,62.86972427368164,5633
2021-01-20,63.26021957397461,63.26021957397461,63.26021957397461,62.86972427368164,62.86972427368164,1024
2021-01-21,76.53705596923828,76.53705596923828,77.70854187011719,59.74576187133789,63.26021957397461,37388
2021-01-22,71.46061706542969,71.46061706542969,74.19408416748047,71.46061706542969,74.19408416748047,2048
2021-01-25,67.5556640625,67.5556640625,67.94615936279297,67.5556640625,67.94615936279297,3073
2021-01-26,63.65071487426758,63.65071487426758,63.65071487426758,63.65071487426758,63.65071487426758,2560
2021-01-27,59.74576187133789,59.74576187133789,59.74576187133789,59.74576187133789,59.74576187133789,1024
2021-01-28,59.35526657104492,59.35526657104492,59.35526657104492,56.23130416870117,56.23130416870117,33803
2021-01-29,59.35526657104492,59.35526657104492,59.35526657104492,55.8408088684082,55.8408088684082,2560
2021-02-01,68.33665466308594,68.33665466308594,69.89863586425781,68.33665466308594,68.33665466308594,15877
2021-02-02,68.33665466308594,68.33665466308594,68.33665466308594,68.33665466308594,68.33665466308594,0
2021-02-03,67.94615936279297,67.94615936279297,68.33665466308594,67.94615936279297,68.33665466308594,3585
2021-02-04,64.04120635986328,64.04120635986328,64.04120635986328,63.65071487426758,63.65071487426758,4609
2021-02-05,64.04120635986328,64.04120635986328,64.04120635986328,61.307743072509766,64.04120635986328,12292
2021-02-08,71.85111236572266,71.85111236572266,74.19408416748047,60.13625717163086,60.13625717163086,29705
2021-02-09,71.85111236572266,71.85111236572266,71.85111236572266,71.85111236572266,71.85111236572266,512
2021-02-10,73.41309356689453,73.41309356689453,74.19408416748047,71.85111236572266,74.19408416748047,11779
2021-02-11,68.33665466308594,68.33665466308594,68.33665466308594,68.33665466308594,68.33665466308594,3073
2021-02-15,67.94615936279297,67.94615936279297,72.24160766601562,64.43170166015625,64.43170166015625,13828
2021-02-16,65.99368286132812,65.99368286132812,66.3841781616211,65.99368286132812,66.3841781616211,2048
2021-02-17,68.7271499633789,68.7271499633789,68.7271499633789,65.99368286132812,65.99368286132812,8194
2021-02-18,68.7271499633789,68.7271499633789,68.7271499633789,68.7271499633789,68.7271499633789,0
2021-02-19,65.99368286132812,65.99368286132812,68.7271499633789,65.99368286132812,68.7271499633789,1024
2021-02-22,65.99368286132812,65.99368286132812,65.99368286132812,65.99368286132812,65.99368286132812,512
2021-02-23,77.70854187011719,77.70854187011719,82.39448547363281,61.698238372802734,65.99368286132812,201282
2021-02-24,72.6321029663086,72.6321029663086,75.75606536865234,72.6321029663086,73.8035888671875,228940
2021-02-25,82.00399017333984,82.00399017333984,85.1279525756836,68.33665466308594,76.14656066894531,111653
2021-02-26,76.53705596923828,76.53705596923828,76.53705596923828,76.53705596923828,76.53705596923828,2048
2021-03-01,77.70854187011719,77.70854187011719,85.908935546875,72.24160766601562,76.53705596923828,54290
2021-03-02,76.92755126953125,76.92755126953125,76.92755126953125,74.19408416748047,74.19408416748047,1024
2021-03-03,76.14656066894531,76.14656066894531,76.92755126953125,71.85111236572266,71.85111236572266,15365
2021-03-04,73.02259826660156,73.02259826660156,76.53705596923828,72.6321029663086,76.14656066894531,47119
2021-03-05,76.14656066894531,76.14656066894531,76.53705596923828,67.94615936279297,76.14656066894531,20998
2021-03-08,76.14656066894531,76.14656066894531,85.51844024658203,76.14656066894531,76.14656066894531,35851
2021-03-09,75.75606536865234,75.75606536865234,75.75606536865234,75.75606536865234,75.75606536865234,1536
2021-03-10,75.75606536865234,75.75606536865234,75.75606536865234,75.75606536865234,75.75606536865234,0
2021-03-12,75.75606536865234,75.75606536865234,75.75606536865234,75.75606536865234,75.75606536865234,512
2021-03-15,71.07012176513672,71.07012176513672,75.75606536865234,71.07012176513672,72.24160766601562,15365
2021-03-16,71.07012176513672,71.07012176513672,71.07012176513672,71.07012176513672,71.07012176513672,0
2021-03-17,74.9750747680664,74.9750747680664,74.9750747680664,67.94615936279297,67.94615936279297,1024
2021-03-18,74.9750747680664,74.9750747680664,74.9750747680664,74.9750747680664,74.9750747680664,7682
2021-03-19,69.89863586425781,69.89863586425781,70.28913116455078,69.89863586425781,69.89863586425781,2048
2021-03-22,66.3841781616211,66.3841781616211,69.50814056396484,65.99368286132812,65.99368286132812,2560
2021-03-23,68.33665466308594,68.33665466308594,68.33665466308594,62.0887336730957,66.3841781616211,177723
2021-03-24,68.33665466308594,68.33665466308594,72.24160766601562,68.33665466308594,72.24160766601562,2048
2021-03-25,68.33665466308594,68.33665466308594,68.33665466308594,68.33665466308594,68.33665466308594,0
2021-03-26,63.65071487426758,63.65071487426758,63.65071487426758,63.65071487426758,63.65071487426758,24584
2021-03-29,65.99368286132812,65.99368286132812,65.99368286132812,61.307743072509766,62.47922897338867,19462
2021-03-30,61.698238372802734,61.698238372802734,68.33665466308594,61.698238372802734,68.33665466308594,29193
2021-03-31,60.52675247192383,60.52675247192383,61.307743072509766,60.52675247192383,60.52675247192383,19974
2021-04-01,65.99368286132812,65.99368286132812,66.3841781616211,62.0887336730957,66.3841781616211,7170
2021-04-05,61.698238372802734,61.698238372802734,61.698238372802734,61.698238372802734,61.698238372802734,6658
2021-04-06,66.3841781616211,66.3841781616211,66.3841781616211,58.574275970458984,58.574275970458984,2560
2021-04-07,62.0887336730957,62.0887336730957,62.0887336730957,62.0887336730957,62.0887336730957,3073
2021-04-08,62.0887336730957,62.0887336730957,64.04120635986328,62.0887336730957,64.04120635986328,1024
2021-04-09,59.74576187133789,59.74576187133789,62.0887336730957,59.74576187133789,62.0887336730957,9219
2021-04-12,56.62179946899414,56.62179946899414,59.74576187133789,55.8408088684082,59.74576187133789,13828
2021-04-13,59.74576187133789,59.74576187133789,59.74576187133789,55.8408088684082,55.8408088684082,9219
2021-04-14,59.74576187133789,59.74576187133789,59.74576187133789,56.62179946899414,56.62179946899414,1536
2021-04-15,59.74576187133789,59.74576187133789,59.74576187133789,59.74576187133789,59.74576187133789,5633
2021-04-16,56.62179946899414,56.62179946899414,66.3841781616211,55.8408088684082,59.74576187133789,19462
2021-04-19,64.04120635986328,64.04120635986328,64.43170166015625,53.10734558105469,53.10734558105469,18438
2021-04-20,60.52675247192383,60.52675247192383,63.65071487426758,60.52675247192383,63.65071487426758,16901
2021-04-21,60.52675247192383,60.52675247192383,60.52675247192383,60.52675247192383,60.52675247192383,0
2021-04-22,56.62179946899414,56.62179946899414,60.52675247192383,56.62179946899414,60.52675247192383,10243
2021-04-23,62.0887336730957,62.0887336730957,66.3841781616211,53.10734558105469,56.62179946899414,86044
2021-04-26,57.79328536987305,57.79328536987305,64.04120635986328,57.79328536987305,62.47922897338867,160821
2021-04-27,58.574275970458984,58.574275970458984,63.65071487426758,55.8408088684082,57.79328536987305,8194
2021-04-28,54.66932678222656,54.66932678222656,68.33665466308594,54.66932678222656,54.66932678222656,491683
2021-04-29,51.154869079589844,51.154869079589844,55.059818267822266,51.154869079589844,55.059818267822266,599239
2021-04-30,49.98338317871094,49.98338317871094,54.66932678222656,49.59288787841797,51.154869079589844,133164
2021-05-03,47.249916076660156,47.249916076660156,49.98338317871094,46.85942077636719,49.98338317871094,28169
2021-05-04,48.81189727783203,48.81189727783203,50.764373779296875,44.516448974609375,44.516448974609375,112165
2021-05-05,51.54536437988281,51.54536437988281,51.93585968017578,48.42140197753906,48.81189727783203,192576
2021-05-06,51.54536437988281,51.54536437988281,51.54536437988281,51.54536437988281,51.54536437988281,68630
2021-05-07,51.54536437988281,51.54536437988281,53.88833236694336,50.764373779296875,51.54536437988281,351860
2021-05-10,48.030906677246094,48.030906677246094,50.373878479003906,48.030906677246094,48.030906677246094,1036632
2021-05-11,44.906944274902344,44.906944274902344,48.030906677246094,44.906944274902344,48.030906677246094,4952173
2021-05-17,48.42140197753906,48.42140197753906,48.81189727783203,43.73545837402344,46.46892547607422,930613
2021-05-18,51.154869079589844,51.154869079589844,52.32635498046875,45.29743957519531,52.32635498046875,514218
2021-05-19,51.154869079589844,51.154869079589844,54.66932678222656,47.640411376953125,52.71685028076172,1055070
2021-05-20,51.93585968017578,51.93585968017578,51.93585968017578,47.640411376953125,51.93585968017578,277596
2021-05-21,52.71685028076172,52.71685028076172,52.71685028076172,52.71685028076172,52.71685028076172,64533
2021-05-24,53.10734558105469,53.10734558105469,56.23130416870117,51.93585968017578,52.71685028076172,196673
2021-05-25,54.66932678222656,54.66932678222656,64.43170166015625,51.154869079589844,52.71685028076172,1877103
2021-05-27,54.278831481933594,54.278831481933594,60.52675247192383,51.154869079589844,55.450313568115234,10823180
2021-05-28,55.059818267822266,55.059818267822266,60.52675247192383,51.93585968017578,56.62179946899414,13281597
2021-05-31,56.23130416870117,56.23130416870117,57.01229476928711,54.66932678222656,57.01229476928711,17950541
2021-06-02,56.23130416870117,56.23130416870117,58.574275970458984,53.497840881347656,56.23130416870117,23176214
2021-06-03,55.8408088684082,55.8408088684082,58.574275970458984,54.278831481933594,56.62179946899414,26589316
2021-06-04,57.79328536987305,57.79328536987305,58.574275970458984,54.66932678222656,55.8408088684082,25703262
2021-06-07,59.74576187133789,59.74576187133789,64.43170166015625,56.62179946899414,58.574275970458984,26178043
2021-06-08,68.33665466308594,68.33665466308594,74.58457946777344,60.13625717163086,60.13625717163086,34810160
2021-06-09,68.33665466308594,68.33665466308594,74.19408416748047,64.43170166015625,68.33665466308594,31018564
2021-06-10,65.99368286132812,65.99368286132812,68.33665466308594,63.65071487426758,68.33665466308594,27456420
2021-06-11,61.698238372802734,61.698238372802734,67.16516876220703,61.698238372802734,64.43170166015625,33866743
2021-06-14,58.96477127075195,58.96477127075195,61.698238372802734,57.40279006958008,61.698238372802734,33965079
2021-06-15,55.059818267822266,55.059818267822266,60.52675247192383,55.059818267822266,59.74576187133789,27647972
2021-06-16,55.450313568115234,55.450313568115234,61.698238372802734,55.450313568115234,56.62179946899414,26952445
2021-06-17,58.183780670166016,58.183780670166016,60.52675247192383,53.10734558105469,56.62179946899414,26254357
2021-06-18,54.66932678222656,54.66932678222656,59.35526657104492,54.278831481933594,56.62179946899414,27401106
2021-06-21,54.278831481933594,54.278831481933594,56.62179946899414,51.154869079589844,55.450313568115234,26429519
2021-06-22,55.059818267822266,55.059818267822266,58.183780670166016,50.764373779296875,54.278831481933594,27426714
2021-06-23,53.10734558105469,53.10734558105469,56.62179946899414,52.71685028076172,52.71685028076172,29390375
2021-06-24,55.8408088684082,55.8408088684082,56.62179946899414,53.10734558105469,53.10734558105469,246866
2021-06-25,55.8408088684082,55.8408088684082,56.62179946899414,55.450313568115234,55.8408088684082,664796
2021-06-28,53.10734558105469,53.10734558105469,56.23130416870117,53.10734558105469,55.8408088684082,195136
2021-06-29,49.59288787841797,49.59288787841797,55.8408088684082,49.59288787841797,53.10734558105469,5486367
2021-06-30,46.46892547607422,46.46892547607422,48.81189727783203,46.46892547607422,48.81189727783203,1056607
2021-07-01,43.344966888427734,43.344966888427734,47.249916076660156,43.344966888427734,46.46892547607422,2056875
2021-07-02,43.73545837402344,43.73545837402344,44.125953674316406,42.9544677734375,43.344966888427734,348275
2021-07-05,42.9544677734375,42.9544677734375,44.906944274902344,42.9544677734375,44.906944274902344,1588239
2021-07-06,40.221004486083984,40.221004486083984,42.9544677734375,40.221004486083984,42.9544677734375,812301
2021-07-07,49.98338317871094,49.98338317871094,49.98338317871094,40.221004486083984,40.221004486083984,4316570
2021-07-08,46.85942077636719,46.85942077636719,49.98338317871094,46.85942077636719,49.98338317871094,1347007
2021-07-09,44.125953674316406,44.125953674316406,46.85942077636719,43.73545837402344,46.85942077636719,2894786
2021-07-12,43.73545837402344,43.73545837402344,46.85942077636719,43.73545837402344,44.125953674316406,350324
2021-07-13,42.17347717285156,42.17347717285156,46.85942077636719,41.39249038696289,46.85942077636719,896810
2021-07-14,42.9544677734375,42.9544677734375,43.344966888427734,42.17347717285156,42.17347717285156,231500
2021-07-15,42.56397247314453,42.56397247314453,42.9544677734375,42.17347717285156,42.56397247314453,31754
2021-07-16,43.73545837402344,43.73545837402344,43.73545837402344,42.9544677734375,42.9544677734375,21511
2021-07-19,41.39249038696289,41.39249038696289,44.125953674316406,41.00199508666992,43.73545837402344,394883
2021-07-21,45.29743957519531,45.29743957519531,48.81189727783203,40.61149978637695,41.39249038696289,757499
2021-07-22,45.29743957519531,45.29743957519531,46.07843017578125,45.29743957519531,45.29743957519531,212038
2021-07-23,48.42140197753906,48.42140197753906,50.764373779296875,43.344966888427734,43.344966888427734,563899
2021-07-26,45.68793487548828,45.68793487548828,50.764373779296875,45.29743957519531,48.42140197753906,795912
2021-07-27,45.68793487548828,45.68793487548828,48.81189727783203,45.68793487548828,48.030906677246094,219721
2021-07-28,45.68793487548828,45.68793487548828,48.42140197753906,42.9544677734375,42.9544677734375,2775450
2021-07-29,46.85942077636719,46.85942077636719,48.030906677246094,46.07843017578125,46.46892547607422,242256
2021-07-30,48.81189727783203,48.81189727783203,48.81189727783203,44.906944274902344,44.906944274902344,94751
2021-08-02,48.42140197753906,48.42140197753906,48.81189727783203,45.68793487548828,48.81189727783203,317545
2021-08-03,45.68793487548828,45.68793487548828,46.85942077636719,45.68793487548828,46.07843017578125,179259
2021-08-04,44.906944274902344,44.906944274902344,45.68793487548828,44.906944274902344,45.68793487548828,165430
2021-08-05,45.68793487548828,45.68793487548828,45.68793487548828,43.344966888427734,43.344966888427734,68118
2021-08-06,42.9544677734375,42.9544677734375,45.68793487548828,42.56397247314453,45.68793487548828,183869
2021-08-09,42.9544677734375,42.9544677734375,42.9544677734375,41.78298568725586,42.9544677734375,314472
2021-08-10,42.17347717285156,42.17347717285156,44.906944274902344,40.61149978637695,42.9544677734375,126506
2021-08-12,42.56397247314453,42.56397247314453,44.125953674316406,41.00199508666992,41.00199508666992,69655
2021-08-13,46.07843017578125,46.07843017578125,46.07843017578125,42.17347717285156,42.56397247314453,69142
2021-08-16,43.73545837402344,43.73545837402344,46.07843017578125,42.9544677734375,46.07843017578125,27145
2021-08-18,46.85942077636719,46.85942077636719,47.249916076660156,43.73545837402344,43.73545837402344,812301
2021-08-19,46.85942077636719,46.85942077636719,48.81189727783203,44.125953674316406,48.81189727783203,425101
2021-08-20,48.030906677246094,48.030906677246094,48.030906677246094,43.73545837402344,44.906944274902344,440466
2021-08-23,49.202392578125,49.202392578125,49.202392578125,47.640411376953125,48.42140197753906,563899
2021-08-24,50.373878479003906,50.373878479003906,50.764373779296875,46.46892547607422,48.81189727783203,617677
2021-08-25,56.62179946899414,56.62179946899414,56.62179946899414,48.81189727783203,50.373878479003906,1002317
2021-08-26,52.71685028076172,52.71685028076172,56.62179946899414,52.71685028076172,56.62179946899414,1158016
2021-08-27,49.202392578125,49.202392578125,52.71685028076172,49.202392578125,52.71685028076172,1305009
2021-08-30,48.81189727783203,48.81189727783203,49.202392578125,46.85942077636719,49.202392578125,692966
2021-08-31,48.42140197753906,48.42140197753906,48.81189727783203,48.42140197753906,48.81189727783203,37388
2021-09-01,48.030906677246094,48.030906677246094,48.81189727783203,48.030906677246094,48.42140197753906,21511
2021-09-02,48.42140197753906,48.42140197753906,49.202392578125,48.42140197753906,48.42140197753906,62484
2021-09-03,48.42140197753906,48.42140197753906,50.373878479003906,48.42140197753906,48.81189727783203,262743
2021-09-06,48.81189727783203,48.81189727783203,48.81189727783203,48.030906677246094,48.42140197753906,366713
2021-09-07,47.640411376953125,47.640411376953125,49.202392578125,45.68793487548828,49.202392578125,5689186
2021-09-08,44.516448974609375,44.516448974609375,48.030906677246094,44.516448974609375,47.640411376953125,1805400
2021-09-09,46.85942077636719,46.85942077636719,50.764373779296875,44.516448974609375,44.906944274902344,2500414
2021-09-10,46.85942077636719,46.85942077636719,46.85942077636719,46.46892547607422,46.85942077636719,597702
2021-09-13,47.249916076660156,47.249916076660156,47.249916076660156,44.906944274902344,46.85942077636719,442515
2021-09-14,44.125953674316406,44.125953674316406,46.85942077636719,44.125953674316406,46.85942077636719,2203356
2021-09-15,44.516448974609375,44.516448974609375,45.68793487548828,43.73545837402344,43.73545837402344,1945222
2021-09-16,43.344966888427734,43.344966888427734,44.516448974609375,43.344966888427734,44.516448974609375,314984
2021-09-17,43.344966888427734,43.344966888427734,44.906944274902344,43.344966888427734,43.344966888427734,96288
2021-09-20,40.61149978637695,40.61149978637695,44.125953674316406,40.61149978637695,44.125953674316406,11815254
2021-09-21,40.61149978637695,40.61149978637695,41.39249038696289,40.221004486083984,41.39249038696289,1130871
2021-09-22,41.00199508666992,41.00199508666992,44.125953674316406,41.00199508666992,41.00199508666992,1714745
2021-09-23,41.00199508666992,41.00199508666992,42.9544677734375,40.221004486083984,41.39249038696289,3376738
2021-09-24,40.221004486083984,40.221004486083984,41.78298568725586,40.221004486083984,41.00199508666992,769791
2021-09-27,40.61149978637695,40.61149978637695,41.78298568725586,40.221004486083984,40.221004486083984,1188747
2021-09-28,40.61149978637695,40.61149978637695,41.00199508666992,40.61149978637695,40.61149978637695,109092
2021-09-29,41.00199508666992,41.00199508666992,41.39249038696289,40.61149978637695,40.61149978637695,316521
2021-09-30,40.61149978637695,40.61149978637695,41.39249038696289,39.04951858520508,41.39249038696289,149553
2021-10-01,40.221004486083984,40.221004486083984,41.00199508666992,38.463775634765625,40.61149978637695,1759304
2021-10-04,39.830509185791016,39.830509185791016,40.61149978637695,39.44001388549805,40.221004486083984,205892
2021-10-05,39.830509185791016,39.830509185791016,40.61149978637695,39.44001388549805,40.61149978637695,56338
2021-10-06,40.221004486083984,40.221004486083984,40.221004486083984,39.04951858520508,40.221004486083984,35339
2021-10-07,40.61149978637695,40.61149978637695,40.61149978637695,39.04951858520508,39.830509185791016,809228
2021-10-08,39.830509185791016,39.830509185791016,41.00199508666992,39.830509185791016,41.00199508666992,107555
2021-10-11,39.830509185791016,39.830509185791016,41.00199508666992,39.44001388549805,41.00199508666992,387712
2021-10-12,40.221004486083984,40.221004486083984,41.00199508666992,39.04951858520508,41.00199508666992,519852
2021-10-13,39.04951858520508,39.04951858520508,40.61149978637695,39.04951858520508,40.61149978637695,2589532
2021-10-14,39.04951858520508,39.04951858520508,42.17347717285156,39.04951858520508,39.04951858520508,800009
2021-10-15,39.04951858520508,39.04951858520508,41.78298568725586,38.854270935058594,39.830509185791016,249426
2021-10-18,39.04951858520508,39.04951858520508,39.830509185791016,39.04951858520508,39.04951858520508,236622
2021-10-19,39.04951858520508,39.04951858520508,40.221004486083984,38.854270935058594,39.830509185791016,485025
2021-10-21,38.65902328491211,38.65902328491211,39.44001388549805,38.65902328491211,39.44001388549805,706794
2021-10-22,37.87803268432617,37.87803268432617,39.44001388549805,37.68278503417969,38.854270935058594,2531657
2021-10-25,38.65902328491211,38.65902328491211,42.17347717285156,38.65902328491211,39.04951858520508,1152382
2021-10-26,39.830509185791016,39.830509185791016,40.221004486083984,38.854270935058594,39.04951858520508,115750
2021-10-27,39.04951858520508,39.04951858520508,39.44001388549805,38.854270935058594,39.44001388549805,162357
2021-10-28,38.854270935058594,38.854270935058594,39.44001388549805,38.65902328491211,38.65902328491211,99361
2021-10-29,38.854270935058594,38.854270935058594,39.830509185791016,38.854270935058594,38.854270935058594,602312
2021-11-01,40.221004486083984,40.221004486083984,40.221004486083984,38.854270935058594,39.04951858520508,1407955
2021-11-02,39.04951858520508,39.04951858520508,41.39249038696289,39.04951858520508,40.61149978637695,518828
2021-11-03,38.854270935058594,38.854270935058594,41.00199508666992,38.65902328491211,39.04951858520508,640724
2021-11-04,39.04951858520508,39.04951858520508,40.221004486083984,38.854270935058594,40.221004486083984,150065
2021-11-05,39.44001388549805,39.44001388549805,39.830509185791016,38.854270935058594,39.04951858520508,287327
2021-11-08,39.44001388549805,39.44001388549805,41.00199508666992,38.854270935058594,40.221004486083984,7093557
2021-11-09,39.44001388549805,39.44001388549805,41.00199508666992,38.854270935058594,39.830509185791016,2143944
2021-11-10,39.04951858520508,39.04951858520508,39.830509185791016,39.04951858520508,39.44001388549805,2554705
2021-11-11,41.39249038696289,41.39249038696289,41.39249038696289,38.854270935058594,39.04951858520508,26203652
2021-11-12,39.04951858520508,39.04951858520508,46.07843017578125,39.04951858520508,41.39249038696289,81342361
2021-11-15,39.830509185791016,39.830509185791016,42.17347717285156,39.04951858520508,40.221004486083984,32916155
2021-11-16,41.39249038696289,41.39249038696289,41.78298568725586,39.830509185791016,40.221004486083984,18906763
2021-11-17,50.764373779296875,50.764373779296875,51.54536437988281,40.61149978637695,41.39249038696289,31842134
2021-11-18,47.249916076660156,47.249916076660156,51.54536437988281,47.249916076660156,50.764373779296875,11280548
2021-11-19,48.030906677246094,48.030906677246094,49.202392578125,45.68793487548828,47.249916076660156,2754451
2021-11-22,49.202392578125,49.202392578125,50.764373779296875,47.249916076660156,47.249916076660156,1561094
2021-11-23,48.030906677246094,48.030906677246094,50.373878479003906,47.249916076660156,49.202392578125,2070704
2021-11-24,45.68793487548828,45.68793487548828,48.81189727783203,44.906944274902344,48.030906677246094,4518365
2021-11-25,46.07843017578125,46.07843017578125,46.85942077636719,44.125953674316406,45.68793487548828,2085044
2021-11-26,45.68793487548828,45.68793487548828,48.030906677246094,43.344966888427734,46.07843017578125,617677
2021-11-29,42.9544677734375,42.9544677734375,46.07843017578125,42.56397247314453,46.07843017578125,1100653
2021-11-30,44.516448974609375,44.516448974609375,46.85942077636719,42.56397247314453,42.56397247314453,2242793
2021-12-01,46.46892547607422,46.46892547607422,50.764373779296875,44.516448974609375,46.85942077636719,4572655
2021-12-02,46.07843017578125,46.07843017578125,46.85942077636719,44.906944274902344,46.07843017578125,578752
2021-12-03,45.29743957519531,45.29743957519531,47.640411376953125,44.906944274902344,46.07843017578125,993610
2021-12-06,56.62179946899414,56.62179946899414,56.62179946899414,48.81189727783203,48.81189727783203,47031054
2021-12-07,59.35526657104492,59.35526657104492,67.16516876220703,55.8408088684082,62.47922897338867,47297894
2021-12-08,61.307743072509766,61.307743072509766,61.307743072509766,55.450313568115234,59.35526657104492,10364276
2021-12-09,57.40279006958008,57.40279006958008,60.9172477722168,57.40279006958008,60.9172477722168,10127141
2021-12-10,58.574275970458984,58.574275970458984,60.52675247192383,57.01229476928711,57.40279006958008,9436736
2021-12-13,65.99368286132812,65.99368286132812,65.99368286132812,58.183780670166016,58.574275970458984,14519513
2021-12-14,81.2229995727539,81.2229995727539,82.00399017333984,68.33665466308594,68.7271499633789,41820746
2021-12-15,92.1568603515625,92.1568603515625,97.62379455566406,82.00399017333984,82.39448547363281,62447377
2021-12-16,115.19607543945312,115.19607543945312,115.19607543945312,93.71884155273438,93.71884155273438,66126808
2021-12-17,126.91093444824219,126.91093444824219,133.74459838867188,107.38617706298828,118.12479400634766,68831579
2021-12-20,129.8396453857422,129.8396453857422,140.57826232910156,119.10102844238281,128.8634033203125,43927814
2021-12-21,132.7683563232422,132.7683563232422,136.67330932617188,121.05350494384766,130.81588745117188,22967248
2021-12-22,132.7683563232422,132.7683563232422,132.7683563232422,132.7683563232422,132.7683563232422,0
2021-12-23,147.41192626953125,147.41192626953125,156.1980743408203,132.7683563232422,136.67330932617188,35362792
2021-12-24,164.9842071533203,164.9842071533203,179.62777709960938,146.43569946289062,155.22183227539062,32232920
2021-12-27,164.9842071533203,164.9842071533203,164.9842071533203,164.9842071533203,164.9842071533203,0
2021-12-28,164.9842071533203,164.9842071533203,164.9842071533203,164.9842071533203,164.9842071533203,0
2021-12-29,164.9842071533203,164.9842071533203,164.9842071533203,164.9842071533203,164.9842071533203,0
2021-12-30,164.9842071533203,164.9842071533203,164.9842071533203,164.9842071533203,164.9842071533203,0
2022-01-03,164.9842071533203,164.9842071533203,164.9842071533203,164.9842071533203,164.9842071533203,0
2022-01-04,164.9842071533203,164.9842071533203,164.9842071533203,164.9842071533203,164.9842071533203,0
2022-01-05,164.9842071533203,164.9842071533203,164.9842071533203,164.9842071533203,164.9842071533203,0
2022-01-06,165.96044921875,165.96044921875,175.7228240966797,156.1980743408203,162.0554962158203,22508344
2022-01-07,155.22183227539062,155.22183227539062,169.8654022216797,155.22183227539062,165.96044921875,13890056
2022-01-10,144.48321533203125,144.48321533203125,144.48321533203125,144.48321533203125,144.48321533203125,1288108
2022-01-11,136.67330932617188,136.67330932617188,147.41192626953125,134.72084045410156,134.72084045410156,47098148
2022-01-12,127.88716888427734,127.88716888427734,137.64955139160156,127.88716888427734,136.67330932617188,14420664
2022-01-13,119.10102844238281,119.10102844238281,127.88716888427734,119.10102844238281,119.10102844238281,3333715
2022-01-14,122.02974700927734,122.02974700927734,123.0059814453125,111.29112243652344,119.10102844238281,35052417
2022-01-17,133.74459838867188,133.74459838867188,133.74459838867188,123.0059814453125,132.7683563232422,13279037
2022-01-18,140.57826232910156,140.57826232910156,142.53074645996094,132.7683563232422,137.64955139160156,11075168
2022-01-19,138.62579345703125,138.62579345703125,142.53074645996094,130.81588745117188,141.55450439453125,23184409
2022-01-20,148.38816833496094,148.38816833496094,150.34063720703125,138.62579345703125,141.55450439453125,12052389
2022-01-21,154.24559020996094,154.24559020996094,160.10302734375,142.53074645996094,150.34063720703125,18511880
2022-01-24,155.22183227539062,155.22183227539062,159.1267852783203,143.50697326660156,156.1980743408203,12582485
2022-01-25,148.38816833496094,148.38816833496094,157.17431640625,144.48321533203125,155.22183227539062,17700602
2022-01-26,145.45945739746094,145.45945739746094,151.31687927246094,144.48321533203125,148.38816833496094,5235403
2022-01-27,135.69708251953125,135.69708251953125,149.36441040039062,135.69708251953125,146.43569946289062,6134262
2022-01-28,126.91093444824219,126.91093444824219,136.67330932617188,126.91093444824219,126.91093444824219,16754112
2022-01-31,118.12479400634766,118.12479400634766,127.88716888427734,118.12479400634766,119.10102844238281,15297499
2022-02-02,118.12479400634766,118.12479400634766,121.05350494384766,114.21984100341797,118.12479400634766,6043096
2022-02-03,118.12479400634766,118.12479400634766,125.9346923828125,115.19607543945312,118.12479400634766,7559120
2022-02-04,123.98222351074219,123.98222351074219,125.9346923828125,117.14855194091797,123.0059814453125,9464393
2022-02-07,141.55450439453125,141.55450439453125,154.24559020996094,124.95845794677734,131.79212951660156,38971031
2022-02-08,135.69708251953125,135.69708251953125,144.48321533203125,133.74459838867188,143.50697326660156,14576364
2022-02-09,129.8396453857422,129.8396453857422,136.67330932617188,127.88716888427734,136.67330932617188,13285695
2022-02-10,121.05350494384766,121.05350494384766,134.72084045410156,121.05350494384766,129.8396453857422,18237356
2022-02-11,113.24359893798828,113.24359893798828,129.8396453857422,113.24359893798828,113.24359893798828,19917787
2022-02-14,116.17231750488281,116.17231750488281,121.05350494384766,109.33865356445312,113.24359893798828,6779084
2022-02-15,117.14855194091797,117.14855194091797,122.02974700927734,114.21984100341797,116.17231750488281,10546096
2022-02-16,115.19607543945312,115.19607543945312,121.05350494384766,113.24359893798828,117.14855194091797,5726062
2022-02-17,114.21984100341797,114.21984100341797,117.14855194091797,114.21984100341797,115.19607543945312,4727331
2022-02-18,112.26736450195312,112.26736450195312,114.21984100341797,109.33865356445312,114.21984100341797,4659212
2022-02-21,115.19607543945312,115.19607543945312,117.14855194091797,109.33865356445312,112.26736450195312,6313010
2022-02-22,113.24359893798828,113.24359893798828,116.17231750488281,111.29112243652344,115.19607543945312,5970368
2022-02-23,111.29112243652344,111.29112243652344,115.19607543945312,111.29112243652344,113.24359893798828,3738842
2022-02-24,104.45745849609375,104.45745849609375,111.29112243652344,104.45745849609375,111.29112243652344,8573729
2022-02-25,113.24359893798828,113.24359893798828,113.24359893798828,97.62379455566406,104.45745849609375,9630848
2022-03-01,114.21984100341797,114.21984100341797,116.17231750488281,105.43370056152344,113.24359893798828,10994757
2022-03-02,113.24359893798828,113.24359893798828,116.17231750488281,108.36241149902344,114.21984100341797,7819302
2022-03-04,141.55450439453125,141.55450439453125,141.55450439453125,113.24359893798828,113.24359893798828,43795674
2022-03-07,132.7683563232422,132.7683563232422,156.1980743408203,131.79212951660156,150.34063720703125,41853525
2022-03-08,128.8634033203125,128.8634033203125,140.57826232910156,123.98222351074219,126.91093444824219,10656725
2022-03-09,128.8634033203125,128.8634033203125,136.67330932617188,123.98222351074219,136.67330932617188,4385713
2022-03-10,122.02974700927734,122.02974700927734,131.79212951660156,121.05350494384766,129.8396453857422,4947052
2022-03-11,128.8634033203125,128.8634033203125,129.8396453857422,117.14855194091797,117.14855194091797,3624116
2022-03-14,127.88716888427734,127.88716888427734,132.7683563232422,124.95845794677734,128.8634033203125,3023852
2022-03-15,125.9346923828125,125.9346923828125,128.8634033203125,124.95845794677734,127.88716888427734,4025145
2022-03-16,130.81588745117188,130.81588745117188,133.74459838867188,125.9346923828125,126.91093444824219,6440540
2022-03-17,128.8634033203125,128.8634033203125,131.79212951660156,125.9346923828125,131.79212951660156,4272011
2022-03-18,136.67330932617188,136.67330932617188,146.43569946289062,129.8396453857422,132.7683563232422,13402470
2022-03-21,136.67330932617188,136.67330932617188,143.50697326660156,131.79212951660156,136.67330932617188,7602142
2022-03-22,136.67330932617188,136.67330932617188,141.55450439453125,134.72084045410156,136.67330932617188,8213673
2022-03-23,142.53074645996094,142.53074645996094,143.50697326660156,136.67330932617188,137.64955139160156,8385250
2022-03-24,150.34063720703125,150.34063720703125,156.1980743408203,142.53074645996094,143.50697326660156,16634264
2022-03-25,151.31687927246094,151.31687927246094,160.10302734375,145.45945739746094,151.31687927246094,16985612
2022-03-28,153.2693634033203,153.2693634033203,157.17431640625,148.38816833496094,150.34063720703125,12919493
2022-03-29,151.31687927246094,151.31687927246094,154.24559020996094,150.34063720703125,153.2693634033203,1626652
2022-03-30,141.55450439453125,141.55450439453125,152.29312133789062,141.55450439453125,152.29312133789062,8964003
2022-03-31,137.64955139160156,137.64955139160156,142.53074645996094,132.7683563232422,141.55450439453125,3543193
2022-04-01,136.67330932617188,136.67330932617188,144.48321533203125,135.69708251953125,137.64955139160156,3336276
2022-04-04,133.74459838867188,133.74459838867188,138.62579345703125,132.7683563232422,136.67330932617188,3405419
2022-04-05,132.7683563232422,132.7683563232422,137.64955139160156,132.7683563232422,133.74459838867188,3255353
2022-04-06,129.8396453857422,129.8396453857422,135.69708251953125,124.95845794677734,132.7683563232422,6750915
2022-04-07,127.88716888427734,127.88716888427734,128.8634033203125,123.0059814453125,128.8634033203125,3827960
2022-04-08,130.81588745117188,130.81588745117188,137.64955139160156,125.9346923828125,128.8634033203125,9388080
2022-04-11,127.88716888427734,127.88716888427734,136.67330932617188,126.91093444824219,131.79212951660156,3545754
2022-04-12,123.98222351074219,123.98222351074219,132.7683563232422,123.0059814453125,126.91093444824219,4611068
2022-04-13,122.02974700927734,122.02974700927734,130.81588745117188,121.05350494384766,130.81588745117188,6451808
2022-04-14,130.81588745117188,130.81588745117188,133.74459838867188,122.02974700927734,124.95845794677734,9001903
2022-04-18,129.8396453857422,129.8396453857422,132.7683563232422,124.95845794677734,130.81588745117188,7775768
2022-04-19,128.8634033203125,128.8634033203125,128.8634033203125,125.9346923828125,126.91093444824219,2225379
2022-04-20,126.91093444824219,126.91093444824219,129.8396453857422,123.98222351074219,129.8396453857422,2938832
2022-04-21,127.88716888427734,127.88716888427734,127.88716888427734,121.05350494384766,125.9346923828125,3010024
2022-04-22,123.98222351074219,123.98222351074219,127.88716888427734,123.0059814453125,123.98222351074219,2366738
2022-04-25,118.12479400634766,118.12479400634766,123.98222351074219,116.17231750488281,123.98222351074219,4186991
2022-04-26,116.17231750488281,116.17231750488281,122.02974700927734,116.17231750488281,118.12479400634766,3100678
2022-04-27,126.91093444824219,126.91093444824219,128.8634033203125,115.19607543945312,116.17231750488281,4861007
2022-04-28,129.8396453857422,129.8396453857422,129.8396453857422,125.9346923828125,128.8634033203125,4521950
2022-05-09,128.8634033203125,128.8634033203125,130.81588745117188,126.91093444824219,129.8396453857422,2867641
2022-05-10,126.91093444824219,126.91093444824219,129.8396453857422,120.0772705078125,127.88716888427734,2607970
2022-05-11,127.88716888427734,127.88716888427734,130.81588745117188,123.0059814453125,130.81588745117188,1464806
2022-05-12,119.10102844238281,119.10102844238281,127.88716888427734,119.10102844238281,127.88716888427734,3271743
2022-05-13,123.0059814453125,123.0059814453125,123.98222351074219,118.12479400634766,123.0059814453125,3036145
2022-05-17,123.98222351074219,123.98222351074219,123.98222351074219,120.0772705078125,123.0059814453125,2034340
2022-05-18,123.0059814453125,123.0059814453125,123.0059814453125,118.12479400634766,121.05350494384766,2300668
2022-05-19,118.12479400634766,118.12479400634766,122.02974700927734,115.19607543945312,122.02974700927734,3497098
2022-05-20,114.21984100341797,114.21984100341797,126.91093444824219,113.24359893798828,121.05350494384766,12323839
2022-05-23,123.98222351074219,123.98222351074219,127.88716888427734,114.21984100341797,114.21984100341797,10340204
2022-05-24,129.8396453857422,129.8396453857422,137.64955139160156,124.95845794677734,124.95845794677734,11673383
2022-05-25,121.05350494384766,121.05350494384766,132.7683563232422,121.05350494384766,132.7683563232422,5975489
2022-05-27,113.24359893798828,113.24359893798828,121.05350494384766,113.24359893798828,121.05350494384766,14764330
2022-05-30,112.26736450195312,112.26736450195312,113.24359893798828,109.33865356445312,113.24359893798828,6637725
2022-05-31,111.29112243652344,111.29112243652344,112.26736450195312,107.38617706298828,112.26736450195312,4639237
2022-06-02,112.26736450195312,112.26736450195312,116.17231750488281,109.33865356445312,112.26736450195312,2446637
2022-06-03,113.24359893798828,113.24359893798828,114.21984100341797,110.31488800048828,112.26736450195312,1591312
2022-06-06,123.0059814453125,123.0059814453125,127.88716888427734,110.31488800048828,113.24359893798828,35074440
2022-06-07,143.50697326660156,143.50697326660156,147.41192626953125,126.91093444824219,126.91093444824219,30613950
2022-06-08,133.74459838867188,133.74459838867188,146.43569946289062,133.74459838867188,143.50697326660156,9580143
2022-06-09,127.88716888427734,127.88716888427734,131.79212951660156,124.95845794677734,124.95845794677734,11743550
2022-06-10,123.0059814453125,123.0059814453125,128.8634033203125,119.10102844238281,127.88716888427734,8065144
2022-06-13,127.88716888427734,127.88716888427734,135.69708251953125,120.0772705078125,123.98222351074219,13358935
2022-06-14,127.88716888427734,127.88716888427734,129.8396453857422,123.98222351074219,127.88716888427734,2635627
2022-06-15,128.8634033203125,128.8634033203125,131.79212951660156,124.95845794677734,125.9346923828125,7792157
2022-06-16,129.8396453857422,129.8396453857422,130.81588745117188,124.95845794677734,129.8396453857422,4465612
2022-06-17,127.88716888427734,127.88716888427734,130.81588745117188,126.91093444824219,129.8396453857422,3121165
2022-06-20,129.8396453857422,129.8396453857422,130.81588745117188,126.91093444824219,127.88716888427734,3389542
2022-06-21,129.8396453857422,129.8396453857422,130.81588745117188,125.9346923828125,129.8396453857422,3441271
2022-06-22,129.8396453857422,129.8396453857422,131.79212951660156,125.9346923828125,129.8396453857422,4848715
2022-06-23,128.8634033203125,128.8634033203125,129.8396453857422,125.9346923828125,127.88716888427734,2869689
2022-06-24,129.8396453857422,129.8396453857422,159.1267852783203,126.91093444824219,127.88716888427734,64128832
2022-06-27,136.67330932617188,136.67330932617188,137.64955139160156,126.91093444824219,129.8396453857422,20450444
2022-06-28,143.50697326660156,143.50697326660156,164.0079803466797,136.67330932617188,140.57826232910156,55232947
2022-06-29,136.67330932617188,136.67330932617188,146.43569946289062,133.74459838867188,144.48321533203125,22880692
2022-06-30,127.88716888427734,127.88716888427734,137.64955139160156,127.88716888427734,135.69708251953125,10834960
2022-07-01,129.8396453857422,129.8396453857422,129.8396453857422,119.10102844238281,125.9346923828125,10694626
2022-07-04,128.8634033203125,128.8634033203125,132.7683563232422,123.0059814453125,129.8396453857422,7260524
2022-07-05,125.9346923828125,125.9346923828125,128.8634033203125,124.95845794677734,128.8634033203125,2443051
2022-07-06,123.0059814453125,123.0059814453125,127.88716888427734,119.10102844238281,127.88716888427734,4107092
2022-07-07,123.0059814453125,123.0059814453125,124.95845794677734,119.10102844238281,123.0059814453125,3564192
2022-07-08,123.98222351074219,123.98222351074219,126.91093444824219,121.05350494384766,126.91093444824219,1704502
2022-07-11,122.02974700927734,122.02974700927734,125.9346923828125,121.05350494384766,123.98222351074219,2329350
2022-07-12,121.05350494384766,121.05350494384766,123.98222351074219,117.14855194091797,123.98222351074219,3986732
2022-07-13,120.0772705078125,120.0772705078125,123.0059814453125,118.12479400634766,119.10102844238281,1500146
2022-07-14,123.0059814453125,123.0059814453125,125.9346923828125,119.10102844238281,119.10102844238281,4749866
2022-07-15,123.0059814453125,123.0059814453125,126.91093444824219,122.02974700927734,123.0059814453125,1514487
2022-07-18,121.05350494384766,121.05350494384766,124.95845794677734,118.12479400634766,121.05350494384766,4082508
2022-07-19,117.14855194091797,117.14855194091797,121.05350494384766,115.19607543945312,121.05350494384766,4052802
2022-07-20,114.21984100341797,114.21984100341797,119.10102844238281,111.29112243652344,117.14855194091797,6926077
2022-07-21,117.14855194091797,117.14855194091797,118.12479400634766,113.24359893798828,113.24359893798828,1346495
2022-07-22,111.29112243652344,111.29112243652344,118.12479400634766,109.33865356445312,118.12479400634766,19755941
2022-07-25,115.19607543945312,115.19607543945312,115.19607543945312,111.29112243652344,111.29112243652344,2011804
2022-07-26,118.12479400634766,118.12479400634766,118.12479400634766,112.26736450195312,116.17231750488281,5594947
2022-07-27,112.26736450195312,112.26736450195312,117.14855194091797,110.31488800048828,117.14855194091797,11046487
2022-07-28,112.26736450195312,112.26736450195312,113.24359893798828,108.36241149902344,112.26736450195312,3290181
2022-07-29,114.21984100341797,114.21984100341797,115.19607543945312,109.33865356445312,115.19607543945312,3717843
2022-08-01,114.21984100341797,114.21984100341797,116.17231750488281,111.29112243652344,116.17231750488281,2786718
2022-08-02,111.29112243652344,111.29112243652344,116.17231750488281,110.31488800048828,114.21984100341797,2219745
2022-08-03,111.29112243652344,111.29112243652344,117.14855194091797,109.33865356445312,111.29112243652344,4457929
2022-08-04,113.24359893798828,113.24359893798828,115.19607543945312,110.31488800048828,114.21984100341797,3940637
2022-08-05,114.21984100341797,114.21984100341797,116.17231750488281,112.26736450195312,112.26736450195312,2425125
2022-08-08,113.24359893798828,113.24359893798828,116.17231750488281,110.31488800048828,114.21984100341797,5227721
2022-08-09,115.19607543945312,115.19607543945312,115.19607543945312,111.29112243652344,113.24359893798828,1841251
2022-08-10,112.26736450195312,112.26736450195312,116.17231750488281,111.29112243652344,114.21984100341797,3329618
2022-08-11,112.26736450195312,112.26736450195312,115.19607543945312,110.31488800048828,114.21984100341797,2267889
2022-08-12,112.26736450195312,112.26736450195312,114.21984100341797,111.29112243652344,111.29112243652344,1585166
2022-08-15,121.05350494384766,121.05350494384766,125.9346923828125,111.29112243652344,111.29112243652344,11733307
2022-08-16,117.14855194091797,117.14855194091797,125.9346923828125,117.14855194091797,122.02974700927734,4705819
2022-08-18,119.10102844238281,119.10102844238281,123.0059814453125,117.14855194091797,118.12479400634766,3683528
2022-08-19,120.0772705078125,120.0772705078125,121.05350494384766,115.19607543945312,119.10102844238281,2563924
2022-08-22,121.05350494384766,121.05350494384766,122.02974700927734,118.12479400634766,120.0772705078125,4813887
2022-08-23,123.98222351074219,123.98222351074219,127.88716888427734,121.05350494384766,121.05350494384766,10027268
2022-08-24,123.0059814453125,123.0059814453125,127.88716888427734,122.02974700927734,124.95845794677734,5556022
2022-08-25,123.0059814453125,123.0059814453125,124.95845794677734,121.05350494384766,123.98222351074219,1789522
2022-08-26,124.95845794677734,124.95845794677734,125.9346923828125,120.0772705078125,121.05350494384766,5332204
2022-08-29,127.88716888427734,127.88716888427734,132.7683563232422,122.02974700927734,125.9346923828125,11522805
2022-08-30,126.91093444824219,126.91093444824219,130.81588745117188,126.91093444824219,129.8396453857422,4663821
2022-08-31,126.91093444824219,126.91093444824219,129.8396453857422,122.02974700927734,126.91093444824219,2385688
2022-09-01,126.91093444824219,126.91093444824219,127.88716888427734,123.98222351074219,124.95845794677734,3056631
2022-09-02,142.53074645996094,142.53074645996094,153.2693634033203,125.9346923828125,125.9346923828125,52841113
2022-09-05,143.50697326660156,143.50697326660156,150.34063720703125,139.60202026367188,142.53074645996094,13322571
2022-09-06,136.67330932617188,136.67330932617188,143.50697326660156,134.72084045410156,142.53074645996094,13364569
2022-09-07,142.53074645996094,142.53074645996094,146.43569946289062,135.69708251953125,136.67330932617188,6854886
2022-09-08,142.53074645996094,142.53074645996094,149.36441040039062,140.57826232910156,144.48321533203125,8253110
2022-09-09,142.53074645996094,142.53074645996094,144.48321533203125,138.62579345703125,142.53074645996094,6119921
2022-09-12,141.55450439453125,141.55450439453125,148.38816833496094,140.57826232910156,142.53074645996094,10656213
2022-09-13,146.43569946289062,146.43569946289062,147.41192626953125,139.60202026367188,141.55450439453125,11035731
2022-09-14,151.31687927246094,151.31687927246094,163.03173828125,142.53074645996094,146.43569946289062,36211458
2022-09-15,188.41392517089844,188.41392517089844,188.41392517089844,147.41192626953125,151.31687927246094,34176093
2022-09-16,235.27334594726562,235.27334594726562,235.27334594726562,198.17630004882812,205.0099639892578,134220350
2022-09-19,219.65353393554688,219.65353393554688,263.5842590332031,219.65353393554688,253.82186889648438,87055619
2022-09-20,225.51097106933594,225.51097106933594,243.083251953125,205.0099639892578,219.65353393554688,39989738
2022-09-21,232.34463500976562,232.34463500976562,246.9882049560547,222.58226013183594,226.48719787597656,18443761
2022-09-22,238.20205688476562,238.20205688476562,259.6792907714844,229.41592407226562,232.34463500976562,33659826
2022-09-23,239.1782989501953,239.1782989501953,251.869384765625,233.3208770751953,240.154541015625,16659360
2022-09-26,222.58226013183594,222.58226013183594,242.1070098876953,222.58226013183594,240.154541015625,23053805
2022-09-27,218.67730712890625,218.67730712890625,228.43968200683594,208.9149169921875,220.62977600097656,9620605
2022-09-28,205.9862060546875,205.9862060546875,225.51097106933594,205.9862060546875,218.67730712890625,9806010
2022-09-29,192.31887817382812,192.31887817382812,216.72482299804688,192.31887817382812,205.9862060546875,23191067
2022-09-30,179.62777709960938,179.62777709960938,190.36639404296875,179.62777709960938,190.36639404296875,18464248
2022-10-03,178.65155029296875,178.65155029296875,193.2951202392578,167.91293334960938,179.62777709960938,24218480
2022-10-04,181.58026123046875,181.58026123046875,193.2951202392578,170.84164428710938,181.58026123046875,11121264
2022-10-05,183.53273010253906,183.53273010253906,188.41392517089844,178.65155029296875,182.55650329589844,7968856
2022-10-06,185.48521423339844,185.48521423339844,191.34263610839844,183.53273010253906,183.53273010253906,7156554
2022-10-07,184.50897216796875,184.50897216796875,187.43768310546875,180.60401916503906,185.48521423339844,5229770
2022-10-10,175.7228240966797,175.7228240966797,185.48521423339844,175.7228240966797,184.50897216796875,6576777
2022-10-11,164.0079803466797,164.0079803466797,174.74659729003906,164.0079803466797,174.74659729003906,13381471
2022-10-12,161.0792694091797,161.0792694091797,168.88916015625,153.2693634033203,162.0554962158203,28454640
2022-10-13,162.0554962158203,162.0554962158203,166.9366912841797,156.1980743408203,162.0554962158203,5435662
2022-10-14,168.88916015625,168.88916015625,173.77035522460938,161.0792694091797,163.03173828125,3371104
2022-10-17,169.8654022216797,169.8654022216797,175.7228240966797,166.9366912841797,168.88916015625,5942710
2022-10-18,162.0554962158203,162.0554962158203,171.81788635253906,158.15054321289062,169.8654022216797,5767036
2022-10-19,164.0079803466797,164.0079803466797,165.96044921875,153.2693634033203,162.0554962158203,1726525
2022-10-20,205.0099639892578,205.0099639892578,205.0099639892578,164.9842071533203,164.9842071533203,51487959
2022-10-21,191.34263610839844,191.34263610839844,225.51097106933594,191.34263610839844,214.77235412597656,49547346
2022-10-24,187.43768310546875,187.43768310546875,199.1525421142578,180.60401916503906,193.2951202392578,15577657
2022-10-25,181.58026123046875,181.58026123046875,191.34263610839844,178.65155029296875,190.36639404296875,9161188
2022-10-26,203.0574951171875,203.0574951171875,205.0099639892578,181.58026123046875,184.50897216796875,17133117
2022-10-27,204.0337371826172,204.0337371826172,207.93869018554688,198.17630004882812,205.0099639892578,8949150
2022-10-28,204.0337371826172,204.0337371826172,221.60601806640625,201.10501098632812,204.0337371826172,7266158
2022-10-31,203.0574951171875,203.0574951171875,209.8911590576172,194.27134704589844,204.0337371826172,6239769
2022-11-01,197.2000732421875,197.2000732421875,207.93869018554688,192.31887817382812,205.0099639892578,6123507
2022-11-02,198.17630004882812,198.17630004882812,199.1525421142578,194.27134704589844,197.2000732421875,1536510
2022-11-03,205.0099639892578,205.0099639892578,212.8198699951172,197.2000732421875,202.0812530517578,10557364
2022-11-04,200.1287841796875,200.1287841796875,210.86740112304688,196.2238311767578,205.0099639892578,6129140
2022-11-07,194.27134704589844,194.27134704589844,204.0337371826172,190.36639404296875,200.1287841796875,5159602
2022-11-08,195.24758911132812,195.24758911132812,197.2000732421875,192.31887817382812,196.2238311767578,2102458
2022-11-09,195.24758911132812,195.24758911132812,196.2238311767578,190.36639404296875,194.27134704589844,1950344
2022-11-10,189.39016723632812,189.39016723632812,195.24758911132812,188.41392517089844,195.24758911132812,2452783
2022-11-11,193.2951202392578,193.2951202392578,193.2951202392578,179.62777709960938,191.34263610839844,3285059
2022-11-14,198.17630004882812,198.17630004882812,214.77235412597656,195.24758911132812,196.2238311767578,8015976
2022-11-15,190.36639404296875,190.36639404296875,203.0574951171875,187.43768310546875,197.2000732421875,7821863
2022-11-16,181.58026123046875,181.58026123046875,195.24758911132812,178.65155029296875,195.24758911132812,7276402
2022-11-17,168.88916015625,168.88916015625,180.60401916503906,168.88916015625,180.60401916503906,1039705
2022-11-18,173.77035522460938,173.77035522460938,179.62777709960938,157.17431640625,157.17431640625,42974666
2022-11-21,162.0554962158203,162.0554962158203,177.67530822753906,162.0554962158203,173.77035522460938,8590630
2022-11-22,165.96044921875,165.96044921875,165.96044921875,151.31687927246094,162.0554962158203,30844426
2022-11-23,164.0079803466797,164.0079803466797,168.88916015625,157.17431640625,167.91293334960938,10625483
2022-11-24,161.0792694091797,161.0792694091797,165.96044921875,157.17431640625,163.03173828125,2717062
2022-11-25,161.0792694091797,161.0792694091797,164.0079803466797,156.1980743408203,161.0792694091797,9691284
2022-11-28,158.15054321289062,158.15054321289062,160.10302734375,154.24559020996094,160.10302734375,5857178
2022-11-29,156.1980743408203,156.1980743408203,158.15054321289062,156.1980743408203,158.15054321289062,3549851
2022-11-30,145.45945739746094,145.45945739746094,164.0079803466797,145.45945739746094,157.17431640625,19189993
2022-12-01,155.22183227539062,155.22183227539062,155.22183227539062,135.69708251953125,146.43569946289062,13140751
2022-12-02,166.9366912841797,166.9366912841797,166.9366912841797,146.43569946289062,155.22183227539062,8525585
2022-12-05,165.96044921875,165.96044921875,166.9366912841797,156.1980743408203,165.96044921875,11273378
2022-12-06,156.1980743408203,156.1980743408203,164.0079803466797,156.1980743408203,164.0079803466797,3863812
2022-12-07,147.41192626953125,147.41192626953125,156.1980743408203,147.41192626953125,156.1980743408203,7294840
2022-12-08,154.24559020996094,154.24559020996094,154.24559020996094,147.41192626953125,147.41192626953125,3300937
2022-12-09,155.22183227539062,155.22183227539062,156.1980743408203,152.29312133789062,154.24559020996094,1134969
2022-12-12,154.24559020996094,154.24559020996094,160.10302734375,149.36441040039062,155.22183227539062,2674040
2022-12-13,154.24559020996094,154.24559020996094,155.22183227539062,151.31687927246094,155.22183227539062,901419
2022-12-14,146.43569946289062,146.43569946289062,158.15054321289062,146.43569946289062,152.29312133789062,1700405
2022-12-15,146.43569946289062,146.43569946289062,153.2693634033203,142.53074645996094,146.43569946289062,3331667
2022-12-16,146.43569946289062,146.43569946289062,147.41192626953125,141.55450439453125,144.48321533203125,7834155
2022-12-19,143.50697326660156,143.50697326660156,148.38816833496094,141.55450439453125,146.43569946289062,3222062
2022-12-20,133.74459838867188,133.74459838867188,143.50697326660156,133.74459838867188,143.50697326660156,9057730
2022-12-21,136.67330932617188,136.67330932617188,138.62579345703125,124.95845794677734,124.95845794677734,20032513
2022-12-22,131.79212951660156,131.79212951660156,136.67330932617188,127.88716888427734,136.67330932617188,9606776
2022-12-23,133.74459838867188,133.74459838867188,137.64955139160156,125.9346923828125,135.69708251953125,6220307
2022-12-26,136.67330932617188,136.67330932617188,136.67330932617188,125.9346923828125,125.9346923828125,4878421
2022-12-27,138.62579345703125,138.62579345703125,138.62579345703125,129.8396453857422,129.8396453857422,1080679
2022-12-28,136.67330932617188,136.67330932617188,138.62579345703125,132.7683563232422,133.74459838867188,2494781
2022-12-29,137.64955139160156,137.64955139160156,139.60202026367188,133.74459838867188,133.74459838867188,1153919
2022-12-30,135.69708251953125,135.69708251953125,140.57826232910156,135.69708251953125,137.64955139160156,3253817
2023-01-02,148.38816833496094,148.38816833496094,148.38816833496094,136.67330932617188,136.67330932617188,8129165
2023-01-03,158.15054321289062,158.15054321289062,163.03173828125,158.15054321289062,163.03173828125,100489332
2023-01-04,149.36441040039062,149.36441040039062,159.1267852783203,147.41192626953125,159.1267852783203,24999028
2023-01-05,152.29312133789062,152.29312133789062,154.24559020996094,139.60202026367188,139.60202026367188,16247063
2023-01-06,142.53074645996094,142.53074645996094,154.24559020996094,142.53074645996094,152.29312133789062,23480443
2023-01-09,132.7683563232422,132.7683563232422,143.50697326660156,132.7683563232422,132.7683563232422,37522101
2023-01-10,146.0,146.0,146.0,127.0,127.0,15541600
2023-01-11,146.0,146.0,160.0,136.0,160.0,12702900
2023-01-12,160.0,160.0,160.0,136.0,146.0,14343400
2023-01-13,149.0,149.0,150.0,149.0,150.0,1202700
2023-01-16,139.0,139.0,139.0,139.0,139.0,209000
2023-01-17,130.0,130.0,130.0,130.0,130.0,216500
2023-01-18,121.0,121.0,121.0,121.0,121.0,740400
2023-01-19,120.0,120.0,129.0,113.0,113.0,171065800
2023-01-20,112.0,112.0,122.0,112.0,112.0,126226200
2023-01-24,116.0,116.0,119.0,105.0,112.0,54926500
2023-01-25,120.0,120.0,124.0,113.0,117.0,26550900
2023-01-26,129.0,129.0,130.0,119.0,120.0,35093600
2023-01-27,130.0,130.0,134.0,123.0,129.0,29257500
2023-01-30,123.0,123.0,132.0,121.0,131.0,14877000
2023-01-31,123.0,123.0,125.0,116.0,122.0,17676400
2023-02-01,122.0,122.0,126.0,119.0,122.0,5892300
2023-02-02,120.0,120.0,122.0,118.0,122.0,4388800
2023-02-03,121.0,121.0,121.0,116.0,120.0,6778000
2023-02-06,120.0,120.0,122.0,117.0,121.0,3162100
2023-02-07,116.0,116.0,120.0,116.0,120.0,6839100
2023-02-08,119.0,119.0,119.0,108.0,117.0,13086700
2023-02-09,120.0,120.0,129.0,117.0,129.0,5377700
2023-02-10,117.0,117.0,122.0,117.0,120.0,3566900
2023-02-13,115.0,115.0,119.0,115.0,118.0,6400900
2023-02-14,118.0,118.0,119.0,111.0,116.0,32824000
2023-02-15,114.0,114.0,120.0,114.0,117.0,2412600
2023-02-16,118.0,118.0,118.0,107.0,107.0,4551200
2023-02-17,115.0,115.0,118.0,115.0,118.0,3936300
2023-02-20,113.0,113.0,117.0,107.0,107.0,6002000
2023-02-21,115.0,115.0,117.0,113.0,115.0,9851900
2023-02-22,117.0,117.0,118.0,114.0,115.0,8409500
2023-02-23,116.0,116.0,127.0,116.0,127.0,3296100
2023-02-24,118.0,118.0,118.0,114.0,116.0,6087700
2023-02-27,117.0,117.0,118.0,115.0,118.0,2133000
2023-02-28,116.0,116.0,117.0,113.0,117.0,12055900
2023-03-01,114.0,114.0,117.0,110.0,115.0,9629300
2023-03-02,116.0,116.0,117.0,114.0,114.0,14096500
2023-03-03,114.0,114.0,116.0,108.0,108.0,5039900
2023-03-06,115.0,115.0,118.0,115.0,115.0,5586000
2023-03-07,116.0,116.0,117.0,114.0,115.0,7985000
2023-03-08,115.0,115.0,118.0,115.0,116.0,4071600
2023-03-09,115.0,115.0,117.0,114.0,116.0,7720900
2023-03-10,116.0,116.0,117.0,109.0,116.0,19335400
2023-03-13,118.0,118.0,118.0,115.0,115.0,9834100
2023-03-14,119.0,119.0,122.0,117.0,119.0,16649400
2023-03-15,119.0,119.0,129.0,117.0,129.0,8511500
2023-03-16,117.0,117.0,119.0,111.0,111.0,20455000
2023-03-17,115.0,115.0,117.0,114.0,115.0,9035800
2023-03-20,115.0,115.0,117.0,114.0,114.0,8674200
2023-03-21,118.0,118.0,118.0,111.0,111.0,11219200
2023-03-24,117.0,117.0,118.0,115.0,116.0,6026600
2023-03-27,117.0,117.0,117.0,115.0,116.0,5556100
2023-03-28,116.0,116.0,119.0,114.0,116.0,11033000
2023-03-29,118.0,118.0,119.0,112.0,112.0,7342100
2023-03-30,118.0,118.0,126.0,116.0,116.0,10426700
2023-03-31,129.0,129.0,129.0,118.0,118.0,96244700
2023-04-03,128.0,128.0,132.0,124.0,130.0,39590100
2023-04-04,126.0,126.0,129.0,124.0,124.0,7822200
2023-04-05,138.0,138.0,138.0,126.0,126.0,50617100
2023-04-06,147.0,147.0,150.0,136.0,137.0,44314800
2023-04-10,161.0,161.0,161.0,144.0,148.0,44982600
2023-04-11,177.0,177.0,177.0,160.0,162.0,69194700
2023-04-12,174.0,174.0,184.0,171.0,180.0,34785400
2023-04-13,162.0,162.0,174.0,162.0,174.0,42501400
2023-04-14,151.0,151.0,162.0,151.0,162.0,21414400
2023-04-17,166.0,166.0,166.0,141.0,150.0,16906400
2023-04-18,166.0,166.0,191.0,159.0,180.0,191838600
2023-04-26,180.0,180.0,180.0,166.0,166.0,66091700
2023-04-27,179.0,179.0,183.0,172.0,181.0,54974900
2023-04-28,170.0,170.0,182.0,170.0,179.0,95239000
2023-05-02,159.0,159.0,168.0,159.0,160.0,64860200
2023-05-03,160.0,160.0,161.0,151.0,151.0,42578100
2023-05-04,161.0,161.0,165.0,160.0,160.0,17826700
2023-05-05,153.0,153.0,162.0,150.0,159.0,27318300
2023-05-08,150.0,150.0,155.0,147.0,150.0,17937000
2023-05-09,151.0,151.0,153.0,148.0,148.0,6718600
2023-05-10,153.0,153.0,155.0,148.0,148.0,35771800
2023-05-11,153.0,153.0,158.0,151.0,151.0,42617900
2023-05-12,150.0,150.0,154.0,149.0,150.0,6823300
2023-05-15,150.0,150.0,154.0,149.0,149.0,74484400
2023-05-16,161.0,161.0,163.0,150.0,152.0,99855300
2023-05-17,155.0,155.0,164.0,155.0,163.0,55261700
2023-05-19,147.0,147.0,155.0,145.0,155.0,22785500
2023-05-22,142.0,142.0,150.0,138.0,150.0,34547200
2023-05-23,149.0,149.0,152.0,139.0,139.0,91082600
2023-05-24,144.0,144.0,150.0,143.0,149.0,6612100
2023-05-25,140.0,140.0,145.0,139.0,141.0,11924900
2023-05-26,142.0,142.0,144.0,139.0,140.0,5237000
2023-05-29,147.0,147.0,148.0,142.0,143.0,97348300
2023-05-30,151.0,151.0,157.0,147.0,148.0,80871900
2023-05-31,151.0,151.0,154.0,149.0,151.0,11395600
2023-06-05,160.0,160.0,162.0,152.0,152.0,38521300
2023-06-06,159.0,159.0,163.0,155.0,161.0,65497500
2023-06-07,159.0,159.0,160.0,156.0,159.0,33415500
2023-06-08,165.0,165.0,166.0,159.0,161.0,37169900
2023-06-09,163.0,163.0,167.0,163.0,165.0,6032300
2023-06-12,164.0,164.0,165.0,160.0,163.0,52847400
2023-06-13,163.0,163.0,167.0,163.0,164.0,36510100
2023-06-14,146.0,146.0,164.0,145.0,163.0,54874500
2023-06-15,149.0,149.0,150.0,145.0,146.0,5292400
2023-06-16,150.0,150.0,151.0,146.0,149.0,58496400
2023-06-19,146.0,146.0,150.0,145.0,150.0,34211500
2023-06-20,148.0,148.0,150.0,146.0,146.0,2838100
2023-06-21,157.0,157.0,160.0,149.0,150.0,33266100
2023-06-22,155.0,155.0,159.0,153.0,157.0,61672900
2023-06-23,148.0,148.0,156.0,147.0,155.0,43555000
2023-06-26,148.0,148.0,152.0,145.0,148.0,8087000
2023-06-27,143.0,143.0,150.0,140.0,150.0,19503400
2023-07-03,140.0,140.0,147.0,138.0,143.0,66812700
2023-07-04,145.0,145.0,145.0,139.0,141.0,33455200
2023-07-05,145.0,145.0,149.0,143.0,145.0,19236500
2023-07-06,144.0,144.0,146.0,143.0,145.0,1718300
2023-07-07,141.0,141.0,144.0,140.0,143.0,51550400
2023-07-10,141.0,141.0,142.0,139.0,141.0,28370100
2023-07-11,143.0,143.0,144.0,140.0,141.0,7404000
2023-07-12,144.0,144.0,145.0,141.0,143.0,5523000
2023-07-13,146.0,146.0,146.0,139.0,144.0,53637700
2023-07-14,139.0,139.0,146.0,138.0,145.0,41805000
2023-07-17,133.0,133.0,140.0,132.0,140.0,67460700
2023-07-18,133.0,133.0,134.0,125.0,132.0,50602900
2023-07-20,138.0,138.0,139.0,133.0,134.0,63646800
2023-07-21,136.0,136.0,140.0,134.0,139.0,31058700
2023-07-24,136.0,136.0,136.0,134.0,136.0,2302300
2023-07-25,143.0,143.0,154.0,136.0,137.0,49457700
2023-07-26,151.0,151.0,152.0,141.0,143.0,77623300
2023-07-27,152.0,152.0,155.0,144.0,153.0,67126000
2023-07-28,159.0,159.0,163.0,150.0,153.0,32873500
2023-07-31,158.0,158.0,162.0,149.0,160.0,58841200
2023-08-01,161.0,161.0,166.0,152.0,158.0,154151900
2023-08-02,163.0,163.0,170.0,158.0,162.0,104177000
2023-08-03,159.0,159.0,164.0,158.0,163.0,16749000
2023-08-04,158.0,158.0,164.0,158.0,160.0,8580400
2023-08-07,167.0,167.0,170.0,151.0,158.0,42564600
2023-08-08,172.0,172.0,176.0,164.0,167.0,38217100
2023-08-09,196.0,196.0,202.0,173.0,173.0,93035100
2023-08-10,188.0,188.0,202.0,186.0,197.0,40898000
2023-08-11,195.0,195.0,199.0,185.0,188.0,72614800
2023-08-14,193.0,193.0,198.0,187.0,196.0,24202800
2023-08-15,208.0,208.0,212.0,193.0,193.0,78531000
2023-08-16,212.0,212.0,224.0,204.0,208.0,123243400
2023-08-18,187.0,187.0,216.0,187.0,212.0,89039400
2023-08-21,191.0,191.0,194.0,173.0,187.0,39656500
2023-08-22,191.0,191.0,197.0,188.0,192.0,127095800
2023-08-23,208.0,208.0,208.0,189.0,191.0,71715000
2023-08-24,198.0,198.0,210.0,194.0,210.0,99800700
2023-08-25,202.0,202.0,204.0,198.0,198.0,10185000
2023-08-28,222.0,222.0,222.0,202.0,202.0,123474500
2023-08-29,238.0,238.0,246.0,220.0,224.0,67610400
2023-08-30,260.0,260.0,286.0,238.0,240.0,206206500
2023-08-31,224.0,224.0,264.0,222.0,262.0,120249700
2023-09-01,220.0,220.0,238.0,212.0,230.0,135288000
2023-09-04,208.0,208.0,222.0,202.0,218.0,85043000
2023-09-05,216.0,216.0,216.0,199.0,206.0,139112000
2023-09-06,206.0,206.0,224.0,206.0,220.0,109218400
2023-09-07,208.0,208.0,214.0,202.0,208.0,75868300
2023-09-08,204.0,204.0,212.0,202.0,210.0,22029200
2023-09-11,210.0,210.0,216.0,200.0,204.0,102256000
2023-09-12,199.0,199.0,212.0,197.0,197.0,109182100
2023-09-13,190.0,190.0,204.0,189.0,200.0,168396800
2023-09-14,194.0,194.0,202.0,188.0,190.0,59443300
2023-09-15,200.0,200.0,210.0,192.0,195.0,72843600
2023-09-18,202.0,202.0,208.0,198.0,198.0,82987000
2023-09-19,198.0,198.0,208.0,198.0,208.0,84657200
2023-09-20,194.0,194.0,204.0,194.0,200.0,27191200
2023-09-21,181.0,181.0,197.0,175.0,195.0,101514000
2023-09-22,193.0,193.0,197.0,173.0,173.0,127317800
2023-09-25,194.0,194.0,202.0,186.0,195.0,82363800
2023-09-26,184.0,184.0,196.0,180.0,195.0,71378000
2023-09-27,186.0,186.0,191.0,181.0,184.0,92224900
2023-09-29,185.0,185.0,186.0,180.0,186.0,52723100
2023-10-02,186.0,186.0,190.0,181.0,185.0,66429900
2023-10-03,184.0,184.0,187.0,183.0,186.0,66786800
2023-10-04,171.0,171.0,184.0,169.0,183.0,157959900
2023-10-05,168.0,168.0,176.0,162.0,171.0,186710900
2023-10-06,171.0,171.0,173.0,166.0,168.0,117012100
2023-10-09,169.0,169.0,171.0,165.0,171.0,10651900
2023-10-10,191.0,191.0,195.0,169.0,171.0,135236900
2023-10-11,179.0,179.0,195.0,175.0,192.0,118636700
2023-10-12,182.0,182.0,185.0,176.0,179.0,89708800
2023-10-13,191.0,191.0,191.0,181.0,182.0,156228900
2023-10-16,181.0,181.0,195.0,177.0,191.0,159949700
2023-10-17,184.0,184.0,187.0,181.0,182.0,169588100
2023-10-18,185.0,185.0,188.0,183.0,186.0,135409200
2023-10-19,166.0,166.0,187.0,166.0,186.0,55693700
2023-10-20,159.0,159.0,168.0,145.0,166.0,216587600
2023-10-23,162.0,162.0,165.0,152.0,159.0,64927400
2023-10-24,150.0,150.0,165.0,148.0,163.0,154773800
2023-10-25,151.0,151.0,154.0,144.0,151.0,124448400
2023-10-26,144.0,144.0,151.0,140.0,150.0,160632600
2023-10-27,152.0,152.0,153.0,139.0,144.0,94213500
2023-10-30,130.0,130.0,155.0,130.0,152.0,70484500
2023-10-31,131.0,131.0,138.0,129.0,131.0,121285500
2023-11-01,135.0,135.0,143.0,129.0,131.0,117599400
2023-11-02,136.0,136.0,141.0,135.0,137.0,48093600
2023-11-03,140.0,140.0,141.0,132.0,139.0,191212300
2023-11-06,136.0,136.0,146.0,135.0,141.0,180425900
2023-11-07,135.0,135.0,142.0,134.0,136.0,202240400
2023-11-08,137.0,137.0,137.0,134.0,136.0,179184000
2023-11-09,146.0,146.0,149.0,135.0,137.0,165278800
2023-11-10,140.0,140.0,146.0,139.0,146.0,75917200
2023-11-13,135.0,135.0,141.0,135.0,140.0,227871400
2023-11-14,151.0,151.0,152.0,135.0,135.0,159770200
2023-11-15,150.0,150.0,153.0,142.0,151.0,167299900
2023-11-16,149.0,149.0,157.0,147.0,151.0,182268700
2023-11-17,136.0,136.0,153.0,135.0,150.0,196399700
2023-11-20,134.0,134.0,139.0,132.0,138.0,109648000
2023-11-21,138.0,138.0,141.0,133.0,135.0,112175600
2023-11-22,133.0,133.0,141.0,132.0,138.0,167897600
2023-11-23,135.0,135.0,137.0,133.0,134.0,163027900
2023-11-24,136.0,136.0,141.0,134.0,136.0,157681800
2023-11-27,141.0,141.0,143.0,137.0,137.0,161925000
2023-11-28,137.0,137.0,143.0,136.0,142.0,81483600
2023-11-29,138.0,138.0,141.0,135.0,137.0,179251000
2023-11-30,143.0,143.0,144.0,136.0,139.0,186097100
2023-12-01,138.0,138.0,147.0,136.0,144.0,172186500
2023-12-04,141.0,141.0,142.0,136.0,138.0,162569800
2023-12-05,138.0,138.0,143.0,137.0,142.0,159122500
2023-12-06,138.0,138.0,141.0,137.0,139.0,162978300
2023-12-07,137.0,137.0,139.0,135.0,138.0,193684400
2023-12-08,135.0,135.0,140.0,135.0,139.0,167304700
2023-12-11,133.0,133.0,140.0,133.0,137.0,109918600
2023-12-12,134.0,134.0,136.0,132.0,134.0,184226200
2023-12-13,138.0,138.0,140.0,134.0,135.0,171891400
2023-12-14,135.0,135.0,140.0,135.0,139.0,163955100
2023-12-15,138.0,138.0,141.0,134.0,135.0,160219700
2023-12-18,136.0,136.0,139.0,134.0,138.0,194919600
2023-12-19,137.0,137.0,139.0,134.0,136.0,86769900
2023-12-20,144.0,144.0,145.0,138.0,138.0,106089400
2023-12-21,156.0,156.0,166.0,142.0,144.0,306544400
2023-12-22,154.0,154.0,162.0,151.0,157.0,99149400
2023-12-27,165.0,165.0,174.0,154.0,155.0,173417400
2023-12-28,146.0,146.0,167.0,141.0,166.0,119198000
2023-12-29,137.0,137.0,148.0,136.0,146.0,97410100
2024-01-02,140.0,140.0,141.0,136.0,137.0,107530500
2024-01-03,136.0,136.0,142.0,136.0,141.0,133373900
2024-01-04,138.0,138.0,140.0,135.0,136.0,120175900
2024-01-05,139.0,139.0,141.0,136.0,138.0,164704800
2024-01-08,144.0,144.0,150.0,139.0,139.0,133820000
2024-01-09,143.0,143.0,146.0,139.0,144.0,146363700
2024-01-10,143.0,143.0,149.0,141.0,144.0,88307300
2024-01-11,142.0,142.0,145.0,139.0,145.0,132143500
2024-01-12,140.0,140.0,143.0,139.0,143.0,111514300
2024-01-15,141.0,141.0,144.0,139.0,140.0,133087300
2024-01-16,137.0,137.0,141.0,137.0,141.0,36571600
2024-01-17,138.0,138.0,140.0,136.0,137.0,156633400
2024-01-18,140.0,140.0,141.0,137.0,138.0,135948500
2024-01-19,142.0,142.0,145.0,139.0,142.0,115922700
2024-01-22,142.0,142.0,145.0,140.0,143.0,133610500
2024-01-23,140.0,140.0,143.0,138.0,142.0,180835400
2024-01-24,143.0,143.0,147.0,139.0,140.0,112511500
2024-01-25,142.0,142.0,146.0,141.0,144.0,136354600
2024-01-26,139.0,139.0,144.0,139.0,141.0,99195600
2024-01-29,141.0,141.0,143.0,139.0,140.0,111757700
2024-01-30,144.0,144.0,145.0,141.0,141.0,119829200
2024-01-31,146.0,146.0,148.0,143.0,144.0,138568000
2024-02-01,141.0,141.0,153.0,140.0,147.0,110700200
2024-02-02,140.0,140.0,145.0,140.0,142.0,176868000
2024-02-05,143.0,143.0,144.0,139.0,140.0,162185000
2024-02-06,142.0,142.0,145.0,141.0,142.0,180410800
2024-02-07,141.0,141.0,144.0,140.0,142.0,110586600
2024-02-12,147.0,147.0,148.0,141.0,141.0,149252400
2024-02-13,147.0,147.0,148.0,145.0,147.0,161069200
2024-02-15,148.0,148.0,153.0,147.0,149.0,183099700
2024-02-16,153.0,153.0,153.0,148.0,148.0,161330900
2024-02-19,153.0,153.0,158.0,151.0,153.0,230776100
2024-02-20,147.0,147.0,157.0,143.0,153.0,106030700
2024-02-21,145.0,145.0,148.0,142.0,148.0,168953600
2024-02-22,151.0,151.0,152.0,145.0,146.0,156895900
2024-02-23,148.0,148.0,154.0,148.0,151.0,190787200
2024-02-26,153.0,153.0,153.0,148.0,149.0,133354100
2024-02-27,116.0,116.0,153.0,100.0,153.0,356919800
2024-02-28,100.0,100.0,119.0,97.0,117.0,120369200
2024-02-29,119.0,119.0,119.0,92.0,100.0,34600300
2024-03-01,119.0,119.0,119.0,119.0,119.0,0
2024-03-04,119.0,119.0,119.0,119.0,119.0,0
2024-03-05,119.0,119.0,119.0,119.0,119.0,0
2024-03-06,119.0,119.0,119.0,119.0,119.0,0
2024-03-07,119.0,119.0,119.0,119.0,119.0,0
2024-03-08,119.0,119.0,119.0,119.0,119.0,0
2024-03-13,119.0,119.0,119.0,119.0,119.0,0
2024-03-14,119.0,119.0,119.0,119.0,119.0,0
2024-03-15,119.0,119.0,119.0,119.0,119.0,0
2024-03-18,119.0,119.0,119.0,119.0,119.0,0
2024-03-19,119.0,119.0,119.0,119.0,119.0,0
2024-03-20,119.0,119.0,119.0,119.0,119.0,0
2024-03-21,119.0,119.0,119.0,119.0,119.0,0
2024-03-22,119.0,119.0,119.0,119.0,119.0,0
2024-03-25,119.0,119.0,119.0,119.0,119.0,0
2024-03-26,119.0,119.0,119.0,119.0,119.0,0
2024-03-27,119.0,119.0,119.0,119.0,119.0,0
2024-03-28,119.0,119.0,119.0,119.0,119.0,0
2024-04-01,106.0,106.0,121.0,100.0,119.0,12360900
2024-04-02,112.0,112.0,113.0,102.0,106.0,18977900
2024-04-03,118.0,118.0,120.0,109.0,113.0,14801600
2024-04-04,116.0,116.0,120.0,114.0,118.0,4511900
2024-04-05,118.0,118.0,118.0,113.0,115.0,2374300
2024-04-16,116.0,116.0,119.0,111.0,113.0,25903400
2024-04-17,122.0,122.0,122.0,114.0,116.0,70381500
2024-04-18,126.0,126.0,128.0,122.0,122.0,87480500
2024-04-19,122.0,122.0,128.0,114.0,127.0,90853800
2024-04-22,127.0,127.0,130.0,121.0,122.0,78352200
2024-04-23,127.0,127.0,129.0,122.0,128.0,82477700
2024-04-24,124.0,124.0,128.0,123.0,128.0,63134800
2024-04-25,126.0,126.0,128.0,125.0,127.0,117975700
2024-04-26,124.0,124.0,128.0,124.0,126.0,65483000
2024-04-29,125.0,125.0,127.0,123.0,125.0,64410800
2024-04-30,122.0,122.0,127.0,122.0,125.0,45233800
2024-05-02,120.0,120.0,125.0,118.0,123.0,236859400
2024-05-03,122.0,122.0,124.0,121.0,121.0,149200300
2024-05-06,125.0,125.0,127.0,122.0,122.0,93551900
2024-05-07,133.0,133.0,133.0,124.0,126.0,116793200
2024-05-08,135.0,135.0,140.0,132.0,134.0,111647900
2024-05-13,132.0,132.0,137.0,125.0,135.0,125643300
2024-05-14,136.0,136.0,138.0,132.0,133.0,44959100
2024-05-15,136.0,136.0,140.0,135.0,138.0,134354600
2024-05-16,138.0,138.0,139.0,136.0,138.0,88082900
2024-05-17,136.0,136.0,140.0,135.0,139.0,139515500
2024-05-20,140.0,140.0,143.0,136.0,137.0,124465600
2024-05-21,143.0,143.0,145.0,140.0,141.0,139735400
2024-05-22,147.0,147.0,147.0,143.0,145.0,157171500
2024-05-27,148.0,148.0,150.0,143.0,145.0,120422500
2024-05-28,139.0,139.0,148.0,139.0,148.0,134746800
2024-05-29,113.0,113.0,140.0,109.0,140.0,179317200
2024-05-30,109.0,109.0,114.0,95.0,113.0,49894500
2024-05-31,119.0,119.0,119.0,100.0,109.0,8099100
2024-06-03,119.0,119.0,119.0,119.0,119.0,0
2024-06-04,119.0,119.0,119.0,119.0,119.0,0
2024-06-05,119.0,119.0,119.0,119.0,119.0,0
2024-06-06,119.0,119.0,119.0,119.0,119.0,0
2024-06-07,119.0,119.0,119.0,119.0,119.0,0
2024-06-10,119.0,119.0,119.0,119.0,119.0,0
2024-06-11,119.0,119.0,119.0,119.0,119.0,0
2024-06-12,119.0,119.0,119.0,119.0,119.0,0
2024-06-13,119.0,119.0,119.0,119.0,119.0,0
2024-06-14,119.0,119.0,119.0,119.0,119.0,0
2024-06-19,119.0,119.0,119.0,119.0,119.0,0
2024-06-20,119.0,119.0,119.0,119.0,119.0,0
2024-06-21,119.0,119.0,119.0,119.0,119.0,0
2024-06-24,119.0,119.0,119.0,119.0,119.0,0
2024-06-25,119.0,119.0,119.0,119.0,119.0,0
2024-06-26,119.0,119.0,119.0,119.0,119.0,0
2024-06-27,119.0,119.0,119.0,119.0,119.0,0
2024-06-28,119.0,119.0,119.0,119.0,119.0,0
2024-07-01,110.0,110.0,119.0,100.0,114.0,123043100
2024-07-02,110.0,110.0,115.0,107.0,110.0,31037200
2024-07-03,120.0,120.0,123.0,109.0,110.0,58233000
2024-07-04,130.0,130.0,133.0,119.0,121.0,46659200
2024-07-05,123.0,123.0,135.0,123.0,132.0,57775200
2024-07-08,121.0,121.0,125.0,120.0,123.0,69947000
2024-07-09,122.0,122.0,125.0,119.0,122.0,49016400
2024-07-10,120.0,120.0,125.0,119.0,122.0,50133600
2024-07-11,122.0,122.0,123.0,118.0,120.0,40007300
2024-07-12,122.0,122.0,123.0,119.0,123.0,40623300
2024-07-15,125.0,125.0,128.0,120.0,122.0,58661400
2024-07-16,123.0,123.0,126.0,122.0,122.0,38204200
2024-07-17,130.0,130.0,131.0,123.0,123.0,78434000
2024-07-18,133.0,133.0,136.0,128.0,130.0,45491900
2024-07-19,130.0,130.0,134.0,128.0,133.0,45415700
2024-07-22,124.0,124.0,131.0,124.0,130.0,21204700
2024-07-23,128.0,128.0,128.0,122.0,126.0,25778700
2024-07-24,128.0,128.0,130.0,126.0,128.0,45351800
2024-07-25,128.0,128.0,129.0,127.0,129.0,40951100
2024-07-26,127.0,127.0,129.0,122.0,128.0,21810000
2024-07-29,128.0,128.0,131.0,127.0,128.0,164979100
2024-07-30,129.0,129.0,132.0,128.0,129.0,141935000
2024-07-31,130.0,130.0,132.0,128.0,130.0,216190700
2024-08-01,131.0,131.0,134.0,129.0,130.0,139495200
2024-08-02,130.0,130.0,132.0,122.0,132.0,167615300
2024-08-05,122.0,122.0,130.0,121.0,130.0,168862700
2024-08-06,124.0,124.0,126.0,121.0,121.0,179339300
2024-08-07,126.0,126.0,128.0,123.0,123.0,175325100
2024-08-08,131.0,131.0,132.0,117.0,128.0,143255800
2024-08-09,132.0,132.0,137.0,129.0,135.0,133413600
2024-08-12,134.0,134.0,135.0,132.0,132.0,126192900
2024-08-13,135.0,135.0,142.0,134.0,134.0,108268900
2024-08-14,135.0,135.0,138.0,133.0,136.0,208804400
2024-08-15,137.0,137.0,141.0,133.0,135.0,99460200
2024-08-16,138.0,138.0,140.0,136.0,137.0,123699700
2024-08-19,139.0,139.0,140.0,137.0,140.0,128086900
2024-08-20,141.0,141.0,142.0,138.0,138.0,176286800
2024-08-21,141.0,141.0,143.0,140.0,141.0,84440600
2024-08-22,140.0,140.0,144.0,139.0,141.0,151937400
2024-08-23,139.0,139.0,140.0,132.0,139.0,119477300
2024-08-26,141.0,141.0,143.0,139.0,139.0,226257500
2024-08-27,140.0,140.0,143.0,139.0,141.0,153864200
2024-08-28,143.0,143.0,144.0,138.0,140.0,287518100
2024-08-29,143.0,143.0,145.0,141.0,143.0,162886200
2024-08-30,144.0,144.0,148.0,143.0,143.0,189721900
2024-09-02,148.0,148.0,148.0,143.0,144.0,191175300
2024-09-03,151.0,151.0,157.0,148.0,149.0,237246800
2024-09-04,138.0,138.0,151.0,133.0,151.0,152323900
2024-09-05,139.0,139.0,141.0,136.0,138.0,204825800
2024-09-06,141.0,141.0,142.0,139.0,140.0,132174800
2024-09-09,139.0,139.0,145.0,139.0,145.0,178031600
2024-09-10,141.0,141.0,143.0,139.0,139.0,74219900
2024-09-11,143.0,143.0,144.0,139.0,141.0,259577500
2024-09-12,147.0,147.0,148.0,143.0,143.0,103291400
2024-09-13,148.0,148.0,151.0,143.0,147.0,269766800
2024-09-17,144.0,144.0,152.0,141.0,149.0,144766800
2024-09-18,147.0,147.0,150.0,143.0,146.0,238146400
2024-09-19,153.0,153.0,153.0,148.0,149.0,126232400
2024-09-20,156.0,156.0,156.0,152.0,154.0,231793000
2024-09-23,157.0,157.0,160.0,153.0,156.0,208033000
2024-09-24,156.0,156.0,160.0,153.0,158.0,180838900
2024-09-25,158.0,158.0,161.0,155.0,156.0,156706200
2024-09-26,146.0,146.0,160.0,141.0,158.0,123961700
2024-09-27,139.0,139.0,147.0,133.0,147.0,119135900
2024-09-30,138.0,138.0,138.0,126.0,138.0,72535400
2024-10-01,138.0,138.0,138.0,138.0,138.0,0
2024-10-02,138.0,138.0,138.0,138.0,138.0,0
2024-10-03,138.0,138.0,138.0,138.0,138.0,0
2024-10-04,138.0,138.0,138.0,138.0,138.0,0
2024-10-07,138.0,138.0,138.0,138.0,138.0,0
2024-10-08,138.0,138.0,138.0,138.0,138.0,0
2024-10-09,138.0,138.0,138.0,138.0,138.0,0
2024-10-10,138.0,138.0,138.0,138.0,138.0,0
2024-10-11,138.0,138.0,138.0,138.0,138.0,0
2024-10-14,138.0,138.0,138.0,138.0,138.0,0
2024-10-15,138.0,138.0,138.0,138.0,138.0,0
2024-10-16,138.0,138.0,138.0,138.0,138.0,0
2024-10-17,138.0,138.0,138.0,138.0,138.0,0
2024-10-18,138.0,138.0,138.0,138.0,138.0,0
2024-10-21,138.0,138.0,138.0,138.0,138.0,0
2024-10-22,138.0,138.0,138.0,138.0,138.0,0
2024-10-23,138.0,138.0,138.0,138.0,138.0,0
2024-10-24,138.0,138.0,138.0,138.0,138.0,0
2024-10-25,138.0,138.0,138.0,138.0,138.0,0
2024-10-28,138.0,138.0,138.0,138.0,138.0,0
2024-10-29,138.0,138.0,138.0,138.0,138.0,0
2024-10-30,138.0,138.0,138.0,138.0,138.0,0
2024-10-31,138.0,138.0,138.0,138.0,138.0,0
2024-11-01,132.0,132.0,142.0,125.0,138.0,20634400
2024-11-04,129.0,129.0,134.0,121.0,132.0,75372000
2024-11-05,133.0,133.0,134.0,127.0,130.0,80747100
2024-11-06,134.0,134.0,134.0,130.0,133.0,88510200
2024-11-07,135.0,135.0,136.0,125.0,136.0,164184300
2024-11-08,134.0,134.0,139.0,132.0,138.0,34645100
2024-11-11,135.0,135.0,136.0,128.0,134.0,24632800
2024-11-12,137.0,137.0,139.0,130.0,135.0,92685800
2024-11-13,134.0,134.0,137.0,133.0,137.0,157358300
2024-11-14,127.0,127.0,136.0,127.0,134.0,28576700
2024-11-15,128.0,128.0,130.0,124.0,127.0,93618300
2024-11-18,131.0,131.0,133.0,124.0,128.0,126510300
2024-11-19,133.0,133.0,135.0,128.0,131.0,110233200
2024-11-20,135.0,135.0,137.0,134.0,134.0,120664700
2024-11-21,133.0,133.0,137.0,133.0,136.0,78800100
2024-11-22,133.0,133.0,137.0,131.0,133.0,85681300
2024-11-25,130.0,130.0,134.0,130.0,133.0,131618500
2024-11-26,132.0,132.0,133.0,126.0,130.0,158629700
2024-11-28,136.0,136.0,136.0,129.0,132.0,106764000
2024-11-29,136.0,136.0,136.0,134.0,135.0,93057900
2024-12-02,141.0,141.0,143.0,136.0,136.0,194232700
2024-12-03,143.0,143.0,147.0,141.0,141.0,97038500
2024-12-04,145.0,145.0,156.0,143.0,144.0,154556600
2024-12-05,141.0,141.0,151.0,140.0,145.0,153808700
2024-12-06,143.0,143.0,146.0,141.0,142.0,140740100
2024-12-09,145.0,145.0,150.0,140.0,142.0,94839400
2024-12-10,148.0,148.0,150.0,145.0,149.0,107250800
2024-12-11,144.0,144.0,148.0,143.0,147.0,150163800
2024-12-12,145.0,145.0,145.0,140.0,144.0,73640200
2024-12-13,143.0,143.0,147.0,143.0,145.0,95852700
2024-12-16,140.0,140.0,143.0,139.0,143.0,117223600
2024-12-17,145.0,145.0,145.0,140.0,140.0,71384200
2024-12-18,147.0,147.0,148.0,143.0,145.0,197257500
2024-12-19,145.0,145.0,148.0,143.0,147.0,187305800
2024-12-20,142.0,142.0,146.0,141.0,146.0,59093500
2024-12-23,133.0,133.0,142.0,126.0,142.0,119667500
2024-12-24,139.0,139.0,140.0,130.0,133.0,147373000
2024-12-27,143.0,143.0,146.0,137.0,139.0,193861600
2024-12-30,141.0,141.0,143.0,132.0,143.0,39418000
2025-01-02,143.0,143.0,146.0,139.0,141.0,146640300
2025-01-03,149.0,149.0,149.0,143.0,143.0,198467100
2025-01-06,146.0,146.0,153.0,146.0,149.0,166007200
2025-01-07,150.0,150.0,150.0,143.0,147.0,100493200
2025-01-08,150.0,150.0,151.0,148.0,150.0,105278200
2025-01-09,146.0,146.0,151.0,145.0,150.0,168685000
2025-01-10,150.0,150.0,150.0,146.0,146.0,146184400
2025-01-13,148.0,148.0,152.0,147.0,150.0,39990400
2025-01-14,145.0,145.0,148.0,144.0,148.0,40671500
2025-01-15,136.0,136.0,147.0,133.0,147.0,176383400
2025-01-16,137.0,137.0,140.0,136.0,136.0,22607200
2025-01-17,139.0,139.0,142.0,138.0,138.0,61029000
2025-01-20,135.0,135.0,140.0,134.0,139.0,103109500
2025-01-21,135.0,135.0,139.0,134.0,137.0,85690000
2025-01-22,130.0,130.0,138.0,125.0,136.0,78238900
2025-01-23,131.0,131.0,135.0,131.0,131.0,91981000
2025-01-24,133.0,133.0,134.0,130.0,132.0,142023500
2025-01-30,135.0,135.0,137.0,131.0,135.0,7462800
2025-01-31,139.0,139.0,142.0,135.0,135.0,70593300
2025-02-03,136.0,136.0,141.0,128.0,141.0,2310500
2025-02-04,139.0,139.0,141.0,135.0,136.0,170690700
2025-02-05,150.0,150.0,155.0,139.0,139.0,93789600
2025-02-06,147.0,147.0,151.0,143.0,150.0,63043100
2025-02-07,147.0,147.0,150.0,141.0,147.0,128432400
2025-02-10,144.0,144.0,149.0,142.0,149.0,147837100
2025-02-11,144.0,144.0,148.0,143.0,145.0,72632600
2025-02-12,141.0,141.0,146.0,140.0,145.0,115181100
2025-02-13,137.0,137.0,143.0,136.0,142.0,59873800
2025-02-14,128.0,128.0,138.0,125.0,137.0,117853900
2025-02-17,132.0,132.0,135.0,128.0,128.0,131266800
2025-02-18,132.0,132.0,136.0,129.0,132.0,65790600
2025-02-19,133.0,133.0,134.0,129.0,132.0,53269400
2025-02-20,136.0,136.0,136.0,132.0,133.0,175339200
2025-02-21,136.0,136.0,141.0,136.0,136.0,90232900
2025-02-24,129.0,129.0,140.0,129.0,140.0,36660300
2025-02-25,123.0,123.0,133.0,122.0,133.0,89682500
2025-02-26,127.0,127.0,128.0,123.0,123.0,61753500
2025-02-27,131.0,131.0,131.0,123.0,127.0,35753500
2025-02-28,125.0,125.0,132.0,124.0,132.0,8169000
2025-03-03,125.0,125.0,129.0,124.0,125.0,35629900
2025-03-04,121.0,121.0,125.0,119.0,125.0,129025200
2025-03-05,128.0,128.0,128.0,120.0,120.0,134376300
2025-03-06,128.0,128.0,131.0,125.0,128.0,51945900
2025-03-07,130.0,130.0,131.0,120.0,128.0,49228300
2025-03-10,128.0,128.0,131.0,126.0,130.0,53370500
2025-03-11,126.0,126.0,128.0,123.0,127.0,99741700
2025-03-12,123.0,123.0,129.0,122.0,126.0,62035500
2025-03-13,117.0,117.0,125.0,117.0,124.0,168860600
2025-03-14,122.0,122.0,124.0,117.0,119.0,104482000
2025-03-17,124.0,124.0,125.0,121.0,122.0,57440800
2025-03-18,124.0,124.0,127.0,120.0,125.0,66030800
2025-03-19,119.0,119.0,131.0,118.0,123.0,90904500
2025-03-20,123.0,123.0,124.0,119.0,119.0,116700100
2025-03-21,120.0,120.0,124.0,119.0,123.0,163623100
2025-03-24,116.0,116.0,122.0,109.0,119.0,31759400
2025-03-25,125.0,125.0,126.0,118.0,118.0,158435400
2025-03-26,127.0,127.0,130.0,123.0,126.0,91422800
2025-03-27,127.0,127.0,130.0,125.0,128.0,217458100
2025-04-08,115.0,115.0,126.0,112.0,126.0,63504500
2025-04-09,103.0,103.0,120.0,102.0,120.0,51535200
2025-04-10,115.0,115.0,117.0,98.0,103.0,248793100
2025-04-11,115.0,115.0,123.0,112.0,115.0,72597800
2025-04-14,117.0,117.0,133.0,115.0,127.0,79759400
2025-04-15,127.0,127.0,127.0,115.0,118.0,342674900
2025-04-16,123.0,123.0,128.0,121.0,127.0,154221600
2025-04-17,125.0,125.0,127.0,120.0,123.0,138034900
2025-04-21,123.0,123.0,128.0,119.0,128.0,83843700
2025-04-22,135.0,135.0,135.0,122.0,123.0,320265500
2025-04-23,138.0,138.0,145.0,135.0,135.0,231740400
2025-04-24,143.0,143.0,147.0,135.0,135.0,112091100
2025-04-25,145.0,145.0,148.0,143.0,146.0,78500500
2025-04-28,139.0,139.0,147.0,131.0,145.0,267986800
2025-04-29,140.0,140.0,142.0,139.0,140.0,122144100
2025-04-30,144.0,144.0,147.0,140.0,140.0,58907500
2025-05-02,144.0,144.0,148.0,141.0,144.0,57208800
2025-05-05,139.0,139.0,146.0,139.0,144.0,272204600
2025-05-06,141.0,141.0,144.0,139.0,141.0,72213600
2025-05-07,137.0,137.0,142.0,135.0,142.0,50432300
2025-05-08,138.0,138.0,138.0,130.0,138.0,102251700
2025-05-09,143.0,143.0,144.0,130.0,139.0,255072100
2025-05-14,135.0,135.0,147.0,133.0,145.0,152343600
2025-05-15,133.0,133.0,139.0,132.0,136.0,142129700
2025-05-16,132.0,132.0,135.0,130.0,134.0,61795700
2025-05-19,143.0,143.0,145.0,133.0,133.0,277628500
2025-05-20,146.0,146.0,148.0,139.0,143.0,244815600
2025-05-21,142.0,142.0,147.0,140.0,147.0,56725800
2025-05-22,143.0,143.0,147.0,141.0,142.0,56261400
2025-05-23,142.0,142.0,150.0,140.0,146.0,118867200
2025-05-26,140.0,140.0,144.0,140.0,144.0,132669900
2025-05-27,145.0,145.0,146.0,141.0,141.0,76377100
2025-05-28,139.0,139.0,145.0,137.0,145.0,74736200
2025-06-02,145.0,145.0,146.0,137.0,141.0,242200600
2025-06-03,145.0,145.0,147.0,139.0,145.0,75221900
2025-06-04,146.0,146.0,149.0,144.0,145.0,85598200
2025-06-05,145.0,145.0,149.0,141.0,146.0,21811300
2025-06-10,158.0,158.0,165.0,141.0,145.0,253520800
2025-06-11,165.0,165.0,169.0,156.0,157.0,184259200
2025-06-12,192.0,192.0,202.0,164.0,165.0,190770500
2025-06-13,179.0,179.0,196.0,168.0,193.0,62717100
2025-06-16,187.0,187.0,208.0,178.0,186.0,285467300
2025-06-17,184.0,184.0,192.0,179.0,188.0,148708300
2025-06-18,198.0,198.0,208.0,185.0,185.0,208176100
2025-06-19,187.0,187.0,202.0,184.0,194.0,54122800
2025-06-20,190.0,190.0,195.0,179.0,189.0,321128300
2025-06-23,191.0,191.0,191.0,179.0,188.0,64704300
2025-06-24,206.0,206.0,218.0,189.0,193.0,245606600
2025-06-25,191.0,191.0,208.0,186.0,206.0,55722200
2025-06-26,189.0,189.0,198.0,183.0,189.0,230965300
2025-06-30,189.0,189.0,189.0,189.0,189.0,0
2025-07-01,189.0,189.0,189.0,189.0,189.0,0
2025-07-02,189.0,189.0,189.0,189.0,189.0,0
2025-07-03,183.0,183.0,202.0,162.0,170.0,246080200
2025-07-04,178.0,178.0,183.0,171.0,183.0,94353800
2025-07-07,172.0,172.0,178.0,168.0,178.0,149171900
2025-07-08,177.0,177.0,183.0,172.0,172.0,78238100
2025-07-09,178.0,178.0,184.0,173.0,177.0,320430700
2025-07-10,175.0,175.0,182.0,173.0,180.0,77738200
2025-07-11,169.0,169.0,177.0,164.0,177.0,95621000
2025-07-14,169.0,169.0,171.0,164.0,166.0,59565600
2025-07-15,176.0,176.0,176.0,165.0,169.0,267936800
2025-07-16,189.0,189.0,190.0,175.0,176.0,205174600
2025-07-17,178.0,178.0,189.0,173.0,189.0,131820200
2025-07-18,190.0,190.0,194.0,175.0,180.0,67581100
2025-07-21,197.0,197.0,206.0,183.0,190.0,362402200
2025-07-22,191.0,191.0,199.0,189.0,197.0,22251800
2025-07-23,191.0,191.0,194.0,182.0,191.0,79347200
2025-07-24,195.0,195.0,196.0,186.0,191.0,60031600
2025-07-25,206.0,206.0,206.0,189.0,192.0,344080400
2025-07-28,216.0,216.0,234.0,200.0,206.0,160840800
2025-07-29,200.0,200.0,218.0,199.0,216.0,335126000
2025-07-30,200.0,200.0,202.0,194.0,202.0,110197800
2025-07-31,170.0,170.0,202.0,170.0,198.0,373142500
2025-08-01,147.0,147.0,169.0,145.0,169.0,230928300
2025-08-04,190.0,190.0,195.0,141.0,149.0,281187800
2025-08-05,200.0,200.0,210.0,184.0,193.0,168292400
2025-08-06,208.0,208.0,210.0,197.0,202.0,264971800
2025-08-07,206.0,206.0,228.0,190.0,206.0,338868600
2025-08-08,197.0,197.0,208.0,183.0,208.0,125040800
2025-08-11,188.0,188.0,198.0,187.0,198.0,29642900
2025-08-12,198.0,198.0,204.0,190.0,190.0,362899400
2025-08-13,191.0,191.0,200.0,186.0,198.0,98197100
2025-08-14,193.0,193.0,198.0,190.0,192.0,196363600
2025-08-15,191.0,191.0,195.0,189.0,194.0,13489800
2025-08-19,206.0,206.0,214.0,192.0,193.0,277909800
2025-08-20,206.0,206.0,218.0,194.0,206.0,218917500
2025-08-21,204.0,204.0,216.0,200.0,206.0,124901900
2025-08-22,222.0,222.0,230.0,202.0,204.0,105525400
2025-08-25,206.0,206.0,238.0,206.0,226.0,379823200
2025-08-26,256.0,256.0,256.0,210.0,210.0,266895400
2025-08-27,246.0,246.0,298.0,240.0,282.0,389077000
2025-08-28,248.0,248.0,270.0,240.0,252.0,149634000
2025-08-29,238.0,238.0,258.0,228.0,248.0,340349600
2025-09-01,244.0,244.0,252.0,218.0,230.0,180442900
2025-09-02,248.0,248.0,256.0,242.0,248.0,134574900
2025-09-03,248.0,248.0,252.0,242.0,248.0,100688900
2025-09-04,246.0,246.0,270.0,240.0,258.0,435716300
2025-09-08,250.0,250.0,280.0,246.0,254.0,352981100
2025-09-09,250.0,250.0,258.0,240.0,250.0,153561800
2025-09-10,250.0,250.0,254.0,246.0,250.0,79531200
2025-09-11,280.0,280.0,282.0,252.0,252.0,507989400
2025-09-12,264.0,264.0,276.0,256.0,276.0,256088200
2025-09-15,266.0,266.0,270.0,254.0,264.0,83398200
2025-09-16,258.0,258.0,272.0,256.0,264.0,120569000
2025-09-17,256.0,256.0,270.0,256.0,262.0,275577600
2025-09-18,252.0,252.0,262.0,246.0,260.0,144997300
2025-09-19,240.0,240.0,260.0,240.0,254.0,82630500
2025-09-22,240.0,240.0,244.0,228.0,240.0,99832100
2025-09-23,248.0,248.0,250.0,236.0,242.0,260172000
2025-09-24,236.0,236.0,250.0,236.0,250.0,97743400
2025-09-25,230.0,230.0,244.0,228.0,240.0,144161100
2025-09-26,228.0,228.0,240.0,222.0,232.0,36279500
2025-09-29,228.0,228.0,236.0,222.0,234.0,287022800
2025-09-30,234.0,234.0,242.0,226.0,232.0,87650600
2025-10-01,244.0,244.0,258.0,232.0,244.0,268329200
2025-10-02,240.0,240.0,246.0,236.0,246.0,26603300
2025-10-03,250.0,250.0,254.0,236.0,240.0,311806400
2025-10-06,258.0,258.0,262.0,250.0,256.0,155613400
2025-10-07,304.0,304.0,308.0,258.0,260.0,429443300
2025-10-08,300.0,300.0,356.0,296.0,310.0,602031700
2025-10-09,286.0,286.0,308.0,280.0,304.0,314096100
2025-10-10,300.0,300.0,318.0,282.0,286.0,169847400
2025-10-13,304.0,304.0,328.0,280.0,296.0,230697700
2025-10-14,286.0,286.0,312.0,280.0,308.0,102470400
2025-10-15,292.0,292.0,308.0,286.0,292.0,355405900
2025-10-16,286.0,286.0,300.0,284.0,294.0,101362600
2025-10-17,276.0,276.0,292.0,274.0,290.0,76594700
2025-10-20,278.0,278.0,284.0,274.0,278.0,31741400
2025-10-21,286.0,286.0,288.0,278.0,278.0,249750200
2025-10-22,276.0,276.0,290.0,274.0,288.0,52063700
2025-10-23,266.0,266.0,276.0,264.0,276.0,37181400
2025-10-24,258.0,258.0,270.0,256.0,268.0,63728400
2025-10-27,220.0,220.0,248.0,220.0,238.0,208117800
2025-10-28,216.0,216.0,224.0,189.0,208.0,177974800
2025-10-29,214.0,214.0,232.0,204.0,218.0,379895400
2025-10-30,204.0,204.0,220.0,202.0,214.0,58984500
2025-10-31,200.0,200.0,206.0,198.0,204.0,40758100
2025-11-03,204.0,204.0,206.0,197.0,198.0,51978200
2025-11-04,208.0,208.0,218.0,202.0,206.0,306558900
2025-11-05,202.0,202.0,208.0,202.0,208.0,26888400
2025-11-06,216.0,216.0,218.0,202.0,204.0,111974600
2025-11-07,212.0,212.0,220.0,208.0,218.0,91065900
2025-11-10,226.0,226.0,228.0,210.0,212.0,336137000
2025-11-11,228.0,228.0,238.0,220.0,230.0,124760600
2025-11-12,218.0,218.0,228.0,214.0,228.0,112822300
2025-11-13,214.0,214.0,218.0,208.0,218.0,30774200
2025-11-14,220.0,220.0,228.0,208.0,214.0,313945500
2025-11-17,216.0,216.0,224.0,214.0,220.0,47948100
2025-11-18,212.0,212.0,218.0,210.0,218.0,110179500
2025-11-19,216.0,216.0,224.0,208.0,212.0,75044300
2025-11-20,236.0,236.0,242.0,218.0,218.0,463152300
2025-11-21,238.0,238.0,254.0,236.0,238.0,228059500
2025-11-24,234.0,234.0,244.0,232.0,240.0,63688000
2025-11-25,230.0,230.0,238.0,228.0,236.0,34482200
2025-11-26,236.0,236.0,244.0,230.0,230.0,347149600
2025-11-27,232.0,232.0,238.0,228.0,236.0,43653400
2025-11-28,224.0,224.0,234.0,222.0,234.0,32161500
2025-12-01,220.0,220.0,228.0,216.0,226.0,31816300
2025-12-02,236.0,236.0,246.0,218.0,220.0,337576300
2025-12-03,222.0,222.0,236.0,220.0,236.0,81685700
2025-12-04,220.0,220.0,224.0,216.0,224.0,30477600
2025-12-05,224.0,224.0,228.0,218.0,226.0,30677100
2025-12-08,232.0,232.0,236.0,226.0,226.0,246475400
2025-12-09,226.0,226.0,232.0,224.0,232.0,111357500
2025-12-10,224.0,224.0,232.0,224.0,232.0,74530200
2025-12-11,224.0,224.0,234.0,222.0,228.0,42679400
2025-12-12,226.0,226.0,238.0,226.0,228.0,172150200
2025-12-15,230.0,230.0,238.0,224.0,230.0,136797200
2025-12-16,252.0,252.0,260.0,224.0,230.0,299397500
2025-12-17,242.0,242.0,286.0,240.0,262.0,392356200
2025-12-18,234.0,234.0,254.0,234.0,248.0,83339000
2025-12-19,258.0,258.0,276.0,240.0,264.0,256754200
2025-12-22,250.0,250.0,262.0,246.0,258.0,111398100
2025-12-23,246.0,246.0,252.0,240.0,252.0,40983400
2025-12-24,242.0,242.0,248.0,238.0,246.0,90152500
2025-12-29,260.0,260.0,260.0,242.0,244.0,66564200
2025-12-30,264.0,264.0,272.0,260.0,266.0,125311900
