Date,Adj Close,Close,High,Low,Open,Volume
2020-01-02,7.738065719604492,7.744079113006592,7.886171817779541,7.459893226623535,7.459893226623535,32373
2020-01-03,7.738065719604492,7.744079113006592,7.744079113006592,7.744079113006592,7.744079113006592,0
2020-01-06,6.744185447692871,6.74942684173584,6.74942684173584,6.74942684173584,6.74942684173584,378624
2020-01-07,6.957159042358398,6.962565898895264,7.1046600341796875,6.678380012512207,6.678380012512207,61931
2020-01-08,7.880047798156738,7.886171817779541,7.886171817779541,6.252099990844727,6.252099990844727,1128836
2020-01-09,7.880047798156738,7.886171817779541,7.886171817779541,7.886171817779541,7.886171817779541,0
2020-01-10,7.880047798156738,7.886171817779541,7.886171817779541,7.886171817779541,7.886171817779541,0
2020-01-13,7.383108139038086,7.388845920562744,7.388845920562744,7.317799091339111,7.388845920562744,39410
2020-01-14,7.383108139038086,7.388845920562744,7.388845920562744,7.388845920562744,7.388845920562744,0
2020-01-15,7.383108139038086,7.388845920562744,7.388845920562744,6.5362868309021,6.962565898895264,23927
2020-01-16,7.099142551422119,7.1046600341796875,7.1046600341796875,6.39419412612915,6.962565898895264,1651029
2020-01-17,6.744185447692871,6.74942684173584,7.1046600341796875,6.74942684173584,7.1046600341796875,114009
2020-01-20,7.099142551422119,7.1046600341796875,7.1046600341796875,6.5362868309021,6.74942684173584,171718
2020-01-21,7.099142551422119,7.1046600341796875,7.1046600341796875,6.5362868309021,6.8204731941223145,87266
2020-01-22,6.815176963806152,6.8204731941223145,7.1046600341796875,6.8204731941223145,6.8204731941223145,152012
2020-01-23,6.815176963806152,6.8204731941223145,6.8204731941223145,6.8204731941223145,6.8204731941223145,50670
2020-01-24,7.099142551422119,7.1046600341796875,7.1046600341796875,6.5362868309021,6.5362868309021,150605
2020-01-27,6.886168003082275,6.891520023345947,7.033613204956055,6.891520023345947,7.033613204956055,91489
2020-01-28,6.886168003082275,6.891520023345947,6.891520023345947,6.8204731941223145,6.8204731941223145,242094
2020-01-29,6.67319393157959,6.678380012512207,6.74942684173584,6.678380012512207,6.678380012512207,43633
2020-01-30,6.531210899353027,6.5362868309021,6.678380012512207,6.5362868309021,6.678380012512207,385662
2020-01-31,7.099142551422119,7.1046600341796875,7.1046600341796875,6.39419412612915,6.607333183288574,847331
2020-02-03,6.105262279510498,6.110006809234619,7.033613204956055,6.038960933685303,6.8204731941223145,1551094
2020-02-04,6.744185447692871,6.74942684173584,6.74942684173584,6.252099990844727,6.323146820068359,152012
2020-02-05,6.389228343963623,6.39419412612915,6.39419412612915,6.39419412612915,6.39419412612915,40818
2020-02-06,6.460219383239746,6.465240001678467,6.465240001678467,6.038960933685303,6.39419412612915,199868
2020-02-07,6.460219383239746,6.465240001678467,6.465240001678467,6.465240001678467,6.465240001678467,125269
2020-02-10,6.034271240234375,6.038960933685303,6.678380012512207,5.8258209228515625,6.678380012512207,309655
2020-02-11,6.389228343963623,6.39419412612915,7.1046600341796875,6.038960933685303,6.038960933685303,503894
2020-02-12,6.744185447692871,6.74942684173584,6.891520023345947,6.18105411529541,6.39419412612915,225204
2020-02-13,6.176253795623779,6.18105411529541,6.465240001678467,6.110006809234619,6.465240001678467,1524351
2020-02-14,6.318236827850342,6.323146820068359,7.033613204956055,5.683728218078613,6.252099990844727,170310
2020-02-17,6.602202415466309,6.607333183288574,6.607333183288574,6.323146820068359,6.323146820068359,102749
2020-02-18,5.679314136505127,5.683728218078613,6.39419412612915,5.683728218078613,6.252099990844727,403960
2020-02-19,6.389228343963623,6.39419412612915,7.033613204956055,5.328495025634766,5.328495025634766,296988
2020-02-20,6.105262279510498,6.110006809234619,6.39419412612915,6.110006809234619,6.39419412612915,140752
2020-02-21,5.8212971687316895,5.8258209228515625,5.96791410446167,5.8258209228515625,5.96791410446167,122454
2020-02-24,6.744185447692871,6.74942684173584,7.033613204956055,5.8258209228515625,5.8258209228515625,3254202
2020-02-25,6.744185447692871,6.74942684173584,6.74942684173584,6.038960933685303,6.5362868309021,1925496
2020-02-26,6.460219383239746,6.465240001678467,6.607333183288574,6.39419412612915,6.5362868309021,121047
2020-02-27,6.531210899353027,6.5362868309021,6.5362868309021,5.96791410446167,6.252099990844727,1085203
2020-02-28,6.460219383239746,6.465240001678467,6.5362868309021,5.683728218078613,6.038960933685303,1113353
2020-03-02,6.034271240234375,6.038960933685303,6.038960933685303,6.038960933685303,6.038960933685303,45040
2020-03-03,6.034271240234375,6.038960933685303,6.39419412612915,5.683728218078613,6.038960933685303,679835
2020-03-04,6.389228343963623,6.39419412612915,6.5362868309021,6.39419412612915,6.5362868309021,101341
2020-03-05,6.389228343963623,6.39419412612915,6.39419412612915,6.39419412612915,6.39419412612915,14075
2020-03-06,5.892287254333496,5.896866798400879,6.038960933685303,5.896866798400879,6.038960933685303,302618
2020-03-09,5.892287254333496,5.896866798400879,5.896866798400879,5.896866798400879,5.896866798400879,0
2020-03-10,5.8212971687316895,5.8258209228515625,6.038960933685303,5.8258209228515625,6.038960933685303,684058
2020-03-11,5.892287254333496,5.896866798400879,6.678380012512207,5.683728218078613,5.683728218078613,783992
2020-03-12,5.395348072052002,5.399540901184082,5.896866798400879,5.328495025634766,5.896866798400879,2922025
2020-03-13,5.395348072052002,5.399540901184082,6.962565898895264,5.399540901184082,5.399540901184082,87266
2020-03-16,5.182373046875,5.186400890350342,5.328495025634766,5.186400890350342,5.328495025634766,764287
2020-03-17,5.8212971687316895,5.8258209228515625,6.110006809234619,4.973261833190918,5.044308185577393,1986020
2020-03-18,5.608322620391846,5.612680912017822,5.683728218078613,5.612680912017822,5.683728218078613,22520
2020-03-19,5.324357032775879,5.328495025634766,5.612680912017822,5.328495025634766,5.612680912017822,112602
2020-03-20,5.324357032775879,5.328495025634766,5.470588207244873,5.328495025634766,5.470588207244873,77413
2020-03-23,5.182373046875,5.186400890350342,5.328495025634766,5.186400890350342,5.328495025634766,56301
2020-03-24,4.969399452209473,4.973261833190918,5.186400890350342,4.973261833190918,5.186400890350342,2815
2020-03-26,5.324357032775879,5.328495025634766,5.328495025634766,4.689074993133545,4.973261833190918,30965
2020-03-27,6.034271240234375,6.038960933685303,6.038960933685303,5.186400890350342,5.328495025634766,1347003
2020-03-30,5.679314136505127,5.683728218078613,5.683728218078613,5.683728218078613,5.683728218078613,281505
2020-03-31,5.324357032775879,5.328495025634766,5.399540901184082,5.328495025634766,5.328495025634766,505302
2020-04-01,5.324357032775879,5.328495025634766,5.328495025634766,4.973261833190918,5.044308185577393,456038
2020-04-02,5.324357032775879,5.328495025634766,6.74942684173584,4.973261833190918,4.973261833190918,5630
2020-04-03,5.537330627441406,5.5416340827941895,5.5416340827941895,5.328495025634766,5.328495025634766,199868
2020-04-06,5.182373046875,5.186400890350342,5.612680912017822,5.186400890350342,5.5416340827941895,475744
2020-04-07,5.182373046875,5.186400890350342,5.186400890350342,5.186400890350342,5.186400890350342,705170
2020-04-08,5.324357032775879,5.328495025634766,5.328495025634766,4.831168174743652,4.831168174743652,1423009
2020-04-09,5.324357032775879,5.328495025634766,5.328495025634766,5.257448196411133,5.257448196411133,98526
2020-04-13,4.969399452209473,4.973261833190918,5.257448196411133,4.973261833190918,4.973261833190918,63338
2020-04-14,5.395348072052002,5.399540901184082,6.678380012512207,5.186400890350342,5.5416340827941895,900817
2020-04-15,5.111382961273193,5.115355014801025,5.5416340827941895,5.115355014801025,5.257448196411133,1590505
2020-04-16,5.395348072052002,5.399540901184082,5.399540901184082,5.399540901184082,5.399540901184082,1407
2020-04-17,5.111382961273193,5.115355014801025,5.399540901184082,5.115355014801025,5.399540901184082,14075
2020-04-20,5.253365516662598,5.257448196411133,5.328495025634766,4.973261833190918,5.328495025634766,40818
2020-04-21,4.969399452209473,4.973261833190918,4.973261833190918,4.973261833190918,4.973261833190918,35188
2020-04-22,4.969399452209473,4.973261833190918,4.973261833190918,4.973261833190918,4.973261833190918,42225
2020-04-23,4.969399452209473,4.973261833190918,4.973261833190918,4.973261833190918,4.973261833190918,201276
2020-04-24,5.040390968322754,5.044308185577393,5.115355014801025,4.689074993133545,4.973261833190918,479966
2020-04-27,4.969399452209473,4.973261833190918,4.973261833190918,4.973261833190918,4.973261833190918,3033220
2020-04-28,4.969399452209473,4.973261833190918,4.973261833190918,4.973261833190918,4.973261833190918,29558
2020-04-29,4.969399452209473,4.973261833190918,4.973261833190918,4.973261833190918,4.973261833190918,30965
2020-04-30,4.89840841293335,4.902215003967285,4.902215003967285,4.689074993133545,4.689074993133545,30965
2020-05-04,4.969399452209473,4.973261833190918,4.973261833190918,4.973261833190918,4.973261833190918,698133
2020-05-05,4.969399452209473,4.973261833190918,4.973261833190918,4.973261833190918,4.973261833190918,1566577
2020-05-06,5.040390968322754,5.044308185577393,5.257448196411133,4.973261833190918,5.257448196411133,122454
2020-05-08,4.89840841293335,4.902215003967285,6.607333183288574,4.902215003967285,5.186400890350342,906447
2020-05-11,4.89840841293335,4.902215003967285,4.973261833190918,4.6180291175842285,4.6180291175842285,14075
2020-05-12,4.614442825317383,4.6180291175842285,4.902215003967285,4.6180291175842285,4.6180291175842285,18297
2020-05-13,4.614442825317383,4.6180291175842285,5.044308185577393,4.404889106750488,4.404889106750488,382847
2020-05-14,4.3304762840271,4.333841800689697,4.6180291175842285,4.333841800689697,4.333841800689697,152012
2020-05-15,4.401468753814697,4.404889106750488,4.831168174743652,4.049655914306641,4.049655914306641,59116
2020-05-18,4.89840841293335,4.902215003967285,5.612680912017822,4.120701789855957,4.120701789855957,560195
2020-05-19,5.253365516662598,5.257448196411133,5.257448196411133,4.6180291175842285,4.6180291175842285,123862
2020-05-20,5.253365516662598,5.257448196411133,5.257448196411133,5.257448196411133,5.257448196411133,0
2020-05-26,4.89840841293335,4.902215003967285,6.607333183288574,4.902215003967285,5.257448196411133,229426
2020-05-27,5.324357032775879,5.328495025634766,5.399540901184082,4.973261833190918,5.399540901184082,30965
2020-05-28,5.040390968322754,5.044308185577393,5.328495025634766,5.044308185577393,5.257448196411133,68968
2020-05-29,5.111382961273193,5.115355014801025,5.115355014801025,5.044308185577393,5.044308185577393,30965
2020-06-02,4.969399452209473,4.973261833190918,5.399540901184082,4.973261833190918,5.115355014801025,81636
2020-06-03,5.040390968322754,5.044308185577393,5.683728218078613,5.044308185577393,5.683728218078613,52078
2020-06-04,4.969399452209473,4.973261833190918,4.973261833190918,4.973261833190918,4.973261833190918,35188
2020-06-05,4.969399452209473,4.973261833190918,4.973261833190918,4.760121822357178,4.973261833190918,104156
2020-06-08,4.969399452209473,4.973261833190918,4.973261833190918,4.973261833190918,4.973261833190918,43633
2020-06-09,4.82741641998291,4.831168174743652,4.973261833190918,4.831168174743652,4.973261833190918,18297
2020-06-10,4.614442825317383,4.6180291175842285,4.831168174743652,4.6180291175842285,4.831168174743652,68968
2020-06-11,4.969399452209473,4.973261833190918,4.973261833190918,4.6180291175842285,4.902215003967285,280097
2020-06-12,4.969399452209473,4.973261833190918,4.973261833190918,4.689074993133545,4.689074993133545,40818
2020-06-15,4.82741641998291,4.831168174743652,4.831168174743652,4.831168174743652,4.831168174743652,5630
2020-06-16,4.614442825317383,4.6180291175842285,4.831168174743652,4.6180291175842285,4.831168174743652,1104908
2020-06-17,4.3304762840271,4.333841800689697,4.6180291175842285,4.333841800689697,4.6180291175842285,42225
2020-06-18,4.046511173248291,4.049655914306641,4.404889106750488,4.049655914306641,4.404889106750488,2212632
2020-06-19,4.543450832366943,4.5469818115234375,4.5469818115234375,4.049655914306641,4.333841800689697,651684
2020-06-22,4.3304762840271,4.333841800689697,4.404889106750488,4.333841800689697,4.333841800689697,1484940
2020-06-23,4.259485721588135,4.262795925140381,4.333841800689697,4.049655914306641,4.049655914306641,382847
2020-06-24,4.401468753814697,4.404889106750488,4.404889106750488,4.262795925140381,4.262795925140381,135122
2020-06-25,4.401468753814697,4.404889106750488,4.6180291175842285,4.262795925140381,4.333841800689697,64746
2020-06-26,4.1884942054748535,4.191749095916748,4.475934982299805,4.120701789855957,4.120701789855957,551750
2020-06-29,4.117501735687256,4.120701789855957,4.191749095916748,4.120701789855957,4.191749095916748,91489
2020-06-30,4.1884942054748535,4.191749095916748,4.191749095916748,4.049655914306641,4.049655914306641,180163
2020-07-01,4.1884942054748535,4.191749095916748,4.191749095916748,3.9075629711151123,4.049655914306641,1783336
2020-07-02,4.259485721588135,4.262795925140381,4.262795925140381,3.9075629711151123,3.978609085083008,8622509
2020-07-03,4.543450832366943,4.5469818115234375,4.5469818115234375,4.049655914306641,4.262795925140381,2395610
2020-07-06,4.543450832366943,4.5469818115234375,4.689074993133545,4.262795925140381,4.689074993133545,530637
2020-07-07,4.259485721588135,4.262795925140381,5.257448196411133,4.262795925140381,5.257448196411133,1133059
2020-07-08,4.259485721588135,4.262795925140381,4.404889106750488,4.049655914306641,4.049655914306641,322323
2020-07-09,4.3304762840271,4.333841800689697,4.404889106750488,4.191749095916748,4.333841800689697,118232
2020-07-10,4.3304762840271,4.333841800689697,4.404889106750488,4.333841800689697,4.333841800689697,394107
2020-07-13,4.1884942054748535,4.191749095916748,4.191749095916748,4.049655914306641,4.120701789855957,208313
2020-07-14,4.259485721588135,4.262795925140381,4.262795925140381,4.049655914306641,4.191749095916748,702355
2020-07-15,4.472458839416504,4.475934982299805,4.5469818115234375,4.262795925140381,4.262795925140381,182978
2020-07-16,4.259485721588135,4.262795925140381,4.333841800689697,4.262795925140381,4.333841800689697,323731
2020-07-17,4.259485721588135,4.262795925140381,4.475934982299805,4.262795925140381,4.262795925140381,216759
2020-07-20,4.1884942054748535,4.191749095916748,4.404889106750488,4.191749095916748,4.262795925140381,357511
2020-07-21,4.401468753814697,4.404889106750488,5.186400890350342,4.191749095916748,4.191749095916748,1217510
2020-07-22,4.259485721588135,4.262795925140381,4.404889106750488,4.191749095916748,4.191749095916748,660130
2020-07-23,4.1884942054748535,4.191749095916748,4.262795925140381,4.120701789855957,4.262795925140381,315286
2020-07-24,4.117501735687256,4.120701789855957,4.191749095916748,4.120701789855957,4.191749095916748,40818
2020-07-27,4.117501735687256,4.120701789855957,4.120701789855957,4.120701789855957,4.120701789855957,182978
2020-07-28,4.259485721588135,4.262795925140381,4.262795925140381,4.120701789855957,4.120701789855957,95711
2020-07-29,4.117501735687256,4.120701789855957,4.262795925140381,4.120701789855957,4.262795925140381,21112
2020-07-30,4.117501735687256,4.120701789855957,4.475934982299805,4.120701789855957,4.262795925140381,15482
2020-08-03,4.117501735687256,4.120701789855957,4.120701789855957,4.120701789855957,4.120701789855957,1407
2020-08-04,3.9045286178588867,3.9075629711151123,4.404889106750488,3.9075629711151123,4.120701789855957,888149
2020-08-05,4.1884942054748535,4.191749095916748,4.262795925140381,3.9075629711151123,4.049655914306641,688280
2020-08-06,3.9755194187164307,3.978609085083008,4.262795925140381,3.978609085083008,4.191749095916748,311063
2020-08-07,3.9755194187164307,3.978609085083008,4.191749095916748,3.978609085083008,4.120701789855957,236464
2020-08-10,3.9755194187164307,3.978609085083008,4.049655914306641,3.978609085083008,3.978609085083008,126677
2020-08-11,4.259485721588135,4.262795925140381,4.262795925140381,3.7654690742492676,3.8365159034729004,1073943
2020-08-12,4.472458839416504,4.475934982299805,4.689074993133545,4.049655914306641,4.262795925140381,2768605
2020-08-13,4.756425380706787,4.760121822357178,4.760121822357178,4.475934982299805,4.475934982299805,1666511
2020-08-14,4.969399452209473,4.973261833190918,4.973261833190918,4.6180291175842285,4.689074993133545,1541241
2020-08-18,4.969399452209473,4.973261833190918,4.973261833190918,4.831168174743652,4.831168174743652,226611
2020-08-19,5.395348072052002,5.399540901184082,6.18105411529541,4.973261833190918,5.044308185577393,1487755
2020-08-24,5.111382961273193,5.115355014801025,5.399540901184082,5.044308185577393,5.399540901184082,291358
2020-08-25,5.679314136505127,5.683728218078613,5.683728218078613,4.760121822357178,5.328495025634766,1834007
2020-08-26,5.679314136505127,5.683728218078613,5.896866798400879,5.399540901184082,5.683728218078613,334991
2020-08-27,6.247244834899902,6.252099990844727,6.252099990844727,5.683728218078613,5.683728218078613,1596135
2020-08-28,7.099142551422119,7.1046600341796875,7.1046600341796875,6.323146820068359,6.323146820068359,2295676
2020-08-31,6.886168003082275,6.891520023345947,7.673031806945801,6.891520023345947,7.673031806945801,829033
2020-09-01,6.886168003082275,6.891520023345947,7.459893226623535,6.891520023345947,6.891520023345947,116824
2020-09-02,7.241125583648682,7.246753215789795,7.388845920562744,6.891520023345947,7.388845920562744,220981
2020-09-03,6.957159042358398,6.962565898895264,6.962565898895264,6.891520023345947,6.891520023345947,436333
2020-09-04,6.957159042358398,6.962565898895264,6.962565898895264,6.5362868309021,6.74942684173584,170310
2020-09-07,6.744185447692871,6.74942684173584,6.891520023345947,6.5362868309021,6.891520023345947,28150
2020-09-08,7.312116622924805,7.317799091339111,7.459893226623535,7.317799091339111,7.459893226623535,4222
2020-09-09,6.886168003082275,6.891520023345947,7.459893226623535,6.891520023345947,7.459893226623535,50670
2020-09-10,6.886168003082275,6.891520023345947,6.891520023345947,6.891520023345947,6.891520023345947,0
2020-09-11,6.886168003082275,6.891520023345947,7.459893226623535,6.891520023345947,7.459893226623535,16890
2020-09-14,6.460219383239746,6.465240001678467,6.465240001678467,6.465240001678467,6.465240001678467,19705
2020-09-15,6.460219383239746,6.465240001678467,6.465240001678467,6.038960933685303,6.465240001678467,3630011
2020-09-16,6.105262279510498,6.110006809234619,7.033613204956055,6.110006809234619,7.033613204956055,30965
2020-09-17,5.963279724121094,5.96791410446167,6.8204731941223145,5.683728218078613,6.110006809234619,606644
2020-09-18,5.608322620391846,5.612680912017822,5.612680912017822,5.612680912017822,5.612680912017822,1407
2020-09-21,6.034271240234375,6.038960933685303,6.18105411529541,5.257448196411133,5.328495025634766,60523
2020-09-22,6.034271240234375,6.038960933685303,6.038960933685303,5.683728218078613,6.038960933685303,118232
2020-09-23,6.460219383239746,6.465240001678467,6.607333183288574,5.75477409362793,6.5362868309021,35188
2020-09-24,6.318236827850342,6.323146820068359,6.39419412612915,6.038960933685303,6.038960933685303,81636
2020-09-25,7.6670732498168945,7.673031806945801,7.673031806945801,5.896866798400879,5.896866798400879,1417379
2020-09-28,7.383108139038086,7.388845920562744,7.459893226623535,7.388845920562744,7.459893226623535,2815
2020-09-29,7.383108139038086,7.388845920562744,7.388845920562744,7.388845920562744,7.388845920562744,4222
2020-09-30,7.383108139038086,7.388845920562744,7.388845920562744,7.388845920562744,7.388845920562744,0
2020-10-01,7.383108139038086,7.388845920562744,7.388845920562744,7.388845920562744,7.388845920562744,0
2020-10-02,7.383108139038086,7.388845920562744,7.388845920562744,6.891520023345947,7.388845920562744,15482
2020-10-05,7.383108139038086,7.388845920562744,7.388845920562744,7.388845920562744,7.388845920562744,0
2020-10-06,7.241125583648682,7.246753215789795,7.815125942230225,7.246753215789795,7.815125942230225,14075
2020-10-07,7.099142551422119,7.1046600341796875,7.246753215789795,7.1046600341796875,7.246753215789795,45040
2020-10-08,7.099142551422119,7.1046600341796875,7.744079113006592,7.1046600341796875,7.1046600341796875,1660881
2020-10-09,7.099142551422119,7.1046600341796875,7.815125942230225,7.1046600341796875,7.601985931396484,2844611
2020-10-12,7.241125583648682,7.246753215789795,7.673031806945801,7.246753215789795,7.673031806945801,19705
2020-10-13,7.383108139038086,7.388845920562744,7.388845920562744,7.1046600341796875,7.1046600341796875,18297
2020-10-14,7.383108139038086,7.388845920562744,7.388845920562744,7.388845920562744,7.388845920562744,0
2020-10-15,7.099142551422119,7.1046600341796875,7.1046600341796875,7.1046600341796875,7.1046600341796875,49263
2020-10-16,7.312116622924805,7.317799091339111,7.744079113006592,7.317799091339111,7.744079113006592,84451
2020-10-19,7.312116622924805,7.317799091339111,7.673031806945801,7.317799091339111,7.317799091339111,235056
2020-10-20,7.312116622924805,7.317799091339111,7.317799091339111,7.317799091339111,7.317799091339111,0
2020-10-21,7.312116622924805,7.317799091339111,7.317799091339111,7.317799091339111,7.317799091339111,0
2020-10-22,7.170133590698242,7.175705909729004,7.175705909729004,7.175705909729004,7.175705909729004,5596326
2020-10-23,7.170133590698242,7.175705909729004,7.175705909729004,7.175705909729004,7.175705909729004,0
2020-10-26,7.170133590698242,7.175705909729004,7.175705909729004,7.175705909729004,7.175705909729004,0
2020-10-27,7.454100131988525,7.459893226623535,7.459893226623535,7.175705909729004,7.175705909729004,4926344
2020-11-02,7.454100131988525,7.459893226623535,7.459893226623535,7.459893226623535,7.459893226623535,14075
2020-11-03,7.525091171264648,7.530939102172852,7.530939102172852,6.962565898895264,7.1046600341796875,2156331
2020-11-04,7.525091171264648,7.530939102172852,7.530939102172852,7.033613204956055,7.1046600341796875,15512353
2020-11-05,7.6670732498168945,7.673031806945801,7.673031806945801,7.175705909729004,7.175705909729004,952895
2020-11-06,7.5960822105407715,7.601985931396484,7.601985931396484,7.459893226623535,7.530939102172852,236464
2020-11-09,7.525091171264648,7.530939102172852,7.530939102172852,7.459893226623535,7.459893226623535,99934
2020-11-10,7.5960822105407715,7.601985931396484,7.815125942230225,7.246753215789795,7.815125942230225,548935
2020-11-11,7.809057235717773,7.815125942230225,7.886171817779541,7.459893226623535,7.459893226623535,1817117
2020-11-12,7.880047798156738,7.886171817779541,8.525591850280762,7.530939102172852,8.383498191833496,1135874
2020-11-13,7.880047798156738,7.886171817779541,7.957219123840332,7.673031806945801,7.744079113006592,1211880
2020-11-16,7.880047798156738,7.886171817779541,7.957219123840332,7.744079113006592,7.744079113006592,368772
2020-11-17,7.880047798156738,7.886171817779541,7.886171817779541,7.673031806945801,7.886171817779541,3038850
2020-11-18,7.809057235717773,7.815125942230225,7.957219123840332,7.815125942230225,7.957219123840332,342029
2020-11-19,7.809057235717773,7.815125942230225,8.028264999389648,7.744079113006592,8.028264999389648,885334
2020-11-20,7.951039791107178,7.957219123840332,7.957219123840332,7.957219123840332,7.957219123840332,157643
2020-11-23,7.809057235717773,7.815125942230225,7.815125942230225,7.815125942230225,7.815125942230225,713616
2020-11-24,7.809057235717773,7.815125942230225,7.957219123840332,7.744079113006592,7.957219123840332,1973352
2020-11-25,7.809057235717773,7.815125942230225,8.170358657836914,7.673031806945801,7.815125942230225,346251
2020-11-26,7.880047798156738,7.886171817779541,8.028264999389648,7.815125942230225,8.028264999389648,7635833
2020-11-27,7.951039791107178,7.957219123840332,8.028264999389648,7.815125942230225,7.886171817779541,226611
2020-11-30,8.093022346496582,8.099311828613281,8.099311828613281,7.886171817779541,7.957219123840332,609459
2020-12-01,7.951039791107178,7.957219123840332,8.028264999389648,7.957219123840332,8.028264999389648,306840
2020-12-02,8.093022346496582,8.099311828613281,8.099311828613281,7.815125942230225,7.886171817779541,871259
2020-12-03,7.951039791107178,7.957219123840332,8.099311828613281,7.673031806945801,8.099311828613281,1061275
2020-12-04,7.951039791107178,7.957219123840332,7.957219123840332,7.886171817779541,7.886171817779541,429295
2020-12-07,7.809057235717773,7.815125942230225,7.886171817779541,7.815125942230225,7.886171817779541,447593
2020-12-08,7.809057235717773,7.815125942230225,7.815125942230225,7.815125942230225,7.815125942230225,0
2020-12-10,7.809057235717773,7.815125942230225,7.815125942230225,7.815125942230225,7.815125942230225,1407
2020-12-11,7.809057235717773,7.815125942230225,7.957219123840332,7.815125942230225,7.815125942230225,527822
2020-12-14,8.235004425048828,8.24140453338623,8.454545021057129,7.886171817779541,8.028264999389648,334991
2020-12-15,7.951039791107178,7.957219123840332,8.525591850280762,7.886171817779541,8.24140453338623,222389
2020-12-16,7.809057235717773,7.815125942230225,7.886171817779541,7.815125942230225,7.886171817779541,53486
2020-12-17,8.447979927062988,8.454545021057129,8.525591850280762,7.744079113006592,8.170358657836914,527822
2020-12-18,8.305996894836426,8.31245231628418,8.454545021057129,8.24140453338623,8.454545021057129,793845
2020-12-21,8.16401481628418,8.170358657836914,8.31245231628418,8.170358657836914,8.24140453338623,66153
2020-12-22,8.093022346496582,8.099311828613281,8.525591850280762,8.099311828613281,8.170358657836914,233649
2020-12-23,8.0220308303833,8.028264999389648,8.028264999389648,8.028264999389648,8.028264999389648,23927
2020-12-28,7.5960822105407715,7.601985931396484,7.957219123840332,7.601985931396484,7.957219123840332,275875
2020-12-29,7.738065719604492,7.744079113006592,8.525591850280762,7.459893226623535,7.601985931396484,2553253
2020-12-30,8.235004425048828,8.24140453338623,8.24140453338623,7.886171817779541,7.886171817779541,3611713
2021-01-04,8.235004425048828,8.24140453338623,8.24140453338623,8.170358657836914,8.170358657836914,731913
2021-01-05,8.093022346496582,8.099311828613281,8.24140453338623,8.099311828613281,8.24140453338623,95711
2021-01-06,8.093022346496582,8.099311828613281,8.099311828613281,7.957219123840332,8.099311828613281,1013419
2021-01-07,8.0220308303833,8.028264999389648,8.028264999389648,8.028264999389648,8.028264999389648,2815053
2021-01-08,7.951039791107178,7.957219123840332,8.31245231628418,7.957219123840332,8.028264999389648,3622974
2021-01-11,7.951039791107178,7.957219123840332,8.88082504272461,7.886171817779541,7.886171817779541,5848274
2021-01-12,8.0220308303833,8.028264999389648,8.028264999389648,7.459893226623535,7.886171817779541,1632731
2021-01-13,8.093022346496582,8.099311828613281,8.099311828613281,7.744079113006592,8.028264999389648,5100877
2021-01-14,8.093022346496582,8.099311828613281,8.099311828613281,7.601985931396484,8.099311828613281,356104
2021-01-15,8.235004425048828,8.24140453338623,8.525591850280762,7.601985931396484,8.525591850280762,273060
2021-01-18,8.093022346496582,8.099311828613281,8.24140453338623,8.099311828613281,8.24140453338623,106972
2021-01-19,8.376988410949707,8.383498191833496,8.809778213500977,8.028264999389648,8.809778213500977,149197
2021-01-20,8.305996894836426,8.31245231628418,8.31245231628418,7.815125942230225,8.31245231628418,413812
2021-01-21,7.951039791107178,7.957219123840332,8.24140453338623,7.957219123840332,8.24140453338623,101341
2021-01-22,7.454100131988525,7.459893226623535,8.170358657836914,7.459893226623535,7.886171817779541,1202027
2021-01-25,7.525091171264648,7.530939102172852,7.673031806945801,7.1046600341796875,7.388845920562744,7133346
2021-01-26,7.525091171264648,7.530939102172852,8.596637725830078,7.530939102172852,7.530939102172852,125269
2021-01-27,7.809057235717773,7.815125942230225,7.815125942230225,7.459893226623535,7.459893226623535,36595
2021-01-28,7.6670732498168945,7.673031806945801,7.744079113006592,7.601985931396484,7.744079113006592,71783
2021-01-29,7.525091171264648,7.530939102172852,7.744079113006592,7.175705909729004,7.601985931396484,371587
2021-02-01,7.383108139038086,7.388845920562744,7.530939102172852,7.317799091339111,7.530939102172852,42225
2021-02-02,8.802937507629395,8.809778213500977,8.809778213500977,7.388845920562744,7.388845920562744,322323
2021-02-03,8.376988410949707,8.383498191833496,8.88082504272461,8.24140453338623,8.88082504272461,857183
2021-02-04,8.447979927062988,8.454545021057129,8.809778213500977,8.028264999389648,8.383498191833496,150605
2021-02-05,8.16401481628418,8.170358657836914,8.738731384277344,7.886171817779541,8.383498191833496,260392
2021-02-08,8.0220308303833,8.028264999389648,8.88082504272461,8.028264999389648,8.88082504272461,184386
2021-02-09,8.0220308303833,8.028264999389648,8.028264999389648,7.744079113006592,8.028264999389648,264615
2021-02-10,7.809057235717773,7.815125942230225,8.028264999389648,7.530939102172852,7.957219123840332,4863005
2021-02-11,7.880047798156738,7.886171817779541,8.31245231628418,7.673031806945801,7.744079113006592,25335
2021-02-15,7.738065719604492,7.744079113006592,7.815125942230225,7.673031806945801,7.815125942230225,178755
2021-02-16,7.383108139038086,7.388845920562744,7.673031806945801,7.388845920562744,7.673031806945801,199868
2021-02-17,8.51897144317627,8.525591850280762,8.525591850280762,7.1046600341796875,7.317799091339111,608051
2021-02-18,7.951039791107178,7.957219123840332,8.88082504272461,7.957219123840332,8.88082504272461,909262
2021-02-19,7.454100131988525,7.459893226623535,7.957219123840332,7.459893226623535,7.957219123840332,646054
2021-02-22,7.525091171264648,7.530939102172852,8.383498191833496,7.1046600341796875,7.388845920562744,972601
2021-02-23,7.525091171264648,7.530939102172852,8.951870918273926,7.530939102172852,7.673031806945801,8595766
2021-02-24,7.525091171264648,7.530939102172852,8.454545021057129,7.388845920562744,7.530939102172852,277282
2021-02-25,7.5960822105407715,7.601985931396484,7.673031806945801,7.388845920562744,7.530939102172852,180163
2021-02-26,7.525091171264648,7.530939102172852,7.601985931396484,7.530939102172852,7.601985931396484,142160
2021-03-01,7.383108139038086,7.388845920562744,7.530939102172852,7.317799091339111,7.530939102172852,282912
2021-03-02,7.383108139038086,7.388845920562744,7.388845920562744,7.388845920562744,7.388845920562744,35188
2021-03-03,7.383108139038086,7.388845920562744,7.388845920562744,7.388845920562744,7.388845920562744,84451
2021-03-04,7.951039791107178,7.957219123840332,8.454545021057129,7.175705909729004,7.388845920562744,529230
2021-03-05,7.525091171264648,7.530939102172852,7.957219123840332,7.459893226623535,7.957219123840332,434925
2021-03-08,7.454100131988525,7.459893226623535,7.530939102172852,7.033613204956055,7.530939102172852,363141
2021-03-09,7.454100131988525,7.459893226623535,7.815125942230225,7.388845920562744,7.388845920562744,9852
2021-03-10,7.525091171264648,7.530939102172852,8.099311828613281,7.388845920562744,7.388845920562744,167495
2021-03-12,7.454100131988525,7.459893226623535,7.530939102172852,7.459893226623535,7.530939102172852,39410
2021-03-15,7.525091171264648,7.530939102172852,7.673031806945801,6.962565898895264,7.459893226623535,342029
2021-03-16,7.028151512145996,7.033613204956055,7.459893226623535,7.033613204956055,7.459893226623535,572863
2021-03-17,7.383108139038086,7.388845920562744,7.459893226623535,7.033613204956055,7.033613204956055,1097870
2021-03-18,7.525091171264648,7.530939102172852,7.815125942230225,7.1046600341796875,7.388845920562744,1164024
2021-03-19,7.6670732498168945,7.673031806945801,7.744079113006592,7.033613204956055,7.530939102172852,4046639
2021-03-22,7.454100131988525,7.459893226623535,7.815125942230225,7.246753215789795,7.673031806945801,197053
2021-03-23,7.312116622924805,7.317799091339111,7.744079113006592,7.317799091339111,7.459893226623535,253354
2021-03-24,8.51897144317627,8.525591850280762,8.525591850280762,7.175705909729004,7.317799091339111,700948
2021-03-25,7.951039791107178,7.957219123840332,8.525591850280762,7.957219123840332,8.525591850280762,126677
2021-03-26,8.660953521728516,8.667684555053711,8.667684555053711,7.459893226623535,7.886171817779541,4713807
2021-03-29,8.093022346496582,8.099311828613281,8.667684555053711,8.099311828613281,8.667684555053711,456038
2021-03-30,7.5960822105407715,7.601985931396484,8.738731384277344,7.601985931396484,8.028264999389648,498264
2021-03-31,7.099142551422119,7.1046600341796875,8.31245231628418,7.1046600341796875,7.601985931396484,606644
2021-04-01,8.660953521728516,8.667684555053711,8.667684555053711,6.962565898895264,7.1046600341796875,5050206
2021-04-05,8.093022346496582,8.099311828613281,8.667684555053711,8.099311828613281,8.667684555053711,616496
2021-04-06,7.880047798156738,7.886171817779541,8.596637725830078,7.601985931396484,8.099311828613281,7262838
2021-04-07,7.383108139038086,7.388845920562744,7.815125942230225,7.388845920562744,7.815125942230225,491226
2021-04-08,7.6670732498168945,7.673031806945801,7.673031806945801,7.317799091339111,7.388845920562744,512339
2021-04-09,7.809057235717773,7.815125942230225,10.301756858825684,7.175705909729004,7.673031806945801,21173426
2021-04-12,8.305996894836426,8.31245231628418,9.875476837158203,7.815125942230225,7.815125942230225,86627649
2021-04-13,7.738065719604492,7.744079113006592,8.596637725830078,7.744079113006592,8.454545021057129,4494233
2021-04-14,7.5960822105407715,7.601985931396484,8.028264999389648,7.246753215789795,8.028264999389648,10695796
2021-04-15,9.725825309753418,9.733384132385254,9.733384132385254,7.1046600341796875,7.530939102172852,24195387
2021-04-16,9.086901664733887,9.093963623046875,9.662337303161621,9.093963623046875,9.662337303161621,1537019
2021-04-19,8.51897144317627,8.525591850280762,9.022917747497559,8.525591850280762,8.525591850280762,1311815
2021-04-20,8.093022346496582,8.099311828613281,9.520243644714355,7.957219123840332,8.31245231628418,6108666
2021-04-21,7.6670732498168945,7.673031806945801,8.667684555053711,7.673031806945801,8.099311828613281,3660977
2021-04-22,7.738065719604492,7.744079113006592,8.170358657836914,7.673031806945801,7.673031806945801,1396266
2021-04-23,7.6670732498168945,7.673031806945801,7.886171817779541,7.530939102172852,7.886171817779541,548935
2021-04-26,7.312116622924805,7.317799091339111,7.673031806945801,7.246753215789795,7.673031806945801,1977575
2021-04-27,7.880047798156738,7.886171817779541,9.591291427612305,7.317799091339111,7.317799091339111,19323936
2021-04-28,7.809057235717773,7.815125942230225,8.454545021057129,7.388845920562744,7.886171817779541,4378816
2021-04-29,7.738065719604492,7.744079113006592,7.815125942230225,7.459893226623535,7.530939102172852,2305529
2021-04-30,8.093022346496582,8.099311828613281,8.31245231628418,7.744079113006592,7.744079113006592,3090929
2021-05-03,7.738065719604492,7.744079113006592,8.24140453338623,7.744079113006592,7.815125942230225,3182418
2021-05-04,7.6670732498168945,7.673031806945801,8.099311828613281,7.673031806945801,7.673031806945801,2035283
2021-05-05,8.16401481628418,8.170358657836914,8.667684555053711,7.601985931396484,7.673031806945801,3386509
2021-05-06,7.809057235717773,7.815125942230225,8.31245231628418,7.744079113006592,8.170358657836914,2401240
2021-05-07,7.951039791107178,7.957219123840332,7.957219123840332,7.815125942230225,7.815125942230225,453223
2021-05-10,8.0220308303833,8.028264999389648,8.170358657836914,7.815125942230225,8.170358657836914,378624
2021-05-11,7.738065719604492,7.744079113006592,8.028264999389648,7.744079113006592,7.957219123840332,1458197
2021-05-17,7.738065719604492,7.744079113006592,8.525591850280762,7.744079113006592,7.815125942230225,1518721
2021-05-18,7.738065719604492,7.744079113006592,9.236058235168457,7.459893226623535,7.459893226623535,1197805
2021-05-19,7.951039791107178,7.957219123840332,8.170358657836914,7.459893226623535,7.744079113006592,2047951
2021-05-20,8.093022346496582,8.099311828613281,8.24140453338623,7.673031806945801,7.957219123840332,1244253
2021-05-21,8.660953521728516,8.667684555053711,8.738731384277344,8.170358657836914,8.525591850280762,793845
2021-05-24,8.093022346496582,8.099311828613281,8.667684555053711,8.099311828613281,8.667684555053711,885334
2021-05-25,8.16401481628418,8.170358657836914,8.170358657836914,7.815125942230225,7.815125942230225,18297
2021-05-27,7.880047798156738,7.886171817779541,8.24140453338623,7.815125942230225,7.886171817779541,561603
2021-05-28,7.880047798156738,7.886171817779541,8.170358657836914,7.886171817779541,7.886171817779541,28150
2021-05-31,8.16401481628418,8.170358657836914,8.454545021057129,7.673031806945801,7.815125942230225,1104908
2021-06-02,8.16401481628418,8.170358657836914,8.24140453338623,8.170358657836914,8.170358657836914,1601765
2021-06-03,8.16401481628418,8.170358657836914,8.667684555053711,8.170358657836914,8.170358657836914,713616
2021-06-04,8.235004425048828,8.24140453338623,8.24140453338623,8.170358657836914,8.170358657836914,247724
2021-06-07,8.51897144317627,8.525591850280762,8.738731384277344,8.31245231628418,8.31245231628418,319508
2021-06-08,8.305996894836426,8.31245231628418,8.667684555053711,8.170358657836914,8.667684555053711,1710145
2021-06-09,8.305996894836426,8.31245231628418,8.31245231628418,8.24140453338623,8.31245231628418,620719
2021-06-10,8.589962005615234,8.596637725830078,9.093963623046875,8.525591850280762,8.596637725830078,4024119
2021-06-11,8.51897144317627,8.525591850280762,8.525591850280762,8.525591850280762,8.525591850280762,18297
2021-06-14,8.51897144317627,8.525591850280762,8.525591850280762,8.525591850280762,8.525591850280762,142160
2021-06-15,8.235004425048828,8.24140453338623,8.951870918273926,8.24140453338623,8.525591850280762,703763
2021-06-16,9.157894134521484,9.165011405944824,11.083269119262695,8.24140453338623,8.24140453338623,181523111
2021-06-17,8.87392807006836,8.88082504272461,9.236058235168457,8.525591850280762,9.236058235168457,24695059
2021-06-18,8.305996894836426,8.31245231628418,8.88082504272461,8.31245231628418,8.88082504272461,9172852
2021-06-21,7.951039791107178,7.957219123840332,8.454545021057129,7.957219123840332,8.383498191833496,3417475
2021-06-22,8.305996894836426,8.31245231628418,8.596637725830078,7.815125942230225,8.028264999389648,4719437
2021-06-23,8.16401481628418,8.170358657836914,8.667684555053711,8.099311828613281,8.525591850280762,986676
2021-06-24,9.015911102294922,9.022917747497559,10.301756858825684,8.099311828613281,8.170358657836914,42784594
2021-06-25,8.447979927062988,8.454545021057129,9.022917747497559,8.454545021057129,9.022917747497559,4073382
2021-06-28,8.87392807006836,8.88082504272461,8.951870918273926,8.170358657836914,8.454545021057129,4688472
2021-06-29,8.944918632507324,8.951870918273926,10.656990051269531,8.525591850280762,8.525591850280762,21143868
2021-06-30,8.589962005615234,8.596637725830078,9.875476837158203,8.525591850280762,9.022917747497559,9969512
2021-07-01,8.87392807006836,8.88082504272461,9.236058235168457,8.596637725830078,8.596637725830078,5762415
2021-07-02,9.157894134521484,9.165011405944824,9.591291427612305,8.88082504272461,8.88082504272461,4571647
2021-07-05,9.157894134521484,9.165011405944824,9.662337303161621,9.022917747497559,9.662337303161621,2943138
2021-07-06,9.228885650634766,9.236058235168457,9.946523666381836,9.093963623046875,9.165011405944824,4516753
2021-07-07,9.157894134521484,9.165011405944824,9.307104110717773,9.165011405944824,9.236058235168457,858591
2021-07-08,9.370868682861328,9.378150939941406,9.875476837158203,9.236058235168457,9.236058235168457,1089425
2021-07-09,9.583843231201172,9.591291427612305,10.514896392822266,9.307104110717773,9.378150939941406,2540586
2021-07-12,9.86780834197998,9.875476837158203,9.875476837158203,9.307104110717773,9.662337303161621,629164
2021-07-13,10.080782890319824,10.088617324829102,10.088617324829102,9.307104110717773,9.307104110717773,2433613
2021-07-14,10.080782890319824,10.088617324829102,10.088617324829102,9.520243644714355,10.088617324829102,1724220
2021-07-15,9.7968168258667,9.80443000793457,10.301756858825684,9.733384132385254,10.088617324829102,917707
2021-07-16,13.204405784606934,13.214667320251465,13.214667320251465,9.80443000793457,9.80443000793457,42400339
2021-07-19,17.74785614013672,17.76165008544922,17.76165008544922,13.356760025024414,13.783040046691895,136706048
2021-07-21,16.61199378967285,16.62490463256836,22.16653823852539,16.62490463256836,21.59816551208496,108718783
2021-07-22,15.476131439208984,15.488158226013184,15.488158226013184,15.488158226013184,15.488158226013184,1548279
2021-07-23,14.482251167297363,14.49350643157959,14.49350643157959,14.49350643157959,14.49350643157959,1249883
2021-07-26,13.985310554504395,13.996179580688477,15.63025188446045,13.49885368347168,13.49885368347168,63752522
2021-07-27,13.34638786315918,13.356760025024414,14.138273239135742,13.356760025024414,14.06722640991211,15715037
2021-07-28,12.707465171813965,12.717341423034668,13.569899559020996,12.717341423034668,13.356760025024414,6198748
2021-07-29,13.204405784606934,13.214667320251465,13.356760025024414,12.148967742919922,12.575247764587402,2363237
2021-07-30,12.778456687927246,12.7883882522583,13.285714149475098,12.575247764587402,13.143621444702148,2475839
2021-08-02,13.133414268493652,13.143621444702148,13.285714149475098,12.36210823059082,12.717341423034668,3047295
2021-08-03,15.618114471435547,15.63025188446045,16.766996383666992,13.0725736618042,13.0725736618042,31389256
2021-08-04,14.624234199523926,14.635599136352539,16.340717315673828,14.635599136352539,15.488158226013184,11799297
2021-08-05,14.90820026397705,14.91978645324707,15.63025188446045,14.351412773132324,14.351412773132324,4444969
2021-08-06,15.902079582214355,15.914438247680664,16.198623657226562,14.209320068359375,14.91978645324707,17705280
2021-08-09,14.90820026397705,14.91978645324707,16.482810974121094,14.91978645324707,16.198623657226562,7262838
2021-08-10,15.334147453308105,15.346064567565918,15.63025188446045,14.209320068359375,14.91978645324707,5203626
2021-08-12,15.760096549987793,15.772344589233398,16.340717315673828,14.351412773132324,15.488158226013184,9410724
2021-08-13,15.334147453308105,15.346064567565918,16.198623657226562,14.91978645324707,16.05653190612793,1228770
2021-08-16,14.90820026397705,14.91978645324707,15.914438247680664,14.351412773132324,15.346064567565918,6720940
2021-08-18,14.482251167297363,14.49350643157959,15.488158226013184,14.209320068359375,14.209320068359375,5029093
2021-08-19,14.198285102844238,14.209320068359375,15.06187915802002,13.925132751464844,14.49350643157959,14755104
2021-08-20,14.3402681350708,14.351412773132324,14.351412773132324,13.925132751464844,13.925132751464844,4193022
2021-08-23,14.90820026397705,14.91978645324707,16.05653190612793,14.209320068359375,14.91978645324707,10587417
2021-08-24,14.624234199523926,14.635599136352539,15.346064567565918,14.209320068359375,14.209320068359375,1303369
2021-08-25,16.753976821899414,16.766996383666992,16.766996383666992,13.925132751464844,14.777691841125488,3962188
2021-08-26,17.463890075683594,17.477462768554688,18.472116470336914,16.766996383666992,17.051183700561523,12384829
2021-08-27,20.16156578063965,20.177234649658203,20.603513717651367,17.477462768554688,17.477462768554688,21666061
2021-08-30,20.587512969970703,20.603513717651367,21.313980102539062,20.177234649658203,20.319326400756836,10587417
2021-08-31,21.58139419555664,21.59816551208496,22.024446487426758,20.603513717651367,20.603513717651367,14145645
2021-09-01,20.871479034423828,20.887699127197266,21.740259170532227,20.745607376098633,21.740259170532227,2031061
2021-09-02,20.445531845092773,20.4614200592041,21.171886444091797,20.4614200592041,21.02979278564453,1480718
2021-09-03,20.16156578063965,20.177234649658203,20.177234649658203,19.18258285522461,19.466768264770508,3901664
2021-09-06,19.87759780883789,19.893047332763672,20.035140991210938,19.04048728942871,19.04048728942871,958525
2021-09-07,20.303546905517578,20.319326400756836,21.02979278564453,18.614208221435547,19.324674606323242,1361078
2021-09-08,20.587512969970703,20.603513717651367,20.745607376098633,19.18258285522461,20.4614200592041,167495
2021-09-09,20.587512969970703,20.603513717651367,20.745607376098633,19.893047332763672,20.603513717651367,591161
2021-09-10,20.587512969970703,20.603513717651367,20.603513717651367,20.177234649658203,20.603513717651367,68968
2021-09-13,21.01346206665039,21.02979278564453,21.02979278564453,20.603513717651367,20.603513717651367,2181666
2021-09-14,21.01346206665039,21.02979278564453,21.02979278564453,20.603513717651367,21.02979278564453,1507461
2021-09-15,21.01346206665039,21.02979278564453,21.02979278564453,21.02979278564453,21.02979278564453,966970
2021-09-16,20.303546905517578,20.319326400756836,21.02979278564453,20.319326400756836,21.02979278564453,1428639
2021-09-17,21.297428131103516,21.313980102539062,21.313980102539062,20.319326400756836,20.4614200592041,1020456
2021-09-20,21.297428131103516,21.313980102539062,21.313980102539062,21.313980102539062,21.313980102539062,46448
2021-09-21,22.149324417114258,22.16653823852539,22.734912872314453,21.313980102539062,22.734912872314453,881111
2021-09-22,22.007343292236328,22.024446487426758,22.16653823852539,22.024446487426758,22.16653823852539,423665
2021-09-23,21.297428131103516,21.313980102539062,22.024446487426758,20.887699127197266,22.024446487426758,1565169
2021-09-24,20.445531845092773,20.4614200592041,21.313980102539062,20.4614200592041,21.313980102539062,501079
2021-09-27,21.155445098876953,21.171886444091797,21.59816551208496,20.4614200592041,20.4614200592041,105564
2021-09-28,22.007343292236328,22.024446487426758,22.024446487426758,20.319326400756836,21.171886444091797,867036
2021-09-29,21.865360260009766,21.882352828979492,22.024446487426758,21.882352828979492,22.024446487426758,42225
2021-09-30,21.723377227783203,21.740259170532227,21.882352828979492,20.4614200592041,21.882352828979492,39410
2021-10-01,21.723377227783203,21.740259170532227,21.740259170532227,21.740259170532227,21.740259170532227,0
2021-10-04,21.297428131103516,21.313980102539062,21.740259170532227,21.313980102539062,21.740259170532227,1203435
2021-10-05,21.297428131103516,21.313980102539062,21.882352828979492,21.313980102539062,21.313980102539062,1658066
2021-10-06,21.865360260009766,21.882352828979492,23.445377349853516,20.745607376098633,21.313980102539062,9431837
2021-10-07,22.149324417114258,22.16653823852539,22.16653823852539,21.171886444091797,21.882352828979492,1161209
2021-10-08,27.686656951904297,27.708173751831055,27.708173751831055,21.882352828979492,23.445377349853516,8207289
2021-10-11,34.501834869384766,34.528648376464844,34.528648376464844,31.970970153808594,33.24980926513672,21780070
2021-10-12,42.94981384277344,42.983192443847656,42.983192443847656,35.52330017089844,35.52330017089844,34008664
2021-10-13,53.59852600097656,53.64018249511719,53.64018249511719,47.60122299194336,49.73262023925781,38291768
2021-10-14,53.59852600097656,53.64018249511719,53.64018249511719,53.64018249511719,53.64018249511719,0
2021-10-15,66.73194885253906,66.78380584716797,66.78380584716797,50.087852478027344,50.087852478027344,52388150
2021-10-18,83.41492462158203,83.47975158691406,83.47975158691406,71.04660034179688,71.04660034179688,18606097
2021-10-19,83.41492462158203,83.47975158691406,83.47975158691406,83.47975158691406,83.47975158691406,0
2021-10-21,83.41492462158203,83.47975158691406,83.47975158691406,83.47975158691406,83.47975158691406,0
2021-10-22,83.41492462158203,83.47975158691406,83.47975158691406,83.47975158691406,83.47975158691406,0
2021-10-25,83.41492462158203,83.47975158691406,83.47975158691406,83.47975158691406,83.47975158691406,0
2021-10-26,83.41492462158203,83.47975158691406,83.47975158691406,83.47975158691406,83.47975158691406,0
2021-10-27,91.57894134521484,91.65011596679688,91.65011596679688,83.47975158691406,90.58441162109375,5672333
2021-10-28,100.45286560058594,100.53093719482422,100.53093719482422,93.78150939941406,100.53093719482422,38343847
2021-10-29,110.39167022705078,110.47746276855469,110.47746276855469,110.47746276855469,110.47746276855469,2602517
2021-11-01,121.39533996582031,121.48968505859375,121.48968505859375,113.674560546875,113.674560546875,3005069
2021-11-02,133.46389770507812,133.56761169433594,133.56761169433594,132.85714721679688,132.85714721679688,2381535
2021-11-03,146.24234008789062,146.3560028076172,146.3560028076172,146.3560028076172,146.3560028076172,3410437
2021-11-04,160.4406280517578,160.56532287597656,160.56532287597656,160.56532287597656,160.56532287597656,11137760
2021-11-05,176.05874633789062,176.19557189941406,176.19557189941406,176.19557189941406,176.19557189941406,1667919
2021-11-08,193.0966796875,193.2467498779297,193.2467498779297,193.2467498779297,193.2467498779297,6968665
2021-11-09,193.0966796875,193.2467498779297,193.2467498779297,193.2467498779297,193.2467498779297,0
2021-11-10,193.0966796875,193.2467498779297,193.2467498779297,193.2467498779297,193.2467498779297,0
2021-11-11,193.0966796875,193.2467498779297,193.2467498779297,193.2467498779297,193.2467498779297,0
2021-11-12,193.0966796875,193.2467498779297,193.2467498779297,193.2467498779297,193.2467498779297,0
2021-11-15,193.0966796875,193.2467498779297,193.2467498779297,193.2467498779297,193.2467498779297,0
2021-11-16,193.0966796875,193.2467498779297,193.2467498779297,193.2467498779297,193.2467498779297,0
2021-11-17,193.0966796875,193.2467498779297,193.2467498779297,193.2467498779297,193.2467498779297,0
2021-11-18,193.0966796875,193.2467498779297,193.2467498779297,193.2467498779297,193.2467498779297,0
2021-11-19,193.0966796875,193.2467498779297,193.2467498779297,193.2467498779297,193.2467498779297,0
2021-11-22,179.60830688476562,179.74789428710938,211.7188720703125,179.74789428710938,198.93048095703125,11146205
2021-11-23,167.53976440429688,167.66998291015625,178.32696533203125,167.66998291015625,176.19557189941406,440555
2021-11-24,156.18113708496094,156.30252075195312,156.30252075195312,156.30252075195312,156.30252075195312,796660
2021-11-25,145.53240966796875,145.64552307128906,145.64552307128906,145.64552307128906,145.64552307128906,603829
2021-11-26,135.5936279296875,135.69900512695312,135.69900512695312,135.69900512695312,135.69900512695312,8515537
2021-11-29,126.36474609375,126.46295166015625,126.46295166015625,126.46295166015625,126.46295166015625,3255609
2021-11-30,117.84577178955078,117.9373550415039,126.46295166015625,117.9373550415039,122.9106216430664,681243
2021-12-01,109.68175506591797,109.76699829101562,109.76699829101562,109.76699829101562,109.76699829101562,3800322
2021-12-02,102.22765350341797,102.3071060180664,102.3071060180664,102.3071060180664,102.3071060180664,1566577
2021-12-03,95.1285171508789,95.20244598388672,95.20244598388672,95.20244598388672,95.20244598388672,302618
2021-12-06,88.7392807006836,88.8082504272461,88.8082504272461,88.8082504272461,88.8082504272461,105564
2021-12-07,82.70500946044922,82.769287109375,82.769287109375,82.769287109375,82.769287109375,1760816
2021-12-08,77.02569580078125,77.08556365966797,77.08556365966797,77.08556365966797,77.08556365966797,2384350
2021-12-09,71.70133972167969,71.75706481933594,71.75706481933594,71.75706481933594,71.75706481933594,668575
2021-12-10,78.80048370361328,78.86172485351562,78.86172485351562,66.78380584716797,66.78380584716797,22033425
2021-12-13,86.60953521728516,86.67684936523438,86.67684936523438,86.67684936523438,86.67684936523438,2444874
2021-12-14,95.1285171508789,95.20244598388672,95.20244598388672,95.20244598388672,95.20244598388672,1318852
2021-12-15,104.35739135742188,104.4384994506836,104.4384994506836,104.4384994506836,104.4384994506836,686873
2021-12-16,114.65115356445312,114.7402572631836,114.7402572631836,114.7402572631836,114.7402572631836,1427232
2021-12-17,126.00978088378906,126.10771179199219,126.10771179199219,119.0030517578125,126.10771179199219,40759163
2021-12-20,134.17381286621094,134.278076171875,138.54086303710938,117.58212280273438,138.54086303710938,23583112
2021-12-21,128.8494415283203,128.9495849609375,134.278076171875,125.0420150756836,134.278076171875,12083618
2021-12-22,127.7845687866211,127.88388061523438,132.85714721679688,120.77922058105469,132.5019073486328,5621662
2021-12-23,124.58995819091797,124.68678283691406,131.4362030029297,122.55538177490234,131.4362030029297,3563858
2021-12-24,116.07098388671875,116.16119384765625,123.976318359375,116.16119384765625,121.13445281982422,8422640
2021-12-27,120.33047485351562,120.42398834228516,120.77922058105469,113.31932830810547,116.16119384765625,1759408
2021-12-28,120.6854248046875,120.77922058105469,123.26585388183594,113.674560546875,120.42398834228516,1718590
2021-12-29,120.6854248046875,120.77922058105469,122.9106216430664,117.22689056396484,120.77922058105469,2243597
2021-12-30,122.46021270751953,122.55538177490234,127.17341613769531,119.7135238647461,123.26585388183594,3051518
2022-01-03,152.63156127929688,152.75018310546875,152.75018310546875,119.0030517578125,122.55538177490234,12030132
2022-01-04,141.98284912109375,142.09320068359375,190.40489196777344,142.09320068359375,163.4071807861328,47717976
2022-01-05,132.0440673828125,132.1466827392578,141.3827362060547,132.1466827392578,132.1466827392578,11690918
2022-01-06,131.33413696289062,131.4362030029297,134.98854064941406,122.9106216430664,131.4362030029297,7972232
2022-01-07,128.8494415283203,128.9495849609375,134.63330078125,123.26585388183594,134.63330078125,1942387
2022-01-10,134.88372802734375,134.98854064941406,148.48739624023438,127.88388061523438,128.9495849609375,4215543
2022-01-11,126.7197036743164,126.81818389892578,134.98854064941406,126.81818389892578,134.98854064941406,1617248
2022-01-12,126.7197036743164,126.81818389892578,128.59434509277344,121.84491729736328,126.81818389892578,1118983
2022-01-13,126.7197036743164,126.81818389892578,127.17341613769531,124.33155059814453,126.81818389892578,665760
2022-01-14,128.8494415283203,128.9495849609375,129.66004943847656,122.20014953613281,126.81818389892578,650277
2022-01-17,130.97918701171875,131.0809783935547,132.5019073486328,128.9495849609375,128.9495849609375,1781929
2022-01-18,132.0440673828125,132.1466827392578,135.69900512695312,130.37051391601562,132.5019073486328,5051613
2022-01-19,127.42961120605469,127.52864837646484,132.1466827392578,127.17341613769531,132.1466827392578,1164024
2022-01-20,122.81517028808594,122.9106216430664,127.52864837646484,118.64781951904297,125.0420150756836,1750963
2022-01-21,120.33047485351562,120.42398834228516,123.62108612060547,119.0030517578125,122.9106216430664,706578
2022-01-24,120.33047485351562,120.42398834228516,121.84491729736328,119.0030517578125,120.42398834228516,1628508
2022-01-25,116.42594146728516,116.51642608642578,120.77922058105469,116.51642608642578,120.77922058105469,1114761
2022-01-26,117.13585662841797,117.22689056396484,121.48968505859375,111.18792724609375,117.22689056396484,1614433
2022-01-27,117.49081420898438,117.58212280273438,120.77922058105469,114.02979278564453,117.22689056396484,1338558
2022-01-28,119.97551727294922,120.06875610351562,125.39724731445312,119.35829162597656,119.35829162597656,1161209
2022-01-31,125.29986572265625,125.39724731445312,125.39724731445312,117.9373550415039,120.06875610351562,153420
2022-02-02,121.75029754638672,121.84491729736328,129.3048095703125,119.7135238647461,125.75247955322266,1211880
2022-02-03,122.10525512695312,122.20014953613281,127.88388061523438,116.16119384765625,121.84491729736328,1448345
2022-02-04,124.23500061035156,124.33155059814453,127.52864837646484,118.29258728027344,122.20014953613281,1674956
2022-02-07,123.52508544921875,123.62108612060547,128.23912048339844,120.06875610351562,120.06875610351562,910669
2022-02-08,124.58995819091797,124.68678283691406,127.52864837646484,122.20014953613281,122.20014953613281,962748
2022-02-09,123.17012786865234,123.26585388183594,128.23912048339844,123.26585388183594,124.68678283691406,249132
2022-02-10,126.7197036743164,126.81818389892578,127.17341613769531,121.13445281982422,124.33155059814453,1345595
2022-02-11,127.7845687866211,127.88388061523438,132.1466827392578,123.62108612060547,123.62108612060547,2026838
2022-02-14,127.7845687866211,127.88388061523438,131.0809783935547,124.33155059814453,127.52864837646484,1555317
2022-02-15,127.7845687866211,127.88388061523438,130.72573852539062,126.81818389892578,130.72573852539062,796660
2022-02-16,128.13954162597656,128.23912048339844,130.37051391601562,125.75247955322266,127.17341613769531,2945953
2022-02-17,128.49449157714844,128.59434509277344,131.0809783935547,127.88388061523438,128.23912048339844,565825
2022-02-18,160.4406280517578,160.56532287597656,160.56532287597656,133.56761169433594,133.56761169433594,8364932
2022-02-21,200.19581604003906,200.35140991210938,200.35140991210938,170.5118408203125,171.93276977539062,3535707
2022-02-22,249.88983154296875,250.0840301513672,250.0840301513672,216.69212341308594,225.92819213867188,41070226
2022-02-23,312.3622741699219,312.60504150390625,312.60504150390625,253.63636779785156,256.4782409667969,11782407
2022-02-24,354.2472229003906,354.52252197265625,390.7563171386719,304.0794372558594,369.44232177734375,34905259
2022-02-25,399.3267822265625,399.6371154785156,426.27960205078125,355.2330017089844,355.2330017089844,12811309
2022-03-01,399.3267822265625,399.6371154785156,399.6371154785156,399.6371154785156,399.6371154785156,0
2022-03-02,372.70501708984375,372.9946594238281,399.6371154785156,372.9946594238281,399.6371154785156,1462420
2022-03-04,347.1481018066406,347.4178771972656,347.4178771972656,347.4178771972656,347.4178771972656,1712960
2022-03-07,323.010986328125,323.26202392578125,344.5760192871094,323.26202392578125,344.5760192871094,1128836
2022-03-08,301.0036315917969,301.2375793457031,301.94805908203125,301.2375793457031,301.94805908203125,278690
2022-03-09,280.4161376953125,280.6340637207031,355.2330017089844,280.6340637207031,291.2910461425781,15388491
2022-03-10,261.24847412109375,261.45147705078125,281.34454345703125,261.45147705078125,280.6340637207031,1681994
2022-03-11,269.0574951171875,269.2666015625,277.08172607421875,243.68983459472656,244.40029907226562,9637336
2022-03-14,335.7894592285156,336.0504150390625,336.0504150390625,269.2666015625,269.2666015625,17647572
2022-03-15,360.281494140625,360.5614929199219,404.96563720703125,341.023681640625,341.023681640625,18697587
2022-03-16,335.07952880859375,335.3399658203125,376.5469970703125,335.3399658203125,371.2184753417969,4991090
2022-03-17,311.6523742675781,311.8945617675781,319.709716796875,311.8945617675781,319.709716796875,4703954
2022-03-18,312.3622741699219,312.60504150390625,351.6806640625,290.5805969238281,311.8945617675781,7658353
2022-03-21,313.07220458984375,313.3155212402344,328.9457702636719,307.63177490234375,312.60504150390625,3767949
2022-03-22,326.560546875,326.8143615722656,348.12835693359375,319.709716796875,319.709716796875,5245852
2022-03-23,315.911865234375,316.1573791503906,338.89227294921875,315.4468994140625,330.36669921875,2633482
2022-03-24,315.911865234375,316.1573791503906,325.3934326171875,305.5003662109375,317.57830810546875,3209161
2022-03-25,293.9045104980469,294.1329345703125,294.1329345703125,294.1329345703125,294.1329345703125,2913580
2022-03-28,301.7135925292969,301.94805908203125,319.709716796875,274.2398681640625,287.7387390136719,8339596
2022-03-29,319.46142578125,319.709716796875,330.36669921875,304.0794372558594,304.0794372558594,2119735
2022-03-30,304.55322265625,304.7899169921875,320.420166015625,304.7899169921875,320.420166015625,1296332
2022-03-31,301.7135925292969,301.94805908203125,311.8945617675781,298.3957214355469,305.5003662109375,1109131
2022-04-01,308.8127136230469,309.0527038574219,309.0527038574219,298.3957214355469,301.2375793457031,882519
2022-04-04,305.9730529785156,306.2108459472656,315.4468994140625,305.5003662109375,311.8945617675781,485596
2022-04-05,304.55322265625,304.7899169921875,309.0527038574219,300.5271301269531,309.0527038574219,329361
2022-04-06,303.8432922363281,304.0794372558594,309.0527038574219,293.4224548339844,304.7899169921875,847331
2022-04-07,297.4540710449219,297.68524169921875,305.5003662109375,297.68524169921875,298.3957214355469,1138689
2022-04-08,302.4234619140625,302.65850830078125,305.5003662109375,295.5538635253906,298.3957214355469,1294924
2022-04-11,292.48468017578125,292.7120056152344,304.0794372558594,291.2910461425781,304.0794372558594,1438492
2022-04-12,300.29376220703125,300.5271301269531,301.2375793457031,280.6340637207031,292.00152587890625,2298491
2022-04-13,298.1639709472656,298.3957214355469,301.94805908203125,284.1864013671875,300.5271301269531,2482877
2022-04-14,299.58380126953125,299.816650390625,304.7899169921875,299.106201171875,299.106201171875,914892
2022-04-18,303.1333923339844,303.3689880371094,304.7899169921875,299.106201171875,299.816650390625,1369523
2022-04-19,298.1639709472656,298.3957214355469,302.65850830078125,296.97479248046875,300.5271301269531,955710
2022-04-20,298.1639709472656,298.3957214355469,301.94805908203125,296.97479248046875,298.3957214355469,1690439
2022-04-21,305.26312255859375,305.5003662109375,305.5003662109375,297.68524169921875,298.3957214355469,892372
2022-04-22,298.1639709472656,298.3957214355469,305.5003662109375,297.68524169921875,305.5003662109375,510932
2022-04-25,300.29376220703125,300.5271301269531,300.5271301269531,287.7387390136719,298.3957214355469,1304777
2022-04-26,298.1639709472656,298.3957214355469,300.5271301269531,293.4224548339844,300.5271301269531,578493
2022-04-27,291.0648193359375,291.2910461425781,294.8433837890625,290.5805969238281,294.1329345703125,1128836
2022-04-28,302.4234619140625,302.65850830078125,303.3689880371094,284.1864013671875,291.2910461425781,1085203
2022-05-09,333.65972900390625,333.9190368652344,372.9946594238281,304.0794372558594,304.0794372558594,7642870
2022-05-10,319.46142578125,319.709716796875,348.83880615234375,311.1841125488281,333.9190368652344,1580652
2022-05-11,333.65972900390625,333.9190368652344,333.9190368652344,298.3957214355469,312.60504150390625,1410341
2022-05-12,310.94244384765625,311.1841125488281,333.9190368652344,311.1841125488281,333.9190368652344,1023272
2022-05-13,310.2325439453125,310.4736328125,311.1841125488281,305.5003662109375,310.4736328125,212536
2022-05-17,330.11016845703125,330.36669921875,333.20855712890625,310.4736328125,310.4736328125,1960684
2022-05-18,318.75152587890625,318.9992370605469,333.9190368652344,314.0259704589844,332.4980773925781,910669
2022-05-19,333.65972900390625,333.9190368652344,333.9190368652344,318.28875732421875,319.709716796875,702355
2022-05-20,340.75885009765625,341.023681640625,341.023681640625,328.23529052734375,333.20855712890625,1058460
2022-05-23,367.38067626953125,367.6661682128906,372.9946594238281,342.4446105957031,342.4446105957031,2867132
2022-05-24,365.6058654785156,365.8899841308594,396.0848083496094,355.2330017089844,372.9946594238281,2509620
2022-05-25,365.6058654785156,365.8899841308594,372.9946594238281,351.6806640625,364.11383056640625,854368
2022-05-27,358.5067138671875,358.78533935546875,367.6661682128906,355.2330017089844,355.2330017089844,180163
2022-05-30,367.38067626953125,367.6661682128906,372.9946594238281,358.78533935546875,367.6661682128906,834663
2022-05-31,363.8310852050781,364.11383056640625,383.6516418457031,354.52252197265625,369.44232177734375,2063434
2022-06-02,365.6058654785156,365.8899841308594,369.44232177734375,365.8899841308594,365.8899841308594,389884
2022-06-03,395.7772521972656,396.0848083496094,417.3987731933594,367.6661682128906,367.6661682128906,2292861
2022-06-06,402.8763732910156,403.189453125,419.1749267578125,394.3086242675781,396.0848083496094,3635641
2022-06-07,386.9032897949219,387.2039794921875,412.0702819824219,376.5469970703125,408.5179443359375,3770764
2022-06-08,406.4259338378906,406.7417907714844,424.5034484863281,388.9801330566406,397.8609619140625,1525759
2022-06-09,378.02935791015625,378.3231506347656,406.7417907714844,378.3231506347656,406.7417907714844,1375153
2022-06-10,352.11749267578125,352.3911437988281,352.3911437988281,352.3911437988281,352.3911437988281,976823
2022-06-13,362.0563049316406,362.3376770019531,396.0848083496094,328.23529052734375,343.15509033203125,2560291
2022-06-14,356.7319030761719,357.0091552734375,387.2039794921875,348.83880615234375,362.3376770019531,1615840
2022-06-15,345.728271484375,345.9969482421875,357.0091552734375,345.2864685058594,357.0091552734375,2329456
2022-06-16,343.5985107421875,343.86553955078125,355.2330017089844,343.86553955078125,355.2330017089844,999344
2022-06-17,335.07952880859375,335.3399658203125,341.023681640625,333.9190368652344,333.9190368652344,861406
2022-06-20,311.6523742675781,311.8945617675781,333.9190368652344,311.8945617675781,333.9190368652344,2501175
2022-06-21,318.04156494140625,318.28875732421875,321.1306457519531,312.60504150390625,312.60504150390625,793845
2022-06-22,358.5067138671875,358.78533935546875,358.78533935546875,312.60504150390625,317.57830810546875,2549031
2022-06-23,356.7319030761719,357.0091552734375,381.87548828125,348.12835693359375,362.3376770019531,1092240
2022-06-24,358.5067138671875,358.78533935546875,358.78533935546875,352.3911437988281,357.0091552734375,278690
2022-06-27,362.0563049316406,362.3376770019531,367.6661682128906,355.2330017089844,355.2330017089844,593976
2022-06-28,362.0563049316406,362.3376770019531,369.44232177734375,354.52252197265625,369.44232177734375,472929
2022-06-29,358.5067138671875,358.78533935546875,367.6661682128906,354.52252197265625,362.3376770019531,1202027
2022-06-30,358.5067138671875,358.78533935546875,367.6661682128906,354.52252197265625,367.6661682128906,195646
2022-07-01,354.9571228027344,355.2330017089844,362.3376770019531,355.2330017089844,358.78533935546875,1190767
2022-07-04,345.018310546875,345.2864685058594,362.3376770019531,330.36669921875,358.78533935546875,5924280
2022-07-05,417.0746154785156,417.3987731933594,429.8319396972656,341.7341613769531,345.2864685058594,12732488
2022-07-06,500.4895935058594,500.8785400390625,500.8785400390625,390.7563171386719,417.3987731933594,11958348
2022-07-07,578.5801391601562,579.02978515625,582.5821533203125,500.8785400390625,550.6111450195312,15871273
2022-07-08,539.534912109375,539.9541625976562,589.686767578125,539.9541625976562,589.686767578125,8004605
2022-07-11,576.8052978515625,577.2536010742188,625.2100830078125,504.4308776855469,532.8494873046875,6095998
2022-07-12,583.9044799804688,584.3582763671875,603.8961181640625,550.6111450195312,577.2536010742188,1729850
2022-07-13,596.3279418945312,596.7914428710938,603.8961181640625,564.8204956054688,584.3582763671875,1617248
2022-07-14,596.3279418945312,596.7914428710938,612.7769165039062,571.9251098632812,596.7914428710938,1282256
2022-07-15,695.7160034179688,696.2567138671875,696.2567138671875,602.1199340820312,609.224609375,6816652
2022-07-18,695.7160034179688,696.2567138671875,696.2567138671875,696.2567138671875,696.2567138671875,0
2022-07-19,788.0048828125,788.6172485351562,799.2742309570312,657.1810302734375,680.2711791992188,8666143
2022-07-20,851.8971557617188,852.5592041015625,880.9778442382812,774.407958984375,788.6172485351562,7514786
2022-07-21,851.8971557617188,852.5592041015625,852.5592041015625,852.5592041015625,852.5592041015625,0
2022-07-22,851.8971557617188,852.5592041015625,852.5592041015625,852.5592041015625,852.5592041015625,0
2022-07-25,851.8971557617188,852.5592041015625,852.5592041015625,852.5592041015625,852.5592041015625,0
2022-07-26,851.8971557617188,852.5592041015625,852.5592041015625,852.5592041015625,852.5592041015625,0
2022-07-27,851.8971557617188,852.5592041015625,852.5592041015625,852.5592041015625,852.5592041015625,0
2022-07-28,851.8971557617188,852.5592041015625,852.5592041015625,852.5592041015625,852.5592041015625,0
2022-07-29,793.3292236328125,793.9457397460938,841.9022216796875,793.9457397460938,841.9022216796875,2952991
2022-08-01,738.3108520507812,738.8846435546875,765.527099609375,738.8846435546875,765.527099609375,2419538
2022-08-02,811.0770874023438,811.7073974609375,811.7073974609375,687.3758544921875,687.3758544921875,19636407
2022-08-03,890.9423828125,891.6348266601562,891.6348266601562,831.2452392578125,831.2452392578125,4694102
2022-08-04,828.8248901367188,829.4690551757812,976.8907470703125,829.4690551757812,959.1290893554688,10546598
2022-08-05,772.03173828125,772.6317749023438,829.4690551757812,772.6317749023438,829.4690551757812,1517313
2022-08-08,844.7979736328125,845.4545288085938,849.0068969726562,719.3468017578125,754.8701171875,29601697
2022-08-09,924.2816772460938,925.0,925.0,860.0,875.0,64300
2022-08-10,1014.2117919921875,1015.0,1015.0,1015.0,1015.0,410300
2022-08-11,1114.1341552734375,1115.0,1115.0,1100.0,1115.0,2139600
2022-08-12,1154.1031494140625,1155.0,1225.0,1055.0,1140.0,12554900
2022-08-15,1074.1651611328125,1075.0,1075.0,1075.0,1075.0,877300
2022-08-16,999.2234497070312,1000.0,1000.0,1000.0,1000.0,339900
2022-08-18,929.27783203125,930.0,1000.0,930.0,930.0,69594800
2022-08-19,1019.2078857421875,1020.0,1020.0,910.0,925.0,16190800
2022-08-22,1119.1302490234375,1120.0,1120.0,1060.0,1100.0,11860800
2022-08-23,1169.0914306640625,1170.0,1230.0,1060.0,1220.0,29104200
2022-08-24,1164.0953369140625,1165.0,1190.0,1100.0,1170.0,8234500
2022-08-25,1164.0953369140625,1165.0,1190.0,1130.0,1165.0,3274400
2022-08-26,1279.0059814453125,1280.0,1280.0,1160.0,1175.0,8029900
2022-08-29,1548.7962646484375,1550.0,1600.0,1340.0,1400.0,64104900
2022-08-30,1503.831298828125,1505.0,1575.0,1445.0,1560.0,21415700
2022-08-31,1563.78466796875,1565.0,1580.0,1480.0,1520.0,11130100
2022-09-01,1878.5400390625,1880.0,1955.0,1565.0,1580.0,37136500
2022-09-02,1838.5711669921875,1840.0,2010.0,1805.0,1880.0,35433500
2022-09-05,1868.5478515625,1870.0,1900.0,1775.0,1840.0,11484500
2022-09-06,1873.5439453125,1875.0,1945.0,1845.0,1900.0,11806100
2022-09-07,1743.6448974609375,1745.0,1910.0,1745.0,1900.0,18724200
2022-09-08,1623.7381591796875,1625.0,1750.0,1625.0,1745.0,18577300
2022-09-09,1513.823486328125,1515.0,1690.0,1515.0,1600.0,32523000
2022-09-12,1408.905029296875,1410.0,1555.0,1410.0,1510.0,20385100
2022-09-13,1313.978759765625,1315.0,1390.0,1315.0,1350.0,20297500
2022-09-14,1523.8157958984375,1525.0,1525.0,1225.0,1270.0,90230100
2022-09-15,1493.839111328125,1495.0,1575.0,1420.0,1575.0,30069800
2022-09-16,1458.8662109375,1460.0,1505.0,1450.0,1495.0,6646000
2022-09-19,1398.912841796875,1400.0,1530.0,1365.0,1455.0,11412600
2022-09-20,1303.986572265625,1305.0,1435.0,1305.0,1405.0,7222500
2022-09-21,1219.052490234375,1220.0,1305.0,1215.0,1250.0,20666200
2022-09-22,1239.037109375,1240.0,1265.0,1165.0,1215.0,7400800
2022-09-23,1229.044921875,1230.0,1285.0,1225.0,1245.0,4183000
2022-09-26,1144.11083984375,1145.0,1230.0,1145.0,1230.0,6060100
2022-09-27,1069.1690673828125,1070.0,1145.0,1065.0,1100.0,11790400
2022-09-28,1014.2117919921875,1015.0,1120.0,1015.0,1080.0,8736300
2022-09-29,944.26611328125,945.0,1050.0,945.0,1020.0,29315600
2022-09-30,914.2894897460938,915.0,970.0,880.0,925.0,39384600
2022-10-03,1129.12255859375,1130.0,1140.0,870.0,900.0,41955300
2022-10-04,1119.1302490234375,1120.0,1200.0,1055.0,1150.0,22463800
2022-10-05,1044.1884765625,1045.0,1125.0,1045.0,1115.0,17581900
2022-10-06,974.2428588867188,975.0,1020.0,975.0,1010.0,19692000
2022-10-07,949.2622680664062,950.0,1000.0,915.0,960.0,10730200
2022-10-10,984.235107421875,985.0,1045.0,930.0,960.0,18508800
2022-10-11,954.2583618164062,955.0,1030.0,950.0,990.0,7880500
2022-10-12,934.27392578125,935.0,1000.0,935.0,960.0,6161900
2022-10-13,899.3010864257812,900.0,1020.0,875.0,1020.0,9240500
2022-10-14,874.3204956054688,875.0,930.0,875.0,905.0,3665300
2022-10-17,814.3671264648438,815.0,890.0,815.0,880.0,11559100
2022-10-18,844.3438110351562,845.0,905.0,810.0,810.0,12484600
2022-10-19,969.2467651367188,970.0,1025.0,830.0,850.0,20916600
2022-10-20,929.27783203125,930.0,1000.0,905.0,975.0,9363600
2022-10-21,904.2971801757812,905.0,945.0,895.0,945.0,3041200
2022-10-24,884.312744140625,885.0,925.0,880.0,895.0,2740600
2022-10-25,884.312744140625,885.0,915.0,870.0,885.0,3803900
2022-10-26,879.316650390625,880.0,910.0,865.0,885.0,3001600
2022-10-27,874.3204956054688,875.0,905.0,870.0,880.0,3470200
2022-10-28,864.3283081054688,865.0,890.0,860.0,875.0,3131500
2022-10-31,899.3010864257812,900.0,940.0,865.0,865.0,9147000
2022-11-01,904.2971801757812,905.0,950.0,885.0,905.0,6530100
2022-11-02,919.2855834960938,920.0,940.0,900.0,910.0,3149600
2022-11-03,989.231201171875,990.0,990.0,910.0,925.0,8032700
2022-11-04,1114.1341552734375,1115.0,1165.0,980.0,1000.0,36782400
2022-11-07,1039.1923828125,1040.0,1135.0,1040.0,1125.0,12903300
2022-11-08,1014.2117919921875,1015.0,1100.0,990.0,1040.0,8222800
2022-11-09,1049.1845703125,1050.0,1075.0,1000.0,1015.0,4822400
2022-11-10,1009.2156372070312,1010.0,1070.0,1005.0,1050.0,5815500
2022-11-11,1039.1923828125,1040.0,1110.0,1000.0,1015.0,16342600
2022-11-14,1139.11474609375,1140.0,1165.0,1030.0,1040.0,25554600
2022-11-15,1189.075927734375,1190.0,1240.0,1125.0,1150.0,34426800
2022-11-16,1224.0487060546875,1225.0,1225.0,1165.0,1200.0,11660200
2022-11-17,1229.044921875,1230.0,1270.0,1205.0,1230.0,9839100
2022-11-18,1174.0875244140625,1175.0,1245.0,1150.0,1230.0,9507100
2022-11-21,1174.0875244140625,1175.0,1215.0,1160.0,1175.0,4810100
2022-11-22,1189.075927734375,1190.0,1225.0,1160.0,1190.0,6073000
2022-11-23,1219.052490234375,1220.0,1250.0,1190.0,1190.0,5785900
2022-11-24,1219.052490234375,1220.0,1260.0,1180.0,1225.0,6951800
2022-11-25,1189.075927734375,1190.0,1225.0,1175.0,1220.0,4459200
2022-11-28,1109.137939453125,1110.0,1215.0,1110.0,1195.0,7223300
2022-11-29,1034.1962890625,1035.0,1100.0,1035.0,1100.0,3634200
2022-11-30,1069.1690673828125,1070.0,1080.0,965.0,1000.0,6221700
2022-12-01,1019.2078857421875,1020.0,1080.0,1005.0,1050.0,4714200
2022-12-02,1004.2195434570312,1005.0,1035.0,990.0,1020.0,2971900
2022-12-05,999.2234497070312,1000.0,1045.0,980.0,1005.0,3089400
2022-12-06,984.235107421875,985.0,1030.0,975.0,1000.0,3037000
2022-12-07,969.2467651367188,970.0,985.0,920.0,985.0,9495200
2022-12-08,989.231201171875,990.0,1000.0,930.0,970.0,2707300
2022-12-09,974.2428588867188,975.0,1015.0,975.0,990.0,1647200
2022-12-12,1024.2041015625,1025.0,1030.0,960.0,980.0,2766400
2022-12-13,1004.2195434570312,1005.0,1035.0,990.0,1025.0,2037600
2022-12-14,994.227294921875,995.0,1025.0,985.0,1015.0,2865200
2022-12-15,989.231201171875,990.0,1015.0,985.0,995.0,839800
2022-12-16,984.235107421875,985.0,1005.0,980.0,990.0,1099500
2022-12-19,979.239013671875,980.0,1000.0,975.0,995.0,1161700
2022-12-20,939.27001953125,940.0,980.0,940.0,980.0,3786700
2022-12-21,944.26611328125,945.0,975.0,940.0,940.0,1363900
2022-12-22,959.2544555664062,960.0,975.0,950.0,950.0,765300
2022-12-23,989.231201171875,990.0,995.0,960.0,970.0,983500
2022-12-26,994.227294921875,995.0,1025.0,980.0,980.0,2105500
2022-12-27,964.2506713867188,965.0,1000.0,960.0,1000.0,2278500
2022-12-28,939.27001953125,940.0,980.0,930.0,970.0,2372900
2022-12-29,939.27001953125,940.0,960.0,940.0,940.0,676500
2022-12-30,949.2622680664062,950.0,985.0,930.0,940.0,1040400
2023-01-02,954.2583618164062,955.0,985.0,950.0,960.0,1076400
2023-01-03,1019.2078857421875,1020.0,1085.0,965.0,970.0,7343700
2023-01-04,994.227294921875,995.0,1040.0,980.0,1030.0,3213100
2023-01-05,984.235107421875,985.0,1025.0,950.0,1010.0,3757000
2023-01-06,989.231201171875,990.0,1015.0,960.0,960.0,1594700
2023-01-09,984.235107421875,985.0,1005.0,985.0,990.0,1410900
2023-01-10,959.2544555664062,960.0,1000.0,955.0,985.0,2995500
2023-01-11,964.2506713867188,965.0,985.0,960.0,975.0,1270200
2023-01-12,984.235107421875,985.0,1000.0,965.0,965.0,1389100
2023-01-13,984.235107421875,985.0,995.0,975.0,985.0,676000
2023-01-16,979.239013671875,980.0,1000.0,970.0,985.0,1095600
2023-01-17,969.2467651367188,970.0,990.0,965.0,980.0,1364000
2023-01-18,1004.2195434570312,1005.0,1020.0,970.0,970.0,2452400
2023-01-19,1004.2195434570312,1005.0,1035.0,995.0,1005.0,1549400
2023-01-20,1004.2195434570312,1005.0,1020.0,990.0,1005.0,1498500
2023-01-24,1039.1923828125,1040.0,1045.0,1000.0,1005.0,2525500
2023-01-25,1074.1651611328125,1075.0,1115.0,1040.0,1045.0,5058100
2023-01-26,1074.1651611328125,1075.0,1105.0,1050.0,1080.0,1844800
2023-01-27,1074.1651611328125,1075.0,1095.0,1050.0,1075.0,1488600
2023-01-30,1089.153564453125,1090.0,1095.0,1070.0,1070.0,1550000
2023-01-31,1059.1768798828125,1060.0,1095.0,1055.0,1095.0,2380200
2023-02-01,1159.0992431640625,1160.0,1215.0,1055.0,1100.0,14707100
2023-02-02,1184.0797119140625,1185.0,1200.0,1140.0,1160.0,3928400
2023-02-03,1189.075927734375,1190.0,1240.0,1165.0,1185.0,6082400
2023-02-06,1189.075927734375,1190.0,1215.0,1185.0,1195.0,2569400
2023-02-07,1194.072021484375,1195.0,1210.0,1180.0,1195.0,1632600
2023-02-08,1179.0836181640625,1180.0,1200.0,1175.0,1195.0,1270600
2023-02-09,1174.0875244140625,1175.0,1225.0,1155.0,1210.0,3104600
2023-02-10,1139.11474609375,1140.0,1190.0,1100.0,1175.0,3417000
2023-02-13,1119.1302490234375,1120.0,1140.0,1105.0,1135.0,1190300
2023-02-14,1149.10693359375,1150.0,1175.0,1125.0,1125.0,1399000
2023-02-15,1139.11474609375,1140.0,1175.0,1140.0,1150.0,615900
2023-02-16,1174.0875244140625,1175.0,1185.0,1135.0,1145.0,1386700
2023-02-17,1174.0875244140625,1175.0,1200.0,1165.0,1175.0,2290800
2023-02-20,1164.0953369140625,1165.0,1195.0,1165.0,1175.0,622900
2023-02-21,1164.0953369140625,1165.0,1180.0,1145.0,1165.0,1023000
2023-02-22,1129.12255859375,1130.0,1180.0,1105.0,1165.0,2741800
2023-02-23,1054.1807861328125,1055.0,1180.0,1055.0,1180.0,3772000
2023-02-24,1049.1845703125,1050.0,1080.0,1030.0,1055.0,2750800
2023-02-27,1169.0914306640625,1170.0,1195.0,1050.0,1050.0,7849500
2023-02-28,1189.075927734375,1190.0,1210.0,1160.0,1180.0,5634500
2023-03-01,1189.075927734375,1190.0,1235.0,1180.0,1195.0,5806300
2023-03-02,1194.072021484375,1195.0,1220.0,1175.0,1190.0,1658000
2023-03-03,1184.0797119140625,1185.0,1215.0,1165.0,1200.0,2211300
2023-03-06,1189.075927734375,1190.0,1195.0,1165.0,1180.0,1927700
2023-03-07,1174.0875244140625,1175.0,1205.0,1175.0,1190.0,2243000
2023-03-08,1293.994384765625,1295.0,1385.0,1145.0,1180.0,13268200
2023-03-09,1323.9710693359375,1325.0,1365.0,1280.0,1300.0,7084200
2023-03-10,1303.986572265625,1305.0,1330.0,1290.0,1315.0,4282900
2023-03-13,1298.990478515625,1300.0,1320.0,1275.0,1300.0,3119400
2023-03-14,1209.060302734375,1210.0,1300.0,1210.0,1300.0,12977700
2023-03-15,1234.041015625,1235.0,1305.0,1200.0,1210.0,6815700
2023-03-16,1154.1031494140625,1155.0,1265.0,1150.0,1200.0,5266300
2023-03-17,1179.0836181640625,1180.0,1180.0,1100.0,1150.0,2705300
2023-03-20,1179.0836181640625,1180.0,1210.0,1135.0,1180.0,1624700
2023-03-21,1189.075927734375,1190.0,1210.0,1170.0,1180.0,2674200
2023-03-24,1219.052490234375,1220.0,1245.0,1190.0,1190.0,1428200
2023-03-27,1219.052490234375,1220.0,1230.0,1175.0,1220.0,967800
2023-03-28,1229.044921875,1230.0,1235.0,1175.0,1220.0,2171200
2023-03-29,1219.052490234375,1220.0,1245.0,1200.0,1240.0,1567100
2023-03-30,1219.052490234375,1220.0,1240.0,1210.0,1230.0,1602000
2023-03-31,1274.0098876953125,1275.0,1280.0,1205.0,1225.0,2472500
2023-04-03,1269.0137939453125,1270.0,1355.0,1265.0,1335.0,5775800
2023-04-04,1264.0177001953125,1265.0,1290.0,1245.0,1275.0,1521000
2023-04-05,1234.041015625,1235.0,1280.0,1215.0,1265.0,2243300
2023-04-06,1199.068115234375,1200.0,1255.0,1190.0,1240.0,3553600
2023-04-10,1204.064208984375,1205.0,1235.0,1180.0,1200.0,1153500
2023-04-11,1209.060302734375,1210.0,1235.0,1200.0,1205.0,1351000
2023-04-12,1189.075927734375,1190.0,1225.0,1190.0,1210.0,2032300
2023-04-13,1199.068115234375,1200.0,1230.0,1190.0,1190.0,1218500
2023-04-14,1199.068115234375,1200.0,1210.0,1190.0,1200.0,1510900
2023-04-17,1179.0836181640625,1180.0,1200.0,1180.0,1200.0,1094100
2023-04-18,1164.0953369140625,1165.0,1180.0,1135.0,1180.0,3117000
2023-04-26,1154.1031494140625,1155.0,1180.0,1120.0,1165.0,2672300
2023-04-27,1169.0914306640625,1170.0,1180.0,1135.0,1155.0,1413600
2023-04-28,1169.0914306640625,1170.0,1180.0,1155.0,1170.0,1283000
2023-05-02,1154.1031494140625,1155.0,1195.0,1145.0,1175.0,1914800
2023-05-03,1189.075927734375,1190.0,1190.0,1150.0,1155.0,2191700
2023-05-04,1179.0836181640625,1180.0,1190.0,1170.0,1190.0,1118700
2023-05-05,1174.0875244140625,1175.0,1185.0,1160.0,1180.0,1178600
2023-05-08,1219.052490234375,1220.0,1235.0,1170.0,1170.0,2629800
2023-05-09,1214.056396484375,1215.0,1240.0,1205.0,1220.0,1133500
2023-05-10,1234.041015625,1235.0,1240.0,1215.0,1220.0,2566800
2023-05-11,1229.044921875,1230.0,1245.0,1225.0,1235.0,744300
2023-05-12,1224.0487060546875,1225.0,1235.0,1195.0,1235.0,2383600
2023-05-15,1209.060302734375,1210.0,1230.0,1200.0,1220.0,2029100
2023-05-16,1194.072021484375,1195.0,1220.0,1185.0,1220.0,2401700
2023-05-17,1199.068115234375,1200.0,1215.0,1195.0,1195.0,1250100
2023-05-19,1254.0255126953125,1255.0,1275.0,1195.0,1200.0,3505100
2023-05-22,1244.033203125,1245.0,1295.0,1230.0,1255.0,2937300
2023-05-23,1234.041015625,1235.0,1270.0,1230.0,1245.0,2099100
2023-05-24,1343.95556640625,1345.0,1345.0,1235.0,1235.0,16255100
2023-05-25,1468.8585205078125,1470.0,1530.0,1315.0,1365.0,24019100
2023-05-26,1558.78857421875,1560.0,1560.0,1455.0,1470.0,11104400
2023-05-29,1553.7923583984375,1555.0,1835.0,1455.0,1560.0,32848600
2023-05-30,1718.664306640625,1720.0,1735.0,1460.0,1570.0,22997600
2023-05-31,1648.7186279296875,1650.0,1790.0,1620.0,1735.0,15842100
2023-06-05,1673.69921875,1675.0,1710.0,1630.0,1650.0,7157400
2023-06-06,1708.672119140625,1710.0,1740.0,1660.0,1675.0,7754300
2023-06-07,1718.664306640625,1720.0,1760.0,1700.0,1710.0,4328900
2023-06-08,1693.683837890625,1695.0,1735.0,1660.0,1720.0,3916600
2023-06-09,1818.586669921875,1820.0,1820.0,1680.0,1710.0,13702000
2023-06-12,1773.62158203125,1775.0,1850.0,1755.0,1845.0,14708500
2023-06-13,1798.6021728515625,1800.0,1900.0,1770.0,1775.0,23117600
2023-06-14,1783.61376953125,1785.0,1835.0,1610.0,1800.0,17888600
2023-06-15,1733.6527099609375,1735.0,1800.0,1725.0,1785.0,4554100
2023-06-16,1768.62548828125,1770.0,1795.0,1690.0,1740.0,6815700
2023-06-19,1688.6876220703125,1690.0,1835.0,1640.0,1780.0,26727500
2023-06-20,1553.7923583984375,1555.0,1720.0,1545.0,1650.0,17379700
2023-06-21,1678.6953125,1680.0,1680.0,1505.0,1555.0,13994000
2023-06-22,1628.7342529296875,1630.0,1740.0,1630.0,1680.0,8545400
2023-06-23,1568.78076171875,1570.0,1660.0,1570.0,1635.0,5959800
2023-06-26,1578.7730712890625,1580.0,1600.0,1545.0,1600.0,3172700
2023-06-27,1588.765380859375,1590.0,1630.0,1580.0,1580.0,2115400
2023-07-03,1563.78466796875,1565.0,1620.0,1560.0,1590.0,2581700
2023-07-04,1558.78857421875,1560.0,1575.0,1530.0,1570.0,2718100
2023-07-05,1593.761474609375,1595.0,1630.0,1560.0,1560.0,3653300
2023-07-06,1588.765380859375,1590.0,1620.0,1590.0,1595.0,2529300
2023-07-07,1598.757568359375,1600.0,1610.0,1575.0,1600.0,1224000
2023-07-10,1653.7147216796875,1655.0,1675.0,1600.0,1620.0,5668600
2023-07-11,1623.7381591796875,1625.0,1665.0,1610.0,1660.0,3831700
2023-07-12,1593.761474609375,1595.0,1640.0,1580.0,1630.0,10175800
2023-07-13,1588.765380859375,1590.0,1625.0,1590.0,1600.0,1840300
2023-07-14,1708.672119140625,1710.0,1720.0,1590.0,1595.0,10379600
2023-07-17,1703.676025390625,1705.0,1755.0,1685.0,1740.0,5605100
2023-07-18,1693.683837890625,1695.0,1720.0,1680.0,1705.0,1823600
2023-07-20,1743.6448974609375,1745.0,1750.0,1690.0,1700.0,4156500
2023-07-21,1713.668212890625,1715.0,1750.0,1710.0,1750.0,1830600
2023-07-24,1708.672119140625,1710.0,1730.0,1660.0,1715.0,4659600
2023-07-25,1713.668212890625,1715.0,1735.0,1695.0,1720.0,1834000
2023-07-26,1658.7109375,1660.0,1720.0,1660.0,1710.0,6333800
2023-07-27,1698.679931640625,1700.0,1715.0,1660.0,1660.0,2506600
2023-07-28,1698.679931640625,1700.0,1705.0,1680.0,1705.0,1470600
2023-07-31,1693.683837890625,1695.0,1715.0,1670.0,1700.0,2320600
2023-08-01,1803.5982666015625,1805.0,1810.0,1695.0,1705.0,13862500
2023-08-02,1798.6021728515625,1800.0,1840.0,1775.0,1805.0,8716100
2023-08-03,1798.6021728515625,1800.0,1820.0,1760.0,1800.0,5369700
2023-08-04,1798.6021728515625,1800.0,1850.0,1780.0,1810.0,4625400
2023-08-07,1833.5750732421875,1835.0,1835.0,1770.0,1800.0,5233500
2023-08-08,1888.5322265625,1890.0,1900.0,1835.0,1845.0,10392700
2023-08-09,1788.60986328125,1790.0,1970.0,1735.0,1900.0,30281900
2023-08-10,1838.5711669921875,1840.0,1875.0,1735.0,1790.0,17573500
2023-08-11,1928.5013427734375,1930.0,1945.0,1810.0,1840.0,12432800
2023-08-14,2028.423583984375,2030.0,2040.0,1890.0,1935.0,28331400
2023-08-15,2198.29150390625,2200.0,2200.0,1980.0,2030.0,33084600
2023-08-16,2188.29931640625,2190.0,2400.0,2160.0,2200.0,38439500
2023-08-18,2308.206298828125,2310.0,2320.0,2160.0,2190.0,12116700
2023-08-21,2398.13623046875,2400.0,2400.0,2260.0,2330.0,14202400
2023-08-22,2877.763427734375,2880.0,2950.0,2400.0,2400.0,51576100
2023-08-23,3047.631591796875,3050.0,3110.0,2760.0,2910.0,43788200
2023-08-24,3007.66259765625,3010.0,3120.0,2970.0,3080.0,21426600
2023-08-25,3097.592529296875,3100.0,3150.0,2970.0,3020.0,16931800
2023-08-28,3577.2197265625,3580.0,3610.0,3080.0,3100.0,37787200
2023-08-29,3567.2275390625,3570.0,3790.0,3310.0,3580.0,51387000
2023-08-30,3597.204345703125,3600.0,3640.0,3460.0,3580.0,16748300
2023-08-31,3767.072265625,3770.0,3830.0,3570.0,3610.0,21233500
2023-09-01,3787.056884765625,3790.0,3870.0,3720.0,3780.0,14299000
2023-09-04,3677.142333984375,3680.0,3820.0,3680.0,3800.0,11611400
2023-09-05,3567.2275390625,3570.0,3710.0,3410.0,3690.0,24538200
2023-09-06,3607.196533203125,3610.0,3680.0,3550.0,3570.0,10183200
2023-09-07,3577.2197265625,3580.0,3650.0,3470.0,3620.0,7884100
2023-09-08,3587.212158203125,3590.0,3680.0,3530.0,3580.0,5443000
2023-09-11,3497.281982421875,3500.0,3640.0,3500.0,3590.0,4382300
2023-09-12,3317.421875,3320.0,3500.0,3260.0,3490.0,16097100
2023-09-13,3757.080078125,3760.0,3810.0,3270.0,3320.0,26681500
2023-09-14,4126.79248046875,4130.0,4290.0,3780.0,3800.0,35071800
2023-09-15,4046.85498046875,4050.0,4220.0,3960.0,4170.0,19672000
2023-09-18,4046.85498046875,4050.0,4210.0,3990.0,3990.0,13630400
2023-09-19,4066.83935546875,4070.0,4150.0,4020.0,4070.0,9695900
2023-09-20,4056.84716796875,4060.0,4440.0,4030.0,4080.0,37724200
2023-09-21,4086.82373046875,4090.0,4210.0,4050.0,4070.0,16945200
2023-09-22,4176.75390625,4180.0,4200.0,4080.0,4120.0,8328500
2023-09-25,4596.427734375,4600.0,4630.0,4200.0,4200.0,19530500
2023-09-26,4716.33447265625,4720.0,4940.0,4530.0,4630.0,29318500
2023-09-27,4666.373046875,4670.0,4850.0,4550.0,4750.0,11100800
2023-09-29,4826.24951171875,4830.0,4840.0,4600.0,4700.0,10334200
2023-10-02,4936.1640625,4940.0,5200.0,4800.0,4870.0,23652300
2023-10-03,5071.05908203125,5075.0,5100.0,4900.0,5000.0,10396600
2023-10-04,4926.17138671875,4930.0,5125.0,4690.0,5075.0,16060300
2023-10-05,4886.20263671875,4890.0,5025.0,4840.0,4930.0,4841000
2023-10-06,4756.3037109375,4760.0,4920.0,4730.0,4880.0,6859800
2023-10-09,4476.52099609375,4480.0,4820.0,4390.0,4760.0,13930500
2023-10-10,4756.3037109375,4760.0,4790.0,4410.0,4480.0,9166800
2023-10-11,4666.373046875,4670.0,4790.0,4610.0,4740.0,5011800
2023-10-12,4646.388671875,4650.0,4740.0,4580.0,4700.0,3076000
2023-10-13,4646.388671875,4650.0,4760.0,4620.0,4630.0,4050400
2023-10-16,4196.73828125,4200.0,4680.0,4200.0,4650.0,13678700
2023-10-17,4296.66064453125,4300.0,4380.0,4080.0,4190.0,5823800
2023-10-18,4196.73828125,4200.0,4310.0,4040.0,4300.0,10555200
2023-10-19,4226.71533203125,4230.0,4290.0,4150.0,4200.0,3161300
2023-10-20,4006.885986328125,4010.0,4240.0,3970.0,4240.0,8966300
2023-10-23,4576.443359375,4580.0,4640.0,3880.0,4010.0,19958500
2023-10-24,4526.48193359375,4530.0,4620.0,4460.0,4580.0,4157800
2023-10-25,4556.458984375,4560.0,4590.0,4490.0,4530.0,2621700
2023-10-26,4526.48193359375,4530.0,4800.0,4530.0,4560.0,10157500
2023-10-27,4496.505859375,4500.0,4590.0,4390.0,4560.0,4392800
2023-10-30,4346.6220703125,4350.0,4570.0,4250.0,4450.0,5296600
2023-10-31,4366.6064453125,4370.0,4530.0,4280.0,4350.0,4839600
2023-11-01,4156.76953125,4160.0,4420.0,4050.0,4370.0,7193000
2023-11-02,4056.84716796875,4060.0,4410.0,4000.0,4170.0,9390400
2023-11-03,4226.71533203125,4230.0,4330.0,4060.0,4060.0,5042900
2023-11-06,4286.6689453125,4290.0,4380.0,4180.0,4240.0,2238600
2023-11-07,4266.68408203125,4270.0,4340.0,4240.0,4290.0,1793200
2023-11-08,4136.78515625,4140.0,4280.0,4100.0,4280.0,3451600
2023-11-09,4156.76953125,4160.0,4250.0,4100.0,4130.0,2966300
2023-11-10,4146.77734375,4150.0,4200.0,4100.0,4190.0,4052300
2023-11-13,4366.6064453125,4370.0,4650.0,4160.0,4160.0,21914200
2023-11-14,4516.490234375,4520.0,4540.0,4340.0,4380.0,7407300
2023-11-15,4526.48193359375,4530.0,4610.0,4460.0,4540.0,5860000
2023-11-16,4486.51318359375,4490.0,4560.0,4400.0,4550.0,4581700
2023-11-17,4686.3583984375,4690.0,4960.0,4480.0,4500.0,31315800
2023-11-20,4666.373046875,4670.0,4800.0,4620.0,4720.0,6442600
2023-11-21,4646.388671875,4650.0,4740.0,4610.0,4670.0,3996400
2023-11-22,4636.39697265625,4640.0,4780.0,4530.0,4660.0,7636400
2023-11-23,4646.388671875,4650.0,4760.0,4630.0,4650.0,7733000
2023-11-24,4636.39697265625,4640.0,4930.0,4640.0,4750.0,19018800
2023-11-27,4296.66064453125,4300.0,4690.0,4300.0,4640.0,17653300
2023-11-28,4366.6064453125,4370.0,4470.0,4240.0,4300.0,9631900
2023-11-29,4496.505859375,4500.0,4550.0,4320.0,4370.0,7538400
2023-11-30,4696.35009765625,4700.0,4740.0,4500.0,4500.0,17390800
2023-12-01,4596.427734375,4600.0,4710.0,4530.0,4710.0,3384200
2023-12-04,4686.3583984375,4690.0,4700.0,4530.0,4600.0,4219300
2023-12-05,4666.373046875,4670.0,4730.0,4610.0,4670.0,4959100
2023-12-06,4496.505859375,4500.0,4700.0,4440.0,4700.0,8225600
2023-12-07,4546.46630859375,4550.0,4650.0,4410.0,4560.0,6187900
2023-12-08,4696.35009765625,4700.0,4970.0,4520.0,4550.0,41778900
2023-12-11,5870.4375,5875.0,5875.0,4700.0,4750.0,78820400
2023-12-12,5071.05908203125,5075.0,6150.0,4900.0,6050.0,75198800
2023-12-13,5096.03955078125,5100.0,5300.0,4950.0,5300.0,21675100
2023-12-14,5370.82568359375,5375.0,5725.0,5100.0,5100.0,27754300
2023-12-15,5420.787109375,5425.0,5500.0,5300.0,5400.0,10842600
2023-12-18,4956.1484375,4960.0,5500.0,4830.0,5425.0,46272900
2023-12-19,5021.09765625,5025.0,5100.0,4930.0,4970.0,16302300
2023-12-20,4776.2880859375,4780.0,5075.0,4780.0,5050.0,22336200
2023-12-21,4646.388671875,4650.0,4880.0,4500.0,4780.0,20825400
2023-12-22,4776.2880859375,4780.0,4870.0,4660.0,4670.0,8833800
2023-12-27,4816.2568359375,4820.0,4900.0,4760.0,4850.0,5858900
2023-12-28,4816.2568359375,4820.0,4850.0,4750.0,4840.0,2881000
2023-12-29,4896.19482421875,4900.0,5025.0,4750.0,4820.0,11697600
2024-01-02,5021.09765625,5025.0,5100.0,4900.0,4910.0,6853900
2024-01-03,4896.19482421875,4900.0,5100.0,4890.0,5050.0,5918300
2024-01-04,4906.18701171875,4910.0,4950.0,4890.0,4920.0,2106000
2024-01-05,4836.2412109375,4840.0,4920.0,4830.0,4910.0,5687800
2024-01-08,4696.35009765625,4700.0,4940.0,4700.0,4850.0,8678400
2024-01-09,4496.505859375,4500.0,4830.0,4400.0,4700.0,14436900
2024-01-10,4576.443359375,4580.0,4650.0,4370.0,4500.0,7142400
2024-01-11,4456.53662109375,4460.0,4600.0,4280.0,4560.0,18956600
2024-01-12,4496.505859375,4500.0,4530.0,4410.0,4480.0,3818400
2024-01-15,4546.46630859375,4550.0,4570.0,4430.0,4500.0,4177700
2024-01-16,4576.443359375,4580.0,4600.0,4500.0,4560.0,2181700
2024-01-17,4626.404296875,4630.0,4730.0,4560.0,4580.0,7074800
2024-01-18,4566.451171875,4570.0,4680.0,4530.0,4640.0,4252300
2024-01-19,4546.46630859375,4550.0,4670.0,4510.0,4560.0,4138600
2024-01-22,4666.373046875,4670.0,4750.0,4560.0,4560.0,7349300
2024-01-23,4616.41259765625,4620.0,4720.0,4610.0,4670.0,2149400
2024-01-24,4696.35009765625,4700.0,4750.0,4540.0,4640.0,6590900
2024-01-25,4836.2412109375,4840.0,4840.0,4690.0,4700.0,9493400
2024-01-26,4796.2724609375,4800.0,4880.0,4770.0,4840.0,5702100
2024-01-29,4846.23388671875,4850.0,4930.0,4800.0,4800.0,7124100
2024-01-30,4836.2412109375,4840.0,4900.0,4810.0,4850.0,3981200
2024-01-31,4836.2412109375,4840.0,4930.0,4810.0,4840.0,4661600
2024-02-01,4886.20263671875,4890.0,4930.0,4770.0,4840.0,5858200
2024-02-02,4946.15576171875,4950.0,4990.0,4860.0,4890.0,6681900
2024-02-05,4846.23388671875,4850.0,4950.0,4840.0,4950.0,5319600
2024-02-06,4896.19482421875,4900.0,4940.0,4840.0,4850.0,3210700
2024-02-07,4886.20263671875,4890.0,4940.0,4860.0,4900.0,2684000
2024-02-12,5295.88427734375,5300.0,5350.0,4850.0,4890.0,23199000
2024-02-13,5495.72900390625,5500.0,5775.0,5200.0,5375.0,44200400
2024-02-15,5695.57373046875,5700.0,5975.0,5500.0,5750.0,29296100
2024-02-16,5545.68994140625,5550.0,5800.0,5425.0,5700.0,9947800
2024-02-19,5595.6513671875,5600.0,5650.0,5325.0,5600.0,9474700
2024-02-20,5520.70947265625,5525.0,5725.0,5500.0,5600.0,4094500
2024-02-21,5470.748046875,5475.0,5600.0,5400.0,5525.0,4187300
2024-02-22,5520.70947265625,5525.0,5525.0,5400.0,5475.0,4291900
2024-02-23,5295.88427734375,5300.0,5525.0,5225.0,5500.0,9703400
2024-02-26,5245.92333984375,5250.0,5375.0,5200.0,5350.0,4681200
2024-02-27,5121.02001953125,5125.0,5250.0,5125.0,5250.0,5474300
2024-02-28,5295.88427734375,5300.0,5375.0,5100.0,5125.0,4646300
2024-02-29,5245.92333984375,5250.0,5450.0,5250.0,5300.0,5504900
2024-03-01,5245.92333984375,5250.0,5350.0,5150.0,5200.0,5808400
2024-03-04,5195.9619140625,5200.0,5325.0,5200.0,5250.0,3427000
2024-03-05,5121.02001953125,5125.0,5250.0,5125.0,5225.0,6626800
2024-03-06,5245.92333984375,5250.0,5325.0,5125.0,5125.0,5550300
2024-03-07,5220.9423828125,5225.0,5300.0,5175.0,5275.0,1988700
2024-03-08,5245.92333984375,5250.0,5275.0,5175.0,5225.0,3122500
2024-03-13,5445.767578125,5450.0,5525.0,5225.0,5275.0,8930700
2024-03-14,5245.92333984375,5250.0,5500.0,5250.0,5475.0,7333000
2024-03-15,5245.92333984375,5250.0,5300.0,5175.0,5275.0,3338500
2024-03-18,5146.0009765625,5150.0,5275.0,5125.0,5250.0,4793700
2024-03-19,5146.0009765625,5150.0,5225.0,5075.0,5225.0,5476200
2024-03-20,5195.9619140625,5200.0,5300.0,5100.0,5125.0,2974100
2024-03-21,5195.9619140625,5200.0,5300.0,5100.0,5175.0,4216800
2024-03-22,5320.865234375,5325.0,5400.0,5200.0,5200.0,5764300
2024-03-25,5495.72900390625,5500.0,5650.0,5350.0,5650.0,17245400
2024-03-26,5520.70947265625,5525.0,5550.0,5425.0,5550.0,9444400
2024-03-27,5445.767578125,5450.0,5600.0,5450.0,5525.0,4614900
2024-03-28,5570.6708984375,5575.0,5725.0,5450.0,5450.0,11335600
2024-04-01,5345.84521484375,5350.0,5625.0,5300.0,5575.0,7901600
2024-04-02,5520.70947265625,5525.0,5575.0,5325.0,5350.0,5561900
2024-04-03,5470.748046875,5475.0,5675.0,5400.0,5550.0,6741100
2024-04-04,5520.70947265625,5525.0,5525.0,5425.0,5475.0,1726000
2024-04-05,5545.68994140625,5550.0,5650.0,5500.0,5525.0,3790400
2024-04-16,5620.6318359375,5625.0,5675.0,5250.0,5475.0,10258200
2024-04-17,5370.82568359375,5375.0,5625.0,5325.0,5625.0,5846800
2024-04-18,5345.84521484375,5350.0,5400.0,5275.0,5375.0,1875000
2024-04-19,5121.02001953125,5125.0,5350.0,5125.0,5350.0,8567800
2024-04-22,5170.9814453125,5175.0,5300.0,5100.0,5125.0,5522700
2024-04-23,5270.90380859375,5275.0,5425.0,5175.0,5175.0,7645400
2024-04-24,5245.92333984375,5250.0,5300.0,5175.0,5275.0,3611500
2024-04-25,5146.0009765625,5150.0,5275.0,5100.0,5250.0,6352300
2024-04-26,4996.1171875,5000.0,5200.0,4930.0,5150.0,8375500
2024-04-29,4996.1171875,5000.0,5025.0,4920.0,4990.0,3124300
2024-04-30,4926.17138671875,4930.0,5025.0,4900.0,5000.0,5568000
2024-05-02,4726.3271484375,4730.0,4930.0,4640.0,4930.0,8034800
2024-05-03,4746.3115234375,4750.0,4810.0,4680.0,4730.0,2999100
2024-05-06,4836.2412109375,4840.0,4910.0,4750.0,4750.0,3116800
2024-05-07,4886.20263671875,4890.0,4910.0,4780.0,4840.0,4309400
2024-05-08,4896.19482421875,4900.0,5000.0,4840.0,4890.0,1759900
2024-05-13,4896.19482421875,4900.0,4910.0,4820.0,4900.0,1717600
2024-05-14,4886.20263671875,4890.0,4900.0,4860.0,4890.0,1257400
2024-05-15,4896.19482421875,4900.0,4900.0,4790.0,4890.0,2186600
2024-05-16,5320.865234375,5325.0,5325.0,4900.0,4900.0,10209100
2024-05-17,5345.84521484375,5350.0,5425.0,5250.0,5350.0,8085000
2024-05-20,5595.6513671875,5600.0,5625.0,5350.0,5350.0,18479900
2024-05-21,5595.6513671875,5600.0,5825.0,5550.0,5650.0,10391000
2024-05-22,5570.6708984375,5575.0,5625.0,5425.0,5600.0,5105200
2024-05-27,5470.748046875,5475.0,5675.0,5375.0,5550.0,7345000
2024-05-28,5470.748046875,5475.0,5475.0,5325.0,5475.0,7263000
2024-05-29,5270.90380859375,5275.0,5475.0,5275.0,5475.0,3623800
2024-05-30,5121.02001953125,5125.0,5275.0,5100.0,5275.0,4715100
2024-05-31,5121.02001953125,5125.0,5200.0,5000.0,5200.0,4155200
2024-06-03,5071.05908203125,5075.0,5175.0,5000.0,5175.0,2497600
2024-06-04,5071.05908203125,5075.0,5150.0,4990.0,5150.0,2674600
2024-06-05,4916.1796875,4920.0,5125.0,4910.0,5125.0,6455100
2024-06-06,4966.140625,4970.0,5050.0,4900.0,4900.0,2069300
2024-06-07,4996.1171875,5000.0,5025.0,4950.0,5000.0,2622800
2024-06-10,4976.1328125,4980.0,5000.0,4950.0,5000.0,1523100
2024-06-11,4926.17138671875,4930.0,5025.0,4900.0,4980.0,3243200
2024-06-12,4926.17138671875,4930.0,4970.0,4900.0,4970.0,996300
2024-06-13,4926.17138671875,4930.0,4960.0,4920.0,4960.0,931400
2024-06-14,4876.2099609375,4880.0,4930.0,4880.0,4930.0,2038100
2024-06-19,4736.31884765625,4740.0,4920.0,4730.0,4880.0,3959400
2024-06-20,4836.2412109375,4840.0,4840.0,4750.0,4780.0,5687000
2024-06-21,4866.21826171875,4870.0,4940.0,4780.0,4850.0,3636200
2024-06-24,4946.15576171875,4950.0,4980.0,4870.0,4870.0,2913000
2024-06-25,5071.05908203125,5075.0,5250.0,4960.0,4960.0,9248100
2024-06-26,4936.1640625,4940.0,5150.0,4900.0,5100.0,7098500
2024-06-27,4896.19482421875,4900.0,4960.0,4850.0,4940.0,3043600
2024-06-28,4916.1796875,4920.0,4930.0,4860.0,4900.0,1692000
2024-07-01,4906.18701171875,4910.0,4940.0,4840.0,4940.0,6023000
2024-07-02,4936.1640625,4940.0,4950.0,4880.0,4910.0,3004000
2024-07-03,4896.19482421875,4900.0,4960.0,4850.0,4940.0,5585500
2024-07-04,4836.2412109375,4840.0,4960.0,4840.0,4910.0,8623900
2024-07-05,4878.21728515625,4880.0,4880.0,4800.0,4840.0,5485600
2024-07-08,4998.17333984375,5000.0,5050.0,4870.0,4880.0,6582200
2024-07-09,5098.13671875,5100.0,5175.0,4990.0,5050.0,3765600
2024-07-10,5098.13671875,5100.0,5175.0,5050.0,5100.0,2139900
2024-07-11,5298.06396484375,5300.0,5350.0,5050.0,5100.0,10871400
2024-07-12,5572.96337890625,5575.0,5600.0,5300.0,5325.0,16852300
2024-07-15,5398.02734375,5400.0,5600.0,5375.0,5575.0,3743000
2024-07-16,5672.9267578125,5675.0,5700.0,5375.0,5400.0,8934600
2024-07-17,5647.93603515625,5650.0,5700.0,5500.0,5675.0,5006100
2024-07-18,5572.96337890625,5575.0,5650.0,5525.0,5650.0,2218900
2024-07-19,5597.9541015625,5600.0,5650.0,5550.0,5575.0,2079800
2024-07-22,5572.96337890625,5575.0,5650.0,5450.0,5600.0,3536800
2024-07-23,5497.99072265625,5500.0,5650.0,5450.0,5575.0,5270100
2024-07-24,5398.02734375,5400.0,5500.0,5225.0,5500.0,7608100
2024-07-25,5248.08203125,5250.0,5400.0,5200.0,5400.0,4773200
2024-07-26,5298.06396484375,5300.0,5325.0,5250.0,5250.0,1680300
2024-07-29,5298.06396484375,5300.0,5425.0,5225.0,5350.0,3297600
2024-07-30,5298.06396484375,5300.0,5300.0,5200.0,5300.0,1267200
2024-07-31,5323.0546875,5325.0,5375.0,5225.0,5250.0,2500200
2024-08-01,5497.99072265625,5500.0,5550.0,5300.0,5375.0,6072400
2024-08-02,5448.0087890625,5450.0,5475.0,5300.0,5425.0,2240300
2024-08-05,5123.1279296875,5125.0,5425.0,4970.0,5425.0,14937800
2024-08-06,5248.08203125,5250.0,5250.0,5075.0,5100.0,5084000
2024-08-07,5223.09130859375,5225.0,5275.0,5125.0,5250.0,3369700
2024-08-08,5273.07275390625,5275.0,5325.0,5175.0,5200.0,2803600
2024-08-09,5348.04541015625,5350.0,5450.0,5275.0,5275.0,3497000
2024-08-12,5273.07275390625,5275.0,5350.0,5225.0,5325.0,2666900
2024-08-13,5348.04541015625,5350.0,5375.0,5250.0,5350.0,4400400
2024-08-14,5323.0546875,5325.0,5400.0,5275.0,5350.0,3206000
2024-08-15,5448.0087890625,5450.0,5525.0,5300.0,5300.0,3580800
2024-08-16,5448.0087890625,5450.0,5500.0,5350.0,5450.0,2400400
2024-08-19,5373.03662109375,5375.0,5475.0,5350.0,5450.0,2851000
2024-08-20,5448.0087890625,5450.0,5450.0,5275.0,5425.0,4921700
2024-08-21,5897.8447265625,5900.0,6000.0,5425.0,5475.0,28526100
2024-08-22,5797.88134765625,5800.0,6000.0,5675.0,6000.0,12155600
2024-08-23,5847.86279296875,5850.0,6100.0,5800.0,5800.0,10934800
2024-08-26,5922.83544921875,5925.0,6000.0,5800.0,6000.0,4099400
2024-08-27,6647.57080078125,6650.0,6725.0,5850.0,5925.0,27022700
2024-08-28,6997.44287109375,7000.0,7825.0,6650.0,6700.0,42500500
2024-08-29,7522.2509765625,7525.0,7900.0,7000.0,7025.0,28824400
2024-08-30,7747.1689453125,7750.0,8150.0,7525.0,7525.0,31559700
2024-09-02,7722.177734375,7725.0,7950.0,7550.0,7800.0,9177700
2024-09-03,7347.31494140625,7350.0,7825.0,7275.0,7800.0,13745500
2024-09-04,7547.24169921875,7550.0,7700.0,7000.0,7250.0,11815600
2024-09-05,7597.2236328125,7600.0,7800.0,7500.0,7550.0,6767000
2024-09-06,7547.24169921875,7550.0,7675.0,7450.0,7600.0,5768400
2024-09-09,8546.876953125,8550.0,8550.0,7500.0,7550.0,31307400
2024-09-10,8946.73046875,8950.0,9250.0,8550.0,8800.0,35025200
2024-09-11,9796.419921875,9800.0,9875.0,8825.0,8950.0,33578400
2024-09-12,9596.4931640625,9600.0,9800.0,9375.0,9800.0,15240800
2024-09-13,9771.4287109375,9775.0,10050.0,9575.0,9625.0,20834900
2024-09-17,9671.4658203125,9675.0,10075.0,9475.0,9850.0,13089100
2024-09-18,9896.3837890625,9900.0,9900.0,9525.0,9700.0,8859900
2024-09-19,10571.13671875,10575.0,10875.0,9900.0,9950.0,33890200
2024-09-20,10096.310546875,10100.0,10775.0,9625.0,10475.0,23012400
2024-09-23,10246.255859375,10250.0,10400.0,9825.0,10125.0,12780200
2024-09-24,9996.3466796875,10000.0,10500.0,9850.0,10475.0,21979200
2024-09-25,10846.0361328125,10850.0,10925.0,10000.0,10025.0,27882300
2024-09-26,11795.689453125,11800.0,12100.0,10650.0,10900.0,30627100
2024-09-27,11995.6162109375,12000.0,12600.0,11825.0,11900.0,14562100
2024-09-30,11520.7900390625,11525.0,12225.0,10925.0,12000.0,13353300
2024-10-01,11745.7080078125,11750.0,12050.0,11500.0,11525.0,11283000
2024-10-02,11445.8173828125,11450.0,11825.0,11250.0,11750.0,12258500
2024-10-03,11345.853515625,11350.0,11650.0,11100.0,11450.0,6329500
2024-10-04,10596.1279296875,10600.0,11375.0,10600.0,11350.0,13050400
2024-10-07,11245.890625,11250.0,11400.0,10300.0,10625.0,12610900
2024-10-08,11345.853515625,11350.0,11600.0,11125.0,11250.0,7879400
2024-10-09,11245.890625,11250.0,11550.0,11125.0,11300.0,4149400
2024-10-10,11270.880859375,11275.0,11400.0,11000.0,11275.0,3769500
2024-10-11,11995.6162109375,12000.0,12100.0,11275.0,11275.0,14218700
2024-10-14,11970.625,11975.0,12250.0,11800.0,12000.0,6481100
2024-10-15,12095.580078125,12100.0,12200.0,11900.0,11900.0,4867300
2024-10-16,12745.341796875,12750.0,12750.0,12075.0,12150.0,15892400
2024-10-17,13819.94921875,13825.0,14000.0,12750.0,13000.0,21260300
2024-10-18,14269.78515625,14275.0,14300.0,13675.0,13800.0,10567000
2024-10-21,15594.30078125,15600.0,16275.0,14300.0,14375.0,27662000
2024-10-22,15819.21875,15825.0,15975.0,15100.0,15650.0,18518100
2024-10-23,15094.4833984375,15100.0,15875.0,14800.0,15825.0,15384100
2024-10-24,14194.8125,14200.0,15100.0,14100.0,15100.0,20221100
2024-10-25,14969.529296875,14975.0,15200.0,14200.0,14200.0,16475200
2024-10-28,14794.59375,14800.0,15300.0,14250.0,14950.0,14157300
2024-10-29,14994.5205078125,15000.0,15550.0,14700.0,14800.0,14671700
2024-10-30,14894.556640625,14900.0,15150.0,14700.0,15025.0,6554200
2024-10-31,16094.1181640625,16100.0,16400.0,14900.0,14900.0,23284100
2024-11-01,17343.662109375,17350.0,17775.0,16100.0,16200.0,22177000
2024-11-04,17143.734375,17150.0,18800.0,16550.0,17375.0,38628100
2024-11-05,17393.642578125,17400.0,17700.0,16825.0,17150.0,13290700
2024-11-06,16893.826171875,16900.0,17850.0,16900.0,17425.0,10640700
2024-11-07,16793.86328125,16800.0,17250.0,15700.0,16925.0,17780500
2024-11-08,16793.86328125,16800.0,17100.0,16700.0,17000.0,6064000
2024-11-11,15719.255859375,15725.0,16900.0,15625.0,16800.0,16274100
2024-11-12,16518.962890625,16525.0,16650.0,15725.0,15725.0,11114400
2024-11-13,15844.2099609375,15850.0,16800.0,15825.0,16525.0,9222700
2024-11-14,14744.611328125,14750.0,16075.0,14500.0,15850.0,23007700
2024-11-15,14319.7666015625,14325.0,15150.0,13075.0,14750.0,33047200
2024-11-18,14044.8671875,14050.0,14500.0,13875.0,14350.0,9532800
2024-11-19,14494.703125,14500.0,15200.0,13650.0,14075.0,16702100
2024-11-20,14219.8037109375,14225.0,15025.0,14225.0,14700.0,6850700
2024-11-21,14094.8486328125,14100.0,14375.0,14000.0,14300.0,4223400
2024-11-22,14094.8486328125,14100.0,14300.0,13975.0,14100.0,3557800
2024-11-25,14094.8486328125,14100.0,14275.0,14025.0,14100.0,2896900
2024-11-26,15194.447265625,15200.0,15400.0,14050.0,14125.0,15305400
2024-11-28,14969.529296875,14975.0,15500.0,14750.0,15325.0,10646400
2024-11-29,15544.3193359375,15550.0,15750.0,14900.0,14900.0,14326100
2024-12-02,15394.3740234375,15400.0,15650.0,15050.0,15550.0,8888100
2024-12-03,15194.447265625,15200.0,15600.0,15100.0,15400.0,3822500
2024-12-04,15169.4560546875,15175.0,15375.0,15100.0,15375.0,3017000
2024-12-05,15194.447265625,15200.0,15425.0,15150.0,15175.0,3382000
2024-12-06,16993.7890625,17000.0,17300.0,15100.0,15250.0,19871300
2024-12-09,17993.423828125,18000.0,18000.0,17150.0,17150.0,17788600
2024-12-10,17593.5703125,17600.0,18050.0,17125.0,18000.0,10290700
2024-12-11,19093.021484375,19100.0,19650.0,17625.0,17800.0,31902700
2024-12-12,18893.095703125,18900.0,19525.0,18200.0,19275.0,15525500
2024-12-13,18568.21484375,18575.0,19300.0,18450.0,19175.0,7187100
2024-12-16,15894.19140625,15900.0,18500.0,15900.0,18475.0,37061300
2024-12-17,15894.19140625,15900.0,16775.0,15050.0,15050.0,21244200
2024-12-18,15994.1552734375,16000.0,16625.0,15500.0,15900.0,9348500
2024-12-19,15694.2646484375,15700.0,16250.0,15375.0,15700.0,9109400
2024-12-20,16044.13671875,16050.0,16075.0,15500.0,15775.0,7548600
2024-12-23,16319.0361328125,16325.0,16750.0,16175.0,16200.0,10120400
2024-12-24,16194.08203125,16200.0,16600.0,15975.0,16525.0,6674700
2024-12-27,15994.1552734375,16000.0,16325.0,15850.0,16200.0,3665200
2024-12-30,15994.1552734375,16000.0,16200.0,15600.0,16000.0,5065600
2025-01-02,17318.669921875,17325.0,17600.0,15925.0,15975.0,16927400
2025-01-03,17143.734375,17150.0,17500.0,17000.0,17425.0,6719900
2025-01-06,16618.92578125,16625.0,17400.0,16525.0,17150.0,7051700
2025-01-07,17193.716796875,17200.0,17475.0,16025.0,16625.0,14911000
2025-01-08,17668.54296875,17675.0,18100.0,17350.0,17350.0,20912500
2025-01-09,18168.361328125,18175.0,18250.0,17425.0,17675.0,14298600
2025-01-10,17868.470703125,17875.0,18325.0,17100.0,18275.0,24272100
2025-01-13,16618.92578125,16625.0,17925.0,16300.0,17875.0,23474600
2025-01-14,16493.97265625,16500.0,17200.0,16300.0,16625.0,10527700
2025-01-15,15794.2275390625,15800.0,16750.0,15575.0,16525.0,23318300
2025-01-16,15519.328125,15525.0,16200.0,15175.0,15850.0,22446600
2025-01-17,15644.283203125,15650.0,15850.0,15375.0,15550.0,13442000
2025-01-20,15494.337890625,15500.0,16100.0,15500.0,15750.0,10667400
2025-01-21,14094.8486328125,14100.0,15475.0,14025.0,15475.0,33895900
2025-01-22,13819.94921875,13825.0,14575.0,12500.0,14100.0,37017900
2025-01-23,11070.9541015625,11075.0,14075.0,11075.0,13700.0,62526900
2025-01-24,12720.3515625,12725.0,13200.0,9850.0,9850.0,76296400
2025-01-30,12070.5888671875,12075.0,12775.0,11800.0,12750.0,16825100
2025-01-31,11570.771484375,11575.0,12600.0,11450.0,11925.0,13970900
2025-02-03,10021.337890625,10025.0,11000.0,9275.0,11000.0,78143000
2025-02-04,10995.9814453125,11000.0,11550.0,10300.0,10300.0,29532000
2025-02-05,11870.662109375,11875.0,12300.0,11025.0,11300.0,25743000
2025-02-06,11395.8349609375,11400.0,12125.0,11000.0,12050.0,15087400
2025-02-07,11070.9541015625,11075.0,11675.0,10250.0,10500.0,14513100
2025-02-10,10896.017578125,10900.0,11100.0,10350.0,11075.0,10432500
2025-02-11,10346.21875,10350.0,11200.0,10075.0,11100.0,8664200
2025-02-12,11195.908203125,11200.0,11425.0,10175.0,10400.0,11648900
2025-02-13,12195.54296875,12200.0,12425.0,11125.0,11200.0,24725500
2025-02-14,13270.150390625,13275.0,13325.0,12275.0,12275.0,26667300
2025-02-17,12745.341796875,12750.0,14050.0,12550.0,13525.0,28893400
2025-02-18,13070.2236328125,13075.0,13075.0,12525.0,12750.0,10343300
2025-02-19,12870.296875,12875.0,13400.0,12800.0,13200.0,11245300
2025-02-20,12320.4970703125,12325.0,13100.0,12300.0,12900.0,9098200
2025-02-21,12745.341796875,12750.0,12825.0,12200.0,12325.0,7191500
2025-02-24,13045.232421875,13050.0,13450.0,12800.0,13200.0,11519600
2025-02-25,12245.5244140625,12250.0,13125.0,11875.0,13125.0,12985700
2025-02-26,11895.65234375,11900.0,12600.0,11800.0,12250.0,6354700
2025-02-27,11195.908203125,11200.0,12150.0,11175.0,11925.0,7817900
2025-02-28,10995.9814453125,11000.0,11625.0,10825.0,11200.0,5926600
2025-03-03,11645.744140625,11650.0,11775.0,11150.0,11150.0,6940600
2025-03-04,10846.0361328125,10850.0,11775.0,10675.0,11750.0,8328200
2025-03-05,10970.990234375,10975.0,11125.0,10625.0,10850.0,5036400
2025-03-06,11345.853515625,11350.0,11475.0,11025.0,11025.0,6963500
2025-03-07,11620.7529296875,11625.0,12050.0,11200.0,11500.0,8444500
2025-03-10,11445.8173828125,11450.0,11700.0,11225.0,11650.0,3224600
2025-03-11,11195.908203125,11200.0,11350.0,10775.0,11200.0,6672400
2025-03-12,10921.0087890625,10925.0,11300.0,10925.0,11200.0,3564100
2025-03-13,10846.0361328125,10850.0,11100.0,10775.0,10925.0,3608900
2025-03-14,10396.201171875,10400.0,10975.0,10350.0,10900.0,5080200
2025-03-17,10171.283203125,10175.0,10700.0,10075.0,10400.0,4958200
2025-03-18,9071.6845703125,9075.0,10325.0,8150.0,10200.0,41730000
2025-03-19,9221.6298828125,9225.0,9525.0,8875.0,9200.0,10890600
2025-03-20,9471.5390625,9475.0,9950.0,9275.0,9325.0,9454000
2025-03-21,8946.73046875,8950.0,9525.0,8825.0,9500.0,7938100
2025-03-24,8147.0224609375,8150.0,9025.0,7300.0,9000.0,24201500
2025-03-25,8471.904296875,8475.0,8900.0,8075.0,8225.0,12194200
2025-03-26,9096.67578125,9100.0,9250.0,8475.0,8500.0,9041900
2025-03-27,9996.3466796875,10000.0,10850.0,9200.0,9300.0,29559200
2025-04-08,8496.89453125,8500.0,9100.0,8500.0,8500.0,19457400
2025-04-09,7872.123046875,7875.0,8500.0,7450.0,7950.0,24687200
2025-04-10,8871.7578125,8875.0,9250.0,8525.0,9000.0,21291400
2025-04-11,8746.8037109375,8750.0,9175.0,8550.0,8850.0,6663000
2025-04-14,9596.4931640625,9600.0,9775.0,8775.0,8775.0,13038500
2025-04-15,9746.4384765625,9750.0,10225.0,9550.0,9750.0,10481900
2025-04-16,9671.4658203125,9675.0,10200.0,9600.0,9750.0,12056500
2025-04-17,9821.4111328125,9825.0,9925.0,9675.0,9725.0,3814200
2025-04-21,9446.5478515625,9450.0,9900.0,9400.0,9850.0,5305300
2025-04-22,10396.201171875,10400.0,10425.0,9300.0,9450.0,13948300
2025-04-23,11995.6162109375,12000.0,12000.0,10800.0,10800.0,28234500
2025-04-24,11470.8076171875,11475.0,12350.0,11225.0,12025.0,27443800
2025-04-25,11495.798828125,11500.0,11775.0,11400.0,11600.0,7719400
2025-04-28,11470.8076171875,11475.0,11775.0,11250.0,11525.0,7981800
2025-04-29,11270.880859375,11275.0,11525.0,11275.0,11475.0,4926200
2025-04-30,11345.853515625,11350.0,11700.0,11125.0,11300.0,8009200
2025-05-02,11595.7626953125,11600.0,11950.0,11175.0,11325.0,13508000
2025-05-05,11595.7626953125,11600.0,11725.0,11525.0,11625.0,5006100
2025-05-06,11545.7802734375,11550.0,11650.0,11500.0,11600.0,3176400
2025-05-07,11470.8076171875,11475.0,11625.0,11375.0,11550.0,5932300
2025-05-08,10995.9814453125,11000.0,11500.0,11000.0,11475.0,8568800
2025-05-09,10995.9814453125,11000.0,11275.0,10975.0,11000.0,3532300
2025-05-14,11395.8349609375,11400.0,11500.0,11125.0,11250.0,5567700
2025-05-15,12070.5888671875,12075.0,12400.0,11450.0,11500.0,25666600
2025-05-16,11670.7353515625,11675.0,12300.0,11600.0,12300.0,11269400
2025-05-19,11395.8349609375,11400.0,11775.0,11400.0,11700.0,6390300
2025-05-20,10921.0087890625,10925.0,11400.0,10675.0,11200.0,15976300
2025-05-21,11120.935546875,11125.0,11450.0,11000.0,11000.0,10447900
2025-05-22,11020.97265625,11025.0,11225.0,10950.0,11175.0,3413400
2025-05-23,10896.017578125,10900.0,11000.0,10900.0,10975.0,2956200
2025-05-26,10725.0,10725.0,11125.0,10725.0,10925.0,4688500
2025-05-27,10725.0,10725.0,10950.0,10700.0,10725.0,3124800
2025-05-28,10700.0,10700.0,10825.0,10700.0,10800.0,3099700
2025-06-02,10450.0,10450.0,10775.0,10425.0,10725.0,5166000
2025-06-03,10775.0,10775.0,11000.0,10225.0,10450.0,7955200
2025-06-04,10925.0,10925.0,11125.0,10750.0,10875.0,6832400
2025-06-05,10900.0,10900.0,11100.0,10775.0,11100.0,3826200
2025-06-10,10650.0,10650.0,10900.0,10575.0,10900.0,5489600
2025-06-11,11000.0,11000.0,11125.0,10625.0,10725.0,6153600
2025-06-12,10900.0,10900.0,11100.0,10825.0,11050.0,3542400
2025-06-13,10700.0,10700.0,10950.0,10650.0,10925.0,3367900
2025-06-16,11250.0,11250.0,11500.0,10700.0,10725.0,11402500
2025-06-17,11100.0,11100.0,11775.0,11050.0,11375.0,11960500
2025-06-18,11975.0,11975.0,12075.0,11150.0,11150.0,29048700
2025-06-19,11900.0,11900.0,12500.0,11400.0,12050.0,25179600
2025-06-20,11525.0,11525.0,12025.0,11350.0,12000.0,12897600
2025-06-23,11000.0,11000.0,11400.0,10800.0,11150.0,10875500
2025-06-24,11800.0,11800.0,11900.0,11225.0,11325.0,7929200
2025-06-25,11400.0,11400.0,12100.0,11325.0,11925.0,10549200
2025-06-26,11600.0,11600.0,11775.0,11400.0,11500.0,5352800
2025-06-30,11300.0,11300.0,11750.0,11300.0,11700.0,4231700
2025-07-01,11350.0,11350.0,11550.0,11300.0,11350.0,2271200
2025-07-02,10925.0,10925.0,11450.0,10875.0,11350.0,5786200
2025-07-03,11075.0,11075.0,11250.0,10950.0,10950.0,2279300
2025-07-04,11125.0,11125.0,11225.0,11025.0,11075.0,2112100
2025-07-07,11425.0,11425.0,11425.0,11025.0,11200.0,2736700
2025-07-08,12200.0,12200.0,12300.0,11400.0,11450.0,16337100
2025-07-09,13575.0,13575.0,13925.0,12200.0,12200.0,40243400
2025-07-10,13575.0,13575.0,13825.0,13200.0,13600.0,14066100
2025-07-11,13600.0,13600.0,14200.0,13350.0,13525.0,13579800
2025-07-14,14600.0,14600.0,14950.0,13625.0,13875.0,25172900
2025-07-15,14525.0,14525.0,14700.0,14075.0,14600.0,12203300
2025-07-16,14575.0,14575.0,14850.0,14375.0,14725.0,13254800
2025-07-17,14575.0,14575.0,14750.0,14375.0,14600.0,5550600
2025-07-18,14150.0,14150.0,14700.0,14100.0,14700.0,10576800
2025-07-21,15625.0,15625.0,15625.0,13725.0,14150.0,28087300
2025-07-22,15075.0,15075.0,15900.0,14675.0,15675.0,22594400
2025-07-23,16700.0,16700.0,16700.0,14475.0,14975.0,45078400
2025-07-24,16225.0,16225.0,16900.0,16150.0,16700.0,21534500
2025-07-25,16000.0,16000.0,16325.0,15200.0,15300.0,19758000
2025-07-28,15975.0,15975.0,16525.0,15875.0,16025.0,11617900
2025-07-29,15775.0,15775.0,16150.0,15675.0,15975.0,12882200
2025-07-30,16025.0,16025.0,16800.0,15775.0,15800.0,20871700
2025-07-31,16500.0,16500.0,16500.0,15900.0,16025.0,13553500
2025-08-01,16125.0,16125.0,16350.0,15925.0,16300.0,10507500
2025-08-04,15775.0,15775.0,16275.0,15500.0,16250.0,14979600
2025-08-05,15675.0,15675.0,15950.0,15475.0,15925.0,8057900
2025-08-06,15750.0,15750.0,16100.0,15575.0,15700.0,6888800
2025-08-07,15725.0,15725.0,15925.0,15575.0,15775.0,5656900
2025-08-08,15800.0,15800.0,16300.0,15675.0,16125.0,6668500
2025-08-11,16450.0,16450.0,16475.0,15900.0,15950.0,12217400
2025-08-12,16300.0,16300.0,16550.0,16050.0,16475.0,11464100
2025-08-13,16025.0,16025.0,16425.0,15900.0,16375.0,8803500
2025-08-14,16000.0,16000.0,16075.0,15800.0,16050.0,7163100
2025-08-15,15875.0,15875.0,16000.0,15675.0,16000.0,6048400
2025-08-19,15925.0,15925.0,16250.0,15875.0,16200.0,11015400
2025-08-20,15950.0,15950.0,16150.0,15875.0,15950.0,9424900
2025-08-21,15875.0,15875.0,16000.0,15850.0,15975.0,3652800
2025-08-22,16000.0,16000.0,16450.0,15875.0,15875.0,11135900
2025-08-25,16025.0,16025.0,16625.0,15875.0,16000.0,30297700
2025-08-26,15125.0,15125.0,15850.0,14625.0,15850.0,58401100
2025-08-27,15100.0,15100.0,15500.0,14975.0,15125.0,13252200
2025-08-28,15175.0,15175.0,15275.0,14975.0,15025.0,5682700
2025-08-29,15200.0,15200.0,15250.0,14525.0,15000.0,20531900
2025-09-01,15425.0,15425.0,15475.0,14600.0,14650.0,18062800
2025-09-02,15875.0,15875.0,16050.0,15450.0,15600.0,17104100
2025-09-03,15550.0,15550.0,16700.0,15450.0,16625.0,36886100
2025-09-04,15200.0,15200.0,15625.0,15200.0,15575.0,7612800
2025-09-08,14325.0,14325.0,15200.0,14100.0,15200.0,21663700
2025-09-09,13175.0,13175.0,14200.0,13000.0,14000.0,42128400
2025-09-10,14150.0,14150.0,14450.0,13200.0,13200.0,22133100
2025-09-11,14000.0,14000.0,14475.0,13825.0,14300.0,7819200
2025-09-12,13850.0,13850.0,14100.0,13800.0,14050.0,4448000
2025-09-15,13700.0,13700.0,13925.0,13700.0,13875.0,5102700
2025-09-16,13575.0,13575.0,13950.0,13550.0,13725.0,4847400
2025-09-17,13500.0,13500.0,13775.0,13300.0,13600.0,9031800
2025-09-18,13400.0,13400.0,13650.0,13350.0,13500.0,4696500
2025-09-19,13225.0,13225.0,13525.0,13200.0,13400.0,5599100
2025-09-22,13350.0,13350.0,13575.0,13075.0,13275.0,4886600
2025-09-23,13250.0,13250.0,13400.0,13125.0,13350.0,7935200
2025-09-24,13350.0,13350.0,13550.0,12850.0,13250.0,18479600
2025-09-25,13175.0,13175.0,13450.0,13100.0,13375.0,5438800
2025-09-26,13175.0,13175.0,13350.0,13150.0,13300.0,4430400
2025-09-29,13825.0,13825.0,13875.0,13175.0,13175.0,11311700
2025-09-30,14000.0,14000.0,14450.0,13675.0,13950.0,12950700
2025-10-01,13925.0,13925.0,14275.0,13925.0,14050.0,5710100
2025-10-02,14650.0,14650.0,14825.0,14050.0,14050.0,16871100
2025-10-03,14975.0,14975.0,15000.0,14525.0,14725.0,11217100
2025-10-06,15750.0,15750.0,16100.0,15050.0,15250.0,25970100
2025-10-07,15150.0,15150.0,15950.0,15075.0,15925.0,13572800
2025-10-08,15375.0,15375.0,15400.0,14225.0,15175.0,18023700
2025-10-09,14775.0,14775.0,15750.0,14400.0,15725.0,20949700
2025-10-10,14750.0,14750.0,14900.0,14525.0,14800.0,7103800
2025-10-13,13600.0,13600.0,14575.0,13525.0,14350.0,25691500
2025-10-14,14000.0,14000.0,14500.0,13600.0,14075.0,21118400
2025-10-15,14075.0,14075.0,14350.0,13825.0,14300.0,9047900
2025-10-16,14150.0,14150.0,14175.0,13975.0,14100.0,4350400
2025-10-17,14050.0,14050.0,14150.0,13900.0,14150.0,6344000
2025-10-20,14425.0,14425.0,14775.0,14250.0,14500.0,10491400
2025-10-21,14350.0,14350.0,14425.0,14150.0,14425.0,6298900
2025-10-22,14600.0,14600.0,14625.0,14250.0,14400.0,10404600
2025-10-23,14300.0,14300.0,14550.0,14300.0,14550.0,5474100
2025-10-24,14025.0,14025.0,14325.0,14025.0,14175.0,6649000
2025-10-27,13700.0,13700.0,14200.0,13100.0,14075.0,22418100
2025-10-28,13500.0,13500.0,13700.0,13300.0,13700.0,4888600
2025-10-29,14000.0,14000.0,14000.0,13375.0,13525.0,8903800
2025-10-30,14000.0,14000.0,14075.0,13675.0,14000.0,5586900
2025-10-31,14050.0,14050.0,14300.0,13975.0,14125.0,6870000
2025-11-03,14025.0,14025.0,14150.0,13925.0,14125.0,3255700
2025-11-04,14025.0,14025.0,14075.0,13900.0,14050.0,3513900
2025-11-05,14300.0,14300.0,14300.0,13900.0,14025.0,3521900
2025-11-06,14275.0,14275.0,14500.0,13925.0,14500.0,6717700
2025-11-07,14575.0,14575.0,14825.0,14300.0,14325.0,14359800
2025-11-10,14375.0,14375.0,14675.0,14325.0,14675.0,5137400
2025-11-11,14300.0,14300.0,14425.0,14100.0,14400.0,6825300
2025-11-12,14200.0,14200.0,14475.0,14150.0,14350.0,6343000
2025-11-13,14200.0,14200.0,14350.0,14100.0,14175.0,3972800
2025-11-14,14725.0,14725.0,15700.0,14175.0,14175.0,42106500
2025-11-17,14400.0,14400.0,15200.0,14350.0,14725.0,30019100
2025-11-18,14225.0,14225.0,14475.0,14225.0,14400.0,5674800
2025-11-19,14000.0,14000.0,14250.0,13700.0,14225.0,14080600
2025-11-20,13900.0,13900.0,14075.0,13900.0,14000.0,5521400
2025-11-21,14025.0,14025.0,14350.0,13825.0,13875.0,6807500
2025-11-24,14275.0,14275.0,14425.0,14025.0,14100.0,7246000
2025-11-25,13900.0,13900.0,14125.0,13875.0,13900.0,10875900
2025-11-26,13775.0,13775.0,13975.0,13750.0,13925.0,8429200
2025-11-27,13850.0,13850.0,14100.0,13600.0,13775.0,9229700
2025-11-28,14025.0,14025.0,14300.0,13875.0,13900.0,12919700
2025-12-01,13414.9853515625,13414.9853515625,13987.423828125,13240.7646484375,13962.53515625,26123649
2025-12-02,13614.0947265625,13614.0947265625,13838.091796875,13240.7646484375,13414.9853515625,10547777
2025-12-03,13638.9833984375,13638.9833984375,13862.98046875,13539.4287109375,13663.8720703125,8027553
2025-12-04,13638.9833984375,13638.9833984375,13738.5380859375,13589.2060546875,13688.7607421875,3148422
2025-12-05,13614.0947265625,13614.0947265625,13663.8720703125,13489.6513671875,13638.9833984375,4255051
2025-12-08,13838.091796875,13838.091796875,14136.755859375,13713.6494140625,13713.6494140625,15009649
2025-12-09,13625.0,13625.0,13950.0,13600.0,13900.0,6179500
2025-12-10,13425.0,13425.0,13700.0,13400.0,13625.0,7403000
2025-12-11,13300.0,13300.0,13600.0,13200.0,13500.0,6409600
2025-12-12,13700.0,13700.0,14125.0,13275.0,13475.0,8246500
2025-12-15,13425.0,13425.0,13800.0,13425.0,13775.0,7746400
2025-12-16,13475.0,13475.0,13600.0,13325.0,13425.0,5612800
2025-12-17,13650.0,13650.0,14000.0,13475.0,13600.0,9363800
2025-12-18,13300.0,13300.0,13750.0,13275.0,13750.0,8158600
2025-12-19,13200.0,13200.0,13475.0,13125.0,13325.0,6750900
2025-12-22,12225.0,12225.0,13200.0,11825.0,13200.0,35202200
2025-12-23,11775.0,11775.0,12225.0,11575.0,12225.0,19008300
2025-12-24,11750.0,11750.0,12025.0,11550.0,11775.0,11664200
2025-12-29,11950.0,11950.0,11950.0,11500.0,11750.0,7498900
2025-12-30,12600.0,12600.0,12600.0,11900.0,11975.0,13197200
