Date,Adj Close,Close,High,Low,Open,Volume
2020-01-02,297.9123840332031,320.53863525390625,320.53863525390625,318.6192626953125,320.53863525390625,1065440
2020-01-03,297.9123840332031,320.53863525390625,322.4580383300781,320.53863525390625,320.53863525390625,998440
2020-01-06,294.3445739746094,316.6998596191406,320.53863525390625,314.78045654296875,320.53863525390625,68459
2020-01-07,294.3445739746094,316.6998596191406,316.6998596191406,314.78045654296875,316.6998596191406,339482
2020-01-08,294.3445739746094,316.6998596191406,316.6998596191406,314.78045654296875,316.6998596191406,1521314
2020-01-09,292.5606689453125,314.78045654296875,316.6998596191406,314.78045654296875,316.6998596191406,806504
2020-01-10,292.5606689453125,314.78045654296875,314.78045654296875,312.861083984375,314.78045654296875,1127022
2020-01-13,292.5606689453125,314.78045654296875,314.78045654296875,312.861083984375,314.78045654296875,1275507
2020-01-14,292.5606689453125,314.78045654296875,314.78045654296875,312.861083984375,314.78045654296875,1105974
2020-01-15,292.5606689453125,314.78045654296875,314.78045654296875,312.861083984375,314.78045654296875,1240704
2020-01-16,292.5606689453125,314.78045654296875,314.78045654296875,312.861083984375,314.78045654296875,967076
2020-01-17,290.7767639160156,312.861083984375,314.78045654296875,312.861083984375,314.78045654296875,135876
2020-01-20,288.99285888671875,310.9416809082031,312.861083984375,309.02227783203125,312.861083984375,467752
2020-01-21,288.99285888671875,310.9416809082031,310.9416809082031,309.02227783203125,310.9416809082031,1273319
2020-01-22,288.99285888671875,310.9416809082031,310.9416809082031,309.02227783203125,310.9416809082031,1060439
2020-01-23,288.99285888671875,310.9416809082031,310.9416809082031,309.02227783203125,310.9416809082031,1173391
2020-01-24,288.99285888671875,310.9416809082031,310.9416809082031,309.02227783203125,310.9416809082031,1007505
2020-01-27,281.8572082519531,303.26409912109375,310.9416809082031,303.26409912109375,310.9416809082031,568617
2020-01-28,271.1537780761719,291.74774169921875,303.26409912109375,291.74774169921875,303.26409912109375,328020
2020-01-29,267.5859680175781,287.9089660644531,295.5865478515625,287.9089660644531,291.74774169921875,1108371
2020-01-30,264.0181579589844,284.0701599121094,287.9089660644531,284.0701599121094,287.9089660644531,1054499
2020-01-31,260.4503479003906,280.23138427734375,284.0701599121094,280.23138427734375,284.0701599121094,1004588
2020-02-03,253.31471252441406,272.5538024902344,280.23138427734375,272.5538024902344,280.23138427734375,423467
2020-02-04,253.31471252441406,272.5538024902344,272.5538024902344,270.6344299316406,272.5538024902344,1112434
2020-02-05,255.0986328125,274.47320556640625,274.47320556640625,272.5538024902344,272.5538024902344,1321355
2020-02-06,249.7469024658203,268.71502685546875,274.47320556640625,268.71502685546875,274.47320556640625,925500
2020-02-07,249.7469024658203,268.71502685546875,268.71502685546875,266.7956237792969,268.71502685546875,1114831
2020-02-10,247.96299743652344,266.7956237792969,268.71502685546875,264.8762512207031,268.71502685546875,1008860
2020-02-11,247.96299743652344,266.7956237792969,266.7956237792969,264.8762512207031,266.7956237792969,1150051
2020-02-12,247.96299743652344,266.7956237792969,266.7956237792969,264.8762512207031,266.7956237792969,1093991
2020-02-13,244.3951873779297,262.95684814453125,266.7956237792969,262.95684814453125,266.7956237792969,675421
2020-02-14,244.3951873779297,262.95684814453125,262.95684814453125,261.0374450683594,262.95684814453125,1118791
2020-02-17,235.47564697265625,253.35987854003906,262.95684814453125,253.35987854003906,262.95684814453125,118787
2020-02-18,224.772216796875,241.84352111816406,253.35987854003906,241.84352111816406,253.35987854003906,395020
2020-02-19,222.98831176757812,239.92413330078125,241.84352111816406,239.92413330078125,241.84352111816406,1331254
2020-02-20,217.6365966796875,234.16595458984375,241.84352111816406,234.16595458984375,239.92413330078125,1259981
2020-02-21,210.5009765625,226.48838806152344,234.16595458984375,226.48838806152344,234.16595458984375,690009
2020-02-24,199.7975311279297,214.97203063964844,226.48838806152344,214.97203063964844,226.48838806152344,819634
2020-02-25,189.09410095214844,203.45567321777344,214.97203063964844,203.45567321777344,214.97203063964844,1084301
2020-02-26,181.95846557617188,195.77809143066406,203.45567321777344,195.77809143066406,203.45567321777344,1075965
2020-02-27,178.39064025878906,191.93930053710938,195.77809143066406,191.93930053710938,195.77809143066406,1010423
2020-02-28,171.25502014160156,184.26173400878906,191.93930053710938,184.26173400878906,191.93930053710938,849122
2020-03-02,158.76768493652344,170.82598876953125,184.26173400878906,170.82598876953125,184.26173400878906,345525
2020-03-03,160.5515899658203,172.74537658691406,172.74537658691406,170.82598876953125,170.82598876953125,763053
2020-03-04,156.09182739257812,167.9468994140625,172.74537658691406,167.9468994140625,172.74537658691406,362718
2020-03-05,155.19985961914062,166.98719787597656,167.9468994140625,163.14840698242188,163.14840698242188,45847
2020-03-06,154.3079071044922,166.02749633789062,166.98719787597656,165.06781005859375,166.98719787597656,991980
2020-03-09,147.1722869873047,158.3499298095703,166.02749633789062,158.3499298095703,166.02749633789062,1522668
2020-03-10,147.1722869873047,158.3499298095703,161.22901916503906,158.3499298095703,158.3499298095703,1089406
2020-03-11,142.7125244140625,153.55145263671875,159.30963134765625,153.55145263671875,158.3499298095703,124414
2020-03-12,139.14471435546875,149.71266174316406,153.55145263671875,149.71266174316406,153.55145263671875,936754
2020-03-13,130.2251739501953,140.11569213867188,149.71266174316406,140.11569213867188,149.71266174316406,71585
2020-03-16,130.2251739501953,140.11569213867188,140.11569213867188,140.11569213867188,140.11569213867188,0
2020-03-17,115.06196594238281,123.80084991455078,131.47842407226562,123.80084991455078,131.47842407226562,284048
2020-03-18,108.81829833984375,117.08297729492188,123.80084991455078,117.08297729492188,123.80084991455078,70334
2020-03-19,101.68267059326172,109.40540313720703,116.12328338623047,109.40540313720703,116.12328338623047,79921
2020-03-20,95.43900299072266,102.68753051757812,108.44570922851562,102.68753051757812,108.44570922851562,122121
2020-03-23,89.19532012939453,95.96965026855469,101.72783660888672,95.96965026855469,101.72783660888672,82734
2020-03-24,82.95165252685547,89.25177764892578,99.80844116210938,89.25177764892578,95.96965026855469,232365
2020-03-26,89.19532012939453,95.96965026855469,95.96965026855469,89.25177764892578,89.25177764892578,660521
2020-03-27,89.19532012939453,95.96965026855469,102.68753051757812,95.96965026855469,95.96965026855469,496823
2020-03-30,83.8436050415039,90.21147155761719,95.00995635986328,89.25177764892578,95.00995635986328,35011
2020-03-31,84.73555755615234,91.17117309570312,92.13086700439453,90.21147155761719,90.21147155761719,440555
2020-04-01,84.73555755615234,91.17117309570312,91.17117309570312,90.21147155761719,90.21147155761719,245702
2020-04-02,79.38384246826172,85.41299438476562,91.17117309570312,85.41299438476562,90.21147155761719,326665
2020-04-03,75.81602478027344,81.57420349121094,86.37268829345703,79.65481567382812,85.41299438476562,198917
2020-04-06,79.38384246826172,85.41299438476562,85.41299438476562,81.57420349121094,81.57420349121094,853811
2020-04-07,74.03211975097656,79.65481567382812,87.33238220214844,79.65481567382812,85.41299438476562,440451
2020-04-08,71.35626220703125,76.77572631835938,81.57420349121094,76.77572631835938,79.65481567382812,236428
2020-04-09,66.89649200439453,71.97724151611328,81.57420349121094,71.97724151611328,76.77572631835938,587060
2020-04-13,63.328678131103516,68.1384506225586,72.93693542480469,67.17875671386719,71.97724151611328,562365
2020-04-14,60.65281677246094,65.25936126708984,71.01753997802734,64.29966735839844,68.1384506225586,1746072
2020-04-15,57.08500671386719,61.42057800292969,67.17875671386719,61.42057800292969,65.25936126708984,855999
2020-04-16,53.51719284057617,57.581790924072266,61.42057800292969,57.581790924072266,61.42057800292969,2710440
2020-04-17,55.30110168457031,59.50118637084961,59.50118637084961,54.702701568603516,57.581790924072266,1073464
2020-04-20,51.7332878112793,55.66239929199219,73.8966293334961,55.66239929199219,59.50118637084961,10403392
2020-04-21,48.16547393798828,51.823612213134766,56.622093200683594,51.823612213134766,54.702701568603516,7379728
2020-04-22,46.381568908691406,49.90422058105469,53.74300765991211,48.944522857666016,51.823612213134766,7266359
2020-04-23,44.597660064697266,47.984825134277344,51.823612213134766,47.984825134277344,49.90422058105469,12296178
2020-04-24,52.625240325927734,56.622093200683594,60.460880279541016,47.984825134277344,47.984825134277344,9722552
2020-04-27,49.057430267333984,52.78330993652344,56.622093200683594,52.78330993652344,56.622093200683594,1791712
2020-04-28,46.381568908691406,49.90422058105469,52.78330993652344,49.90422058105469,51.823612213134766,4719408
2020-04-29,44.597660064697266,47.984825134277344,47.984825134277344,47.984825134277344,47.984825134277344,14490934
2020-04-30,45.48961639404297,48.944522857666016,49.90422058105469,47.984825134277344,47.984825134277344,11912515
2020-05-04,44.597660064697266,47.984825134277344,48.944522857666016,47.984825134277344,48.944522857666016,10275018
2020-05-05,44.597660064697266,47.984825134277344,47.984825134277344,47.984825134277344,47.984825134277344,1353031
2020-05-06,45.48961639404297,48.944522857666016,48.944522857666016,47.984825134277344,47.984825134277344,10288877
2020-05-08,44.597660064697266,47.984825134277344,50.863914489746094,47.984825134277344,47.984825134277344,2718880
2020-05-11,49.94938278198242,53.74300765991211,55.66239929199219,47.984825134277344,47.984825134277344,10382865
2020-05-12,48.16547393798828,51.823612213134766,54.702701568603516,51.823612213134766,54.702701568603516,3291769
2020-05-13,53.51719284057617,57.581790924072266,57.581790924072266,51.823612213134766,51.823612213134766,4715761
2020-05-14,51.7332878112793,55.66239929199219,62.38027572631836,54.702701568603516,57.581790924072266,4348145
2020-05-15,52.625240325927734,56.622093200683594,63.339969635009766,52.78330993652344,55.66239929199219,3728782
2020-05-18,70.46430206298828,75.81602478027344,75.81602478027344,55.66239929199219,56.622093200683594,9914800
2020-05-19,69.57235717773438,74.85633087158203,93.09056091308594,71.97724151611328,86.37268829345703,23715100
2020-05-20,93.65509033203125,100.76813507080078,100.76813507080078,75.81602478027344,75.81602478027344,25485868
2020-05-26,100.79071807861328,108.44570922851562,120.92176055908203,95.96965026855469,101.72783660888672,27012913
2020-05-27,94.54705047607422,101.72783660888672,110.36510467529297,101.72783660888672,109.40540313720703,3822562
2020-05-28,88.30337524414062,95.00995635986328,101.72783660888672,95.00995635986328,101.72783660888672,684174
2020-05-29,82.95165252685547,89.25177764892578,112.28449249267578,89.25177764892578,95.00995635986328,16745605
2020-06-02,80.27579498291016,86.37268829345703,90.21147155761719,83.49359893798828,90.21147155761719,5933750
2020-06-03,88.30337524414062,95.00995635986328,103.64722442626953,84.45329284667969,86.37268829345703,8025974
2020-06-04,84.73555755615234,91.17117309570312,97.88904571533203,91.17117309570312,95.96965026855469,1928422
2020-06-05,90.97923278808594,97.88904571533203,103.64722442626953,92.13086700439453,92.13086700439453,6001167
2020-06-08,91.87118530273438,98.84873962402344,102.68753051757812,96.92935180664062,99.80844116210938,5618442
2020-06-09,94.54705047607422,101.72783660888672,115.16358184814453,98.84873962402344,98.84873962402344,8742659
2020-06-10,88.30337524414062,95.00995635986328,100.76813507080078,95.00995635986328,100.76813507080078,4213832
2020-06-11,86.51946258544922,93.09056091308594,94.05026245117188,89.25177764892578,94.05026245117188,3003657
2020-06-12,83.8436050415039,90.21147155761719,93.09056091308594,88.29208374023438,93.09056091308594,1775769
2020-06-15,89.19532012939453,95.96965026855469,95.96965026855469,89.25177764892578,90.21147155761719,3851946
2020-06-16,83.8436050415039,90.21147155761719,112.28449249267578,90.21147155761719,97.88904571533203,25921110
2020-06-17,86.51946258544922,93.09056091308594,94.05026245117188,91.17117309570312,91.17117309570312,2810471
2020-06-18,85.62751007080078,92.13086700439453,93.09056091308594,90.21147155761719,93.09056091308594,1983231
2020-06-19,83.8436050415039,90.21147155761719,92.13086700439453,88.29208374023438,91.17117309570312,1522564
2020-06-22,83.8436050415039,90.21147155761719,92.13086700439453,89.25177764892578,89.25177764892578,739608
2020-06-23,82.95165252685547,89.25177764892578,90.21147155761719,88.29208374023438,90.21147155761719,1494118
2020-06-24,83.8436050415039,90.21147155761719,91.17117309570312,89.25177764892578,90.21147155761719,1386063
2020-06-25,82.05970001220703,88.29208374023438,90.21147155761719,86.37268829345703,90.21147155761719,1486824
2020-06-26,83.8436050415039,90.21147155761719,90.21147155761719,87.33238220214844,88.29208374023438,1699495
2020-06-29,82.95165252685547,89.25177764892578,90.21147155761719,87.33238220214844,90.21147155761719,789624
2020-06-30,90.0872802734375,96.92935180664062,96.92935180664062,87.33238220214844,89.25177764892578,5508824
2020-07-01,83.8436050415039,90.21147155761719,98.84873962402344,90.21147155761719,97.88904571533203,4285000
2020-07-02,81.1677474975586,87.33238220214844,89.25177764892578,84.45329284667969,89.25177764892578,8425580
2020-07-03,81.1677474975586,87.33238220214844,89.25177764892578,86.37268829345703,87.33238220214844,1154010
2020-07-06,79.38384246826172,85.41299438476562,87.33238220214844,84.45329284667969,87.33238220214844,1290199
2020-07-07,80.27579498291016,86.37268829345703,89.25177764892578,85.41299438476562,85.41299438476562,1665318
2020-07-08,79.38384246826172,85.41299438476562,86.37268829345703,84.45329284667969,86.37268829345703,1079820
2020-07-09,79.38384246826172,85.41299438476562,87.33238220214844,84.45329284667969,85.41299438476562,888926
2020-07-10,80.27579498291016,86.37268829345703,87.33238220214844,85.41299438476562,85.41299438476562,922270
2020-07-13,79.38384246826172,85.41299438476562,87.33238220214844,85.41299438476562,86.37268829345703,1203401
2020-07-14,80.27579498291016,86.37268829345703,87.33238220214844,84.45329284667969,84.45329284667969,943110
2020-07-15,80.27579498291016,86.37268829345703,87.33238220214844,85.41299438476562,86.37268829345703,1494326
2020-07-16,80.27579498291016,86.37268829345703,86.37268829345703,85.41299438476562,86.37268829345703,225800
2020-07-17,78.49188232421875,84.45329284667969,86.37268829345703,84.45329284667969,86.37268829345703,721373
2020-07-20,78.49188232421875,84.45329284667969,85.41299438476562,83.49359893798828,84.45329284667969,2177771
2020-07-21,78.49188232421875,84.45329284667969,85.41299438476562,78.69511413574219,84.45329284667969,1418156
2020-07-22,78.49188232421875,84.45329284667969,86.37268829345703,82.53390502929688,84.45329284667969,2229558
2020-07-23,77.59992980957031,83.49359893798828,84.45329284667969,82.53390502929688,84.45329284667969,693656
2020-07-24,76.7079849243164,82.53390502929688,84.45329284667969,80.61450958251953,83.49359893798828,774307
2020-07-27,77.59992980957031,83.49359893798828,83.49359893798828,82.53390502929688,82.53390502929688,1403047
2020-07-28,77.59992980957031,83.49359893798828,99.80844116210938,77.73542022705078,83.49359893798828,26151079
2020-07-29,75.81602478027344,81.57420349121094,86.37268829345703,79.65481567382812,84.45329284667969,2454421
2020-07-30,74.924072265625,80.61450958251953,82.53390502929688,79.65481567382812,81.57420349121094,1812135
2020-08-03,73.14016723632812,78.69511413574219,82.53390502929688,75.81602478027344,80.61450958251953,2493600
2020-08-04,72.24821472167969,77.73542022705078,81.57420349121094,75.81602478027344,78.69511413574219,397834
2020-08-05,71.35626220703125,76.77572631835938,77.73542022705078,72.93693542480469,77.73542022705078,1582062
2020-08-06,71.35626220703125,76.77572631835938,77.73542022705078,74.85633087158203,76.77572631835938,658228
2020-08-07,69.57235717773438,74.85633087158203,78.69511413574219,74.85633087158203,76.77572631835938,594562
2020-08-10,73.14016723632812,78.69511413574219,85.41299438476562,74.85633087158203,76.77572631835938,3312505
2020-08-11,74.924072265625,80.61450958251953,80.61450958251953,78.69511413574219,79.65481567382812,710120
2020-08-12,73.14016723632812,78.69511413574219,80.61450958251953,77.73542022705078,80.61450958251953,1101910
2020-08-13,74.03211975097656,79.65481567382812,80.61450958251953,78.69511413574219,78.69511413574219,518288
2020-08-14,73.14016723632812,78.69511413574219,83.49359893798828,77.73542022705078,79.65481567382812,3340847
2020-08-18,79.38384246826172,85.41299438476562,86.37268829345703,78.69511413574219,78.69511413574219,3855697
2020-08-19,77.59992980957031,83.49359893798828,85.41299438476562,80.61450958251953,85.41299438476562,1039599
2020-08-24,82.95165252685547,89.25177764892578,90.21147155761719,83.49359893798828,84.45329284667969,3219559
2020-08-25,83.8436050415039,90.21147155761719,91.17117309570312,89.25177764892578,90.21147155761719,2567478
2020-08-26,86.51946258544922,93.09056091308594,94.05026245117188,90.21147155761719,90.21147155761719,2294683
2020-08-27,100.79071807861328,108.44570922851562,116.12328338623047,93.09056091308594,93.09056091308594,22189514
2020-08-28,94.54705047607422,101.72783660888672,113.24419403076172,101.72783660888672,109.40540313720703,5044302
2020-08-31,90.0872802734375,96.92935180664062,101.72783660888672,95.00995635986328,101.72783660888672,6297511
2020-09-01,87.41142272949219,94.05026245117188,97.88904571533203,91.17117309570312,96.92935180664062,2179959
2020-09-02,89.19532012939453,95.96965026855469,100.76813507080078,93.09056091308594,94.05026245117188,3922594
2020-09-03,90.0872802734375,96.92935180664062,97.88904571533203,93.09056091308594,96.92935180664062,2523089
2020-09-04,89.19532012939453,95.96965026855469,113.24419403076172,94.05026245117188,96.92935180664062,31903939
2020-09-07,90.97923278808594,97.88904571533203,99.80844116210938,94.05026245117188,96.92935180664062,6079734
2020-09-08,90.0872802734375,96.92935180664062,101.72783660888672,95.96965026855469,97.88904571533203,3446610
2020-09-09,89.19532012939453,95.96965026855469,98.84873962402344,94.05026245117188,96.92935180664062,6670025
2020-09-10,82.95165252685547,89.25177764892578,95.00995635986328,89.25177764892578,95.00995635986328,1465463
2020-09-11,87.41142272949219,94.05026245117188,98.84873962402344,83.49359893798828,88.29208374023438,9965962
2020-09-14,87.41142272949219,94.05026245117188,97.88904571533203,93.09056091308594,93.09056091308594,2622912
2020-09-15,84.73555755615234,91.17117309570312,102.68753051757812,89.25177764892578,95.00995635986328,11000873
2020-09-16,82.95165252685547,89.25177764892578,94.05026245117188,86.37268829345703,92.13086700439453,5049408
2020-09-17,87.41142272949219,94.05026245117188,94.05026245117188,83.49359893798828,90.21147155761719,10251990
2020-09-18,82.05970001220703,88.29208374023438,96.92935180664062,88.29208374023438,95.00995635986328,5583119
2020-09-21,77.59992980957031,83.49359893798828,88.29208374023438,82.53390502929688,88.29208374023438,4183405
2020-09-22,74.03211975097656,79.65481567382812,84.45329284667969,78.69511413574219,83.49359893798828,2373771
2020-09-23,74.03211975097656,79.65481567382812,82.53390502929688,74.85633087158203,79.65481567382812,2288014
2020-09-24,72.24821472167969,77.73542022705078,81.57420349121094,75.81602478027344,79.65481567382812,1757222
2020-09-25,74.03211975097656,79.65481567382812,81.57420349121094,73.8966293334961,78.69511413574219,2341156
2020-09-28,72.24821472167969,77.73542022705078,84.45329284667969,75.81602478027344,80.61450958251953,6043472
2020-09-29,70.46430206298828,75.81602478027344,79.65481567382812,74.85633087158203,77.73542022705078,1514749
2020-09-30,73.14016723632812,78.69511413574219,83.49359893798828,75.81602478027344,75.81602478027344,12179058
2020-10-01,72.24821472167969,77.73542022705078,80.61450958251953,76.77572631835938,78.69511413574219,2160266
2020-10-02,76.7079849243164,82.53390502929688,82.53390502929688,76.77572631835938,77.73542022705078,3561542
2020-10-05,74.03211975097656,79.65481567382812,83.49359893798828,76.77572631835938,83.49359893798828,3845278
2020-10-06,74.924072265625,80.61450958251953,84.45329284667969,78.69511413574219,80.61450958251953,3594261
2020-10-07,75.81602478027344,81.57420349121094,90.21147155761719,78.69511413574219,81.57420349121094,13211676
2020-10-08,77.59992980957031,83.49359893798828,84.45329284667969,81.57420349121094,81.57420349121094,1856211
2020-10-09,74.924072265625,80.61450958251953,84.45329284667969,80.61450958251953,84.45329284667969,2078052
2020-10-12,76.7079849243164,82.53390502929688,84.45329284667969,80.61450958251953,80.61450958251953,2762018
2020-10-13,78.49188232421875,84.45329284667969,84.45329284667969,80.61450958251953,82.53390502929688,1378143
2020-10-14,76.7079849243164,82.53390502929688,84.45329284667969,82.53390502929688,83.49359893798828,1557471
2020-10-15,82.95165252685547,89.25177764892578,95.96965026855469,81.57420349121094,83.49359893798828,22087711
2020-10-16,77.59992980957031,83.49359893798828,90.21147155761719,83.49359893798828,89.25177764892578,3100876
2020-10-19,78.49188232421875,84.45329284667969,85.41299438476562,82.53390502929688,84.45329284667969,879340
2020-10-20,80.27579498291016,86.37268829345703,92.13086700439453,83.49359893798828,85.41299438476562,3527365
2020-10-21,78.49188232421875,84.45329284667969,87.33238220214844,84.45329284667969,87.33238220214844,1065232
2020-10-22,80.27579498291016,86.37268829345703,87.33238220214844,84.45329284667969,85.41299438476562,851206
2020-10-23,78.49188232421875,84.45329284667969,89.25177764892578,83.49359893798828,87.33238220214844,2418681
2020-10-26,78.49188232421875,84.45329284667969,86.37268829345703,84.45329284667969,84.45329284667969,679485
2020-10-27,78.49188232421875,84.45329284667969,86.37268829345703,84.45329284667969,84.45329284667969,821822
2020-11-02,77.59992980957031,83.49359893798828,85.41299438476562,81.57420349121094,85.41299438476562,655519
2020-11-03,78.49188232421875,84.45329284667969,87.33238220214844,82.53390502929688,83.49359893798828,937171
2020-11-04,79.38384246826172,85.41299438476562,87.33238220214844,83.49359893798828,84.45329284667969,1048664
2020-11-05,79.38384246826172,85.41299438476562,87.33238220214844,85.41299438476562,86.37268829345703,774515
2020-11-06,78.49188232421875,84.45329284667969,86.37268829345703,84.45329284667969,86.37268829345703,1184957
2020-11-09,81.1677474975586,87.33238220214844,89.25177764892578,84.45329284667969,84.45329284667969,1504954
2020-11-10,87.41142272949219,94.05026245117188,96.92935180664062,88.29208374023438,88.29208374023438,10067453
2020-11-11,90.97923278808594,97.88904571533203,113.24419403076172,94.05026245117188,94.05026245117188,13382146
2020-11-12,88.30337524414062,95.00995635986328,102.68753051757812,91.17117309570312,98.84873962402344,4466932
2020-11-13,86.51946258544922,93.09056091308594,98.84873962402344,89.25177764892578,95.00995635986328,3810371
2020-11-16,89.19532012939453,95.96965026855469,97.88904571533203,91.17117309570312,93.09056091308594,2196423
2020-11-17,88.30337524414062,95.00995635986328,100.76813507080078,91.17117309570312,95.96965026855469,1986773
2020-11-18,88.30337524414062,95.00995635986328,95.96965026855469,91.17117309570312,95.00995635986328,1814740
2020-11-19,90.97923278808594,97.88904571533203,99.80844116210938,95.00995635986328,95.96965026855469,2452962
2020-11-20,95.43900299072266,102.68753051757812,105.56661987304688,98.84873962402344,98.84873962402344,7733798
2020-11-23,110.60220336914062,119.00237274169922,119.96206665039062,103.64722442626953,103.64722442626953,12489364
2020-11-24,148.95619201660156,160.26931762695312,160.26931762695312,119.00237274169922,119.96206665039062,15976612
2020-11-25,152.5240020751953,164.1081085205078,201.53627014160156,160.26931762695312,163.14840698242188,18761243
2020-11-26,142.7125244140625,153.55145263671875,164.1081085205078,153.55145263671875,164.1081085205078,2207260
2020-11-27,132.90103149414062,142.99478149414062,153.55145263671875,142.99478149414062,153.55145263671875,1847458
2020-11-30,123.98149871826172,133.39781188964844,153.55145263671875,133.39781188964844,138.19630432128906,5661581
2020-12-01,126.65735626220703,136.2769012451172,141.0753936767578,127.63964080810547,133.39781188964844,2677200
2020-12-02,143.60447692871094,154.51113891601562,163.14840698242188,130.5187225341797,136.2769012451172,5599478
2020-12-03,145.3883819580078,156.4305419921875,161.22901916503906,154.51113891601562,156.4305419921875,3288331
2020-12-04,142.7125244140625,153.55145263671875,156.4305419921875,153.55145263671875,156.4305419921875,2951974
2020-12-07,154.3079071044922,166.02749633789062,167.9468994140625,158.3499298095703,159.30963134765625,5474022
2020-12-08,156.09182739257812,167.9468994140625,170.82598876953125,166.02749633789062,168.90658569335938,3773484
2020-12-10,159.6596221923828,171.78567504882812,187.1408233642578,167.9468994140625,168.90658569335938,4948751
2020-12-11,154.3079071044922,166.02749633789062,173.705078125,161.22901916503906,173.705078125,2715858
2020-12-14,155.19985961914062,166.98719787597656,169.8662872314453,163.14840698242188,166.02749633789062,1640622
2020-12-15,156.09182739257812,167.9468994140625,170.82598876953125,166.02749633789062,169.8662872314453,956343
2020-12-16,151.63204956054688,163.14840698242188,167.9468994140625,161.22901916503906,167.9468994140625,1747323
2020-12-17,151.63204956054688,163.14840698242188,166.98719787597656,162.188720703125,163.14840698242188,953322
2020-12-18,151.63204956054688,163.14840698242188,164.1081085205078,159.30963134765625,164.1081085205078,969473
2020-12-21,156.09182739257812,167.9468994140625,169.8662872314453,163.14840698242188,165.06781005859375,2606032
2020-12-22,148.95619201660156,160.26931762695312,168.90658569335938,160.26931762695312,168.90658569335938,2315836
2020-12-23,144.49642944335938,155.47084045410156,163.14840698242188,153.55145263671875,162.188720703125,2396278
2020-12-28,141.82057189941406,152.5917510986328,155.47084045410156,148.75296020507812,155.47084045410156,1733047
2020-12-29,135.57688903808594,145.87387084960938,157.39022827148438,142.0350799560547,152.5917510986328,2025431
2020-12-30,136.46885681152344,146.8335723876953,158.3499298095703,146.8335723876953,147.7932586669922,1440767
2021-01-04,133.79298400878906,143.95448303222656,146.8335723876953,137.23660278320312,146.8335723876953,1578415
2021-01-05,136.46885681152344,146.8335723876953,152.5917510986328,140.11569213867188,144.9141845703125,711683
2021-01-06,139.14471435546875,149.71266174316406,153.55145263671875,146.8335723876953,146.8335723876953,910079
2021-01-07,138.25274658203125,148.75296020507812,149.71266174316406,143.95448303222656,149.71266174316406,2169331
2021-01-08,136.46885681152344,146.8335723876953,150.67236328125,145.87387084960938,149.71266174316406,1017300
2021-01-11,139.14471435546875,149.71266174316406,149.71266174316406,145.87387084960938,147.7932586669922,879548
2021-01-12,140.0366668701172,150.67236328125,153.55145263671875,147.7932586669922,150.67236328125,557155
2021-01-13,142.7125244140625,153.55145263671875,153.55145263671875,146.8335723876953,147.7932586669922,495052
2021-01-14,144.49642944335938,155.47084045410156,158.3499298095703,153.55145263671875,153.55145263671875,1037515
2021-01-15,142.7125244140625,153.55145263671875,158.3499298095703,153.55145263671875,157.39022827148438,805567
2021-01-18,137.3607940673828,147.7932586669922,153.55145263671875,146.8335723876953,153.55145263671875,589978
2021-01-19,134.68495178222656,144.9141845703125,148.75296020507812,142.99478149414062,146.8335723876953,644266
2021-01-20,135.57688903808594,145.87387084960938,152.5917510986328,142.99478149414062,145.87387084960938,326144
2021-01-21,136.46885681152344,146.8335723876953,149.71266174316406,145.87387084960938,148.75296020507812,528396
2021-01-22,134.68495178222656,144.9141845703125,148.75296020507812,143.95448303222656,148.75296020507812,368866
2021-01-25,133.79298400878906,143.95448303222656,144.9141845703125,142.0350799560547,142.99478149414062,226425
2021-01-26,124.87345123291016,134.35751342773438,143.95448303222656,134.35751342773438,142.0350799560547,1183603
2021-01-27,116.84587860107422,125.72024536132812,136.2769012451172,125.72024536132812,134.35751342773438,1668027
2021-01-28,108.81829833984375,117.08297729492188,117.08297729492188,117.08297729492188,117.08297729492188,593416
2021-01-29,101.68267059326172,109.40540313720703,117.08297729492188,109.40540313720703,117.08297729492188,409608
2021-02-01,98.11486053466797,105.56661987304688,109.40540313720703,102.68753051757812,109.40540313720703,2721902
2021-02-02,100.79071807861328,108.44570922851562,131.47842407226562,106.52631378173828,106.52631378173828,1084092
2021-02-03,118.6297836303711,127.63964080810547,139.15599060058594,103.64722442626953,110.36510467529297,2236852
2021-02-04,110.60220336914062,119.00237274169922,130.5187225341797,119.00237274169922,129.5590362548828,967180
2021-02-05,111.49415588378906,119.96206665039062,122.84115600585938,117.08297729492188,119.00237274169922,195061
2021-02-08,117.73782348632812,126.67993927001953,134.35751342773438,119.00237274169922,119.96206665039062,480047
2021-02-09,114.17001342773438,122.84115600585938,127.63964080810547,122.84115600585938,126.67993927001953,333438
2021-02-10,114.17001342773438,122.84115600585938,124.76055145263672,119.96206665039062,122.84115600585938,40637
2021-02-11,113.27806854248047,121.88146209716797,123.80084991455078,120.92176055908203,122.84115600585938,54287
2021-02-15,115.06196594238281,123.80084991455078,125.72024536132812,121.88146209716797,121.88146209716797,104095
2021-02-16,115.06196594238281,123.80084991455078,124.76055145263672,122.84115600585938,123.80084991455078,489425
2021-02-17,117.73782348632812,126.67993927001953,126.67993927001953,123.80084991455078,123.80084991455078,774203
2021-02-18,118.6297836303711,127.63964080810547,134.35751342773438,123.80084991455078,129.5590362548828,1545175
2021-02-19,120.4136962890625,129.5590362548828,134.35751342773438,127.63964080810547,127.63964080810547,222882
2021-02-22,121.30563354492188,130.5187225341797,135.3172149658203,129.5590362548828,130.5187225341797,285090
2021-02-23,116.84587860107422,125.72024536132812,132.43812561035156,125.72024536132812,130.5187225341797,148380
2021-02-24,113.27806854248047,121.88146209716797,125.72024536132812,121.88146209716797,125.72024536132812,273628
2021-02-25,119.52173614501953,128.59933471679688,128.59933471679688,121.88146209716797,121.88146209716797,416902
2021-02-26,115.06196594238281,123.80084991455078,128.59933471679688,122.84115600585938,128.59933471679688,418778
2021-03-01,118.6297836303711,127.63964080810547,127.63964080810547,123.80084991455078,124.76055145263672,210274
2021-03-02,127.54931640625,137.23660278320312,142.99478149414062,129.5590362548828,129.5590362548828,3162874
2021-03-03,133.79298400878906,143.95448303222656,153.55145263671875,138.19630432128906,139.15599060058594,3736181
2021-03-04,128.44126892089844,138.19630432128906,148.75296020507812,134.35751342773438,148.75296020507812,2977295
2021-03-05,121.30563354492188,130.5187225341797,137.23660278320312,128.59933471679688,137.23660278320312,1524648
2021-03-08,126.65735626220703,136.2769012451172,139.15599060058594,130.5187225341797,130.5187225341797,450038
2021-03-09,124.87345123291016,134.35751342773438,136.2769012451172,132.43812561035156,136.2769012451172,683862
2021-03-10,125.76541137695312,135.3172149658203,136.2769012451172,129.5590362548828,132.43812561035156,205898
2021-03-12,127.54931640625,137.23660278320312,138.19630432128906,132.43812561035156,136.2769012451172,420237
2021-03-15,130.2251739501953,140.11569213867188,142.99478149414062,137.23660278320312,137.23660278320312,586018
2021-03-16,132.0090789794922,142.0350799560547,143.95448303222656,138.19630432128906,143.95448303222656,1546009
2021-03-17,132.90103149414062,142.99478149414062,145.87387084960938,138.19630432128906,145.87387084960938,1304579
2021-03-18,132.0090789794922,142.0350799560547,143.95448303222656,139.15599060058594,142.99478149414062,830991
2021-03-19,133.79298400878906,143.95448303222656,143.95448303222656,139.15599060058594,139.15599060058594,544755
2021-03-22,147.1722869873047,158.3499298095703,161.22901916503906,142.99478149414062,142.99478149414062,4653450
2021-03-23,138.25274658203125,148.75296020507812,161.22901916503906,148.75296020507812,160.26931762695312,1455981
2021-03-24,136.46885681152344,146.8335723876953,153.55145263671875,143.95448303222656,148.75296020507812,1516625
2021-03-25,136.46885681152344,146.8335723876953,152.5917510986328,142.0350799560547,149.71266174316406,744297
2021-03-26,140.0366668701172,150.67236328125,150.67236328125,145.87387084960938,145.87387084960938,316558
2021-03-29,140.0366668701172,150.67236328125,157.39022827148438,147.7932586669922,150.67236328125,330208
2021-03-30,137.3607940673828,147.7932586669922,150.67236328125,141.0753936767578,150.67236328125,540170
2021-03-31,135.57688903808594,145.87387084960938,151.63204956054688,143.95448303222656,147.7932586669922,514016
2021-04-01,133.79298400878906,143.95448303222656,150.67236328125,143.95448303222656,143.95448303222656,315933
2021-04-05,134.68495178222656,144.9141845703125,145.87387084960938,143.95448303222656,145.87387084960938,633325
2021-04-06,132.0090789794922,142.0350799560547,170.82598876953125,136.2769012451172,143.95448303222656,6271565
2021-04-07,131.11712646484375,141.0753936767578,148.75296020507812,141.0753936767578,141.0753936767578,2162037
2021-04-08,132.90103149414062,142.99478149414062,144.9141845703125,142.0350799560547,142.99478149414062,1012403
2021-04-09,132.0090789794922,142.0350799560547,143.95448303222656,141.0753936767578,142.99478149414062,819321
2021-04-12,129.33322143554688,139.15599060058594,144.9141845703125,139.15599060058594,142.0350799560547,2159432
2021-04-13,127.54931640625,137.23660278320312,140.11569213867188,134.35751342773438,140.11569213867188,1329378
2021-04-14,129.33322143554688,139.15599060058594,140.11569213867188,137.23660278320312,137.23660278320312,523290
2021-04-15,126.65735626220703,136.2769012451172,140.11569213867188,134.35751342773438,139.15599060058594,773265
2021-04-16,126.65735626220703,136.2769012451172,139.15599060058594,135.3172149658203,136.2769012451172,683757
2021-04-19,128.44126892089844,138.19630432128906,138.19630432128906,136.2769012451172,136.2769012451172,1546738
2021-04-20,129.33322143554688,139.15599060058594,140.11569213867188,135.3172149658203,138.19630432128906,977183
2021-04-21,130.2251739501953,140.11569213867188,165.06781005859375,137.23660278320312,139.15599060058594,11775805
2021-04-22,132.0090789794922,142.0350799560547,142.0350799560547,136.2769012451172,140.11569213867188,1769100
2021-04-23,127.54931640625,137.23660278320312,144.9141845703125,136.2769012451172,142.0350799560547,2186107
2021-04-26,124.87345123291016,134.35751342773438,137.23660278320312,133.39781188964844,137.23660278320312,998961
2021-04-27,125.76541137695312,135.3172149658203,136.2769012451172,133.39781188964844,134.35751342773438,438992
2021-04-28,125.76541137695312,135.3172149658203,136.2769012451172,133.39781188964844,135.3172149658203,400126
2021-04-29,127.54931640625,137.23660278320312,142.0350799560547,135.3172149658203,136.2769012451172,373868
2021-04-30,127.54931640625,137.23660278320312,138.19630432128906,133.39781188964844,137.23660278320312,412734
2021-05-03,126.65735626220703,136.2769012451172,138.19630432128906,133.39781188964844,137.23660278320312,899242
2021-05-04,126.65735626220703,136.2769012451172,137.23660278320312,131.47842407226562,136.2769012451172,857145
2021-05-05,123.98149871826172,133.39781188964844,136.2769012451172,131.47842407226562,136.2769012451172,674067
2021-05-06,123.98149871826172,133.39781188964844,134.35751342773438,131.47842407226562,133.39781188964844,265604
2021-05-07,126.65735626220703,136.2769012451172,136.2769012451172,131.47842407226562,133.39781188964844,537565
2021-05-10,127.54931640625,137.23660278320312,137.23660278320312,133.39781188964844,136.2769012451172,652081
2021-05-11,125.76541137695312,135.3172149658203,138.19630432128906,130.5187225341797,137.23660278320312,804004
2021-05-17,124.87345123291016,134.35751342773438,135.3172149658203,130.5187225341797,135.3172149658203,640306
2021-05-18,122.19759368896484,131.47842407226562,134.35751342773438,127.63964080810547,134.35751342773438,432949
2021-05-19,120.4136962890625,129.5590362548828,131.47842407226562,128.59933471679688,131.47842407226562,535898
2021-05-20,119.52173614501953,128.59933471679688,131.47842407226562,128.59933471679688,129.5590362548828,311348
2021-05-21,119.52173614501953,128.59933471679688,129.5590362548828,126.67993927001953,128.59933471679688,320517
2021-05-24,111.49415588378906,119.96206665039062,128.59933471679688,119.96206665039062,128.59933471679688,2365539
2021-05-25,107.03438568115234,115.16358184814453,120.92176055908203,112.28449249267578,119.96206665039062,1728879
2021-05-27,107.03438568115234,115.16358184814453,118.04267120361328,111.32479858398438,115.16358184814453,656770
2021-05-28,107.92634582519531,116.12328338623047,117.08297729492188,115.16358184814453,115.16358184814453,310202
2021-05-31,112.3861083984375,120.92176055908203,126.67993927001953,116.12328338623047,116.12328338623047,810672
2021-06-02,115.06196594238281,123.80084991455078,124.76055145263672,120.92176055908203,120.92176055908203,1357408
2021-06-03,123.98149871826172,133.39781188964844,146.8335723876953,123.80084991455078,123.80084991455078,3637504
2021-06-04,120.4136962890625,129.5590362548828,134.35751342773438,129.5590362548828,133.39781188964844,621967
2021-06-07,119.52173614501953,128.59933471679688,130.5187225341797,125.72024536132812,129.5590362548828,495052
2021-06-08,120.4136962890625,129.5590362548828,130.5187225341797,121.88146209716797,128.59933471679688,576953
2021-06-09,113.27806854248047,121.88146209716797,129.5590362548828,120.92176055908203,129.5590362548828,1550073
2021-06-10,113.27806854248047,121.88146209716797,123.80084991455078,118.04267120361328,121.88146209716797,756384
2021-06-11,114.17001342773438,122.84115600585938,129.5590362548828,121.88146209716797,121.88146209716797,1104307
2021-06-14,108.81829833984375,117.08297729492188,123.80084991455078,115.16358184814453,122.84115600585938,787540
2021-06-15,110.60220336914062,119.00237274169922,123.80084991455078,117.08297729492188,117.08297729492188,554237
2021-06-16,108.81829833984375,117.08297729492188,120.92176055908203,116.12328338623047,119.00237274169922,434720
2021-06-17,107.92634582519531,116.12328338623047,117.08297729492188,115.16358184814453,117.08297729492188,445974
2021-06-18,106.14244079589844,114.20388793945312,116.12328338623047,108.44570922851562,116.12328338623047,726375
2021-06-21,106.14244079589844,114.20388793945312,115.16358184814453,108.44570922851562,114.20388793945312,389602
2021-06-22,107.03438568115234,115.16358184814453,116.12328338623047,113.24419403076172,114.20388793945312,337710
2021-06-23,107.92634582519531,116.12328338623047,116.12328338623047,113.24419403076172,115.16358184814453,230906
2021-06-24,107.92634582519531,116.12328338623047,117.08297729492188,111.32479858398438,116.12328338623047,563198
2021-06-25,103.4665756225586,111.32479858398438,116.12328338623047,110.36510467529297,116.12328338623047,260811
2021-06-28,103.4665756225586,111.32479858398438,113.24419403076172,111.32479858398438,111.32479858398438,345421
2021-06-29,99.89876556396484,107.48601531982422,139.15599060058594,107.48601531982422,111.32479858398438,5866646
2021-06-30,93.65509033203125,100.76813507080078,108.44570922851562,100.76813507080078,107.48601531982422,2618119
2021-07-01,89.19532012939453,95.96965026855469,100.76813507080078,94.05026245117188,100.76813507080078,1636246
2021-07-02,89.19532012939453,95.96965026855469,99.80844116210938,92.13086700439453,99.80844116210938,487966
2021-07-05,90.97923278808594,97.88904571533203,112.28449249267578,95.96965026855469,98.84873962402344,2653338
2021-07-06,96.33094787597656,103.64722442626953,104.60691833496094,97.88904571533203,99.80844116210938,1019801
2021-07-07,95.43900299072266,102.68753051757812,105.56661987304688,102.68753051757812,103.64722442626953,277379
2021-07-08,94.54705047607422,101.72783660888672,103.64722442626953,101.72783660888672,103.64722442626953,441285
2021-07-09,94.54705047607422,101.72783660888672,107.48601531982422,98.84873962402344,99.80844116210938,531001
2021-07-12,92.76313781738281,99.80844116210938,101.72783660888672,98.84873962402344,101.72783660888672,385746
2021-07-13,92.76313781738281,99.80844116210938,104.60691833496094,94.05026245117188,99.80844116210938,445453
2021-07-14,92.76313781738281,99.80844116210938,99.80844116210938,97.88904571533203,98.84873962402344,120663
2021-07-15,92.76313781738281,99.80844116210938,100.76813507080078,96.92935180664062,99.80844116210938,358238
2021-07-16,90.0872802734375,96.92935180664062,99.80844116210938,95.96965026855469,96.92935180664062,788478
2021-07-19,89.19532012939453,95.96965026855469,96.92935180664062,94.05026245117188,96.92935180664062,482131
2021-07-21,93.65509033203125,100.76813507080078,100.76813507080078,94.05026245117188,95.96965026855469,571534
2021-07-22,105.25048828125,113.24419403076172,129.5590362548828,101.72783660888672,107.48601531982422,10949086
2021-07-23,107.03438568115234,115.16358184814453,119.00237274169922,109.40540313720703,116.12328338623047,2280512
2021-07-26,115.06196594238281,123.80084991455078,135.3172149658203,110.36510467529297,114.20388793945312,11364634
2021-07-27,123.08955383300781,132.43812561035156,143.95448303222656,124.76055145263672,124.76055145263672,25517858
2021-07-28,119.52173614501953,128.59933471679688,134.35751342773438,123.80084991455078,134.35751342773438,5338458
2021-07-29,113.27806854248047,121.88146209716797,131.47842407226562,120.92176055908203,130.5187225341797,2061172
2021-07-30,106.14244079589844,114.20388793945312,121.88146209716797,114.20388793945312,121.88146209716797,1672195
2021-08-02,103.4665756225586,111.32479858398438,114.20388793945312,109.40540313720703,114.20388793945312,731898
2021-08-03,103.4665756225586,111.32479858398438,113.24419403076172,107.48601531982422,109.40540313720703,273211
2021-08-04,107.03438568115234,115.16358184814453,119.00237274169922,110.36510467529297,110.36510467529297,1335317
2021-08-05,108.81829833984375,117.08297729492188,121.88146209716797,115.16358184814453,116.12328338623047,1009902
2021-08-06,115.06196594238281,123.80084991455078,129.5590362548828,119.96206665039062,119.96206665039062,3070970
2021-08-09,113.27806854248047,121.88146209716797,137.23660278320312,121.88146209716797,126.67993927001953,1773164
2021-08-10,117.73782348632812,126.67993927001953,140.11569213867188,123.80084991455078,123.80084991455078,7481323
2021-08-12,124.87345123291016,134.35751342773438,142.99478149414062,119.96206665039062,128.59933471679688,7356387
2021-08-13,118.6297836303711,127.63964080810547,154.51113891601562,125.72024536132812,139.15599060058594,31045438
2021-08-16,113.27806854248047,121.88146209716797,126.67993927001953,119.00237274169922,126.67993927001953,4270620
2021-08-18,107.03438568115234,115.16358184814453,134.35751342773438,115.16358184814453,130.5187225341797,5016377
2021-08-19,111.49415588378906,119.96206665039062,141.0753936767578,115.16358184814453,115.16358184814453,21888585
2021-08-20,111.49415588378906,119.96206665039062,123.80084991455078,118.04267120361328,122.84115600585938,3811934
2021-08-23,115.06196594238281,123.80084991455078,124.76055145263672,119.96206665039062,119.96206665039062,1962078
2021-08-24,123.98149871826172,133.39781188964844,142.99478149414062,123.80084991455078,129.5590362548828,7344404
2021-08-25,132.90103149414062,142.99478149414062,143.95448303222656,132.43812561035156,132.43812561035156,8382858
2021-08-26,135.57688903808594,145.87387084960938,156.4305419921875,137.23660278320312,142.99478149414062,27184530
2021-08-27,129.33322143554688,139.15599060058594,146.8335723876953,137.23660278320312,145.87387084960938,3243004
2021-08-30,122.19759368896484,131.47842407226562,149.71266174316406,129.5590362548828,139.15599060058594,4835486
2021-08-31,115.95392608642578,124.76055145263672,134.35751342773438,122.84115600585938,131.47842407226562,3018662
2021-09-01,122.19759368896484,131.47842407226562,148.75296020507812,124.76055145263672,129.5590362548828,27030419
2021-09-02,132.0090789794922,142.0350799560547,144.9141845703125,131.47842407226562,132.43812561035156,16961611
2021-09-03,126.65735626220703,136.2769012451172,143.95448303222656,133.39781188964844,142.99478149414062,4100567
2021-09-06,127.54931640625,137.23660278320312,137.23660278320312,129.5590362548828,136.2769012451172,1490054
2021-09-07,125.76541137695312,135.3172149658203,140.11569213867188,135.3172149658203,137.23660278320312,1469318
2021-09-08,124.87345123291016,134.35751342773438,141.0753936767578,127.63964080810547,135.3172149658203,2748264
2021-09-09,123.98149871826172,133.39781188964844,135.3172149658203,130.5187225341797,132.43812561035156,827553
2021-09-10,124.87345123291016,134.35751342773438,140.11569213867188,131.47842407226562,133.39781188964844,5716077
2021-09-13,124.87345123291016,134.35751342773438,138.19630432128906,133.39781188964844,134.35751342773438,3193301
2021-09-14,132.90103149414062,142.99478149414062,142.99478149414062,134.35751342773438,135.3172149658203,11785808
2021-09-15,131.11712646484375,141.0753936767578,147.7932586669922,137.23660278320312,143.95448303222656,9415580
2021-09-16,133.79298400878906,143.95448303222656,146.8335723876953,137.23660278320312,140.11569213867188,7118395
2021-09-17,132.0090789794922,142.0350799560547,144.9141845703125,141.0753936767578,143.95448303222656,6265834
2021-09-20,141.82057189941406,152.5917510986328,158.3499298095703,142.99478149414062,142.99478149414062,24493263
2021-09-21,151.63204956054688,163.14840698242188,165.06781005859375,145.87387084960938,153.55145263671875,33102651
2021-09-22,145.3883819580078,156.4305419921875,164.1081085205078,152.5917510986328,163.14840698242188,20650798
2021-09-23,140.92860412597656,151.63204956054688,157.39022827148438,149.71266174316406,154.51113891601562,4384198
2021-09-24,150.7401123046875,162.188720703125,165.06781005859375,144.9141845703125,150.67236328125,12617217
2021-09-27,147.1722869873047,158.3499298095703,171.78567504882812,154.51113891601562,162.188720703125,5199456
2021-09-28,160.5515899658203,172.74537658691406,182.34234619140625,155.47084045410156,158.3499298095703,18281924
2021-09-29,157.875732421875,169.8662872314453,174.66476440429688,166.02749633789062,172.74537658691406,6481215
2021-09-30,161.44354248046875,173.705078125,182.34234619140625,167.9468994140625,169.8662872314453,18970684
2021-10-01,161.44354248046875,173.705078125,177.54385375976562,170.82598876953125,173.705078125,5909784
2021-10-04,157.875732421875,169.8662872314453,173.705078125,165.06781005859375,173.705078125,1884449
2021-10-05,180.174560546875,193.85870361328125,207.29444885253906,167.9468994140625,169.8662872314453,11654621
2021-10-06,198.0136260986328,213.05262756347656,234.16595458984375,184.26173400878906,195.77809143066406,10913762
2021-10-07,210.5009765625,226.48838806152344,241.84352111816406,203.45567321777344,211.13323974609375,12241994
2021-10-08,203.36534118652344,218.81080627441406,232.24656677246094,214.97203063964844,226.48838806152344,6314079
2021-10-11,231.90785217285156,249.52110290527344,255.27928161621094,218.81080627441406,222.64959716796875,23207544
2021-10-12,226.55613708496094,243.76292419433594,261.0374450683594,239.92413330078125,251.44049072265625,11649620
2021-10-13,265.80206298828125,285.98956298828125,299.4253234863281,243.76292419433594,245.68231201171875,41107265
2021-10-14,258.66644287109375,278.3119812011719,301.3447265625,276.3926086425781,285.98956298828125,23815340
2021-10-15,265.80206298828125,285.98956298828125,295.5865478515625,278.3119812011719,280.23138427734375,15716738
2021-10-18,292.5606689453125,314.78045654296875,326.29681396484375,285.98956298828125,287.9089660644531,32896336
2021-10-19,319.3192443847656,343.57135009765625,349.32952880859375,314.78045654296875,314.78045654296875,29939464
2021-10-21,374.620361328125,403.0725402832031,422.2664794921875,345.4907531738281,347.41015625,42342551
2021-10-22,349.64569091796875,376.2010498046875,426.1052551269531,376.2010498046875,403.0725402832031,25917671
2021-10-25,326.45489501953125,351.2489318847656,376.2010498046875,351.2489318847656,376.2010498046875,639368
2021-10-26,315.75146484375,339.7325744628906,357.0071105957031,328.2162170410156,343.57135009765625,48331527
2021-10-27,353.2135009765625,380.0398254394531,383.87860107421875,337.81317138671875,337.81317138671875,23984144
2021-10-28,349.64569091796875,376.2010498046875,397.3143615722656,366.60406494140625,374.2816467285156,19764372
2021-10-29,326.45489501953125,351.2489318847656,381.959228515625,351.2489318847656,376.2010498046875,10969092
2021-11-01,305.0480041503906,328.2162170410156,351.2489318847656,328.2162170410156,351.2489318847656,12348069
2021-11-02,285.425048828125,307.1029052734375,332.05499267578125,307.1029052734375,328.2162170410156,11209064
2021-11-03,292.5606689453125,314.78045654296875,320.53863525390625,295.5865478515625,309.02227783203125,5678357
2021-11-04,280.0733337402344,301.3447265625,320.53863525390625,301.3447265625,316.6998596191406,5929270
2021-11-05,285.425048828125,307.1029052734375,307.1029052734375,299.4253234863281,301.3447265625,2491308
2021-11-08,281.8572082519531,303.26409912109375,307.1029052734375,299.4253234863281,307.1029052734375,1563306
2021-11-09,299.6962890625,322.4580383300781,345.4907531738281,301.3447265625,301.3447265625,15768109
2021-11-10,296.12847900390625,318.6192626953125,332.05499267578125,312.861083984375,322.4580383300781,3336783
2021-11-11,283.6411437988281,305.1835021972656,318.6192626953125,303.26409912109375,318.6192626953125,2494121
2021-11-12,276.5054931640625,297.50592041015625,305.1835021972656,297.50592041015625,305.1835021972656,1767433
2021-11-15,274.72161865234375,295.5865478515625,309.02227783203125,285.98956298828125,309.02227783203125,3254778
2021-11-16,274.72161865234375,295.5865478515625,307.1029052734375,287.9089660644531,295.5865478515625,1653230
2021-11-17,272.9377136230469,293.6671447753906,301.3447265625,289.828369140625,295.5865478515625,1238620
2021-11-18,264.0181579589844,284.0701599121094,295.5865478515625,284.0701599121094,295.5865478515625,1644790
2021-11-19,269.3699035644531,289.828369140625,297.50592041015625,282.1507873535156,284.0701599121094,2887683
2021-11-22,256.8825378417969,276.3926086425781,289.828369140625,274.47320556640625,289.828369140625,1685949
2021-11-23,239.04347229003906,257.19866943359375,276.3926086425781,257.19866943359375,276.3926086425781,3110879
2021-11-24,231.90785217285156,249.52110290527344,257.19866943359375,239.92413330078125,257.19866943359375,4617084
2021-11-25,222.98831176757812,239.92413330078125,259.1180725097656,238.00474548339844,249.52110290527344,4497254
2021-11-26,217.6365966796875,234.16595458984375,239.92413330078125,230.32716369628906,239.92413330078125,538711
2021-11-29,215.85269165039062,232.24656677246094,234.16595458984375,218.81080627441406,234.16595458984375,997815
2021-11-30,201.58143615722656,216.89141845703125,232.24656677246094,216.89141845703125,232.24656677246094,1230284
2021-12-01,189.09410095214844,203.45567321777344,216.89141845703125,203.45567321777344,216.89141845703125,1251541
2021-12-02,190.8780059814453,205.37506103515625,207.29444885253906,190.01991271972656,201.53627014160156,1837976
2021-12-03,208.71705627441406,224.56898498535156,239.92413330078125,207.29444885253906,207.29444885253906,5486525
2021-12-06,196.22972106933594,211.13323974609375,232.24656677246094,209.21385192871094,224.56898498535156,1437433
2021-12-07,221.20440673828125,238.00474548339844,238.00474548339844,207.29444885253906,211.13323974609375,3805786
2021-12-08,222.98831176757812,239.92413330078125,255.27928161621094,224.56898498535156,239.92413330078125,5273958
2021-12-09,249.7469024658203,268.71502685546875,285.98956298828125,232.24656677246094,239.92413330078125,7315854
2021-12-10,246.17910766601562,264.8762512207031,282.1507873535156,259.1180725097656,270.6344299316406,4756399
2021-12-13,231.90785217285156,249.52110290527344,272.5538024902344,247.60169982910156,266.7956237792969,2969063
2021-12-14,240.827392578125,259.1180725097656,262.95684814453125,239.92413330078125,251.44049072265625,1925191
2021-12-15,240.827392578125,259.1180725097656,259.1180725097656,245.68231201171875,259.1180725097656,1249665
2021-12-16,228.34002685546875,245.68231201171875,261.0374450683594,241.84352111816406,259.1180725097656,1777124
2021-12-17,214.0687713623047,230.32716369628906,243.76292419433594,230.32716369628906,243.76292419433594,1980105
2021-12-20,203.36534118652344,218.81080627441406,232.24656677246094,218.81080627441406,232.24656677246094,1089302
2021-12-21,210.5009765625,226.48838806152344,228.40777587890625,216.89141845703125,218.81080627441406,664064
2021-12-22,212.28488159179688,228.40777587890625,245.68231201171875,226.48838806152344,228.40777587890625,1920086
2021-12-23,215.85269165039062,232.24656677246094,236.08534240722656,228.40777587890625,230.32716369628906,610713
2021-12-24,206.9331512451172,222.64959716796875,234.16595458984375,216.89141845703125,234.16595458984375,979163
2021-12-27,208.71705627441406,224.56898498535156,230.32716369628906,218.81080627441406,230.32716369628906,267167
2021-12-28,205.14926147460938,220.73020935058594,226.48838806152344,214.97203063964844,224.56898498535156,383662
2021-12-29,192.66189575195312,207.29444885253906,220.73020935058594,205.37506103515625,220.73020935058594,1210486
2021-12-30,189.09410095214844,203.45567321777344,214.97203063964844,195.77809143066406,211.13323974609375,1040433
2022-01-03,194.44581604003906,209.21385192871094,211.13323974609375,201.53627014160156,203.45567321777344,572055
2022-01-04,189.09410095214844,203.45567321777344,211.13323974609375,203.45567321777344,209.21385192871094,710849
2022-01-05,187.3101806640625,201.53627014160156,205.37506103515625,197.69747924804688,205.37506103515625,452330
2022-01-06,212.28488159179688,228.40777587890625,230.32716369628906,201.53627014160156,201.53627014160156,6008878
2022-01-07,224.772216796875,241.84352111816406,253.35987854003906,228.40777587890625,228.40777587890625,10838842
2022-01-10,215.85269165039062,232.24656677246094,243.76292419433594,226.48838806152344,243.76292419433594,4563630
2022-01-11,205.14926147460938,220.73020935058594,236.08534240722656,216.89141845703125,234.16595458984375,1812135
2022-01-12,190.8780059814453,205.37506103515625,230.32716369628906,205.37506103515625,220.73020935058594,5824028
2022-01-13,196.22972106933594,211.13323974609375,213.05262756347656,201.53627014160156,207.29444885253906,858396
2022-01-14,192.66189575195312,207.29444885253906,232.24656677246094,201.53627014160156,213.05262756347656,5530498
2022-01-17,199.7975311279297,214.97203063964844,236.08534240722656,205.37506103515625,209.21385192871094,5374615
2022-01-18,249.7469024658203,268.71502685546875,268.71502685546875,209.21385192871094,214.97203063964844,31737949
2022-01-19,233.69175720214844,251.44049072265625,301.3447265625,251.44049072265625,270.6344299316406,44166878
2022-01-20,249.7469024658203,268.71502685546875,270.6344299316406,234.16595458984375,251.44049072265625,27751897
2022-01-21,233.69175720214844,251.44049072265625,272.5538024902344,251.44049072265625,268.71502685546875,13132588
2022-01-24,288.99285888671875,310.9416809082031,312.861083984375,234.16595458984375,251.44049072265625,80516597
2022-01-25,269.3699035644531,289.828369140625,339.7325744628906,289.828369140625,316.6998596191406,108182530
2022-01-26,251.53082275390625,270.6344299316406,287.9089660644531,270.6344299316406,287.9089660644531,11567719
2022-01-27,240.827392578125,259.1180725097656,268.71502685546875,253.35987854003906,268.71502685546875,7768080
2022-01-28,235.47564697265625,253.35987854003906,276.3926086425781,249.52110290527344,259.1180725097656,16644219
2022-01-31,231.90785217285156,249.52110290527344,264.8762512207031,245.68231201171875,257.19866943359375,7441310
2022-02-02,222.98831176757812,239.92413330078125,259.1180725097656,239.92413330078125,249.52110290527344,6876340
2022-02-03,230.12393188476562,247.60169982910156,255.27928161621094,238.00474548339844,241.84352111816406,10891672
2022-02-04,274.72161865234375,295.5865478515625,297.50592041015625,245.68231201171875,247.60169982910156,70750593
2022-02-07,256.8825378417969,276.3926086425781,299.4253234863281,276.3926086425781,297.50592041015625,18044662
2022-02-08,239.04347229003906,257.19866943359375,274.47320556640625,257.19866943359375,259.1180725097656,20913381
2022-02-09,235.47564697265625,253.35987854003906,262.95684814453125,251.44049072265625,257.19866943359375,3931034
2022-02-10,246.17910766601562,264.8762512207031,266.7956237792969,251.44049072265625,255.27928161621094,17965262
2022-02-11,233.69175720214844,251.44049072265625,270.6344299316406,251.44049072265625,268.71502685546875,8789236
2022-02-14,224.772216796875,241.84352111816406,251.44049072265625,234.16595458984375,251.44049072265625,8824143
2022-02-15,224.772216796875,241.84352111816406,251.44049072265625,238.00474548339844,247.60169982910156,5688985
2022-02-16,228.34002685546875,245.68231201171875,251.44049072265625,241.84352111816406,241.84352111816406,8817787
2022-02-17,235.47564697265625,253.35987854003906,257.19866943359375,241.84352111816406,245.68231201171875,37200405
2022-02-18,240.827392578125,259.1180725097656,262.95684814453125,249.52110290527344,255.27928161621094,25357494
2022-02-21,233.69175720214844,251.44049072265625,268.71502685546875,247.60169982910156,259.1180725097656,26035104
2022-02-22,231.90785217285156,249.52110290527344,257.19866943359375,249.52110290527344,251.44049072265625,3812871
2022-02-23,230.12393188476562,247.60169982910156,253.35987854003906,243.76292419433594,249.52110290527344,6591771
2022-02-24,214.0687713623047,230.32716369628906,247.60169982910156,230.32716369628906,247.60169982910156,4040443
2022-02-25,215.85269165039062,232.24656677246094,236.08534240722656,214.97203063964844,230.32716369628906,10816023
2022-03-01,221.20440673828125,238.00474548339844,249.52110290527344,232.24656677246094,232.24656677246094,12553759
2022-03-02,217.6365966796875,234.16595458984375,239.92413330078125,232.24656677246094,238.00474548339844,2802552
2022-03-04,206.9331512451172,222.64959716796875,232.24656677246094,222.64959716796875,232.24656677246094,1922691
2022-03-07,214.0687713623047,230.32716369628906,238.00474548339844,220.73020935058594,222.64959716796875,1906435
2022-03-08,221.20440673828125,238.00474548339844,259.1180725097656,232.24656677246094,239.92413330078125,14345993
2022-03-09,246.17910766601562,264.8762512207031,264.8762512207031,238.00474548339844,243.76292419433594,15003701
2022-03-10,253.31471252441406,272.5538024902344,272.5538024902344,259.1180725097656,268.71502685546875,12808632
2022-03-11,244.3951873779297,262.95684814453125,272.5538024902344,262.95684814453125,270.6344299316406,4941041
2022-03-14,247.96299743652344,266.7956237792969,284.0701599121094,253.35987854003906,266.7956237792969,24037911
2022-03-15,240.827392578125,259.1180725097656,266.7956237792969,257.19866943359375,266.7956237792969,4604372
2022-03-16,256.8825378417969,276.3926086425781,276.3926086425781,257.19866943359375,259.1180725097656,10335350
2022-03-17,249.7469024658203,268.71502685546875,284.0701599121094,261.0374450683594,276.3926086425781,13272424
2022-03-18,251.53082275390625,270.6344299316406,276.3926086425781,261.0374450683594,268.71502685546875,7203318
2022-03-21,256.8825378417969,276.3926086425781,276.3926086425781,268.71502685546875,270.6344299316406,6329188
2022-03-22,260.4503479003906,280.23138427734375,293.6671447753906,270.6344299316406,272.5538024902344,23515349
2022-03-23,262.2342529296875,282.1507873535156,284.0701599121094,272.5538024902344,280.23138427734375,5962197
2022-03-24,258.66644287109375,278.3119812011719,284.0701599121094,276.3926086425781,284.0701599121094,2708772
2022-03-25,240.827392578125,259.1180725097656,278.3119812011719,259.1180725097656,278.3119812011719,6921250
2022-03-28,247.96299743652344,266.7956237792969,268.71502685546875,243.76292419433594,259.1180725097656,7361702
2022-03-29,244.3951873779297,262.95684814453125,272.5538024902344,262.95684814453125,270.6344299316406,3868201
2022-03-30,256.8825378417969,276.3926086425781,276.3926086425781,262.95684814453125,268.71502685546875,13904812
2022-03-31,264.0181579589844,284.0701599121094,291.74774169921875,274.47320556640625,276.3926086425781,21472412
2022-04-01,265.80206298828125,285.98956298828125,289.828369140625,270.6344299316406,289.828369140625,9608349
2022-04-04,262.2342529296875,282.1507873535156,291.74774169921875,280.23138427734375,285.98956298828125,10121532
2022-04-05,264.0181579589844,284.0701599121094,284.0701599121094,272.5538024902344,282.1507873535156,5672730
2022-04-06,269.3699035644531,289.828369140625,299.4253234863281,276.3926086425781,284.0701599121094,24307371
2022-04-07,274.72161865234375,295.5865478515625,295.5865478515625,278.3119812011719,284.0701599121094,11199998
2022-04-08,276.5054931640625,297.50592041015625,305.1835021972656,285.98956298828125,295.5865478515625,15972861
2022-04-11,258.66644287109375,278.3119812011719,301.3447265625,278.3119812011719,297.50592041015625,10318053
2022-04-12,242.61126708984375,261.0374450683594,266.7956237792969,259.1180725097656,266.7956237792969,13341925
2022-04-13,226.55613708496094,243.76292419433594,261.0374450683594,243.76292419433594,261.0374450683594,9970234
2022-04-14,219.42050170898438,236.08534240722656,243.76292419433594,232.24656677246094,243.76292419433594,7688367
2022-04-18,231.90785217285156,249.52110290527344,251.44049072265625,236.08534240722656,238.00474548339844,9099751
2022-04-19,222.98831176757812,239.92413330078125,249.52110290527344,238.00474548339844,249.52110290527344,9317320
2022-04-20,221.20440673828125,238.00474548339844,243.76292419433594,232.24656677246094,239.92413330078125,7529046
2022-04-21,214.0687713623047,230.32716369628906,245.68231201171875,228.40777587890625,243.76292419433594,6356384
2022-04-22,208.71705627441406,224.56898498535156,234.16595458984375,224.56898498535156,230.32716369628906,4457033
2022-04-25,212.28488159179688,228.40777587890625,232.24656677246094,222.64959716796875,224.56898498535156,6160280
2022-04-26,205.14926147460938,220.73020935058594,241.84352111816406,213.05262756347656,230.32716369628906,24767308
2022-04-27,199.7975311279297,214.97203063964844,220.73020935058594,213.05262756347656,220.73020935058594,3206534
2022-04-28,198.0136260986328,213.05262756347656,218.81080627441406,213.05262756347656,214.97203063964844,2717838
2022-05-09,192.66189575195312,207.29444885253906,216.89141845703125,207.29444885253906,213.05262756347656,3402533
2022-05-10,189.09410095214844,203.45567321777344,207.29444885253906,199.61688232421875,207.29444885253906,2712628
2022-05-11,196.22972106933594,211.13323974609375,214.97203063964844,201.53627014160156,203.45567321777344,2828810
2022-05-12,185.52627563476562,199.61688232421875,214.97203063964844,197.69747924804688,213.05262756347656,4575196
2022-05-13,177.4987030029297,190.9796142578125,199.61688232421875,186.18112182617188,199.61688232421875,5560195
2022-05-17,183.74237060546875,197.69747924804688,205.37506103515625,187.1408233642578,190.01991271972656,5976785
2022-05-18,199.7975311279297,214.97203063964844,220.73020935058594,199.61688232421875,199.61688232421875,11604605
2022-05-19,187.3101806640625,201.53627014160156,214.97203063964844,201.53627014160156,214.97203063964844,7018572
2022-05-20,196.22972106933594,211.13323974609375,211.13323974609375,197.69747924804688,203.45567321777344,2682827
2022-05-23,190.8780059814453,205.37506103515625,214.97203063964844,203.45567321777344,214.97203063964844,3089518
2022-05-24,198.0136260986328,213.05262756347656,213.05262756347656,205.37506103515625,205.37506103515625,11552089
2022-05-25,203.36534118652344,218.81080627441406,220.73020935058594,211.13323974609375,211.13323974609375,14065696
2022-05-27,217.6365966796875,234.16595458984375,234.16595458984375,216.89141845703125,220.73020935058594,23188475
2022-05-30,222.98831176757812,239.92413330078125,241.84352111816406,228.40777587890625,234.16595458984375,15117382
2022-05-31,233.69175720214844,251.44049072265625,251.44049072265625,241.84352111816406,241.84352111816406,17504699
2022-06-02,231.90785217285156,249.52110290527344,259.1180725097656,247.60169982910156,251.44049072265625,15020685
2022-06-03,230.12393188476562,247.60169982910156,251.44049072265625,247.60169982910156,249.52110290527344,6418695
2022-06-06,224.772216796875,241.84352111816406,249.52110290527344,241.84352111816406,247.60169982910156,4815688
2022-06-07,221.20440673828125,238.00474548339844,243.76292419433594,238.00474548339844,241.84352111816406,6494761
2022-06-08,221.20440673828125,238.00474548339844,239.92413330078125,236.08534240722656,236.08534240722656,1993755
2022-06-09,215.85269165039062,232.24656677246094,253.35987854003906,222.64959716796875,236.08534240722656,27333848
2022-06-10,206.9331512451172,222.64959716796875,232.24656677246094,222.64959716796875,232.24656677246094,2312293
2022-06-13,196.22972106933594,211.13323974609375,222.64959716796875,211.13323974609375,222.64959716796875,3958959
2022-06-14,189.09410095214844,203.45567321777344,211.13323974609375,203.45567321777344,211.13323974609375,1963954
2022-06-15,189.09410095214844,203.45567321777344,213.05262756347656,201.53627014160156,203.45567321777344,3831315
2022-06-16,192.66189575195312,207.29444885253906,209.21385192871094,199.61688232421875,203.45567321777344,2243104
2022-06-17,189.09410095214844,203.45567321777344,216.89141845703125,197.69747924804688,207.29444885253906,2619786
2022-06-20,196.22972106933594,211.13323974609375,211.13323974609375,201.53627014160156,205.37506103515625,1577790
2022-06-21,198.0136260986328,213.05262756347656,214.97203063964844,207.29444885253906,211.13323974609375,2605511
2022-06-22,203.36534118652344,218.81080627441406,218.81080627441406,209.21385192871094,214.97203063964844,2865801
2022-06-23,201.58143615722656,216.89141845703125,224.56898498535156,216.89141845703125,220.73020935058594,2727216
2022-06-24,199.7975311279297,214.97203063964844,222.64959716796875,207.29444885253906,216.89141845703125,3996263
2022-06-27,198.0136260986328,213.05262756347656,218.81080627441406,209.21385192871094,214.97203063964844,2450566
2022-06-28,196.22972106933594,211.13323974609375,214.97203063964844,209.21385192871094,213.05262756347656,2280720
2022-06-29,192.66189575195312,207.29444885253906,213.05262756347656,207.29444885253906,211.13323974609375,2591444
2022-06-30,205.14926147460938,220.73020935058594,224.56898498535156,205.37506103515625,209.21385192871094,6946675
2022-07-01,194.44581604003906,209.21385192871094,222.64959716796875,205.37506103515625,220.73020935058594,1840790
2022-07-04,190.8780059814453,205.37506103515625,211.13323974609375,203.45567321777344,211.13323974609375,1793796
2022-07-05,192.66189575195312,207.29444885253906,207.29444885253906,203.45567321777344,205.37506103515625,844016
2022-07-06,189.09410095214844,203.45567321777344,209.21385192871094,203.45567321777344,209.21385192871094,1236224
2022-07-07,190.8780059814453,205.37506103515625,207.29444885253906,203.45567321777344,205.37506103515625,1041996
2022-07-08,190.8780059814453,205.37506103515625,207.29444885253906,203.45567321777344,207.29444885253906,932794
2022-07-11,190.8780059814453,205.37506103515625,205.37506103515625,203.45567321777344,205.37506103515625,1070234
2022-07-12,185.52627563476562,199.61688232421875,205.37506103515625,199.61688232421875,205.37506103515625,1393773
2022-07-13,183.74237060546875,197.69747924804688,199.61688232421875,195.77809143066406,199.61688232421875,918311
2022-07-14,180.174560546875,193.85870361328125,197.69747924804688,191.93930053710938,195.77809143066406,2318024
2022-07-15,177.4987030029297,190.9796142578125,195.77809143066406,190.9796142578125,193.85870361328125,1526315
2022-07-18,174.82284545898438,188.10052490234375,190.9796142578125,188.10052490234375,190.9796142578125,1471715
2022-07-19,183.74237060546875,197.69747924804688,199.61688232421875,188.10052490234375,189.06021118164062,2422640
2022-07-20,198.0136260986328,213.05262756347656,214.97203063964844,199.61688232421875,201.53627014160156,5343564
2022-07-21,201.58143615722656,216.89141845703125,218.81080627441406,211.13323974609375,213.05262756347656,3423061
2022-07-22,217.6365966796875,234.16595458984375,236.08534240722656,213.05262756347656,218.81080627441406,13443103
2022-07-25,212.28488159179688,228.40777587890625,234.16595458984375,222.64959716796875,234.16595458984375,1614677
2022-07-26,205.14926147460938,220.73020935058594,230.32716369628906,216.89141845703125,222.64959716796875,1046372
2022-07-27,214.0687713623047,230.32716369628906,230.32716369628906,216.89141845703125,220.73020935058594,2819641
2022-07-28,219.42050170898438,236.08534240722656,238.00474548339844,224.56898498535156,230.32716369628906,10328785
2022-07-29,219.42050170898438,236.08534240722656,238.00474548339844,230.32716369628906,236.08534240722656,4073996
2022-08-01,219.42050170898438,236.08534240722656,238.00474548339844,230.32716369628906,236.08534240722656,3335846
2022-08-02,210.5009765625,226.48838806152344,236.08534240722656,226.48838806152344,236.08534240722656,1686574
2022-08-03,203.36534118652344,218.81080627441406,226.48838806152344,211.13323974609375,226.48838806152344,3770671
2022-08-04,203.36534118652344,218.81080627441406,226.48838806152344,216.89141845703125,218.81080627441406,3460156
2022-08-05,203.36534118652344,218.81080627441406,218.81080627441406,211.13323974609375,216.89141845703125,1308642
2022-08-08,192.66189575195312,207.29444885253906,218.81080627441406,207.29444885253906,218.81080627441406,1881740
2022-08-09,192.66189575195312,207.29444885253906,209.21385192871094,205.37506103515625,207.29444885253906,1594358
2022-08-10,190.8780059814453,205.37506103515625,207.29444885253906,203.45567321777344,207.29444885253906,1198295
2022-08-11,196.22972106933594,211.13323974609375,216.89141845703125,203.45567321777344,203.45567321777344,2614993
2022-08-12,185.52627563476562,199.61688232421875,213.05262756347656,199.61688232421875,211.13323974609375,4341372
2022-08-15,185.52627563476562,199.61688232421875,203.45567321777344,197.69747924804688,201.53627014160156,3087955
2022-08-16,183.74237060546875,197.69747924804688,201.53627014160156,197.69747924804688,199.61688232421875,2008134
2022-08-18,183.74237060546875,197.69747924804688,199.61688232421875,195.77809143066406,197.69747924804688,1988545
2022-08-19,190.8780059814453,205.37506103515625,205.37506103515625,197.69747924804688,199.61688232421875,1976353
2022-08-22,192.66189575195312,207.29444885253906,209.21385192871094,199.61688232421875,205.37506103515625,6023674
2022-08-23,190.8780059814453,205.37506103515625,209.21385192871094,199.61688232421875,207.29444885253906,7187792
2022-08-24,190.8780059814453,205.37506103515625,209.21385192871094,201.53627014160156,205.37506103515625,5396705
2022-08-25,189.09410095214844,203.45567321777344,207.29444885253906,203.45567321777344,205.37506103515625,873922
2022-08-26,192.66189575195312,207.29444885253906,207.29444885253906,201.53627014160156,203.45567321777344,3928533
2022-08-29,190.8780059814453,205.37506103515625,207.29444885253906,201.53627014160156,207.29444885253906,7021594
2022-08-30,190.8780059814453,205.37506103515625,205.37506103515625,201.53627014160156,205.37506103515625,2772959
2022-08-31,190.8780059814453,205.37506103515625,205.37506103515625,201.53627014160156,205.37506103515625,3897690
2022-09-01,190.8780059814453,205.37506103515625,205.37506103515625,203.45567321777344,205.37506103515625,2311980
2022-09-02,189.09410095214844,203.45567321777344,205.37506103515625,201.53627014160156,205.37506103515625,2674178
2022-09-05,190.8780059814453,205.37506103515625,205.37506103515625,201.53627014160156,201.53627014160156,2696373
2022-09-06,189.09410095214844,203.45567321777344,205.37506103515625,203.45567321777344,203.45567321777344,2506417
2022-09-07,192.66189575195312,207.29444885253906,207.29444885253906,203.45567321777344,203.45567321777344,3288435
2022-09-08,199.7975311279297,214.97203063964844,214.97203063964844,205.37506103515625,207.29444885253906,7597609
2022-09-09,208.71705627441406,224.56898498535156,224.56898498535156,211.13323974609375,214.97203063964844,13053188
2022-09-12,217.6365966796875,234.16595458984375,239.92413330078125,222.64959716796875,224.56898498535156,23437512
2022-09-13,224.772216796875,241.84352111816406,251.44049072265625,232.24656677246094,234.16595458984375,35709725
2022-09-14,217.6365966796875,234.16595458984375,238.00474548339844,228.40777587890625,236.08534240722656,6634701
2022-09-15,228.34002685546875,245.68231201171875,247.60169982910156,234.16595458984375,234.16595458984375,21265055
2022-09-16,219.42050170898438,236.08534240722656,243.76292419433594,236.08534240722656,243.76292419433594,4657618
2022-09-19,240.827392578125,259.1180725097656,259.1180725097656,232.24656677246094,236.08534240722656,29804733
2022-09-20,235.47564697265625,253.35987854003906,272.5538024902344,253.35987854003906,261.0374450683594,24771059
2022-09-21,226.55613708496094,243.76292419433594,255.27928161621094,243.76292419433594,253.35987854003906,4575092
2022-09-22,239.04347229003906,257.19866943359375,257.19866943359375,239.92413330078125,245.68231201171875,8102144
2022-09-23,249.7469024658203,268.71502685546875,268.71502685546875,253.35987854003906,259.1180725097656,13820097
2022-09-26,240.827392578125,259.1180725097656,270.6344299316406,259.1180725097656,268.71502685546875,5843097
2022-09-27,264.0181579589844,284.0701599121094,285.98956298828125,257.19866943359375,259.1180725097656,25357078
2022-09-28,258.66644287109375,278.3119812011719,291.74774169921875,278.3119812011719,284.0701599121094,17085192
2022-09-29,256.8825378417969,276.3926086425781,287.9089660644531,276.3926086425781,278.3119812011719,9257718
2022-09-30,251.53082275390625,270.6344299316406,278.3119812011719,266.7956237792969,276.3926086425781,4445571
2022-10-03,258.66644287109375,278.3119812011719,278.3119812011719,270.6344299316406,272.5538024902344,2742533
2022-10-04,267.5859680175781,287.9089660644531,293.6671447753906,276.3926086425781,278.3119812011719,13806343
2022-10-05,269.3699035644531,289.828369140625,297.50592041015625,285.98956298828125,287.9089660644531,11149670
2022-10-06,262.2342529296875,282.1507873535156,289.828369140625,282.1507873535156,289.828369140625,3440775
2022-10-07,256.8825378417969,276.3926086425781,284.0701599121094,276.3926086425781,284.0701599121094,2255817
2022-10-10,251.53082275390625,270.6344299316406,278.3119812011719,270.6344299316406,278.3119812011719,3839963
2022-10-11,260.4503479003906,280.23138427734375,280.23138427734375,264.8762512207031,270.6344299316406,5352421
2022-10-12,262.2342529296875,282.1507873535156,284.0701599121094,276.3926086425781,280.23138427734375,10220001
2022-10-13,269.3699035644531,289.828369140625,289.828369140625,278.3119812011719,282.1507873535156,9772151
2022-10-14,262.2342529296875,282.1507873535156,299.4253234863281,282.1507873535156,289.828369140625,12828638
2022-10-17,256.8825378417969,276.3926086425781,282.1507873535156,272.5538024902344,282.1507873535156,2996468
2022-10-18,258.66644287109375,278.3119812011719,285.98956298828125,274.47320556640625,276.3926086425781,4946667
2022-10-19,255.0986328125,274.47320556640625,280.23138427734375,274.47320556640625,278.3119812011719,2128693
2022-10-20,260.4503479003906,280.23138427734375,280.23138427734375,274.47320556640625,276.3926086425781,1475674
2022-10-21,278.2894287109375,299.4253234863281,305.1835021972656,278.3119812011719,280.23138427734375,14062466
2022-10-24,285.425048828125,307.1029052734375,309.02227783203125,297.50592041015625,299.4253234863281,10783825
2022-10-25,278.2894287109375,299.4253234863281,309.02227783203125,297.50592041015625,307.1029052734375,4201223
2022-10-26,276.5054931640625,297.50592041015625,305.1835021972656,297.50592041015625,299.4253234863281,2150054
2022-10-27,297.9123840332031,320.53863525390625,324.37744140625,297.50592041015625,297.50592041015625,10989307
2022-10-28,305.0480041503906,328.2162170410156,330.1356201171875,318.6192626953125,320.53863525390625,5069831
2022-10-31,344.2939758300781,370.44287109375,374.2816467285156,328.2162170410156,330.1356201171875,17711953
2022-11-01,333.59051513671875,358.926513671875,381.959228515625,351.2489318847656,370.44287109375,15480310
2022-11-02,331.8066101074219,357.0071105957031,362.7652893066406,351.2489318847656,358.926513671875,3790260
2022-11-03,326.45489501953125,351.2489318847656,358.926513671875,351.2489318847656,357.0071105957031,4369714
2022-11-04,330.022705078125,355.08770751953125,355.08770751953125,337.81317138671875,353.1683349609375,5801729
2022-11-07,312.18365478515625,335.893798828125,355.08770751953125,332.05499267578125,355.08770751953125,7351177
2022-11-08,296.12847900390625,318.6192626953125,335.893798828125,318.6192626953125,333.9743957519531,5937189
2022-11-09,303.26409912109375,326.29681396484375,326.29681396484375,318.6192626953125,318.6192626953125,2970939
2022-11-10,299.6962890625,322.4580383300781,326.29681396484375,318.6192626953125,326.29681396484375,2616243
2022-11-11,321.1031799316406,345.4907531738281,345.4907531738281,326.29681396484375,326.29681396484375,7447666
2022-11-14,331.8066101074219,357.0071105957031,358.926513671875,345.4907531738281,347.41015625,5087441
2022-11-15,338.9422302246094,364.6846923828125,366.60406494140625,353.1683349609375,357.0071105957031,7670341
2022-11-16,346.0778503417969,372.36224365234375,374.2816467285156,360.84588623046875,366.60406494140625,8371083
2022-11-17,362.13299560546875,389.63677978515625,399.2337646484375,370.44287109375,372.36224365234375,9790073
2022-11-18,369.2686462402344,397.3143615722656,397.3143615722656,387.7174072265625,389.63677978515625,6649185
2022-11-21,371.05255126953125,399.2337646484375,404.991943359375,393.4755859375,397.3143615722656,6995857
2022-11-22,383.5399169921875,412.6695251464844,414.5888977050781,395.39495849609375,399.2337646484375,5747233
2022-11-23,383.5399169921875,412.6695251464844,420.3470764160156,410.7501220703125,412.6695251464844,3042941
2022-11-24,394.24334716796875,424.1858825683594,426.1052551269531,408.8307189941406,412.6695251464844,4866538
2022-11-25,390.6755065917969,420.3470764160156,426.1052551269531,420.3470764160156,424.1858825683594,2305937
2022-11-28,403.1628723144531,433.7828369140625,433.7828369140625,418.4277038574219,420.3470764160156,4482354
2022-11-29,406.7306823730469,437.6216125488281,439.541015625,431.8634338378906,433.7828369140625,1865068
2022-11-30,415.6502380371094,447.2185974121094,447.2185974121094,437.6216125488281,439.541015625,2371062
2022-12-01,419.218017578125,451.057373046875,454.8961486816406,447.2185974121094,447.2185974121094,2049918
2022-12-02,404.94677734375,435.7022399902344,452.9767761230469,433.7828369140625,452.9767761230469,3780361
2022-12-05,378.1882019042969,406.9113464355469,435.7022399902344,406.9113464355469,435.7022399902344,5468603
2022-12-06,353.2135009765625,380.0398254394531,404.991943359375,380.0398254394531,403.0725402832031,3680955
2022-12-07,337.1583251953125,362.7652893066406,380.0398254394531,355.08770751953125,378.12042236328125,1568829
2022-12-08,358.5652160644531,385.7980041503906,385.7980041503906,360.84588623046875,362.7652893066406,1640831
2022-12-09,333.59051513671875,358.926513671875,451.057373046875,358.926513671875,385.7980041503906,11018587
2022-12-12,312.18365478515625,335.893798828125,360.84588623046875,333.9743957519531,353.1683349609375,2893414
2022-12-13,303.26409912109375,326.29681396484375,337.81317138671875,324.37744140625,335.893798828125,830887
2022-12-14,333.59051513671875,358.926513671875,366.60406494140625,318.6192626953125,326.29681396484375,9163834
2022-12-15,319.3192443847656,343.57135009765625,364.6846923828125,339.7325744628906,360.84588623046875,3337409
2022-12-16,328.2388000488281,353.1683349609375,358.926513671875,337.81317138671875,343.57135009765625,1595504
2022-12-19,322.8870849609375,347.41015625,353.1683349609375,345.4907531738281,353.1683349609375,464000
2022-12-20,353.2135009765625,380.0398254394531,380.0398254394531,345.4907531738281,345.4907531738281,6516747
2022-12-21,387.10772705078125,416.50830078125,416.50830078125,380.0398254394531,381.959228515625,6962930
2022-12-22,396.0272521972656,426.1052551269531,433.7828369140625,412.6695251464844,422.2664794921875,4851950
2022-12-23,385.32379150390625,414.5888977050781,426.1052551269531,399.2337646484375,426.1052551269531,2823496
2022-12-26,390.6755065917969,420.3470764160156,426.1052551269531,410.7501220703125,414.5888977050781,2246335
2022-12-27,401.37896728515625,431.8634338378906,431.8634338378906,393.4755859375,422.2664794921875,2958226
2022-12-28,459.3559265136719,494.24371337890625,532.631591796875,433.7828369140625,433.7828369140625,17601918
2022-12-29,450.4364013671875,484.6467590332031,527.8330688476562,476.0094909667969,527.8330688476562,3564564
2022-12-30,468.27545166015625,503.8406677246094,503.8406677246094,477.9288635253906,489.4452209472656,2376480
2023-01-02,454.8961486816406,489.4452209472656,508.63916015625,484.6467590332031,503.8406677246094,2058358
2023-01-03,472.7352294921875,508.63916015625,508.63916015625,484.6467590332031,489.4452209472656,2120149
2023-01-04,459.3559265136719,494.24371337890625,513.4376220703125,494.24371337890625,508.63916015625,868712
2023-01-05,445.97662353515625,479.8482666015625,499.0422058105469,466.4125061035156,494.24371337890625,2533509
2023-01-06,477.1949768066406,513.4376220703125,556.6239624023438,472.1706848144531,477.9288635253906,9379423
2023-01-09,445.97662353515625,479.8482666015625,527.8330688476562,477.9288635253906,513.4376220703125,3303440
2023-01-10,429.9214782714844,462.57373046875,489.4452209472656,447.2185974121094,479.8482666015625,3678662
2023-01-11,442.4088134765625,476.0094909667969,476.0094909667969,454.8961486816406,462.57373046875,1449624
2023-01-12,495.0340576171875,532.631591796875,532.631591796875,472.1706848144531,476.0094909667969,4306465
2023-01-13,481.65478515625,518.2361450195312,566.220947265625,503.8406677246094,537.4300537109375,3351997
2023-01-16,472.7352294921875,508.63916015625,523.0346069335938,494.24371337890625,518.2361450195312,853603
2023-01-17,512.8731079101562,551.8255004882812,551.8255004882812,508.63916015625,513.4376220703125,2316253
2023-01-18,486.1145324707031,523.0346069335938,561.4224853515625,518.2361450195312,551.8255004882812,1796817
2023-01-19,490.57427978515625,527.8330688476562,532.631591796875,513.4376220703125,518.2361450195312,428677
2023-01-20,463.8157043457031,499.0422058105469,527.8330688476562,499.0422058105469,527.8330688476562,573931
2023-01-24,438.84100341796875,472.1706848144531,508.63916015625,472.1706848144531,499.0422058105469,1510685
2023-01-25,431.70538330078125,464.4931335449219,474.090087890625,462.57373046875,472.1706848144531,798689
2023-01-26,450.4364013671875,484.6467590332031,484.6467590332031,464.4931335449219,464.4931335449219,1708873
2023-01-27,468.27545166015625,503.8406677246094,503.8406677246094,479.8482666015625,489.4452209472656,3164229
2023-01-30,477.1949768066406,513.4376220703125,523.0346069335938,494.24371337890625,503.8406677246094,4170901
2023-01-31,481.65478515625,518.2361450195312,532.631591796875,508.63916015625,508.63916015625,2144948
2023-02-01,477.1949768066406,513.4376220703125,527.8330688476562,513.4376220703125,518.2361450195312,1149113
2023-02-02,468.27545166015625,503.8406677246094,508.63916015625,489.4452209472656,508.63916015625,1472757
2023-02-03,468.27545166015625,503.8406677246094,508.63916015625,499.0422058105469,508.63916015625,279463
2023-02-06,454.8961486816406,489.4452209472656,547.0270385742188,479.8482666015625,503.8406677246094,3920093
2023-02-07,459.3559265136719,494.24371337890625,503.8406677246094,479.8482666015625,484.6467590332031,705014
2023-02-08,454.8961486816406,489.4452209472656,499.0422058105469,484.6467590332031,494.24371337890625,1242163
2023-02-09,445.97662353515625,479.8482666015625,494.24371337890625,479.8482666015625,484.6467590332031,1781292
2023-02-10,438.84100341796875,472.1706848144531,479.8482666015625,472.1706848144531,479.8482666015625,840474
2023-02-13,435.273193359375,468.3319091796875,474.090087890625,466.4125061035156,472.1706848144531,1455251
2023-02-14,433.4892578125,466.4125061035156,470.2513122558594,466.4125061035156,470.2513122558594,758052
2023-02-15,445.97662353515625,479.8482666015625,479.8482666015625,466.4125061035156,466.4125061035156,761803
2023-02-16,463.8157043457031,499.0422058105469,499.0422058105469,479.8482666015625,479.8482666015625,1096596
2023-02-17,463.8157043457031,499.0422058105469,513.4376220703125,499.0422058105469,503.8406677246094,1306037
2023-02-20,450.4364013671875,484.6467590332031,499.0422058105469,484.6467590332031,499.0422058105469,432428
2023-02-21,450.4364013671875,484.6467590332031,489.4452209472656,479.8482666015625,484.6467590332031,200480
2023-02-22,445.97662353515625,479.8482666015625,489.4452209472656,476.0094909667969,484.6467590332031,484632
2023-02-23,468.27545166015625,503.8406677246094,503.8406677246094,479.8482666015625,479.8482666015625,619987
2023-02-24,454.8961486816406,489.4452209472656,503.8406677246094,489.4452209472656,503.8406677246094,238096
2023-02-27,459.3559265136719,494.24371337890625,494.24371337890625,489.4452209472656,489.4452209472656,313745
2023-02-28,472.7352294921875,508.63916015625,508.63916015625,494.24371337890625,494.24371337890625,941235
2023-03-01,477.1949768066406,513.4376220703125,513.4376220703125,503.8406677246094,508.63916015625,367512
2023-03-02,477.1949768066406,513.4376220703125,513.4376220703125,503.8406677246094,513.4376220703125,375639
2023-03-03,486.1145324707031,523.0346069335938,523.0346069335938,508.63916015625,513.4376220703125,391998
2023-03-06,539.6317138671875,580.6163940429688,590.21337890625,527.8330688476562,527.8330688476562,6793397
2023-03-07,539.6317138671875,580.6163940429688,623.802734375,580.6163940429688,590.21337890625,5995332
2023-03-08,535.1719360351562,575.8179321289062,580.6163940429688,551.8255004882812,580.6163940429688,1421803
2023-03-09,539.6317138671875,580.6163940429688,599.8103637695312,571.0194702148438,575.8179321289062,724604
2023-03-10,530.7122192382812,571.0194702148438,580.6163940429688,571.0194702148438,580.6163940429688,295718
2023-03-13,530.7122192382812,571.0194702148438,575.8179321289062,561.4224853515625,575.8179321289062,448787
2023-03-14,521.7926635742188,561.4224853515625,571.0194702148438,537.4300537109375,571.0194702148438,845683
2023-03-15,521.7926635742188,561.4224853515625,566.220947265625,551.8255004882812,561.4224853515625,403773
2023-03-16,521.7926635742188,561.4224853515625,561.4224853515625,551.8255004882812,556.6239624023438,253100
2023-03-17,535.1719360351562,575.8179321289062,575.8179321289062,556.6239624023438,561.4224853515625,473691
2023-03-20,535.1719360351562,575.8179321289062,604.6088256835938,575.8179321289062,575.8179321289062,1030117
2023-03-21,526.25244140625,566.220947265625,580.6163940429688,566.220947265625,575.8179321289062,414818
2023-03-24,526.25244140625,566.220947265625,575.8179321289062,566.220947265625,566.220947265625,251121
2023-03-27,575.3098754882812,619.0042724609375,671.78759765625,566.220947265625,571.0194702148438,2325318
2023-03-28,588.6891479492188,633.3997192382812,652.5936279296875,619.0042724609375,619.0042724609375,696261
2023-03-29,606.5281982421875,652.5936279296875,666.9890747070312,633.3997192382812,633.3997192382812,718664
2023-03-30,597.6087036132812,642.9967041015625,666.9890747070312,642.9967041015625,652.5936279296875,595188
2023-03-31,646.6660766601562,695.7799682617188,695.7799682617188,628.6012573242188,642.9967041015625,1719501
2023-04-03,664.5051879882812,714.9739379882812,714.9739379882812,676.5860595703125,700.5784912109375,1534339
2023-04-04,646.6660766601562,695.7799682617188,719.7723999023438,676.5860595703125,714.9739379882812,1064607
2023-04-05,633.2868041992188,681.384521484375,700.5784912109375,681.384521484375,695.7799682617188,385642
2023-04-06,673.4246826171875,724.5708618164062,748.5632934570312,676.5860595703125,681.384521484375,1334901
2023-04-10,628.8270263671875,676.5860595703125,729.369384765625,676.5860595703125,724.5708618164062,1355532
2023-04-11,619.907470703125,666.9890747070312,690.9815063476562,633.3997192382812,671.78759765625,2237269
2023-04-12,610.9879760742188,657.3921508789062,690.9815063476562,657.3921508789062,666.9890747070312,1291658
2023-04-13,602.0684814453125,647.795166015625,657.3921508789062,614.205810546875,647.795166015625,1725753
2023-04-14,561.9305419921875,604.6088256835938,647.795166015625,604.6088256835938,642.9967041015625,879548
2023-04-17,526.25244140625,566.220947265625,604.6088256835938,566.220947265625,599.8103637695312,1323022
2023-04-18,526.25244140625,566.220947265625,609.4072875976562,547.0270385742188,561.4224853515625,2963436
2023-04-26,508.4133605957031,547.0270385742188,580.6163940429688,537.4300537109375,566.220947265625,892469
2023-04-27,548.55126953125,590.21337890625,590.21337890625,547.0270385742188,547.0270385742188,826198
2023-04-28,597.6087036132812,642.9967041015625,642.9967041015625,590.21337890625,590.21337890625,4506424
2023-05-02,615.44775390625,662.1906127929688,671.78759765625,633.3997192382812,642.9967041015625,2872783
2023-05-03,606.5281982421875,652.5936279296875,671.78759765625,652.5936279296875,662.1906127929688,854124
2023-05-04,633.2868041992188,681.384521484375,686.1830444335938,652.5936279296875,652.5936279296875,3531637
2023-05-05,606.5281982421875,652.5936279296875,681.384521484375,647.795166015625,681.384521484375,751591
2023-05-08,570.85009765625,614.205810546875,652.5936279296875,609.4072875976562,647.795166015625,1328753
2023-05-09,610.9879760742188,657.3921508789062,657.3921508789062,595.0118408203125,609.4072875976562,1612176
2023-05-10,602.0684814453125,647.795166015625,671.78759765625,642.9967041015625,662.1906127929688,872880
2023-05-11,597.6087036132812,642.9967041015625,652.5936279296875,633.3997192382812,647.795166015625,222674
2023-05-12,624.3673095703125,671.78759765625,681.384521484375,638.1981811523438,642.9967041015625,1328961
2023-05-15,628.8270263671875,676.5860595703125,676.5860595703125,662.1906127929688,671.78759765625,312077
2023-05-16,642.2063598632812,690.9815063476562,710.1754150390625,671.78759765625,676.5860595703125,2382628
2023-05-17,642.2063598632812,690.9815063476562,690.9815063476562,676.5860595703125,690.9815063476562,1071901
2023-05-19,642.2063598632812,690.9815063476562,695.7799682617188,686.1830444335938,690.9815063476562,919561
2023-05-22,637.74658203125,686.1830444335938,690.9815063476562,681.384521484375,686.1830444335938,543921
2023-05-23,677.8844604492188,729.369384765625,748.5632934570312,676.5860595703125,690.9815063476562,3198094
2023-05-24,753.7005004882812,810.943603515625,810.943603515625,724.5708618164062,729.369384765625,4410873
2023-05-25,749.24072265625,806.1450805664062,820.54052734375,791.7496337890625,810.943603515625,1871216
2023-05-26,758.1602783203125,815.7420654296875,825.3390502929688,806.1450805664062,810.943603515625,1635412
2023-05-29,767.079833984375,825.3390502929688,830.1375122070312,815.7420654296875,820.54052734375,1714500
2023-05-30,735.8614501953125,791.7496337890625,825.3390502929688,767.7572021484375,825.3390502929688,2536947
2023-05-31,686.803955078125,738.96630859375,791.7496337890625,738.96630859375,791.7496337890625,1458481
2023-06-05,713.5625610351562,767.7572021484375,772.5557250976562,695.7799682617188,729.369384765625,1072839
2023-06-06,731.4016723632812,786.951171875,791.7496337890625,767.7572021484375,772.5557250976562,624051
2023-06-07,722.4821166992188,777.3541870117188,791.7496337890625,777.3541870117188,786.951171875,436700
2023-06-08,726.94189453125,782.1526489257812,786.951171875,772.5557250976562,777.3541870117188,332813
2023-06-09,722.4821166992188,777.3541870117188,782.1526489257812,772.5557250976562,782.1526489257812,123372
2023-06-12,718.0223999023438,772.5557250976562,786.951171875,772.5557250976562,777.3541870117188,352715
2023-06-13,713.5625610351562,767.7572021484375,772.5557250976562,758.1602783203125,772.5557250976562,140148
2023-06-14,713.5625610351562,767.7572021484375,767.7572021484375,758.1602783203125,767.7572021484375,126185
2023-06-15,718.0223999023438,772.5557250976562,777.3541870117188,762.958740234375,767.7572021484375,263937
2023-06-16,700.1832885742188,753.3617553710938,772.5557250976562,753.3617553710938,772.5557250976562,394812
2023-06-19,686.803955078125,738.96630859375,753.3617553710938,714.9739379882812,753.3617553710938,391790
2023-06-20,677.8844604492188,729.369384765625,743.7648315429688,724.5708618164062,734.1678466796875,397729
2023-06-21,726.94189453125,782.1526489257812,782.1526489257812,724.5708618164062,729.369384765625,2128902
2023-06-22,700.1832885742188,753.3617553710938,796.5481567382812,753.3617553710938,791.7496337890625,1222365
2023-06-23,695.7235107421875,748.5632934570312,758.1602783203125,724.5708618164062,753.3617553710938,885696
2023-06-26,700.1832885742188,753.3617553710938,753.3617553710938,729.369384765625,748.5632934570312,661875
2023-06-27,695.7235107421875,748.5632934570312,753.3617553710938,743.7648315429688,753.3617553710938,100552
2023-07-03,695.7235107421875,748.5632934570312,753.3617553710938,738.96630859375,748.5632934570312,387518
2023-07-04,700.1832885742188,753.3617553710938,753.3617553710938,743.7648315429688,748.5632934570312,249870
2023-07-05,704.64306640625,758.1602783203125,772.5557250976562,743.7648315429688,753.3617553710938,675421
2023-07-06,718.0223999023438,772.5557250976562,772.5557250976562,743.7648315429688,758.1602783203125,1090553
2023-07-07,722.4821166992188,777.3541870117188,782.1526489257812,762.958740234375,777.3541870117188,590811
2023-07-10,726.94189453125,782.1526489257812,791.7496337890625,772.5557250976562,777.3541870117188,331875
2023-07-11,740.3212280273438,796.5481567382812,796.5481567382812,782.1526489257812,782.1526489257812,320622
2023-07-12,744.781005859375,801.3466186523438,806.1450805664062,791.7496337890625,791.7496337890625,233302
2023-07-13,740.3212280273438,796.5481567382812,806.1450805664062,786.951171875,801.3466186523438,266229
2023-07-14,749.24072265625,806.1450805664062,806.1450805664062,791.7496337890625,796.5481567382812,130353
2023-07-17,744.781005859375,801.3466186523438,806.1450805664062,801.3466186523438,806.1450805664062,170678
2023-07-18,700.1832885742188,753.3617553710938,806.1450805664062,753.3617553710938,801.3466186523438,510890
2023-07-20,704.64306640625,758.1602783203125,758.1602783203125,710.1754150390625,748.5632934570312,1440767
2023-07-21,704.64306640625,758.1602783203125,767.7572021484375,758.1602783203125,762.958740234375,186204
2023-07-24,700.1832885742188,753.3617553710938,758.1602783203125,734.1678466796875,753.3617553710938,417632
2023-07-25,677.8844604492188,729.369384765625,753.3617553710938,729.369384765625,753.3617553710938,468794
2023-07-26,664.5051879882812,714.9739379882812,729.369384765625,714.9739379882812,729.369384765625,322706
2023-07-27,673.4246826171875,724.5708618164062,724.5708618164062,705.376953125,714.9739379882812,231844
2023-07-28,673.4246826171875,724.5708618164062,724.5708618164062,719.7723999023438,724.5708618164062,60331
2023-07-31,668.9649658203125,719.7723999023438,724.5708618164062,714.9739379882812,724.5708618164062,78462
2023-08-01,664.5051879882812,714.9739379882812,719.7723999023438,700.5784912109375,719.7723999023438,188913
2023-08-02,664.5051879882812,714.9739379882812,714.9739379882812,710.1754150390625,714.9739379882812,573202
2023-08-03,664.5051879882812,714.9739379882812,714.9739379882812,710.1754150390625,714.9739379882812,395645
2023-08-04,660.04541015625,710.1754150390625,714.9739379882812,710.1754150390625,714.9739379882812,61686
2023-08-07,655.5856323242188,705.376953125,714.9739379882812,705.376953125,710.1754150390625,71376
2023-08-08,660.04541015625,710.1754150390625,710.1754150390625,681.384521484375,705.376953125,755030
2023-08-09,660.04541015625,710.1754150390625,710.1754150390625,705.376953125,705.376953125,11149
2023-08-10,664.5051879882812,714.9739379882812,714.9739379882812,705.376953125,710.1754150390625,646662
2023-08-11,651.1259155273438,700.5784912109375,714.9739379882812,700.5784912109375,714.9739379882812,102740
2023-08-14,651.1259155273438,700.5784912109375,705.376953125,700.5784912109375,700.5784912109375,35532
2023-08-15,686.803955078125,738.96630859375,738.96630859375,700.5784912109375,705.376953125,877777
2023-08-16,691.2637939453125,743.7648315429688,748.5632934570312,734.1678466796875,738.96630859375,531105
2023-08-18,691.2637939453125,743.7648315429688,748.5632934570312,738.96630859375,743.7648315429688,145254
2023-08-21,660.04541015625,710.1754150390625,743.7648315429688,710.1754150390625,743.7648315429688,354903
2023-08-22,668.9649658203125,719.7723999023438,724.5708618164062,705.376953125,710.1754150390625,506201
2023-08-23,668.9649658203125,719.7723999023438,719.7723999023438,714.9739379882812,719.7723999023438,685008
2023-08-24,691.2637939453125,743.7648315429688,743.7648315429688,714.9739379882812,719.7723999023438,5253014
2023-08-25,740.3212280273438,796.5481567382812,801.3466186523438,743.7648315429688,748.5632934570312,7998361
2023-08-28,758.1602783203125,815.7420654296875,815.7420654296875,782.1526489257812,815.7420654296875,6192582
2023-08-29,749.24072265625,806.1450805664062,815.7420654296875,786.951171875,815.7420654296875,3381589
2023-08-30,771.53955078125,830.1375122070312,834.9359741210938,791.7496337890625,796.5481567382812,7631162
2023-08-31,753.7005004882812,810.943603515625,834.9359741210938,796.5481567382812,834.9359741210938,4068056
2023-09-01,771.53955078125,830.1375122070312,839.7344970703125,796.5481567382812,810.943603515625,7997007
2023-09-04,753.7005004882812,810.943603515625,830.1375122070312,801.3466186523438,825.3390502929688,1532880
2023-09-05,735.8614501953125,791.7496337890625,810.943603515625,782.1526489257812,806.1450805664062,2301039
2023-09-06,709.1028442382812,762.958740234375,791.7496337890625,748.5632934570312,786.951171875,5217274
2023-09-07,668.9649658203125,719.7723999023438,753.3617553710938,719.7723999023438,753.3617553710938,4115884
2023-09-08,660.04541015625,710.1754150390625,719.7723999023438,690.9815063476562,719.7723999023438,4259367
2023-09-11,664.5051879882812,714.9739379882812,714.9739379882812,690.9815063476562,710.1754150390625,3700232
2023-09-12,673.4246826171875,724.5708618164062,729.369384765625,700.5784912109375,719.7723999023438,6638973
2023-09-13,682.34423828125,734.1678466796875,734.1678466796875,710.1754150390625,724.5708618164062,8088077
2023-09-14,660.04541015625,710.1754150390625,734.1678466796875,710.1754150390625,734.1678466796875,4901757
2023-09-15,682.34423828125,734.1678466796875,748.5632934570312,700.5784912109375,710.1754150390625,10683898
2023-09-18,691.2637939453125,743.7648315429688,748.5632934570312,710.1754150390625,729.369384765625,9089539
2023-09-19,686.803955078125,738.96630859375,748.5632934570312,719.7723999023438,743.7648315429688,11362237
2023-09-20,691.2637939453125,743.7648315429688,753.3617553710938,724.5708618164062,729.369384765625,13081426
2023-09-21,682.34423828125,734.1678466796875,748.5632934570312,719.7723999023438,743.7648315429688,9700253
2023-09-22,664.5051879882812,714.9739379882812,729.369384765625,710.1754150390625,724.5708618164062,5414732
2023-09-25,691.2637939453125,743.7648315429688,743.7648315429688,690.9815063476562,705.376953125,10239069
2023-09-26,713.5625610351562,767.7572021484375,767.7572021484375,734.1678466796875,743.7648315429688,12675048
2023-09-27,731.4016723632812,786.951171875,786.951171875,758.1602783203125,767.7572021484375,14284619
2023-09-29,713.5625610351562,767.7572021484375,786.951171875,743.7648315429688,786.951171875,5858935
2023-10-02,700.1832885742188,753.3617553710938,767.7572021484375,748.5632934570312,767.7572021484375,4672414
2023-10-03,700.1832885742188,753.3617553710938,758.1602783203125,729.369384765625,753.3617553710938,5961259
2023-10-04,677.8844604492188,729.369384765625,753.3617553710938,719.7723999023438,753.3617553710938,3955625
2023-10-05,673.4246826171875,724.5708618164062,734.1678466796875,705.376953125,729.369384765625,6265522
2023-10-06,682.34423828125,734.1678466796875,738.96630859375,710.1754150390625,724.5708618164062,6643245
2023-10-09,695.7235107421875,748.5632934570312,748.5632934570312,719.7723999023438,724.5708618164062,8265425
2023-10-10,700.1832885742188,753.3617553710938,753.3617553710938,724.5708618164062,748.5632934570312,11158631
2023-10-11,713.5625610351562,767.7572021484375,767.7572021484375,734.1678466796875,738.96630859375,8820392
2023-10-12,709.1028442382812,762.958740234375,767.7572021484375,748.5632934570312,762.958740234375,8845400
2023-10-13,713.5625610351562,767.7572021484375,772.5557250976562,743.7648315429688,753.3617553710938,7470590
2023-10-16,695.7235107421875,748.5632934570312,767.7572021484375,743.7648315429688,767.7572021484375,4480687
2023-10-17,677.8844604492188,729.369384765625,758.1602783203125,724.5708618164062,748.5632934570312,8294913
2023-10-18,651.1259155273438,700.5784912109375,734.1678466796875,700.5784912109375,729.369384765625,6255102
2023-10-19,615.44775390625,662.1906127929688,705.376953125,657.3921508789062,700.5784912109375,7452772
2023-10-20,610.9879760742188,657.3921508789062,671.78759765625,642.9967041015625,652.5936279296875,7456002
2023-10-23,593.14892578125,638.1981811523438,657.3921508789062,628.6012573242188,652.5936279296875,4348249
2023-10-24,610.9879760742188,657.3921508789062,657.3921508789062,609.4072875976562,638.1981811523438,14816350
2023-10-25,593.14892578125,638.1981811523438,662.1906127929688,628.6012573242188,662.1906127929688,8794967
2023-10-26,566.3903198242188,609.4072875976562,633.3997192382812,595.0118408203125,633.3997192382812,6865816
2023-10-27,544.0914916992188,585.4149169921875,604.6088256835938,575.8179321289062,604.6088256835938,2673866
2023-10-30,561.9305419921875,604.6088256835938,609.4072875976562,575.8179321289062,585.4149169921875,13764246
2023-10-31,575.3098754882812,619.0042724609375,619.0042724609375,590.21337890625,604.6088256835938,13761537
2023-11-01,566.3903198242188,609.4072875976562,623.802734375,590.21337890625,623.802734375,9805182
2023-11-02,588.6891479492188,633.3997192382812,633.3997192382812,585.4149169921875,604.6088256835938,12327751
2023-11-03,593.14892578125,638.1981811523438,647.795166015625,623.802734375,642.9967041015625,9287102
2023-11-06,597.6087036132812,642.9967041015625,642.9967041015625,619.0042724609375,638.1981811523438,6838932
2023-11-07,606.5281982421875,652.5936279296875,652.5936279296875,628.6012573242188,642.9967041015625,10074747
2023-11-08,606.5281982421875,652.5936279296875,657.3921508789062,623.802734375,652.5936279296875,12000772
2023-11-09,593.14892578125,638.1981811523438,652.5936279296875,628.6012573242188,647.795166015625,10529474
2023-11-10,597.6087036132812,642.9967041015625,647.795166015625,619.0042724609375,638.1981811523438,7372226
2023-11-13,602.0684814453125,647.795166015625,652.5936279296875,628.6012573242188,642.9967041015625,15839069
2023-11-14,606.5281982421875,652.5936279296875,657.3921508789062,628.6012573242188,647.795166015625,9921469
2023-11-15,597.6087036132812,642.9967041015625,666.9890747070312,633.3997192382812,652.5936279296875,11528435
2023-11-16,606.5281982421875,652.5936279296875,652.5936279296875,638.1981811523438,642.9967041015625,6881758
2023-11-17,566.3903198242188,609.4072875976562,652.5936279296875,609.4072875976562,652.5936279296875,11411732
2023-11-20,588.6891479492188,633.3997192382812,642.9967041015625,609.4072875976562,623.802734375,8293559
2023-11-21,588.6891479492188,633.3997192382812,633.3997192382812,609.4072875976562,633.3997192382812,7186021
2023-11-22,588.6891479492188,633.3997192382812,642.9967041015625,619.0042724609375,633.3997192382812,8958144
2023-11-23,606.5281982421875,652.5936279296875,652.5936279296875,623.802734375,633.3997192382812,9130073
2023-11-24,588.6891479492188,633.3997192382812,652.5936279296875,633.3997192382812,647.795166015625,9022018
2023-11-27,575.3098754882812,619.0042724609375,642.9967041015625,619.0042724609375,633.3997192382812,8749953
2023-11-28,597.6087036132812,642.9967041015625,642.9967041015625,614.205810546875,619.0042724609375,12649623
2023-11-29,584.2294311523438,628.6012573242188,642.9967041015625,628.6012573242188,642.9967041015625,5706699
2023-11-30,588.6891479492188,633.3997192382812,638.1981811523438,619.0042724609375,623.802734375,6836327
2023-12-01,579.7695922851562,623.802734375,638.1981811523438,619.0042724609375,628.6012573242188,4124324
2023-12-04,606.5281982421875,652.5936279296875,652.5936279296875,619.0042724609375,619.0042724609375,15814686
2023-12-05,602.0684814453125,647.795166015625,652.5936279296875,633.3997192382812,652.5936279296875,4795682
2023-12-06,615.44775390625,662.1906127929688,666.9890747070312,638.1981811523438,638.1981811523438,13244603
2023-12-07,597.6087036132812,642.9967041015625,662.1906127929688,628.6012573242188,662.1906127929688,12704536
2023-12-08,593.14892578125,638.1981811523438,647.795166015625,628.6012573242188,642.9967041015625,4085041
2023-12-11,584.2294311523438,628.6012573242188,638.1981811523438,619.0042724609375,638.1981811523438,2282492
2023-12-12,597.6087036132812,642.9967041015625,652.5936279296875,623.802734375,628.6012573242188,13578979
2023-12-13,593.14892578125,638.1981811523438,647.795166015625,633.3997192382812,642.9967041015625,3085662
2023-12-14,602.0684814453125,647.795166015625,647.795166015625,628.6012573242188,638.1981811523438,9467367
2023-12-15,615.44775390625,662.1906127929688,662.1906127929688,633.3997192382812,638.1981811523438,12536046
2023-12-18,597.6087036132812,642.9967041015625,662.1906127929688,642.9967041015625,662.1906127929688,7857379
2023-12-19,615.44775390625,662.1906127929688,662.1906127929688,633.3997192382812,642.9967041015625,14386839
2023-12-20,637.74658203125,686.1830444335938,686.1830444335938,652.5936279296875,662.1906127929688,15627127
2023-12-21,637.74658203125,686.1830444335938,686.1830444335938,666.9890747070312,686.1830444335938,12546674
2023-12-22,642.2063598632812,690.9815063476562,690.9815063476562,666.9890747070312,681.384521484375,8404323
2023-12-27,628.8270263671875,676.5860595703125,690.9815063476562,666.9890747070312,690.9815063476562,8329299
2023-12-28,624.3673095703125,671.78759765625,681.384521484375,657.3921508789062,666.9890747070312,8987736
2023-12-29,579.7695922851562,623.802734375,686.1830444335938,623.802734375,686.1830444335938,7225200
2024-01-02,508.4133605957031,547.0270385742188,623.802734375,523.0346069335938,623.802734375,12871777
2024-01-03,483.29412841796875,520.0,570.0,494.0,570.0,4895700
2024-01-04,487.9411926269531,525.0,530.0,496.0,510.0,13100500
2024-01-05,469.3529357910156,505.0,530.0,494.0,525.0,15146900
2024-01-08,408.9411926269531,440.0,505.0,434.0,505.0,6016900
2024-01-09,407.0823669433594,438.0,448.0,420.0,440.0,1319300
2024-01-10,403.3647155761719,434.0,448.0,432.0,438.0,1492000
2024-01-11,420.0941162109375,452.0,454.0,432.0,440.0,1546300
2024-01-12,421.95294189453125,454.0,464.0,448.0,454.0,1907500
2024-01-15,416.37646484375,448.0,456.0,444.0,454.0,604600
2024-01-16,418.23529052734375,450.0,452.0,442.0,450.0,600800
2024-01-17,408.9411926269531,440.0,448.0,440.0,448.0,370900
2024-01-18,412.6588134765625,444.0,448.0,436.0,440.0,245700
2024-01-19,414.51763916015625,446.0,454.0,442.0,444.0,721900
2024-01-22,416.37646484375,448.0,456.0,440.0,450.0,432200
2024-01-23,414.51763916015625,446.0,448.0,442.0,448.0,178800
2024-01-24,408.9411926269531,440.0,446.0,420.0,446.0,642200
2024-01-25,390.3529357910156,420.0,438.0,416.0,438.0,2038700
2024-01-26,371.76470947265625,400.0,424.0,390.0,422.0,3006800
2024-01-29,368.04705810546875,396.0,404.0,386.0,400.0,1150200
2024-01-30,371.76470947265625,400.0,406.0,388.0,398.0,722700
2024-01-31,371.76470947265625,400.0,404.0,390.0,400.0,593800
2024-02-01,379.20001220703125,408.0,408.0,390.0,400.0,800200
2024-02-02,371.76470947265625,400.0,408.0,392.0,408.0,826900
2024-02-05,364.32940673828125,392.0,400.0,392.0,400.0,460600
2024-02-06,366.188232421875,394.0,398.0,390.0,396.0,281600
2024-02-07,371.76470947265625,400.0,402.0,396.0,398.0,498400
2024-02-12,364.32940673828125,392.0,402.0,392.0,400.0,655400
2024-02-13,369.9058837890625,398.0,400.0,392.0,392.0,367700
2024-02-15,394.0705871582031,424.0,426.0,402.0,404.0,2120200
2024-02-16,397.7882385253906,428.0,434.0,424.0,424.0,734100
2024-02-19,401.5058898925781,432.0,432.0,412.0,426.0,217200
2024-02-20,395.9294128417969,426.0,434.0,426.0,432.0,354100
2024-02-21,407.0823669433594,438.0,458.0,420.0,432.0,1216300
2024-02-22,421.95294189453125,454.0,456.0,436.0,438.0,1200100
2024-02-23,427.5294189453125,460.0,460.0,446.0,446.0,580100
2024-02-26,442.3999938964844,476.0,478.0,450.0,460.0,1462800
2024-02-27,462.8470458984375,498.0,498.0,470.0,476.0,1707500
2024-02-28,453.5529479980469,488.0,500.0,486.0,498.0,1055500
2024-02-29,462.8470458984375,498.0,510.0,488.0,488.0,1162300
2024-03-01,453.5529479980469,488.0,496.0,482.0,496.0,377800
2024-03-04,425.67059326171875,458.0,492.0,432.0,490.0,798200
2024-03-05,425.67059326171875,458.0,460.0,436.0,458.0,343400
2024-03-06,423.811767578125,456.0,458.0,440.0,458.0,534600
2024-03-07,423.811767578125,456.0,466.0,440.0,452.0,1118200
2024-03-08,418.23529052734375,450.0,456.0,446.0,456.0,84700
2024-03-13,414.51763916015625,446.0,446.0,442.0,446.0,171500
2024-03-14,414.51763916015625,446.0,450.0,444.0,446.0,14000
2024-03-15,414.51763916015625,446.0,450.0,444.0,448.0,132500
2024-03-18,401.5058898925781,432.0,446.0,426.0,446.0,466100
2024-03-19,390.3529357910156,420.0,432.0,418.0,432.0,610100
2024-03-20,401.5058898925781,432.0,434.0,418.0,426.0,8728500
2024-03-21,408.9411926269531,440.0,444.0,430.0,434.0,14705500
2024-03-22,412.6588134765625,444.0,448.0,438.0,442.0,8247500
2024-03-25,410.79998779296875,442.0,444.0,438.0,444.0,2001100
2024-03-26,418.23529052734375,450.0,452.0,436.0,452.0,10933000
2024-03-27,407.0823669433594,438.0,452.0,428.0,450.0,4454500
2024-03-28,408.9411926269531,440.0,440.0,432.0,436.0,2487300
2024-04-01,401.5058898925781,432.0,438.0,430.0,438.0,847100
2024-04-02,407.0823669433594,438.0,448.0,426.0,432.0,76200
2024-04-03,390.3529357910156,420.0,438.0,420.0,432.0,181200
2024-04-04,384.7764587402344,414.0,426.0,414.0,420.0,493600
2024-04-05,390.3529357910156,420.0,424.0,412.0,422.0,239200
2024-04-16,381.058837890625,410.0,420.0,410.0,420.0,275400
2024-04-17,369.9058837890625,398.0,410.0,396.0,410.0,4104300
2024-04-18,371.76470947265625,400.0,400.0,388.0,398.0,744000
2024-04-19,371.76470947265625,400.0,402.0,384.0,402.0,3724500
2024-04-22,364.32940673828125,392.0,400.0,392.0,400.0,201800
2024-04-23,355.0353088378906,382.0,394.0,380.0,392.0,689400
2024-04-24,353.1764831542969,380.0,386.0,380.0,382.0,135300
2024-04-25,351.3176574707031,378.0,384.0,376.0,384.0,681200
2024-04-26,349.4588317871094,376.0,378.0,370.0,378.0,201200
2024-04-29,345.7411804199219,372.0,376.0,372.0,374.0,117300
2024-04-30,342.0235290527344,368.0,372.0,368.0,372.0,111100
2024-05-02,343.8823547363281,370.0,374.0,364.0,372.0,1116100
2024-05-03,345.7411804199219,372.0,372.0,368.0,372.0,1070800
2024-05-06,351.3176574707031,378.0,378.0,372.0,372.0,698800
2024-05-07,356.89410400390625,384.0,384.0,380.0,380.0,347000
2024-05-08,364.32940673828125,392.0,392.0,384.0,384.0,895300
2024-05-13,368.04705810546875,396.0,398.0,388.0,392.0,509800
2024-05-14,373.62353515625,402.0,402.0,398.0,398.0,669700
2024-05-15,379.20001220703125,408.0,408.0,398.0,402.0,457400
2024-05-16,386.6352844238281,416.0,416.0,408.0,410.0,389200
2024-05-17,382.91766357421875,412.0,418.0,412.0,416.0,67500
2024-05-20,382.91766357421875,412.0,416.0,412.0,412.0,61200
2024-05-21,382.91766357421875,412.0,414.0,412.0,412.0,134900
2024-05-22,381.058837890625,410.0,412.0,406.0,412.0,300100
2024-05-27,375.48236083984375,404.0,410.0,404.0,410.0,1015700
2024-05-28,371.76470947265625,400.0,408.0,400.0,406.0,264900
2024-05-29,371.76470947265625,400.0,402.0,396.0,400.0,313900
2024-05-30,366.188232421875,394.0,402.0,394.0,400.0,694900
2024-05-31,369.9058837890625,398.0,398.0,388.0,394.0,915200
2024-06-03,377.3411865234375,406.0,406.0,394.0,396.0,246100
2024-06-04,377.3411865234375,406.0,410.0,402.0,406.0,61700
2024-06-05,373.62353515625,402.0,408.0,402.0,406.0,426000
2024-06-06,377.3411865234375,406.0,406.0,398.0,402.0,989600
2024-06-07,377.3411865234375,406.0,406.0,402.0,406.0,750300
2024-06-10,381.058837890625,410.0,410.0,402.0,406.0,1479700
2024-06-11,377.3411865234375,406.0,410.0,406.0,410.0,443700
2024-06-12,373.62353515625,402.0,406.0,402.0,406.0,571100
2024-06-13,369.9058837890625,398.0,404.0,398.0,404.0,440800
2024-06-14,369.9058837890625,398.0,402.0,394.0,400.0,11400
2024-06-19,362.4705810546875,390.0,398.0,390.0,398.0,549200
2024-06-20,360.61175537109375,388.0,392.0,386.0,390.0,766300
2024-06-21,360.61175537109375,388.0,388.0,382.0,388.0,617800
2024-06-24,360.61175537109375,388.0,388.0,384.0,388.0,147300
2024-06-25,358.7529296875,386.0,386.0,384.0,386.0,76600
2024-06-26,358.7529296875,386.0,386.0,382.0,384.0,67000
2024-06-27,360.61175537109375,388.0,390.0,386.0,386.0,47000
2024-06-28,362.4705810546875,390.0,392.0,388.0,392.0,22300
2024-07-01,356.89410400390625,384.0,394.0,384.0,394.0,397000
2024-07-02,356.89410400390625,384.0,384.0,380.0,384.0,116600
2024-07-03,356.89410400390625,384.0,386.0,380.0,382.0,59900
2024-07-04,356.89410400390625,384.0,384.0,380.0,384.0,100400
2024-07-05,358.7529296875,386.0,386.0,384.0,386.0,62800
2024-07-08,362.4705810546875,390.0,390.0,386.0,386.0,1155600
2024-07-09,366.188232421875,394.0,394.0,390.0,394.0,29200
2024-07-10,366.188232421875,394.0,394.0,390.0,392.0,1026400
2024-07-11,369.9058837890625,398.0,398.0,392.0,394.0,1643200
2024-07-12,371.76470947265625,400.0,400.0,394.0,400.0,2061900
2024-07-15,375.48236083984375,404.0,404.0,400.0,400.0,917800
2024-07-16,377.3411865234375,406.0,408.0,404.0,404.0,1841600
2024-07-17,382.91766357421875,412.0,412.0,404.0,406.0,2114200
2024-07-18,388.4941101074219,418.0,418.0,410.0,412.0,3393200
2024-07-19,390.3529357910156,420.0,420.0,414.0,420.0,2880500
2024-07-22,388.4941101074219,418.0,422.0,416.0,420.0,3308400
2024-07-23,394.0705871582031,424.0,424.0,418.0,418.0,3033000
2024-07-24,392.2117614746094,422.0,424.0,416.0,424.0,2870000
2024-07-25,397.7882385253906,428.0,428.0,418.0,420.0,3693300
2024-07-26,401.5058898925781,432.0,432.0,422.0,428.0,2926900
2024-07-29,408.9411926269531,440.0,440.0,432.0,434.0,3358600
2024-07-30,408.9411926269531,440.0,442.0,434.0,442.0,3100100
2024-07-31,418.23529052734375,450.0,450.0,440.0,440.0,4640200
2024-08-01,412.6588134765625,444.0,450.0,444.0,450.0,520000
2024-08-02,410.79998779296875,442.0,444.0,440.0,442.0,1344700
2024-08-05,399.6470642089844,430.0,442.0,430.0,442.0,1793400
2024-08-06,403.3647155761719,434.0,434.0,428.0,428.0,1217300
2024-08-07,403.3647155761719,434.0,438.0,434.0,434.0,1265400
2024-08-08,401.5058898925781,432.0,434.0,432.0,434.0,181000
2024-08-09,401.5058898925781,432.0,432.0,430.0,430.0,7300
2024-08-12,401.5058898925781,432.0,432.0,430.0,432.0,38300
2024-08-13,399.6470642089844,430.0,432.0,430.0,430.0,168000
2024-08-14,394.0705871582031,424.0,430.0,424.0,430.0,475000
2024-08-15,392.2117614746094,422.0,424.0,418.0,424.0,957000
2024-08-16,388.4941101074219,418.0,422.0,418.0,422.0,230800
2024-08-19,386.6352844238281,416.0,418.0,416.0,418.0,25800
2024-08-20,399.6470642089844,430.0,430.0,416.0,416.0,3059200
2024-08-21,405.2235412597656,436.0,436.0,428.0,430.0,1356200
2024-08-22,408.9411926269531,440.0,442.0,432.0,436.0,3126300
2024-08-23,416.37646484375,448.0,450.0,436.0,440.0,4681800
2024-08-26,416.37646484375,448.0,448.0,444.0,448.0,934300
2024-08-27,418.23529052734375,450.0,450.0,444.0,448.0,1043800
2024-08-28,420.0941162109375,452.0,452.0,448.0,450.0,1094800
2024-08-29,418.23529052734375,450.0,452.0,448.0,452.0,632100
2024-08-30,416.37646484375,448.0,448.0,446.0,448.0,791100
2024-09-02,416.37646484375,448.0,448.0,444.0,446.0,268800
2024-09-03,416.37646484375,448.0,448.0,446.0,446.0,183400
2024-09-04,427.5294189453125,460.0,462.0,446.0,446.0,6193400
2024-09-05,427.5294189453125,460.0,462.0,456.0,460.0,2294500
2024-09-06,427.5294189453125,460.0,460.0,456.0,460.0,885800
2024-09-09,427.5294189453125,460.0,460.0,456.0,460.0,581400
2024-09-10,431.2470703125,464.0,468.0,456.0,458.0,5235200
2024-09-11,429.38824462890625,462.0,462.0,458.0,462.0,840900
2024-09-12,429.38824462890625,462.0,462.0,458.0,462.0,704200
2024-09-13,427.5294189453125,460.0,460.0,458.0,460.0,1192000
2024-09-17,436.8235168457031,470.0,470.0,456.0,460.0,3450900
2024-09-18,436.8235168457031,470.0,470.0,464.0,470.0,2214200
2024-09-19,442.3999938964844,476.0,476.0,466.0,468.0,6703800
2024-09-20,440.5411682128906,474.0,476.0,472.0,476.0,952000
2024-09-23,440.5411682128906,474.0,474.0,468.0,472.0,1121100
2024-09-24,447.9764709472656,482.0,482.0,470.0,474.0,4052700
2024-09-25,455.4117736816406,490.0,490.0,478.0,482.0,7663900
2024-09-26,455.4117736816406,490.0,490.0,484.0,490.0,1975400
2024-09-27,462.8470458984375,498.0,500.0,486.0,488.0,5518800
2024-09-30,460.9882507324219,496.0,498.0,494.0,496.0,1590300
2024-10-01,462.8470458984375,498.0,498.0,494.0,496.0,381900
2024-10-02,464.70587158203125,500.0,505.0,494.0,498.0,5725500
2024-10-03,462.8470458984375,498.0,500.0,496.0,500.0,1664200
2024-10-04,462.8470458984375,498.0,498.0,494.0,496.0,1135700
2024-10-07,462.8470458984375,498.0,498.0,494.0,498.0,1007200
2024-10-08,464.70587158203125,500.0,500.0,494.0,498.0,2051900
2024-10-09,464.70587158203125,500.0,500.0,498.0,500.0,451200
2024-10-10,464.70587158203125,500.0,500.0,498.0,500.0,28400
2024-10-11,464.70587158203125,500.0,500.0,498.0,500.0,598800
2024-10-14,469.3529357910156,505.0,505.0,498.0,498.0,1895800
2024-10-15,469.3529357910156,505.0,505.0,500.0,505.0,715700
2024-10-16,474.0,510.0,510.0,500.0,505.0,1104700
2024-10-17,474.0,510.0,510.0,505.0,510.0,300800
2024-10-18,478.6470642089844,515.0,520.0,505.0,505.0,4399700
2024-10-21,478.6470642089844,515.0,515.0,500.0,515.0,947800
2024-10-22,478.6470642089844,515.0,515.0,500.0,515.0,1201400
2024-10-23,483.29412841796875,520.0,520.0,505.0,515.0,3965200
2024-10-24,487.9411926269531,525.0,530.0,505.0,520.0,5320000
2024-10-25,487.9411926269531,525.0,525.0,515.0,520.0,811600
2024-10-28,487.9411926269531,525.0,525.0,515.0,525.0,748200
2024-10-29,483.29412841796875,520.0,525.0,515.0,525.0,1073000
2024-10-30,483.29412841796875,520.0,520.0,515.0,515.0,162200
2024-10-31,483.29412841796875,520.0,520.0,510.0,520.0,1154300
2024-11-01,474.0,510.0,520.0,505.0,515.0,1256600
2024-11-04,464.70587158203125,500.0,505.0,498.0,505.0,821500
2024-11-05,464.70587158203125,500.0,500.0,494.0,498.0,3334400
2024-11-06,464.70587158203125,500.0,500.0,496.0,498.0,1548600
2024-11-07,464.70587158203125,500.0,500.0,496.0,498.0,2289500
2024-11-08,464.70587158203125,500.0,500.0,496.0,498.0,740000
2024-11-11,469.3529357910156,505.0,505.0,498.0,500.0,4893300
2024-11-12,474.0,510.0,510.0,500.0,505.0,1817400
2024-11-13,478.6470642089844,515.0,515.0,505.0,510.0,978000
2024-11-14,483.29412841796875,520.0,520.0,510.0,515.0,1237800
2024-11-15,483.29412841796875,520.0,520.0,515.0,520.0,585600
2024-11-18,483.29412841796875,520.0,520.0,515.0,520.0,454900
2024-11-19,483.29412841796875,520.0,520.0,510.0,515.0,675900
2024-11-20,483.29412841796875,520.0,520.0,515.0,515.0,1674600
2024-11-21,483.29412841796875,520.0,520.0,515.0,515.0,68000
2024-11-22,483.29412841796875,520.0,520.0,515.0,515.0,61300
2024-11-25,483.29412841796875,520.0,520.0,515.0,520.0,106300
2024-11-26,483.29412841796875,520.0,520.0,515.0,520.0,190500
2024-11-28,487.9411926269531,525.0,525.0,515.0,520.0,1439500
2024-11-29,501.8823547363281,540.0,540.0,520.0,525.0,892700
2024-12-02,515.8235473632812,555.0,560.0,535.0,540.0,977300
2024-12-03,515.8235473632812,555.0,555.0,550.0,555.0,415700
2024-12-04,511.1764831542969,550.0,555.0,550.0,550.0,2355100
2024-12-05,501.8823547363281,540.0,550.0,540.0,550.0,170100
2024-12-06,497.23529052734375,535.0,540.0,530.0,540.0,175200
2024-12-09,506.5294189453125,545.0,545.0,525.0,535.0,422000
2024-12-10,497.23529052734375,535.0,545.0,535.0,545.0,1106100
2024-12-11,515.8235473632812,555.0,555.0,545.0,545.0,173100
2024-12-12,525.11767578125,565.0,565.0,550.0,555.0,377200
2024-12-13,534.4117431640625,575.0,575.0,565.0,565.0,289500
2024-12-16,543.7058715820312,585.0,585.0,575.0,580.0,292000
2024-12-17,543.7058715820312,585.0,590.0,580.0,585.0,225200
2024-12-18,548.3529663085938,590.0,595.0,590.0,590.0,2198700
2024-12-19,539.058837890625,580.0,595.0,580.0,590.0,1934800
2024-12-20,543.7058715820312,585.0,585.0,580.0,585.0,122100
2024-12-23,562.2941284179688,605.0,605.0,585.0,585.0,2220600
2024-12-24,566.941162109375,610.0,610.0,605.0,605.0,311400
2024-12-27,566.941162109375,610.0,615.0,610.0,610.0,192600
2024-12-30,557.6470336914062,600.0,615.0,600.0,610.0,388900
2025-01-02,557.6470336914062,600.0,600.0,590.0,600.0,1393100
2025-01-03,571.5882568359375,615.0,620.0,600.0,605.0,1619600
2025-01-06,613.4117431640625,660.0,660.0,615.0,615.0,5104400
2025-01-07,645.941162109375,695.0,700.0,660.0,660.0,3519400
2025-01-08,697.058837890625,750.0,750.0,695.0,700.0,2691000
2025-01-09,724.941162109375,780.0,790.0,750.0,755.0,3489100
2025-01-10,701.7058715820312,755.0,785.0,750.0,780.0,6370100
2025-01-13,720.2941284179688,775.0,775.0,740.0,755.0,3292400
2025-01-14,706.3529663085938,760.0,780.0,755.0,775.0,3578200
2025-01-15,715.6470336914062,770.0,775.0,745.0,760.0,5093800
2025-01-16,720.2941284179688,775.0,780.0,760.0,775.0,2043200
2025-01-17,720.2941284179688,775.0,780.0,765.0,775.0,1238300
2025-01-20,729.5882568359375,785.0,785.0,760.0,775.0,6108800
2025-01-21,729.5882568359375,785.0,790.0,765.0,785.0,4833400
2025-01-22,743.5294189453125,800.0,800.0,775.0,785.0,6808900
2025-01-23,743.5294189453125,800.0,800.0,780.0,800.0,5829700
2025-01-24,738.8823852539062,795.0,800.0,790.0,800.0,1536300
2025-01-30,738.8823852539062,795.0,800.0,775.0,795.0,2519300
2025-01-31,738.8823852539062,795.0,800.0,785.0,795.0,1954800
2025-02-03,743.5294189453125,800.0,800.0,765.0,790.0,4490500
2025-02-04,724.941162109375,780.0,800.0,775.0,800.0,2739100
2025-02-05,757.4705810546875,815.0,815.0,780.0,780.0,8595900
2025-02-06,841.11767578125,905.0,905.0,810.0,815.0,7859900
2025-02-07,831.8235473632812,895.0,920.0,870.0,905.0,7001300
2025-02-10,817.8823852539062,880.0,895.0,850.0,890.0,1531700
2025-02-11,808.5882568359375,870.0,890.0,855.0,880.0,2414000
2025-02-12,790.0,850.0,890.0,850.0,885.0,807600
2025-02-13,780.7058715820312,840.0,850.0,795.0,850.0,6390900
2025-02-14,771.4117431640625,830.0,850.0,820.0,840.0,2465300
2025-02-17,780.7058715820312,840.0,850.0,800.0,830.0,9729600
2025-02-18,799.2941284179688,860.0,865.0,835.0,840.0,5851900
2025-02-19,813.2352905273438,875.0,875.0,845.0,860.0,5723700
2025-02-20,808.5882568359375,870.0,890.0,865.0,875.0,6577000
2025-02-21,817.8823852539062,880.0,885.0,860.0,870.0,3435500
2025-02-24,799.2941284179688,860.0,880.0,850.0,880.0,3036800
2025-02-25,776.058837890625,835.0,870.0,835.0,860.0,4025800
2025-02-26,785.3529663085938,845.0,845.0,810.0,840.0,254000
2025-02-27,780.7058715820312,840.0,850.0,820.0,840.0,3165100
2025-02-28,780.7058715820312,840.0,845.0,820.0,845.0,148800
2025-03-03,780.7058715820312,840.0,850.0,815.0,840.0,7130800
2025-03-04,780.7058715820312,840.0,845.0,820.0,845.0,3482000
2025-03-05,813.2352905273438,875.0,875.0,825.0,835.0,5309300
2025-03-06,864.3529663085938,930.0,935.0,875.0,880.0,11143400
2025-03-07,850.4117431640625,915.0,940.0,910.0,910.0,5453200
2025-03-10,855.058837890625,920.0,930.0,900.0,900.0,7256800
2025-03-11,855.058837890625,920.0,925.0,900.0,920.0,5175700
2025-03-12,896.8823852539062,965.0,965.0,910.0,920.0,10763600
2025-03-13,878.2941284179688,945.0,975.0,935.0,970.0,8877300
2025-03-14,850.4117431640625,915.0,955.0,915.0,945.0,7088300
2025-03-17,859.7058715820312,925.0,935.0,900.0,915.0,8208900
2025-03-18,836.4705810546875,900.0,940.0,890.0,940.0,9736100
2025-03-19,855.058837890625,920.0,930.0,900.0,900.0,8642200
2025-03-20,864.3529663085938,930.0,935.0,900.0,935.0,8424500
2025-03-21,850.4117431640625,915.0,935.0,895.0,935.0,1700400
2025-03-24,790.0,850.0,905.0,850.0,900.0,4406300
2025-03-25,771.4117431640625,830.0,850.0,810.0,850.0,2684500
2025-03-26,785.3529663085938,845.0,870.0,830.0,830.0,2808900
2025-03-27,785.3529663085938,845.0,845.0,820.0,845.0,1803200
2025-04-08,757.4705810546875,815.0,815.0,720.0,810.0,215800
2025-04-09,762.11767578125,820.0,820.0,720.0,740.0,1758200
2025-04-10,771.4117431640625,830.0,830.0,805.0,830.0,409200
2025-04-11,762.11767578125,820.0,830.0,795.0,825.0,1011100
2025-04-14,762.11767578125,820.0,825.0,805.0,820.0,2226400
2025-04-15,757.4705810546875,815.0,825.0,805.0,825.0,733100
2025-04-16,762.11767578125,820.0,830.0,785.0,820.0,2121800
2025-04-17,724.941162109375,780.0,820.0,775.0,820.0,1384800
2025-04-21,743.5294189453125,800.0,800.0,750.0,785.0,1789800
2025-04-22,715.6470336914062,770.0,795.0,765.0,795.0,1583200
2025-04-23,743.5294189453125,800.0,800.0,760.0,770.0,3548200
2025-04-24,762.11767578125,820.0,820.0,790.0,805.0,6866100
2025-04-25,790.0,850.0,850.0,815.0,825.0,7059000
2025-04-28,790.0,850.0,860.0,830.0,855.0,5514800
2025-04-29,790.0,850.0,860.0,830.0,850.0,5113900
2025-04-30,790.0,850.0,865.0,830.0,850.0,7310900
2025-05-02,776.058837890625,835.0,850.0,825.0,850.0,2451700
2025-05-05,766.7647094726562,825.0,840.0,800.0,840.0,3849900
2025-05-06,771.4117431640625,830.0,835.0,810.0,830.0,5456900
2025-05-07,790.0,850.0,850.0,815.0,830.0,5756000
2025-05-08,808.5882568359375,870.0,890.0,850.0,860.0,7554900
2025-05-09,790.0,850.0,880.0,850.0,875.0,3576700
2025-05-14,760.0,760.0,795.0,755.0,795.0,5676400
2025-05-15,775.0,775.0,790.0,760.0,765.0,5967400
2025-05-16,795.0,795.0,800.0,770.0,780.0,9915900
2025-05-19,780.0,780.0,790.0,765.0,790.0,4153500
2025-05-20,780.0,780.0,785.0,760.0,780.0,3593200
2025-05-21,780.0,780.0,790.0,770.0,780.0,6228100
2025-05-22,780.0,780.0,790.0,770.0,785.0,2763300
2025-05-23,785.0,785.0,785.0,765.0,780.0,1187800
2025-05-26,780.0,780.0,785.0,760.0,785.0,1338800
2025-05-27,785.0,785.0,785.0,765.0,780.0,1001600
2025-05-28,770.0,770.0,785.0,760.0,785.0,2360400
2025-06-02,760.0,760.0,770.0,740.0,770.0,2175700
2025-06-03,770.0,770.0,770.0,750.0,765.0,3652000
2025-06-04,785.0,785.0,790.0,770.0,770.0,4397500
2025-06-05,780.0,780.0,790.0,770.0,790.0,2199100
2025-06-10,785.0,785.0,790.0,765.0,785.0,3147600
2025-06-11,775.0,775.0,790.0,775.0,785.0,995800
2025-06-12,770.0,770.0,785.0,755.0,775.0,5198700
2025-06-13,780.0,780.0,780.0,760.0,780.0,2601100
2025-06-16,780.0,780.0,780.0,755.0,780.0,5797500
2025-06-17,800.0,800.0,800.0,760.0,785.0,12885700
2025-06-18,840.0,840.0,840.0,785.0,800.0,11756000
2025-06-19,860.0,860.0,865.0,835.0,840.0,9499800
2025-06-20,845.0,845.0,860.0,825.0,860.0,7710400
2025-06-23,840.0,840.0,840.0,795.0,835.0,5413000
2025-06-24,825.0,825.0,845.0,815.0,840.0,5591300
2025-06-25,835.0,835.0,835.0,800.0,820.0,4680300
2025-06-26,835.0,835.0,840.0,820.0,830.0,5666200
2025-06-30,885.0,885.0,885.0,820.0,840.0,11922200
2025-07-01,885.0,885.0,885.0,860.0,885.0,5513700
2025-07-02,895.0,895.0,900.0,870.0,885.0,9420000
2025-07-03,935.0,935.0,935.0,880.0,900.0,12258000
2025-07-04,970.0,970.0,970.0,930.0,940.0,9831000
2025-07-07,985.0,985.0,985.0,955.0,975.0,6492000
2025-07-08,1000.0,1000.0,1000.0,970.0,990.0,8184900
2025-07-09,1025.0,1025.0,1030.0,990.0,1005.0,12802600
2025-07-10,1035.0,1035.0,1035.0,1005.0,1030.0,6706900
2025-07-11,1050.0,1050.0,1050.0,1020.0,1040.0,8588500
2025-07-14,1055.0,1055.0,1065.0,1030.0,1055.0,9420800
2025-07-15,1070.0,1070.0,1070.0,1050.0,1060.0,9560400
2025-07-16,1085.0,1085.0,1085.0,1055.0,1070.0,10287300
2025-07-17,1070.0,1070.0,1090.0,1070.0,1085.0,9054400
2025-07-18,1085.0,1085.0,1085.0,1050.0,1070.0,7102500
2025-07-21,1090.0,1090.0,1090.0,1070.0,1070.0,5249600
2025-07-22,1100.0,1100.0,1100.0,1080.0,1085.0,7535800
2025-07-23,1000.0,1000.0,1115.0,1000.0,1100.0,9018600
2025-07-24,850.0,850.0,995.0,850.0,995.0,6298300
2025-07-25,730.0,730.0,855.0,725.0,850.0,8714800
2025-07-28,670.0,670.0,730.0,655.0,730.0,15524600
2025-07-29,660.0,660.0,680.0,640.0,670.0,9591700
2025-07-30,690.0,690.0,695.0,640.0,660.0,19741600
2025-07-31,685.0,685.0,700.0,660.0,695.0,14404500
2025-08-01,720.0,720.0,720.0,675.0,685.0,11339600
2025-08-04,700.0,700.0,730.0,695.0,725.0,11104300
2025-08-05,715.0,715.0,715.0,690.0,700.0,9923300
2025-08-06,745.0,745.0,750.0,705.0,715.0,18715900
2025-08-07,730.0,730.0,755.0,725.0,750.0,12637000
2025-08-08,750.0,750.0,760.0,710.0,730.0,12694500
2025-08-11,755.0,755.0,775.0,730.0,755.0,13365200
2025-08-12,780.0,780.0,780.0,740.0,760.0,13311200
2025-08-13,800.0,800.0,800.0,765.0,780.0,12097400
2025-08-14,810.0,810.0,810.0,785.0,800.0,9348900
2025-08-15,855.0,855.0,855.0,795.0,810.0,20694000
2025-08-19,855.0,855.0,860.0,830.0,860.0,18702800
2025-08-20,855.0,855.0,860.0,830.0,855.0,15148300
2025-08-21,835.0,835.0,855.0,835.0,855.0,8270400
2025-08-22,830.0,830.0,845.0,820.0,835.0,10898600
2025-08-25,835.0,835.0,840.0,810.0,830.0,11219000
2025-08-26,810.0,810.0,835.0,800.0,835.0,14239000
2025-08-27,790.0,790.0,815.0,785.0,810.0,9311500
2025-08-28,805.0,805.0,810.0,780.0,780.0,12626000
2025-08-29,780.0,780.0,805.0,745.0,805.0,7785600
2025-09-01,730.0,730.0,770.0,665.0,765.0,11207000
2025-09-02,775.0,775.0,775.0,730.0,735.0,9699700
2025-09-03,755.0,755.0,785.0,755.0,775.0,9417600
2025-09-04,755.0,755.0,775.0,750.0,755.0,7736700
2025-09-08,745.0,745.0,760.0,730.0,760.0,3135400
2025-09-09,725.0,725.0,745.0,710.0,740.0,1013800
2025-09-10,735.0,735.0,745.0,715.0,745.0,177500
2025-09-11,710.0,710.0,745.0,710.0,735.0,643800
2025-09-12,700.0,700.0,725.0,700.0,725.0,692100
2025-09-15,725.0,725.0,725.0,700.0,705.0,1643700
2025-09-16,710.0,710.0,730.0,685.0,730.0,7083800
2025-09-17,725.0,725.0,735.0,700.0,720.0,6625600
2025-09-18,715.0,715.0,725.0,695.0,725.0,2176600
2025-09-19,720.0,720.0,720.0,690.0,715.0,3887200
2025-09-22,730.0,730.0,735.0,700.0,725.0,7559400
2025-09-23,750.0,750.0,750.0,710.0,730.0,8543600
2025-09-24,745.0,745.0,755.0,735.0,750.0,7564700
2025-09-25,755.0,755.0,755.0,740.0,745.0,5096900
2025-09-26,750.0,750.0,755.0,725.0,755.0,4854600
2025-09-29,740.0,740.0,750.0,730.0,750.0,4869600
2025-09-30,730.0,730.0,745.0,720.0,740.0,2546900
2025-10-01,720.0,720.0,740.0,720.0,730.0,2279800
2025-10-02,720.0,720.0,725.0,700.0,715.0,2232800
2025-10-03,695.0,695.0,725.0,695.0,720.0,3684300
2025-10-06,690.0,690.0,710.0,685.0,700.0,605500
2025-10-07,685.0,685.0,700.0,675.0,695.0,377400
2025-10-08,690.0,690.0,700.0,675.0,685.0,3494000
2025-10-09,675.0,675.0,705.0,675.0,695.0,3851200
2025-10-10,675.0,675.0,680.0,660.0,675.0,221300
2025-10-13,655.0,655.0,670.0,650.0,670.0,652500
2025-10-14,620.0,620.0,660.0,595.0,640.0,4447800
2025-10-15,630.0,630.0,630.0,590.0,605.0,3550300
2025-10-16,635.0,635.0,640.0,610.0,630.0,1131000
2025-10-17,645.0,645.0,645.0,610.0,635.0,4138200
2025-10-20,655.0,655.0,675.0,630.0,645.0,5168200
2025-10-21,670.0,670.0,670.0,640.0,650.0,4280500
2025-10-22,675.0,675.0,680.0,655.0,675.0,3500900
2025-10-23,675.0,675.0,685.0,660.0,675.0,4909800
2025-10-24,670.0,670.0,680.0,665.0,665.0,3020000
2025-10-27,635.0,635.0,670.0,635.0,670.0,1112700
2025-10-28,660.0,660.0,665.0,640.0,645.0,351300
2025-10-29,675.0,675.0,675.0,645.0,665.0,3379000
2025-10-30,675.0,675.0,685.0,655.0,675.0,2726200
2025-10-31,700.0,700.0,700.0,660.0,665.0,6882100
2025-11-03,710.0,710.0,710.0,675.0,700.0,8113800
2025-11-04,685.0,685.0,710.0,680.0,710.0,4764400
2025-11-05,675.0,675.0,695.0,665.0,690.0,4823100
2025-11-06,680.0,680.0,685.0,660.0,675.0,3731300
2025-11-07,660.0,660.0,680.0,660.0,680.0,1480900
2025-11-10,655.0,655.0,660.0,650.0,660.0,203200
2025-11-11,655.0,655.0,665.0,655.0,660.0,240000
2025-11-12,665.0,665.0,665.0,640.0,665.0,475100
2025-11-13,660.0,660.0,665.0,655.0,665.0,46700
2025-11-14,650.0,650.0,655.0,650.0,655.0,372300
2025-11-17,665.0,665.0,680.0,650.0,650.0,3543400
2025-11-18,675.0,675.0,680.0,650.0,665.0,4273600
2025-11-19,725.0,725.0,725.0,665.0,675.0,14343000
2025-11-20,715.0,715.0,730.0,705.0,730.0,8965100
2025-11-21,715.0,715.0,720.0,690.0,720.0,3788100
2025-11-24,720.0,720.0,725.0,695.0,715.0,5690100
2025-11-25,735.0,735.0,735.0,705.0,725.0,7356600
2025-11-26,730.0,730.0,740.0,710.0,735.0,6856100
2025-11-27,705.0,705.0,730.0,705.0,730.0,3525000
2025-11-28,715.0,715.0,715.0,690.0,705.0,2580700
2025-12-01,710.0,710.0,715.0,690.0,715.0,3365000
2025-12-02,710.0,710.0,710.0,690.0,710.0,2125600
2025-12-03,685.0,685.0,710.0,685.0,710.0,1425700
2025-12-04,695.0,695.0,700.0,680.0,695.0,2112400
2025-12-05,700.0,700.0,700.0,675.0,695.0,840200
2025-12-08,700.0,700.0,700.0,675.0,700.0,4704600
2025-12-09,680.0,680.0,695.0,670.0,690.0,1593200
2025-12-10,680.0,680.0,685.0,660.0,685.0,3306500
2025-12-11,680.0,680.0,680.0,660.0,670.0,2228900
2025-12-12,640.0,640.0,680.0,640.0,680.0,3339600
2025-12-15,670.0,670.0,670.0,650.0,650.0,3177200
2025-12-16,680.0,680.0,680.0,655.0,670.0,4165500
2025-12-17,670.0,670.0,680.0,660.0,675.0,1918700
2025-12-18,665.0,665.0,675.0,655.0,675.0,569600
2025-12-19,660.0,660.0,670.0,650.0,665.0,368700
2025-12-22,670.0,670.0,670.0,645.0,660.0,536700
2025-12-23,670.0,670.0,670.0,650.0,665.0,1762200
2025-12-24,655.0,655.0,670.0,650.0,665.0,2430700
2025-12-29,660.0,660.0,660.0,645.0,660.0,384800
2025-12-30,665.0,665.0,665.0,645.0,655.0,912200
