Date,Adj Close,Close,High,Low,Open,Volume
2020-01-02,698.2976684570312,820.8207397460938,820.8207397460938,820.8207397460938,820.8207397460938,1415
2020-01-03,698.2976684570312,820.8207397460938,820.8207397460938,820.8207397460938,820.8207397460938,0
2020-01-06,643.6116333007812,756.5396118164062,756.5396118164062,692.2584838867188,692.2584838867188,1516
2020-01-07,673.0580444335938,791.1525268554688,820.8207397460938,791.1525268554688,820.8207397460938,1516
2020-01-08,706.7108764648438,830.7101440429688,830.7101440429688,692.2584838867188,692.2584838867188,202
2020-01-09,715.1241455078125,840.5995483398438,840.5995483398438,840.5995483398438,840.5995483398438,2022
2020-01-10,715.1241455078125,840.5995483398438,840.5995483398438,840.5995483398438,840.5995483398438,101
2020-01-13,715.1241455078125,840.5995483398438,840.5995483398438,840.5995483398438,840.5995483398438,101
2020-01-14,715.1241455078125,840.5995483398438,840.5995483398438,840.5995483398438,840.5995483398438,0
2020-01-15,702.5042724609375,825.7654418945312,840.5995483398438,692.2584838867188,840.5995483398438,404
2020-01-16,715.1241455078125,840.5995483398438,840.5995483398438,835.6548461914062,835.6548461914062,3033
2020-01-17,715.1241455078125,840.5995483398438,840.5995483398438,840.5995483398438,840.5995483398438,101
2020-01-20,588.92578125,692.2584838867188,791.1525268554688,692.2584838867188,791.1525268554688,202
2020-01-21,673.0580444335938,791.1525268554688,791.1525268554688,791.1525268554688,791.1525268554688,101
2020-01-22,630.9918212890625,741.7055053710938,741.7055053710938,741.7055053710938,741.7055053710938,101
2020-01-23,630.9918212890625,741.7055053710938,741.7055053710938,741.7055053710938,741.7055053710938,0
2020-01-24,630.9918212890625,741.7055053710938,741.7055053710938,741.7055053710938,741.7055053710938,0
2020-01-27,630.9918212890625,741.7055053710938,741.7055053710938,741.7055053710938,741.7055053710938,0
2020-01-28,630.9918212890625,741.7055053710938,791.1525268554688,741.7055053710938,791.1525268554688,4954
2020-01-29,630.9918212890625,741.7055053710938,741.7055053710938,652.7008666992188,652.7008666992188,202
2020-01-30,673.0580444335938,791.1525268554688,791.1525268554688,786.2078247070312,786.2078247070312,1011
2020-01-31,639.4050903320312,751.5949096679688,751.5949096679688,751.5949096679688,751.5949096679688,101
2020-02-03,639.4050903320312,751.5949096679688,751.5949096679688,751.5949096679688,751.5949096679688,0
2020-02-04,639.4050903320312,751.5949096679688,751.5949096679688,751.5949096679688,751.5949096679688,0
2020-02-05,639.4050903320312,751.5949096679688,751.5949096679688,751.5949096679688,751.5949096679688,0
2020-02-06,639.4050903320312,751.5949096679688,751.5949096679688,751.5949096679688,751.5949096679688,0
2020-02-07,673.0580444335938,791.1525268554688,791.1525268554688,791.1525268554688,791.1525268554688,101
2020-02-10,639.4050903320312,751.5949096679688,751.5949096679688,751.5949096679688,751.5949096679688,101
2020-02-11,639.4050903320312,751.5949096679688,751.5949096679688,751.5949096679688,751.5949096679688,0
2020-02-12,639.4050903320312,751.5949096679688,751.5949096679688,751.5949096679688,751.5949096679688,0
2020-02-13,673.0580444335938,791.1525268554688,791.1525268554688,791.1525268554688,791.1525268554688,5055
2020-02-14,673.0580444335938,791.1525268554688,791.1525268554688,791.1525268554688,791.1525268554688,101
2020-02-17,673.0580444335938,791.1525268554688,791.1525268554688,791.1525268554688,791.1525268554688,0
2020-02-18,673.0580444335938,791.1525268554688,791.1525268554688,791.1525268554688,791.1525268554688,0
2020-02-19,673.0580444335938,791.1525268554688,791.1525268554688,791.1525268554688,791.1525268554688,0
2020-02-20,656.2315673828125,771.3737182617188,791.1525268554688,771.3737182617188,791.1525268554688,1213
2020-02-21,652.02490234375,766.4290161132812,771.3737182617188,766.4290161132812,771.3737182617188,7179
2020-02-24,652.02490234375,766.4290161132812,766.4290161132812,766.4290161132812,766.4290161132812,20223
2020-02-25,652.02490234375,766.4290161132812,766.4290161132812,766.4290161132812,766.4290161132812,0
2020-02-26,647.8182373046875,761.4843139648438,766.4290161132812,642.8114624023438,766.4290161132812,111836
2020-02-27,647.8182373046875,761.4843139648438,761.4843139648438,761.4843139648438,761.4843139648438,0
2020-02-28,673.0580444335938,791.1525268554688,791.1525268554688,791.1525268554688,791.1525268554688,101
2020-03-02,673.0580444335938,791.1525268554688,791.1525268554688,791.1525268554688,791.1525268554688,910
2020-03-03,673.0580444335938,791.1525268554688,791.1525268554688,791.1525268554688,791.1525268554688,0
2020-03-04,630.9918212890625,741.7055053710938,781.2631225585938,741.7055053710938,781.2631225585938,2224
2020-03-05,630.9918212890625,741.7055053710938,741.7055053710938,741.7055053710938,741.7055053710938,0
2020-03-06,630.9918212890625,741.7055053710938,741.7055053710938,741.7055053710938,741.7055053710938,0
2020-03-09,630.9918212890625,741.7055053710938,741.7055053710938,741.7055053710938,741.7055053710938,2022
2020-03-10,673.0580444335938,791.1525268554688,791.1525268554688,736.7608032226562,736.7608032226562,5157
2020-03-11,630.9918212890625,741.7055053710938,741.7055053710938,741.7055053710938,741.7055053710938,101
2020-03-12,630.9918212890625,741.7055053710938,741.7055053710938,741.7055053710938,741.7055053710938,1011
2020-03-13,673.0580444335938,791.1525268554688,791.1525268554688,791.1525268554688,791.1525268554688,2022
2020-03-16,673.0580444335938,791.1525268554688,791.1525268554688,791.1525268554688,791.1525268554688,0
2020-03-17,673.0580444335938,791.1525268554688,791.1525268554688,791.1525268554688,791.1525268554688,0
2020-03-18,673.0580444335938,791.1525268554688,791.1525268554688,791.1525268554688,791.1525268554688,0
2020-03-19,673.0580444335938,791.1525268554688,791.1525268554688,791.1525268554688,791.1525268554688,0
2020-03-20,673.0580444335938,791.1525268554688,791.1525268554688,791.1525268554688,791.1525268554688,0
2020-03-23,673.0580444335938,791.1525268554688,791.1525268554688,791.1525268554688,791.1525268554688,0
2020-03-24,673.0580444335938,791.1525268554688,791.1525268554688,791.1525268554688,791.1525268554688,0
2020-03-26,673.0580444335938,791.1525268554688,791.1525268554688,791.1525268554688,791.1525268554688,0
2020-03-27,673.0580444335938,791.1525268554688,791.1525268554688,791.1525268554688,791.1525268554688,0
2020-03-30,673.0580444335938,791.1525268554688,791.1525268554688,791.1525268554688,791.1525268554688,0
2020-03-31,656.2315673828125,771.3737182617188,786.2078247070312,736.7608032226562,736.7608032226562,303
2020-04-01,656.2315673828125,771.3737182617188,771.3737182617188,771.3737182617188,771.3737182617188,0
2020-04-02,656.2315673828125,771.3737182617188,771.3737182617188,771.3737182617188,771.3737182617188,0
2020-04-03,668.851318359375,786.2078247070312,786.2078247070312,721.9266967773438,771.3737182617188,4044
2020-04-06,673.0580444335938,791.1525268554688,791.1525268554688,791.1525268554688,791.1525268554688,10111
2020-04-07,673.0580444335938,791.1525268554688,791.1525268554688,791.1525268554688,791.1525268554688,0
2020-04-08,673.0580444335938,791.1525268554688,791.1525268554688,791.1525268554688,791.1525268554688,0
2020-04-09,630.9918212890625,741.7055053710938,741.7055053710938,741.7055053710938,741.7055053710938,101
2020-04-13,673.0580444335938,791.1525268554688,791.1525268554688,791.1525268554688,791.1525268554688,2022
2020-04-14,673.0580444335938,791.1525268554688,791.1525268554688,791.1525268554688,791.1525268554688,0
2020-04-15,626.7853393554688,736.7608032226562,741.7055053710938,736.7608032226562,741.7055053710938,1415
2020-04-16,740.36376953125,870.267822265625,914.7701416015625,840.5995483398438,914.7701416015625,808
2020-04-17,879.1819458007812,1033.4429931640625,1077.9453125,1033.4429931640625,1077.9453125,202
2020-04-20,1009.5869140625,1186.728759765625,1285.6229248046875,969.161865234375,1285.6229248046875,5662
2020-04-21,1009.5869140625,1186.728759765625,1186.728759765625,1186.728759765625,1186.728759765625,0
2020-04-22,1009.5869140625,1186.728759765625,1186.728759765625,1186.728759765625,1186.728759765625,0
2020-04-23,1009.5869140625,1186.728759765625,1186.728759765625,1186.728759765625,1186.728759765625,0
2020-04-24,1009.5869140625,1186.728759765625,1186.728759765625,1186.728759765625,1186.728759765625,0
2020-04-27,1009.5869140625,1186.728759765625,1186.728759765625,1186.728759765625,1186.728759765625,0
2020-04-28,1009.5869140625,1186.728759765625,1186.728759765625,1186.728759765625,1186.728759765625,0
2020-04-29,1009.5869140625,1186.728759765625,1186.728759765625,1186.728759765625,1186.728759765625,0
2020-04-30,1009.5869140625,1186.728759765625,1186.728759765625,1186.728759765625,1186.728759765625,0
2020-05-04,1009.5869140625,1186.728759765625,1186.728759765625,1186.728759765625,1186.728759765625,0
2020-05-05,1009.5869140625,1186.728759765625,1186.728759765625,1186.728759765625,1186.728759765625,0
2020-05-06,942.2811279296875,1107.613525390625,1107.613525390625,1107.613525390625,1107.613525390625,101
2020-05-08,879.1819458007812,1033.4429931640625,1038.3876953125,1033.4429931640625,1033.4429931640625,191012
2020-05-11,820.2894287109375,964.2171630859375,1033.4429931640625,964.2171630859375,1033.4429931640625,22751
2020-05-12,784.02734375,909.825439453125,964.2171630859375,909.825439453125,964.2171630859375,52177
2020-05-13,737.15625,855.4336547851562,860.37841796875,855.4336547851562,860.37841796875,2123
2020-05-14,766.9833374023438,890.046630859375,890.046630859375,796.0972290039062,805.9866333007812,9909
2020-05-15,801.0714721679688,929.604248046875,939.49365234375,929.604248046875,939.49365234375,303
2020-05-18,801.0714721679688,929.604248046875,988.940673828125,890.046630859375,988.940673828125,505
2020-05-19,801.0714721679688,929.604248046875,929.604248046875,929.604248046875,929.604248046875,0
2020-05-20,801.0714721679688,929.604248046875,988.940673828125,929.604248046875,988.940673828125,808
2020-05-26,788.2884521484375,914.7701416015625,988.940673828125,865.3231201171875,929.604248046875,707
2020-05-27,809.5935668945312,939.49365234375,939.49365234375,855.4336547851562,860.37841796875,17190
2020-05-28,801.0714721679688,929.604248046875,929.604248046875,929.604248046875,929.604248046875,101
2020-05-29,766.9833374023438,890.046630859375,919.71484375,865.3231201171875,919.71484375,1516
2020-06-02,741.4172973632812,860.37841796875,890.046630859375,830.7101440429688,850.4889526367188,43076
2020-06-03,741.4172973632812,860.37841796875,909.825439453125,801.0419311523438,909.825439453125,21841
2020-06-04,720.1121826171875,835.6548461914062,890.046630859375,801.0419311523438,890.046630859375,12033
2020-06-05,703.0680541992188,815.8760375976562,835.6548461914062,781.2631225585938,786.2078247070312,21032
2020-06-08,711.590087890625,825.7654418945312,855.4336547851562,761.4843139648438,781.2631225585938,105668
2020-06-09,664.7189331054688,771.3737182617188,791.1525268554688,771.3737182617188,791.1525268554688,43581
2020-06-10,622.1087036132812,721.9266967773438,820.8207397460938,721.9266967773438,820.8207397460938,55716
2020-06-11,664.7189331054688,771.3737182617188,771.3737182617188,672.4796752929688,721.9266967773438,48536
2020-06-12,626.3697509765625,726.8713989257812,771.3737182617188,721.9266967773438,771.3737182617188,4853
2020-06-15,656.1968383789062,761.4843139648438,781.2631225585938,731.8161010742188,731.8161010742188,6774
2020-06-16,664.7189331054688,771.3737182617188,771.3737182617188,721.9266967773438,761.4843139648438,6168
2020-06-17,647.6748046875,751.5949096679688,761.4843139648438,751.5949096679688,761.4843139648438,3033
2020-06-18,605.0645751953125,702.1478881835938,771.3737182617188,702.1478881835938,721.9266967773438,41559
2020-06-19,596.5426025390625,692.2584838867188,741.7055053710938,692.2584838867188,692.2584838867188,8999
2020-06-22,579.4985961914062,672.4796752929688,692.2584838867188,672.4796752929688,692.2584838867188,7684
2020-06-23,566.7154541015625,657.6455688476562,662.5902709960938,657.6455688476562,657.6455688476562,5864
2020-06-24,596.5426025390625,692.2584838867188,712.0372924804688,692.2584838867188,712.0372924804688,5359
2020-06-25,596.5426025390625,692.2584838867188,692.2584838867188,692.2584838867188,692.2584838867188,3235
2020-06-26,562.4545288085938,652.7008666992188,652.7008666992188,652.7008666992188,652.7008666992188,101
2020-06-29,553.9324951171875,642.8114624023438,647.7561645507812,642.8114624023438,647.7561645507812,5460
2020-06-30,609.3256225585938,707.0925903320312,707.0925903320312,692.2584838867188,692.2584838867188,202
2020-07-01,609.3256225585938,707.0925903320312,707.0925903320312,707.0925903320312,707.0925903320312,0
2020-07-02,639.1527709960938,741.7055053710938,741.7055053710938,692.2584838867188,707.0925903320312,22953
2020-07-03,647.6748046875,751.5949096679688,771.3737182617188,741.7055053710938,741.7055053710938,30537
2020-07-06,647.6748046875,751.5949096679688,761.4843139648438,721.9266967773438,721.9266967773438,4145
2020-07-07,647.6748046875,751.5949096679688,771.3737182617188,751.5949096679688,771.3737182617188,7078
2020-07-08,647.6748046875,751.5949096679688,751.5949096679688,751.5949096679688,751.5949096679688,1112
2020-07-09,643.4137573242188,746.6502075195312,746.6502075195312,746.6502075195312,746.6502075195312,910
2020-07-10,643.4137573242188,746.6502075195312,746.6502075195312,746.6502075195312,746.6502075195312,910
2020-07-13,626.3697509765625,726.8713989257812,726.8713989257812,726.8713989257812,726.8713989257812,4044
2020-07-14,664.7189331054688,771.3737182617188,771.3737182617188,692.2584838867188,692.2584838867188,2325
2020-07-15,660.4578857421875,766.4290161132812,766.4290161132812,731.8161010742188,731.8161010742188,1213
2020-07-16,660.4578857421875,766.4290161132812,766.4290161132812,766.4290161132812,766.4290161132812,4550
2020-07-17,660.4578857421875,766.4290161132812,766.4290161132812,766.4290161132812,766.4290161132812,0
2020-07-20,660.4578857421875,766.4290161132812,766.4290161132812,766.4290161132812,766.4290161132812,0
2020-07-21,660.4578857421875,766.4290161132812,766.4290161132812,716.9819946289062,716.9819946289062,1112
2020-07-22,656.1968383789062,761.4843139648438,766.4290161132812,726.8713989257812,726.8713989257812,16280
2020-07-23,656.1968383789062,761.4843139648438,761.4843139648438,712.0372924804688,712.0372924804688,303
2020-07-24,656.1968383789062,761.4843139648438,761.4843139648438,761.4843139648438,761.4843139648438,0
2020-07-27,681.7630004882812,791.1525268554688,791.1525268554688,761.4843139648438,761.4843139648438,21335
2020-07-28,656.1968383789062,761.4843139648438,761.4843139648438,741.7055053710938,741.7055053710938,2224
2020-07-29,647.6748046875,751.5949096679688,751.5949096679688,741.7055053710938,741.7055053710938,808
2020-07-30,647.6748046875,751.5949096679688,751.5949096679688,751.5949096679688,751.5949096679688,0
2020-08-03,656.1968383789062,761.4843139648438,791.1525268554688,721.9266967773438,721.9266967773438,5359
2020-08-04,681.7630004882812,791.1525268554688,791.1525268554688,781.2631225585938,781.2631225585938,2527
2020-08-05,647.6748046875,751.5949096679688,751.5949096679688,741.7055053710938,741.7055053710938,5763
2020-08-06,673.240966796875,781.2631225585938,781.2631225585938,781.2631225585938,781.2631225585938,2022
2020-08-07,673.240966796875,781.2631225585938,781.2631225585938,731.8161010742188,731.8161010742188,14965
2020-08-10,630.6307983398438,731.8161010742188,731.8161010742188,731.8161010742188,731.8161010742188,101
2020-08-11,630.6307983398438,731.8161010742188,731.8161010742188,731.8161010742188,731.8161010742188,3741
2020-08-12,630.6307983398438,731.8161010742188,731.8161010742188,731.8161010742188,731.8161010742188,1112
2020-08-13,681.7630004882812,791.1525268554688,791.1525268554688,791.1525268554688,791.1525268554688,1213
2020-08-14,639.1527709960938,741.7055053710938,791.1525268554688,741.7055053710938,791.1525268554688,2730
2020-08-18,681.7630004882812,791.1525268554688,791.1525268554688,741.7055053710938,766.4290161132812,2932
2020-08-19,647.6748046875,751.5949096679688,791.1525268554688,741.7055053710938,741.7055053710938,10111
2020-08-24,647.6748046875,751.5949096679688,801.0419311523438,721.9266967773438,791.1525268554688,34582
2020-08-25,694.5460205078125,805.9866333007812,805.9866333007812,805.9866333007812,805.9866333007812,2022
2020-08-26,677.5018920898438,786.2078247070312,786.2078247070312,786.2078247070312,786.2078247070312,1112
2020-08-27,664.7189331054688,771.3737182617188,771.3737182617188,771.3737182617188,771.3737182617188,1213
2020-08-28,664.7189331054688,771.3737182617188,771.3737182617188,771.3737182617188,771.3737182617188,0
2020-08-31,664.7189331054688,771.3737182617188,771.3737182617188,771.3737182617188,771.3737182617188,0
2020-09-01,698.8070678710938,810.9313354492188,810.9313354492188,771.3737182617188,771.3737182617188,10010
2020-09-02,681.7630004882812,791.1525268554688,810.9313354492188,791.1525268554688,791.1525268554688,3235
2020-09-03,681.7630004882812,791.1525268554688,791.1525268554688,791.1525268554688,791.1525268554688,1112
2020-09-04,677.5018920898438,786.2078247070312,786.2078247070312,786.2078247070312,786.2078247070312,101
2020-09-07,677.5018920898438,786.2078247070312,786.2078247070312,786.2078247070312,786.2078247070312,0
2020-09-08,681.7630004882812,791.1525268554688,791.1525268554688,791.1525268554688,791.1525268554688,2022
2020-09-09,639.1527709960938,741.7055053710938,741.7055053710938,741.7055053710938,741.7055053710938,1011
2020-09-10,605.0645751953125,702.1478881835938,741.7055053710938,702.1478881835938,712.0372924804688,3842
2020-09-11,664.7189331054688,771.3737182617188,791.1525268554688,751.5949096679688,751.5949096679688,7583
2020-09-14,681.7630004882812,791.1525268554688,805.9866333007812,791.1525268554688,805.9866333007812,12134
2020-09-15,681.7630004882812,791.1525268554688,791.1525268554688,791.1525268554688,791.1525268554688,0
2020-09-16,656.1968383789062,761.4843139648438,761.4843139648438,761.4843139648438,761.4843139648438,202
2020-09-17,681.7630004882812,791.1525268554688,791.1525268554688,791.1525268554688,791.1525268554688,2022
2020-09-18,681.7630004882812,791.1525268554688,791.1525268554688,791.1525268554688,791.1525268554688,2022
2020-09-21,681.7630004882812,791.1525268554688,791.1525268554688,791.1525268554688,791.1525268554688,101
2020-09-22,681.7630004882812,791.1525268554688,791.1525268554688,791.1525268554688,791.1525268554688,3033
2020-09-23,681.7630004882812,791.1525268554688,791.1525268554688,791.1525268554688,791.1525268554688,0
2020-09-24,681.7630004882812,791.1525268554688,791.1525268554688,791.1525268554688,791.1525268554688,0
2020-09-25,681.7630004882812,791.1525268554688,791.1525268554688,791.1525268554688,791.1525268554688,505
2020-09-28,681.7630004882812,791.1525268554688,791.1525268554688,791.1525268554688,791.1525268554688,0
2020-09-29,681.7630004882812,791.1525268554688,791.1525268554688,791.1525268554688,791.1525268554688,202
2020-09-30,690.2849731445312,801.0419311523438,801.0419311523438,801.0419311523438,801.0419311523438,404
2020-10-01,690.2849731445312,801.0419311523438,801.0419311523438,801.0419311523438,801.0419311523438,0
2020-10-02,690.2849731445312,801.0419311523438,801.0419311523438,801.0419311523438,801.0419311523438,0
2020-10-05,690.2849731445312,801.0419311523438,801.0419311523438,801.0419311523438,801.0419311523438,0
2020-10-06,690.2849731445312,801.0419311523438,801.0419311523438,801.0419311523438,801.0419311523438,0
2020-10-07,690.2849731445312,801.0419311523438,801.0419311523438,801.0419311523438,801.0419311523438,0
2020-10-08,690.2849731445312,801.0419311523438,801.0419311523438,801.0419311523438,801.0419311523438,101
2020-10-09,690.2849731445312,801.0419311523438,801.0419311523438,801.0419311523438,801.0419311523438,2527
2020-10-12,690.2849731445312,801.0419311523438,801.0419311523438,801.0419311523438,801.0419311523438,2629
2020-10-13,690.2849731445312,801.0419311523438,801.0419311523438,801.0419311523438,801.0419311523438,202
2020-10-14,690.2849731445312,801.0419311523438,801.0419311523438,801.0419311523438,801.0419311523438,0
2020-10-15,690.2849731445312,801.0419311523438,801.0419311523438,801.0419311523438,801.0419311523438,0
2020-10-16,690.2849731445312,801.0419311523438,801.0419311523438,801.0419311523438,801.0419311523438,0
2020-10-19,647.6748046875,751.5949096679688,801.0419311523438,746.6502075195312,781.2631225585938,8493
2020-10-20,668.9799194335938,776.3184204101562,786.2078247070312,716.9819946289062,716.9819946289062,1314
2020-10-21,681.7630004882812,791.1525268554688,791.1525268554688,731.8161010742188,731.8161010742188,202
2020-10-22,677.5018920898438,786.2078247070312,786.2078247070312,741.7055053710938,741.7055053710938,202
2020-10-23,677.5018920898438,786.2078247070312,815.8760375976562,786.2078247070312,815.8760375976562,4044
2020-10-26,681.7630004882812,791.1525268554688,791.1525268554688,791.1525268554688,791.1525268554688,1011
2020-10-27,681.7630004882812,791.1525268554688,791.1525268554688,791.1525268554688,791.1525268554688,0
2020-11-02,643.4137573242188,746.6502075195312,746.6502075195312,746.6502075195312,746.6502075195312,202
2020-11-03,677.5018920898438,786.2078247070312,791.1525268554688,786.2078247070312,791.1525268554688,2730
2020-11-04,677.5018920898438,786.2078247070312,786.2078247070312,786.2078247070312,786.2078247070312,0
2020-11-05,698.8070678710938,810.9313354492188,810.9313354492188,805.9866333007812,805.9866333007812,606
2020-11-06,698.8070678710938,810.9313354492188,810.9313354492188,810.9313354492188,810.9313354492188,0
2020-11-09,651.9358520507812,756.5396118164062,805.9866333007812,756.5396118164062,805.9866333007812,184338
2020-11-10,656.1968383789062,761.4843139648438,761.4843139648438,756.5396118164062,756.5396118164062,7583
2020-11-11,673.240966796875,781.2631225585938,781.2631225585938,761.4843139648438,761.4843139648438,14156
2020-11-12,664.7189331054688,771.3737182617188,781.2631225585938,771.3737182617188,781.2631225585938,303
2020-11-13,660.4578857421875,766.4290161132812,766.4290161132812,766.4290161132812,766.4290161132812,303
2020-11-16,668.9799194335938,776.3184204101562,786.2078247070312,776.3184204101562,781.2631225585938,102938
2020-11-17,639.1527709960938,741.7055053710938,786.2078247070312,731.8161010742188,731.8161010742188,505
2020-11-18,673.240966796875,781.2631225585938,781.2631225585938,741.7055053710938,741.7055053710938,404
2020-11-19,647.6748046875,751.5949096679688,781.2631225585938,751.5949096679688,781.2631225585938,6370
2020-11-20,643.4137573242188,746.6502075195312,781.2631225585938,746.6502075195312,756.5396118164062,3336
2020-11-23,673.240966796875,781.2631225585938,786.2078247070312,746.6502075195312,746.6502075195312,11123
2020-11-24,647.6748046875,751.5949096679688,786.2078247070312,751.5949096679688,751.5949096679688,3336
2020-11-25,647.6748046875,751.5949096679688,751.5949096679688,751.5949096679688,751.5949096679688,303
2020-11-26,651.9358520507812,756.5396118164062,756.5396118164062,751.5949096679688,751.5949096679688,2730
2020-11-27,643.4137573242188,746.6502075195312,761.4843139648438,716.9819946289062,751.5949096679688,226302
2020-11-30,643.4137573242188,746.6502075195312,746.6502075195312,746.6502075195312,746.6502075195312,101
2020-12-01,673.240966796875,781.2631225585938,781.2631225585938,746.6502075195312,746.6502075195312,20223
2020-12-02,664.7189331054688,771.3737182617188,771.3737182617188,771.3737182617188,771.3737182617188,1213
2020-12-03,664.7189331054688,771.3737182617188,771.3737182617188,771.3737182617188,771.3737182617188,2123
2020-12-04,664.7189331054688,771.3737182617188,771.3737182617188,771.3737182617188,771.3737182617188,4044
2020-12-07,673.240966796875,781.2631225585938,781.2631225585938,731.8161010742188,736.7608032226562,31447
2020-12-08,668.9799194335938,776.3184204101562,776.3184204101562,776.3184204101562,776.3184204101562,2123
2020-12-10,668.9799194335938,776.3184204101562,776.3184204101562,776.3184204101562,776.3184204101562,303
2020-12-11,668.9799194335938,776.3184204101562,776.3184204101562,771.3737182617188,776.3184204101562,2426
2020-12-14,656.1968383789062,761.4843139648438,761.4843139648438,761.4843139648438,761.4843139648438,5662
2020-12-15,681.7630004882812,791.1525268554688,791.1525268554688,761.4843139648438,761.4843139648438,44289
2020-12-16,681.7630004882812,791.1525268554688,791.1525268554688,791.1525268554688,791.1525268554688,2022
2020-12-17,673.240966796875,781.2631225585938,781.2631225585938,781.2631225585938,781.2631225585938,404
2020-12-18,668.9799194335938,776.3184204101562,776.3184204101562,776.3184204101562,776.3184204101562,3539
2020-12-21,668.9799194335938,776.3184204101562,776.3184204101562,756.5396118164062,756.5396118164062,5561
2020-12-22,681.7630004882812,791.1525268554688,791.1525268554688,771.3737182617188,776.3184204101562,6370
2020-12-23,668.9799194335938,776.3184204101562,776.3184204101562,741.7055053710938,741.7055053710938,3842
2020-12-28,668.9799194335938,776.3184204101562,776.3184204101562,776.3184204101562,776.3184204101562,1011
2020-12-29,630.6307983398438,731.8161010742188,776.3184204101562,731.8161010742188,736.7608032226562,13448
2020-12-30,630.6307983398438,731.8161010742188,736.7608032226562,731.8161010742188,736.7608032226562,14662
2021-01-04,634.891845703125,736.7608032226562,736.7608032226562,736.7608032226562,736.7608032226562,1719
2021-01-05,630.6307983398438,731.8161010742188,731.8161010742188,731.8161010742188,731.8161010742188,10920
2021-01-06,634.891845703125,736.7608032226562,736.7608032226562,736.7608032226562,736.7608032226562,2325
2021-01-07,630.6307983398438,731.8161010742188,736.7608032226562,731.8161010742188,736.7608032226562,404
2021-01-08,630.6307983398438,731.8161010742188,731.8161010742188,731.8161010742188,731.8161010742188,0
2021-01-11,630.6307983398438,731.8161010742188,731.8161010742188,731.8161010742188,731.8161010742188,40851
2021-01-12,630.6307983398438,731.8161010742188,736.7608032226562,712.0372924804688,726.8713989257812,2730
2021-01-13,626.3697509765625,726.8713989257812,731.8161010742188,726.8713989257812,731.8161010742188,11527
2021-01-14,634.891845703125,736.7608032226562,736.7608032226562,726.8713989257812,726.8713989257812,28818
2021-01-15,622.1087036132812,721.9266967773438,736.7608032226562,721.9266967773438,736.7608032226562,27504
2021-01-18,622.1087036132812,721.9266967773438,721.9266967773438,716.9819946289062,721.9266967773438,4145
2021-01-19,617.84765625,716.9819946289062,736.7608032226562,716.9819946289062,731.8161010742188,5662
2021-01-20,634.891845703125,736.7608032226562,736.7608032226562,736.7608032226562,736.7608032226562,404
2021-01-21,617.84765625,716.9819946289062,736.7608032226562,716.9819946289062,736.7608032226562,13246
2021-01-22,630.6307983398438,731.8161010742188,731.8161010742188,731.8161010742188,731.8161010742188,1921
2021-01-25,588.0206298828125,682.3690795898438,731.8161010742188,682.3690795898438,731.8161010742188,16482
2021-01-26,549.6714477539062,637.8667602539062,687.3137817382812,637.8667602539062,682.3690795898438,22751
2021-01-27,566.7154541015625,657.6455688476562,682.3690795898438,613.1432495117188,637.8667602539062,36705
2021-01-28,549.6714477539062,637.8667602539062,702.1478881835938,613.1432495117188,642.8114624023438,4449
2021-01-29,524.1052856445312,608.198486328125,637.8667602539062,608.198486328125,637.8667602539062,7583
2021-02-01,528.3663330078125,613.1432495117188,613.1432495117188,608.198486328125,608.198486328125,404
2021-02-02,575.2376098632812,667.5349731445312,667.5349731445312,613.1432495117188,613.1432495117188,13650
2021-02-03,634.891845703125,736.7608032226562,736.7608032226562,637.8667602539062,677.4243774414062,10516
2021-02-04,596.5426025390625,692.2584838867188,736.7608032226562,692.2584838867188,731.8161010742188,1213
2021-02-05,596.5426025390625,692.2584838867188,692.2584838867188,692.2584838867188,692.2584838867188,0
2021-02-08,622.1087036132812,721.9266967773438,726.8713989257812,692.2584838867188,692.2584838867188,2325
2021-02-09,622.1087036132812,721.9266967773438,721.9266967773438,721.9266967773438,721.9266967773438,61075
2021-02-10,634.891845703125,736.7608032226562,736.7608032226562,697.2031860351562,721.9266967773438,122049
2021-02-11,660.4578857421875,766.4290161132812,810.9313354492188,736.7608032226562,771.3737182617188,308916
2021-02-15,617.84765625,716.9819946289062,761.4843139648438,716.9819946289062,721.9266967773438,101725
2021-02-16,596.5426025390625,692.2584838867188,736.7608032226562,692.2584838867188,716.9819946289062,52379
2021-02-17,613.586669921875,712.0372924804688,716.9819946289062,672.4796752929688,692.2584838867188,69063
2021-02-18,588.0206298828125,682.3690795898438,712.0372924804688,662.5902709960938,712.0372924804688,36099
2021-02-19,579.4985961914062,672.4796752929688,682.3690795898438,662.5902709960938,682.3690795898438,19212
2021-02-22,609.3256225585938,707.0925903320312,712.0372924804688,672.4796752929688,672.4796752929688,7988
2021-02-23,613.586669921875,712.0372924804688,712.0372924804688,687.3137817382812,712.0372924804688,48536
2021-02-24,617.84765625,716.9819946289062,716.9819946289062,692.2584838867188,712.0372924804688,7078
2021-02-25,596.5426025390625,692.2584838867188,786.2078247070312,672.4796752929688,716.9819946289062,215483
2021-02-26,643.4137573242188,746.6502075195312,796.0972290039062,702.1478881835938,702.1478881835938,383440
2021-03-01,656.1968383789062,761.4843139648438,786.2078247070312,746.6502075195312,746.6502075195312,408416
2021-03-02,664.7189331054688,771.3737182617188,845.5442504882812,761.4843139648438,761.4843139648438,717130
2021-03-03,830.8986206054688,964.2171630859375,964.2171630859375,791.1525268554688,791.1525268554688,3293321
2021-03-04,826.6375732421875,959.2724609375,1166.949951171875,924.6595458984375,988.940673828125,21372667
2021-03-05,771.244384765625,894.9913330078125,959.2724609375,894.9913330078125,939.49365234375,771532
2021-03-08,720.1121826171875,835.6548461914062,835.6548461914062,835.6548461914062,835.6548461914062,145408
2021-03-09,673.240966796875,781.2631225585938,781.2631225585938,781.2631225585938,781.2631225585938,107185
2021-03-10,626.3697509765625,726.8713989257812,776.3184204101562,726.8713989257812,726.8713989257812,2615728
2021-03-12,634.891845703125,736.7608032226562,736.7608032226562,682.3690795898438,697.2031860351562,1122514
2021-03-15,664.7189331054688,771.3737182617188,781.2631225585938,716.9819946289062,736.7608032226562,1114121
2021-03-16,668.9799194335938,776.3184204101562,830.7101440429688,771.3737182617188,781.2631225585938,522073
2021-03-17,715.8511352539062,830.7101440429688,830.7101440429688,756.5396118164062,776.3184204101562,565049
2021-03-18,677.5018920898438,786.2078247070312,830.7101440429688,781.2631225585938,830.7101440429688,250975
2021-03-19,664.7189331054688,771.3737182617188,791.1525268554688,771.3737182617188,786.2078247070312,86355
2021-03-22,630.6307983398438,731.8161010742188,771.3737182617188,721.9266967773438,771.3737182617188,522579
2021-03-23,634.891845703125,736.7608032226562,736.7608032226562,721.9266967773438,731.8161010742188,348150
2021-03-24,609.3256225585938,707.0925903320312,756.5396118164062,702.1478881835938,736.7608032226562,373429
2021-03-25,609.3256225585938,707.0925903320312,721.9266967773438,697.2031860351562,707.0925903320312,160171
2021-03-26,609.3256225585938,707.0925903320312,716.9819946289062,702.1478881835938,712.0372924804688,149149
2021-03-29,609.3256225585938,707.0925903320312,726.8713989257812,707.0925903320312,726.8713989257812,163508
2021-03-30,605.0645751953125,702.1478881835938,726.8713989257812,702.1478881835938,712.0372924804688,586081
2021-03-31,605.0645751953125,702.1478881835938,716.9819946289062,692.2584838867188,702.1478881835938,217100
2021-04-01,617.84765625,716.9819946289062,716.9819946289062,697.2031860351562,712.0372924804688,40750
2021-04-05,600.8036499023438,697.2031860351562,726.8713989257812,682.3690795898438,716.9819946289062,142981
2021-04-06,609.3256225585938,707.0925903320312,707.0925903320312,692.2584838867188,707.0925903320312,73108
2021-04-07,617.84765625,716.9819946289062,731.8161010742188,697.2031860351562,707.0925903320312,222561
2021-04-08,622.1087036132812,721.9266967773438,741.7055053710938,716.9819946289062,721.9266967773438,547858
2021-04-09,621.7428588867188,712.0372924804688,721.9266967773438,702.1478881835938,721.9266967773438,123364
2021-04-12,608.7898559570312,697.2031860351562,716.9819946289062,692.2584838867188,716.9819946289062,292838
2021-04-13,608.7898559570312,697.2031860351562,712.0372924804688,692.2584838867188,697.2031860351562,105163
2021-04-14,608.7898559570312,697.2031860351562,716.9819946289062,687.3137817382812,697.2031860351562,91309
2021-04-15,595.8369140625,682.3690795898438,697.2031860351562,682.3690795898438,697.2031860351562,182923
2021-04-16,604.47216796875,692.2584838867188,702.1478881835938,682.3690795898438,682.3690795898438,16785
2021-04-19,604.47216796875,692.2584838867188,702.1478881835938,687.3137817382812,692.2584838867188,101421
2021-04-20,604.47216796875,692.2584838867188,702.1478881835938,687.3137817382812,692.2584838867188,40952
2021-04-21,613.1075439453125,702.1478881835938,702.1478881835938,687.3137817382812,687.3137817382812,48840
2021-04-22,604.47216796875,692.2584838867188,721.9266967773438,687.3137817382812,712.0372924804688,59760
2021-04-23,608.7898559570312,697.2031860351562,726.8713989257812,692.2584838867188,692.2584838867188,80894
2021-04-26,604.47216796875,692.2584838867188,707.0925903320312,692.2584838867188,697.2031860351562,102028
2021-04-27,604.47216796875,692.2584838867188,707.0925903320312,687.3137817382812,692.2584838867188,129835
2021-04-28,617.4251708984375,707.0925903320312,707.0925903320312,682.3690795898438,692.2584838867188,28919
2021-04-29,608.7898559570312,697.2031860351562,707.0925903320312,687.3137817382812,707.0925903320312,100916
2021-04-30,591.5192260742188,677.4243774414062,712.0372924804688,657.6455688476562,712.0372924804688,330757
2021-05-03,600.1546020507812,687.3137817382812,697.2031860351562,677.4243774414062,677.4243774414062,59862
2021-05-04,587.2015380859375,672.4796752929688,716.9819946289062,647.7561645507812,716.9819946289062,102331
2021-05-05,600.1546020507812,687.3137817382812,697.2031860351562,672.4796752929688,697.2031860351562,32155
2021-05-06,604.47216796875,692.2584838867188,692.2584838867188,682.3690795898438,687.3137817382812,27706
2021-05-07,600.1546020507812,687.3137817382812,692.2584838867188,672.4796752929688,672.4796752929688,57536
2021-05-10,604.47216796875,692.2584838867188,692.2584838867188,672.4796752929688,682.3690795898438,19515
2021-05-11,591.5192260742188,677.4243774414062,687.3137817382812,677.4243774414062,682.3690795898438,29627
2021-05-17,591.5192260742188,677.4243774414062,687.3137817382812,672.4796752929688,687.3137817382812,18706
2021-05-18,591.5192260742188,677.4243774414062,677.4243774414062,662.5902709960938,672.4796752929688,30032
2021-05-19,587.2015380859375,672.4796752929688,677.4243774414062,662.5902709960938,677.4243774414062,54401
2021-05-20,604.47216796875,692.2584838867188,692.2584838867188,657.6455688476562,672.4796752929688,244200
2021-05-21,600.1546020507812,687.3137817382812,692.2584838867188,662.5902709960938,687.3137817382812,34076
2021-05-24,587.2015380859375,672.4796752929688,682.3690795898438,657.6455688476562,682.3690795898438,42570
2021-05-25,587.2015380859375,672.4796752929688,672.4796752929688,662.5902709960938,662.5902709960938,14257
2021-05-27,587.2015380859375,672.4796752929688,672.4796752929688,662.5902709960938,672.4796752929688,34784
2021-05-28,587.2015380859375,672.4796752929688,677.4243774414062,657.6455688476562,662.5902709960938,70479
2021-05-31,595.8369140625,682.3690795898438,692.2584838867188,677.4243774414062,677.4243774414062,67648
2021-06-02,608.7898559570312,697.2031860351562,697.2031860351562,682.3690795898438,682.3690795898438,30133
2021-06-03,600.1546020507812,687.3137817382812,697.2031860351562,672.4796752929688,697.2031860351562,16381
2021-06-04,595.8369140625,682.3690795898438,687.3137817382812,672.4796752929688,687.3137817382812,18605
2021-06-07,600.1546020507812,687.3137817382812,687.3137817382812,677.4243774414062,682.3690795898438,38829
2021-06-08,617.4251708984375,707.0925903320312,751.5949096679688,692.2584838867188,692.2584838867188,517118
2021-06-09,604.47216796875,692.2584838867188,721.9266967773438,682.3690795898438,712.0372924804688,102635
2021-06-10,617.4251708984375,707.0925903320312,712.0372924804688,687.3137817382812,692.2584838867188,86253
2021-06-11,617.4251708984375,707.0925903320312,716.9819946289062,702.1478881835938,716.9819946289062,96264
2021-06-14,608.7898559570312,697.2031860351562,716.9819946289062,692.2584838867188,712.0372924804688,100005
2021-06-15,613.1075439453125,702.1478881835938,721.9266967773438,697.2031860351562,721.9266967773438,82512
2021-06-16,600.1546020507812,687.3137817382812,707.0925903320312,682.3690795898438,702.1478881835938,24369
2021-06-17,608.7898559570312,697.2031860351562,712.0372924804688,682.3690795898438,682.3690795898438,92624
2021-06-18,621.7428588867188,712.0372924804688,712.0372924804688,677.4243774414062,697.2031860351562,251885
2021-06-21,600.1546020507812,687.3137817382812,707.0925903320312,682.3690795898438,702.1478881835938,23661
2021-06-22,595.8369140625,682.3690795898438,687.3137817382812,672.4796752929688,687.3137817382812,156834
2021-06-23,591.5192260742188,677.4243774414062,712.0372924804688,677.4243774414062,682.3690795898438,214674
2021-06-24,595.8369140625,682.3690795898438,697.2031860351562,672.4796752929688,677.4243774414062,50761
2021-06-25,587.2015380859375,672.4796752929688,682.3690795898438,672.4796752929688,682.3690795898438,44694
2021-06-28,582.8839111328125,667.5349731445312,672.4796752929688,657.6455688476562,672.4796752929688,114364
2021-06-29,582.8839111328125,667.5349731445312,672.4796752929688,657.6455688476562,667.5349731445312,59053
2021-06-30,582.8839111328125,667.5349731445312,677.4243774414062,667.5349731445312,672.4796752929688,53491
2021-07-01,587.2015380859375,672.4796752929688,682.3690795898438,642.8114624023438,682.3690795898438,135599
2021-07-02,587.2015380859375,672.4796752929688,672.4796752929688,657.6455688476562,672.4796752929688,16178
2021-07-05,582.8839111328125,667.5349731445312,677.4243774414062,657.6455688476562,672.4796752929688,62794
2021-07-06,595.8369140625,682.3690795898438,692.2584838867188,667.5349731445312,667.5349731445312,53794
2021-07-07,595.8369140625,682.3690795898438,687.3137817382812,682.3690795898438,687.3137817382812,22448
2021-07-08,587.2015380859375,672.4796752929688,682.3690795898438,672.4796752929688,672.4796752929688,20931
2021-07-09,600.1546020507812,687.3137817382812,781.2631225585938,672.4796752929688,687.3137817382812,932108
2021-07-12,604.47216796875,692.2584838867188,721.9266967773438,677.4243774414062,702.1478881835938,288793
2021-07-13,600.1546020507812,687.3137817382812,716.9819946289062,687.3137817382812,702.1478881835938,117196
2021-07-14,595.8369140625,682.3690795898438,692.2584838867188,672.4796752929688,692.2584838867188,86759
2021-07-15,613.1075439453125,702.1478881835938,702.1478881835938,677.4243774414062,697.2031860351562,187068
2021-07-16,613.1075439453125,702.1478881835938,756.5396118164062,702.1478881835938,707.0925903320312,369081
2021-07-19,617.4251708984375,707.0925903320312,716.9819946289062,702.1478881835938,716.9819946289062,130948
2021-07-21,617.4251708984375,707.0925903320312,712.0372924804688,702.1478881835938,712.0372924804688,56727
2021-07-22,613.1075439453125,702.1478881835938,712.0372924804688,697.2031860351562,707.0925903320312,116488
2021-07-23,613.1075439453125,702.1478881835938,712.0372924804688,692.2584838867188,702.1478881835938,34784
2021-07-26,608.7898559570312,697.2031860351562,731.8161010742188,692.2584838867188,702.1478881835938,95961
2021-07-27,621.7428588867188,712.0372924804688,726.8713989257812,692.2584838867188,697.2031860351562,131150
2021-07-28,777.1785888671875,890.046630859375,890.046630859375,726.8713989257812,726.8713989257812,9490255
2021-07-29,725.3666381835938,830.7101440429688,959.2724609375,830.7101440429688,939.49365234375,2868422
2021-07-30,682.1900634765625,781.2631225585938,855.4336547851562,776.3184204101562,805.9866333007812,1612938
2021-08-02,716.7313232421875,820.8207397460938,840.5995483398438,726.8713989257812,781.2631225585938,543005
2021-08-03,690.8253784179688,791.1525268554688,840.5995483398438,771.3737182617188,840.5995483398438,153800
2021-08-04,729.684326171875,835.6548461914062,870.267822265625,776.3184204101562,801.0419311523438,362306
2021-08-05,725.3666381835938,830.7101440429688,860.37841796875,830.7101440429688,840.5995483398438,500029
2021-08-06,781.4962768554688,894.9913330078125,909.825439453125,810.9313354492188,830.7101440429688,1108964
2021-08-09,772.8609619140625,885.1019287109375,919.71484375,840.5995483398438,894.9913330078125,956073
2021-08-10,738.319580078125,845.5442504882812,914.7701416015625,835.6548461914062,914.7701416015625,138127
2021-08-12,721.0488891601562,825.7654418945312,894.9913330078125,791.1525268554688,885.1019287109375,469694
2021-08-13,673.5547485351562,771.3737182617188,890.046630859375,771.3737182617188,840.5995483398438,581025
2021-08-16,639.0134887695312,731.8161010742188,825.7654418945312,721.9266967773438,766.4290161132812,571925
2021-08-18,772.8609619140625,885.1019287109375,909.825439453125,721.9266967773438,736.7608032226562,911379
2021-08-19,738.319580078125,845.5442504882812,885.1019287109375,825.7654418945312,885.1019287109375,268165
2021-08-20,729.684326171875,835.6548461914062,860.37841796875,820.8207397460938,845.5442504882812,188080
2021-08-23,725.3666381835938,830.7101440429688,855.4336547851562,791.1525268554688,820.8207397460938,262503
2021-08-24,703.7783203125,805.9866333007812,850.4889526367188,801.0419311523438,830.7101440429688,80389
2021-08-25,738.319580078125,845.5442504882812,939.49365234375,805.9866333007812,805.9866333007812,417820
2021-08-26,772.8609619140625,885.1019287109375,924.6595458984375,845.5442504882812,885.1019287109375,440370
2021-08-27,768.5432739257812,880.1572265625,885.1019287109375,825.7654418945312,885.1019287109375,136408
2021-08-30,772.8609619140625,885.1019287109375,909.825439453125,835.6548461914062,880.1572265625,98792
2021-08-31,772.8609619140625,885.1019287109375,890.046630859375,845.5442504882812,890.046630859375,120229
2021-09-01,751.2726440429688,860.37841796875,909.825439453125,835.6548461914062,909.825439453125,177968
2021-09-02,755.5902709960938,865.3231201171875,890.046630859375,810.9313354492188,890.046630859375,205674
2021-09-03,751.2726440429688,860.37841796875,865.3231201171875,815.8760375976562,865.3231201171875,191012
2021-09-06,755.5902709960938,865.3231201171875,875.2125244140625,820.8207397460938,860.37841796875,159766
2021-09-07,751.2726440429688,860.37841796875,890.046630859375,835.6548461914062,890.046630859375,79377
2021-09-08,721.0488891601562,825.7654418945312,870.267822265625,815.8760375976562,870.267822265625,169575
2021-09-09,673.5547485351562,771.3737182617188,825.7654418945312,771.3737182617188,825.7654418945312,306894
2021-09-10,656.2841186523438,751.5949096679688,776.3184204101562,721.9266967773438,776.3184204101562,221752
2021-09-13,690.8253784179688,791.1525268554688,850.4889526367188,751.5949096679688,751.5949096679688,512164
2021-09-14,651.9664306640625,746.6502075195312,810.9313354492188,736.7608032226562,801.0419311523438,572127
2021-09-15,646.1595458984375,740.0,755.0,720.0,755.0,537300
2021-09-16,633.061767578125,725.0,740.0,710.0,740.0,315200
2021-09-17,646.1595458984375,740.0,770.0,710.0,725.0,220600
2021-09-20,633.061767578125,725.0,765.0,710.0,765.0,146000
2021-09-21,633.061767578125,725.0,735.0,715.0,725.0,57500
2021-09-22,676.72119140625,775.0,795.0,725.0,725.0,2476000
2021-09-23,637.427734375,730.0,775.0,730.0,760.0,1808000
2021-09-24,641.7936401367188,735.0,755.0,715.0,735.0,1956700
2021-09-27,628.6957397460938,720.0,755.0,710.0,750.0,3992200
2021-09-28,585.0363159179688,670.0,720.0,670.0,720.0,1713900
2021-09-29,558.8406982421875,640.0,670.0,625.0,670.0,3096300
2021-09-30,576.304443359375,660.0,680.0,645.0,645.0,713500
2021-10-01,558.8406982421875,640.0,660.0,630.0,660.0,782900
2021-10-04,545.742919921875,625.0,645.0,615.0,640.0,834600
2021-10-05,558.8406982421875,640.0,655.0,635.0,635.0,722500
2021-10-06,558.8406982421875,640.0,655.0,630.0,645.0,399000
2021-10-07,567.5726318359375,650.0,660.0,640.0,640.0,618800
2021-10-08,558.8406982421875,640.0,660.0,640.0,650.0,453100
2021-10-11,554.4747924804688,635.0,650.0,635.0,650.0,250200
2021-10-12,558.8406982421875,640.0,650.0,630.0,645.0,264300
2021-10-13,554.4747924804688,635.0,640.0,630.0,640.0,278500
2021-10-14,558.8406982421875,640.0,645.0,630.0,640.0,430400
2021-10-15,563.2066040039062,645.0,650.0,640.0,640.0,206400
2021-10-18,563.2066040039062,645.0,655.0,640.0,650.0,503000
2021-10-19,563.2066040039062,645.0,660.0,640.0,650.0,448700
2021-10-21,563.2066040039062,645.0,650.0,640.0,650.0,262300
2021-10-22,563.2066040039062,645.0,650.0,640.0,650.0,287300
2021-10-25,563.2066040039062,645.0,655.0,640.0,645.0,475800
2021-10-26,567.5726318359375,650.0,655.0,640.0,650.0,446100
2021-10-27,563.2066040039062,645.0,650.0,640.0,650.0,366200
2021-10-28,558.8406982421875,640.0,650.0,635.0,650.0,424300
2021-10-29,545.742919921875,625.0,650.0,620.0,645.0,1217800
2021-11-01,550.1088256835938,630.0,640.0,630.0,630.0,370100
2021-11-02,550.1088256835938,630.0,640.0,630.0,635.0,265000
2021-11-03,554.4747924804688,635.0,635.0,625.0,635.0,76800
2021-11-04,554.4747924804688,635.0,645.0,625.0,635.0,432300
2021-11-05,550.1088256835938,630.0,640.0,620.0,635.0,1113600
2021-11-08,563.2066040039062,645.0,670.0,620.0,630.0,1731300
2021-11-09,558.8406982421875,640.0,660.0,630.0,645.0,1067800
2021-11-10,558.8406982421875,640.0,645.0,630.0,640.0,244200
2021-11-11,554.4747924804688,635.0,640.0,630.0,640.0,319000
2021-11-12,545.742919921875,625.0,635.0,625.0,635.0,791400
2021-11-15,550.1088256835938,630.0,635.0,620.0,630.0,522000
2021-11-16,541.376953125,620.0,630.0,620.0,630.0,921000
2021-11-17,541.376953125,620.0,625.0,610.0,620.0,1265500
2021-11-18,541.376953125,620.0,620.0,615.0,620.0,215100
2021-11-19,541.376953125,620.0,625.0,610.0,620.0,256200
2021-11-22,541.376953125,620.0,620.0,610.0,620.0,900200
2021-11-23,537.0109252929688,615.0,620.0,610.0,620.0,587600
2021-11-24,528.2791137695312,605.0,615.0,600.0,615.0,1103900
2021-11-25,523.9131469726562,600.0,610.0,600.0,605.0,545500
2021-11-26,519.5472412109375,595.0,605.0,590.0,600.0,429000
2021-11-29,515.1813354492188,590.0,595.0,575.0,595.0,510400
2021-11-30,523.9131469726562,600.0,620.0,580.0,595.0,731600
2021-12-01,519.5472412109375,595.0,610.0,585.0,600.0,83300
2021-12-02,515.1813354492188,590.0,600.0,580.0,595.0,90400
2021-12-03,519.5472412109375,595.0,605.0,585.0,595.0,112400
2021-12-06,519.5472412109375,595.0,600.0,590.0,595.0,41800
2021-12-07,523.9131469726562,600.0,610.0,590.0,595.0,225800
2021-12-08,523.9131469726562,600.0,605.0,590.0,605.0,188000
2021-12-09,519.5472412109375,595.0,600.0,590.0,600.0,127400
2021-12-10,519.5472412109375,595.0,600.0,580.0,600.0,457500
2021-12-13,523.9131469726562,600.0,620.0,600.0,600.0,479400
2021-12-14,523.9131469726562,600.0,610.0,595.0,610.0,85300
2021-12-15,515.1813354492188,590.0,600.0,590.0,595.0,116800
2021-12-16,510.8153381347656,585.0,595.0,580.0,590.0,247900
2021-12-17,506.44940185546875,580.0,595.0,580.0,585.0,142600
2021-12-20,519.5472412109375,595.0,595.0,575.0,580.0,320700
2021-12-21,515.1813354492188,590.0,600.0,580.0,595.0,34000
2021-12-22,510.8153381347656,585.0,595.0,580.0,595.0,105500
2021-12-23,497.7174377441406,570.0,590.0,555.0,585.0,799000
2021-12-24,493.35150146484375,565.0,585.0,565.0,575.0,204400
2021-12-27,493.35150146484375,565.0,575.0,560.0,565.0,277200
2021-12-28,493.35150146484375,565.0,575.0,560.0,565.0,360400
2021-12-29,497.7174377441406,570.0,570.0,560.0,570.0,162400
2021-12-30,493.35150146484375,565.0,580.0,560.0,570.0,109300
2022-01-03,497.7174377441406,570.0,570.0,565.0,565.0,390200
2022-01-04,502.08343505859375,575.0,575.0,565.0,570.0,106200
2022-01-05,502.08343505859375,575.0,575.0,565.0,575.0,195800
2022-01-06,488.985595703125,560.0,595.0,555.0,575.0,637900
2022-01-07,493.35150146484375,565.0,575.0,555.0,560.0,236600
2022-01-10,493.35150146484375,565.0,585.0,565.0,570.0,157300
2022-01-11,488.985595703125,560.0,565.0,555.0,565.0,125700
2022-01-12,480.25372314453125,550.0,575.0,545.0,565.0,568100
2022-01-13,480.25372314453125,550.0,570.0,550.0,550.0,144300
2022-01-14,488.985595703125,560.0,570.0,550.0,550.0,184700
2022-01-17,480.25372314453125,550.0,560.0,545.0,560.0,96400
2022-01-18,471.5218200683594,540.0,555.0,535.0,550.0,297700
2022-01-19,467.1558532714844,535.0,545.0,530.0,545.0,218300
2022-01-20,467.1558532714844,535.0,540.0,530.0,540.0,84800
2022-01-21,471.5218200683594,540.0,540.0,535.0,540.0,56300
2022-01-24,471.5218200683594,540.0,550.0,535.0,540.0,156000
2022-01-25,467.1558532714844,535.0,540.0,535.0,540.0,208100
2022-01-26,493.35150146484375,565.0,570.0,535.0,535.0,169100
2022-01-27,497.7174377441406,570.0,600.0,545.0,565.0,447900
2022-01-28,497.7174377441406,570.0,580.0,555.0,575.0,309800
2022-01-31,510.8153381347656,585.0,595.0,555.0,570.0,129000
2022-02-02,523.9131469726562,600.0,605.0,575.0,585.0,116400
2022-02-03,510.8153381347656,585.0,605.0,575.0,605.0,97100
2022-02-04,506.44940185546875,580.0,585.0,575.0,585.0,31400
2022-02-07,510.8153381347656,585.0,595.0,580.0,585.0,81900
2022-02-08,523.9131469726562,600.0,610.0,590.0,590.0,233500
2022-02-09,519.5472412109375,595.0,600.0,590.0,600.0,81900
2022-02-10,519.5472412109375,595.0,605.0,590.0,600.0,45000
2022-02-11,502.08343505859375,575.0,595.0,575.0,595.0,921400
2022-02-14,502.08343505859375,575.0,585.0,560.0,575.0,88000
2022-02-15,493.35150146484375,565.0,585.0,565.0,580.0,142000
2022-02-16,502.08343505859375,575.0,585.0,565.0,575.0,66700
2022-02-17,488.985595703125,560.0,585.0,550.0,580.0,262400
2022-02-18,484.6196594238281,555.0,575.0,550.0,560.0,442500
2022-02-21,493.35150146484375,565.0,575.0,555.0,555.0,71300
2022-02-22,488.985595703125,560.0,570.0,560.0,565.0,95000
2022-02-23,497.7174377441406,570.0,570.0,560.0,565.0,64500
2022-02-24,480.25372314453125,550.0,575.0,545.0,570.0,227500
2022-02-25,502.08343505859375,575.0,600.0,540.0,540.0,504500
2022-03-01,497.7174377441406,570.0,580.0,565.0,575.0,78600
2022-03-02,488.985595703125,560.0,570.0,555.0,570.0,45900
2022-03-04,480.25372314453125,550.0,590.0,550.0,560.0,50300
2022-03-07,488.985595703125,560.0,565.0,550.0,550.0,80000
2022-03-08,484.6196594238281,555.0,570.0,545.0,560.0,76200
2022-03-09,480.25372314453125,550.0,570.0,550.0,570.0,80800
2022-03-10,484.6196594238281,555.0,560.0,550.0,560.0,19600
2022-03-11,493.35150146484375,565.0,565.0,555.0,560.0,19500
2022-03-14,484.6196594238281,555.0,570.0,550.0,565.0,43800
2022-03-15,493.35150146484375,565.0,575.0,555.0,555.0,146300
2022-03-16,488.985595703125,560.0,570.0,550.0,570.0,68700
2022-03-17,484.6196594238281,555.0,565.0,555.0,565.0,121900
2022-03-18,488.985595703125,560.0,565.0,555.0,565.0,33200
2022-03-21,488.985595703125,560.0,560.0,555.0,560.0,9500
2022-03-22,488.985595703125,560.0,570.0,555.0,555.0,182300
2022-03-23,488.985595703125,560.0,565.0,555.0,560.0,33900
2022-03-24,488.985595703125,560.0,565.0,555.0,560.0,20000
2022-03-25,488.985595703125,560.0,565.0,555.0,565.0,60200
2022-03-28,493.35150146484375,565.0,565.0,555.0,560.0,12500
2022-03-29,488.985595703125,560.0,565.0,555.0,565.0,41800
2022-03-30,497.7174377441406,570.0,575.0,560.0,560.0,138400
2022-03-31,497.7174377441406,570.0,575.0,565.0,575.0,35200
2022-04-01,497.7174377441406,570.0,575.0,560.0,575.0,60700
2022-04-04,510.8153381347656,585.0,590.0,570.0,570.0,262500
2022-04-05,506.44940185546875,580.0,590.0,580.0,585.0,161400
2022-04-06,515.1813354492188,590.0,590.0,570.0,580.0,390600
2022-04-07,519.5472412109375,595.0,600.0,585.0,590.0,505400
2022-04-08,517.49169921875,575.0,595.0,560.0,590.0,248400
2022-04-11,508.4918518066406,565.0,575.0,560.0,575.0,104400
2022-04-12,503.991943359375,560.0,570.0,550.0,570.0,203400
2022-04-13,503.991943359375,560.0,560.0,555.0,560.0,52000
2022-04-14,503.991943359375,560.0,565.0,550.0,565.0,160800
2022-04-18,503.991943359375,560.0,560.0,550.0,560.0,60800
2022-04-19,503.991943359375,560.0,560.0,545.0,560.0,204800
2022-04-20,503.991943359375,560.0,560.0,550.0,560.0,296700
2022-04-21,508.4918518066406,565.0,565.0,550.0,560.0,310100
2022-04-22,503.991943359375,560.0,565.0,560.0,565.0,82200
2022-04-25,503.991943359375,560.0,560.0,555.0,560.0,40200
2022-04-26,499.4920349121094,555.0,570.0,555.0,560.0,89800
2022-04-27,503.991943359375,560.0,565.0,560.0,560.0,73400
2022-04-28,517.49169921875,575.0,590.0,565.0,565.0,310800
2022-05-09,517.49169921875,575.0,590.0,575.0,585.0,289400
2022-05-10,512.9918212890625,570.0,575.0,550.0,575.0,233900
2022-05-11,503.991943359375,560.0,580.0,550.0,580.0,258300
2022-05-12,503.991943359375,560.0,575.0,555.0,575.0,29300
2022-05-13,503.991943359375,560.0,570.0,555.0,555.0,26000
2022-05-17,503.991943359375,560.0,560.0,555.0,555.0,18900
2022-05-18,503.991943359375,560.0,560.0,555.0,555.0,44100
2022-05-19,503.991943359375,560.0,560.0,555.0,555.0,95000
2022-05-20,503.991943359375,560.0,565.0,550.0,555.0,96100
2022-05-23,503.991943359375,560.0,575.0,560.0,560.0,63800
2022-05-24,508.4918518066406,565.0,565.0,550.0,560.0,132300
2022-05-25,508.4918518066406,565.0,565.0,555.0,565.0,30800
2022-05-27,508.4918518066406,565.0,570.0,550.0,565.0,574300
2022-05-30,508.4918518066406,565.0,565.0,560.0,565.0,69100
2022-05-31,503.991943359375,560.0,565.0,555.0,560.0,226000
2022-06-02,512.9918212890625,570.0,580.0,560.0,565.0,257700
2022-06-03,517.49169921875,575.0,590.0,565.0,565.0,157900
2022-06-06,530.9915771484375,590.0,595.0,580.0,580.0,361600
2022-06-07,535.491455078125,595.0,600.0,590.0,590.0,230900
2022-06-08,535.491455078125,595.0,600.0,590.0,595.0,170800
2022-06-09,530.9915771484375,590.0,600.0,580.0,595.0,131200
2022-06-10,521.9916381835938,580.0,595.0,580.0,595.0,249000
2022-06-13,517.49169921875,575.0,590.0,555.0,580.0,299900
2022-06-14,517.49169921875,575.0,580.0,570.0,570.0,133600
2022-06-15,512.9918212890625,570.0,580.0,565.0,575.0,57700
2022-06-16,517.49169921875,575.0,590.0,565.0,570.0,169600
2022-06-17,508.4918518066406,565.0,575.0,545.0,575.0,977600
2022-06-20,512.9918212890625,570.0,570.0,560.0,570.0,65200
2022-06-21,508.4918518066406,565.0,575.0,565.0,570.0,56000
2022-06-22,517.49169921875,575.0,575.0,560.0,575.0,769900
2022-06-23,521.9916381835938,580.0,585.0,565.0,575.0,204000
2022-06-24,526.4916381835938,585.0,585.0,575.0,580.0,130800
2022-06-27,521.9916381835938,580.0,585.0,575.0,585.0,82600
2022-06-28,526.4916381835938,585.0,585.0,565.0,575.0,73100
2022-06-29,526.4916381835938,585.0,585.0,570.0,585.0,49800
2022-06-30,517.49169921875,575.0,580.0,570.0,580.0,15200
2022-07-01,508.4918518066406,565.0,580.0,565.0,580.0,65700
2022-07-04,508.4918518066406,565.0,575.0,560.0,565.0,53500
2022-07-05,508.4918518066406,565.0,570.0,560.0,565.0,82400
2022-07-06,512.9918212890625,570.0,575.0,555.0,575.0,62400
2022-07-07,512.9918212890625,570.0,570.0,560.0,570.0,43200
2022-07-08,517.49169921875,575.0,575.0,570.0,575.0,127200
2022-07-11,512.9918212890625,570.0,580.0,570.0,575.0,11600
2022-07-12,512.9918212890625,570.0,575.0,560.0,570.0,43900
2022-07-13,512.9918212890625,570.0,570.0,565.0,570.0,16900
2022-07-14,508.4918518066406,565.0,570.0,565.0,570.0,25600
2022-07-15,512.9918212890625,570.0,570.0,565.0,570.0,9100
2022-07-18,512.9918212890625,570.0,570.0,565.0,570.0,16500
2022-07-19,508.4918518066406,565.0,570.0,560.0,565.0,73300
2022-07-20,517.49169921875,575.0,580.0,565.0,565.0,78600
2022-07-21,517.49169921875,575.0,575.0,560.0,575.0,59500
2022-07-22,517.49169921875,575.0,580.0,570.0,575.0,289200
2022-07-25,521.9916381835938,580.0,580.0,575.0,575.0,63600
2022-07-26,517.49169921875,575.0,580.0,570.0,580.0,307000
2022-07-27,517.49169921875,575.0,575.0,565.0,575.0,189700
2022-07-28,517.49169921875,575.0,575.0,570.0,575.0,34400
2022-07-29,512.9918212890625,570.0,575.0,570.0,575.0,372400
2022-08-01,517.49169921875,575.0,575.0,570.0,575.0,278800
2022-08-02,512.9918212890625,570.0,580.0,570.0,580.0,342800
2022-08-03,517.49169921875,575.0,575.0,550.0,575.0,1227900
2022-08-04,517.49169921875,575.0,580.0,570.0,575.0,116700
2022-08-05,517.49169921875,575.0,580.0,565.0,570.0,79600
2022-08-08,517.49169921875,575.0,580.0,570.0,575.0,86300
2022-08-09,517.49169921875,575.0,580.0,565.0,575.0,1084400
2022-08-10,512.9918212890625,570.0,580.0,570.0,575.0,310000
2022-08-11,517.49169921875,575.0,575.0,570.0,570.0,320300
2022-08-12,521.9916381835938,580.0,580.0,575.0,575.0,596700
2022-08-15,521.9916381835938,580.0,585.0,575.0,580.0,322600
2022-08-16,548.9912719726562,610.0,610.0,575.0,580.0,821900
2022-08-18,539.9913940429688,600.0,620.0,590.0,610.0,380500
2022-08-19,539.9913940429688,600.0,605.0,585.0,600.0,309600
2022-08-22,530.9915771484375,590.0,610.0,585.0,595.0,260100
2022-08-23,530.9915771484375,590.0,595.0,575.0,585.0,138000
2022-08-24,539.9913940429688,600.0,610.0,590.0,590.0,311300
2022-08-25,530.9915771484375,590.0,600.0,590.0,600.0,87100
2022-08-26,535.491455078125,595.0,595.0,590.0,590.0,56500
2022-08-29,521.9916381835938,580.0,590.0,560.0,590.0,606700
2022-08-30,530.9915771484375,590.0,590.0,580.0,580.0,28600
2022-08-31,530.9915771484375,590.0,595.0,580.0,580.0,235800
2022-09-01,530.9915771484375,590.0,595.0,580.0,590.0,309300
2022-09-02,530.9915771484375,590.0,590.0,580.0,580.0,40300
2022-09-05,526.4916381835938,585.0,595.0,570.0,580.0,735900
2022-09-06,530.9915771484375,590.0,590.0,580.0,590.0,108800
2022-09-07,526.4916381835938,585.0,590.0,580.0,585.0,278500
2022-09-08,526.4916381835938,585.0,590.0,585.0,585.0,152600
2022-09-09,521.9916381835938,580.0,590.0,580.0,590.0,181800
2022-09-12,526.4916381835938,585.0,585.0,570.0,580.0,226200
2022-09-13,530.9915771484375,590.0,590.0,580.0,585.0,40100
2022-09-14,530.9915771484375,590.0,590.0,585.0,590.0,25900
2022-09-15,530.9915771484375,590.0,595.0,585.0,585.0,314300
2022-09-16,526.4916381835938,585.0,590.0,570.0,590.0,853500
2022-09-19,535.491455078125,595.0,595.0,580.0,580.0,295100
2022-09-20,535.491455078125,595.0,600.0,585.0,585.0,418300
2022-09-21,539.9913940429688,600.0,605.0,590.0,595.0,289700
2022-09-22,535.491455078125,595.0,610.0,585.0,600.0,260000
2022-09-23,539.9913940429688,600.0,605.0,585.0,600.0,259500
2022-09-26,535.491455078125,595.0,605.0,585.0,600.0,182200
2022-09-27,539.9913940429688,600.0,600.0,595.0,595.0,176100
2022-09-28,539.9913940429688,600.0,600.0,590.0,600.0,136300
2022-09-29,530.9915771484375,590.0,595.0,585.0,595.0,339800
2022-09-30,521.9916381835938,580.0,585.0,575.0,585.0,536200
2022-10-03,526.4916381835938,585.0,590.0,580.0,590.0,32800
2022-10-04,530.9915771484375,590.0,595.0,580.0,590.0,218000
2022-10-05,535.491455078125,595.0,595.0,590.0,590.0,367900
2022-10-06,535.491455078125,595.0,595.0,590.0,595.0,271500
2022-10-07,530.9915771484375,590.0,595.0,585.0,595.0,639700
2022-10-10,521.9916381835938,580.0,585.0,575.0,585.0,153400
2022-10-11,526.4916381835938,585.0,585.0,575.0,585.0,68700
2022-10-12,521.9916381835938,580.0,590.0,580.0,590.0,69000
2022-10-13,521.9916381835938,580.0,585.0,575.0,580.0,81100
2022-10-14,517.49169921875,575.0,580.0,575.0,580.0,97100
2022-10-17,517.49169921875,575.0,575.0,570.0,575.0,240500
2022-10-18,517.49169921875,575.0,575.0,570.0,575.0,25100
2022-10-19,521.9916381835938,580.0,580.0,570.0,575.0,73500
2022-10-20,521.9916381835938,580.0,580.0,575.0,580.0,8000
2022-10-21,526.4916381835938,585.0,585.0,575.0,580.0,173300
2022-10-24,530.9915771484375,590.0,595.0,580.0,580.0,170600
2022-10-25,526.4916381835938,585.0,600.0,585.0,595.0,85700
2022-10-26,530.9915771484375,590.0,595.0,585.0,585.0,116700
2022-10-27,530.9915771484375,590.0,600.0,585.0,590.0,424100
2022-10-28,526.4916381835938,585.0,590.0,585.0,590.0,18600
2022-10-31,526.4916381835938,585.0,595.0,585.0,590.0,87200
2022-11-01,530.9915771484375,590.0,595.0,585.0,590.0,21100
2022-11-02,530.9915771484375,590.0,595.0,590.0,590.0,57600
2022-11-03,535.491455078125,595.0,600.0,590.0,590.0,195900
2022-11-04,530.9915771484375,590.0,595.0,585.0,595.0,98900
2022-11-07,535.491455078125,595.0,595.0,585.0,590.0,108500
2022-11-08,526.4916381835938,585.0,595.0,585.0,595.0,22700
2022-11-09,535.491455078125,595.0,595.0,585.0,585.0,7100
2022-11-10,530.9915771484375,590.0,595.0,580.0,595.0,7200
2022-11-11,530.9915771484375,590.0,590.0,585.0,590.0,43700
2022-11-14,526.4916381835938,585.0,595.0,585.0,590.0,37100
2022-11-15,530.9915771484375,590.0,590.0,585.0,585.0,52800
2022-11-16,530.9915771484375,590.0,595.0,585.0,595.0,9000
2022-11-17,530.9915771484375,590.0,595.0,590.0,595.0,58700
2022-11-18,530.9915771484375,590.0,595.0,585.0,590.0,65500
2022-11-21,530.9915771484375,590.0,595.0,585.0,595.0,72200
2022-11-22,530.9915771484375,590.0,590.0,585.0,590.0,14500
2022-11-23,530.9915771484375,590.0,595.0,585.0,590.0,121500
2022-11-24,530.9915771484375,590.0,595.0,585.0,590.0,30600
2022-11-25,530.9915771484375,590.0,595.0,585.0,590.0,70100
2022-11-28,526.4916381835938,585.0,595.0,585.0,585.0,9500
2022-11-29,530.9915771484375,590.0,590.0,585.0,585.0,104900
2022-11-30,530.9915771484375,590.0,595.0,585.0,590.0,65000
2022-12-01,535.491455078125,595.0,595.0,585.0,595.0,60800
2022-12-02,530.9915771484375,590.0,595.0,585.0,595.0,176000
2022-12-05,521.9916381835938,580.0,590.0,580.0,590.0,82100
2022-12-06,521.9916381835938,580.0,585.0,575.0,580.0,69800
2022-12-07,517.49169921875,575.0,590.0,570.0,590.0,276700
2022-12-08,517.49169921875,575.0,585.0,570.0,585.0,216600
2022-12-09,521.9916381835938,580.0,580.0,575.0,575.0,17200
2022-12-12,517.49169921875,575.0,580.0,570.0,575.0,198400
2022-12-13,517.49169921875,575.0,580.0,570.0,575.0,334900
2022-12-14,517.49169921875,575.0,580.0,570.0,580.0,61800
2022-12-15,517.49169921875,575.0,575.0,575.0,575.0,8500
2022-12-16,512.9918212890625,570.0,580.0,570.0,575.0,65700
2022-12-19,512.9918212890625,570.0,575.0,565.0,575.0,96400
2022-12-20,512.9918212890625,570.0,570.0,560.0,570.0,31000
2022-12-21,512.9918212890625,570.0,570.0,565.0,570.0,4300
2022-12-22,517.49169921875,575.0,575.0,565.0,570.0,52300
2022-12-23,512.9918212890625,570.0,575.0,570.0,575.0,59400
2022-12-26,512.9918212890625,570.0,575.0,565.0,570.0,15500
2022-12-27,508.4918518066406,565.0,570.0,555.0,570.0,280600
2022-12-28,503.991943359375,560.0,565.0,555.0,565.0,193300
2022-12-29,508.4918518066406,565.0,565.0,560.0,565.0,113400
2022-12-30,512.9918212890625,570.0,570.0,555.0,565.0,19500
2023-01-02,512.9918212890625,570.0,575.0,565.0,575.0,26100
2023-01-03,512.9918212890625,570.0,575.0,565.0,570.0,11500
2023-01-04,512.9918212890625,570.0,575.0,570.0,570.0,1200
2023-01-05,508.4918518066406,565.0,565.0,555.0,565.0,53000
2023-01-06,508.4918518066406,565.0,575.0,555.0,555.0,10400
2023-01-09,517.49169921875,575.0,575.0,570.0,570.0,23400
2023-01-10,512.9918212890625,570.0,580.0,565.0,575.0,128600
2023-01-11,512.9918212890625,570.0,570.0,565.0,570.0,26500
2023-01-12,517.49169921875,575.0,575.0,565.0,565.0,107600
2023-01-13,508.4918518066406,565.0,575.0,560.0,570.0,46400
2023-01-16,503.991943359375,560.0,575.0,560.0,575.0,11900
2023-01-17,517.49169921875,575.0,575.0,560.0,560.0,8300
2023-01-18,508.4918518066406,565.0,575.0,560.0,560.0,13400
2023-01-19,512.9918212890625,570.0,570.0,565.0,565.0,46600
2023-01-20,512.9918212890625,570.0,575.0,570.0,570.0,17500
2023-01-24,517.49169921875,575.0,575.0,565.0,565.0,44100
2023-01-25,512.9918212890625,570.0,575.0,565.0,575.0,39200
2023-01-26,512.9918212890625,570.0,575.0,570.0,575.0,4300
2023-01-27,512.9918212890625,570.0,570.0,560.0,570.0,243100
2023-01-30,512.9918212890625,570.0,570.0,565.0,570.0,9500
2023-01-31,517.49169921875,575.0,575.0,565.0,570.0,29300
2023-02-01,512.9918212890625,570.0,575.0,565.0,575.0,61300
2023-02-02,517.49169921875,575.0,575.0,570.0,570.0,2800
2023-02-03,521.9916381835938,580.0,580.0,570.0,575.0,37600
2023-02-06,512.9918212890625,570.0,580.0,570.0,580.0,32800
2023-02-07,526.4916381835938,585.0,595.0,575.0,575.0,163500
2023-02-08,521.9916381835938,580.0,585.0,580.0,585.0,80300
2023-02-09,526.4916381835938,585.0,590.0,580.0,580.0,124200
2023-02-10,521.9916381835938,580.0,580.0,575.0,580.0,120100
2023-02-13,526.4916381835938,585.0,590.0,585.0,585.0,72600
2023-02-14,521.9916381835938,580.0,590.0,575.0,585.0,226200
2023-02-15,526.4916381835938,585.0,590.0,585.0,585.0,800
2023-02-16,526.4916381835938,585.0,590.0,575.0,585.0,96000
2023-02-17,526.4916381835938,585.0,590.0,585.0,590.0,25200
2023-02-20,535.491455078125,595.0,595.0,580.0,585.0,140400
2023-02-21,530.9915771484375,590.0,595.0,585.0,595.0,14900
2023-02-22,521.9916381835938,580.0,590.0,580.0,590.0,125300
2023-02-23,530.9915771484375,590.0,590.0,575.0,580.0,26200
2023-02-24,530.9915771484375,590.0,595.0,580.0,590.0,62400
2023-02-27,530.9915771484375,590.0,595.0,580.0,590.0,45900
2023-02-28,526.4916381835938,585.0,590.0,575.0,590.0,32100
2023-03-01,521.9916381835938,580.0,595.0,580.0,590.0,61500
2023-03-02,530.9915771484375,590.0,600.0,585.0,590.0,308300
2023-03-03,526.4916381835938,585.0,590.0,580.0,590.0,83200
2023-03-06,530.9915771484375,590.0,595.0,585.0,585.0,103200
2023-03-07,530.9915771484375,590.0,595.0,565.0,590.0,481900
2023-03-08,521.9916381835938,580.0,590.0,580.0,580.0,76500
2023-03-09,526.4916381835938,585.0,590.0,580.0,580.0,36100
2023-03-10,521.9916381835938,580.0,585.0,580.0,585.0,67600
2023-03-13,521.9916381835938,580.0,585.0,570.0,580.0,37800
2023-03-14,517.49169921875,575.0,585.0,570.0,585.0,353900
2023-03-15,517.49169921875,575.0,585.0,575.0,580.0,73700
2023-03-16,512.9918212890625,570.0,575.0,570.0,575.0,140400
2023-03-17,517.49169921875,575.0,580.0,570.0,570.0,39200
2023-03-20,512.9918212890625,570.0,575.0,570.0,575.0,3400
2023-03-21,517.49169921875,575.0,580.0,570.0,580.0,39800
2023-03-24,526.4916381835938,585.0,585.0,580.0,580.0,18300
2023-03-27,535.491455078125,595.0,595.0,585.0,585.0,129600
2023-03-28,530.9915771484375,590.0,595.0,585.0,590.0,51000
2023-03-29,535.491455078125,595.0,600.0,590.0,595.0,27500
2023-03-30,530.9915771484375,590.0,595.0,590.0,595.0,40400
2023-03-31,535.491455078125,595.0,595.0,585.0,590.0,87800
2023-04-03,530.9915771484375,590.0,595.0,585.0,590.0,45000
2023-04-04,535.491455078125,595.0,610.0,590.0,590.0,87900
2023-04-05,544.4912719726562,605.0,605.0,595.0,600.0,239700
2023-04-06,539.9913940429688,600.0,610.0,595.0,605.0,139000
2023-04-10,535.491455078125,595.0,605.0,590.0,605.0,249300
2023-04-11,536.9356689453125,575.0,585.0,570.0,585.0,293600
2023-04-12,532.2666625976562,570.0,580.0,555.0,575.0,454000
2023-04-13,532.2666625976562,570.0,580.0,570.0,570.0,327400
2023-04-14,532.2666625976562,570.0,575.0,565.0,570.0,109200
2023-04-17,527.59765625,565.0,570.0,565.0,570.0,29200
2023-04-18,536.9356689453125,575.0,575.0,565.0,570.0,54200
2023-04-26,536.9356689453125,575.0,575.0,570.0,575.0,50700
2023-04-27,532.2666625976562,570.0,580.0,570.0,580.0,26600
2023-04-28,532.2666625976562,570.0,575.0,570.0,570.0,40900
2023-05-02,522.9286499023438,560.0,570.0,555.0,570.0,251900
2023-05-03,532.2666625976562,570.0,575.0,555.0,560.0,76000
2023-05-04,527.59765625,565.0,570.0,560.0,570.0,36900
2023-05-05,522.9286499023438,560.0,565.0,550.0,565.0,302300
2023-05-08,527.59765625,565.0,565.0,555.0,560.0,18900
2023-05-09,522.9286499023438,560.0,570.0,555.0,565.0,93300
2023-05-10,532.2666625976562,570.0,575.0,570.0,570.0,95400
2023-05-11,527.59765625,565.0,575.0,565.0,565.0,36500
2023-05-12,532.2666625976562,570.0,570.0,560.0,565.0,21700
2023-05-15,532.2666625976562,570.0,575.0,570.0,575.0,9600
2023-05-16,527.59765625,565.0,575.0,565.0,575.0,22300
2023-05-17,527.59765625,565.0,570.0,565.0,565.0,12100
2023-05-19,532.2666625976562,570.0,570.0,560.0,565.0,21300
2023-05-22,532.2666625976562,570.0,575.0,565.0,570.0,22900
2023-05-23,532.2666625976562,570.0,575.0,560.0,570.0,23900
2023-05-24,527.59765625,565.0,575.0,565.0,570.0,237400
2023-05-25,532.2666625976562,570.0,585.0,565.0,565.0,12300
2023-05-26,527.59765625,565.0,570.0,565.0,570.0,64900
2023-05-29,527.59765625,565.0,570.0,565.0,570.0,30700
2023-05-30,522.9286499023438,560.0,570.0,555.0,570.0,116600
2023-05-31,527.59765625,565.0,565.0,560.0,565.0,7400
2023-06-05,527.59765625,565.0,570.0,560.0,565.0,48800
2023-06-06,532.2666625976562,570.0,570.0,565.0,565.0,65500
2023-06-07,527.59765625,565.0,570.0,565.0,565.0,38700
2023-06-08,527.59765625,565.0,570.0,560.0,565.0,115600
2023-06-09,532.2666625976562,570.0,575.0,565.0,565.0,100900
2023-06-12,532.2666625976562,570.0,585.0,560.0,570.0,196800
2023-06-13,532.2666625976562,570.0,570.0,565.0,570.0,12400
2023-06-14,532.2666625976562,570.0,570.0,565.0,570.0,155600
2023-06-15,536.9356689453125,575.0,615.0,570.0,570.0,394600
2023-06-16,536.9356689453125,575.0,575.0,570.0,575.0,34900
2023-06-19,536.9356689453125,575.0,585.0,570.0,570.0,29600
2023-06-20,532.2666625976562,570.0,580.0,570.0,575.0,8400
2023-06-21,532.2666625976562,570.0,570.0,560.0,570.0,73700
2023-06-22,532.2666625976562,570.0,575.0,565.0,570.0,54100
2023-06-23,536.9356689453125,575.0,575.0,575.0,575.0,5600
2023-06-26,536.9356689453125,575.0,585.0,575.0,575.0,14800
2023-06-27,550.9426879882812,590.0,595.0,575.0,575.0,51600
2023-07-03,550.9426879882812,590.0,595.0,570.0,580.0,45600
2023-07-04,550.9426879882812,590.0,595.0,585.0,595.0,81600
2023-07-05,536.9356689453125,575.0,595.0,565.0,590.0,269600
2023-07-06,546.273681640625,585.0,585.0,575.0,575.0,42000
2023-07-07,546.273681640625,585.0,590.0,580.0,585.0,50800
2023-07-10,550.9426879882812,590.0,595.0,585.0,585.0,55200
2023-07-11,560.28076171875,600.0,605.0,585.0,590.0,378200
2023-07-12,574.2877807617188,615.0,625.0,600.0,600.0,457700
2023-07-13,597.6327514648438,640.0,700.0,610.0,610.0,1368700
2023-07-14,578.956787109375,620.0,650.0,620.0,640.0,378500
2023-07-17,592.9637451171875,635.0,660.0,620.0,620.0,284600
2023-07-18,592.9637451171875,635.0,645.0,630.0,635.0,114600
2023-07-20,602.3017578125,645.0,660.0,635.0,635.0,218400
2023-07-21,597.6327514648438,640.0,650.0,640.0,645.0,150600
2023-07-24,602.3017578125,645.0,670.0,635.0,635.0,353500
2023-07-25,606.9707641601562,650.0,655.0,635.0,645.0,321000
2023-07-26,606.9707641601562,650.0,660.0,640.0,650.0,220200
2023-07-27,606.9707641601562,650.0,650.0,635.0,650.0,43800
2023-07-28,602.3017578125,645.0,650.0,635.0,650.0,71800
2023-07-31,578.956787109375,620.0,655.0,590.0,645.0,410900
2023-08-01,564.9497680664062,605.0,630.0,595.0,620.0,291300
2023-08-02,574.2877807617188,615.0,630.0,605.0,615.0,61100
2023-08-03,578.956787109375,620.0,650.0,605.0,650.0,33900
2023-08-04,578.956787109375,620.0,635.0,615.0,635.0,77500
2023-08-07,578.956787109375,620.0,620.0,615.0,620.0,28000
2023-08-08,578.956787109375,620.0,630.0,620.0,620.0,11700
2023-08-09,588.2947387695312,630.0,640.0,620.0,630.0,247800
2023-08-10,583.625732421875,625.0,635.0,625.0,630.0,62900
2023-08-11,588.2947387695312,630.0,630.0,620.0,620.0,34000
2023-08-14,592.9637451171875,635.0,640.0,620.0,635.0,139700
2023-08-15,588.2947387695312,630.0,635.0,620.0,635.0,10400
2023-08-16,583.625732421875,625.0,630.0,620.0,630.0,11600
2023-08-18,588.2947387695312,630.0,635.0,615.0,625.0,23100
2023-08-21,583.625732421875,625.0,630.0,620.0,630.0,37800
2023-08-22,578.956787109375,620.0,625.0,610.0,625.0,89100
2023-08-23,574.2877807617188,615.0,620.0,610.0,610.0,143800
2023-08-24,583.625732421875,625.0,625.0,610.0,610.0,8600
2023-08-25,583.625732421875,625.0,625.0,620.0,625.0,37200
2023-08-28,583.625732421875,625.0,625.0,615.0,625.0,51800
2023-08-29,583.625732421875,625.0,630.0,625.0,625.0,17400
2023-08-30,583.625732421875,625.0,640.0,600.0,630.0,471100
2023-08-31,592.9637451171875,635.0,635.0,610.0,615.0,593600
2023-09-01,569.6187744140625,610.0,640.0,590.0,630.0,659900
2023-09-04,574.2877807617188,615.0,635.0,610.0,610.0,111400
2023-09-05,574.2877807617188,615.0,630.0,615.0,615.0,365000
2023-09-06,578.956787109375,620.0,625.0,605.0,615.0,145400
2023-09-07,578.956787109375,620.0,620.0,605.0,620.0,74900
2023-09-08,574.2877807617188,615.0,620.0,605.0,620.0,65100
2023-09-11,569.6187744140625,610.0,620.0,600.0,615.0,74900
2023-09-12,564.9497680664062,605.0,610.0,600.0,610.0,16100
2023-09-13,560.28076171875,600.0,610.0,595.0,595.0,49300
2023-09-14,560.28076171875,600.0,605.0,600.0,605.0,66900
2023-09-15,560.28076171875,600.0,605.0,585.0,600.0,168600
2023-09-18,560.28076171875,600.0,605.0,595.0,600.0,185000
2023-09-19,550.9426879882812,590.0,600.0,585.0,600.0,140600
2023-09-20,550.9426879882812,590.0,600.0,585.0,595.0,742200
2023-09-21,569.6187744140625,610.0,625.0,590.0,590.0,1403900
2023-09-22,569.6187744140625,610.0,615.0,605.0,610.0,24400
2023-09-25,578.956787109375,620.0,625.0,600.0,600.0,190400
2023-09-26,569.6187744140625,610.0,620.0,610.0,620.0,36100
2023-09-27,569.6187744140625,610.0,620.0,605.0,620.0,24500
2023-09-29,564.9497680664062,605.0,615.0,605.0,615.0,6900
2023-10-02,560.28076171875,600.0,610.0,600.0,605.0,32900
2023-10-03,569.6187744140625,610.0,615.0,600.0,600.0,235500
2023-10-04,569.6187744140625,610.0,610.0,600.0,610.0,17200
2023-10-05,574.2877807617188,615.0,615.0,605.0,610.0,10100
2023-10-06,569.6187744140625,610.0,615.0,605.0,615.0,12200
2023-10-09,578.956787109375,620.0,625.0,600.0,610.0,585500
2023-10-10,569.6187744140625,610.0,615.0,610.0,615.0,10100
2023-10-11,574.2877807617188,615.0,620.0,605.0,620.0,6200
2023-10-12,569.6187744140625,610.0,620.0,605.0,620.0,5200
2023-10-13,564.9497680664062,605.0,620.0,605.0,620.0,2300
2023-10-16,569.6187744140625,610.0,610.0,600.0,605.0,71700
2023-10-17,560.28076171875,600.0,610.0,600.0,610.0,9200
2023-10-18,560.28076171875,600.0,610.0,600.0,600.0,52100
2023-10-19,569.6187744140625,610.0,615.0,600.0,600.0,119000
2023-10-20,555.6116943359375,595.0,610.0,580.0,610.0,140100
2023-10-23,550.9426879882812,590.0,600.0,585.0,595.0,225700
2023-10-24,550.9426879882812,590.0,595.0,585.0,585.0,32200
2023-10-25,532.2666625976562,570.0,595.0,560.0,590.0,463600
2023-10-26,532.2666625976562,570.0,580.0,570.0,575.0,45800
2023-10-27,532.2666625976562,570.0,570.0,565.0,570.0,177900
2023-10-30,527.59765625,565.0,575.0,560.0,575.0,54500
2023-10-31,527.59765625,565.0,570.0,560.0,570.0,81800
2023-11-01,532.2666625976562,570.0,570.0,550.0,565.0,196400
2023-11-02,532.2666625976562,570.0,570.0,555.0,570.0,72800
2023-11-03,536.9356689453125,575.0,575.0,560.0,570.0,16300
2023-11-06,536.9356689453125,575.0,580.0,575.0,575.0,23500
2023-11-07,541.6046752929688,580.0,585.0,575.0,575.0,52100
2023-11-08,532.2666625976562,570.0,580.0,570.0,580.0,54400
2023-11-09,532.2666625976562,570.0,575.0,570.0,575.0,3900
2023-11-10,527.59765625,565.0,570.0,565.0,570.0,95900
2023-11-13,532.2666625976562,570.0,570.0,560.0,570.0,186400
2023-11-14,532.2666625976562,570.0,590.0,565.0,575.0,319100
2023-11-15,532.2666625976562,570.0,580.0,560.0,570.0,12900
2023-11-16,536.9356689453125,575.0,620.0,570.0,575.0,12700
2023-11-17,532.2666625976562,570.0,580.0,565.0,575.0,28900
2023-11-20,541.6046752929688,580.0,580.0,565.0,570.0,22000
2023-11-21,532.2666625976562,570.0,575.0,570.0,570.0,8700
2023-11-22,536.9356689453125,575.0,580.0,570.0,570.0,2700
2023-11-23,532.2666625976562,570.0,580.0,570.0,575.0,7200
2023-11-24,541.6046752929688,580.0,580.0,570.0,570.0,5600
2023-11-27,536.9356689453125,575.0,585.0,575.0,580.0,15100
2023-11-28,541.6046752929688,580.0,580.0,570.0,575.0,10600
2023-11-29,546.273681640625,585.0,585.0,575.0,575.0,8500
2023-11-30,541.6046752929688,580.0,580.0,570.0,570.0,15500
2023-12-01,541.6046752929688,580.0,580.0,565.0,570.0,17300
2023-12-04,532.2666625976562,570.0,580.0,570.0,575.0,9900
2023-12-05,546.273681640625,585.0,630.0,580.0,580.0,522100
2023-12-06,532.2666625976562,570.0,585.0,555.0,585.0,632200
2023-12-07,532.2666625976562,570.0,575.0,550.0,570.0,441700
2023-12-08,527.59765625,565.0,570.0,560.0,570.0,76100
2023-12-11,518.2596435546875,555.0,565.0,555.0,560.0,254500
2023-12-12,513.5906372070312,550.0,565.0,545.0,555.0,146000
2023-12-13,504.2525939941406,540.0,555.0,540.0,550.0,318700
2023-12-14,513.5906372070312,550.0,550.0,535.0,540.0,228900
2023-12-15,522.9286499023438,560.0,560.0,545.0,550.0,43400
2023-12-18,527.59765625,565.0,590.0,550.0,550.0,219800
2023-12-19,518.2596435546875,555.0,565.0,555.0,555.0,11500
2023-12-20,518.2596435546875,555.0,570.0,550.0,555.0,23600
2023-12-21,518.2596435546875,555.0,570.0,545.0,545.0,42800
2023-12-22,527.59765625,565.0,570.0,560.0,560.0,13900
2023-12-27,522.9286499023438,560.0,565.0,555.0,560.0,15500
2023-12-28,527.59765625,565.0,570.0,560.0,560.0,68200
2023-12-29,527.59765625,565.0,570.0,560.0,565.0,6100
2024-01-02,546.273681640625,585.0,590.0,570.0,575.0,211700
2024-01-03,550.9426879882812,590.0,620.0,580.0,585.0,430400
2024-01-04,560.28076171875,600.0,600.0,590.0,590.0,297800
2024-01-05,564.9497680664062,605.0,610.0,585.0,600.0,148400
2024-01-08,555.6116943359375,595.0,605.0,590.0,600.0,384400
2024-01-09,560.28076171875,600.0,605.0,590.0,595.0,350800
2024-01-10,569.1091918945312,590.0,600.0,575.0,595.0,219900
2024-01-11,559.4633178710938,580.0,595.0,575.0,590.0,42600
2024-01-12,554.6403198242188,575.0,590.0,560.0,580.0,43300
2024-01-15,559.4633178710938,580.0,585.0,575.0,580.0,28500
2024-01-16,564.2861938476562,585.0,585.0,575.0,580.0,50700
2024-01-17,559.4633178710938,580.0,595.0,575.0,585.0,586000
2024-01-18,559.4633178710938,580.0,585.0,565.0,565.0,325600
2024-01-19,554.6403198242188,575.0,590.0,575.0,580.0,10900
2024-01-22,549.8173217773438,570.0,590.0,570.0,580.0,56300
2024-01-23,554.6403198242188,575.0,580.0,570.0,575.0,32800
2024-01-24,554.6403198242188,575.0,580.0,565.0,575.0,29500
2024-01-25,549.8173217773438,570.0,580.0,565.0,570.0,548700
2024-01-26,549.8173217773438,570.0,575.0,560.0,570.0,94400
2024-01-29,554.6403198242188,575.0,590.0,565.0,570.0,253200
2024-01-30,554.6403198242188,575.0,580.0,565.0,565.0,550800
2024-01-31,554.6403198242188,575.0,585.0,570.0,575.0,74500
2024-02-01,554.6403198242188,575.0,590.0,570.0,570.0,85200
2024-02-02,559.4633178710938,580.0,585.0,570.0,575.0,90600
2024-02-05,564.2861938476562,585.0,585.0,575.0,580.0,32700
2024-02-06,559.4633178710938,580.0,590.0,575.0,575.0,189700
2024-02-07,564.2861938476562,585.0,630.0,580.0,580.0,156300
2024-02-12,564.2861938476562,585.0,585.0,570.0,575.0,240600
2024-02-13,554.6403198242188,575.0,585.0,565.0,585.0,131100
2024-02-15,559.4633178710938,580.0,585.0,570.0,575.0,80100
2024-02-16,564.2861938476562,585.0,585.0,575.0,580.0,34700
2024-02-19,559.4633178710938,580.0,585.0,570.0,585.0,39800
2024-02-20,554.6403198242188,575.0,580.0,575.0,580.0,135500
2024-02-21,549.8173217773438,570.0,585.0,570.0,575.0,108300
2024-02-22,559.4633178710938,580.0,580.0,570.0,570.0,137100
2024-02-23,559.4633178710938,580.0,580.0,570.0,575.0,238000
2024-02-26,554.6403198242188,575.0,580.0,570.0,580.0,90800
2024-02-27,554.6403198242188,575.0,575.0,570.0,570.0,5000
2024-02-28,549.8173217773438,570.0,575.0,565.0,570.0,99100
2024-02-29,549.8173217773438,570.0,570.0,565.0,565.0,61100
2024-03-01,544.9944458007812,565.0,570.0,560.0,570.0,42500
2024-03-04,540.1714477539062,560.0,570.0,555.0,565.0,147700
2024-03-05,544.9944458007812,565.0,565.0,555.0,560.0,40100
2024-03-06,540.1714477539062,560.0,565.0,560.0,565.0,24300
2024-03-07,544.9944458007812,565.0,570.0,560.0,560.0,106100
2024-03-08,540.1714477539062,560.0,565.0,545.0,560.0,397100
2024-03-13,535.3484497070312,555.0,560.0,555.0,555.0,190800
2024-03-14,544.9944458007812,565.0,565.0,555.0,555.0,53600
2024-03-15,544.9944458007812,565.0,565.0,560.0,560.0,64000
2024-03-18,554.6403198242188,575.0,575.0,560.0,565.0,1119600
2024-03-19,544.9944458007812,565.0,575.0,560.0,570.0,141800
2024-03-20,547.12646484375,560.0,565.0,550.0,565.0,64300
2024-03-21,552.011474609375,565.0,565.0,550.0,555.0,67700
2024-03-22,547.12646484375,560.0,570.0,560.0,565.0,34300
2024-03-25,524.5386352539062,536.8807373046875,546.4678955078125,536.8807373046875,546.4678955078125,59558
2024-03-26,524.5386352539062,536.8807373046875,541.67431640625,532.087158203125,541.67431640625,29205
2024-03-27,524.5386352539062,536.8807373046875,536.8807373046875,532.087158203125,536.8807373046875,52361
2024-03-28,515.171875,527.2935791015625,536.8807373046875,527.2935791015625,536.8807373046875,38697
2024-04-01,510.4884948730469,522.5,536.8807373046875,522.5,527.2935791015625,66547
2024-04-02,510.4884948730469,522.5,532.087158203125,517.7064208984375,522.5,66755
2024-04-03,532.4712524414062,545.0,560.0,540.0,540.0,71000
2024-04-04,542.2413940429688,555.0,560.0,545.0,545.0,24900
2024-04-05,547.12646484375,560.0,560.0,545.0,545.0,11800
2024-04-16,514.5874633789062,526.6953735351562,536.2716674804688,521.9072265625,536.2716674804688,78214
2024-04-17,514.5874633789062,526.6953735351562,531.4835205078125,526.6953735351562,526.6953735351562,9711
2024-04-18,514.5874633789062,526.6953735351562,536.2716674804688,526.6953735351562,531.4835205078125,24539
2024-04-19,500.55328369140625,512.3309936523438,526.6953735351562,512.3309936523438,526.6953735351562,161858
2024-04-22,495.87518310546875,507.5428161621094,521.9072265625,507.5428161621094,512.3309936523438,48975
2024-04-23,519.2655029296875,531.4835205078125,536.2716674804688,512.3309936523438,517.1190795898438,78736
2024-04-24,517.8161010742188,530.0,555.0,530.0,555.0,48200
2024-04-25,517.8161010742188,530.0,550.0,525.0,530.0,137200
2024-04-26,512.9310302734375,525.0,560.0,525.0,530.0,108300
2024-04-29,493.39080810546875,505.0,580.0,500.0,525.0,705200
2024-04-30,493.39080810546875,505.0,505.0,498.0,505.0,124300
2024-05-02,488.5057373046875,500.0,505.0,496.0,505.0,84700
2024-05-03,488.5057373046875,500.0,505.0,490.0,500.0,161600
2024-05-06,493.39080810546875,505.0,505.0,496.0,498.0,139300
2024-05-07,493.39080810546875,505.0,505.0,500.0,500.0,112100
2024-05-08,488.5057373046875,500.0,510.0,498.0,498.0,19700
2024-05-13,488.5057373046875,500.0,500.0,490.0,498.0,18700
2024-05-14,493.39080810546875,505.0,505.0,494.0,505.0,19800
2024-05-15,493.39080810546875,505.0,505.0,505.0,505.0,1600
2024-05-16,493.39080810546875,505.0,505.0,500.0,505.0,38200
2024-05-17,488.5057373046875,500.0,505.0,500.0,500.0,227700
2024-05-20,493.39080810546875,505.0,505.0,500.0,505.0,12600
2024-05-21,484.59771728515625,496.0,505.0,496.0,505.0,7300
2024-05-22,493.39080810546875,505.0,505.0,498.0,500.0,25300
2024-05-27,488.5057373046875,500.0,520.0,492.0,500.0,185600
2024-05-28,488.5057373046875,500.0,510.0,494.0,498.0,2064100
2024-05-29,493.39080810546875,505.0,510.0,496.0,498.0,2331700
2024-05-30,488.5057373046875,500.0,505.0,492.0,505.0,2570200
2024-05-31,488.5057373046875,500.0,505.0,496.0,505.0,2267200
2024-06-03,484.59771728515625,496.0,500.0,492.0,500.0,2119300
2024-06-04,484.59771728515625,496.0,500.0,492.0,496.0,2031800
2024-06-05,480.6896667480469,492.0,496.0,492.0,496.0,2241100
2024-06-06,480.6896667480469,492.0,492.0,490.0,492.0,2066300
2024-06-07,484.59771728515625,496.0,496.0,490.0,492.0,2114900
2024-06-10,480.6896667480469,492.0,498.0,490.0,498.0,2097200
2024-06-11,480.6896667480469,492.0,494.0,490.0,494.0,2288700
2024-06-12,478.7356262207031,490.0,492.0,480.0,492.0,2167200
2024-06-13,480.6896667480469,492.0,498.0,480.0,488.0,2131400
2024-06-14,468.96551513671875,480.0,492.0,480.0,488.0,2149900
2024-06-19,459.1954040527344,470.0,484.0,460.0,484.0,2367600
2024-06-20,449.42529296875,460.0,490.0,450.0,472.0,2373900
2024-06-21,447.4712829589844,458.0,464.0,454.0,460.0,2384600
2024-06-24,455.287353515625,466.0,466.0,458.0,458.0,2272300
2024-06-25,453.3333435058594,464.0,468.0,458.0,468.0,480400
2024-06-26,447.4712829589844,458.0,460.0,452.0,460.0,525000
2024-06-27,449.42529296875,460.0,460.0,458.0,460.0,496800
2024-06-28,453.3333435058594,464.0,464.0,450.0,460.0,646900
2024-07-01,459.1954040527344,470.0,470.0,460.0,464.0,634800
2024-07-02,453.3333435058594,464.0,468.0,462.0,466.0,504000
2024-07-03,455.287353515625,466.0,480.0,464.0,464.0,587100
2024-07-04,459.1954040527344,470.0,472.0,466.0,466.0,512300
2024-07-05,461.1494140625,472.0,488.0,470.0,470.0,431500
2024-07-08,468.96551513671875,480.0,490.0,470.0,472.0,458000
2024-07-09,465.0574645996094,476.0,486.0,472.0,476.0,448300
2024-07-10,463.10345458984375,474.0,476.0,474.0,476.0,480400
2024-07-11,470.9195556640625,482.0,482.0,474.0,474.0,516400
2024-07-12,467.0115051269531,478.0,488.0,478.0,482.0,434700
2024-07-15,468.96551513671875,480.0,488.0,476.0,488.0,519100
2024-07-16,461.1494140625,472.0,480.0,472.0,480.0,520700
2024-07-17,465.0574645996094,476.0,488.0,472.0,474.0,501500
2024-07-18,465.0574645996094,476.0,480.0,470.0,480.0,533100
2024-07-19,459.1954040527344,470.0,478.0,466.0,476.0,460000
2024-07-22,455.287353515625,466.0,474.0,464.0,470.0,523600
2024-07-23,453.3333435058594,464.0,468.0,464.0,466.0,620200
2024-07-24,457.24139404296875,468.0,474.0,464.0,464.0,466100
2024-07-25,455.287353515625,466.0,468.0,466.0,466.0,498000
2024-07-26,459.1954040527344,470.0,470.0,464.0,466.0,485000
2024-07-29,459.1954040527344,470.0,476.0,468.0,468.0,430300
2024-07-30,457.24139404296875,468.0,480.0,464.0,470.0,483300
2024-07-31,453.3333435058594,464.0,472.0,460.0,470.0,473500
2024-08-01,457.24139404296875,468.0,478.0,464.0,466.0,453100
2024-08-02,455.287353515625,466.0,470.0,464.0,466.0,439800
2024-08-05,445.5172424316406,456.0,464.0,452.0,464.0,441500
2024-08-06,447.4712829589844,458.0,460.0,454.0,454.0,446200
2024-08-07,449.42529296875,460.0,472.0,450.0,458.0,388000
2024-08-08,445.5172424316406,456.0,466.0,452.0,460.0,456300
2024-08-09,443.563232421875,454.0,460.0,452.0,456.0,465300
2024-08-12,445.5172424316406,456.0,458.0,454.0,458.0,471500
2024-08-13,447.4712829589844,458.0,464.0,452.0,456.0,454200
2024-08-14,445.5172424316406,456.0,458.0,454.0,458.0,463700
2024-08-15,443.563232421875,454.0,458.0,452.0,456.0,469500
2024-08-16,449.42529296875,460.0,464.0,456.0,456.0,210600
2024-08-19,443.563232421875,454.0,462.0,450.0,460.0,484700
2024-08-20,451.3793029785156,462.0,464.0,454.0,454.0,507400
2024-08-21,453.3333435058594,464.0,470.0,462.0,462.0,504300
2024-08-22,449.42529296875,460.0,470.0,460.0,462.0,454300
2024-08-23,453.3333435058594,464.0,468.0,460.0,462.0,484500
2024-08-26,455.287353515625,466.0,474.0,464.0,464.0,451700
2024-08-27,455.287353515625,466.0,474.0,460.0,466.0,574500
2024-08-28,457.24139404296875,468.0,478.0,466.0,468.0,442100
2024-08-29,463.10345458984375,474.0,476.0,470.0,470.0,443800
2024-08-30,461.1494140625,472.0,478.0,466.0,474.0,435000
2024-09-02,459.1954040527344,470.0,476.0,466.0,474.0,444900
2024-09-03,451.3793029785156,462.0,468.0,462.0,468.0,455200
2024-09-04,455.287353515625,466.0,468.0,462.0,462.0,431400
2024-09-05,451.3793029785156,462.0,466.0,462.0,466.0,436800
2024-09-06,451.3793029785156,462.0,466.0,460.0,462.0,444000
2024-09-09,451.3793029785156,462.0,464.0,460.0,462.0,472700
2024-09-10,449.42529296875,460.0,468.0,460.0,462.0,465200
2024-09-11,449.42529296875,460.0,464.0,456.0,462.0,482400
2024-09-12,449.42529296875,460.0,464.0,458.0,460.0,469200
2024-09-13,453.3333435058594,464.0,466.0,462.0,462.0,448200
2024-09-17,451.3793029785156,462.0,464.0,462.0,464.0,463600
2024-09-18,451.3793029785156,462.0,470.0,460.0,462.0,461000
2024-09-19,451.3793029785156,462.0,464.0,462.0,462.0,46100
2024-09-20,451.3793029785156,462.0,464.0,460.0,462.0,55000
2024-09-23,451.3793029785156,462.0,464.0,460.0,462.0,47200
2024-09-24,453.3333435058594,464.0,470.0,460.0,462.0,97700
2024-09-25,461.1494140625,472.0,472.0,462.0,464.0,46100
2024-09-26,455.287353515625,466.0,470.0,462.0,470.0,81900
2024-09-27,455.287353515625,466.0,466.0,464.0,464.0,4300
2024-09-30,455.287353515625,466.0,466.0,462.0,464.0,4300
2024-10-01,453.3333435058594,464.0,468.0,462.0,466.0,6000
2024-10-02,451.3793029785156,462.0,466.0,462.0,464.0,40600
2024-10-03,451.3793029785156,462.0,464.0,462.0,462.0,15500
2024-10-04,449.42529296875,460.0,462.0,460.0,462.0,34600
2024-10-07,451.3793029785156,462.0,464.0,460.0,460.0,19000
2024-10-08,449.42529296875,460.0,462.0,460.0,462.0,31900
2024-10-09,449.42529296875,460.0,462.0,460.0,462.0,29100
2024-10-10,453.3333435058594,464.0,466.0,460.0,462.0,89000
2024-10-11,451.3793029785156,462.0,464.0,460.0,464.0,14000
2024-10-14,449.42529296875,460.0,464.0,460.0,462.0,13500
2024-10-15,451.3793029785156,462.0,462.0,460.0,460.0,37400
2024-10-16,449.42529296875,460.0,462.0,460.0,460.0,176800
2024-10-17,451.3793029785156,462.0,464.0,460.0,460.0,50800
2024-10-18,453.3333435058594,464.0,466.0,462.0,462.0,31100
2024-10-21,451.3793029785156,462.0,464.0,460.0,462.0,41500
2024-10-22,449.42529296875,460.0,462.0,460.0,462.0,25400
2024-10-23,451.3793029785156,462.0,464.0,460.0,460.0,50700
2024-10-24,449.42529296875,460.0,464.0,458.0,462.0,87800
2024-10-25,457.24139404296875,468.0,470.0,458.0,458.0,68900
2024-10-28,453.3333435058594,464.0,468.0,462.0,468.0,7900
2024-10-29,459.1954040527344,470.0,472.0,460.0,464.0,227300
2024-10-30,455.287353515625,466.0,470.0,460.0,470.0,5700
2024-10-31,453.3333435058594,464.0,468.0,464.0,466.0,37200
2024-11-01,457.24139404296875,468.0,468.0,464.0,464.0,6600
2024-11-04,457.24139404296875,468.0,468.0,464.0,468.0,50500
2024-11-05,451.3793029785156,462.0,468.0,460.0,466.0,62600
2024-11-06,451.3793029785156,462.0,466.0,460.0,462.0,78000
2024-11-07,451.3793029785156,462.0,462.0,458.0,462.0,13500
2024-11-08,449.42529296875,460.0,462.0,458.0,460.0,88400
2024-11-11,447.4712829589844,458.0,460.0,456.0,460.0,54700
2024-11-12,443.563232421875,454.0,458.0,454.0,458.0,54500
2024-11-13,443.563232421875,454.0,458.0,454.0,454.0,17500
2024-11-14,443.563232421875,454.0,456.0,454.0,454.0,32100
2024-11-15,443.563232421875,454.0,456.0,454.0,454.0,52800
2024-11-18,439.6551818847656,450.0,454.0,450.0,454.0,169200
2024-11-19,433.7931213378906,444.0,448.0,444.0,448.0,55000
2024-11-20,429.88507080078125,440.0,446.0,438.0,446.0,251000
2024-11-21,416.2069091796875,426.0,440.0,422.0,440.0,185300
2024-11-22,414.25286865234375,424.0,428.0,424.0,428.0,52400
2024-11-25,414.25286865234375,424.0,430.0,422.0,430.0,129800
2024-11-26,420.1149597167969,430.0,430.0,422.0,426.0,27800
2024-11-28,425.9770202636719,436.0,450.0,428.0,428.0,46400
2024-11-29,429.88507080078125,440.0,450.0,438.0,442.0,215600
2024-12-02,427.9310302734375,438.0,440.0,430.0,440.0,18100
2024-12-03,427.9310302734375,438.0,440.0,430.0,438.0,22600
2024-12-04,425.9770202636719,436.0,438.0,434.0,436.0,32100
2024-12-05,425.9770202636719,436.0,438.0,436.0,436.0,19900
2024-12-06,422.0689697265625,432.0,436.0,430.0,436.0,41000
2024-12-09,422.0689697265625,432.0,434.0,432.0,432.0,38000
2024-12-10,422.0689697265625,432.0,434.0,430.0,432.0,43900
2024-12-11,422.0689697265625,432.0,434.0,432.0,432.0,33500
2024-12-12,422.0689697265625,432.0,434.0,430.0,430.0,18600
2024-12-13,422.0689697265625,432.0,434.0,432.0,432.0,19600
2024-12-16,418.1609191894531,428.0,432.0,420.0,428.0,333900
2024-12-17,410.3448181152344,420.0,428.0,420.0,428.0,50000
2024-12-18,414.25286865234375,424.0,426.0,418.0,420.0,53100
2024-12-19,400.57470703125,410.0,422.0,410.0,422.0,57100
2024-12-20,400.57470703125,410.0,418.0,410.0,416.0,46600
2024-12-23,404.4827575683594,414.0,420.0,410.0,416.0,12400
2024-12-24,404.4827575683594,414.0,416.0,410.0,416.0,17900
2024-12-27,404.4827575683594,414.0,416.0,412.0,412.0,17000
2024-12-30,406.4367980957031,416.0,416.0,414.0,414.0,2500
2025-01-02,406.4367980957031,416.0,418.0,414.0,416.0,11400
2025-01-03,406.4367980957031,416.0,420.0,416.0,416.0,8000
2025-01-06,402.52874755859375,412.0,416.0,412.0,414.0,22900
2025-01-07,400.57470703125,410.0,414.0,410.0,412.0,52300
2025-01-08,400.57470703125,410.0,412.0,410.0,412.0,22100
2025-01-09,400.57470703125,410.0,414.0,410.0,412.0,41800
2025-01-10,400.57470703125,410.0,412.0,410.0,412.0,81100
2025-01-13,390.8045959472656,400.0,410.0,400.0,408.0,80200
2025-01-14,369.3103332519531,378.0,404.0,374.0,400.0,189200
2025-01-15,379.0804748535156,388.0,400.0,368.0,378.0,141100
2025-01-16,375.17242431640625,384.0,388.0,382.0,388.0,71800
2025-01-17,375.17242431640625,384.0,386.0,380.0,384.0,25700
2025-01-20,379.0804748535156,388.0,400.0,384.0,384.0,66900
2025-01-21,381.03448486328125,390.0,398.0,388.0,390.0,38300
2025-01-22,381.03448486328125,390.0,398.0,390.0,390.0,32600
2025-01-23,379.0804748535156,388.0,400.0,380.0,392.0,87300
2025-01-24,375.17242431640625,384.0,388.0,382.0,388.0,88600
2025-01-30,377.1264343261719,386.0,390.0,386.0,388.0,6000
2025-01-31,379.0804748535156,388.0,390.0,386.0,388.0,13300
2025-02-03,371.2643737792969,380.0,392.0,380.0,388.0,34800
2025-02-04,371.2643737792969,380.0,386.0,362.0,382.0,228500
2025-02-05,371.2643737792969,380.0,380.0,374.0,380.0,120200
2025-02-06,373.2183837890625,382.0,382.0,376.0,378.0,24500
2025-02-07,377.1264343261719,386.0,398.0,380.0,380.0,135800
2025-02-10,371.2643737792969,380.0,386.0,380.0,382.0,13300
2025-02-11,369.3103332519531,378.0,382.0,374.0,374.0,5200
2025-02-12,371.2643737792969,380.0,382.0,372.0,380.0,70800
2025-02-13,377.1264343261719,386.0,388.0,378.0,378.0,155700
2025-02-14,373.2183837890625,382.0,386.0,382.0,386.0,18600
2025-02-17,373.2183837890625,382.0,384.0,378.0,382.0,57700
2025-02-18,373.2183837890625,382.0,388.0,382.0,382.0,62200
2025-02-19,367.3563232421875,376.0,386.0,376.0,384.0,50600
2025-02-20,371.2643737792969,380.0,388.0,378.0,380.0,41600
2025-02-21,369.3103332519531,378.0,380.0,376.0,380.0,24700
2025-02-24,361.4942626953125,370.0,378.0,370.0,376.0,84300
2025-02-25,355.6321716308594,364.0,372.0,364.0,370.0,56100
2025-02-26,369.3103332519531,378.0,386.0,352.0,364.0,219000
2025-02-27,367.3563232421875,376.0,378.0,354.0,378.0,666000
2025-02-28,357.5862121582031,366.0,374.0,354.0,374.0,41400
2025-03-03,361.4942626953125,370.0,370.0,360.0,366.0,19800
2025-03-04,359.54022216796875,368.0,370.0,366.0,370.0,17400
2025-03-05,357.5862121582031,366.0,368.0,360.0,368.0,38700
2025-03-06,357.5862121582031,366.0,368.0,366.0,366.0,31600
2025-03-07,365.4023132324219,374.0,424.0,366.0,366.0,308600
2025-03-10,361.4942626953125,370.0,380.0,370.0,380.0,15400
2025-03-11,359.54022216796875,368.0,372.0,360.0,372.0,20500
2025-03-12,359.54022216796875,368.0,386.0,368.0,370.0,72800
2025-03-13,357.5862121582031,366.0,372.0,366.0,372.0,77300
2025-03-14,357.5862121582031,366.0,370.0,364.0,370.0,21600
2025-03-17,353.67816162109375,362.0,366.0,360.0,366.0,35900
2025-03-18,347.81610107421875,356.0,362.0,356.0,362.0,59000
2025-03-19,347.81610107421875,356.0,358.0,352.0,356.0,95800
2025-03-20,345.862060546875,354.0,358.0,352.0,356.0,27500
2025-03-21,340.0,348.0,354.0,346.0,352.0,91200
2025-03-24,336.0919494628906,344.0,348.0,338.0,348.0,59200
2025-03-25,336.0919494628906,344.0,352.0,344.0,350.0,184500
2025-03-26,343.9080505371094,352.0,358.0,348.0,348.0,20800
2025-03-27,349.7701110839844,358.0,364.0,352.0,360.0,12600
2025-04-08,336.0919494628906,344.0,350.0,340.0,342.0,148700
2025-04-09,334.137939453125,342.0,346.0,340.0,346.0,34600
2025-04-10,340.0,348.0,350.0,344.0,344.0,139300
2025-04-11,338.0459899902344,346.0,350.0,340.0,348.0,64400
2025-04-14,340.0,348.0,350.0,346.0,348.0,126500
2025-04-15,350.0,350.0,358.0,344.0,348.0,128300
2025-04-16,346.0,346.0,352.0,340.0,352.0,64800
2025-04-17,342.0,342.0,346.0,338.0,346.0,183900
2025-04-21,334.0,334.0,342.0,332.0,342.0,135700
2025-04-22,340.0,340.0,346.0,334.0,334.0,88100
2025-04-23,344.0,344.0,346.0,338.0,342.0,121600
2025-04-24,356.0,356.0,384.0,338.0,344.0,790100
2025-04-25,360.0,360.0,382.0,354.0,356.0,860300
2025-04-28,358.0,358.0,366.0,356.0,360.0,53700
2025-04-29,360.0,360.0,368.0,358.0,360.0,50600
2025-04-30,360.0,360.0,372.0,360.0,360.0,877500
2025-05-02,360.0,360.0,370.0,358.0,360.0,59600
2025-05-05,362.0,362.0,374.0,352.0,360.0,1743100
2025-05-06,358.0,358.0,364.0,356.0,362.0,132600
2025-05-07,358.0,358.0,364.0,358.0,364.0,62000
2025-05-08,360.0,360.0,376.0,358.0,360.0,1057600
2025-05-09,358.0,358.0,362.0,358.0,360.0,139300
2025-05-14,358.0,358.0,360.0,356.0,358.0,41900
2025-05-15,362.0,362.0,370.0,358.0,358.0,211300
2025-05-16,358.0,358.0,362.0,356.0,360.0,68400
2025-05-19,358.0,358.0,364.0,358.0,364.0,74100
2025-05-20,360.0,360.0,362.0,358.0,360.0,39100
2025-05-21,354.0,354.0,360.0,350.0,358.0,107300
2025-05-22,340.0,340.0,354.0,338.0,354.0,2696600
2025-05-23,342.0,342.0,344.0,342.0,342.0,105900
2025-05-26,338.0,338.0,344.0,338.0,344.0,464300
2025-05-27,342.0,342.0,350.0,338.0,346.0,42500
2025-05-28,342.0,342.0,344.0,338.0,342.0,108200
2025-06-02,342.0,342.0,350.0,340.0,342.0,21900
2025-06-03,340.0,340.0,342.0,338.0,340.0,247300
2025-06-04,338.0,338.0,340.0,336.0,340.0,57800
2025-06-05,340.0,340.0,340.0,336.0,338.0,315600
2025-06-10,334.0,334.0,340.0,324.0,334.0,526400
2025-06-11,334.0,334.0,334.0,328.0,332.0,84100
2025-06-12,332.0,332.0,334.0,330.0,334.0,224600
2025-06-13,332.0,332.0,332.0,330.0,332.0,68000
2025-06-16,330.0,330.0,332.0,330.0,332.0,60700
2025-06-17,332.0,332.0,334.0,330.0,330.0,97600
2025-06-18,330.0,330.0,334.0,326.0,332.0,261100
2025-06-19,330.0,330.0,348.0,324.0,330.0,352100
2025-06-20,324.0,324.0,330.0,320.0,330.0,134000
2025-06-23,318.0,318.0,322.0,316.0,320.0,374000
2025-06-24,318.0,318.0,322.0,316.0,316.0,64600
2025-06-25,320.0,320.0,324.0,318.0,324.0,22500
2025-06-26,320.0,320.0,326.0,318.0,320.0,56300
2025-06-30,322.0,322.0,326.0,320.0,326.0,75100
2025-07-01,324.0,324.0,352.0,322.0,322.0,432100
2025-07-02,318.0,318.0,324.0,316.0,324.0,291000
2025-07-03,312.0,312.0,320.0,310.0,318.0,261500
2025-07-04,304.0,304.0,314.0,304.0,312.0,161400
2025-07-07,302.0,302.0,312.0,300.0,312.0,231900
2025-07-08,300.0,300.0,304.0,300.0,302.0,624000
2025-07-09,298.0,298.0,300.0,296.0,300.0,379400
2025-07-10,298.0,298.0,302.0,296.0,298.0,240400
2025-07-11,302.0,302.0,304.0,296.0,298.0,226600
2025-07-14,298.0,298.0,304.0,296.0,302.0,196200
2025-07-15,300.0,300.0,302.0,298.0,300.0,226000
2025-07-16,296.0,296.0,300.0,296.0,300.0,94700
2025-07-17,298.0,298.0,300.0,292.0,296.0,390600
2025-07-18,300.0,300.0,304.0,298.0,298.0,348100
2025-07-21,300.0,300.0,300.0,292.0,300.0,187300
2025-07-22,296.0,296.0,300.0,294.0,300.0,336700
2025-07-23,298.0,298.0,298.0,294.0,296.0,104700
2025-07-24,302.0,302.0,304.0,298.0,298.0,642700
2025-07-25,298.0,298.0,302.0,296.0,302.0,347200
2025-07-28,298.0,298.0,300.0,296.0,298.0,695000
2025-07-29,298.0,298.0,304.0,296.0,300.0,218500
2025-07-30,304.0,304.0,316.0,298.0,298.0,408900
2025-07-31,296.0,296.0,304.0,296.0,304.0,428500
2025-08-01,300.0,300.0,300.0,296.0,296.0,67400
2025-08-04,296.0,296.0,300.0,294.0,300.0,280000
2025-08-05,294.0,294.0,298.0,294.0,294.0,359600
2025-08-06,294.0,294.0,296.0,292.0,294.0,176400
2025-08-07,292.0,292.0,294.0,290.0,292.0,257300
2025-08-08,290.0,290.0,294.0,290.0,292.0,413700
2025-08-11,290.0,290.0,294.0,290.0,290.0,334600
2025-08-12,294.0,294.0,294.0,288.0,290.0,652700
2025-08-13,292.0,292.0,294.0,288.0,294.0,282800
2025-08-14,288.0,288.0,292.0,288.0,292.0,421500
2025-08-15,288.0,288.0,290.0,288.0,290.0,399100
2025-08-19,288.0,288.0,290.0,286.0,290.0,520000
2025-08-20,292.0,292.0,292.0,288.0,290.0,500700
2025-08-21,294.0,294.0,294.0,290.0,292.0,725800
2025-08-22,302.0,302.0,302.0,290.0,294.0,829000
2025-08-25,306.0,306.0,310.0,300.0,302.0,672000
2025-08-26,312.0,312.0,316.0,308.0,308.0,776300
2025-08-27,308.0,308.0,316.0,306.0,312.0,144100
2025-08-28,308.0,308.0,310.0,306.0,308.0,159100
2025-08-29,304.0,304.0,306.0,296.0,306.0,269500
2025-09-01,298.0,298.0,300.0,290.0,300.0,230800
2025-09-02,300.0,300.0,302.0,298.0,300.0,80800
2025-09-03,302.0,302.0,302.0,300.0,300.0,230800
2025-09-04,300.0,300.0,304.0,300.0,304.0,55300
2025-09-08,292.0,292.0,300.0,290.0,300.0,355700
2025-09-09,300.0,300.0,306.0,290.0,292.0,1333600
2025-09-10,296.0,296.0,302.0,294.0,302.0,151700
2025-09-11,300.0,300.0,302.0,294.0,296.0,263900
2025-09-12,296.0,296.0,302.0,294.0,300.0,221100
2025-09-15,294.0,294.0,298.0,292.0,296.0,585600
2025-09-16,294.0,294.0,294.0,292.0,294.0,357300
2025-09-17,288.0,288.0,296.0,288.0,294.0,352400
2025-09-18,288.0,288.0,292.0,284.0,290.0,1315500
2025-09-19,288.0,288.0,290.0,286.0,288.0,252800
2025-09-22,284.0,284.0,290.0,282.0,288.0,539900
2025-09-23,282.0,282.0,286.0,282.0,286.0,589000
2025-09-24,282.0,282.0,286.0,282.0,282.0,1200700
2025-09-25,282.0,282.0,284.0,280.0,282.0,1314500
2025-09-26,282.0,282.0,284.0,280.0,282.0,582800
2025-09-29,286.0,286.0,294.0,282.0,282.0,442500
2025-09-30,284.0,284.0,298.0,284.0,288.0,125400
2025-10-01,290.0,290.0,294.0,284.0,288.0,288500
2025-10-02,290.0,290.0,292.0,286.0,288.0,33400
2025-10-03,288.0,288.0,290.0,286.0,288.0,37000
2025-10-06,306.0,306.0,332.0,284.0,288.0,1376300
2025-10-07,294.0,294.0,310.0,294.0,308.0,528200
2025-10-08,292.0,292.0,296.0,288.0,294.0,153900
2025-10-09,292.0,292.0,306.0,290.0,292.0,645300
2025-10-10,290.0,290.0,294.0,286.0,292.0,131900
2025-10-13,284.0,284.0,290.0,284.0,290.0,766300
2025-10-14,282.0,282.0,286.0,282.0,284.0,233800
2025-10-15,280.0,280.0,284.0,280.0,282.0,379600
2025-10-16,284.0,284.0,306.0,280.0,282.0,866100
2025-10-17,282.0,282.0,290.0,280.0,286.0,564600
2025-10-20,280.0,280.0,282.0,280.0,282.0,800400
2025-10-21,280.0,280.0,282.0,280.0,280.0,423300
2025-10-22,282.0,282.0,290.0,280.0,280.0,650900
2025-10-23,280.0,280.0,284.0,280.0,282.0,798300
2025-10-24,282.0,282.0,286.0,280.0,282.0,642200
2025-10-27,282.0,282.0,282.0,278.0,282.0,864600
2025-10-28,282.0,282.0,282.0,280.0,282.0,553700
2025-10-29,288.0,288.0,290.0,282.0,284.0,739200
2025-10-30,288.0,288.0,288.0,286.0,288.0,212700
2025-10-31,284.0,284.0,290.0,280.0,288.0,541500
2025-11-03,284.0,284.0,290.0,282.0,288.0,321400
2025-11-04,282.0,282.0,286.0,282.0,284.0,134600
2025-11-05,292.0,292.0,300.0,282.0,282.0,400400
2025-11-06,290.0,290.0,292.0,286.0,292.0,180400
2025-11-07,288.0,288.0,298.0,286.0,290.0,118600
2025-11-10,296.0,296.0,308.0,292.0,294.0,550200
2025-11-11,294.0,294.0,296.0,290.0,296.0,287900
2025-11-12,288.0,288.0,294.0,286.0,292.0,280200
2025-11-13,284.0,284.0,290.0,284.0,288.0,627700
2025-11-14,282.0,282.0,288.0,282.0,284.0,504400
2025-11-17,282.0,282.0,286.0,282.0,282.0,440800
2025-11-18,282.0,282.0,288.0,282.0,282.0,533300
2025-11-19,284.0,284.0,284.0,282.0,284.0,430300
2025-11-20,282.0,282.0,284.0,280.0,284.0,736200
2025-11-21,280.0,280.0,284.0,278.0,282.0,972200
2025-11-24,282.0,282.0,292.0,270.0,282.0,1183500
2025-11-25,284.0,284.0,294.0,280.0,282.0,890200
2025-11-26,292.0,292.0,296.0,284.0,288.0,550200
2025-11-27,288.0,288.0,294.0,282.0,292.0,188900
2025-11-28,288.0,288.0,290.0,286.0,288.0,41300
2025-12-01,282.0,282.0,290.0,280.0,290.0,316300
2025-12-02,282.0,282.0,284.0,280.0,282.0,449400
2025-12-03,280.0,280.0,284.0,280.0,284.0,513300
2025-12-04,290.0,290.0,290.0,280.0,280.0,680000
2025-12-05,284.0,284.0,290.0,282.0,290.0,403600
2025-12-08,282.0,282.0,288.0,282.0,286.0,689800
2025-12-09,286.0,286.0,286.0,282.0,284.0,414600
2025-12-10,282.0,282.0,286.0,282.0,286.0,257000
2025-12-11,282.0,282.0,284.0,280.0,282.0,801000
2025-12-12,282.0,282.0,284.0,280.0,282.0,238800
2025-12-15,280.0,280.0,282.0,280.0,280.0,685100
2025-12-16,280.0,280.0,284.0,280.0,280.0,648100
2025-12-17,284.0,284.0,284.0,280.0,280.0,454900
2025-12-18,284.0,284.0,284.0,278.0,282.0,623700
2025-12-19,282.0,282.0,286.0,280.0,282.0,561900
2025-12-22,280.0,280.0,282.0,278.0,282.0,520400
2025-12-23,280.0,280.0,282.0,276.0,282.0,438000
2025-12-24,282.0,282.0,284.0,276.0,280.0,633300
2025-12-29,284.0,284.0,284.0,280.0,282.0,83600
2025-12-30,278.0,278.0,286.0,276.0,282.0,637700
