Date,Adj Close,Close,High,Low,Open,Volume
2020-01-02,4256.74658203125,4257.36669921875,4307.21875,4257.36669921875,4287.2783203125,34903
2020-01-03,4147.08837890625,4147.6923828125,4267.33740234375,4147.6923828125,4257.36669921875,26678
2020-01-06,4157.05712890625,4157.66259765625,4197.54443359375,4077.8994140625,4147.6923828125,39316
2020-01-07,4196.93310546875,4197.54443359375,4197.54443359375,4097.84033203125,4097.84033203125,37811
2020-01-08,4216.87109375,4217.4853515625,4237.42626953125,4177.603515625,4217.4853515625,50148
2020-01-09,4186.9638671875,4187.57373046875,4247.396484375,4187.57373046875,4227.45556640625,34702
2020-01-10,4286.65380859375,4287.2783203125,4287.2783203125,4187.57373046875,4187.57373046875,41322
2020-01-13,4336.4990234375,4337.13037109375,4386.982421875,4297.24853515625,4347.1005859375,37410
2020-01-14,4356.4365234375,4357.07080078125,4357.07080078125,4317.189453125,4337.13037109375,19256
2020-01-15,4386.34375,4386.982421875,4446.8046875,4357.07080078125,4357.07080078125,22967
2020-01-16,4356.4365234375,4357.07080078125,4436.83447265625,4357.07080078125,4396.95263671875,33298
2020-01-17,4416.25048828125,4416.8935546875,4486.6865234375,4357.07080078125,4377.01171875,31593
2020-01-20,4505.97119140625,4506.62744140625,4556.4794921875,4436.83447265625,4436.83447265625,51351
2020-01-21,4635.5673828125,4636.24267578125,4676.1240234375,4496.65673828125,4506.62744140625,31794
2020-01-22,4864.853515625,4865.56201171875,4885.5029296875,4636.24267578125,4636.24267578125,35705
2020-01-23,4834.94677734375,4835.65087890625,4965.26611328125,4785.798828125,4865.56201171875,30490
2020-01-24,4765.1640625,4765.85791015625,4855.591796875,4765.85791015625,4845.62109375,25074
2020-01-27,4735.25732421875,4735.94677734375,4805.73974609375,4725.9765625,4765.85791015625,29487
2020-01-28,4785.10205078125,4785.798828125,4835.65087890625,4765.85791015625,4775.82861328125,16548
2020-01-29,4874.82275390625,4875.53271484375,4885.5029296875,4785.798828125,4785.798828125,19156
2020-01-30,4815.0087890625,4815.7099609375,4975.23681640625,4765.85791015625,4975.23681640625,13941
2020-01-31,4805.0400390625,4805.73974609375,4845.62109375,4805.73974609375,4815.7099609375,15947
2020-02-03,4685.41259765625,4686.0947265625,4805.73974609375,4686.0947265625,4805.73974609375,13840
2020-02-04,4685.41259765625,4686.0947265625,4815.7099609375,4686.0947265625,4735.94677734375,23770
2020-02-05,4685.41259765625,4686.0947265625,4805.73974609375,4686.0947265625,4795.76904296875,16448
2020-02-06,4705.3505859375,4706.03564453125,4795.76904296875,4686.0947265625,4696.06494140625,16849
2020-02-07,4775.13330078125,4775.82861328125,4815.7099609375,4735.94677734375,4785.798828125,17451
2020-02-10,4735.25732421875,4735.94677734375,4775.82861328125,4735.94677734375,4775.82861328125,29788
2020-02-11,4785.10205078125,4785.798828125,4815.7099609375,4735.94677734375,4735.94677734375,18956
2020-02-12,4775.13330078125,4775.82861328125,4785.798828125,4775.82861328125,4785.798828125,2808
2020-02-13,4755.1953125,4755.8876953125,4835.65087890625,4755.8876953125,4785.798828125,25976
2020-02-14,4725.28857421875,4725.9765625,4755.8876953125,4725.9765625,4755.8876953125,10129
2020-02-17,4715.3193359375,4716.005859375,4795.76904296875,4716.005859375,4785.798828125,10932
2020-02-18,4715.3193359375,4716.005859375,4755.8876953125,4686.0947265625,4735.94677734375,11433
2020-02-19,4755.1953125,4755.8876953125,4815.7099609375,4696.06494140625,4735.94677734375,13840
2020-02-20,4735.25732421875,4735.94677734375,4785.798828125,4735.94677734375,4765.85791015625,22366
2020-02-21,4705.3505859375,4706.03564453125,4785.798828125,4686.0947265625,4735.94677734375,24472
2020-02-24,4775.13330078125,4775.82861328125,4795.76904296875,4666.15380859375,4706.03564453125,28985
2020-02-25,4775.13330078125,4775.82861328125,4805.73974609375,4755.8876953125,4785.798828125,27681
2020-02-26,4755.1953125,4755.8876953125,4775.82861328125,4706.03564453125,4775.82861328125,24572
2020-02-27,4705.3505859375,4706.03564453125,4785.798828125,4706.03564453125,4765.85791015625,53759
2020-02-28,4665.47412109375,4666.15380859375,4706.03564453125,4526.56787109375,4706.03564453125,69806
2020-03-02,4655.50537109375,4656.18359375,4785.798828125,4656.18359375,4676.1240234375,22165
2020-03-03,4675.44287109375,4676.1240234375,4686.0947265625,4636.24267578125,4686.0947265625,18153
2020-03-04,4715.3193359375,4716.005859375,4785.798828125,4686.0947265625,4686.0947265625,50850
2020-03-05,4755.1953125,4755.8876953125,4755.8876953125,4716.005859375,4725.9765625,64992
2020-03-06,4735.25732421875,4735.94677734375,4775.82861328125,4696.06494140625,4755.8876953125,95683
2020-03-09,4635.5673828125,4636.24267578125,4735.94677734375,4586.390625,4735.94677734375,221455
2020-03-10,4645.5361328125,4646.212890625,4725.9765625,4616.3017578125,4686.0947265625,231183
2020-03-11,4635.5673828125,4636.24267578125,4666.15380859375,4636.24267578125,4656.18359375,231685
2020-03-12,4615.62939453125,4616.3017578125,4666.15380859375,4496.65673828125,4636.24267578125,196581
2020-03-13,4515.93994140625,4516.59765625,4616.3017578125,4486.6865234375,4536.53857421875,169902
2020-03-16,4456.12646484375,4456.775390625,4516.59765625,4396.95263671875,4506.62744140625,195979
2020-03-17,4366.40576171875,4367.04150390625,4416.8935546875,4187.57373046875,4406.9228515625,198888
2020-03-18,4246.77783203125,4247.396484375,4536.53857421875,4247.396484375,4367.04150390625,230181
2020-03-19,4246.77783203125,4247.396484375,4337.13037109375,4247.396484375,4337.13037109375,166693
2020-03-20,4436.1884765625,4436.83447265625,4436.83447265625,4197.54443359375,4277.3076171875,209921
2020-03-23,4575.75341796875,4576.419921875,4576.419921875,4386.982421875,4426.86376953125,238505
2020-03-24,4675.44287109375,4676.1240234375,4725.9765625,4616.3017578125,4616.3017578125,231284
2020-03-26,4685.41259765625,4686.0947265625,4765.85791015625,4676.1240234375,4686.0947265625,228275
2020-03-27,4765.1640625,4765.85791015625,4795.76904296875,4686.0947265625,4686.0947265625,228375
2020-03-30,4655.50537109375,4656.18359375,4765.85791015625,4606.33154296875,4765.85791015625,205407
2020-03-31,4725.28857421875,4725.9765625,4835.65087890625,4656.18359375,4656.18359375,232688
2020-04-01,4725.28857421875,4725.9765625,4795.76904296875,4725.9765625,4725.9765625,177525
2020-04-02,4725.28857421875,4725.9765625,4775.82861328125,4636.24267578125,4656.18359375,229077
2020-04-03,4755.1953125,4755.8876953125,4825.6806640625,4725.9765625,4725.9765625,210221
2020-04-06,4775.13330078125,4775.82861328125,4825.6806640625,4755.8876953125,4755.8876953125,349734
2020-04-07,4665.47412109375,4666.15380859375,4775.82861328125,4586.390625,4775.82861328125,327870
2020-04-08,4645.5361328125,4646.212890625,4785.798828125,4586.390625,4666.15380859375,288453
2020-04-09,4755.1953125,4755.8876953125,4805.73974609375,4586.390625,4646.212890625,191265
2020-04-13,4735.25732421875,4735.94677734375,4825.6806640625,4476.7158203125,4755.8876953125,284240
2020-04-14,4785.10205078125,4785.798828125,4815.7099609375,4686.0947265625,4735.94677734375,266488
2020-04-15,4705.3505859375,4706.03564453125,4815.7099609375,4586.390625,4785.798828125,371398
2020-04-16,4635.5673828125,4636.24267578125,4706.03564453125,4606.33154296875,4706.03564453125,274010
2020-04-17,4735.25732421875,4735.94677734375,4775.82861328125,4636.24267578125,4636.24267578125,231284
2020-04-20,4685.41259765625,4686.0947265625,4775.82861328125,4686.0947265625,4745.9169921875,246128
2020-04-21,4685.41259765625,4686.0947265625,4696.06494140625,4666.15380859375,4686.0947265625,205006
2020-04-22,4735.25732421875,4735.94677734375,4745.9169921875,4636.24267578125,4686.0947265625,229478
2020-04-23,4715.3193359375,4716.005859375,4775.82861328125,4716.005859375,4745.9169921875,269196
2020-04-24,4695.38134765625,4696.06494140625,4735.94677734375,4646.212890625,4646.212890625,227773
2020-04-27,4705.3505859375,4706.03564453125,4745.9169921875,4696.06494140625,4696.06494140625,225467
2020-04-28,4675.44287109375,4676.1240234375,4735.94677734375,4656.18359375,4716.005859375,222157
2020-04-29,4685.41259765625,4686.0947265625,4745.9169921875,4676.1240234375,4676.1240234375,265385
2020-04-30,4984.48095703125,4985.20703125,4985.20703125,4686.0947265625,4696.06494140625,291261
2020-05-04,4944.60546875,4945.32568359375,4985.20703125,4935.35498046875,4985.20703125,234694
2020-05-05,4974.51220703125,4975.23681640625,5059.9853515625,4935.35498046875,4935.35498046875,226670
2020-05-06,4974.51220703125,4975.23681640625,5109.83740234375,4965.26611328125,5059.9853515625,234995
2020-05-08,4984.48095703125,4985.20703125,5084.9111328125,4975.23681640625,4975.23681640625,256458
2020-05-11,5059.24853515625,5059.9853515625,5109.83740234375,4975.23681640625,4985.20703125,265686
2020-05-12,5034.32568359375,5035.05908203125,5059.9853515625,4895.47314453125,5059.9853515625,216741
2020-05-13,4984.48095703125,4985.20703125,5059.9853515625,4885.5029296875,5035.05908203125,224965
2020-05-14,4974.51220703125,4975.23681640625,4985.20703125,4885.5029296875,4885.5029296875,216139
2020-05-15,4974.51220703125,4975.23681640625,5059.9853515625,4965.26611328125,4975.23681640625,189761
2020-05-18,4984.48095703125,4985.20703125,5059.9853515625,4945.32568359375,4945.32568359375,259969
2020-05-19,4984.48095703125,4985.20703125,5134.76318359375,4965.26611328125,4985.20703125,186451
2020-05-20,5034.32568359375,5035.05908203125,5084.9111328125,4935.35498046875,4935.35498046875,222257
2020-05-26,5109.09326171875,5109.83740234375,5184.615234375,5010.13330078125,5035.05908203125,211726
2020-05-27,5183.8603515625,5184.615234375,5209.54150390625,5035.05908203125,5109.83740234375,220652
2020-05-28,5233.705078125,5234.46728515625,5259.3935546875,5035.05908203125,5035.05908203125,217643
2020-05-29,5258.6279296875,5259.3935546875,5284.3193359375,5059.9853515625,5234.46728515625,218245
2020-06-02,5258.6279296875,5259.3935546875,5284.3193359375,5134.76318359375,5134.76318359375,161979
2020-06-03,5183.8603515625,5184.615234375,5259.3935546875,5109.83740234375,5134.76318359375,210623
2020-06-04,5158.93798828125,5159.689453125,5209.54150390625,5109.83740234375,5109.83740234375,232287
2020-06-05,5158.93798828125,5159.689453125,5209.54150390625,5109.83740234375,5109.83740234375,192970
2020-06-08,5233.705078125,5234.46728515625,5284.3193359375,5109.83740234375,5109.83740234375,210522
2020-06-09,5084.1708984375,5084.9111328125,5284.3193359375,5084.9111328125,5234.46728515625,257461
2020-06-10,5059.24853515625,5059.9853515625,5209.54150390625,5059.9853515625,5059.9853515625,242617
2020-06-11,5034.32568359375,5035.05908203125,5234.46728515625,5010.13330078125,5035.05908203125,224965
2020-06-12,5034.32568359375,5035.05908203125,5284.3193359375,5010.13330078125,5010.13330078125,246128
2020-06-15,5084.1708984375,5084.9111328125,5334.17138671875,5035.05908203125,5035.05908203125,251443
2020-06-16,5134.015625,5134.76318359375,5234.46728515625,5010.13330078125,5010.13330078125,223762
2020-06-17,5134.015625,5134.76318359375,5309.24560546875,5109.83740234375,5109.83740234375,214835
2020-06-18,5109.09326171875,5109.83740234375,5309.24560546875,5084.9111328125,5084.9111328125,202900
2020-06-19,5134.015625,5134.76318359375,5334.17138671875,5084.9111328125,5084.9111328125,244021
2020-06-22,5084.1708984375,5084.9111328125,5309.24560546875,5084.9111328125,5134.76318359375,242517
2020-06-23,5084.1708984375,5084.9111328125,5309.24560546875,5035.05908203125,5035.05908203125,239508
2020-06-24,5183.8603515625,5184.615234375,5234.46728515625,5059.9853515625,5084.9111328125,292064
2020-06-25,5134.015625,5134.76318359375,5259.3935546875,5059.9853515625,5059.9853515625,241614
2020-06-26,5158.93798828125,5159.689453125,5334.17138671875,5109.83740234375,5109.83740234375,289656
2020-06-29,5158.93798828125,5159.689453125,5284.3193359375,5059.9853515625,5059.9853515625,304400
2020-06-30,5059.24853515625,5059.9853515625,5234.46728515625,5059.9853515625,5184.615234375,242016
2020-07-01,5059.24853515625,5059.9853515625,5084.9111328125,5010.13330078125,5035.05908203125,252145
2020-07-02,5134.015625,5134.76318359375,5483.72802734375,5010.13330078125,5010.13330078125,263680
2020-07-03,5059.24853515625,5059.9853515625,5159.689453125,5035.05908203125,5109.83740234375,251644
2020-07-06,5208.78271484375,5209.54150390625,5234.46728515625,5010.13330078125,5059.9853515625,295775
2020-07-07,5233.705078125,5234.46728515625,5284.3193359375,5059.9853515625,5059.9853515625,293769
2020-07-08,5233.705078125,5234.46728515625,5359.09765625,5159.689453125,5234.46728515625,365882
2020-07-09,5183.8603515625,5184.615234375,5359.09765625,5184.615234375,5184.615234375,332483
2020-07-10,5134.015625,5134.76318359375,5159.689453125,5035.05908203125,5134.76318359375,284240
2020-07-13,5183.8603515625,5184.615234375,5209.54150390625,5084.9111328125,5084.9111328125,244122
2020-07-14,5158.93798828125,5159.689453125,5309.24560546875,5134.76318359375,5134.76318359375,303497
2020-07-15,5158.93798828125,5159.689453125,5234.46728515625,5059.9853515625,5184.615234375,308913
2020-07-16,5109.09326171875,5109.83740234375,5234.46728515625,5084.9111328125,5084.9111328125,258966
2020-07-17,5109.09326171875,5109.83740234375,5234.46728515625,5084.9111328125,5109.83740234375,306406
2020-07-20,5084.1708984375,5084.9111328125,5109.83740234375,5035.05908203125,5109.83740234375,268895
2020-07-21,5034.32568359375,5035.05908203125,5184.615234375,5010.13330078125,5084.9111328125,287249
2020-07-22,5034.32568359375,5035.05908203125,5209.54150390625,5035.05908203125,5035.05908203125,299285
2020-07-23,5134.015625,5134.76318359375,5209.54150390625,5059.9853515625,5059.9853515625,267290
2020-07-24,5109.09326171875,5109.83740234375,5284.3193359375,5084.9111328125,5134.76318359375,323557
2020-07-27,5158.93798828125,5159.689453125,5209.54150390625,5109.83740234375,5109.83740234375,280128
2020-07-28,5134.015625,5134.76318359375,5284.3193359375,5134.76318359375,5159.689453125,254653
2020-07-29,5109.09326171875,5109.83740234375,5284.3193359375,5109.83740234375,5109.83740234375,288252
2020-07-30,5109.09326171875,5109.83740234375,5284.3193359375,5109.83740234375,5109.83740234375,240010
2020-08-03,5134.015625,5134.76318359375,5284.3193359375,5109.83740234375,5109.83740234375,253148
2020-08-04,5183.8603515625,5184.615234375,5334.17138671875,5134.76318359375,5159.689453125,206510
2020-08-05,5109.09326171875,5109.83740234375,5309.24560546875,5109.83740234375,5234.46728515625,234092
2020-08-06,5183.8603515625,5184.615234375,5234.46728515625,5134.76318359375,5134.76318359375,231785
2020-08-07,5158.93798828125,5159.689453125,5259.3935546875,5159.689453125,5159.689453125,247030
2020-08-10,5134.015625,5134.76318359375,5234.46728515625,5109.83740234375,5159.689453125,256659
2020-08-11,5134.76318359375,5134.76318359375,5209.54150390625,5084.9111328125,5084.9111328125,256960
2020-08-12,5159.689453125,5159.689453125,5234.46728515625,5084.9111328125,5084.9111328125,292565
2020-08-13,5109.83740234375,5109.83740234375,5209.54150390625,5109.83740234375,5159.689453125,239107
2020-08-14,5134.76318359375,5134.76318359375,5184.615234375,5059.9853515625,5134.76318359375,285243
2020-08-18,5159.689453125,5159.689453125,5184.615234375,5059.9853515625,5059.9853515625,249939
2020-08-19,5134.76318359375,5134.76318359375,5184.615234375,5084.9111328125,5084.9111328125,261573
2020-08-24,5134.76318359375,5134.76318359375,5259.3935546875,5109.83740234375,5134.76318359375,236499
2020-08-25,5159.689453125,5159.689453125,5259.3935546875,5134.76318359375,5134.76318359375,266689
2020-08-26,5134.76318359375,5134.76318359375,5184.615234375,5084.9111328125,5159.689453125,270901
2020-08-27,5134.76318359375,5134.76318359375,5184.615234375,5084.9111328125,5084.9111328125,308412
2020-08-28,5109.83740234375,5109.83740234375,5209.54150390625,5109.83740234375,5109.83740234375,252145
2020-08-31,5109.83740234375,5109.83740234375,5234.46728515625,5109.83740234375,5134.76318359375,267090
2020-09-01,5109.83740234375,5109.83740234375,5159.689453125,5084.9111328125,5134.76318359375,259768
2020-09-02,5134.76318359375,5134.76318359375,5184.615234375,5059.9853515625,5109.83740234375,316636
2020-09-03,5109.83740234375,5109.83740234375,5159.689453125,5084.9111328125,5134.76318359375,301291
2020-09-04,5109.83740234375,5109.83740234375,5159.689453125,5035.05908203125,5109.83740234375,280329
2020-09-07,5184.615234375,5184.615234375,5184.615234375,5010.13330078125,5059.9853515625,314931
2020-09-08,5109.83740234375,5109.83740234375,5184.615234375,5059.9853515625,5184.615234375,292565
2020-09-09,5059.9853515625,5059.9853515625,5159.689453125,5010.13330078125,5084.9111328125,307610
2020-09-10,4965.26611328125,4965.26611328125,5134.76318359375,4955.2958984375,5059.9853515625,361068
2020-09-11,4955.2958984375,4955.2958984375,5010.13330078125,4905.44384765625,4935.35498046875,65192
2020-09-14,4965.26611328125,4965.26611328125,5109.83740234375,4945.32568359375,4945.32568359375,70107
2020-09-15,5134.76318359375,5134.76318359375,5134.76318359375,4965.26611328125,4965.26611328125,82143
2020-09-16,5084.9111328125,5084.9111328125,5109.83740234375,5010.13330078125,5010.13330078125,108922
2020-09-17,5010.13330078125,5010.13330078125,5084.9111328125,4985.20703125,4985.20703125,102001
2020-09-18,4985.20703125,4985.20703125,5059.9853515625,4975.23681640625,4975.23681640625,99995
2020-09-21,4965.26611328125,4965.26611328125,5059.9853515625,4965.26611328125,4985.20703125,127978
2020-09-22,4945.32568359375,4945.32568359375,5010.13330078125,4925.384765625,4945.32568359375,103105
2020-09-23,4915.4140625,4915.4140625,4975.23681640625,4915.4140625,4925.384765625,99694
2020-09-24,4895.47314453125,4895.47314453125,4965.26611328125,4875.53271484375,4895.47314453125,104208
2020-09-25,4915.4140625,4915.4140625,4955.2958984375,4875.53271484375,4875.53271484375,97588
2020-09-28,4935.35498046875,4935.35498046875,4985.20703125,4875.53271484375,4875.53271484375,103706
2020-09-29,4925.384765625,4925.384765625,4985.20703125,4885.5029296875,4885.5029296875,97689
2020-09-30,4885.5029296875,4885.5029296875,5010.13330078125,4885.5029296875,4885.5029296875,97287
2020-10-01,4885.5029296875,4885.5029296875,4945.32568359375,4845.62109375,4845.62109375,98491
2020-10-02,4945.32568359375,4945.32568359375,4975.23681640625,4845.62109375,4885.5029296875,95683
2020-10-05,4945.32568359375,4945.32568359375,4985.20703125,4895.47314453125,4895.47314453125,101199
2020-10-06,4925.384765625,4925.384765625,4945.32568359375,4895.47314453125,4935.35498046875,104910
2020-10-07,4925.384765625,4925.384765625,4975.23681640625,4885.5029296875,4885.5029296875,100196
2020-10-08,4885.5029296875,4885.5029296875,4975.23681640625,4865.56201171875,4875.53271484375,101299
2020-10-09,4845.62109375,4845.62109375,4925.384765625,4845.62109375,4885.5029296875,113034
2020-10-12,4905.44384765625,4905.44384765625,4975.23681640625,4825.6806640625,4855.591796875,115742
2020-10-13,4895.47314453125,4895.47314453125,4965.26611328125,4845.62109375,4845.62109375,125671
2020-10-14,4885.5029296875,4885.5029296875,4935.35498046875,4835.65087890625,4835.65087890625,117648
2020-10-15,4885.5029296875,4885.5029296875,4885.5029296875,4835.65087890625,4845.62109375,60478
2020-10-16,4845.62109375,4845.62109375,4885.5029296875,4845.62109375,4855.591796875,57369
2020-10-19,4805.73974609375,4805.73974609375,4895.47314453125,4795.76904296875,4795.76904296875,63788
2020-10-20,4755.8876953125,4755.8876953125,4805.73974609375,4755.8876953125,4785.798828125,76727
2020-10-21,4785.798828125,4785.798828125,4855.591796875,4755.8876953125,4755.8876953125,68201
2020-10-22,4735.94677734375,4735.94677734375,4845.62109375,4735.94677734375,4745.9169921875,78833
2020-10-23,4765.85791015625,4765.85791015625,4865.56201171875,4706.03564453125,4735.94677734375,79735
2020-10-26,4735.94677734375,4735.94677734375,4785.798828125,4735.94677734375,4745.9169921875,62986
2020-10-27,4775.82861328125,4775.82861328125,4845.62109375,4706.03564453125,4716.005859375,68302
2020-11-02,4775.82861328125,4775.82861328125,4845.62109375,4745.9169921875,4745.9169921875,78532
2020-11-03,4795.76904296875,4795.76904296875,4855.591796875,4745.9169921875,4745.9169921875,79635
2020-11-04,4795.76904296875,4795.76904296875,4905.44384765625,4765.85791015625,4785.798828125,78732
2020-11-05,4795.76904296875,4795.76904296875,4885.5029296875,4775.82861328125,4785.798828125,77228
2020-11-06,4795.76904296875,4795.76904296875,4865.56201171875,4775.82861328125,4785.798828125,83145
2020-11-09,4825.6806640625,4825.6806640625,4885.5029296875,4775.82861328125,4795.76904296875,68803
2020-11-10,4855.591796875,4855.591796875,4925.384765625,4815.7099609375,4825.6806640625,71611
2020-11-11,4835.65087890625,4835.65087890625,4945.32568359375,4835.65087890625,4845.62109375,70508
2020-11-12,4825.6806640625,4825.6806640625,4955.2958984375,4825.6806640625,4855.591796875,71912
2020-11-13,4805.73974609375,4805.73974609375,4915.4140625,4795.76904296875,4825.6806640625,67600
2020-11-16,4815.7099609375,4815.7099609375,4835.65087890625,4785.798828125,4805.73974609375,69004
2020-11-17,4845.62109375,4845.62109375,4925.384765625,4805.73974609375,4805.73974609375,84851
2020-11-18,4855.591796875,4855.591796875,4935.35498046875,4825.6806640625,4835.65087890625,85954
2020-11-19,4875.53271484375,4875.53271484375,4935.35498046875,4825.6806640625,4835.65087890625,84750
2020-11-20,4865.56201171875,4865.56201171875,4925.384765625,4825.6806640625,4855.591796875,99494
2020-11-23,4865.56201171875,4865.56201171875,4925.384765625,4825.6806640625,4825.6806640625,57269
2020-11-24,4885.5029296875,4885.5029296875,4935.35498046875,4835.65087890625,4845.62109375,58773
2020-11-25,4875.53271484375,4875.53271484375,4925.384765625,4745.9169921875,4845.62109375,142421
2020-11-26,4895.47314453125,4895.47314453125,4915.4140625,4805.73974609375,4805.73974609375,69405
2020-11-27,4915.4140625,4915.4140625,4925.384765625,4895.47314453125,4895.47314453125,67700
2020-11-30,4875.53271484375,4875.53271484375,4905.44384765625,4875.53271484375,4885.5029296875,56667
2020-12-01,4825.6806640625,4825.6806640625,4845.62109375,4815.7099609375,4835.65087890625,57068
2020-12-02,4825.6806640625,4825.6806640625,4825.6806640625,4735.94677734375,4805.73974609375,70508
2020-12-03,4835.65087890625,4835.65087890625,4855.591796875,4745.9169921875,4745.9169921875,62183
2020-12-04,4845.62109375,4845.62109375,4885.5029296875,4785.798828125,4815.7099609375,68803
2020-12-07,4855.591796875,4855.591796875,4925.384765625,4815.7099609375,4845.62109375,66797
2020-12-08,4865.56201171875,4865.56201171875,4915.4140625,4805.73974609375,4855.591796875,63287
2020-12-10,4845.62109375,4845.62109375,4935.35498046875,4845.62109375,4865.56201171875,62484
2020-12-11,4845.62109375,4845.62109375,4935.35498046875,4815.7099609375,4815.7099609375,62484
2020-12-14,4855.591796875,4855.591796875,4925.384765625,4765.85791015625,4845.62109375,80337
2020-12-15,4885.5029296875,4885.5029296875,4925.384765625,4815.7099609375,4825.6806640625,55363
2020-12-16,4895.47314453125,4895.47314453125,4975.23681640625,4835.65087890625,4885.5029296875,63989
2020-12-17,4825.6806640625,4825.6806640625,4975.23681640625,4825.6806640625,4895.47314453125,69405
2020-12-18,4925.384765625,4925.384765625,4925.384765625,4825.6806640625,4825.6806640625,56065
2020-12-21,4955.2958984375,4955.2958984375,4965.26611328125,4835.65087890625,4925.384765625,63588
2020-12-22,4975.23681640625,4975.23681640625,4975.23681640625,4855.591796875,4955.2958984375,60077
2020-12-23,4975.23681640625,4975.23681640625,4975.23681640625,4935.35498046875,4975.23681640625,53458
2020-12-28,5010.13330078125,5010.13330078125,5059.9853515625,4975.23681640625,4975.23681640625,54561
2020-12-29,4985.20703125,4985.20703125,5059.9853515625,4985.20703125,5010.13330078125,59676
2020-12-30,4885.5029296875,4885.5029296875,5035.05908203125,4885.5029296875,4985.20703125,60178
2021-01-04,4895.47314453125,4895.47314453125,4935.35498046875,4835.65087890625,4885.5029296875,59977
2021-01-05,4965.26611328125,4965.26611328125,4965.26611328125,4835.65087890625,4895.47314453125,55163
2021-01-06,4965.26611328125,4965.26611328125,5059.9853515625,4885.5029296875,4965.26611328125,61281
2021-01-07,4985.20703125,4985.20703125,5010.13330078125,4965.26611328125,4965.26611328125,57470
2021-01-08,4985.20703125,4985.20703125,5059.9853515625,4985.20703125,4985.20703125,55464
2021-01-11,5059.9853515625,5059.9853515625,5059.9853515625,4885.5029296875,4985.20703125,56467
2021-01-12,5035.05908203125,5035.05908203125,5059.9853515625,5010.13330078125,5010.13330078125,56767
2021-01-13,5059.9853515625,5059.9853515625,5059.9853515625,4825.6806640625,5035.05908203125,79334
2021-01-14,4765.85791015625,4765.85791015625,4955.2958984375,4765.85791015625,4835.65087890625,74620
2021-01-15,4885.5029296875,4885.5029296875,4885.5029296875,4765.85791015625,4765.85791015625,61782
2021-01-18,4895.47314453125,4895.47314453125,4905.44384765625,4825.6806640625,4885.5029296875,54461
2021-01-19,4875.53271484375,4875.53271484375,4875.53271484375,4825.6806640625,4835.65087890625,48643
2021-01-20,4875.53271484375,4875.53271484375,4875.53271484375,4825.6806640625,4835.65087890625,61381
2021-01-21,4875.53271484375,4875.53271484375,4875.53271484375,4825.6806640625,4835.65087890625,59375
2021-01-22,4875.53271484375,4875.53271484375,4875.53271484375,4805.73974609375,4815.7099609375,58673
2021-01-25,4845.62109375,4845.62109375,4865.56201171875,4805.73974609375,4815.7099609375,54260
2021-01-26,4835.65087890625,4835.65087890625,4835.65087890625,4805.73974609375,4815.7099609375,54059
2021-01-27,4785.798828125,4785.798828125,4805.73974609375,4775.82861328125,4805.73974609375,56166
2021-01-28,4765.85791015625,4765.85791015625,4785.798828125,4725.9765625,4785.798828125,46537
2021-01-29,4725.9765625,4725.9765625,4805.73974609375,4725.9765625,4775.82861328125,56868
2021-02-01,4586.390625,4586.390625,4735.94677734375,4396.95263671875,4716.005859375,1081800
2021-02-02,4586.390625,4586.390625,4626.27197265625,4536.53857421875,4586.390625,59175
2021-02-03,4616.3017578125,4616.3017578125,4616.3017578125,4536.53857421875,4586.390625,53658
2021-02-04,4476.7158203125,4476.7158203125,4546.5087890625,4476.7158203125,4546.5087890625,64390
2021-02-05,4377.01171875,4377.01171875,4476.7158203125,4377.01171875,4476.7158203125,72113
2021-02-08,4396.95263671875,4396.95263671875,4406.9228515625,4377.01171875,4386.982421875,44230
2021-02-09,4446.8046875,4446.8046875,4446.8046875,4386.982421875,4386.982421875,62685
2021-02-10,4735.94677734375,4735.94677734375,4815.7099609375,4546.5087890625,4546.5087890625,720030
2021-02-11,4646.212890625,4646.212890625,4785.798828125,4646.212890625,4735.94677734375,24672
2021-02-15,4586.390625,4586.390625,4676.1240234375,4586.390625,4646.212890625,20159
2021-02-16,4596.36083984375,4596.36083984375,4616.3017578125,4526.56787109375,4586.390625,21463
2021-02-17,4626.27197265625,4626.27197265625,4626.27197265625,4596.36083984375,4596.36083984375,9728
2021-02-18,4686.0947265625,4686.0947265625,4686.0947265625,4636.24267578125,4636.24267578125,7522
2021-02-19,4895.47314453125,4895.47314453125,5184.615234375,4656.18359375,4656.18359375,289155
2021-02-22,4905.44384765625,4905.44384765625,4975.23681640625,4835.65087890625,4975.23681640625,11233
2021-02-23,4845.62109375,4845.62109375,4945.32568359375,4835.65087890625,4835.65087890625,10330
2021-02-24,4855.591796875,4855.591796875,4855.591796875,4795.76904296875,4795.76904296875,4814
2021-02-25,4885.5029296875,4885.5029296875,4885.5029296875,4855.591796875,4855.591796875,7722
2021-02-26,4835.65087890625,4835.65087890625,4885.5029296875,4835.65087890625,4885.5029296875,7923
2021-03-01,4865.56201171875,4865.56201171875,4865.56201171875,4835.65087890625,4835.65087890625,10531
2021-03-02,4985.20703125,4985.20703125,4985.20703125,4875.53271484375,4875.53271484375,13640
2021-03-03,5159.689453125,5159.689453125,5159.689453125,4985.20703125,4985.20703125,9127
2021-03-04,5084.9111328125,5084.9111328125,5159.689453125,5084.9111328125,5159.689453125,10330
2021-03-05,5134.76318359375,5134.76318359375,5134.76318359375,4965.26611328125,4965.26611328125,11132
2021-03-08,5284.3193359375,5284.3193359375,5284.3193359375,5184.615234375,5184.615234375,15144
2021-03-09,5334.17138671875,5334.17138671875,5334.17138671875,5309.24560546875,5309.24560546875,9227
2021-03-10,5309.24560546875,5309.24560546875,5309.24560546875,5284.3193359375,5284.3193359375,6017
2021-03-12,5234.46728515625,5234.46728515625,5284.3193359375,5234.46728515625,5284.3193359375,6519
2021-03-15,5284.3193359375,5284.3193359375,5284.3193359375,5184.615234375,5234.46728515625,7020
2021-03-16,5084.9111328125,5084.9111328125,5309.24560546875,5084.9111328125,5284.3193359375,6118
2021-03-17,5184.615234375,5184.615234375,5184.615234375,5084.9111328125,5084.9111328125,6920
2021-03-18,6206.5830078125,6206.5830078125,6206.5830078125,5209.54150390625,5209.54150390625,27381
2021-03-19,6879.5859375,6879.5859375,7178.6982421875,6455.84326171875,6455.84326171875,13439
2021-03-22,7103.919921875,7103.919921875,7403.03271484375,6979.2900390625,6979.2900390625,25375
2021-03-23,7228.55029296875,7228.55029296875,7976.33154296875,7078.994140625,7103.919921875,55363
2021-03-24,7228.55029296875,7228.55029296875,8100.96142578125,7228.55029296875,7577.5146484375,36508
2021-03-25,7178.6982421875,7178.6982421875,7427.95849609375,7103.919921875,7278.40234375,25475
2021-03-26,7278.40234375,7278.40234375,7502.73681640625,7228.55029296875,7228.55029296875,4713
2021-03-29,7128.84619140625,7128.84619140625,7328.25439453125,7128.84619140625,7328.25439453125,15445
2021-03-30,7128.84619140625,7128.84619140625,7128.84619140625,6979.2900390625,7103.919921875,8324
2021-03-31,7178.6982421875,7178.6982421875,7178.6982421875,6979.2900390625,7004.2158203125,5516
2021-04-01,7128.84619140625,7128.84619140625,7378.1064453125,7128.84619140625,7378.1064453125,3811
2021-04-05,7128.84619140625,7128.84619140625,7128.84619140625,7078.994140625,7078.994140625,3410
2021-04-06,7178.6982421875,7178.6982421875,7228.55029296875,7128.84619140625,7128.84619140625,4713
2021-04-07,7029.14208984375,7029.14208984375,7078.994140625,7029.14208984375,7078.994140625,5014
2021-04-08,7078.994140625,7078.994140625,7078.994140625,7029.14208984375,7029.14208984375,3911
2021-04-09,7103.919921875,7103.919921875,7278.40234375,7103.919921875,7103.919921875,5716
2021-04-12,6979.2900390625,6979.2900390625,7303.32861328125,6979.2900390625,7078.994140625,12135
2021-04-13,7328.25439453125,7328.25439453125,7328.25439453125,6879.5859375,6979.2900390625,7221
2021-04-14,7278.40234375,7278.40234375,7477.810546875,7078.994140625,7328.25439453125,21664
2021-04-15,7527.66259765625,7527.66259765625,7527.66259765625,7178.6982421875,7278.40234375,8926
2021-04-16,7577.5146484375,7577.5146484375,7577.5146484375,7527.66259765625,7527.66259765625,5315
2021-04-19,7378.1064453125,7378.1064453125,7577.5146484375,7378.1064453125,7577.5146484375,7221
2021-04-20,7776.9228515625,7776.9228515625,7801.84912109375,7427.95849609375,7477.810546875,8926
2021-04-21,7776.9228515625,7776.9228515625,8026.18359375,7577.5146484375,7776.9228515625,9327
2021-04-22,7976.33154296875,7976.33154296875,8275.443359375,7826.775390625,7826.775390625,10330
2021-04-23,9122.9287109375,9122.9287109375,9571.59765625,8076.03564453125,8076.03564453125,18454
2021-04-26,9147.85546875,9147.85546875,9172.78125,9122.9287109375,9172.78125,8926
2021-04-27,9147.85546875,9147.85546875,9147.85546875,9023.224609375,9147.85546875,8525
2021-04-28,9147.85546875,9147.85546875,9147.85546875,9073.0771484375,9147.85546875,7522
2021-04-29,9222.6328125,9222.6328125,9222.6328125,9073.0771484375,9147.85546875,14442
2021-04-30,9147.85546875,9147.85546875,9222.6328125,9122.9287109375,9222.6328125,12436
2021-05-03,9122.9287109375,9122.9287109375,9172.78125,9122.9287109375,9147.85546875,5014
2021-05-04,9172.78125,9172.78125,9172.78125,9122.9287109375,9122.9287109375,6318
2021-05-05,9197.70703125,9197.70703125,9222.6328125,9172.78125,9172.78125,5817
2021-05-06,9172.78125,9172.78125,9272.4853515625,9172.78125,9222.6328125,7121
2021-05-07,9172.78125,9172.78125,9222.6328125,9172.78125,9197.70703125,4513
2021-05-10,9222.6328125,9222.6328125,9247.5595703125,9172.78125,9197.70703125,5315
2021-05-11,9197.70703125,9197.70703125,9222.6328125,9197.70703125,9197.70703125,4513
2021-05-17,9197.70703125,9197.70703125,9272.4853515625,9197.70703125,9222.6328125,5215
2021-05-18,9172.78125,9172.78125,9247.5595703125,9172.78125,9197.70703125,6418
2021-05-19,9197.70703125,9197.70703125,9247.5595703125,9172.78125,9247.5595703125,3911
2021-05-20,9222.6328125,9222.6328125,9222.6328125,9197.70703125,9197.70703125,5416
2021-05-21,9272.4853515625,9272.4853515625,9297.4111328125,9222.6328125,9222.6328125,4413
2021-05-24,9322.3369140625,9322.3369140625,9322.3369140625,9247.5595703125,9272.4853515625,7522
2021-05-25,9372.189453125,9372.189453125,9372.189453125,9347.263671875,9347.263671875,3309
2021-05-27,9446.9677734375,9446.9677734375,9446.9677734375,9372.189453125,9372.189453125,6820
2021-05-28,9546.671875,9546.671875,9571.59765625,9471.8935546875,9471.8935546875,15646
2021-05-31,9471.8935546875,9471.8935546875,9571.59765625,9471.8935546875,9571.59765625,2607
2021-06-02,9696.2275390625,9696.2275390625,9696.2275390625,9471.8935546875,9471.8935546875,10932
2021-06-03,9696.2275390625,9696.2275390625,9746.080078125,9696.2275390625,9696.2275390625,5716
2021-06-04,9671.3017578125,9671.3017578125,9771.005859375,9671.3017578125,9696.2275390625,5315
2021-06-07,9671.3017578125,9671.3017578125,9721.154296875,9671.3017578125,9671.3017578125,5817
2021-06-08,9721.154296875,9721.154296875,11515.828125,9671.3017578125,9671.3017578125,21664
2021-06-09,9546.671875,9546.671875,9671.3017578125,9521.7451171875,9671.3017578125,10832
2021-06-10,9696.2275390625,9696.2275390625,9696.2275390625,9521.7451171875,9571.59765625,12637
2021-06-11,9746.080078125,9746.080078125,9746.080078125,9721.154296875,9721.154296875,2908
2021-06-14,9845.7841796875,9845.7841796875,9895.6357421875,9771.005859375,9771.005859375,7722
2021-06-15,9945.48828125,9945.48828125,9995.33984375,9845.7841796875,9845.7841796875,7221
2021-06-16,9920.5625,9920.5625,10070.1181640625,9920.5625,9945.48828125,10932
2021-06-17,9920.5625,9920.5625,10070.1181640625,9920.5625,9945.48828125,9929
2021-06-18,9870.7099609375,9870.7099609375,10095.0439453125,9870.7099609375,9945.48828125,10230
2021-06-21,9870.7099609375,9870.7099609375,9970.4140625,9820.8583984375,9820.8583984375,6318
2021-06-22,9970.4140625,9970.4140625,10045.1923828125,9820.8583984375,9820.8583984375,11433
2021-06-23,10119.970703125,10119.970703125,10119.970703125,9995.33984375,9995.33984375,6719
2021-06-24,10244.6005859375,10244.6005859375,10244.6005859375,10119.970703125,10119.970703125,6820
2021-06-25,10319.37890625,10319.37890625,10518.787109375,10269.5263671875,10294.453125,10430
2021-06-28,10219.6748046875,10219.6748046875,10319.37890625,10219.6748046875,10319.37890625,8926
2021-06-29,10219.6748046875,10219.6748046875,12263.609375,10219.6748046875,10244.6005859375,15245
2021-06-30,10568.638671875,10568.638671875,10568.638671875,10219.6748046875,10219.6748046875,12938
2021-07-01,10967.4560546875,10967.4560546875,10967.4560546875,10543.712890625,10543.712890625,13941
2021-07-02,10568.638671875,10568.638671875,10967.4560546875,10468.9345703125,10967.4560546875,9528
2021-07-05,10668.3427734375,10668.3427734375,10693.26953125,10568.638671875,10568.638671875,7221
2021-07-06,10817.8994140625,10817.8994140625,10817.8994140625,10693.26953125,10693.26953125,5917
2021-07-07,11017.3076171875,11017.3076171875,11017.3076171875,10842.8251953125,10842.8251953125,9327
2021-07-08,10942.529296875,10942.529296875,11017.3076171875,10942.529296875,11017.3076171875,7221
2021-07-09,11017.3076171875,11017.3076171875,11042.2333984375,10967.4560546875,10967.4560546875,4814
2021-07-12,11141.9375,11141.9375,11166.8642578125,11042.2333984375,11042.2333984375,9427
2021-07-13,11241.6416015625,11241.6416015625,11465.9765625,11166.8642578125,11166.8642578125,7622
2021-07-14,11191.7900390625,11191.7900390625,11241.6416015625,11166.8642578125,11241.6416015625,6519
2021-07-15,11316.419921875,11316.419921875,11316.419921875,11216.7158203125,11216.7158203125,6318
2021-07-16,11391.1982421875,11391.1982421875,11391.1982421875,11266.568359375,11291.494140625,8424
2021-07-19,11565.6806640625,11565.6806640625,13659.4677734375,11391.1982421875,11391.1982421875,18153
2021-07-21,12213.7578125,12213.7578125,12363.3134765625,11291.494140625,11540.7548828125,18855
2021-07-22,12163.9052734375,12163.9052734375,13061.2421875,12163.9052734375,12213.7578125,15445
2021-07-23,12263.609375,12263.609375,12313.4619140625,11715.236328125,12114.0537109375,26177
2021-07-26,12463.017578125,12463.017578125,12737.2041015625,12263.609375,12263.609375,14041
2021-07-27,12662.42578125,12662.42578125,12961.5380859375,12463.017578125,12487.943359375,11835
2021-07-28,12662.42578125,12662.42578125,12836.908203125,12512.8701171875,12662.42578125,14041
2021-07-29,12662.42578125,12662.42578125,12836.908203125,12662.42578125,12712.2783203125,7823
2021-07-30,12662.42578125,12662.42578125,12961.5380859375,12612.57421875,12687.3525390625,13740
2021-08-02,11790.0146484375,11790.0146484375,12687.3525390625,11790.0146484375,12687.3525390625,5516
2021-08-03,10967.4560546875,10967.4560546875,11765.0888671875,10967.4560546875,11765.0888671875,4814
2021-08-04,10718.1953125,10718.1953125,10967.4560546875,10219.6748046875,10743.12109375,18153
2021-08-05,9970.4140625,9970.4140625,9970.4140625,9970.4140625,9970.4140625,4011
2021-08-06,9272.4853515625,9272.4853515625,9272.4853515625,9272.4853515625,9272.4853515625,1203
2021-08-09,10169.822265625,10169.822265625,10219.6748046875,8624.408203125,8624.408203125,56667
2021-08-10,12039.275390625,12039.275390625,12188.8310546875,10169.822265625,10369.23046875,165890
2021-08-12,14407.248046875,14407.248046875,14432.1748046875,11814.9404296875,12163.9052734375,175017
2021-08-13,13410.20703125,13410.20703125,14432.1748046875,13410.20703125,14432.1748046875,104810
2021-08-16,12487.943359375,12487.943359375,13410.20703125,12487.943359375,13410.20703125,1404
2021-08-18,11615.5322265625,11615.5322265625,11615.5322265625,11615.5322265625,11615.5322265625,501
2021-08-19,11465.9765625,11465.9765625,12961.5380859375,10817.8994140625,10842.8251953125,140214
2021-08-20,10668.3427734375,10668.3427734375,11964.4970703125,10668.3427734375,10668.3427734375,93677
2021-08-23,9945.48828125,9945.48828125,10668.3427734375,9945.48828125,10668.3427734375,25575
2021-08-24,9596.5234375,9596.5234375,9945.48828125,9272.4853515625,9945.48828125,66496
2021-08-25,8948.4462890625,8948.4462890625,9471.8935546875,8948.4462890625,9471.8935546875,53257
2021-08-26,8325.2958984375,8325.2958984375,9970.4140625,8325.2958984375,8948.4462890625,362572
2021-08-27,7751.9970703125,7751.9970703125,8973.373046875,7751.9970703125,8175.73974609375,143223
2021-08-30,7228.55029296875,7228.55029296875,7776.9228515625,7228.55029296875,7751.9970703125,28684
2021-08-31,6730.02978515625,6730.02978515625,7801.84912109375,6730.02978515625,7203.6240234375,462468
2021-09-01,6281.36083984375,6281.36083984375,6555.54736328125,6281.36083984375,6480.76904296875,263479
2021-09-02,5857.6181640625,5857.6181640625,7527.66259765625,5857.6181640625,6131.8046875,201897
2021-09-03,5458.8017578125,5458.8017578125,5857.6181640625,5458.8017578125,5857.6181640625,50750
2021-09-06,5084.9111328125,5084.9111328125,5558.505859375,5084.9111328125,5334.17138671875,77830
2021-09-07,5084.9111328125,5084.9111328125,5583.43212890625,4735.94677734375,4885.5029296875,335091
2021-09-08,5010.13330078125,5010.13330078125,5359.09765625,4735.94677734375,5084.9111328125,311120
2021-09-09,4666.15380859375,4666.15380859375,5384.0234375,4666.15380859375,5309.24560546875,123866
2021-09-10,4347.1005859375,4347.1005859375,4666.15380859375,4347.1005859375,4666.15380859375,271402
2021-09-13,4237.42626953125,4237.42626953125,4347.1005859375,4047.98828125,4347.1005859375,240110
2021-09-14,4486.6865234375,4486.6865234375,4975.23681640625,4217.4853515625,4237.42626953125,292364
2021-09-15,5184.615234375,5184.615234375,5259.3935546875,4486.6865234375,4486.6865234375,987621
2021-09-16,4825.6806640625,4825.6806640625,5483.72802734375,4825.6806640625,5284.3193359375,627356
2021-09-17,4496.65673828125,4496.65673828125,4686.0947265625,4496.65673828125,4686.0947265625,24171
2021-09-20,4187.57373046875,4187.57373046875,4187.57373046875,4187.57373046875,4187.57373046875,30189
2021-09-21,3968.224853515625,3968.224853515625,4576.419921875,3898.431884765625,4087.869873046875,1041782
2021-09-22,3699.023681640625,3699.023681640625,4167.63330078125,3699.023681640625,3968.224853515625,462167
2021-09-23,3449.763427734375,3449.763427734375,3748.875732421875,3449.763427734375,3689.05322265625,579113
2021-09-24,3210.473388671875,3210.473388671875,3469.7041015625,3210.473388671875,3439.79296875,862451
2021-09-27,2991.124267578125,2991.124267578125,3210.473388671875,2991.124267578125,3190.532470703125,52655
2021-09-28,2991.124267578125,2991.124267578125,2991.124267578125,2991.124267578125,2991.124267578125,0
2021-09-29,3150.65087890625,3150.65087890625,3150.65087890625,2781.74560546875,2941.272216796875,803176
2021-09-30,3240.384521484375,3240.384521484375,3439.79296875,2991.124267578125,3190.532470703125,763057
2021-10-01,3180.56201171875,3180.56201171875,3479.674560546875,3090.828369140625,3280.266357421875,513519
2021-10-04,2961.213134765625,2961.213134765625,3230.414306640625,2961.213134765625,3180.56201171875,445618
2021-10-05,2971.183349609375,2971.183349609375,3190.532470703125,2941.272216796875,2971.183349609375,404597
2021-10-06,3021.035400390625,3021.035400390625,3140.680419921875,2911.36083984375,2971.183349609375,781411
2021-10-07,3040.976318359375,3040.976318359375,3170.591796875,3001.0947265625,3001.0947265625,209118
2021-10-08,3070.887451171875,3070.887451171875,3230.414306640625,3001.0947265625,3050.94677734375,20962
2021-10-11,2991.124267578125,2991.124267578125,3130.7099609375,2991.124267578125,3080.85791015625,169300
2021-10-12,2991.124267578125,2991.124267578125,3100.798828125,2941.272216796875,2991.124267578125,151748
2021-10-13,2801.686279296875,2801.686279296875,3060.917236328125,2781.74560546875,2991.124267578125,694755
2021-10-14,2781.74560546875,2781.74560546875,2861.5087890625,2751.834228515625,2841.568115234375,212929
2021-10-15,2692.01171875,2692.01171875,2881.44970703125,2592.3076171875,2781.74560546875,1319905
2021-10-18,2582.337158203125,2582.337158203125,2682.04150390625,2512.54443359375,2682.04150390625,3859719
2021-10-19,2412.84033203125,2412.84033203125,2791.716064453125,2402.869873046875,2582.337158203125,2663580
2021-10-21,2253.313720703125,2253.313720703125,2482.633056640625,2253.313720703125,2402.869873046875,1838138
2021-10-22,2323.1064453125,2323.1064453125,2372.95849609375,2193.4912109375,2253.313720703125,693752
2021-10-25,2193.4912109375,2193.4912109375,2362.98828125,2163.579833984375,2323.1064453125,1451193
2021-10-26,2093.786865234375,2093.786865234375,2283.224853515625,2043.9349365234375,2193.4912109375,2286464
2021-10-27,1959.1864013671875,1959.1864013671875,2153.609375,1949.2159423828125,2123.6982421875,2827264
2021-10-28,1839.5413818359375,1839.5413818359375,2033.9644775390625,1834.55615234375,1964.171630859375,483430
2021-10-29,2293.1953125,2293.1953125,2293.1953125,1839.5413818359375,1839.5413818359375,1535442
2021-11-01,2133.668701171875,2133.668701171875,2353.017822265625,2133.668701171875,2283.224853515625,162781
2021-11-02,2662.1005859375,2662.1005859375,2662.1005859375,1989.09765625,2113.727783203125,1852581
2021-11-03,2642.15966796875,2642.15966796875,3230.414306640625,2532.485107421875,2871.479248046875,5065586
2021-11-04,2522.514892578125,2522.514892578125,2751.834228515625,2492.603515625,2652.130126953125,4208451
2021-11-05,2353.017822265625,2353.017822265625,2532.485107421875,2353.017822265625,2492.603515625,1014000
2021-11-08,2333.076904296875,2333.076904296875,2392.8994140625,2193.4912109375,2293.1953125,786025
2021-11-09,2283.224853515625,2283.224853515625,2452.721923828125,2233.372802734375,2333.076904296875,939379
2021-11-10,2133.668701171875,2133.668701171875,2372.95849609375,2123.6982421875,2293.1953125,1269455
2021-11-11,2004.05322265625,2004.05322265625,2233.372802734375,1989.09765625,2153.609375,1664424
2021-11-12,1929.275146484375,1929.275146484375,2083.816650390625,1924.2899169921875,1994.0828857421875,1554599
2021-11-15,1844.526611328125,1844.526611328125,1929.275146484375,1839.5413818359375,1929.275146484375,384136
2021-11-16,1724.8817138671875,1724.8817138671875,1849.5118408203125,1724.8817138671875,1794.674560546875,529466
2021-11-17,1670.04443359375,1670.04443359375,1834.55615234375,1625.177490234375,1724.8817138671875,1068461
2021-11-18,2083.816650390625,2083.816650390625,2083.816650390625,1675.029541015625,1675.029541015625,1783978
2021-11-19,2203.46142578125,2203.46142578125,2402.869873046875,1939.24560546875,2333.076904296875,1969727
2021-11-22,2103.75732421875,2103.75732421875,2283.224853515625,2053.9052734375,2233.372802734375,6848060
2021-11-23,1974.1419677734375,1974.1419677734375,2173.55029296875,1959.1864013671875,2103.75732421875,1346182
2021-11-24,1864.4674072265625,1864.4674072265625,2173.55029296875,1844.526611328125,1994.0828857421875,3297756
2021-11-25,1879.423095703125,1879.423095703125,1954.201171875,1819.6005859375,1874.4378662109375,640494
2021-11-26,1779.718994140625,1779.718994140625,2043.9349365234375,1749.8077392578125,1879.423095703125,2144143
2021-11-29,1670.04443359375,1670.04443359375,1819.6005859375,1660.073974609375,1779.718994140625,2212545
2021-11-30,1560.369873046875,1560.369873046875,1734.85205078125,1555.3846435546875,1670.04443359375,6832815
2021-12-01,1560.369873046875,1560.369873046875,1590.281005859375,1515.5029296875,1560.369873046875,1374366
2021-12-02,1565.35498046875,1565.35498046875,1675.029541015625,1550.3994140625,1570.3402099609375,1179690
2021-12-03,1570.3402099609375,1570.3402099609375,1620.1922607421875,1550.3994140625,1565.35498046875,702879
2021-12-06,1575.325439453125,1575.325439453125,1665.0592041015625,1560.369873046875,1575.325439453125,4481859
2021-12-07,1565.35498046875,1565.35498046875,1595.2662353515625,1505.5325927734375,1575.325439453125,3024147
2021-12-08,1485.5916748046875,1485.5916748046875,1575.325439453125,1485.5916748046875,1560.369873046875,2300706
2021-12-09,1390.872802734375,1390.872802734375,1485.5916748046875,1385.8875732421875,1485.5916748046875,2014760
2021-12-10,1410.8135986328125,1410.8135986328125,1445.7100830078125,1390.872802734375,1395.8580322265625,1240570
2021-12-13,1370.9320068359375,1370.9320068359375,1435.7396240234375,1336.0355224609375,1410.8135986328125,213230
2021-12-14,1306.124267578125,1306.124267578125,1385.8875732421875,1291.1685791015625,1385.8875732421875,244523
2021-12-15,1236.3314208984375,1236.3314208984375,1341.020751953125,1216.3905029296875,1306.124267578125,3899336
2021-12-16,1151.5828857421875,1151.5828857421875,1231.34619140625,1151.5828857421875,1221.375732421875,1313987
2021-12-17,1086.775146484375,1086.775146484375,1276.2130126953125,1071.819580078125,1171.523681640625,3040294
2021-12-20,1021.9674682617188,1021.9674682617188,1196.44970703125,1016.9822387695312,1081.7899169921875,3912776
2021-12-21,1041.9083251953125,1041.9083251953125,1096.74560546875,1011.9970703125,1021.9674682617188,4522881
2021-12-22,987.0709838867188,987.0709838867188,1106.7159423828125,982.0858154296875,1041.9083251953125,2046053
2021-12-23,947.1893310546875,947.1893310546875,1066.8343505859375,932.2337036132812,992.0562133789062,6349284
2021-12-24,897.3372802734375,897.3372802734375,982.0858154296875,887.3668823242188,947.1893310546875,1017410
2021-12-27,842.5,842.5,897.3372802734375,842.5,897.3372802734375,460261
2021-12-28,792.64794921875,792.64794921875,907.3076782226562,792.64794921875,842.5,614116
2021-12-29,782.677490234375,782.677490234375,822.5591430664062,747.7810668945312,822.5591430664062,1613975
2021-12-30,797.6331176757812,797.6331176757812,797.6331176757812,752.7662963867188,787.6627197265625,245125
2022-01-03,802.6183471679688,802.6183471679688,997.0414428710938,742.7958374023438,802.6183471679688,8945566
2022-01-04,897.3372802734375,897.3372802734375,932.2337036132812,797.6331176757812,817.573974609375,3131163
2022-01-05,917.278076171875,917.278076171875,967.1301879882812,877.3964233398438,917.278076171875,3176397
2022-01-06,957.1597900390625,957.1597900390625,967.1301879882812,887.3668823242188,922.2633056640625,19292678
2022-01-07,892.35205078125,892.35205078125,1096.74560546875,892.35205078125,962.1449584960938,3943968
2022-01-10,832.5296020507812,832.5296020507812,892.35205078125,832.5296020507812,892.35205078125,966760
2022-01-11,777.6923217773438,777.6923217773438,812.5887451171875,777.6923217773438,812.5887451171875,4038247
2022-01-12,852.4703979492188,852.4703979492188,877.3964233398438,727.8402099609375,757.75146484375,9178756
2022-01-13,802.6183471679688,802.6183471679688,857.4556274414062,797.6331176757812,857.4556274414062,1800125
2022-01-14,817.573974609375,817.573974609375,897.3372802734375,762.7366943359375,797.6331176757812,32884090
2022-01-17,762.7366943359375,762.7366943359375,857.4556274414062,762.7366943359375,822.5591430664062,9220278
2022-01-18,712.8846435546875,712.8846435546875,762.7366943359375,712.8846435546875,762.7366943359375,1308370
2022-01-19,663.0325317382812,663.0325317382812,687.9585571289062,663.0325317382812,668.0177612304688,1822491
2022-01-20,618.1657104492188,618.1657104492188,663.0325317382812,618.1657104492188,663.0325317382812,2742614
2022-01-21,598.224853515625,598.224853515625,638.1065063476562,578.2839965820312,618.1657104492188,4627189
2022-01-24,663.0325317382812,663.0325317382812,722.8550415039062,598.224853515625,603.2100830078125,21031623
2022-01-25,712.8846435546875,712.8846435546875,727.8402099609375,653.0621337890625,663.0325317382812,19847219
2022-01-26,887.3668823242188,887.3668823242188,887.3668823242188,712.8846435546875,722.8550415039062,24824846
2022-01-27,907.3076782226562,907.3076782226562,942.2041625976562,827.5443725585938,827.5443725585938,30015503
2022-01-28,927.24853515625,927.24853515625,947.1893310546875,882.3816528320312,917.278076171875,17005612
2022-01-31,877.3964233398438,877.3964233398438,1051.878662109375,862.4408569335938,937.2189331054688,15167373
2022-02-02,1096.74560546875,1096.74560546875,1096.74560546875,862.4408569335938,887.3668823242188,15678786
2022-02-03,1166.5384521484375,1166.5384521484375,1331.05029296875,1036.923095703125,1131.6419677734375,14608319
2022-02-04,1266.2425537109375,1266.2425537109375,1276.2130126953125,1141.6124267578125,1176.5089111328125,12233594
2022-02-07,1341.020751953125,1341.020751953125,1370.9320068359375,1266.2425537109375,1266.2425537109375,16089702
2022-02-08,1400.8431396484375,1400.8431396484375,1420.7840576171875,1251.2869873046875,1365.94677734375,17419135
2022-02-09,1316.0947265625,1316.0947265625,1405.828369140625,1311.1094970703125,1400.8431396484375,6351691
2022-02-10,1226.3609619140625,1226.3609619140625,1460.6656494140625,1226.3609619140625,1306.124267578125,40368332
2022-02-11,1141.6124267578125,1141.6124267578125,1216.3905029296875,1141.6124267578125,1216.3905029296875,644205
2022-02-14,1061.84912109375,1061.84912109375,1061.84912109375,1061.84912109375,1061.84912109375,589443
2022-02-15,992.0562133789062,992.0562133789062,997.0414428710938,992.0562133789062,997.0414428710938,985415
2022-02-16,937.2189331054688,937.2189331054688,1031.9378662109375,927.24853515625,932.2337036132812,27641880
2022-02-17,967.1301879882812,967.1301879882812,967.1301879882812,877.3964233398438,937.2189331054688,10762943
2022-02-18,902.322509765625,902.322509765625,1126.6568603515625,902.322509765625,977.1005859375,21966690
2022-02-21,842.5,842.5,907.3076782226562,842.5,897.3372802734375,6208267
2022-02-22,857.4556274414062,857.4556274414062,862.4408569335938,787.6627197265625,832.5296020507812,10969052
2022-02-23,1071.819580078125,1071.819580078125,1071.819580078125,807.6035766601562,857.4556274414062,31841305
2022-02-24,997.0414428710938,997.0414428710938,1151.5828857421875,997.0414428710938,1096.74560546875,21651658
2022-02-25,927.24853515625,927.24853515625,1111.701171875,927.24853515625,997.0414428710938,22130474
2022-03-01,862.4408569335938,862.4408569335938,927.24853515625,862.4408569335938,927.24853515625,4110160
2022-03-02,802.6183471679688,802.6183471679688,867.426025390625,802.6183471679688,862.4408569335938,11826991
2022-03-04,747.7810668945312,747.7810668945312,797.6331176757812,747.7810668945312,797.6331176757812,5677998
2022-03-07,697.9290161132812,697.9290161132812,742.7958374023438,697.9290161132812,742.7958374023438,771281
2022-03-08,712.8846435546875,712.8846435546875,782.677490234375,653.0621337890625,653.0621337890625,22099081
2022-03-09,663.0325317382812,663.0325317382812,767.7218627929688,663.0325317382812,717.8698120117188,18371553
2022-03-10,618.1657104492188,618.1657104492188,692.9437866210938,618.1657104492188,663.0325317382812,14477633
2022-03-11,628.1361083984375,628.1361083984375,663.0325317382812,578.2839965820312,578.2839965820312,6066448
2022-03-14,633.1212768554688,633.1212768554688,668.0177612304688,623.15087890625,628.1361083984375,7454254
2022-03-15,593.2396240234375,593.2396240234375,653.0621337890625,593.2396240234375,638.1065063476562,12739891
2022-03-16,553.3579711914062,553.3579711914062,618.1657104492188,553.3579711914062,603.2100830078125,25087322
2022-03-17,548.372802734375,548.372802734375,588.2544555664062,543.3875732421875,553.3579711914062,18087312
2022-03-18,553.3579711914062,553.3579711914062,623.15087890625,533.4171752929688,553.3579711914062,29362270
2022-03-21,518.4615478515625,518.4615478515625,578.2839965820312,518.4615478515625,578.2839965820312,26036029
2022-03-22,518.4615478515625,518.4615478515625,538.40234375,486.55621337890625,508.4911193847656,19190476
2022-03-23,523.4467163085938,523.4467163085938,533.4171752929688,513.476318359375,518.4615478515625,19717736
2022-03-24,488.55029296875,488.55029296875,538.40234375,488.55029296875,538.40234375,77112844
2022-03-25,460.6331481933594,460.6331481933594,492.5384521484375,458.6390380859375,488.55029296875,25493524
2022-03-28,464.6213073730469,464.6213073730469,480.573974609375,458.6390380859375,460.6331481933594,19182352
2022-03-29,466.6153869628906,466.6153869628906,476.5857849121094,460.6331481933594,466.6153869628906,26309037
2022-03-30,434.7100524902344,434.7100524902344,513.476318359375,434.7100524902344,468.6094665527344,77664777
2022-03-31,434.7100524902344,434.7100524902344,442.6864013671875,408.7869873046875,434.7100524902344,45976525
2022-04-01,430.7218933105469,430.7218933105469,438.6982116699219,424.7396545410156,436.7041320800781,14985535
2022-04-04,408.7869873046875,408.7869873046875,438.6982116699219,400.8106384277344,434.7100524902344,34026169
2022-04-05,388.8461608886719,388.8461608886719,416.7633056640625,386.8520812988281,408.7869873046875,19777713
2022-04-06,406.79290771484375,406.79290771484375,480.573974609375,388.8461608886719,388.8461608886719,122042472
2022-04-07,378.875732421875,378.875732421875,430.7218933105469,378.875732421875,410.78106689453125,110664008
2022-04-08,354.9467468261719,354.9467468261719,378.875732421875,352.9526672363281,378.875732421875,31489965
2022-04-11,338.99407958984375,338.99407958984375,376.88165283203125,337.0,356.9408264160156,45523585
2022-04-12,327.0295715332031,327.0295715332031,354.9467468261719,321.0473327636719,344.976318359375,23992082
2022-04-13,329.023681640625,329.023681640625,370.8994140625,321.0473327636719,331.01776123046875,43640112
2022-04-14,335.00592041015625,335.00592041015625,342.98223876953125,323.0414123535156,329.023681640625,32355225
2022-04-18,319.0532531738281,319.0532531738281,362.9230651855469,319.0532531738281,335.00592041015625,92594448
2022-04-19,317.0591735839844,317.0591735839844,333.0118408203125,309.0828552246094,327.0295715332031,48598081
2022-04-20,309.0828552246094,309.0828552246094,325.0354919433594,307.0887451171875,321.0473327636719,40068445
2022-04-21,305.09466552734375,305.09466552734375,321.0473327636719,303.1005859375,311.0769348144531,57956569
2022-04-22,303.1005859375,303.1005859375,311.0769348144531,299.1124267578125,299.1124267578125,19040031
2022-04-25,301.10650634765625,301.10650634765625,317.0591735839844,295.124267578125,301.10650634765625,47261727
2022-04-26,281.1656799316406,281.1656799316406,311.0769348144531,281.1656799316406,303.1005859375,59829008
2022-04-27,267.20709228515625,267.20709228515625,281.1656799316406,263.21893310546875,281.1656799316406,39273995
2022-04-28,271.19525146484375,271.19525146484375,277.1775207519531,265.2130126953125,269.201171875,13118612
2022-05-09,277.1775207519531,277.1775207519531,291.1361083984375,267.20709228515625,271.19525146484375,38374734
2022-05-10,287.1479187011719,287.1479187011719,291.1361083984375,273.1893615722656,277.1775207519531,34384830
2022-05-11,289.1419982910156,289.1419982910156,299.1124267578125,275.1834411621094,289.1419982910156,57385379
2022-05-12,279.1716003417969,279.1716003417969,295.124267578125,277.1775207519531,289.1419982910156,65432687
2022-05-13,346.9704284667969,346.9704284667969,348.9645080566406,275.1834411621094,279.1716003417969,87343713
2022-05-17,416.7633056640625,416.7633056640625,424.7396545410156,325.0354919433594,346.9704284667969,234592059
2022-05-18,508.4911193847656,508.4911193847656,518.4615478515625,410.78106689453125,416.7633056640625,261942578
2022-05-19,523.4467163085938,523.4467163085938,613.1804809570312,476.5857849121094,513.476318359375,303446470
2022-05-20,528.4319458007812,528.4319458007812,573.298828125,498.5207214355469,528.4319458007812,175581271
2022-05-23,538.40234375,538.40234375,603.2100830078125,518.4615478515625,528.4319458007812,171652246
2022-05-24,533.4171752929688,533.4171752929688,563.3284301757812,513.476318359375,543.3875732421875,145300683
2022-05-25,508.4911193847656,508.4911193847656,553.3579711914062,498.5207214355469,533.4171752929688,116867562
2022-05-27,488.55029296875,488.55029296875,538.40234375,488.55029296875,508.4911193847656,153319608
2022-05-30,454.65087890625,454.65087890625,503.50592041015625,454.65087890625,488.55029296875,100201253
2022-05-31,424.7396545410156,424.7396545410156,464.6213073730469,424.7396545410156,450.6627197265625,80287035
2022-06-02,396.8224792480469,396.8224792480469,424.7396545410156,396.8224792480469,424.7396545410156,24217549
2022-06-03,370.8994140625,370.8994140625,406.79290771484375,370.8994140625,378.875732421875,78617897
2022-06-06,362.9230651855469,362.9230651855469,376.88165283203125,344.976318359375,368.90533447265625,158426016
2022-06-07,350.9585876464844,350.9585876464844,370.8994140625,338.99407958984375,358.9349060058594,141177083
2022-06-08,402.8047180175781,402.8047180175781,404.798828125,338.99407958984375,346.9704284667969,128377515
2022-06-09,374.8875732421875,374.8875732421875,408.7869873046875,374.8875732421875,404.798828125,19401099
2022-06-10,348.9645080566406,348.9645080566406,392.8343200683594,348.9645080566406,392.8343200683594,9335921
2022-06-13,325.0354919433594,325.0354919433594,327.0295715332031,325.0354919433594,327.0295715332031,2140232
2022-06-14,307.0887451171875,307.0887451171875,337.0,303.1005859375,303.1005859375,129188113
2022-06-15,327.0295715332031,327.0295715332031,331.01776123046875,307.0887451171875,317.0591735839844,82584633
2022-06-16,333.0118408203125,333.0118408203125,342.98223876953125,325.0354919433594,329.023681640625,46458049
2022-06-17,372.89349365234375,372.89349365234375,376.88165283203125,329.023681640625,335.00592041015625,116088456
2022-06-20,346.9704284667969,346.9704284667969,378.875732421875,346.9704284667969,374.8875732421875,10221340
2022-06-21,323.0414123535156,323.0414123535156,333.0118408203125,323.0414123535156,333.0118408203125,1565431
2022-06-22,303.1005859375,303.1005859375,317.0591735839844,301.10650634765625,301.10650634765625,133474795
2022-06-23,283.1597595214844,283.1597595214844,291.1361083984375,283.1597595214844,283.1597595214844,41612614
2022-06-24,265.2130126953125,265.2130126953125,289.1419982910156,265.2130126953125,265.2130126953125,76074071
2022-06-27,251.2544403076172,251.2544403076172,297.11834716796875,247.26626586914062,265.2130126953125,219727681
2022-06-28,251.2544403076172,251.2544403076172,255.2425994873047,235.30177307128906,251.2544403076172,69002048
2022-06-29,235.30177307128906,235.30177307128906,259.23077392578125,235.30177307128906,253.24851989746094,107986386
2022-06-30,219.34910583496094,219.34910583496094,235.30177307128906,219.34910583496094,229.31951904296875,48532587
2022-07-01,205.39053344726562,205.39053344726562,219.34910583496094,205.39053344726562,217.3550262451172,35534431
2022-07-04,205.39053344726562,205.39053344726562,211.37278747558594,191.43194580078125,195.4201202392578,69932701
2022-07-05,191.43194580078125,191.43194580078125,215.36094665527344,191.43194580078125,207.38461303710938,107625318
2022-07-06,178.4704132080078,178.4704132080078,195.4201202392578,178.4704132080078,191.43194580078125,39644992
2022-07-07,170.49407958984375,170.49407958984375,184.45266723632812,166.50592041015625,166.50592041015625,135331388
2022-07-08,169.49703979492188,169.49703979492188,175.4792938232422,166.50592041015625,173.48521423339844,32174490
2022-07-11,171.49111938476562,171.49111938476562,179.4674530029297,167.50296020507812,173.48521423339844,30888586
2022-07-12,172.4881591796875,172.4881591796875,174.4822540283203,169.49703979492188,173.48521423339844,31338517
2022-07-13,197.41419982910156,197.41419982910156,207.38461303710938,172.4881591796875,172.4881591796875,253486259
2022-07-14,186.44674682617188,186.44674682617188,215.36094665527344,184.45266723632812,198.41123962402344,140489950
2022-07-15,177.47337341308594,177.47337341308594,189.4378662109375,176.47633361816406,186.44674682617188,21835502
2022-07-18,179.4674530029297,179.4674530029297,184.45266723632812,176.47633361816406,177.47337341308594,15910372
2022-07-19,192.4290008544922,192.4290008544922,193.42604064941406,177.47337341308594,179.4674530029297,45012874
2022-07-20,194.42308044433594,194.42308044433594,198.41123962402344,188.44082641601562,195.4201202392578,34578102
2022-07-21,181.46153259277344,181.46153259277344,211.37278747558594,181.46153259277344,194.42308044433594,138300573
2022-07-22,175.4792938232422,175.4792938232422,181.46153259277344,172.4881591796875,175.4792938232422,31748831
2022-07-25,177.47337341308594,177.47337341308594,180.46449279785156,174.4822540283203,176.47633361816406,18687889
2022-07-26,170.49407958984375,170.49407958984375,179.4674530029297,170.49407958984375,178.4704132080078,21179260
2022-07-27,173.48521423339844,173.48521423339844,177.47337341308594,172.4881591796875,172.4881591796875,22185337
2022-07-28,175.4792938232422,175.4792938232422,176.47633361816406,171.49111938476562,173.48521423339844,16874624
2022-07-29,180.46449279785156,180.46449279785156,181.46153259277344,174.4822540283203,176.47633361816406,54591513
2022-08-01,175.4792938232422,175.4792938232422,182.4585723876953,173.48521423339844,180.46449279785156,71303657
2022-08-02,171.49111938476562,171.49111938476562,176.47633361816406,170.49407958984375,175.4792938232422,35895700
2022-08-03,171.49111938476562,171.49111938476562,176.47633361816406,171.49111938476562,172.4881591796875,74142857
2022-08-04,172.4881591796875,172.4881591796875,174.4822540283203,170.49407958984375,173.48521423339844,42617888
2022-08-05,169.49703979492188,169.49703979492188,177.47337341308594,168.5,172.4881591796875,110954467
2022-08-08,164.5118408203125,164.5118408203125,171.49111938476562,164.5118408203125,170.49407958984375,58866461
2022-08-09,153.54437255859375,153.54437255859375,165.50888061523438,153.54437255859375,164.5118408203125,113380846
2022-08-10,143.57395935058594,143.57395935058594,154.5414276123047,143.57395935058594,153.54437255859375,44358437
2022-08-11,141.5798797607422,141.5798797607422,144.5709991455078,135.59762573242188,144.5709991455078,35502035
2022-08-12,147.5621337890625,147.5621337890625,154.5414276123047,141.5798797607422,142.57691955566406,50293798
2022-08-15,155.53846740722656,155.53846740722656,157.5325469970703,148.55917358398438,149.55621337890625,38121886
2022-08-16,152.54733276367188,152.54733276367188,157.5325469970703,151.55029296875,156.53550720214844,19730474
2022-08-18,153.54437255859375,153.54437255859375,155.53846740722656,150.55325317382812,153.54437255859375,7129794
2022-08-19,150.55325317382812,150.55325317382812,154.5414276123047,149.55621337890625,154.5414276123047,8691915
2022-08-22,145.56805419921875,145.56805419921875,152.54733276367188,143.57395935058594,150.55325317382812,13309075
2022-08-23,146.56509399414062,146.56509399414062,150.55325317382812,144.5709991455078,145.56805419921875,9429698
2022-08-24,149.55621337890625,149.55621337890625,151.55029296875,146.56509399414062,147.5621337890625,8250910
2022-08-25,153.54437255859375,153.54437255859375,162.5177459716797,149.55621337890625,150.55325317382812,54220214
2022-08-26,146.56509399414062,146.56509399414062,154.5414276123047,144.5709991455078,153.54437255859375,18081595
2022-08-29,144.5709991455078,144.5709991455078,148.55917358398438,144.5709991455078,146.56509399414062,6030441
2022-08-30,147.5621337890625,147.5621337890625,148.55917358398438,144.5709991455078,144.5709991455078,6641649
2022-08-31,150.55325317382812,150.55325317382812,151.55029296875,144.5709991455078,147.5621337890625,11337843
2022-09-01,147.5621337890625,147.5621337890625,155.53846740722656,146.56509399414062,150.55325317382812,15398658
2022-09-02,153.54437255859375,153.54437255859375,156.53550720214844,148.55917358398438,148.55917358398438,29424254
2022-09-05,205.39053344726562,205.39053344726562,205.39053344726562,153.54437255859375,155.53846740722656,530922677
2022-09-06,229.31951904296875,229.31951904296875,245.27218627929688,215.36094665527344,219.34910583496094,358761624
2022-09-07,213.3668670654297,213.3668670654297,235.30177307128906,213.3668670654297,233.3076934814453,33021195
2022-09-08,199.4082794189453,199.4082794189453,213.3668670654297,199.4082794189453,213.3668670654297,11481669
2022-09-09,203.39645385742188,203.39645385742188,227.325439453125,185.44970703125,185.44970703125,198801971
2022-09-12,201.40235900878906,201.40235900878906,213.3668670654297,195.4201202392578,207.38461303710938,56149823
2022-09-13,188.44082641601562,188.44082641601562,203.39645385742188,187.44378662109375,201.40235900878906,70090367
2022-09-14,203.39645385742188,203.39645385742188,211.37278747558594,186.44674682617188,188.44082641601562,156421084
2022-09-15,253.24851989746094,253.24851989746094,253.24851989746094,207.38461303710938,209.37869262695312,385970023
2022-09-16,241.28402709960938,241.28402709960938,301.10650634765625,237.2958526611328,259.23077392578125,1019028978
2022-09-19,275.1834411621094,275.1834411621094,275.1834411621094,239.28994750976562,241.28402709960938,382477490
2022-09-20,303.1005859375,303.1005859375,319.0532531738281,277.1775207519531,279.1716003417969,715243103
2022-09-21,358.9349060058594,358.9349060058594,366.9112548828125,303.1005859375,307.0887451171875,603740614
2022-09-22,448.66864013671875,448.66864013671875,448.66864013671875,362.9230651855469,362.9230651855469,743373730
2022-09-23,448.66864013671875,448.66864013671875,448.66864013671875,448.66864013671875,448.66864013671875,0
2022-09-26,418.75738525390625,418.75738525390625,488.55029296875,418.75738525390625,488.55029296875,24346631
2022-09-27,390.8402404785156,390.8402404785156,390.8402404785156,390.8402404785156,390.8402404785156,11326309
2022-09-28,364.9171447753906,364.9171447753906,364.9171447753906,364.9171447753906,364.9171447753906,4822367
2022-09-29,340.9881591796875,340.9881591796875,340.9881591796875,340.9881591796875,340.9881591796875,6429923
2022-09-30,410.78106689453125,410.78106689453125,418.75738525390625,319.0532531738281,319.0532531738281,630826450
2022-10-03,382.8638916015625,382.8638916015625,442.6864013671875,382.8638916015625,418.75738525390625,377133680
2022-10-04,368.90533447265625,368.90533447265625,408.7869873046875,356.9408264160156,378.875732421875,395997389
2022-10-05,388.8461608886719,388.8461608886719,402.8047180175781,366.9112548828125,370.8994140625,409465636
2022-10-06,370.8994140625,370.8994140625,400.8106384277344,370.8994140625,390.8402404785156,241708112
2022-10-07,350.9585876464844,350.9585876464844,380.86981201171875,348.9645080566406,374.8875732421875,147856545
2022-10-10,338.99407958984375,338.99407958984375,368.90533447265625,338.99407958984375,352.9526672363281,117700125
2022-10-11,321.0473327636719,321.0473327636719,362.9230651855469,321.0473327636719,340.9881591796875,148905147
2022-10-12,299.1124267578125,299.1124267578125,333.0118408203125,299.1124267578125,323.0414123535156,132564302
2022-10-13,295.124267578125,295.124267578125,323.0414123535156,279.1716003417969,289.1419982910156,407337340
2022-10-14,277.1775207519531,277.1775207519531,315.0650939941406,275.1834411621094,297.11834716796875,115010066
2022-10-17,265.2130126953125,265.2130126953125,283.1597595214844,259.23077392578125,261.224853515625,78341278
2022-10-18,265.2130126953125,265.2130126953125,299.1124267578125,257.2366943359375,269.201171875,208583510
2022-10-19,309.0828552246094,309.0828552246094,309.0828552246094,253.24851989746094,253.24851989746094,283616301
2022-10-20,289.1419982910156,289.1419982910156,313.0710144042969,289.1419982910156,313.0710144042969,167079919
2022-10-21,283.1597595214844,283.1597595214844,299.1124267578125,273.1893615722656,273.1893615722656,123504698
2022-10-24,281.1656799316406,281.1656799316406,297.11834716796875,277.1775207519531,285.1538391113281,65411926
2022-10-25,283.1597595214844,283.1597595214844,295.124267578125,277.1775207519531,287.1479187011719,48179342
2022-10-26,281.1656799316406,281.1656799316406,291.1361083984375,277.1775207519531,283.1597595214844,39458541
2022-10-27,275.1834411621094,275.1834411621094,285.1538391113281,275.1834411621094,283.1597595214844,33607229
2022-10-28,257.2366943359375,257.2366943359375,277.1775207519531,257.2366943359375,277.1775207519531,37229446
2022-10-31,267.20709228515625,267.20709228515625,283.1597595214844,255.2425994873047,259.23077392578125,50439128
2022-11-01,259.23077392578125,259.23077392578125,275.1834411621094,257.2366943359375,271.19525146484375,34067591
2022-11-02,261.224853515625,261.224853515625,273.1893615722656,257.2366943359375,261.224853515625,28557289
2022-11-03,261.224853515625,261.224853515625,271.19525146484375,259.23077392578125,265.2130126953125,20705157
2022-11-04,243.27810668945312,243.27810668945312,263.21893310546875,243.27810668945312,263.21893310546875,44506977
2022-11-07,239.28994750976562,239.28994750976562,257.2366943359375,229.31951904296875,253.24851989746094,58366381
2022-11-08,243.27810668945312,243.27810668945312,245.27218627929688,237.2958526611328,239.28994750976562,20432350
2022-11-09,251.2544403076172,251.2544403076172,255.2425994873047,243.27810668945312,245.27218627929688,43286165
2022-11-10,239.28994750976562,239.28994750976562,259.23077392578125,237.2958526611328,253.24851989746094,21194305
2022-11-11,229.31951904296875,229.31951904296875,243.27810668945312,229.31951904296875,241.28402709960938,22338289
2022-11-14,227.325439453125,227.325439453125,251.2544403076172,219.34910583496094,229.31951904296875,71005074
2022-11-15,229.31951904296875,229.31951904296875,241.28402709960938,227.325439453125,229.31951904296875,36157976
2022-11-16,227.325439453125,227.325439453125,239.28994750976562,225.33135986328125,231.31361389160156,24023475
2022-11-17,223.3372802734375,223.3372802734375,231.31361389160156,221.34320068359375,229.31951904296875,12302297
2022-11-18,217.3550262451172,217.3550262451172,229.31951904296875,217.3550262451172,225.33135986328125,14767189
2022-11-21,215.36094665527344,215.36094665527344,225.33135986328125,211.37278747558594,217.3550262451172,18137862
2022-11-22,239.28994750976562,239.28994750976562,249.26036071777344,211.37278747558594,211.37278747558594,239250943
2022-11-23,229.31951904296875,229.31951904296875,247.26626586914062,229.31951904296875,241.28402709960938,51874474
2022-11-24,225.33135986328125,225.33135986328125,235.30177307128906,223.3372802734375,235.30177307128906,20843065
2022-11-25,225.33135986328125,225.33135986328125,227.325439453125,219.34910583496094,221.34320068359375,11296020
2022-11-28,219.34910583496094,219.34910583496094,227.325439453125,215.36094665527344,225.33135986328125,12059779
2022-11-29,221.34320068359375,221.34320068359375,227.325439453125,219.34910583496094,219.34910583496094,14702899
2022-11-30,237.2958526611328,237.2958526611328,247.26626586914062,223.3372802734375,225.33135986328125,97396455
2022-12-01,269.201171875,269.201171875,273.1893615722656,237.2958526611328,237.2958526611328,228303955
2022-12-02,251.2544403076172,251.2544403076172,279.1716003417969,251.2544403076172,271.19525146484375,131022841
2022-12-05,273.1893615722656,273.1893615722656,273.1893615722656,241.28402709960938,253.24851989746094,164840794
2022-12-06,255.2425994873047,255.2425994873047,277.1775207519531,255.2425994873047,275.1834411621094,63197073
2022-12-07,239.28994750976562,239.28994750976562,261.224853515625,239.28994750976562,255.2425994873047,60201109
2022-12-08,251.2544403076172,251.2544403076172,261.224853515625,237.2958526611328,243.27810668945312,56625932
2022-12-09,243.27810668945312,243.27810668945312,255.2425994873047,239.28994750976562,251.2544403076172,19335605
2022-12-12,241.28402709960938,241.28402709960938,253.24851989746094,241.28402709960938,243.27810668945312,31130502
2022-12-13,229.31951904296875,229.31951904296875,247.26626586914062,227.325439453125,241.28402709960938,37467851
2022-12-14,223.3372802734375,223.3372802734375,233.3076934814453,221.34320068359375,229.31951904296875,18485490
2022-12-15,237.2958526611328,237.2958526611328,243.27810668945312,223.3372802734375,223.3372802734375,66527527
2022-12-16,265.2130126953125,265.2130126953125,277.1775207519531,229.31951904296875,239.28994750976562,221839630
2022-12-19,291.1361083984375,291.1361083984375,297.11834716796875,265.2130126953125,271.19525146484375,257334043
2022-12-20,279.1716003417969,279.1716003417969,307.0887451171875,275.1834411621094,293.13018798828125,194734838
2022-12-21,299.1124267578125,299.1124267578125,299.1124267578125,267.20709228515625,283.1597595214844,171403310
2022-12-22,291.1361083984375,291.1361083984375,307.0887451171875,289.1419982910156,303.1005859375,125226793
2022-12-23,281.1656799316406,281.1656799316406,297.11834716796875,281.1656799316406,289.1419982910156,92101389
2022-12-26,285.1538391113281,285.1538391113281,295.124267578125,281.1656799316406,281.1656799316406,73723115
2022-12-27,277.1775207519531,277.1775207519531,295.124267578125,277.1775207519531,287.1479187011719,53863258
2022-12-28,259.23077392578125,259.23077392578125,279.1716003417969,259.23077392578125,279.1716003417969,62617759
2022-12-29,253.24851989746094,253.24851989746094,269.201171875,245.27218627929688,259.23077392578125,76255508
2022-12-30,251.2544403076172,251.2544403076172,259.23077392578125,249.26036071777344,253.24851989746094,29472396
2023-01-02,281.1656799316406,281.1656799316406,285.1538391113281,251.2544403076172,253.24851989746094,168967503
2023-01-03,273.1893615722656,273.1893615722656,289.1419982910156,271.19525146484375,283.1597595214844,77799676
2023-01-04,265.2130126953125,265.2130126953125,283.1597595214844,263.21893310546875,273.1893615722656,51247319
2023-01-05,275.1834411621094,275.1834411621094,285.1538391113281,259.23077392578125,267.20709228515625,147636895
2023-01-06,269.201171875,269.201171875,281.1656799316406,265.2130126953125,279.1716003417969,36945004
2023-01-09,267.20709228515625,267.20709228515625,277.1775207519531,265.2130126953125,269.201171875,27050430
2023-01-10,249.26036071777344,249.26036071777344,269.201171875,249.26036071777344,251.2544403076172,65632278
2023-01-11,243.27810668945312,243.27810668945312,261.224853515625,239.28994750976562,249.26036071777344,63550118
2023-01-12,243.27810668945312,243.27810668945312,247.26626586914062,239.28994750976562,245.27218627929688,15808771
2023-01-13,251.2544403076172,251.2544403076172,251.2544403076172,243.27810668945312,245.27218627929688,30046795
2023-01-16,249.26036071777344,249.26036071777344,259.23077392578125,245.27218627929688,257.2366943359375,26177648
2023-01-17,263.21893310546875,263.21893310546875,265.2130126953125,247.26626586914062,251.2544403076172,82115946
2023-01-18,253.24851989746094,253.24851989746094,267.20709228515625,251.2544403076172,267.20709228515625,48581231
2023-01-19,237.2958526611328,237.2958526611328,261.224853515625,237.2958526611328,253.24851989746094,157523245
2023-01-20,221.34320068359375,221.34320068359375,243.27810668945312,221.34320068359375,235.30177307128906,151330021
2023-01-24,211.37278747558594,211.37278747558594,233.3076934814453,207.38461303710938,215.36094665527344,170489406
2023-01-25,197.41419982910156,197.41419982910156,215.36094665527344,197.41419982910156,207.38461303710938,242831436
2023-01-26,195.4201202392578,195.4201202392578,199.4082794189453,190.43490600585938,198.41123962402344,34435480
2023-01-27,209.37869262695312,209.37869262695312,215.36094665527344,198.41123962402344,199.4082794189453,191919108
2023-01-30,203.39645385742188,203.39645385742188,221.34320068359375,199.4082794189453,211.37278747558594,133417727
2023-01-31,205.39053344726562,205.39053344726562,213.3668670654297,199.4082794189453,205.39053344726562,53262080
2023-02-01,201.40235900878906,201.40235900878906,207.38461303710938,201.40235900878906,207.38461303710938,25618795
2023-02-02,209.37869262695312,209.37869262695312,209.37869262695312,201.40235900878906,201.40235900878906,40815455
2023-02-03,203.39645385742188,203.39645385742188,211.37278747558594,201.40235900878906,209.37869262695312,43448245
2023-02-06,201.40235900878906,201.40235900878906,207.38461303710938,196.4171600341797,201.40235900878906,30077286
2023-02-07,199.4082794189453,199.4082794189453,203.39645385742188,198.41123962402344,203.39645385742188,21052284
2023-02-08,196.4171600341797,196.4171600341797,201.40235900878906,195.4201202392578,201.40235900878906,21516157
2023-02-09,196.4171600341797,196.4171600341797,205.39053344726562,195.4201202392578,197.41419982910156,39856518
2023-02-10,201.40235900878906,201.40235900878906,207.38461303710938,197.41419982910156,197.41419982910156,51159860
2023-02-13,199.4082794189453,199.4082794189453,205.39053344726562,198.41123962402344,201.40235900878906,18812056
2023-02-14,198.41123962402344,198.41123962402344,203.39645385742188,198.41123962402344,199.4082794189453,15125851
2023-02-15,185.44970703125,185.44970703125,199.4082794189453,185.44970703125,195.4201202392578,60244036
2023-02-16,172.4881591796875,172.4881591796875,183.45562744140625,172.4881591796875,183.45562744140625,19740804
2023-02-17,168.5,168.5,178.4704132080078,160.52366638183594,161.5207061767578,100909849
2023-02-20,172.4881591796875,172.4881591796875,176.47633361816406,164.5118408203125,168.5,43973900
2023-02-21,201.40235900878906,201.40235900878906,203.39645385742188,172.4881591796875,172.4881591796875,345624758
2023-02-22,187.44378662109375,187.44378662109375,217.3550262451172,187.44378662109375,205.39053344726562,159892755
2023-02-23,179.4674530029297,179.4674530029297,190.43490600585938,178.4704132080078,185.44970703125,57959176
2023-02-24,186.44674682617188,186.44674682617188,195.4201202392578,179.4674530029297,180.46449279785156,166673918
2023-02-27,180.46449279785156,180.46449279785156,188.44082641601562,179.4674530029297,187.44378662109375,28603124
2023-02-28,178.4704132080078,178.4704132080078,183.45562744140625,176.47633361816406,181.46153259277344,24370802
2023-03-01,178.4704132080078,178.4704132080078,186.44674682617188,175.4792938232422,178.4704132080078,52489895
2023-03-02,175.4792938232422,175.4792938232422,182.4585723876953,175.4792938232422,179.4674530029297,22969657
2023-03-03,176.47633361816406,176.47633361816406,179.4674530029297,175.4792938232422,177.47337341308594,20868741
2023-03-06,185.44970703125,185.44970703125,188.44082641601562,177.47337341308594,178.4704132080078,60296291
2023-03-07,201.40235900878906,201.40235900878906,211.37278747558594,188.44082641601562,190.43490600585938,272023402
2023-03-08,197.41419982910156,197.41419982910156,209.37869262695312,195.4201202392578,203.39645385742188,106530178
2023-03-09,193.42604064941406,193.42604064941406,203.39645385742188,191.43194580078125,197.41419982910156,37311789
2023-03-10,185.44970703125,185.44970703125,194.42308044433594,183.45562744140625,193.42604064941406,42239669
2023-03-13,184.45266723632812,184.45266723632812,193.42604064941406,177.47337341308594,185.44970703125,51534468
2023-03-14,174.4822540283203,174.4822540283203,186.44674682617188,172.4881591796875,185.44970703125,47571143
2023-03-15,175.4792938232422,175.4792938232422,181.46153259277344,172.4881591796875,174.4822540283203,23270848
2023-03-16,171.49111938476562,171.49111938476562,176.47633361816406,167.50296020507812,176.47633361816406,26583750
2023-03-17,179.4674530029297,179.4674530029297,179.4674530029297,170.49407958984375,172.4881591796875,35814760
2023-03-20,175.4792938232422,175.4792938232422,185.44970703125,173.48521423339844,181.46153259277344,43325281
2023-03-21,175.4792938232422,175.4792938232422,182.4585723876953,174.4822540283203,178.4704132080078,18644561
2023-03-24,173.48521423339844,173.48521423339844,177.47337341308594,172.4881591796875,176.47633361816406,17195072
2023-03-27,173.48521423339844,173.48521423339844,175.4792938232422,171.49111938476562,174.4822540283203,13241275
2023-03-28,179.4674530029297,179.4674530029297,179.4674530029297,173.48521423339844,174.4822540283203,25183206
2023-03-29,176.47633361816406,176.47633361816406,189.4378662109375,175.4792938232422,189.4378662109375,31804195
2023-03-30,174.4822540283203,174.4822540283203,178.4704132080078,174.4822540283203,176.47633361816406,13452400
2023-03-31,177.47337341308594,177.47337341308594,182.4585723876953,174.4822540283203,175.4792938232422,40622384
2023-04-03,176.47633361816406,176.47633361816406,179.4674530029297,175.4792938232422,178.4704132080078,13784081
2023-04-04,175.4792938232422,175.4792938232422,178.4704132080078,174.4822540283203,178.4704132080078,10032281
2023-04-05,173.48521423339844,173.48521423339844,177.47337341308594,173.48521423339844,175.4792938232422,9310044
2023-04-06,185.44970703125,185.44970703125,185.44970703125,172.4881591796875,173.48521423339844,84880826
2023-04-10,176.47633361816406,176.47633361816406,193.42604064941406,176.47633361816406,187.44378662109375,113467101
2023-04-11,178.4704132080078,178.4704132080078,184.45266723632812,176.47633361816406,176.47633361816406,42373866
2023-04-12,175.4792938232422,175.4792938232422,181.46153259277344,174.4822540283203,180.46449279785156,31661071
2023-04-13,176.47633361816406,176.47633361816406,183.45562744140625,175.4792938232422,177.47337341308594,41550731
2023-04-14,176.47633361816406,176.47633361816406,179.4674530029297,175.4792938232422,177.47337341308594,11989872
2023-04-17,175.4792938232422,175.4792938232422,178.4704132080078,174.4822540283203,177.47337341308594,10492141
2023-04-18,173.48521423339844,173.48521423339844,176.47633361816406,173.48521423339844,176.47633361816406,16633110
2023-04-26,177.47337341308594,177.47337341308594,179.4674530029297,172.4881591796875,173.48521423339844,14575823
2023-04-27,175.4792938232422,175.4792938232422,178.4704132080078,174.4822540283203,177.47337341308594,9849239
2023-04-28,176.47633361816406,176.47633361816406,181.46153259277344,174.4822540283203,175.4792938232422,24102709
2023-05-02,176.47633361816406,176.47633361816406,178.4704132080078,175.4792938232422,177.47337341308594,8831328
2023-05-03,170.49407958984375,170.49407958984375,177.47337341308594,167.50296020507812,176.47633361816406,23258712
2023-05-04,169.49703979492188,169.49703979492188,173.48521423339844,167.50296020507812,171.49111938476562,14875309
2023-05-05,168.5,168.5,174.4822540283203,166.50592041015625,170.49407958984375,25102668
2023-05-08,170.49407958984375,170.49407958984375,170.49407958984375,166.50592041015625,169.49703979492188,10060163
2023-05-09,169.49703979492188,169.49703979492188,171.49111938476562,168.5,170.49407958984375,8830525
2023-05-10,169.49703979492188,169.49703979492188,174.4822540283203,169.49703979492188,170.49407958984375,36001112
2023-05-11,169.49703979492188,169.49703979492188,171.49111938476562,168.5,170.49407958984375,11609046
2023-05-12,169.49703979492188,169.49703979492188,171.49111938476562,168.5,169.49703979492188,5696453
2023-05-15,168.5,168.5,171.49111938476562,167.50296020507812,169.49703979492188,17171904
2023-05-16,166.50592041015625,166.50592041015625,170.49407958984375,166.50592041015625,170.49407958984375,11453686
2023-05-17,163.51478576660156,163.51478576660156,167.50296020507812,160.52366638183594,166.50592041015625,17451130
2023-05-19,157.5325469970703,157.5325469970703,164.5118408203125,156.53550720214844,163.51478576660156,16393501
2023-05-22,148.55917358398438,148.55917358398438,158.5295867919922,146.56509399414062,158.5295867919922,27702259
2023-05-23,152.54733276367188,152.54733276367188,156.53550720214844,138.58876037597656,138.58876037597656,23045080
2023-05-24,149.55621337890625,149.55621337890625,153.54437255859375,142.57691955566406,142.57691955566406,7298994
2023-05-25,151.55029296875,151.55029296875,152.54733276367188,149.55621337890625,150.55325317382812,5740784
2023-05-26,161.5207061767578,161.5207061767578,165.50888061523438,150.55325317382812,151.55029296875,57366724
2023-05-29,152.54733276367188,152.54733276367188,163.51478576660156,150.55325317382812,161.5207061767578,42578371
2023-05-30,149.55621337890625,149.55621337890625,154.5414276123047,149.55621337890625,152.54733276367188,7346334
2023-05-31,141.5798797607422,141.5798797607422,151.55029296875,141.5798797607422,151.55029296875,17132989
2023-06-05,141.5798797607422,141.5798797607422,145.56805419921875,139.58580017089844,142.57691955566406,8718394
2023-06-06,144.5709991455078,144.5709991455078,147.5621337890625,140.5828399658203,142.57691955566406,8005785
2023-06-07,147.5621337890625,147.5621337890625,148.55917358398438,144.5709991455078,146.56509399414062,5271797
2023-06-08,144.5709991455078,144.5709991455078,148.55917358398438,144.5709991455078,147.5621337890625,5052548
2023-06-09,148.55917358398438,148.55917358398438,149.55621337890625,144.5709991455078,144.5709991455078,6749669
2023-06-12,162.5177459716797,162.5177459716797,162.5177459716797,148.55917358398438,148.55917358398438,37564036
2023-06-13,159.52662658691406,159.52662658691406,167.50296020507812,156.53550720214844,163.51478576660156,42204866
2023-06-14,158.5295867919922,158.5295867919922,161.5207061767578,155.53846740722656,159.52662658691406,10803763
2023-06-15,157.5325469970703,157.5325469970703,164.5118408203125,155.53846740722656,159.52662658691406,25990896
2023-06-16,158.5295867919922,158.5295867919922,159.52662658691406,155.53846740722656,157.5325469970703,8969336
2023-06-19,157.5325469970703,157.5325469970703,159.52662658691406,156.53550720214844,158.5295867919922,5046731
2023-06-20,150.55325317382812,150.55325317382812,157.5325469970703,149.55621337890625,155.53846740722656,16676538
2023-06-21,156.53550720214844,156.53550720214844,157.5325469970703,149.55621337890625,151.55029296875,8752896
2023-06-22,155.53846740722656,155.53846740722656,159.52662658691406,154.5414276123047,156.53550720214844,7793256
2023-06-23,151.55029296875,151.55029296875,155.53846740722656,150.55325317382812,155.53846740722656,5658039
2023-06-26,159.52662658691406,159.52662658691406,162.5177459716797,151.55029296875,152.54733276367188,28277461
2023-06-27,159.52662658691406,159.52662658691406,161.5207061767578,156.53550720214844,160.52366638183594,11206856
2023-07-03,159.52662658691406,159.52662658691406,160.52366638183594,154.5414276123047,159.52662658691406,7096395
2023-07-04,166.50592041015625,166.50592041015625,166.50592041015625,158.5295867919922,159.52662658691406,99190563
2023-07-05,165.50888061523438,165.50888061523438,169.49703979492188,164.5118408203125,169.49703979492188,57962486
2023-07-06,168.5,168.5,170.49407958984375,165.50888061523438,165.50888061523438,64719878
2023-07-07,167.50296020507812,167.50296020507812,169.49703979492188,166.50592041015625,168.5,37767036
2023-07-10,168.5,168.5,169.49703979492188,166.50592041015625,167.50296020507812,42001966
2023-07-11,168.0,168.0,169.0,166.0,169.0,37812400
2023-07-12,168.0,168.0,169.0,164.0,169.0,204463400
2023-07-13,170.0,170.0,173.0,168.0,168.0,161375200
2023-07-14,170.0,170.0,171.0,168.0,171.0,31896600
2023-07-17,169.0,169.0,170.0,149.0,169.0,88152000
2023-07-18,165.0,165.0,170.0,165.0,169.0,76613700
2023-07-20,158.0,158.0,164.0,157.0,164.0,31950500
2023-07-21,158.0,158.0,160.0,155.0,159.0,8632400
2023-07-24,159.0,159.0,160.0,155.0,158.0,8264600
2023-07-25,161.0,161.0,163.0,158.0,160.0,47866800
2023-07-26,159.0,159.0,161.0,158.0,161.0,13084300
2023-07-27,157.0,157.0,160.0,157.0,159.0,7318400
2023-07-28,157.0,157.0,164.0,156.0,157.0,430093200
2023-07-31,152.0,152.0,159.0,151.0,158.0,27091700
2023-08-01,139.0,139.0,152.0,137.0,152.0,54762200
2023-08-02,138.0,138.0,143.0,132.0,137.0,13776900
2023-08-03,138.0,138.0,142.0,134.0,137.0,11028300
2023-08-04,141.0,141.0,144.0,136.0,138.0,11695500
2023-08-07,141.0,141.0,144.0,140.0,142.0,9651200
2023-08-08,139.0,139.0,144.0,139.0,140.0,12652000
2023-08-09,140.0,140.0,142.0,139.0,140.0,4080800
2023-08-10,137.0,137.0,141.0,136.0,141.0,8166600
2023-08-11,139.0,139.0,139.0,136.0,137.0,3690800
2023-08-14,138.0,138.0,139.0,136.0,139.0,5097000
2023-08-15,137.0,137.0,139.0,137.0,138.0,4779500
2023-08-16,138.0,138.0,139.0,136.0,138.0,3901200
2023-08-18,136.0,136.0,138.0,136.0,138.0,3496600
2023-08-21,136.0,136.0,140.0,135.0,136.0,21495800
2023-08-22,137.0,137.0,138.0,135.0,136.0,20935400
2023-08-23,145.0,145.0,147.0,137.0,138.0,69088900
2023-08-24,141.0,141.0,148.0,140.0,147.0,25611500
2023-08-25,138.0,138.0,143.0,138.0,143.0,14971300
2023-08-28,139.0,139.0,141.0,137.0,139.0,32244000
2023-08-29,139.0,139.0,141.0,137.0,140.0,46131900
2023-08-30,142.0,142.0,158.0,139.0,140.0,392124100
2023-08-31,135.0,135.0,148.0,134.0,143.0,286847200
2023-09-01,124.0,124.0,137.0,118.0,136.0,142830600
2023-09-04,122.0,122.0,127.0,116.0,116.0,34732500
2023-09-05,117.0,117.0,124.0,116.0,124.0,46790200
2023-09-06,122.0,122.0,123.0,115.0,118.0,41461000
2023-09-07,118.0,118.0,129.0,117.0,123.0,55498800
2023-09-08,119.0,119.0,121.0,117.0,118.0,22437300
2023-09-11,117.0,117.0,120.0,103.0,103.0,19831700
2023-09-12,117.0,117.0,119.0,115.0,118.0,19184500
2023-09-13,114.0,114.0,118.0,114.0,117.0,26038800
2023-09-14,114.0,114.0,117.0,113.0,114.0,32950300
2023-09-15,111.0,111.0,115.0,110.0,114.0,45471100
2023-09-18,105.0,105.0,112.0,103.0,103.0,49879600
2023-09-19,102.0,102.0,107.0,89.0,95.0,44132800
2023-09-20,111.0,111.0,114.0,102.0,102.0,106930900
2023-09-21,106.0,106.0,113.0,106.0,112.0,34363100
2023-09-22,107.0,107.0,111.0,106.0,108.0,32320400
2023-09-25,106.0,106.0,108.0,103.0,107.0,38802400
2023-09-26,102.0,102.0,108.0,101.0,106.0,44204600
2023-09-27,101.0,101.0,105.0,101.0,102.0,34757400
2023-09-29,103.0,103.0,106.0,101.0,101.0,69067200
2023-10-02,102.0,102.0,107.0,101.0,103.0,81244800
2023-10-03,101.0,101.0,105.0,100.0,103.0,65585800
2023-10-04,96.0,96.0,102.0,95.0,101.0,71794700
2023-10-05,93.0,93.0,99.0,93.0,97.0,87392900
2023-10-06,91.0,91.0,95.0,76.0,83.0,99812000
2023-10-09,88.0,88.0,96.0,86.0,91.0,61591400
2023-10-10,91.0,91.0,93.0,87.0,89.0,59562500
2023-10-11,90.0,90.0,93.0,88.0,92.0,98660200
2023-10-12,88.0,88.0,93.0,88.0,90.0,73376500
2023-10-13,84.0,84.0,90.0,83.0,89.0,82303400
2023-10-16,79.0,79.0,84.0,77.0,84.0,95347300
2023-10-17,92.0,92.0,93.0,78.0,78.0,252015700
2023-10-18,88.0,88.0,95.0,85.0,92.0,166407400
2023-10-19,84.0,84.0,90.0,83.0,88.0,138302700
2023-10-20,83.0,83.0,89.0,83.0,84.0,112080600
2023-10-23,83.0,83.0,91.0,80.0,83.0,225270100
2023-10-24,83.0,83.0,87.0,83.0,84.0,137849600
2023-10-25,87.0,87.0,89.0,83.0,84.0,167055500
2023-10-26,84.0,84.0,90.0,83.0,87.0,117075600
2023-10-27,82.0,82.0,86.0,82.0,84.0,16823800
2023-10-30,82.0,82.0,84.0,79.0,82.0,29959100
2023-10-31,81.0,81.0,83.0,81.0,83.0,7442300
2023-11-01,79.0,79.0,81.0,79.0,81.0,8202700
2023-11-02,83.0,83.0,83.0,79.0,80.0,14814500
2023-11-03,83.0,83.0,85.0,82.0,84.0,15084000
2023-11-06,83.0,83.0,85.0,83.0,84.0,20844100
2023-11-07,82.0,82.0,85.0,82.0,84.0,9206600
2023-11-08,81.0,81.0,83.0,80.0,82.0,7229700
2023-11-09,81.0,81.0,82.0,80.0,82.0,6299000
2023-11-10,81.0,81.0,82.0,80.0,81.0,5886900
2023-11-13,80.0,80.0,82.0,79.0,81.0,7058900
2023-11-14,79.0,79.0,81.0,72.0,72.0,10423900
2023-11-15,78.0,78.0,81.0,77.0,79.0,13099100
2023-11-16,78.0,78.0,79.0,77.0,79.0,11076700
2023-11-17,76.0,76.0,78.0,75.0,78.0,12946500
2023-11-20,74.0,74.0,77.0,71.0,77.0,23023300
2023-11-21,72.0,72.0,74.0,71.0,74.0,14376800
2023-11-22,73.0,73.0,77.0,64.0,64.0,127912300
2023-11-23,74.0,74.0,75.0,73.0,74.0,9402100
2023-11-24,77.0,77.0,78.0,73.0,74.0,18120300
2023-11-27,78.0,78.0,79.0,75.0,77.0,10555900
2023-11-28,77.0,77.0,79.0,76.0,78.0,10699500
2023-11-29,80.0,80.0,80.0,75.0,77.0,16865100
2023-11-30,80.0,80.0,82.0,79.0,80.0,17514700
2023-12-01,82.0,82.0,82.0,77.0,80.0,9233000
2023-12-04,80.0,80.0,83.0,79.0,82.0,10323100
2023-12-05,78.0,78.0,81.0,77.0,81.0,7621200
2023-12-06,79.0,79.0,80.0,77.0,78.0,9179100
2023-12-07,75.0,75.0,80.0,74.0,80.0,14330200
2023-12-08,75.0,75.0,77.0,74.0,75.0,9303600
2023-12-11,73.0,73.0,75.0,72.0,75.0,14217400
2023-12-12,74.0,74.0,83.0,71.0,73.0,79245000
2023-12-13,76.0,76.0,81.0,73.0,74.0,72543600
2023-12-14,76.0,76.0,82.0,74.0,77.0,97013200
2023-12-15,75.0,75.0,77.0,75.0,76.0,10280500
2023-12-18,73.0,73.0,79.0,72.0,75.0,38972700
2023-12-19,74.0,74.0,76.0,72.0,73.0,8436900
2023-12-20,74.0,74.0,75.0,73.0,75.0,8531500
2023-12-21,73.0,73.0,75.0,73.0,74.0,5889300
2023-12-22,74.0,74.0,76.0,73.0,74.0,16959600
2023-12-27,74.0,74.0,75.0,73.0,74.0,4589400
2023-12-28,75.0,75.0,77.0,74.0,75.0,29259500
2023-12-29,75.0,75.0,76.0,74.0,76.0,4459300
2024-01-02,74.0,74.0,76.0,74.0,75.0,4667100
2024-01-03,74.0,74.0,76.0,74.0,75.0,3071800
2024-01-04,75.0,75.0,76.0,75.0,75.0,5548800
2024-01-05,75.0,75.0,76.0,74.0,76.0,6917800
2024-01-08,76.0,76.0,79.0,74.0,75.0,21497700
2024-01-09,74.0,74.0,77.0,74.0,76.0,16699200
2024-01-10,73.0,73.0,76.0,73.0,75.0,6697200
2024-01-11,72.0,72.0,75.0,71.0,74.0,20168800
2024-01-12,73.0,73.0,74.0,72.0,72.0,5488300
2024-01-15,72.0,72.0,74.0,72.0,73.0,5107300
2024-01-16,72.0,72.0,73.0,71.0,73.0,4619500
2024-01-17,71.0,71.0,73.0,71.0,73.0,3918600
2024-01-18,71.0,71.0,72.0,62.0,62.0,7038100
2024-01-19,71.0,71.0,72.0,70.0,71.0,2787600
2024-01-22,70.0,70.0,72.0,69.0,71.0,9404100
2024-01-23,70.0,70.0,72.0,69.0,71.0,5171200
2024-01-24,67.0,67.0,70.0,66.0,70.0,11264500
2024-01-25,67.0,67.0,69.0,66.0,68.0,7342500
2024-01-26,67.0,67.0,68.0,65.0,68.0,6852600
2024-01-29,64.0,64.0,67.0,64.0,65.0,5193300
2024-01-30,67.0,67.0,67.0,64.0,65.0,5863100
2024-01-31,65.0,65.0,68.0,65.0,67.0,2650600
2024-02-01,65.0,65.0,66.0,64.0,65.0,2646200
2024-02-02,66.0,66.0,66.0,64.0,65.0,5778500
2024-02-05,64.0,64.0,67.0,64.0,67.0,5939500
2024-02-06,62.0,62.0,65.0,62.0,65.0,3913700
2024-02-07,60.0,60.0,63.0,60.0,60.0,8872100
2024-02-12,55.0,55.0,61.0,51.0,60.0,26150300
2024-02-13,55.0,55.0,60.0,53.0,56.0,10538200
2024-02-15,57.0,57.0,58.0,55.0,56.0,6127500
2024-02-16,55.0,55.0,59.0,55.0,57.0,8066300
2024-02-19,55.0,55.0,57.0,55.0,56.0,2599300
2024-02-20,54.0,54.0,56.0,54.0,56.0,3806700
2024-02-21,56.0,56.0,57.0,52.0,54.0,17118400
2024-02-22,54.0,54.0,57.0,53.0,57.0,6659800
2024-02-23,54.0,54.0,55.0,54.0,55.0,1205200
2024-02-26,54.0,54.0,55.0,53.0,54.0,3065300
2024-02-27,53.0,53.0,55.0,53.0,54.0,2746100
2024-02-28,54.0,54.0,54.0,52.0,52.0,3365400
2024-02-29,53.0,53.0,56.0,52.0,54.0,10692900
2024-03-01,53.0,53.0,53.0,52.0,53.0,4690000
2024-03-04,52.0,52.0,53.0,51.0,53.0,10590200
2024-03-05,50.0,50.0,52.0,50.0,52.0,30493100
2024-03-06,51.0,51.0,53.0,50.0,51.0,18239400
2024-03-07,51.0,51.0,52.0,50.0,52.0,9895500
2024-03-08,51.0,51.0,51.0,50.0,51.0,6887800
2024-03-13,51.0,51.0,51.0,50.0,51.0,4252300
2024-03-14,51.0,51.0,51.0,50.0,51.0,4495500
2024-03-15,51.0,51.0,51.0,50.0,51.0,4003900
2024-03-18,51.0,51.0,51.0,50.0,51.0,4381400
2024-03-19,50.0,50.0,51.0,50.0,51.0,7053300
2024-03-20,51.0,51.0,51.0,50.0,50.0,4023400
2024-03-21,51.0,51.0,51.0,50.0,51.0,2429800
2024-03-22,51.0,51.0,51.0,50.0,51.0,8127200
2024-03-25,68.0,68.0,68.0,50.0,68.0,122716200
2024-03-26,73.0,73.0,82.0,72.0,82.0,374184900
2024-03-27,64.0,64.0,75.0,62.0,74.0,76709800
2024-03-28,56.0,56.0,68.0,56.0,64.0,56045200
2024-04-01,68.0,68.0,68.0,55.0,56.0,113828600
2024-04-02,63.0,63.0,69.0,62.0,68.0,64802400
2024-04-03,61.0,61.0,63.0,59.0,63.0,25109500
2024-04-04,64.0,64.0,68.0,61.0,62.0,48608600
2024-04-05,63.0,63.0,66.0,62.0,64.0,17372100
2024-04-16,60.0,60.0,63.0,58.0,63.0,14250900
2024-04-17,55.0,55.0,60.0,54.0,60.0,27186300
2024-04-18,55.0,55.0,56.0,53.0,55.0,10870400
2024-04-19,54.0,54.0,55.0,53.0,55.0,7092200
2024-04-22,55.0,55.0,57.0,53.0,54.0,6668000
2024-04-23,54.0,54.0,57.0,54.0,55.0,4132600
2024-04-24,57.0,57.0,60.0,54.0,55.0,23124800
2024-04-25,60.0,60.0,63.0,57.0,57.0,46601900
2024-04-26,57.0,57.0,61.0,56.0,60.0,17314600
2024-04-29,57.0,57.0,59.0,56.0,57.0,7153700
2024-04-30,56.0,56.0,59.0,54.0,56.0,17549600
2024-05-02,57.0,57.0,59.0,55.0,56.0,18405900
2024-05-03,55.0,55.0,58.0,54.0,57.0,22827300
2024-05-06,55.0,55.0,56.0,54.0,55.0,6752000
2024-05-07,55.0,55.0,57.0,55.0,56.0,7380000
2024-05-08,55.0,55.0,56.0,54.0,55.0,4233400
2024-05-13,54.0,54.0,56.0,54.0,55.0,5889200
2024-05-14,52.0,52.0,54.0,52.0,54.0,13795300
2024-05-15,54.0,54.0,54.0,52.0,52.0,5804100
2024-05-16,54.0,54.0,56.0,53.0,54.0,13239200
2024-05-17,54.0,54.0,55.0,54.0,54.0,2165300
2024-05-20,54.0,54.0,55.0,53.0,55.0,5767800
2024-05-21,54.0,54.0,55.0,54.0,54.0,3742100
2024-05-22,53.0,53.0,55.0,53.0,55.0,5509000
2024-05-27,52.0,52.0,54.0,52.0,52.0,6201700
2024-05-28,52.0,52.0,53.0,52.0,52.0,2258300
2024-05-29,53.0,53.0,53.0,51.0,53.0,4399900
2024-05-30,52.0,52.0,53.0,51.0,53.0,3862600
2024-05-31,51.0,51.0,53.0,50.0,52.0,15872400
2024-06-03,50.0,50.0,51.0,50.0,50.0,23665900
2024-06-04,50.0,50.0,50.0,50.0,50.0,4362700
2024-06-05,50.0,50.0,50.0,50.0,50.0,582300
2024-06-06,50.0,50.0,50.0,50.0,50.0,232800
2024-06-07,50.0,50.0,50.0,50.0,50.0,696700
2024-06-10,50.0,50.0,50.0,50.0,50.0,649200
2024-06-11,50.0,50.0,50.0,50.0,50.0,340500
2024-06-12,50.0,50.0,50.0,50.0,50.0,504400
2024-06-13,50.0,50.0,50.0,50.0,50.0,102800
2024-06-14,50.0,50.0,50.0,50.0,50.0,61800
2024-06-19,50.0,50.0,50.0,50.0,50.0,143900
2024-06-20,50.0,50.0,50.0,50.0,50.0,109600
2024-06-21,50.0,50.0,50.0,50.0,50.0,74300
2024-06-24,50.0,50.0,50.0,50.0,50.0,599600
2024-06-25,50.0,50.0,50.0,50.0,50.0,423200
2024-06-26,50.0,50.0,50.0,50.0,50.0,90800
2024-06-27,50.0,50.0,50.0,50.0,50.0,401900
2024-06-28,50.0,50.0,50.0,50.0,50.0,351700
2024-07-01,50.0,50.0,50.0,50.0,50.0,2469600
2024-07-02,50.0,50.0,50.0,50.0,50.0,4758100
2024-07-03,53.0,53.0,56.0,50.0,50.0,25258300
2024-07-04,52.0,52.0,55.0,50.0,54.0,15402900
2024-07-05,51.0,51.0,53.0,51.0,52.0,5251800
2024-07-08,51.0,51.0,52.0,50.0,52.0,8022300
2024-07-09,51.0,51.0,52.0,50.0,51.0,7627000
2024-07-10,52.0,52.0,53.0,50.0,51.0,6773100
2024-07-11,56.0,56.0,62.0,51.0,52.0,142297900
2024-07-12,55.0,55.0,59.0,53.0,57.0,43079400
2024-07-15,62.0,62.0,64.0,55.0,55.0,104325900
2024-07-16,60.0,60.0,63.0,59.0,62.0,24458200
2024-07-17,65.0,65.0,68.0,60.0,61.0,86642900
2024-07-18,65.0,65.0,67.0,62.0,65.0,23250000
2024-07-19,63.0,63.0,68.0,62.0,65.0,23683800
2024-07-22,59.0,59.0,64.0,58.0,64.0,26001100
2024-07-23,56.0,56.0,61.0,55.0,59.0,24780700
2024-07-24,56.0,56.0,57.0,55.0,57.0,8392700
2024-07-25,59.0,59.0,65.0,56.0,56.0,125677900
2024-07-26,58.0,58.0,60.0,56.0,60.0,24266700
2024-07-29,58.0,58.0,59.0,57.0,58.0,9259000
2024-07-30,59.0,59.0,60.0,56.0,58.0,15730900
2024-07-31,58.0,58.0,61.0,57.0,59.0,23307400
2024-08-01,52.0,52.0,58.0,51.0,57.0,52681000
2024-08-02,53.0,53.0,55.0,52.0,53.0,12676100
2024-08-05,52.0,52.0,54.0,51.0,53.0,15426200
2024-08-06,53.0,53.0,56.0,52.0,53.0,14744600
2024-08-07,53.0,53.0,54.0,53.0,53.0,4216400
2024-08-08,53.0,53.0,54.0,52.0,53.0,2250900
2024-08-09,52.0,52.0,53.0,51.0,53.0,4388700
2024-08-12,52.0,52.0,53.0,51.0,52.0,5737200
2024-08-13,52.0,52.0,52.0,51.0,52.0,6381100
2024-08-14,52.0,52.0,52.0,51.0,52.0,3461000
2024-08-15,51.0,51.0,52.0,51.0,52.0,5045300
2024-08-16,52.0,52.0,52.0,51.0,51.0,4128200
2024-08-19,52.0,52.0,52.0,51.0,51.0,2011100
2024-08-20,54.0,54.0,54.0,51.0,52.0,10204700
2024-08-21,53.0,53.0,55.0,53.0,55.0,8920000
2024-08-22,55.0,55.0,58.0,53.0,54.0,34125700
2024-08-23,57.0,57.0,58.0,55.0,55.0,15543500
2024-08-26,57.0,57.0,58.0,55.0,58.0,8523500
2024-08-27,57.0,57.0,58.0,56.0,58.0,4604900
2024-08-28,57.0,57.0,57.0,55.0,57.0,5338300
2024-08-29,57.0,57.0,62.0,56.0,62.0,6138800
2024-08-30,55.0,55.0,57.0,55.0,57.0,3357400
2024-09-02,55.0,55.0,56.0,54.0,55.0,3130000
2024-09-03,55.0,55.0,56.0,54.0,55.0,3645000
2024-09-04,55.0,55.0,56.0,54.0,56.0,3643700
2024-09-05,57.0,57.0,58.0,54.0,56.0,7942000
2024-09-06,57.0,57.0,57.0,56.0,57.0,4321400
2024-09-09,56.0,56.0,57.0,55.0,57.0,2279200
2024-09-10,55.0,55.0,56.0,55.0,56.0,3838600
2024-09-11,55.0,55.0,56.0,54.0,54.0,5418800
2024-09-12,55.0,55.0,55.0,54.0,55.0,2393300
2024-09-13,57.0,57.0,60.0,54.0,55.0,25945200
2024-09-17,59.0,59.0,64.0,57.0,58.0,76677400
2024-09-18,58.0,58.0,62.0,58.0,60.0,20923200
2024-09-19,58.0,58.0,59.0,58.0,58.0,4130000
2024-09-20,59.0,59.0,59.0,58.0,59.0,5736500
2024-09-23,58.0,58.0,60.0,57.0,59.0,7962900
2024-09-24,56.0,56.0,59.0,55.0,58.0,16667900
2024-09-25,57.0,57.0,59.0,56.0,57.0,7365600
2024-09-26,57.0,57.0,58.0,57.0,58.0,1924800
2024-09-27,56.0,56.0,58.0,56.0,58.0,2253900
2024-09-30,57.0,57.0,58.0,56.0,57.0,3113800
2024-10-01,58.0,58.0,58.0,56.0,58.0,2817200
2024-10-02,57.0,57.0,58.0,56.0,58.0,2929400
2024-10-03,57.0,57.0,58.0,55.0,57.0,6442200
2024-10-04,57.0,57.0,58.0,56.0,58.0,2953500
2024-10-07,57.0,57.0,58.0,56.0,57.0,1451500
2024-10-08,57.0,57.0,57.0,56.0,57.0,1248600
2024-10-09,57.0,57.0,58.0,56.0,57.0,6718400
2024-10-10,56.0,56.0,58.0,56.0,57.0,1122100
2024-10-11,56.0,56.0,58.0,56.0,57.0,3541500
2024-10-14,57.0,57.0,57.0,55.0,56.0,5473900
2024-10-15,56.0,56.0,57.0,56.0,57.0,3999100
2024-10-16,57.0,57.0,57.0,56.0,56.0,990800
2024-10-17,58.0,58.0,58.0,56.0,57.0,5533200
2024-10-18,59.0,59.0,59.0,57.0,57.0,7552900
2024-10-21,58.0,58.0,60.0,58.0,59.0,6439500
2024-10-22,58.0,58.0,58.0,56.0,58.0,5024100
2024-10-23,57.0,57.0,58.0,57.0,58.0,2663600
2024-10-24,58.0,58.0,58.0,56.0,58.0,3692100
2024-10-25,57.0,57.0,58.0,56.0,58.0,3036900
2024-10-28,56.0,56.0,58.0,56.0,57.0,5048500
2024-10-29,56.0,56.0,57.0,56.0,56.0,3502600
2024-10-30,56.0,56.0,57.0,55.0,56.0,2891400
2024-10-31,56.0,56.0,57.0,55.0,57.0,2502600
2024-11-01,56.0,56.0,56.0,55.0,56.0,2722600
2024-11-04,56.0,56.0,56.0,55.0,56.0,2440300
2024-11-05,56.0,56.0,56.0,54.0,56.0,5412700
2024-11-06,54.0,54.0,56.0,54.0,56.0,6349100
2024-11-07,54.0,54.0,55.0,53.0,55.0,7667900
2024-11-08,53.0,53.0,54.0,53.0,54.0,2540500
2024-11-11,53.0,53.0,54.0,53.0,53.0,1500500
2024-11-12,52.0,52.0,54.0,51.0,53.0,6670800
2024-11-13,53.0,53.0,53.0,52.0,52.0,1130600
2024-11-14,53.0,53.0,53.0,52.0,53.0,1290000
2024-11-15,51.0,51.0,53.0,50.0,53.0,27258400
2024-11-18,51.0,51.0,52.0,50.0,51.0,10148700
2024-11-19,51.0,51.0,51.0,50.0,51.0,14599000
2024-11-20,51.0,51.0,51.0,50.0,51.0,5151400
2024-11-21,51.0,51.0,52.0,50.0,51.0,5589400
2024-11-22,51.0,51.0,51.0,50.0,51.0,1967700
2024-11-25,50.0,50.0,51.0,50.0,51.0,2942800
2024-11-26,50.0,50.0,51.0,50.0,50.0,10305800
2024-11-28,50.0,50.0,51.0,50.0,50.0,4676900
2024-11-29,50.0,50.0,51.0,50.0,50.0,3755400
2024-12-02,50.0,50.0,51.0,50.0,50.0,2747900
2024-12-03,50.0,50.0,51.0,50.0,50.0,3198200
2024-12-04,50.0,50.0,50.0,50.0,50.0,1538300
2024-12-05,51.0,51.0,51.0,50.0,50.0,3906600
2024-12-06,50.0,50.0,52.0,50.0,51.0,7192100
2024-12-09,50.0,50.0,51.0,50.0,50.0,6201800
2024-12-10,50.0,50.0,51.0,50.0,50.0,10129700
2024-12-11,50.0,50.0,51.0,50.0,50.0,3128800
2024-12-12,51.0,51.0,51.0,50.0,50.0,1780700
2024-12-13,51.0,51.0,51.0,50.0,51.0,1317300
2024-12-16,50.0,50.0,50.0,50.0,50.0,1616300
2024-12-17,50.0,50.0,50.0,50.0,50.0,4325300
2024-12-18,50.0,50.0,50.0,50.0,50.0,316900
2024-12-19,50.0,50.0,50.0,50.0,50.0,1428100
2024-12-20,50.0,50.0,50.0,50.0,50.0,69800
2024-12-23,50.0,50.0,50.0,50.0,50.0,2177900
2024-12-24,50.0,50.0,51.0,50.0,50.0,8717200
2024-12-27,50.0,50.0,51.0,50.0,50.0,2472700
2024-12-30,50.0,50.0,51.0,50.0,50.0,3198700
2025-01-02,50.0,50.0,50.0,50.0,50.0,274100
2025-01-03,50.0,50.0,50.0,50.0,50.0,485600
2025-01-06,50.0,50.0,50.0,50.0,50.0,144800
2025-01-07,50.0,50.0,50.0,50.0,50.0,198000
2025-01-08,50.0,50.0,50.0,50.0,50.0,142400
2025-01-09,50.0,50.0,50.0,50.0,50.0,64400
2025-01-10,50.0,50.0,50.0,50.0,50.0,49500
2025-01-13,50.0,50.0,50.0,50.0,50.0,126500
2025-01-14,50.0,50.0,50.0,50.0,50.0,338900
2025-01-15,50.0,50.0,50.0,50.0,50.0,204500
2025-01-16,50.0,50.0,50.0,50.0,50.0,68000
2025-01-17,50.0,50.0,50.0,50.0,50.0,492400
2025-01-20,50.0,50.0,50.0,50.0,50.0,98700
2025-01-21,50.0,50.0,50.0,50.0,50.0,315600
2025-01-22,50.0,50.0,50.0,50.0,50.0,491600
2025-01-23,50.0,50.0,50.0,50.0,50.0,139400
2025-01-24,50.0,50.0,50.0,50.0,50.0,22400
2025-01-30,50.0,50.0,50.0,50.0,50.0,46900
2025-01-31,50.0,50.0,50.0,50.0,50.0,142900
2025-02-03,50.0,50.0,50.0,50.0,50.0,143800
2025-02-04,50.0,50.0,50.0,50.0,50.0,65800
2025-02-05,50.0,50.0,50.0,50.0,50.0,81800
2025-02-06,50.0,50.0,50.0,50.0,50.0,50900
2025-02-07,50.0,50.0,50.0,50.0,50.0,215100
2025-02-10,50.0,50.0,50.0,50.0,50.0,6936500
2025-02-11,50.0,50.0,50.0,50.0,50.0,73900
2025-02-12,50.0,50.0,50.0,50.0,50.0,10400
2025-02-13,50.0,50.0,50.0,50.0,50.0,19700
2025-02-14,50.0,50.0,50.0,50.0,50.0,16300
2025-02-17,50.0,50.0,50.0,50.0,50.0,244100
2025-02-18,50.0,50.0,50.0,50.0,50.0,2000
2025-02-19,50.0,50.0,50.0,50.0,50.0,19800
2025-02-20,50.0,50.0,50.0,50.0,50.0,21000
2025-02-21,50.0,50.0,50.0,50.0,50.0,29600
2025-02-24,50.0,50.0,50.0,50.0,50.0,67200
2025-02-25,50.0,50.0,50.0,50.0,50.0,65400
2025-02-26,50.0,50.0,50.0,50.0,50.0,25800
2025-02-27,50.0,50.0,50.0,50.0,50.0,111300
2025-02-28,50.0,50.0,50.0,50.0,50.0,16900
2025-03-03,50.0,50.0,50.0,50.0,50.0,35000
2025-03-04,50.0,50.0,50.0,50.0,50.0,25200
2025-03-05,50.0,50.0,50.0,50.0,50.0,429600
2025-03-06,50.0,50.0,50.0,50.0,50.0,61800
2025-03-07,50.0,50.0,50.0,50.0,50.0,26600
2025-03-10,50.0,50.0,50.0,50.0,50.0,11700
2025-03-11,50.0,50.0,50.0,50.0,50.0,99100
2025-03-12,50.0,50.0,50.0,50.0,50.0,21500
2025-03-13,50.0,50.0,50.0,50.0,50.0,10000
2025-03-14,50.0,50.0,50.0,50.0,50.0,10400
2025-03-17,50.0,50.0,50.0,50.0,50.0,29100
2025-03-18,50.0,50.0,50.0,50.0,50.0,19000
2025-03-19,50.0,50.0,50.0,50.0,50.0,20400
2025-03-20,50.0,50.0,50.0,50.0,50.0,99700
2025-03-21,50.0,50.0,50.0,50.0,50.0,31100
2025-03-24,50.0,50.0,50.0,50.0,50.0,29600
2025-03-25,50.0,50.0,50.0,50.0,50.0,72900
2025-03-26,50.0,50.0,50.0,50.0,50.0,25900
2025-03-27,50.0,50.0,50.0,50.0,50.0,48800
2025-04-08,50.0,50.0,50.0,50.0,50.0,49800
2025-04-09,50.0,50.0,50.0,50.0,50.0,28200
2025-04-10,50.0,50.0,50.0,50.0,50.0,46600
2025-04-11,50.0,50.0,50.0,50.0,50.0,27300
2025-04-14,50.0,50.0,50.0,50.0,50.0,48000
2025-04-15,50.0,50.0,50.0,50.0,50.0,20600
2025-04-16,50.0,50.0,50.0,50.0,50.0,4700
2025-04-17,50.0,50.0,50.0,50.0,50.0,35000
2025-04-21,50.0,50.0,50.0,50.0,50.0,445400
2025-04-22,50.0,50.0,50.0,50.0,50.0,27600
2025-04-23,50.0,50.0,50.0,50.0,50.0,175500
2025-04-24,50.0,50.0,50.0,50.0,50.0,90600
2025-04-25,50.0,50.0,50.0,50.0,50.0,100100
2025-04-28,50.0,50.0,50.0,50.0,50.0,74200
2025-04-29,50.0,50.0,50.0,50.0,50.0,168700
2025-04-30,50.0,50.0,50.0,50.0,50.0,179500
2025-05-02,50.0,50.0,50.0,50.0,50.0,277100
2025-05-05,50.0,50.0,50.0,50.0,50.0,113900
2025-05-06,50.0,50.0,50.0,50.0,50.0,51400
2025-05-07,50.0,50.0,50.0,50.0,50.0,1865000
2025-05-08,52.0,52.0,58.0,50.0,50.0,84221700
2025-05-09,51.0,51.0,55.0,50.0,52.0,28398400
2025-05-14,51.0,51.0,52.0,50.0,51.0,11096800
2025-05-15,50.0,50.0,51.0,50.0,50.0,17915200
2025-05-16,50.0,50.0,51.0,50.0,50.0,7020100
2025-05-19,50.0,50.0,51.0,50.0,50.0,9099800
2025-05-20,51.0,51.0,51.0,50.0,50.0,5605300
2025-05-21,50.0,50.0,51.0,50.0,51.0,4522300
2025-05-22,50.0,50.0,51.0,50.0,50.0,2195200
2025-05-23,50.0,50.0,50.0,50.0,50.0,97300
2025-05-26,50.0,50.0,51.0,50.0,50.0,3617200
2025-05-27,50.0,50.0,51.0,50.0,50.0,2487000
2025-05-28,50.0,50.0,51.0,50.0,51.0,3518500
2025-06-02,50.0,50.0,51.0,50.0,50.0,3174200
2025-06-03,50.0,50.0,50.0,50.0,50.0,376000
2025-06-04,50.0,50.0,50.0,50.0,50.0,1331100
2025-06-05,50.0,50.0,50.0,50.0,50.0,611800
2025-06-10,50.0,50.0,50.0,50.0,50.0,518000
2025-06-11,50.0,50.0,50.0,50.0,50.0,690600
2025-06-12,50.0,50.0,50.0,50.0,50.0,441100
2025-06-13,50.0,50.0,50.0,50.0,50.0,284800
2025-06-16,50.0,50.0,50.0,50.0,50.0,348300
2025-06-17,50.0,50.0,50.0,50.0,50.0,706800
2025-06-18,50.0,50.0,50.0,50.0,50.0,255300
2025-06-19,50.0,50.0,50.0,50.0,50.0,637100
2025-06-20,50.0,50.0,50.0,50.0,50.0,37300
2025-06-23,50.0,50.0,50.0,50.0,50.0,56200
2025-06-24,50.0,50.0,50.0,50.0,50.0,46400
2025-06-25,50.0,50.0,50.0,50.0,50.0,103600
2025-06-26,50.0,50.0,50.0,50.0,50.0,357900
2025-06-30,50.0,50.0,50.0,50.0,50.0,145700
2025-07-01,50.0,50.0,50.0,50.0,50.0,29300
2025-07-02,50.0,50.0,50.0,50.0,50.0,41800
2025-07-03,50.0,50.0,50.0,50.0,50.0,44000
2025-07-04,50.0,50.0,50.0,50.0,50.0,27100
2025-07-07,50.0,50.0,50.0,50.0,50.0,35700
2025-07-08,50.0,50.0,50.0,50.0,50.0,69500
2025-07-09,50.0,50.0,50.0,50.0,50.0,95100
2025-07-10,50.0,50.0,50.0,50.0,50.0,44600
2025-07-11,50.0,50.0,50.0,50.0,50.0,122500
2025-07-14,50.0,50.0,50.0,50.0,50.0,87200
2025-07-15,50.0,50.0,50.0,50.0,50.0,12600
2025-07-16,50.0,50.0,50.0,50.0,50.0,11800
2025-07-17,50.0,50.0,50.0,50.0,50.0,4700
2025-07-18,50.0,50.0,50.0,50.0,50.0,270800
2025-07-21,50.0,50.0,50.0,50.0,50.0,85500
2025-07-22,50.0,50.0,50.0,50.0,50.0,217400
2025-07-23,50.0,50.0,50.0,50.0,50.0,1213100
2025-07-24,50.0,50.0,50.0,50.0,50.0,423200
2025-07-25,50.0,50.0,50.0,50.0,50.0,127100
2025-07-28,50.0,50.0,50.0,50.0,50.0,126800
2025-07-29,50.0,50.0,50.0,50.0,50.0,203100
2025-07-30,50.0,50.0,50.0,50.0,50.0,381300
2025-07-31,50.0,50.0,50.0,50.0,50.0,71500
2025-08-01,50.0,50.0,50.0,50.0,50.0,1219700
2025-08-04,50.0,50.0,50.0,50.0,50.0,231000
2025-08-05,50.0,50.0,50.0,50.0,50.0,450600
2025-08-06,50.0,50.0,50.0,50.0,50.0,121700
2025-08-07,50.0,50.0,50.0,50.0,50.0,144700
2025-08-08,50.0,50.0,50.0,50.0,50.0,144500
2025-08-11,50.0,50.0,50.0,50.0,50.0,125300
2025-08-12,56.0,56.0,62.0,50.0,50.0,250009600
2025-08-13,75.0,75.0,75.0,53.0,56.0,461389100
2025-08-14,72.0,72.0,86.0,67.0,80.0,518718800
2025-08-15,69.0,69.0,77.0,67.0,75.0,135321600
2025-08-19,67.0,67.0,72.0,64.0,71.0,75537000
2025-08-20,73.0,73.0,78.0,67.0,68.0,247256400
2025-08-21,70.0,70.0,78.0,70.0,74.0,137259700
2025-08-22,68.0,68.0,71.0,67.0,71.0,36731700
2025-08-25,71.0,71.0,71.0,68.0,69.0,28829400
2025-08-26,71.0,71.0,76.0,71.0,71.0,91603500
2025-08-27,70.0,70.0,76.0,68.0,71.0,82093700
2025-08-28,69.0,69.0,72.0,68.0,70.0,30262500
2025-08-29,64.0,64.0,71.0,59.0,70.0,49188300
2025-09-01,86.0,86.0,86.0,59.0,60.0,1100847800
2025-09-02,105.0,105.0,116.0,92.0,100.0,1798415300
2025-09-03,105.0,105.0,105.0,105.0,105.0,0
2025-09-04,90.0,90.0,104.0,90.0,101.0,470619800
2025-09-08,88.0,88.0,96.0,86.0,90.0,189535200
2025-09-09,83.0,83.0,91.0,80.0,89.0,73800100
2025-09-10,104.0,104.0,108.0,81.0,85.0,1100488600
2025-09-11,102.0,102.0,115.0,100.0,107.0,606195100
2025-09-12,104.0,104.0,107.0,95.0,103.0,125585000
2025-09-15,99.0,99.0,106.0,98.0,105.0,57125900
2025-09-16,101.0,101.0,102.0,97.0,99.0,55657600
2025-09-17,98.0,98.0,102.0,97.0,101.0,38064800
2025-09-18,100.0,100.0,112.0,98.0,99.0,443015400
2025-09-19,99.0,99.0,105.0,99.0,101.0,40067400
2025-09-22,94.0,94.0,101.0,94.0,101.0,50317100
2025-09-23,93.0,93.0,95.0,92.0,94.0,36813800
2025-09-24,89.0,89.0,94.0,89.0,93.0,33621600
2025-09-25,88.0,88.0,92.0,84.0,89.0,39497300
2025-09-26,97.0,97.0,103.0,86.0,88.0,291112900
2025-09-29,93.0,93.0,97.0,91.0,96.0,49746700
2025-09-30,91.0,91.0,94.0,90.0,93.0,23659100
2025-10-01,91.0,91.0,93.0,90.0,92.0,11494500
2025-10-02,89.0,89.0,94.0,89.0,92.0,26987300
2025-10-03,88.0,88.0,91.0,87.0,91.0,31809400
2025-10-06,85.0,85.0,89.0,84.0,89.0,26600500
2025-10-07,87.0,87.0,92.0,84.0,85.0,56330300
2025-10-08,83.0,83.0,89.0,82.0,89.0,19776200
2025-10-09,84.0,84.0,88.0,83.0,84.0,13130700
2025-10-10,94.0,94.0,103.0,86.0,86.0,411189100
2025-10-13,90.0,90.0,92.0,87.0,91.0,55822300
2025-10-14,84.0,84.0,91.0,82.0,90.0,42657800
2025-10-15,82.0,82.0,86.0,80.0,85.0,20972400
2025-10-16,85.0,85.0,88.0,81.0,82.0,19807900
2025-10-17,81.0,81.0,88.0,81.0,87.0,12864900
2025-10-20,83.0,83.0,85.0,80.0,82.0,14114300
2025-10-21,83.0,83.0,89.0,82.0,84.0,28895400
2025-10-22,80.0,80.0,84.0,79.0,84.0,24140200
2025-10-23,82.0,82.0,86.0,80.0,80.0,27707100
2025-10-24,77.0,77.0,83.0,76.0,82.0,42872800
2025-10-27,71.0,71.0,78.0,68.0,77.0,37252900
2025-10-28,95.0,95.0,95.0,70.0,72.0,926490100
2025-10-29,81.0,81.0,90.0,81.0,89.0,306472400
2025-10-30,80.0,80.0,82.0,77.0,81.0,45066400
2025-10-31,80.0,80.0,82.0,78.0,78.0,32327600
2025-11-03,81.0,81.0,84.0,79.0,82.0,42928900
2025-11-04,80.0,80.0,83.0,79.0,83.0,18770300
2025-11-05,79.0,79.0,85.0,79.0,79.0,55723700
2025-11-06,80.0,80.0,81.0,79.0,80.0,12931500
2025-11-07,80.0,80.0,81.0,79.0,81.0,9772400
2025-11-10,80.0,80.0,83.0,79.0,80.0,29753500
2025-11-11,80.0,80.0,81.0,78.0,80.0,21361500
2025-11-12,80.0,80.0,81.0,79.0,80.0,8472700
2025-11-13,82.0,82.0,88.0,80.0,80.0,113475200
2025-11-14,80.0,80.0,83.0,80.0,82.0,12010300
2025-11-17,80.0,80.0,81.0,79.0,80.0,12033500
2025-11-18,79.0,79.0,81.0,78.0,79.0,11809800
2025-11-19,79.0,79.0,81.0,79.0,80.0,13495800
2025-11-20,83.0,83.0,88.0,79.0,80.0,154343500
2025-11-21,81.0,81.0,86.0,81.0,86.0,31746100
2025-11-24,81.0,81.0,83.0,81.0,81.0,12468800
2025-11-25,81.0,81.0,83.0,80.0,81.0,14431600
2025-11-26,82.0,82.0,83.0,80.0,81.0,21640800
2025-11-27,83.0,83.0,85.0,81.0,85.0,22316600
2025-11-28,82.0,82.0,84.0,82.0,83.0,8538900
2025-12-01,81.0,81.0,83.0,80.0,83.0,11334500
2025-12-02,81.0,81.0,82.0,80.0,81.0,8811700
2025-12-03,89.0,89.0,93.0,81.0,82.0,213256000
2025-12-04,88.0,88.0,90.0,85.0,89.0,37372200
2025-12-05,88.0,88.0,92.0,87.0,91.0,31747400
2025-12-08,105.0,105.0,114.0,87.0,89.0,923539300
2025-12-09,99.0,99.0,107.0,97.0,107.0,113215000
2025-12-10,100.0,100.0,101.0,94.0,99.0,78696900
2025-12-11,96.0,96.0,106.0,96.0,101.0,113135600
2025-12-12,94.0,94.0,97.0,87.0,97.0,38609200
2025-12-15,92.0,92.0,98.0,92.0,98.0,18927100
2025-12-16,95.0,95.0,97.0,89.0,89.0,26109800
2025-12-17,96.0,96.0,97.0,94.0,96.0,15034700
2025-12-18,97.0,97.0,102.0,94.0,96.0,53494000
2025-12-19,93.0,93.0,99.0,92.0,97.0,24243100
2025-12-22,91.0,91.0,94.0,90.0,94.0,16377300
2025-12-23,93.0,93.0,101.0,89.0,91.0,54711600
2025-12-24,91.0,91.0,93.0,90.0,93.0,21461700
2025-12-29,93.0,93.0,93.0,87.0,91.0,14773700
2025-12-30,93.0,93.0,97.0,91.0,93.0,23777300
