Date,Adj Close,Close,High,Low,Open,Volume
2020-01-02,38.5380744934082,50.0,50.79999923706055,49.599998474121094,50.79999923706055,78500
2020-01-03,38.22977066040039,49.599998474121094,50.400001525878906,49.20000076293945,50.0,217500
2020-01-06,37.30485916137695,48.400001525878906,49.599998474121094,48.400001525878906,49.599998474121094,542000
2020-01-07,37.92146682739258,49.20000076293945,49.599998474121094,48.79999923706055,49.599998474121094,274500
2020-01-08,37.30485916137695,48.400001525878906,49.20000076293945,48.0,49.20000076293945,348000
2020-01-09,38.5380744934082,50.0,50.0,48.0,48.0,1236000
2020-01-10,38.5380744934082,50.0,50.0,49.599998474121094,49.599998474121094,1048500
2020-01-13,38.5380744934082,50.0,50.400001525878906,49.20000076293945,50.0,1702500
2020-01-14,36.99655532836914,48.0,50.0,46.0,50.0,5237500
2020-01-15,37.30485916137695,48.400001525878906,49.20000076293945,48.0,48.0,540000
2020-01-16,37.30485916137695,48.400001525878906,48.400001525878906,47.599998474121094,48.0,123500
2020-01-17,36.99655532836914,48.0,48.79999923706055,48.0,48.79999923706055,78000
2020-01-20,36.6882438659668,47.599998474121094,48.79999923706055,47.599998474121094,48.0,423500
2020-01-21,36.99655532836914,48.0,48.0,47.599998474121094,47.599998474121094,78500
2020-01-22,36.37994384765625,47.20000076293945,47.599998474121094,47.20000076293945,47.599998474121094,108000
2020-01-23,36.37994384765625,47.20000076293945,47.20000076293945,46.400001525878906,47.20000076293945,785000
2020-01-24,35.763343811035156,46.400001525878906,47.20000076293945,46.400001525878906,47.20000076293945,336000
2020-01-27,35.763343811035156,46.400001525878906,48.400001525878906,46.0,46.400001525878906,1344000
2020-01-28,35.146728515625,45.599998474121094,46.0,45.599998474121094,46.0,583500
2020-01-29,34.53011703491211,44.79999923706055,46.0,44.79999923706055,45.599998474121094,555000
2020-01-30,35.146728515625,45.599998474121094,45.599998474121094,45.20000076293945,45.20000076293945,469000
2020-01-31,33.296897888183594,43.20000076293945,45.599998474121094,43.20000076293945,45.599998474121094,1665000
2020-02-03,31.138771057128906,40.400001525878906,43.20000076293945,40.0,43.20000076293945,4183500
2020-02-04,31.447067260742188,40.79999923706055,41.20000076293945,40.400001525878906,40.400001525878906,2126500
2020-02-05,31.755373001098633,41.20000076293945,41.599998474121094,40.79999923706055,41.20000076293945,449000
2020-02-06,31.755373001098633,41.20000076293945,41.20000076293945,40.79999923706055,41.20000076293945,453500
2020-02-07,31.447067260742188,40.79999923706055,41.599998474121094,40.79999923706055,41.20000076293945,385000
2020-02-10,31.447067260742188,40.79999923706055,41.20000076293945,40.400001525878906,41.20000076293945,307500
2020-02-11,31.755373001098633,41.20000076293945,41.20000076293945,40.79999923706055,41.20000076293945,147500
2020-02-12,31.447067260742188,40.79999923706055,41.599998474121094,40.400001525878906,41.20000076293945,850000
2020-02-13,31.447067260742188,40.79999923706055,40.79999923706055,40.400001525878906,40.79999923706055,307500
2020-02-14,31.138771057128906,40.400001525878906,41.20000076293945,40.400001525878906,40.79999923706055,1104500
2020-02-17,30.83046531677246,40.0,40.400001525878906,40.0,40.400001525878906,1522500
2020-02-18,30.83046531677246,40.0,40.400001525878906,40.0,40.0,431000
2020-02-19,30.67630958557129,39.79999923706055,40.0,39.400001525878906,40.0,1277500
2020-02-20,30.83046531677246,40.0,40.400001525878906,39.599998474121094,40.0,785500
2020-02-21,30.83046531677246,40.0,40.0,39.79999923706055,39.79999923706055,253000
2020-02-24,30.52215003967285,39.599998474121094,40.0,39.20000076293945,39.599998474121094,373500
2020-02-25,29.59724235534668,38.400001525878906,39.79999923706055,38.0,39.400001525878906,768500
2020-02-26,29.59724235534668,38.400001525878906,39.0,38.20000076293945,38.79999923706055,1088500
2020-02-27,28.36402130126953,36.79999923706055,39.20000076293945,36.0,38.599998474121094,1533500
2020-02-28,25.897584915161133,33.599998474121094,36.79999923706055,32.0,36.79999923706055,2039000
2020-03-02,26.36004638671875,34.20000076293945,36.79999923706055,32.79999923706055,33.599998474121094,1709000
2020-03-03,26.822500228881836,34.79999923706055,35.0,34.0,34.20000076293945,765500
2020-03-04,27.439111709594727,35.599998474121094,35.599998474121094,34.599998474121094,35.0,3413000
2020-03-05,26.976654052734375,35.0,36.0,35.0,36.0,660000
2020-03-06,27.284961700439453,35.400001525878906,36.0,34.0,34.79999923706055,1231000
2020-03-09,25.897584915161133,33.599998474121094,35.20000076293945,33.599998474121094,35.20000076293945,3936500
2020-03-10,25.897584915161133,33.599998474121094,33.79999923706055,33.0,33.0,2828500
2020-03-11,24.818525314331055,32.20000076293945,33.599998474121094,32.0,33.599998474121094,423000
2020-03-12,23.89360809326172,31.0,32.400001525878906,30.799999237060547,32.400001525878906,4751000
2020-03-13,23.89360809326172,31.0,31.0,31.0,31.0,0
2020-03-16,23.89360809326172,31.0,31.0,31.0,31.0,0
2020-03-17,19.88564682006836,25.799999237060547,28.0,25.600000381469727,27.399999618530273,1628500
2020-03-18,19.73149871826172,25.600000381469727,25.799999237060547,24.0,25.200000762939453,4878000
2020-03-19,18.96073341369629,24.600000381469727,24.600000381469727,24.0,24.0,3999000
2020-03-20,19.88564682006836,25.799999237060547,26.0,23.0,23.0,6281000
2020-03-23,18.49827766418457,24.0,25.0,24.0,24.0,1277500
2020-03-24,17.419212341308594,22.600000381469727,24.0,22.399999618530273,22.399999618530273,1964500
2020-03-26,17.881671905517578,23.200000762939453,24.600000381469727,22.600000381469727,22.600000381469727,4524000
2020-03-27,19.88564682006836,25.799999237060547,26.600000381469727,23.0,23.0,3539000
2020-03-30,18.96073341369629,24.600000381469727,25.200000762939453,24.0,24.600000381469727,1142000
2020-03-31,19.88564682006836,25.799999237060547,26.0,23.0,23.0,888500
2020-04-01,21.88962745666504,28.399999618530273,30.0,26.0,26.0,1202500
2020-04-02,21.581323623657227,28.0,29.0,28.0,28.200000762939453,1125500
2020-04-03,23.739458084106445,30.799999237060547,31.799999237060547,28.0,28.0,3551000
2020-04-06,23.585304260253906,30.600000381469727,31.600000381469727,29.200000762939453,30.799999237060547,1879500
2020-04-07,23.122848510742188,30.0,31.399999618530273,29.0,30.600000381469727,2266500
2020-04-08,21.581323623657227,28.0,30.0,28.0,30.0,819500
2020-04-09,21.581323623657227,28.0,28.0,27.0,27.399999618530273,275000
2020-04-13,21.88962745666504,28.399999618530273,28.399999618530273,27.0,27.0,141500
2020-04-14,22.19793128967285,28.799999237060547,29.200000762939453,27.600000381469727,28.399999618530273,142000
2020-04-15,21.581323623657227,28.0,29.200000762939453,28.0,28.799999237060547,580500
2020-04-16,21.427167892456055,27.799999237060547,28.799999237060547,27.799999237060547,28.600000381469727,368000
2020-04-17,22.352083206176758,29.0,29.0,28.0,28.399999618530273,275500
2020-04-20,22.043781280517578,28.600000381469727,29.200000762939453,28.200000762939453,29.0,923500
2020-04-21,22.19793128967285,28.799999237060547,29.0,28.0,28.600000381469727,809500
2020-04-22,21.88962745666504,28.399999618530273,29.200000762939453,28.0,28.799999237060547,215000
2020-04-23,22.043781280517578,28.600000381469727,29.0,28.399999618530273,28.399999618530273,372500
2020-04-24,22.352083206176758,29.0,29.0,27.399999618530273,28.600000381469727,1065000
2020-04-27,22.043781280517578,28.600000381469727,30.0,27.0,29.0,4325000
2020-04-28,21.735475540161133,28.200000762939453,28.799999237060547,27.600000381469727,28.600000381469727,320000
2020-04-29,21.88962745666504,28.399999618530273,29.0,28.200000762939453,28.200000762939453,224000
2020-04-30,22.660388946533203,29.399999618530273,30.0,27.600000381469727,28.399999618530273,4147500
2020-05-04,22.19793128967285,28.799999237060547,30.0,28.799999237060547,29.200000762939453,1302000
2020-05-05,23.585304260253906,30.600000381469727,31.0,28.799999237060547,28.799999237060547,2296000
2020-05-06,23.585304260253906,30.600000381469727,31.0,30.0,30.600000381469727,2391500
2020-05-08,23.431150436401367,30.399999618530273,30.600000381469727,30.0,30.399999618530273,253500
2020-05-11,23.122848510742188,30.0,30.600000381469727,29.399999618530273,30.600000381469727,2371500
2020-05-12,22.96869468688965,29.799999237060547,30.399999618530273,29.799999237060547,30.200000762939453,555000
2020-05-13,22.352083206176758,29.0,30.200000762939453,29.0,29.799999237060547,816500
2020-05-14,22.352083206176758,29.0,30.0,29.0,30.0,331500
2020-05-15,22.043781280517578,28.600000381469727,28.799999237060547,28.0,28.0,217000
2020-05-18,22.352083206176758,29.0,29.200000762939453,28.0,28.600000381469727,1709000
2020-05-19,22.660388946533203,29.399999618530273,29.399999618530273,28.0,28.0,43000
2020-05-20,22.660388946533203,29.399999618530273,29.600000381469727,29.200000762939453,29.399999618530273,332000
2020-05-26,22.19793128967285,28.799999237060547,29.399999618530273,27.399999618530273,29.399999618530273,1350500
2020-05-27,22.19793128967285,28.799999237060547,29.0,28.799999237060547,28.799999237060547,1641500
2020-05-28,22.043781280517578,28.600000381469727,29.0,28.200000762939453,28.799999237060547,2294000
2020-05-29,22.043781280517578,28.600000381469727,28.799999237060547,28.399999618530273,28.600000381469727,204500
2020-06-02,22.19793128967285,28.799999237060547,28.799999237060547,28.0,28.600000381469727,2230500
2020-06-03,22.96869468688965,29.799999237060547,30.0,29.0,29.0,1223000
2020-06-04,22.96869468688965,29.799999237060547,31.399999618530273,29.799999237060547,30.0,2747500
2020-06-05,22.96869468688965,29.799999237060547,29.799999237060547,29.200000762939453,29.799999237060547,454500
2020-06-08,24.972675323486328,32.400001525878906,34.0,29.799999237060547,29.799999237060547,5209000
2020-06-09,26.66834831237793,34.599998474121094,38.0,32.400001525878906,33.0,4192000
2020-06-10,24.972675323486328,32.400001525878906,36.0,32.400001525878906,34.599998474121094,2600000
2020-06-11,24.20191192626953,31.399999618530273,33.400001525878906,31.399999618530273,32.0,358000
2020-06-12,24.356063842773438,31.600000381469727,31.799999237060547,31.200000762939453,31.600000381469727,557000
2020-06-15,24.510217666625977,31.799999237060547,33.20000076293945,31.600000381469727,31.799999237060547,645500
2020-06-16,26.051740646362305,33.79999923706055,34.20000076293945,32.0,32.0,1088000
2020-06-17,25.43513298034668,33.0,34.0,32.599998474121094,33.79999923706055,1253500
2020-06-18,25.589284896850586,33.20000076293945,33.400001525878906,32.599998474121094,33.0,160500
2020-06-19,25.43513298034668,33.0,34.0,33.0,33.20000076293945,1272500
2020-06-22,25.43513298034668,33.0,33.599998474121094,33.0,33.0,754500
2020-06-23,25.43513298034668,33.0,33.20000076293945,33.0,33.0,139500
2020-06-24,25.43513298034668,33.0,34.20000076293945,33.0,33.0,928000
2020-06-25,24.972675323486328,32.400001525878906,33.0,32.400001525878906,33.0,832500
2020-06-26,25.897584915161133,33.599998474121094,34.599998474121094,32.79999923706055,32.79999923706055,3532500
2020-06-29,26.66834831237793,34.599998474121094,36.0,33.400001525878906,33.599998474121094,6184500
2020-06-30,29.2889347076416,38.0,39.79999923706055,35.400001525878906,35.400001525878906,17528000
2020-07-01,35.45502853393555,46.0,48.400001525878906,38.599998474121094,39.20000076293945,159407000
2020-07-02,33.296897888183594,43.20000076293945,48.0,42.79999923706055,46.400001525878906,32971500
2020-07-03,33.60520553588867,43.599998474121094,44.0,41.599998474121094,43.599998474121094,15792000
2020-07-06,34.53011703491211,44.79999923706055,46.0,43.599998474121094,43.599998474121094,11989500
2020-07-07,33.91350555419922,44.0,45.20000076293945,43.599998474121094,44.79999923706055,4838000
2020-07-08,34.22181701660156,44.400001525878906,45.20000076293945,43.20000076293945,45.20000076293945,6510500
2020-07-09,35.18130111694336,44.0,44.400001525878906,42.79999923706055,43.599998474121094,8100000
2020-07-10,36.780452728271484,46.0,49.20000076293945,44.0,44.0,22860500
2020-07-13,36.780452728271484,46.0,48.0,45.20000076293945,46.400001525878906,12791000
2020-07-14,36.14079666137695,45.20000076293945,47.20000076293945,45.20000076293945,46.0,7181000
2020-07-15,36.780452728271484,46.0,46.400001525878906,45.20000076293945,45.20000076293945,6553000
2020-07-16,37.100284576416016,46.400001525878906,46.79999923706055,45.599998474121094,46.79999923706055,4463500
2020-07-17,37.42011260986328,46.79999923706055,46.79999923706055,46.0,46.400001525878906,3636500
2020-07-20,37.100284576416016,46.400001525878906,47.599998474121094,46.0,46.79999923706055,3652000
2020-07-21,37.42011260986328,46.79999923706055,47.599998474121094,46.400001525878906,46.400001525878906,6283000
2020-07-22,37.42011260986328,46.79999923706055,47.20000076293945,46.0,46.0,7252000
2020-07-23,38.379600524902344,48.0,50.0,46.79999923706055,46.79999923706055,6130500
2020-07-24,38.379600524902344,48.0,51.20000076293945,46.79999923706055,48.400001525878906,19137000
2020-07-27,37.73994445800781,47.20000076293945,48.0,46.79999923706055,47.599998474121094,1794000
2020-07-28,37.42011260986328,46.79999923706055,48.0,46.79999923706055,47.20000076293945,6371500
2020-07-29,41.57789993286133,52.0,57.599998474121094,46.400001525878906,46.79999923706055,215802000
2020-07-30,40.618408203125,50.79999923706055,53.20000076293945,48.79999923706055,52.0,33856000
2020-08-03,38.05977249145508,47.599998474121094,53.599998474121094,47.599998474121094,50.79999923706055,31720000
2020-08-04,39.01926040649414,48.79999923706055,49.20000076293945,44.400001525878906,44.400001525878906,10592500
2020-08-05,39.01926040649414,48.79999923706055,49.599998474121094,46.400001525878906,46.400001525878906,4000000
2020-08-06,40.298583984375,50.400001525878906,50.79999923706055,46.0,46.0,11408500
2020-08-07,39.65892028808594,49.599998474121094,51.599998474121094,47.20000076293945,47.20000076293945,5645500
2020-08-10,39.9787483215332,50.0,50.79999923706055,48.79999923706055,48.79999923706055,5025500
2020-08-11,39.33909225463867,49.20000076293945,50.79999923706055,49.20000076293945,50.0,8368500
2020-08-12,39.33909225463867,49.20000076293945,50.400001525878906,48.400001525878906,49.599998474121094,2771500
2020-08-13,39.01926040649414,48.79999923706055,50.0,48.400001525878906,49.599998474121094,4172500
2020-08-14,39.33909225463867,49.20000076293945,54.400001525878906,48.400001525878906,48.400001525878906,53575000
2020-08-18,40.298583984375,50.400001525878906,50.79999923706055,49.20000076293945,49.20000076293945,8297500
2020-08-19,39.9787483215332,50.0,50.79999923706055,49.20000076293945,50.79999923706055,4966500
2020-08-24,45.73569107055664,57.20000076293945,61.599998474121094,50.400001525878906,50.400001525878906,153182000
2020-08-25,47.974510192871094,60.0,71.19999694824219,55.20000076293945,57.20000076293945,914668500
2020-08-26,47.015010833740234,58.79999923706055,60.79999923706055,57.599998474121094,60.0,54567000
2020-08-27,47.334842681884766,59.20000076293945,62.400001525878906,57.599998474121094,58.400001525878906,42063000
2020-08-28,47.974510192871094,60.0,60.79999923706055,58.400001525878906,58.400001525878906,14284500
2020-08-31,46.37535095214844,58.0,61.599998474121094,56.79999923706055,60.0,24698000
2020-09-01,46.37535095214844,58.0,59.20000076293945,57.20000076293945,58.0,8143000
2020-09-02,48.933998107910156,61.20000076293945,61.599998474121094,57.599998474121094,58.0,31323500
2020-09-03,48.933998107910156,61.20000076293945,64.4000015258789,60.0,62.0,97143000
2020-09-04,47.6546745300293,59.599998474121094,61.20000076293945,57.599998474121094,58.400001525878906,19892000
2020-09-07,48.933998107910156,61.20000076293945,62.0,58.0,59.599998474121094,29631500
2020-09-08,47.334842681884766,59.20000076293945,61.599998474121094,59.20000076293945,61.599998474121094,13576000
2020-09-09,45.73569107055664,57.20000076293945,59.599998474121094,57.20000076293945,58.79999923706055,16958500
2020-09-10,42.537391662597656,53.20000076293945,57.599998474121094,53.20000076293945,57.20000076293945,11118000
2020-09-11,41.57789993286133,52.0,55.20000076293945,49.599998474121094,49.599998474121094,37504000
2020-09-14,44.13653564453125,55.20000076293945,55.599998474121094,51.599998474121094,52.0,18657500
2020-09-15,43.17705535888672,54.0,56.0,52.79999923706055,55.20000076293945,7720000
2020-09-16,43.81671142578125,54.79999923706055,56.0,50.79999923706055,50.79999923706055,12101500
2020-09-17,46.37535095214844,58.0,58.79999923706055,54.79999923706055,54.79999923706055,53832500
2020-09-18,46.055519104003906,57.599998474121094,60.400001525878906,56.0,58.0,53992500
2020-09-21,44.77620315551758,56.0,58.400001525878906,55.20000076293945,58.0,11642000
2020-09-22,43.17705535888672,54.0,55.20000076293945,53.599998474121094,53.599998474121094,12164500
2020-09-23,44.13653564453125,55.20000076293945,58.0,51.20000076293945,54.79999923706055,77862000
2020-09-24,44.13653564453125,55.20000076293945,57.20000076293945,52.400001525878906,54.400001525878906,41436500
2020-09-25,43.49687576293945,54.400001525878906,58.0,53.599998474121094,53.599998474121094,62578500
2020-09-28,42.85721969604492,53.599998474121094,55.20000076293945,53.20000076293945,54.400001525878906,10629500
2020-09-29,42.21756362915039,52.79999923706055,55.20000076293945,52.400001525878906,53.20000076293945,10664500
2020-09-30,41.57789993286133,52.0,53.20000076293945,49.599998474121094,49.599998474121094,8109000
2020-10-01,41.897735595703125,52.400001525878906,52.79999923706055,50.0,50.0,6820000
2020-10-02,43.49687576293945,54.400001525878906,56.0,51.599998474121094,52.400001525878906,37320500
2020-10-05,42.85721969604492,53.599998474121094,55.20000076293945,51.599998474121094,51.599998474121094,19853000
2020-10-06,42.85721969604492,53.599998474121094,56.79999923706055,53.599998474121094,55.20000076293945,58083000
2020-10-07,42.85721969604492,53.599998474121094,54.400001525878906,52.400001525878906,52.400001525878906,6735000
2020-10-08,42.21756362915039,52.79999923706055,53.599998474121094,52.0,52.0,4743500
2020-10-09,43.49687576293945,54.400001525878906,54.400001525878906,52.0,52.0,5388500
2020-10-12,43.49687576293945,54.400001525878906,56.0,52.400001525878906,52.400001525878906,20720000
2020-10-13,42.85721969604492,53.599998474121094,54.79999923706055,53.599998474121094,54.400001525878906,8033500
2020-10-14,43.17705535888672,54.0,54.400001525878906,53.20000076293945,53.599998474121094,6400000
2020-10-15,43.49687576293945,54.400001525878906,56.400001525878906,53.599998474121094,54.0,22185500
2020-10-16,43.17705535888672,54.0,54.79999923706055,53.599998474121094,54.400001525878906,4260000
2020-10-19,46.37535095214844,58.0,59.599998474121094,54.0,54.400001525878906,105512000
2020-10-20,47.974510192871094,60.0,64.80000305175781,58.400001525878906,58.79999923706055,166878000
2020-10-21,44.77620315551758,56.0,60.400001525878906,56.0,58.400001525878906,81058000
2020-10-22,43.17705535888672,54.0,56.0,52.400001525878906,52.400001525878906,32867500
2020-10-23,42.537391662597656,53.20000076293945,54.400001525878906,53.20000076293945,54.0,10429000
2020-10-26,43.49687576293945,54.400001525878906,54.400001525878906,52.400001525878906,53.20000076293945,10325500
2020-10-27,44.77620315551758,56.0,56.400001525878906,53.20000076293945,54.400001525878906,29317000
2020-11-02,44.13653564453125,55.20000076293945,57.20000076293945,54.400001525878906,56.79999923706055,28733500
2020-11-03,43.81671142578125,54.79999923706055,56.400001525878906,54.400001525878906,55.599998474121094,14299000
2020-11-04,43.17705535888672,54.0,56.79999923706055,53.599998474121094,55.599998474121094,20277500
2020-11-05,43.17705535888672,54.0,55.599998474121094,53.599998474121094,54.0,15595000
2020-11-06,44.77620315551758,56.0,56.400001525878906,53.599998474121094,54.400001525878906,38038000
2020-11-09,44.13653564453125,55.20000076293945,60.79999923706055,54.79999923706055,56.79999923706055,146854000
2020-11-10,44.45637512207031,55.599998474121094,56.0,54.400001525878906,54.400001525878906,15300500
2020-11-11,43.81671142578125,54.79999923706055,56.400001525878906,54.0,54.0,12449500
2020-11-12,43.81671142578125,54.79999923706055,55.599998474121094,54.400001525878906,54.79999923706055,6068500
2020-11-13,43.49687576293945,54.400001525878906,56.0,54.0,54.0,8402500
2020-11-16,43.81671142578125,54.79999923706055,55.599998474121094,54.0,54.0,10358000
2020-11-17,45.41586685180664,56.79999923706055,56.79999923706055,54.400001525878906,54.400001525878906,29876500
2020-11-18,46.055519104003906,57.599998474121094,58.400001525878906,57.20000076293945,57.20000076293945,24890000
2020-11-19,46.055519104003906,57.599998474121094,58.400001525878906,57.20000076293945,57.599998474121094,10510500
2020-11-20,45.41586685180664,56.79999923706055,58.400001525878906,56.79999923706055,58.400001525878906,17119500
2020-11-23,46.695186614990234,58.400001525878906,58.79999923706055,57.20000076293945,58.0,28207500
2020-11-24,46.37535095214844,58.0,59.20000076293945,57.599998474121094,58.79999923706055,19440000
2020-11-25,45.41586685180664,56.79999923706055,58.79999923706055,56.400001525878906,58.400001525878906,19428000
2020-11-26,46.055519104003906,57.599998474121094,58.400001525878906,56.79999923706055,57.599998474121094,19382000
2020-11-27,45.73569107055664,57.20000076293945,58.0,56.79999923706055,57.599998474121094,17637500
2020-11-30,44.77620315551758,56.0,57.599998474121094,53.20000076293945,57.20000076293945,24602000
2020-12-01,44.45637512207031,55.599998474121094,56.79999923706055,54.400001525878906,56.0,7540500
2020-12-02,44.45637512207031,55.599998474121094,56.79999923706055,55.20000076293945,56.0,14757500
2020-12-03,44.77620315551758,56.0,56.0,55.20000076293945,55.20000076293945,7967000
2020-12-04,49.57365036010742,62.0,66.0,55.20000076293945,55.599998474121094,459030500
2020-12-07,48.614158630371094,60.79999923706055,63.20000076293945,60.400001525878906,62.0,50965000
2020-12-08,48.294334411621094,60.400001525878906,62.0,60.0,61.20000076293945,29915000
2020-12-10,48.614158630371094,60.79999923706055,62.0,60.0,60.79999923706055,26208000
2020-12-11,53.41161346435547,66.80000305175781,68.4000015258789,60.0,60.79999923706055,527679500
2020-12-14,50.53314971923828,63.20000076293945,67.5999984741211,62.400001525878906,67.5999984741211,129942500
2020-12-15,49.89348602294922,62.400001525878906,64.0,62.0,63.20000076293945,32207000
2020-12-16,50.21330642700195,62.79999923706055,66.80000305175781,62.400001525878906,62.400001525878906,242479000
2020-12-17,49.89348602294922,62.400001525878906,64.4000015258789,62.0,63.599998474121094,36052000
2020-12-18,50.21330642700195,62.79999923706055,63.599998474121094,61.599998474121094,62.79999923706055,23313000
2020-12-21,51.17280578613281,64.0,65.5999984741211,63.20000076293945,63.20000076293945,55899000
2020-12-22,48.614158630371094,60.79999923706055,64.80000305175781,60.79999923706055,64.4000015258789,48533500
2020-12-23,47.015010833740234,58.79999923706055,62.79999923706055,56.79999923706055,62.0,34760500
2020-12-28,47.015010833740234,58.79999923706055,60.400001525878906,57.599998474121094,59.20000076293945,14781500
2020-12-29,47.015010833740234,58.79999923706055,61.20000076293945,58.400001525878906,59.20000076293945,15380500
2020-12-30,45.41586685180664,56.79999923706055,60.79999923706055,56.79999923706055,57.599998474121094,34790500
2021-01-04,46.37535095214844,58.0,58.0,55.599998474121094,56.79999923706055,20961000
2021-01-05,46.37535095214844,58.0,59.20000076293945,56.400001525878906,58.0,13017500
2021-01-06,46.055519104003906,57.599998474121094,59.20000076293945,56.79999923706055,58.0,12378000
2021-01-07,46.695186614990234,58.400001525878906,59.20000076293945,57.599998474121094,57.599998474121094,8030000
2021-01-08,46.695186614990234,58.400001525878906,59.20000076293945,58.0,58.0,13721500
2021-01-11,48.933998107910156,61.20000076293945,62.0,58.0,58.79999923706055,52574000
2021-01-12,49.89348602294922,62.400001525878906,63.20000076293945,60.79999923706055,62.0,68619000
2021-01-13,48.614158630371094,60.79999923706055,62.79999923706055,60.79999923706055,62.79999923706055,19136500
2021-01-14,48.614158630371094,60.79999923706055,62.0,60.400001525878906,60.79999923706055,16400000
2021-01-15,47.6546745300293,59.599998474121094,61.599998474121094,59.20000076293945,61.20000076293945,17269500
2021-01-18,47.015010833740234,58.79999923706055,61.20000076293945,58.400001525878906,60.79999923706055,21349500
2021-01-19,46.055519104003906,57.599998474121094,59.599998474121094,57.20000076293945,59.599998474121094,15580000
2021-01-20,46.695186614990234,58.400001525878906,59.20000076293945,57.599998474121094,57.599998474121094,9629500
2021-01-21,47.015010833740234,58.79999923706055,60.79999923706055,58.400001525878906,58.400001525878906,17560500
2021-01-22,46.37535095214844,58.0,59.599998474121094,56.0,58.79999923706055,19420000
2021-01-25,44.77620315551758,56.0,58.0,55.599998474121094,58.0,13797000
2021-01-26,43.17705535888672,54.0,56.400001525878906,52.400001525878906,56.0,31216000
2021-01-27,40.93824005126953,51.20000076293945,55.20000076293945,50.79999923706055,55.20000076293945,22242000
2021-01-28,38.379600524902344,48.0,52.0,48.0,51.20000076293945,13868500
2021-01-29,38.379600524902344,48.0,51.20000076293945,46.0,46.0,17182500
2021-02-01,41.2580680847168,51.599998474121094,52.0,47.20000076293945,48.400001525878906,16905500
2021-02-02,45.09602737426758,56.400001525878906,58.0,52.0,52.0,22394000
2021-02-03,44.13653564453125,55.20000076293945,56.400001525878906,53.599998474121094,56.400001525878906,9083000
2021-02-04,41.57789993286133,52.0,56.0,52.0,55.599998474121094,17865500
2021-02-05,43.17705535888672,54.0,54.400001525878906,52.0,52.0,5081500
2021-02-08,44.77620315551758,56.0,56.0,54.0,54.0,13852000
2021-02-09,45.09602737426758,56.400001525878906,58.400001525878906,55.599998474121094,56.400001525878906,16966000
2021-02-10,44.77620315551758,56.0,57.599998474121094,56.0,56.400001525878906,3572000
2021-02-11,46.37535095214844,58.0,58.400001525878906,56.0,56.0,10050500
2021-02-15,47.334842681884766,59.20000076293945,59.599998474121094,58.0,58.400001525878906,10298000
2021-02-16,46.37535095214844,58.0,59.599998474121094,58.0,59.20000076293945,4524500
2021-02-17,46.055519104003906,57.599998474121094,58.79999923706055,56.0,57.20000076293945,7782000
2021-02-18,45.41586685180664,56.79999923706055,58.79999923706055,56.79999923706055,57.599998474121094,4725500
2021-02-19,45.73569107055664,57.20000076293945,57.599998474121094,56.0,56.79999923706055,3012000
2021-02-22,45.73569107055664,57.20000076293945,58.0,56.79999923706055,57.20000076293945,4072500
2021-02-23,46.055519104003906,57.599998474121094,58.0,57.20000076293945,57.599998474121094,2335500
2021-02-24,46.055519104003906,57.599998474121094,58.400001525878906,56.79999923706055,57.599998474121094,5398000
2021-02-25,46.055519104003906,57.599998474121094,58.0,57.20000076293945,58.0,3870000
2021-02-26,45.73569107055664,57.20000076293945,57.599998474121094,56.400001525878906,57.599998474121094,2142000
2021-03-01,46.055519104003906,57.599998474121094,58.0,57.20000076293945,57.599998474121094,2127000
2021-03-02,47.974510192871094,60.0,61.599998474121094,57.599998474121094,57.599998474121094,58639000
2021-03-03,47.974510192871094,60.0,61.599998474121094,59.599998474121094,60.400001525878906,20038500
2021-03-04,48.294334411621094,60.400001525878906,60.400001525878906,58.400001525878906,60.0,17693500
2021-03-05,49.57365036010742,62.0,63.20000076293945,59.20000076293945,60.400001525878906,51137500
2021-03-08,51.492637634277344,64.4000015258789,65.19999694824219,62.0,63.20000076293945,78290500
2021-03-09,49.89348602294922,62.400001525878906,65.19999694824219,62.0,64.80000305175781,33505000
2021-03-10,48.614158630371094,60.79999923706055,62.400001525878906,60.400001525878906,62.400001525878906,22349000
2021-03-12,48.933998107910156,61.20000076293945,62.0,59.599998474121094,60.79999923706055,21279500
2021-03-15,51.492637634277344,64.4000015258789,64.4000015258789,60.79999923706055,61.20000076293945,47532000
2021-03-16,49.89348602294922,62.400001525878906,66.4000015258789,62.400001525878906,64.80000305175781,36453500
2021-03-17,49.253822326660156,61.599998474121094,62.79999923706055,60.79999923706055,62.400001525878906,9309000
2021-03-18,48.614158630371094,60.79999923706055,62.400001525878906,60.400001525878906,62.0,18487500
2021-03-19,50.21330642700195,62.79999923706055,65.19999694824219,60.400001525878906,61.20000076293945,42762000
2021-03-22,50.53314971923828,63.20000076293945,64.0,62.400001525878906,62.79999923706055,9342500
2021-03-23,49.89348602294922,62.400001525878906,64.0,62.400001525878906,63.20000076293945,11252500
2021-03-24,49.57365036010742,62.0,62.79999923706055,61.20000076293945,62.400001525878906,6423000
2021-03-25,49.57365036010742,62.0,62.79999923706055,60.79999923706055,62.0,11427000
2021-03-26,49.57365036010742,62.0,62.400001525878906,61.20000076293945,62.400001525878906,2456500
2021-03-29,49.89348602294922,62.400001525878906,63.20000076293945,61.20000076293945,62.79999923706055,3813500
2021-03-30,48.933998107910156,61.20000076293945,62.400001525878906,60.79999923706055,62.400001525878906,8330500
2021-03-31,47.334842681884766,59.20000076293945,61.20000076293945,58.400001525878906,61.20000076293945,17331500
2021-04-01,46.37535095214844,58.0,60.0,56.400001525878906,59.20000076293945,22458000
2021-04-05,47.015010833740234,58.79999923706055,59.20000076293945,57.20000076293945,58.0,7686500
2021-04-06,46.695186614990234,58.400001525878906,59.20000076293945,58.0,58.79999923706055,3979500
2021-04-07,47.015010833740234,58.79999923706055,59.20000076293945,58.0,58.400001525878906,5119500
2021-04-08,47.015010833740234,58.79999923706055,59.599998474121094,58.400001525878906,58.79999923706055,2292000
2021-04-09,47.974510192871094,60.0,60.0,58.79999923706055,59.599998474121094,7472500
2021-04-12,47.015010833740234,58.79999923706055,60.0,58.400001525878906,60.0,4819000
2021-04-13,46.37535095214844,58.0,58.79999923706055,58.0,58.79999923706055,5530500
2021-04-14,46.37535095214844,58.0,59.20000076293945,58.0,58.0,5104500
2021-04-15,46.695186614990234,58.400001525878906,58.79999923706055,57.599998474121094,58.0,4066500
2021-04-16,46.37535095214844,58.0,58.400001525878906,58.0,58.400001525878906,4232000
2021-04-19,46.37535095214844,58.0,58.400001525878906,57.599998474121094,58.0,2017500
2021-04-20,46.695186614990234,58.400001525878906,58.79999923706055,58.0,58.0,5629500
2021-04-21,46.695186614990234,58.400001525878906,58.79999923706055,57.599998474121094,58.79999923706055,1275000
2021-04-22,46.37535095214844,58.0,58.400001525878906,57.20000076293945,58.0,1894500
2021-04-23,46.37535095214844,58.0,60.0,58.0,58.79999923706055,4079000
2021-04-26,47.015010833740234,58.79999923706055,60.400001525878906,58.400001525878906,60.0,10497000
2021-04-27,46.37535095214844,58.0,60.0,58.0,60.0,5380000
2021-04-28,46.055519104003906,57.599998474121094,58.400001525878906,57.599998474121094,58.0,11038500
2021-04-29,46.695186614990234,58.400001525878906,58.79999923706055,57.599998474121094,57.599998474121094,4465000
2021-04-30,46.695186614990234,58.400001525878906,58.79999923706055,58.0,58.0,1700000
2021-05-03,58.20906066894531,72.80000305175781,72.80000305175781,62.79999923706055,62.79999923706055,205285000
2021-05-04,63.00651550292969,78.80000305175781,83.19999694824219,74.0,74.0,247357000
2021-05-05,62.366851806640625,78.0,80.0,76.4000015258789,79.19999694824219,51611000
2021-05-06,72.6014175415039,90.80000305175781,92.0,77.5999984741211,78.4000015258789,236436000
2021-05-07,72.92123413085938,91.19999694824219,95.19999694824219,88.80000305175781,92.0,87400000
2021-05-10,79.9574966430664,100.0,100.0,90.0,91.5999984741211,130595500
2021-05-11,78.99800872802734,98.80000305175781,105.0,98.0,100.0,112060500
2021-05-17,73.8807373046875,92.4000015258789,99.19999694824219,92.0,99.19999694824219,78987000
2021-05-18,78.03852081298828,97.5999984741211,98.0,90.0,92.4000015258789,52793000
2021-05-19,77.39887237548828,96.80000305175781,101.0,92.80000305175781,98.0,40401500
2021-05-20,77.71870422363281,97.19999694824219,98.80000305175781,96.0,96.80000305175781,16401000
2021-05-21,83.95539093017578,105.0,105.0,96.80000305175781,97.19999694824219,151551500
2021-05-24,82.35623168945312,103.0,110.0,98.0,108.0,97699500
2021-05-25,83.15579986572266,104.0,107.0,100.0,100.0,26083000
2021-05-27,83.15579986572266,104.0,106.0,101.0,105.0,15653500
2021-05-28,78.99800872802734,98.80000305175781,105.0,96.80000305175781,104.0,42726000
2021-05-31,78.67818450927734,98.4000015258789,101.0,98.0,98.4000015258789,30651000
2021-06-02,79.31784057617188,99.19999694824219,100.0,98.0,98.4000015258789,19528000
2021-06-03,78.67818450927734,98.4000015258789,100.0,96.80000305175781,99.19999694824219,21023000
2021-06-04,78.35835266113281,98.0,98.4000015258789,94.4000015258789,98.4000015258789,41928000
2021-06-07,78.67818450927734,98.4000015258789,99.19999694824219,96.80000305175781,97.19999694824219,17647500
2021-06-08,78.35835266113281,98.0,100.0,96.80000305175781,97.19999694824219,26321500
2021-06-09,82.35623168945312,103.0,105.0,98.0,98.0,65905500
2021-06-10,83.15579986572266,104.0,106.0,102.0,104.0,30744000
2021-06-11,81.55665588378906,102.0,107.0,102.0,106.0,26304500
2021-06-14,81.55665588378906,102.0,106.0,102.0,103.0,22080500
2021-06-15,93.5502700805664,117.0,118.0,101.0,102.0,207690000
2021-06-16,89.55240631103516,112.0,122.0,112.0,118.0,114199500
2021-06-17,90.35198211669922,113.0,116.0,111.0,112.0,33751500
2021-06-18,87.15367889404297,109.0,113.0,106.0,113.0,56804500
2021-06-21,83.95539093017578,105.0,109.0,102.0,109.0,32678500
2021-06-22,86.35411071777344,108.0,110.0,103.0,105.0,24803500
2021-06-23,93.5502700805664,117.0,118.0,108.0,110.0,72165500
2021-06-24,91.15155029296875,114.0,123.0,112.0,118.0,81563000
2021-06-25,93.5502700805664,117.0,128.0,113.0,115.0,158714000
2021-06-28,92.75070190429688,116.0,122.0,113.0,116.0,38550000
2021-06-29,88.75282287597656,111.0,119.0,108.0,116.0,43278500
2021-06-30,90.35198211669922,113.0,115.0,106.0,111.0,36785000
2021-07-01,91.15155029296875,114.0,116.0,109.0,114.0,23969000
2021-07-02,89.55240631103516,112.0,114.0,109.0,114.0,20762500
2021-07-05,88.75282287597656,111.0,114.0,109.0,112.0,16536000
2021-07-06,90.35198211669922,113.0,115.0,110.0,111.0,33284000
2021-07-07,89.55240631103516,112.0,117.0,111.0,116.0,25650500
2021-07-08,88.75282287597656,111.0,114.0,109.0,112.0,18836000
2021-07-09,84.68159484863281,104.0,111.0,104.0,111.0,49638000
2021-07-12,82.23886108398438,101.0,106.0,100.0,103.0,35733000
2021-07-13,96.8952865600586,119.0,119.0,101.0,101.0,100501500
2021-07-14,102.59501647949219,126.0,138.0,118.0,122.0,422615500
2021-07-15,101.78076934814453,125.0,128.0,118.0,127.0,84086000
2021-07-16,106.66624450683594,131.0,136.0,123.0,126.0,123467000
2021-07-19,105.85199737548828,130.0,133.0,125.0,130.0,33810500
2021-07-21,100.15227508544922,123.0,133.0,122.0,130.0,79787000
2021-07-22,100.15227508544922,123.0,127.0,120.0,123.0,25602500
2021-07-23,101.78076934814453,125.0,127.0,122.0,123.0,27880000
2021-07-26,109.10897064208984,134.0,136.0,124.0,125.0,67032500
2021-07-27,109.10897064208984,134.0,139.0,131.0,134.0,56843000
2021-07-28,108.29473114013672,133.0,138.0,131.0,133.0,16867000
2021-07-29,127.83662414550781,157.0,166.0,133.0,134.0,520977500
2021-07-30,119.69418334960938,147.0,160.0,147.0,159.0,140632500
2021-08-02,111.55171966552734,137.0,145.0,137.0,138.0,155396000
2021-08-03,105.85199737548828,130.0,138.0,128.0,137.0,150326500
2021-08-04,109.10897064208984,134.0,137.0,128.0,131.0,90610500
2021-08-05,108.29473114013672,133.0,137.0,132.0,136.0,41141000
2021-08-06,108.29473114013672,133.0,135.0,129.0,133.0,33204500
2021-08-09,105.85199737548828,130.0,134.0,128.0,132.0,31618000
2021-08-10,104.22350311279297,128.0,133.0,125.0,131.0,27314500
2021-08-12,105.85199737548828,130.0,133.0,123.0,129.0,42091000
2021-08-13,107.4804916381836,132.0,136.0,131.0,134.0,61267000
2021-08-16,106.66624450683594,131.0,134.0,128.0,133.0,25823500
2021-08-18,103.40924835205078,127.0,133.0,126.0,132.0,22093500
2021-08-19,100.96652221679688,124.0,129.0,120.0,126.0,39325000
2021-08-20,103.40924835205078,127.0,132.0,121.0,124.0,102676000
2021-08-23,103.40924835205078,127.0,130.0,126.0,129.0,31014000
2021-08-24,104.22350311279297,128.0,132.0,127.0,127.0,27041500
2021-08-25,103.40924835205078,127.0,132.0,126.0,131.0,16947000
2021-08-26,113.18021392822266,139.0,142.0,126.0,127.0,380907500
2021-08-27,113.18021392822266,139.0,141.0,133.0,140.0,114316500
2021-08-30,105.85199737548828,130.0,145.0,130.0,140.0,260863500
2021-08-31,102.59501647949219,126.0,128.0,121.0,121.0,126535000
2021-09-01,100.15227508544922,123.0,129.0,121.0,129.0,66960000
2021-09-02,103.40924835205078,127.0,127.0,123.0,123.0,37233500
2021-09-03,104.22350311279297,128.0,129.0,126.0,127.0,28574000
2021-09-06,101.78076934814453,125.0,138.0,124.0,138.0,46639500
2021-09-07,101.78076934814453,125.0,127.0,124.0,125.0,22756500
2021-09-08,102.59501647949219,126.0,127.0,123.0,125.0,25627000
2021-09-09,101.78076934814453,125.0,126.0,123.0,126.0,24614000
2021-09-10,101.78076934814453,125.0,128.0,124.0,125.0,20999000
2021-09-13,102.59501647949219,126.0,127.0,123.0,125.0,22847000
2021-09-14,105.85199737548828,130.0,132.0,126.0,126.0,59970000
2021-09-15,108.29473114013672,133.0,135.0,129.0,130.0,41027000
2021-09-16,106.66624450683594,131.0,136.0,130.0,136.0,17352500
2021-09-17,105.03775024414062,129.0,134.0,127.0,132.0,19853500
2021-09-20,101.78076934814453,125.0,129.0,125.0,129.0,15505000
2021-09-21,100.15227508544922,123.0,125.0,120.0,124.0,42785000
2021-09-22,102.59501647949219,126.0,127.0,122.0,123.0,43918000
2021-09-23,104.22350311279297,128.0,129.0,126.0,128.0,21789500
2021-09-24,104.22350311279297,128.0,133.0,127.0,129.0,44206000
2021-09-27,103.40924835205078,127.0,130.0,126.0,128.0,16919000
2021-09-28,106.66624450683594,131.0,132.0,126.0,127.0,39368000
2021-09-29,112.365966796875,138.0,141.0,129.0,131.0,112292500
2021-09-30,108.29473114013672,133.0,139.0,131.0,138.0,52226000
2021-10-01,115.62296295166016,142.0,143.0,132.0,133.0,118901500
2021-10-04,118.06568908691406,145.0,149.0,139.0,144.0,141964500
2021-10-05,115.62296295166016,142.0,149.0,138.0,147.0,134600000
2021-10-06,118.06568908691406,145.0,149.0,140.0,141.0,75678500
2021-10-07,112.365966796875,138.0,148.0,137.0,145.0,74825000
2021-10-08,114.80870056152344,141.0,141.0,138.0,138.0,14835000
2021-10-11,113.18021392822266,139.0,144.0,139.0,142.0,28133500
2021-10-12,111.55171966552734,137.0,143.0,133.0,140.0,49516500
2021-10-13,108.29473114013672,133.0,137.0,130.0,137.0,64646500
2021-10-14,110.73747253417969,136.0,137.0,132.0,133.0,30067500
2021-10-15,107.4804916381836,132.0,138.0,130.0,138.0,54385000
2021-10-18,114.80870056152344,141.0,141.0,130.0,133.0,77987000
2021-10-19,111.55171966552734,137.0,143.0,136.0,143.0,59339000
2021-10-21,110.73747253417969,136.0,139.0,134.0,137.0,46605000
2021-10-22,111.55171966552734,137.0,138.0,135.0,136.0,14751500
2021-10-25,114.80870056152344,141.0,141.0,137.0,137.0,43580500
2021-10-26,118.06568908691406,145.0,148.0,140.0,142.0,149302000
2021-10-27,118.06568908691406,145.0,152.0,144.0,145.0,91348000
2021-10-28,115.62296295166016,142.0,148.0,137.0,145.0,62697000
2021-10-29,116.43721008300781,143.0,146.0,141.0,142.0,31772500
2021-11-01,127.02240753173828,156.0,176.0,152.0,170.0,322693500
2021-11-02,127.02240753173828,156.0,163.0,153.0,157.0,106770000
2021-11-03,129.46514892578125,159.0,161.0,156.0,156.0,53295000
2021-11-04,135.97909545898438,167.0,169.0,159.0,160.0,133906500
2021-11-05,132.7221221923828,163.0,171.0,162.0,167.0,76492500
2021-11-08,148.19281005859375,182.0,184.0,163.0,163.0,156053000
2021-11-09,156.33526611328125,192.0,198.0,179.0,183.0,132318000
2021-11-10,157.9637451171875,194.0,201.0,187.0,191.0,78273500
2021-11-11,164.47772216796875,202.0,204.0,193.0,194.0,100436500
2021-11-12,160.406494140625,197.0,205.0,194.0,202.0,64217000
2021-11-15,153.07827758789062,188.0,202.0,185.0,198.0,83754000
2021-11-16,149.8212890625,184.0,193.0,183.0,189.0,52104500
2021-11-17,150.6355438232422,185.0,187.0,175.0,184.0,58696500
2021-11-18,149.8212890625,184.0,187.0,182.0,185.0,22881500
2021-11-19,153.07827758789062,188.0,193.0,183.0,184.0,59750500
2021-11-22,154.70677185058594,190.0,192.0,187.0,188.0,23685000
2021-11-23,148.19281005859375,182.0,191.0,178.0,191.0,49945500
2021-11-24,149.8212890625,184.0,187.0,182.0,182.0,18801000
2021-11-25,149.8212890625,184.0,188.0,184.0,184.0,17985000
2021-11-26,141.67881774902344,174.0,185.0,173.0,184.0,55629000
2021-11-29,140.86459350585938,173.0,175.0,166.0,174.0,29569000
2021-11-30,142.49305725097656,175.0,186.0,173.0,173.0,84560500
2021-12-01,148.19281005859375,182.0,190.0,175.0,176.0,84863500
2021-12-02,147.37855529785156,181.0,183.0,177.0,182.0,27687000
2021-12-03,152.2640380859375,187.0,189.0,180.0,183.0,46263000
2021-12-06,152.2640380859375,187.0,196.0,186.0,187.0,57022500
2021-12-07,154.70677185058594,190.0,191.0,186.0,189.0,25274500
2021-12-08,152.2640380859375,187.0,193.0,185.0,190.0,37062000
2021-12-09,149.00701904296875,183.0,189.0,182.0,187.0,26796000
2021-12-10,152.2640380859375,187.0,188.0,184.0,185.0,15935000
2021-12-13,172.62017822265625,212.0,212.0,187.0,187.0,201549500
2021-12-14,190.53359985351562,234.0,237.0,209.0,217.0,328697500
2021-12-15,183.20538330078125,225.0,241.0,222.0,236.0,114968500
2021-12-16,178.31991577148438,219.0,229.0,211.0,225.0,63706000
2021-12-17,181.57688903808594,223.0,229.0,219.0,219.0,34292500
2021-12-20,177.50564575195312,218.0,225.0,212.0,224.0,43459500
2021-12-21,176.69140625,217.0,218.0,204.0,218.0,45720500
2021-12-22,171.8059539794922,211.0,226.0,211.0,217.0,36678500
2021-12-23,170.1774139404297,209.0,214.0,206.0,211.0,33752000
2021-12-24,168.54896545410156,207.0,216.0,206.0,209.0,37186500
2021-12-27,171.8059539794922,211.0,215.0,207.0,208.0,20005000
2021-12-28,167.73471069335938,206.0,214.0,206.0,213.0,19998500
2021-12-29,167.73471069335938,206.0,209.0,204.0,206.0,14396500
2021-12-30,162.0349884033203,199.0,209.0,195.0,207.0,53026500
2022-01-03,172.62017822265625,212.0,212.0,196.0,199.0,49005500
2022-01-04,176.69140625,217.0,221.0,212.0,213.0,52483000
2022-01-05,170.1774139404297,209.0,222.0,208.0,217.0,38935000
2022-01-06,170.1774139404297,209.0,210.0,202.0,208.0,22577500
2022-01-07,171.8059539794922,211.0,212.0,206.0,210.0,14662500
2022-01-10,165.29196166992188,203.0,211.0,202.0,211.0,31427500
2022-01-11,163.66346740722656,201.0,207.0,199.0,205.0,34293000
2022-01-12,164.47772216796875,202.0,204.0,200.0,203.0,14439500
2022-01-13,165.29196166992188,203.0,203.0,199.0,202.0,12643000
2022-01-14,166.106201171875,204.0,204.0,200.0,204.0,13836500
2022-01-17,168.54896545410156,207.0,216.0,203.0,204.0,45048500
2022-01-18,162.8491973876953,200.0,208.0,195.0,207.0,38029500
2022-01-19,161.22073364257812,198.0,200.0,198.0,200.0,20989500
2022-01-20,156.33526611328125,192.0,199.0,190.0,198.0,53574000
2022-01-21,161.22073364257812,198.0,202.0,184.0,192.0,58747000
2022-01-24,157.9637451171875,194.0,199.0,194.0,197.0,19743500
2022-01-25,153.07827758789062,188.0,194.0,185.0,192.0,32266000
2022-01-26,154.70677185058594,190.0,195.0,178.0,185.0,38514000
2022-01-27,147.37855529785156,181.0,192.0,179.0,190.0,44197000
2022-01-28,151.44976806640625,186.0,188.0,181.0,182.0,27857000
2022-01-31,151.44976806640625,186.0,191.0,185.0,188.0,18354000
2022-02-02,153.07827758789062,188.0,192.0,186.0,188.0,20918000
2022-02-03,157.14952087402344,193.0,195.0,186.0,188.0,32045500
2022-02-04,169.36318969726562,208.0,212.0,189.0,195.0,111384500
2022-02-07,174.24868774414062,214.0,219.0,208.0,208.0,82338500
2022-02-08,175.0629119873047,215.0,218.0,211.0,216.0,39724500
2022-02-09,185.6481170654297,228.0,229.0,215.0,224.0,76857000
2022-02-10,195.41909790039062,240.0,253.0,228.0,229.0,167266000
2022-02-11,201.93304443359375,248.0,249.0,228.0,241.0,79100000
2022-02-14,205.19003295898438,252.0,262.0,244.0,249.0,123190000
2022-02-15,196.2333221435547,241.0,260.0,241.0,254.0,83032000
2022-02-16,201.93304443359375,248.0,251.0,235.0,241.0,55508000
2022-02-17,200.30455017089844,246.0,257.0,242.0,250.0,37727000
2022-02-18,197.86180114746094,243.0,251.0,242.0,248.0,24952000
2022-02-21,192.16209411621094,236.0,245.0,236.0,243.0,42603500
2022-02-22,183.20538330078125,225.0,236.0,220.0,236.0,53323500
2022-02-23,190.53359985351562,234.0,234.0,220.0,220.0,39286000
2022-02-24,182.39112854003906,224.0,238.0,219.0,234.0,75096500
2022-02-25,222.28919982910156,273.0,279.0,227.0,227.0,277670000
2022-03-01,217.40371704101562,267.0,286.0,262.0,273.0,144396000
2022-03-02,215.77523803710938,265.0,271.0,259.0,267.0,59996500
2022-03-04,206.81849670410156,254.0,275.0,253.0,266.0,100773000
2022-03-07,207.63278198242188,255.0,264.0,247.0,253.0,73424500
2022-03-08,197.04757690429688,242.0,260.0,242.0,257.0,53459500
2022-03-09,204.3757781982422,251.0,255.0,242.0,245.0,34220000
2022-03-10,214.14674377441406,263.0,266.0,249.0,254.0,77326000
2022-03-11,215.77523803710938,265.0,268.0,259.0,262.0,52843500
2022-03-14,207.63278198242188,255.0,270.0,254.0,265.0,44697000
2022-03-15,209.26124572753906,257.0,260.0,251.0,255.0,33419000
2022-03-16,211.70399475097656,260.0,267.0,255.0,257.0,30509500
2022-03-17,213.33248901367188,262.0,264.0,259.0,261.0,16096000
2022-03-18,225.54617309570312,277.0,283.0,261.0,263.0,146838000
2022-03-21,220.66070556640625,271.0,288.0,268.0,280.0,79936000
2022-03-22,220.66070556640625,271.0,277.0,266.0,272.0,38527000
2022-03-23,232.0601348876953,285.0,293.0,271.0,271.0,128196500
2022-03-24,226.3604278564453,278.0,288.0,276.0,286.0,41590500
2022-03-25,223.1034393310547,274.0,282.0,274.0,278.0,35005000
2022-03-28,227.98892211914062,280.0,280.0,271.0,274.0,37277500
2022-03-29,232.87442016601562,286.0,288.0,278.0,280.0,40620500
2022-03-30,243.45960998535156,299.0,306.0,288.0,290.0,124040000
2022-03-31,257.3017883300781,316.0,319.0,298.0,310.0,173912000
2022-04-01,258.1160583496094,317.0,324.0,307.0,317.0,88264000
2022-04-04,281.72918701171875,346.0,346.0,317.0,317.0,101259000
2022-04-05,276.0294494628906,339.0,360.0,334.0,347.0,86190500
2022-04-06,284.1719055175781,349.0,357.0,336.0,339.0,49768500
2022-04-07,277.657958984375,341.0,350.0,338.0,350.0,37146000
2022-04-08,284.1719055175781,349.0,355.0,331.0,342.0,49515500
2022-04-11,313.4847412109375,385.0,388.0,344.0,349.0,86156500
2022-04-12,306.15655517578125,376.0,397.0,370.0,385.0,59261000
2022-04-13,308.5992736816406,379.0,390.0,372.0,376.0,40905000
2022-04-14,310.2277526855469,381.0,389.0,377.0,380.0,27104500
2022-04-18,303.71380615234375,373.0,385.0,373.0,381.0,31475500
2022-04-19,295.5713806152344,363.0,375.0,358.0,374.0,53063000
2022-04-20,284.1719055175781,349.0,363.0,338.0,363.0,94358500
2022-04-21,291.5001220703125,358.0,368.0,345.0,349.0,44678500
2022-04-22,304.528076171875,374.0,386.0,355.0,359.0,122525000
2022-04-25,303.71380615234375,373.0,384.0,361.0,376.0,73108000
2022-04-26,298.0140380859375,366.0,374.0,360.0,374.0,39163000
2022-04-27,306.15655517578125,376.0,376.0,364.0,368.0,24931000
2022-04-28,325.6983947753906,400.0,406.0,373.0,376.0,109077000
2022-05-09,407.1230773925781,500.0,500.0,408.0,414.0,232594000
2022-05-10,459.23480224609375,564.0,594.0,472.0,510.0,292073000
2022-05-11,433.1789245605469,532.0,604.0,526.0,566.0,186111500
2022-05-12,434.80743408203125,534.0,564.0,504.0,528.0,82577500
2022-05-13,442.94989013671875,544.0,556.0,514.0,534.0,92438000
2022-05-17,438.064453125,538.0,604.0,528.0,604.0,71110500
2022-05-18,429.9219665527344,528.0,546.0,526.0,538.0,38781500
2022-05-19,418.5224914550781,514.0,550.0,510.0,528.0,74937000
2022-05-20,439.6929016113281,540.0,560.0,514.0,514.0,97420000
2022-05-23,465.74884033203125,572.0,584.0,536.0,542.0,96771500
2022-05-24,521.117431640625,640.0,670.0,568.0,578.0,269182000
2022-05-25,506.4611511230469,622.0,666.0,612.0,638.0,111864500
2022-05-27,512.97509765625,630.0,646.0,616.0,622.0,57997000
2022-05-30,568.3438110351562,698.0,714.0,630.0,650.0,162420000
2022-05-31,569.9722290039062,700.0,728.0,680.0,718.0,84508500
2022-06-02,617.1985473632812,758.0,790.0,700.0,702.0,142768500
2022-06-03,620.4555053710938,762.0,792.0,748.0,762.0,94808000
2022-06-06,638.3689575195312,784.0,790.0,750.0,762.0,88853000
2022-06-07,625.341064453125,768.0,816.0,764.0,790.0,92523000
2022-06-08,620.4555053710938,762.0,774.0,760.0,760.0,33808500
2022-06-09,594.399658203125,730.0,772.0,716.0,762.0,92619500
2022-06-10,581.371826171875,714.0,730.0,696.0,720.0,87205000
2022-06-13,545.5449829101562,670.0,712.0,666.0,708.0,86894000
2022-06-14,545.5449829101562,670.0,704.0,642.0,678.0,99566500
2022-06-15,509.7180480957031,626.0,686.0,624.0,678.0,92572000
2022-06-16,524.37451171875,644.0,670.0,626.0,626.0,64726000
2022-06-17,524.37451171875,644.0,660.0,630.0,638.0,34127000
2022-06-20,512.97509765625,630.0,662.0,626.0,652.0,46137500
2022-06-21,534.1455078125,656.0,664.0,630.0,632.0,42823000
2022-06-22,519.4890747070312,638.0,674.0,630.0,664.0,60249500
2022-06-23,483.66217041015625,594.0,646.0,594.0,644.0,123769500
2022-06-24,473.8912658691406,582.0,604.0,556.0,576.0,121755500
2022-06-27,524.37451171875,644.0,648.0,584.0,584.0,141287500
2022-06-28,521.117431640625,640.0,656.0,626.0,650.0,51675000
2022-06-29,485.29071044921875,596.0,648.0,596.0,644.0,137316500
2022-06-30,452.7208557128906,556.0,560.0,556.0,560.0,16645500
2022-07-01,421.7795104980469,518.0,518.0,518.0,518.0,16753000
2022-07-04,392.4666442871094,482.0,482.0,482.0,482.0,8239000
2022-07-05,390.83819580078125,480.0,488.0,450.0,450.0,220127000
2022-07-06,364.7822570800781,448.0,488.0,448.0,484.0,256019500
2022-07-07,379.438720703125,466.0,482.0,430.0,440.0,184682000
2022-07-08,409.3943786621094,492.0,516.0,460.0,460.0,151589500
2022-07-11,407.7301940917969,490.0,498.0,474.0,492.0,48208000
2022-07-12,424.37225341796875,510.0,532.0,484.0,490.0,85855000
2022-07-13,417.71539306640625,502.0,526.0,498.0,514.0,50742500
2022-07-14,442.678466796875,532.0,538.0,500.0,502.0,85525000
2022-07-15,439.3500671386719,528.0,548.0,524.0,534.0,51114000
2022-07-18,441.0143127441406,530.0,548.0,524.0,530.0,42253000
2022-07-19,446.0068359375,536.0,538.0,526.0,530.0,26188500
2022-07-20,460.9847106933594,554.0,564.0,534.0,542.0,67439000
2022-07-21,462.6489562988281,556.0,564.0,550.0,554.0,28560500
2022-07-22,475.9626159667969,572.0,576.0,556.0,556.0,45127000
2022-07-25,442.678466796875,532.0,580.0,532.0,574.0,106326000
2022-07-26,426.03643798828125,512.0,522.0,496.0,496.0,100407500
2022-07-27,426.03643798828125,512.0,522.0,504.0,512.0,45692000
2022-07-28,436.02166748046875,524.0,534.0,514.0,514.0,38053500
2022-07-29,431.029052734375,518.0,540.0,510.0,528.0,58589000
2022-08-01,487.61199951171875,586.0,596.0,518.0,518.0,202625500
2022-08-02,494.268798828125,594.0,626.0,588.0,598.0,156206000
2022-08-03,497.5972595214844,598.0,606.0,572.0,598.0,74668000
2022-08-04,490.9404296875,590.0,604.0,586.0,600.0,37191000
2022-08-05,485.9478454589844,584.0,600.0,580.0,592.0,31233500
2022-08-08,474.29833984375,570.0,592.0,568.0,590.0,40574000
2022-08-09,469.30572509765625,564.0,582.0,560.0,570.0,51098000
2022-08-10,465.9172668457031,550.0,566.0,548.0,558.0,42097000
2022-08-11,457.446044921875,540.0,564.0,534.0,554.0,63497000
2022-08-12,455.7518310546875,538.0,544.0,524.0,540.0,41107000
2022-08-15,440.5035705566406,520.0,546.0,520.0,538.0,50326000
2022-08-16,442.1978454589844,522.0,524.0,510.0,520.0,41813500
2022-08-18,448.974853515625,530.0,538.0,518.0,524.0,54600000
2022-08-19,447.28057861328125,528.0,536.0,522.0,532.0,25931500
2022-08-22,428.6438903808594,506.0,532.0,492.0,530.0,54238000
2022-08-23,421.86688232421875,498.0,508.0,494.0,506.0,41756500
2022-08-24,426.94964599609375,504.0,516.0,498.0,498.0,35995000
2022-08-25,421.86688232421875,498.0,510.0,492.0,510.0,24447500
2022-08-26,410.0072021484375,484.0,500.0,482.0,498.0,49129000
2022-08-29,418.4783935546875,494.0,500.0,468.0,484.0,49881000
2022-08-30,443.89208984375,524.0,528.0,496.0,500.0,74317500
2022-08-31,437.1150817871094,516.0,528.0,510.0,524.0,37885000
2022-09-01,426.94964599609375,504.0,518.0,502.0,518.0,25207500
2022-09-02,423.5611572265625,500.0,514.0,500.0,504.0,21874500
2022-09-05,415.0899353027344,490.0,500.0,480.0,480.0,38526500
2022-09-06,418.4783935546875,494.0,504.0,470.0,490.0,71158500
2022-09-07,416.7841491699219,492.0,504.0,486.0,496.0,27231000
2022-09-08,415.0899353027344,490.0,498.0,484.0,494.0,25101500
2022-09-09,413.39569091796875,488.0,496.0,484.0,490.0,20861000
2022-09-12,423.5611572265625,500.0,500.0,486.0,488.0,44624000
2022-09-13,448.974853515625,530.0,538.0,502.0,502.0,128334000
2022-09-14,448.974853515625,530.0,538.0,512.0,530.0,74782000
2022-09-15,435.42083740234375,514.0,534.0,514.0,532.0,53255000
2022-09-16,437.1150817871094,516.0,520.0,502.0,514.0,40522500
2022-09-19,420.17266845703125,496.0,522.0,492.0,516.0,44384000
2022-09-20,413.39569091796875,488.0,500.0,484.0,496.0,24364000
2022-09-21,413.39569091796875,488.0,496.0,478.0,488.0,21974500
2022-09-22,415.0899353027344,490.0,494.0,482.0,488.0,18555500
2022-09-23,413.39569091796875,488.0,502.0,486.0,492.0,28086500
2022-09-26,404.9244384765625,478.0,488.0,474.0,488.0,34352500
2022-09-27,401.5359802246094,474.0,478.0,470.0,478.0,25365000
2022-09-28,382.8992614746094,452.0,474.0,452.0,474.0,57517500
2022-09-29,377.8165283203125,446.0,462.0,442.0,458.0,30530000
2022-09-30,379.5107727050781,448.0,456.0,420.0,446.0,65204500
2022-10-03,396.4532165527344,468.0,474.0,444.0,456.0,36642000
2022-10-04,403.2301940917969,476.0,486.0,464.0,470.0,35723000
2022-10-05,415.0899353027344,490.0,508.0,476.0,476.0,62114000
2022-10-06,423.5611572265625,500.0,508.0,490.0,492.0,40510500
2022-10-07,423.5611572265625,500.0,506.0,496.0,500.0,27255000
2022-10-10,415.0899353027344,490.0,500.0,480.0,500.0,23414500
2022-10-11,404.9244384765625,478.0,506.0,478.0,492.0,22766000
2022-10-12,391.3705139160156,462.0,490.0,450.0,478.0,26697000
2022-10-13,404.9244384765625,478.0,484.0,452.0,462.0,23982000
2022-10-14,398.1474914550781,470.0,486.0,466.0,480.0,11977000
2022-10-17,389.6762390136719,460.0,470.0,442.0,470.0,28007000
2022-10-18,379.5107727050781,448.0,470.0,438.0,470.0,19184500
2022-10-19,389.6762390136719,460.0,466.0,448.0,448.0,18826000
2022-10-20,389.6762390136719,460.0,466.0,454.0,462.0,15679500
2022-10-21,389.6762390136719,460.0,474.0,460.0,460.0,18854500
2022-10-24,386.2877502441406,456.0,470.0,454.0,464.0,14590500
2022-10-25,384.5935363769531,454.0,464.0,454.0,458.0,13197000
2022-10-26,386.2877502441406,456.0,462.0,450.0,462.0,12793500
2022-10-27,394.7590026855469,466.0,470.0,456.0,462.0,24514000
2022-10-28,401.5359802246094,474.0,480.0,460.0,466.0,24931000
2022-10-31,401.5359802246094,474.0,482.0,466.0,476.0,29658500
2022-11-01,406.6187438964844,480.0,506.0,478.0,492.0,83208500
2022-11-02,391.3705139160156,462.0,484.0,458.0,482.0,47327500
2022-11-03,418.4783935546875,494.0,500.0,460.0,464.0,67615000
2022-11-04,421.86688232421875,498.0,514.0,488.0,500.0,70108000
2022-11-07,440.5035705566406,520.0,524.0,494.0,504.0,75451500
2022-11-08,428.6438903808594,506.0,526.0,500.0,524.0,40462000
2022-11-09,416.7841491699219,492.0,514.0,484.0,508.0,46673000
2022-11-10,399.84173583984375,472.0,492.0,468.0,492.0,48648000
2022-11-11,393.0647277832031,464.0,480.0,460.0,472.0,54254000
2022-11-14,396.4532165527344,468.0,476.0,462.0,466.0,29195500
2022-11-15,403.2301940917969,476.0,478.0,466.0,470.0,20664000
2022-11-16,398.1474914550781,470.0,482.0,466.0,478.0,22480000
2022-11-17,399.84173583984375,472.0,472.0,464.0,470.0,11707500
2022-11-18,393.0647277832031,464.0,476.0,464.0,474.0,15906500
2022-11-21,394.7590026855469,466.0,468.0,462.0,464.0,10940500
2022-11-22,393.0647277832031,464.0,468.0,462.0,466.0,13171500
2022-11-23,398.1474914550781,470.0,476.0,464.0,464.0,12578000
2022-11-24,394.7590026855469,466.0,474.0,464.0,472.0,15635500
2022-11-25,394.7590026855469,466.0,472.0,464.0,470.0,11230000
2022-11-28,391.3705139160156,462.0,470.0,462.0,466.0,20224500
2022-11-29,387.98199462890625,458.0,466.0,452.0,462.0,18708000
2022-11-30,384.5935363769531,454.0,462.0,452.0,458.0,12917000
2022-12-01,379.5107727050781,448.0,458.0,448.0,454.0,22492000
2022-12-02,379.5107727050781,448.0,456.0,446.0,448.0,13694500
2022-12-05,381.20501708984375,450.0,456.0,448.0,448.0,11149500
2022-12-06,377.8165283203125,446.0,454.0,444.0,454.0,14557500
2022-12-07,369.3453063964844,436.0,448.0,422.0,446.0,34298500
2022-12-08,345.6258850097656,408.0,442.0,406.0,436.0,72285000
2022-12-09,323.6007080078125,382.0,410.0,380.0,410.0,92160000
2022-12-12,340.54315185546875,402.0,410.0,369.0,382.0,46573500
2022-12-13,333.7662048339844,394.0,410.0,391.0,404.0,28225000
2022-12-14,336.30755615234375,397.0,406.0,393.0,395.0,15761500
2022-12-15,334.6133117675781,395.0,402.0,393.0,397.0,9762000
2022-12-16,334.6133117675781,395.0,400.0,392.0,395.0,9414000
2022-12-19,335.4604187011719,396.0,402.0,394.0,396.0,6340500
2022-12-20,331.22479248046875,391.0,398.0,391.0,397.0,7900500
2022-12-21,335.4604187011719,396.0,398.0,391.0,391.0,9219000
2022-12-22,347.32012939453125,410.0,420.0,396.0,397.0,29521500
2022-12-23,340.54315185546875,402.0,414.0,402.0,410.0,10498000
2022-12-26,336.30755615234375,397.0,406.0,396.0,402.0,13343000
2022-12-27,333.7662048339844,394.0,399.0,392.0,397.0,8850500
2022-12-28,330.3777160644531,390.0,397.0,390.0,395.0,9930000
2022-12-29,327.8363342285156,387.0,394.0,385.0,390.0,9211000
2022-12-30,326.9892272949219,386.0,389.0,382.0,388.0,11388500
2023-01-02,325.29498291015625,384.0,386.0,382.0,386.0,7207500
2023-01-03,333.7662048339844,394.0,396.0,384.0,385.0,10366500
2023-01-04,327.8363342285156,387.0,396.0,387.0,394.0,10430500
2023-01-05,306.65826416015625,362.0,387.0,361.0,387.0,29352500
2023-01-06,311.7409973144531,368.0,369.0,350.0,362.0,14083500
2023-01-09,320.21221923828125,378.0,385.0,368.0,370.0,17583000
2023-01-10,317.6708679199219,375.0,381.0,372.0,378.0,6444000
2023-01-11,314.2823791503906,371.0,379.0,368.0,375.0,8865000
2023-01-12,315.97662353515625,373.0,378.0,370.0,371.0,6011000
2023-01-13,319.3650817871094,377.0,380.0,372.0,373.0,10043500
2023-01-16,319.3650817871094,377.0,380.0,375.0,377.0,5529500
2023-01-17,323.6007080078125,382.0,388.0,376.0,377.0,11269500
2023-01-18,326.1420593261719,385.0,388.0,377.0,382.0,11120000
2023-01-19,326.1420593261719,385.0,387.0,384.0,384.0,4628000
2023-01-20,342.2373962402344,404.0,404.0,384.0,385.0,24509500
2023-01-24,338.00177001953125,399.0,410.0,396.0,410.0,13341500
2023-01-25,367.65106201171875,434.0,434.0,393.0,399.0,51333500
2023-01-26,406.6187438964844,480.0,486.0,436.0,436.0,154453500
2023-01-27,396.4532165527344,468.0,490.0,456.0,482.0,96568500
2023-01-30,382.8992614746094,452.0,474.0,450.0,472.0,52643500
2023-01-31,367.65106201171875,434.0,472.0,430.0,456.0,62795700
2023-02-01,355.7913818359375,420.0,436.0,414.0,434.0,39358000
2023-02-02,369.3453063964844,436.0,452.0,420.0,420.0,61315400
2023-02-03,359.1798400878906,424.0,442.0,422.0,440.0,29919400
2023-02-06,357.4856262207031,422.0,434.0,412.0,424.0,22609200
2023-02-07,359.1798400878906,424.0,434.0,422.0,422.0,18746300
2023-02-08,362.568359375,428.0,430.0,424.0,426.0,10545600
2023-02-09,359.1798400878906,424.0,434.0,424.0,428.0,9812800
2023-02-10,340.54315185546875,402.0,424.0,400.0,424.0,49358200
2023-02-13,345.6258850097656,408.0,410.0,388.0,402.0,19644400
2023-02-14,343.931640625,406.0,416.0,406.0,408.0,17323500
2023-02-15,343.931640625,406.0,410.0,402.0,406.0,12473000
2023-02-16,343.931640625,406.0,414.0,406.0,408.0,10570600
2023-02-17,342.2373962402344,404.0,408.0,402.0,408.0,5791900
2023-02-20,340.54315185546875,402.0,408.0,400.0,406.0,9382800
2023-02-21,360.87408447265625,426.0,428.0,402.0,404.0,44327500
2023-02-22,350.7086486816406,414.0,432.0,410.0,428.0,33540200
2023-02-23,350.7086486816406,414.0,424.0,410.0,416.0,18858700
2023-02-24,352.4028625488281,416.0,420.0,412.0,416.0,9092400
2023-02-27,350.7086486816406,414.0,426.0,412.0,416.0,18456300
2023-02-28,354.0970764160156,418.0,420.0,412.0,416.0,16437700
2023-03-01,350.7086486816406,414.0,422.0,414.0,418.0,9385400
2023-03-02,350.7086486816406,414.0,418.0,414.0,418.0,10371500
2023-03-03,350.7086486816406,414.0,422.0,410.0,410.0,11309000
2023-03-06,360.87408447265625,426.0,432.0,412.0,414.0,41061500
2023-03-07,355.7913818359375,420.0,430.0,418.0,426.0,17192400
2023-03-08,343.931640625,406.0,420.0,400.0,420.0,24971800
2023-03-09,343.931640625,406.0,412.0,404.0,406.0,10118700
2023-03-10,342.2373962402344,404.0,410.0,400.0,408.0,11812400
2023-03-13,330.3777160644531,390.0,404.0,388.0,404.0,23019900
2023-03-14,315.12945556640625,372.0,390.0,366.0,390.0,50513200
2023-03-15,310.0467224121094,366.0,382.0,358.0,372.0,29058100
2023-03-16,293.1043395996094,346.0,366.0,344.0,366.0,34288500
2023-03-17,304.9640197753906,360.0,362.0,348.0,348.0,18541100
2023-03-20,296.4927673339844,350.0,364.0,346.0,362.0,13324000
2023-03-21,313.43524169921875,370.0,376.0,360.0,362.0,41647500
2023-03-24,316.8237609863281,374.0,382.0,372.0,376.0,32514500
2023-03-27,311.7409973144531,368.0,378.0,366.0,376.0,17765700
2023-03-28,315.12945556640625,372.0,374.0,368.0,368.0,13975200
2023-03-29,318.5179748535156,376.0,382.0,372.0,372.0,20266300
2023-03-30,316.8237609863281,374.0,378.0,372.0,376.0,8255400
2023-03-31,316.8237609863281,374.0,382.0,372.0,372.0,19429700
2023-04-03,315.12945556640625,372.0,378.0,372.0,378.0,7294500
2023-04-04,311.7409973144531,368.0,376.0,364.0,374.0,21006900
2023-04-05,310.0467224121094,366.0,370.0,366.0,368.0,8471700
2023-04-06,310.0467224121094,366.0,370.0,366.0,366.0,9818300
2023-04-10,310.0467224121094,366.0,372.0,364.0,366.0,9049400
2023-04-11,311.7409973144531,368.0,370.0,366.0,368.0,5326700
2023-04-12,310.0467224121094,366.0,370.0,366.0,370.0,6938100
2023-04-13,311.7409973144531,368.0,368.0,364.0,368.0,6097300
2023-04-14,308.3525390625,364.0,368.0,364.0,368.0,7100700
2023-04-17,303.269775390625,358.0,366.0,354.0,366.0,13199600
2023-04-18,301.5755310058594,356.0,360.0,344.0,358.0,29375400
2023-04-26,326.9892272949219,386.0,386.0,354.0,358.0,51469000
2023-04-27,326.9892272949219,386.0,392.0,380.0,386.0,28542200
2023-04-28,326.9892272949219,386.0,390.0,386.0,386.0,12816700
2023-05-02,320.21221923828125,378.0,390.0,372.0,390.0,22015700
2023-05-03,310.0467224121094,366.0,384.0,364.0,384.0,29113600
2023-05-04,310.0467224121094,366.0,372.0,362.0,366.0,17519000
2023-05-05,310.0467224121094,366.0,372.0,366.0,368.0,14474700
2023-05-08,321.9064636230469,380.0,382.0,364.0,366.0,24302100
2023-05-09,316.8237609863281,374.0,384.0,374.0,380.0,12323700
2023-05-10,318.5179748535156,376.0,380.0,374.0,378.0,10156600
2023-05-11,321.9064636230469,380.0,380.0,370.0,378.0,17025200
2023-05-12,320.21221923828125,378.0,382.0,372.0,380.0,12643300
2023-05-15,321.9064636230469,380.0,388.0,376.0,378.0,23341900
2023-05-16,316.8237609863281,374.0,386.0,372.0,380.0,16674100
2023-05-17,313.43524169921875,370.0,376.0,370.0,374.0,11132300
2023-05-19,304.9640197753906,360.0,374.0,358.0,370.0,28561300
2023-05-22,301.5755310058594,356.0,364.0,354.0,360.0,12316000
2023-05-23,308.3525390625,364.0,370.0,356.0,356.0,12260400
2023-05-24,306.65826416015625,362.0,366.0,360.0,366.0,0
2023-05-25,303.269775390625,358.0,366.0,358.0,364.0,8233600
2023-05-26,299.88128662109375,354.0,360.0,354.0,354.0,10119000
2023-05-29,298.1870422363281,352.0,356.0,350.0,354.0,10921600
2023-05-30,298.1870422363281,352.0,356.0,350.0,352.0,4331200
2023-05-31,296.4927673339844,350.0,356.0,350.0,352.0,7532000
2023-06-05,298.1870422363281,352.0,356.0,350.0,352.0,9441500
2023-06-06,304.9640197753906,360.0,360.0,350.0,354.0,12779000
2023-06-07,304.9640197753906,360.0,362.0,358.0,360.0,18849200
2023-06-08,310.0467224121094,366.0,368.0,358.0,360.0,22540100
2023-06-09,304.9640197753906,360.0,370.0,360.0,370.0,12455700
2023-06-12,313.43524169921875,370.0,380.0,358.0,362.0,34706400
2023-06-13,316.8237609863281,374.0,374.0,366.0,372.0,15174000
2023-06-14,320.21221923828125,378.0,382.0,372.0,374.0,14782200
2023-06-15,320.21221923828125,378.0,382.0,374.0,378.0,6772800
2023-06-16,315.12945556640625,372.0,378.0,372.0,378.0,12393800
2023-06-19,321.9064636230469,380.0,382.0,372.0,376.0,11319600
2023-06-20,318.5179748535156,376.0,382.0,374.0,380.0,6197000
2023-06-21,318.5179748535156,376.0,382.0,374.0,376.0,11518300
2023-06-22,318.5179748535156,376.0,380.0,376.0,378.0,5960800
2023-06-23,321.9064636230469,380.0,384.0,374.0,376.0,17167900
2023-06-26,318.5179748535156,376.0,384.0,376.0,380.0,13324400
2023-06-27,323.6007080078125,382.0,384.0,376.0,376.0,14205400
2023-07-03,320.21221923828125,378.0,390.0,376.0,386.0,23881300
2023-07-04,323.6007080078125,382.0,382.0,378.0,380.0,12107600
2023-07-05,337.1546630859375,398.0,406.0,380.0,382.0,66706900
2023-07-06,333.7662048339844,394.0,404.0,392.0,400.0,30591200
2023-07-07,333.7662048339844,394.0,396.0,388.0,396.0,31461000
2023-07-10,333.7662048339844,394.0,400.0,390.0,400.0,55747800
2023-07-11,337.4339294433594,368.0,372.0,362.0,366.0,53647200
2023-07-12,335.60003662109375,366.0,372.0,364.0,370.0,22296200
2023-07-13,337.4339294433594,368.0,370.0,364.0,368.0,12014000
2023-07-14,337.4339294433594,368.0,370.0,366.0,368.0,7912700
2023-07-17,344.76947021484375,376.0,378.0,366.0,368.0,25131700
2023-07-18,341.1016845703125,372.0,380.0,370.0,378.0,11343200
2023-07-20,348.4372253417969,380.0,386.0,372.0,374.0,36011400
2023-07-21,348.4372253417969,380.0,386.0,376.0,382.0,19151500
2023-07-24,348.4372253417969,380.0,382.0,378.0,380.0,12918700
2023-07-25,348.4372253417969,380.0,382.0,376.0,382.0,18874300
2023-07-26,348.4372253417969,380.0,386.0,378.0,380.0,18216500
2023-07-27,352.10498046875,384.0,388.0,380.0,382.0,26499300
2023-07-28,346.60333251953125,378.0,384.0,374.0,384.0,19389500
2023-07-31,337.4339294433594,368.0,380.0,366.0,378.0,31003200
2023-08-01,342.9355773925781,374.0,374.0,364.0,368.0,20184300
2023-08-02,341.1016845703125,372.0,376.0,370.0,374.0,7487600
2023-08-03,339.2678527832031,370.0,372.0,368.0,372.0,8056800
2023-08-04,342.9355773925781,374.0,374.0,370.0,370.0,6595200
2023-08-07,342.9355773925781,374.0,376.0,370.0,374.0,6227700
2023-08-08,342.9355773925781,374.0,376.0,370.0,374.0,16457800
2023-08-09,339.2281188964844,366.0,374.0,366.0,374.0,13759300
2023-08-10,339.2281188964844,366.0,370.0,364.0,366.0,7096900
2023-08-11,337.37445068359375,364.0,370.0,364.0,366.0,7649200
2023-08-14,335.520751953125,362.0,366.0,360.0,364.0,11016100
2023-08-15,331.8133239746094,358.0,368.0,356.0,362.0,20285400
2023-08-16,329.9596252441406,356.0,366.0,354.0,366.0,16644300
2023-08-18,331.8133239746094,358.0,360.0,354.0,356.0,11416000
2023-08-21,328.1059265136719,354.0,360.0,354.0,358.0,10171400
2023-08-22,329.9596252441406,356.0,358.0,352.0,356.0,8673300
2023-08-23,346.64300537109375,374.0,376.0,356.0,356.0,47125100
2023-08-24,342.9355773925781,370.0,380.0,368.0,376.0,27044900
2023-08-25,339.2281188964844,366.0,374.0,362.0,370.0,12525400
2023-08-28,335.520751953125,362.0,370.0,360.0,370.0,15311400
2023-08-29,333.6670227050781,360.0,364.0,360.0,360.0,5784000
2023-08-30,335.520751953125,362.0,366.0,360.0,360.0,12116000
2023-08-31,333.6670227050781,360.0,368.0,358.0,364.0,15580900
2023-09-01,333.6670227050781,360.0,362.0,358.0,362.0,10445600
2023-09-04,331.8133239746094,358.0,364.0,356.0,360.0,10716500
2023-09-05,331.8133239746094,358.0,360.0,356.0,358.0,11014400
2023-09-06,331.8133239746094,358.0,360.0,356.0,360.0,16079000
2023-09-07,329.9596252441406,356.0,360.0,356.0,358.0,8263100
2023-09-08,331.8133239746094,358.0,360.0,356.0,356.0,8156600
2023-09-11,331.8133239746094,358.0,360.0,356.0,358.0,7354500
2023-09-12,329.9596252441406,356.0,358.0,352.0,356.0,11509000
2023-09-13,331.8133239746094,358.0,358.0,354.0,356.0,6756000
2023-09-14,329.9596252441406,356.0,358.0,356.0,358.0,7818200
2023-09-15,329.9596252441406,356.0,360.0,354.0,356.0,13242300
2023-09-18,328.1059265136719,354.0,360.0,354.0,360.0,13885200
2023-09-19,329.9596252441406,356.0,358.0,350.0,354.0,13827200
2023-09-20,335.520751953125,362.0,370.0,354.0,356.0,31394400
2023-09-21,337.37445068359375,364.0,372.0,360.0,362.0,34222600
2023-09-22,335.520751953125,362.0,366.0,360.0,364.0,10219200
2023-09-25,329.9596252441406,356.0,362.0,356.0,360.0,13282900
2023-09-26,329.9596252441406,356.0,360.0,354.0,358.0,10382100
2023-09-27,328.1059265136719,354.0,358.0,352.0,356.0,11188900
2023-09-29,328.1059265136719,354.0,358.0,352.0,354.0,7255400
2023-10-02,326.252197265625,352.0,358.0,352.0,354.0,8018900
2023-10-03,326.252197265625,352.0,356.0,352.0,354.0,7253100
2023-10-04,322.5448303222656,348.0,356.0,342.0,352.0,18566200
2023-10-05,320.69110107421875,346.0,350.0,344.0,350.0,9595800
2023-10-06,322.5448303222656,348.0,352.0,346.0,346.0,6460800
2023-10-09,322.5448303222656,348.0,352.0,346.0,348.0,8876800
2023-10-10,320.69110107421875,346.0,350.0,346.0,350.0,8957300
2023-10-11,322.5448303222656,348.0,350.0,346.0,346.0,7416600
2023-10-12,320.69110107421875,346.0,350.0,344.0,348.0,11069600
2023-10-13,318.8374328613281,344.0,348.0,342.0,348.0,7464300
2023-10-16,313.27630615234375,338.0,348.0,336.0,346.0,15148400
2023-10-17,309.56884765625,334.0,342.0,330.0,338.0,17529900
2023-10-18,307.7151794433594,332.0,336.0,330.0,334.0,8393800
2023-10-19,296.5928955078125,320.0,334.0,320.0,332.0,20492600
2023-10-20,287.3243713378906,310.0,322.0,300.0,320.0,28422600
2023-10-23,279.9095764160156,302.0,312.0,298.0,312.0,20687500
2023-10-24,287.3243713378906,310.0,310.0,302.0,302.0,12162000
2023-10-25,287.3243713378906,310.0,320.0,308.0,312.0,10965400
2023-10-26,283.61700439453125,306.0,312.0,304.0,310.0,8961300
2023-10-27,289.1781005859375,312.0,314.0,302.0,308.0,7287300
2023-10-30,285.4706726074219,308.0,316.0,304.0,312.0,7423900
2023-10-31,279.9095764160156,302.0,308.0,296.0,308.0,11362800
2023-11-01,263.2262268066406,284.0,302.0,280.0,302.0,31768100
2023-11-02,268.7873229980469,290.0,298.0,282.0,284.0,11150800
2023-11-03,268.7873229980469,290.0,296.0,286.0,290.0,7623700
2023-11-06,270.6410827636719,292.0,298.0,286.0,290.0,7507700
2023-11-07,270.6410827636719,292.0,296.0,290.0,292.0,5152400
2023-11-08,270.6410827636719,292.0,294.0,286.0,292.0,5387900
2023-11-09,268.7873229980469,290.0,292.0,286.0,292.0,3026000
2023-11-10,263.2262268066406,284.0,290.0,282.0,290.0,4792600
2023-11-13,263.2262268066406,284.0,288.0,280.0,286.0,7516400
2023-11-14,263.2262268066406,284.0,288.0,280.0,284.0,4756900
2023-11-15,265.0799560546875,286.0,288.0,282.0,284.0,9092600
2023-11-16,283.61700439453125,306.0,314.0,286.0,288.0,36161800
2023-11-17,276.2021789550781,298.0,308.0,298.0,306.0,9130000
2023-11-20,278.055908203125,300.0,304.0,298.0,298.0,6996100
2023-11-21,278.055908203125,300.0,304.0,298.0,300.0,6313300
2023-11-22,274.34844970703125,296.0,302.0,294.0,300.0,6520400
2023-11-23,274.34844970703125,296.0,300.0,294.0,300.0,5868200
2023-11-24,274.34844970703125,296.0,298.0,296.0,298.0,2598000
2023-11-27,274.34844970703125,296.0,304.0,296.0,296.0,6240900
2023-11-28,272.4947509765625,294.0,300.0,292.0,298.0,5404400
2023-11-29,272.4947509765625,294.0,298.0,292.0,296.0,6088000
2023-11-30,276.2021789550781,298.0,300.0,290.0,294.0,11534900
2023-12-01,274.34844970703125,296.0,300.0,296.0,300.0,3075500
2023-12-04,278.055908203125,300.0,302.0,296.0,296.0,7961000
2023-12-05,274.34844970703125,296.0,312.0,296.0,302.0,21658400
2023-12-06,274.34844970703125,296.0,302.0,292.0,298.0,13590800
2023-12-07,268.7873229980469,290.0,298.0,290.0,296.0,6891100
2023-12-08,265.0799560546875,286.0,292.0,286.0,292.0,8516800
2023-12-11,261.37249755859375,282.0,290.0,280.0,290.0,7843200
2023-12-12,263.2262268066406,284.0,286.0,282.0,282.0,4722300
2023-12-13,266.9336242675781,288.0,290.0,282.0,284.0,5723700
2023-12-14,272.4947509765625,294.0,294.0,288.0,290.0,4680800
2023-12-15,270.6410827636719,292.0,296.0,290.0,294.0,1459200
2023-12-18,270.6410827636719,292.0,296.0,286.0,292.0,5682800
2023-12-19,276.2021789550781,298.0,304.0,288.0,290.0,10774000
2023-12-20,298.4466247558594,322.0,324.0,296.0,304.0,53207300
2023-12-21,311.4225769042969,336.0,382.0,324.0,330.0,500904500
2023-12-22,294.7392272949219,318.0,354.0,318.0,340.0,101551400
2023-12-27,313.27630615234375,338.0,342.0,318.0,320.0,80086600
2023-12-28,305.8614807128906,330.0,344.0,330.0,340.0,36518400
2023-12-29,296.5928955078125,320.0,332.0,318.0,330.0,25368400
2024-01-02,315.1299743652344,340.0,350.0,320.0,322.0,86284800
2024-01-03,313.27630615234375,338.0,346.0,336.0,340.0,21780600
2024-01-04,328.1059265136719,354.0,358.0,338.0,340.0,90251700
2024-01-05,331.8133239746094,358.0,368.0,346.0,364.0,115037000
2024-01-08,329.9596252441406,356.0,370.0,352.0,370.0,47283600
2024-01-09,309.56884765625,334.0,360.0,332.0,360.0,70275000
2024-01-10,318.8374328613281,344.0,346.0,334.0,334.0,16240000
2024-01-11,328.1059265136719,354.0,360.0,346.0,346.0,47033500
2024-01-12,329.9596252441406,356.0,362.0,352.0,358.0,33427600
2024-01-15,357.7652282714844,386.0,390.0,358.0,358.0,238099000
2024-01-16,355.9115295410156,384.0,396.0,376.0,390.0,116107200
2024-01-17,355.9115295410156,384.0,400.0,378.0,388.0,153643500
2024-01-18,352.2041015625,380.0,390.0,376.0,386.0,61341900
2024-01-19,346.64300537109375,374.0,388.0,370.0,388.0,51965000
2024-01-22,348.4967041015625,376.0,386.0,374.0,378.0,32693400
2024-01-23,333.6670227050781,360.0,380.0,356.0,376.0,51130600
2024-01-24,342.9355773925781,370.0,374.0,356.0,360.0,34197200
2024-01-25,339.2281188964844,366.0,374.0,364.0,372.0,15436300
2024-01-26,318.8374328613281,344.0,370.0,342.0,366.0,38304100
2024-01-29,318.8374328613281,344.0,360.0,342.0,350.0,33348700
2024-01-30,318.8374328613281,344.0,352.0,342.0,346.0,16693900
2024-01-31,318.8374328613281,344.0,348.0,342.0,346.0,14633500
2024-02-01,313.27630615234375,338.0,348.0,332.0,344.0,23732600
2024-02-02,300.30035400390625,324.0,340.0,322.0,338.0,64314400
2024-02-05,300.30035400390625,324.0,334.0,320.0,326.0,41643200
2024-02-06,298.4466247558594,322.0,330.0,322.0,326.0,13257300
2024-02-07,311.4225769042969,336.0,338.0,316.0,316.0,35165200
2024-02-12,302.154052734375,326.0,340.0,326.0,338.0,18955600
2024-02-13,304.0077209472656,328.0,332.0,326.0,328.0,11883900
2024-02-15,304.0077209472656,328.0,332.0,322.0,330.0,15607800
2024-02-16,300.30035400390625,324.0,330.0,322.0,330.0,6271600
2024-02-19,298.4466247558594,322.0,328.0,320.0,328.0,7401700
2024-02-20,298.4466247558594,322.0,326.0,320.0,322.0,7827200
2024-02-21,294.7392272949219,318.0,324.0,316.0,320.0,10392400
2024-02-22,302.154052734375,326.0,328.0,318.0,318.0,9073600
2024-02-23,300.30035400390625,324.0,330.0,322.0,330.0,4464000
2024-02-26,304.0077209472656,328.0,334.0,322.0,324.0,12698200
2024-02-27,296.5928955078125,320.0,328.0,320.0,328.0,7802200
2024-02-28,300.30035400390625,324.0,324.0,320.0,324.0,5945900
2024-02-29,296.5928955078125,320.0,324.0,318.0,324.0,12482800
2024-03-01,292.885498046875,316.0,322.0,314.0,322.0,14986400
2024-03-04,281.7632751464844,304.0,316.0,304.0,316.0,29795300
2024-03-05,283.61700439453125,306.0,314.0,302.0,304.0,10048300
2024-03-06,281.7632751464844,304.0,310.0,298.0,308.0,13558400
2024-03-07,283.61700439453125,306.0,308.0,300.0,304.0,8005400
2024-03-08,283.61700439453125,306.0,316.0,304.0,306.0,19320900
2024-03-13,281.7632751464844,304.0,310.0,302.0,306.0,13127400
2024-03-14,283.61700439453125,306.0,308.0,304.0,306.0,12871000
2024-03-15,291.03179931640625,314.0,314.0,304.0,306.0,15763600
2024-03-18,291.03179931640625,314.0,316.0,308.0,314.0,18130000
2024-03-19,289.1781005859375,312.0,320.0,308.0,312.0,24885200
2024-03-20,287.3243713378906,310.0,312.0,308.0,310.0,10954000
2024-03-21,289.1781005859375,312.0,314.0,302.0,310.0,22243600
2024-03-22,287.3243713378906,310.0,312.0,308.0,312.0,6957400
2024-03-25,300.30035400390625,324.0,330.0,310.0,330.0,73410000
2024-03-26,298.4466247558594,322.0,328.0,318.0,328.0,15150600
2024-03-27,294.7392272949219,318.0,324.0,318.0,324.0,11674300
2024-03-28,283.61700439453125,306.0,320.0,304.0,318.0,36138800
2024-04-01,274.34844970703125,296.0,318.0,292.0,318.0,32595300
2024-04-02,278.055908203125,300.0,302.0,294.0,296.0,13958500
2024-04-03,285.4706726074219,308.0,308.0,300.0,300.0,16270500
2024-04-04,285.4706726074219,308.0,310.0,306.0,308.0,8976000
2024-04-05,283.61700439453125,306.0,310.0,304.0,308.0,5706100
2024-04-16,289.1781005859375,312.0,316.0,302.0,310.0,27123100
2024-04-17,287.3243713378906,310.0,316.0,310.0,312.0,9256600
2024-04-18,285.4706726074219,308.0,316.0,306.0,310.0,8564900
2024-04-19,279.9095764160156,302.0,308.0,300.0,308.0,13119100
2024-04-22,285.4706726074219,308.0,310.0,302.0,302.0,7194000
2024-04-23,281.7632751464844,304.0,310.0,302.0,308.0,8285400
2024-04-24,279.9095764160156,302.0,308.0,302.0,304.0,7156000
2024-04-25,276.2021789550781,298.0,306.0,298.0,304.0,14207400
2024-04-26,268.7873229980469,290.0,302.0,290.0,300.0,15564900
2024-04-29,268.7873229980469,290.0,294.0,286.0,292.0,11241400
2024-04-30,255.8114013671875,276.0,296.0,274.0,290.0,53997100
2024-05-02,233.56692504882812,252.0,278.0,252.0,276.0,52067300
2024-05-03,237.27435302734375,256.0,258.0,252.0,254.0,10353300
2024-05-06,244.6891632080078,264.0,266.0,254.0,260.0,12373200
2024-05-07,248.3965606689453,268.0,272.0,262.0,268.0,8557400
2024-05-08,244.6891632080078,264.0,268.0,262.0,268.0,6291000
2024-05-13,239.12803649902344,258.0,266.0,252.0,264.0,11428800
2024-05-14,240.98175048828125,260.0,262.0,254.0,258.0,6486200
2024-05-15,242.83546447753906,262.0,266.0,258.0,260.0,6654600
2024-05-16,242.83546447753906,262.0,266.0,258.0,260.0,8616900
2024-05-17,244.6891632080078,264.0,268.0,258.0,262.0,8836400
2024-05-20,239.12803649902344,258.0,270.0,256.0,264.0,26446500
2024-05-21,242.83546447753906,262.0,266.0,258.0,258.0,11381800
2024-05-22,240.98175048828125,260.0,264.0,258.0,262.0,8463200
2024-05-27,242.83546447753906,262.0,266.0,260.0,262.0,11818500
2024-05-28,242.83546447753906,262.0,266.0,258.0,264.0,12123700
2024-05-29,255.8114013671875,276.0,290.0,262.0,264.0,74647000
2024-05-30,255.8114013671875,276.0,280.0,264.0,276.0,18857100
2024-05-31,253.95767211914062,274.0,280.0,272.0,276.0,6961200
2024-06-03,263.2262268066406,284.0,286.0,274.0,276.0,17312900
2024-06-04,266.9336242675781,288.0,290.0,282.0,286.0,18839300
2024-06-05,257.66510009765625,278.0,290.0,276.0,288.0,14909900
2024-06-06,263.2262268066406,284.0,290.0,278.0,280.0,12763800
2024-06-07,270.6410827636719,292.0,302.0,284.0,284.0,30658600
2024-06-10,278.055908203125,300.0,300.0,290.0,292.0,25560600
2024-06-11,274.34844970703125,296.0,302.0,294.0,300.0,13683000
2024-06-12,261.37249755859375,282.0,298.0,282.0,298.0,21324700
2024-06-13,261.37249755859375,282.0,286.0,278.0,282.0,6460400
2024-06-14,252.10398864746094,272.0,288.0,272.0,282.0,11135200
2024-06-19,250.25027465820312,270.0,280.0,268.0,276.0,12385600
2024-06-20,253.95767211914062,274.0,276.0,270.0,270.0,5526000
2024-06-21,278.055908203125,300.0,300.0,274.0,274.0,26287400
2024-06-24,285.4706726074219,308.0,312.0,298.0,302.0,38124200
2024-06-25,278.055908203125,300.0,318.0,298.0,310.0,16845200
2024-06-26,283.61700439453125,306.0,312.0,298.0,302.0,13517400
2024-06-27,281.7632751464844,304.0,310.0,302.0,304.0,16799900
2024-06-28,300.30035400390625,324.0,326.0,304.0,304.0,56566600
2024-07-01,344.78924560546875,372.0,386.0,324.0,324.0,259946000
2024-07-02,329.9596252441406,356.0,378.0,354.0,378.0,82917300
2024-07-03,335.520751953125,362.0,372.0,354.0,356.0,75192100
2024-07-04,341.0818786621094,368.0,380.0,350.0,380.0,64320900
2024-07-05,344.9142150878906,360.0,374.0,356.0,360.0,62338100
2024-07-08,346.8304443359375,362.0,368.0,350.0,364.0,24500800
2024-07-09,346.8304443359375,362.0,368.0,352.0,360.0,22756400
2024-07-10,348.74664306640625,364.0,364.0,356.0,360.0,35082500
2024-07-11,365.9923400878906,382.0,396.0,364.0,364.0,183678000
2024-07-12,364.0761413574219,380.0,390.0,368.0,382.0,56738900
2024-07-15,375.57330322265625,392.0,396.0,380.0,382.0,79208400
2024-07-16,375.57330322265625,392.0,394.0,382.0,392.0,42436100
2024-07-17,373.6571044921875,390.0,396.0,384.0,390.0,34350800
2024-07-18,373.6571044921875,390.0,392.0,384.0,390.0,30400200
2024-07-19,364.0761413574219,380.0,392.0,372.0,390.0,41450500
2024-07-22,346.8304443359375,362.0,380.0,360.0,380.0,68769500
2024-07-23,335.3332824707031,350.0,366.0,342.0,362.0,88137800
2024-07-24,335.3332824707031,350.0,352.0,340.0,346.0,38154300
2024-07-25,320.0037841796875,334.0,350.0,324.0,350.0,69244100
2024-07-26,331.50091552734375,346.0,346.0,330.0,336.0,24194700
2024-07-29,323.8361511230469,338.0,348.0,334.0,346.0,29547700
2024-07-30,302.758056640625,316.0,338.0,306.0,338.0,118437500
2024-07-31,310.4228515625,324.0,326.0,314.0,318.0,55690600
2024-08-01,314.25518798828125,328.0,328.0,318.0,324.0,23768300
2024-08-02,308.5066223144531,322.0,328.0,318.0,328.0,14158000
2024-08-05,297.0094909667969,310.0,320.0,302.0,320.0,44358400
2024-08-06,300.84185791015625,314.0,318.0,308.0,312.0,18782000
2024-08-07,304.67425537109375,318.0,324.0,312.0,316.0,23815500
2024-08-08,300.8175964355469,312.0,318.0,306.0,318.0,12363900
2024-08-09,302.7459411621094,314.0,318.0,310.0,314.0,9350900
2024-08-12,302.7459411621094,314.0,316.0,310.0,314.0,8798100
2024-08-13,318.1724548339844,330.0,332.0,312.0,314.0,34940300
2024-08-14,318.1724548339844,330.0,340.0,326.0,332.0,29455500
2024-08-15,314.3158264160156,326.0,332.0,320.0,332.0,11431200
2024-08-16,343.2406005859375,356.0,362.0,326.0,326.0,109807800
2024-08-19,345.1689147949219,358.0,376.0,356.0,358.0,84493700
2024-08-20,345.1689147949219,358.0,364.0,344.0,360.0,43909900
2024-08-21,350.953857421875,364.0,370.0,354.0,360.0,34222900
2024-08-22,352.8822021484375,366.0,366.0,356.0,364.0,28115000
2024-08-23,354.8105163574219,368.0,378.0,364.0,368.0,56203600
2024-08-26,347.09722900390625,360.0,372.0,356.0,370.0,18208600
2024-08-27,337.4556579589844,350.0,362.0,346.0,360.0,32731100
2024-08-28,335.52734375,348.0,354.0,348.0,352.0,17110500
2024-08-29,335.52734375,348.0,352.0,348.0,350.0,11571600
2024-08-30,341.3122863769531,354.0,362.0,348.0,350.0,21362700
2024-09-02,347.09722900390625,360.0,366.0,354.0,358.0,21778500
2024-09-03,341.3122863769531,354.0,366.0,354.0,360.0,13646300
2024-09-04,333.5989990234375,346.0,358.0,346.0,354.0,22462200
2024-09-05,327.8140869140625,340.0,348.0,336.0,348.0,22478400
2024-09-06,323.9574279785156,336.0,344.0,334.0,340.0,18481200
2024-09-09,322.02911376953125,334.0,336.0,330.0,336.0,17780100
2024-09-10,325.8857421875,338.0,350.0,332.0,334.0,29441800
2024-09-11,323.9574279785156,336.0,340.0,332.0,338.0,12925500
2024-09-12,325.8857421875,338.0,346.0,336.0,336.0,9594200
2024-09-13,325.8857421875,338.0,342.0,336.0,338.0,8658100
2024-09-17,329.74237060546875,342.0,342.0,336.0,340.0,11088400
2024-09-18,327.8140869140625,340.0,346.0,338.0,344.0,13325500
2024-09-19,331.67071533203125,344.0,344.0,340.0,340.0,7084200
2024-09-20,327.8140869140625,340.0,344.0,338.0,344.0,11430900
2024-09-23,323.9574279785156,336.0,342.0,334.0,340.0,13959000
2024-09-24,329.74237060546875,342.0,344.0,334.0,336.0,22081800
2024-09-25,337.4556579589844,350.0,354.0,338.0,346.0,38702900
2024-09-26,335.52734375,348.0,358.0,346.0,352.0,37087200
2024-09-27,335.52734375,348.0,352.0,342.0,350.0,30231500
2024-09-30,349.02557373046875,362.0,366.0,346.0,348.0,49457200
2024-10-01,343.2406005859375,356.0,366.0,352.0,362.0,31034900
2024-10-02,333.5989990234375,346.0,362.0,344.0,356.0,31075100
2024-10-03,335.52734375,348.0,356.0,346.0,346.0,16733300
2024-10-04,337.4556579589844,350.0,358.0,346.0,348.0,21271000
2024-10-07,335.52734375,348.0,354.0,346.0,350.0,12271700
2024-10-08,325.8857421875,338.0,354.0,332.0,354.0,32975500
2024-10-09,323.9574279785156,336.0,340.0,322.0,322.0,14109700
2024-10-10,325.8857421875,338.0,340.0,334.0,338.0,5158900
2024-10-11,327.8140869140625,340.0,344.0,338.0,338.0,5951700
2024-10-14,329.74237060546875,342.0,344.0,338.0,342.0,10330200
2024-10-15,333.5989990234375,346.0,348.0,338.0,342.0,9995600
2024-10-16,329.74237060546875,342.0,348.0,342.0,346.0,5286900
2024-10-17,327.8140869140625,340.0,346.0,340.0,344.0,14275800
2024-10-18,327.8140869140625,340.0,342.0,338.0,342.0,9566500
2024-10-21,325.8857421875,338.0,342.0,334.0,340.0,21275700
2024-10-22,323.9574279785156,336.0,340.0,330.0,338.0,16654600
2024-10-23,333.5989990234375,346.0,348.0,332.0,336.0,46632400
2024-10-24,329.74237060546875,342.0,350.0,340.0,348.0,19947600
2024-10-25,325.8857421875,338.0,346.0,336.0,342.0,11314100
2024-10-28,323.9574279785156,336.0,342.0,336.0,342.0,7793800
2024-10-29,322.02911376953125,334.0,340.0,334.0,336.0,8138900
2024-10-30,323.9574279785156,336.0,338.0,332.0,336.0,7490900
2024-10-31,327.8140869140625,340.0,352.0,332.0,336.0,44974200
2024-11-01,322.02911376953125,334.0,344.0,332.0,340.0,18959400
2024-11-04,312.38751220703125,324.0,338.0,324.0,336.0,19035500
2024-11-05,300.8175964355469,312.0,328.0,310.0,324.0,33041900
2024-11-06,300.8175964355469,312.0,318.0,306.0,306.0,13523200
2024-11-07,289.2476806640625,300.0,314.0,300.0,314.0,24889200
2024-11-08,289.2476806640625,300.0,306.0,300.0,304.0,14265700
2024-11-11,281.534423828125,292.0,304.0,286.0,302.0,23384900
2024-11-12,283.4627380371094,294.0,298.0,292.0,294.0,9833100
2024-11-13,283.4627380371094,294.0,306.0,294.0,294.0,21933500
2024-11-14,279.6061096191406,290.0,300.0,290.0,296.0,13539200
2024-11-15,277.67779541015625,288.0,294.0,284.0,292.0,12184200
2024-11-18,269.96453857421875,280.0,290.0,280.0,288.0,14317400
2024-11-19,273.8211669921875,284.0,290.0,276.0,276.0,9554300
2024-11-20,269.96453857421875,280.0,292.0,280.0,286.0,12252700
2024-11-21,271.892822265625,282.0,288.0,282.0,282.0,8353700
2024-11-22,269.96453857421875,280.0,286.0,280.0,284.0,10663600
2024-11-25,277.67779541015625,288.0,288.0,280.0,282.0,9427900
2024-11-26,271.892822265625,282.0,292.0,282.0,288.0,8137300
2024-11-28,273.8211669921875,284.0,286.0,280.0,286.0,11235600
2024-11-29,271.892822265625,282.0,286.0,278.0,284.0,8382000
2024-12-02,269.96453857421875,280.0,284.0,278.0,280.0,8124100
2024-12-03,266.10791015625,276.0,282.0,272.0,280.0,15962800
2024-12-04,269.96453857421875,280.0,284.0,276.0,276.0,9241700
2024-12-05,273.8211669921875,284.0,286.0,280.0,280.0,5064500
2024-12-06,271.892822265625,282.0,286.0,280.0,284.0,4904800
2024-12-09,275.7494812011719,286.0,288.0,282.0,282.0,11711300
2024-12-10,279.6061096191406,290.0,296.0,286.0,286.0,13580700
2024-12-11,271.892822265625,282.0,292.0,282.0,292.0,10606800
2024-12-12,271.892822265625,282.0,286.0,282.0,284.0,5243800
2024-12-13,271.892822265625,282.0,284.0,280.0,282.0,4366100
2024-12-16,266.10791015625,276.0,282.0,272.0,282.0,16717700
2024-12-17,262.2512512207031,272.0,278.0,272.0,276.0,8198700
2024-12-18,260.32293701171875,270.0,274.0,268.0,272.0,6355600
2024-12-19,254.53797912597656,264.0,270.0,258.0,270.0,10805000
2024-12-20,254.53797912597656,264.0,270.0,262.0,264.0,8815700
2024-12-23,258.3946228027344,268.0,270.0,264.0,264.0,8136200
2024-12-24,256.4662780761719,266.0,270.0,264.0,268.0,3573100
2024-12-27,264.1795654296875,274.0,274.0,266.0,266.0,5148900
2024-12-30,258.3946228027344,268.0,278.0,268.0,274.0,6751200
2025-01-02,266.10791015625,276.0,278.0,268.0,270.0,6073000
2025-01-03,266.10791015625,276.0,280.0,274.0,276.0,4051900
2025-01-06,264.1795654296875,274.0,280.0,270.0,276.0,5739400
2025-01-07,262.2512512207031,272.0,276.0,270.0,274.0,3923700
2025-01-08,260.32293701171875,270.0,274.0,266.0,272.0,5519500
2025-01-09,256.4662780761719,266.0,272.0,266.0,270.0,4626800
2025-01-10,258.3946228027344,268.0,270.0,266.0,268.0,2552300
2025-01-13,252.6096649169922,262.0,268.0,260.0,268.0,14193200
2025-01-14,250.6813507080078,260.0,266.0,260.0,262.0,5489800
2025-01-15,256.4662780761719,266.0,268.0,262.0,262.0,4575000
2025-01-16,254.53797912597656,264.0,268.0,260.0,268.0,6051100
2025-01-17,254.53797912597656,264.0,268.0,262.0,264.0,3181000
2025-01-20,258.3946228027344,268.0,268.0,264.0,264.0,3864400
2025-01-21,256.4662780761719,266.0,268.0,262.0,268.0,18171500
2025-01-22,256.4662780761719,266.0,268.0,264.0,266.0,4894900
2025-01-23,256.4662780761719,266.0,268.0,264.0,266.0,5637400
2025-01-24,254.53797912597656,264.0,268.0,260.0,268.0,12784900
2025-01-30,248.75302124023438,258.0,264.0,258.0,264.0,7836000
2025-01-31,246.82470703125,256.0,260.0,250.0,258.0,12116100
2025-02-03,244.89639282226562,254.0,258.0,252.0,256.0,7332300
2025-02-04,246.82470703125,256.0,258.0,254.0,254.0,4024500
2025-02-05,246.82470703125,256.0,258.0,252.0,256.0,4897000
2025-02-06,237.18310546875,246.0,256.0,246.0,256.0,19173200
2025-02-07,229.4698486328125,238.0,246.0,232.0,246.0,16616000
2025-02-10,227.54153442382812,236.0,242.0,232.0,240.0,7246800
2025-02-11,221.75657653808594,230.0,238.0,228.0,238.0,10190200
2025-02-12,221.75657653808594,230.0,232.0,228.0,230.0,4447900
2025-02-13,223.6848907470703,232.0,232.0,226.0,230.0,3430600
2025-02-14,237.18310546875,246.0,246.0,232.0,232.0,11376400
2025-02-17,242.9680633544922,252.0,258.0,240.0,244.0,13493300
2025-02-18,239.11143493652344,248.0,254.0,244.0,250.0,7764900
2025-02-19,237.18310546875,246.0,252.0,244.0,250.0,4667700
2025-02-20,231.3981475830078,240.0,248.0,238.0,246.0,5374200
2025-02-21,254.53797912597656,264.0,268.0,240.0,240.0,21607900
2025-02-24,258.3946228027344,268.0,292.0,268.0,270.0,65274600
2025-02-25,244.89639282226562,254.0,280.0,254.0,268.0,17948200
2025-02-26,258.3946228027344,268.0,276.0,254.0,256.0,14370500
2025-02-27,244.89639282226562,254.0,272.0,252.0,268.0,11376300
2025-02-28,233.32647705078125,242.0,258.0,240.0,256.0,11094200
2025-03-03,239.11143493652344,248.0,254.0,238.0,242.0,11920100
2025-03-04,229.4698486328125,238.0,250.0,236.0,248.0,8502400
2025-03-05,233.32647705078125,242.0,248.0,238.0,238.0,7232300
2025-03-06,235.25479125976562,244.0,248.0,242.0,246.0,3903700
2025-03-07,235.25479125976562,244.0,248.0,242.0,244.0,4444200
2025-03-10,231.3981475830078,240.0,246.0,238.0,246.0,7066700
2025-03-11,229.4698486328125,238.0,242.0,236.0,240.0,4922800
2025-03-12,233.32647705078125,242.0,242.0,236.0,238.0,5032600
2025-03-13,231.3981475830078,240.0,242.0,236.0,242.0,3376400
2025-03-14,227.54153442382812,236.0,240.0,234.0,240.0,8356700
2025-03-17,229.4698486328125,238.0,242.0,236.0,238.0,6519000
2025-03-18,223.6848907470703,232.0,242.0,216.0,240.0,15883200
2025-03-19,227.54153442382812,236.0,236.0,226.0,232.0,3812500
2025-03-20,223.6848907470703,232.0,240.0,232.0,236.0,4542000
2025-03-21,221.75657653808594,230.0,234.0,226.0,232.0,7252100
2025-03-24,214.04330444335938,222.0,230.0,216.0,228.0,14483400
2025-03-25,215.97161865234375,224.0,226.0,220.0,222.0,7340700
2025-03-26,223.6848907470703,232.0,234.0,224.0,224.0,9933100
2025-03-27,221.75657653808594,230.0,238.0,226.0,238.0,9195700
2025-04-08,194.7601318359375,202.0,214.0,200.0,212.0,22602400
2025-04-09,210.18666076660156,218.0,224.0,192.0,194.0,22862300
2025-04-10,215.97161865234375,224.0,230.0,220.0,220.0,13761500
2025-04-11,223.6848907470703,232.0,232.0,218.0,224.0,12683600
2025-04-14,231.3981475830078,240.0,240.0,232.0,232.0,13030900
2025-04-15,227.54153442382812,236.0,242.0,236.0,240.0,7547800
2025-04-16,225.61322021484375,234.0,240.0,234.0,240.0,4823300
2025-04-17,231.3981475830078,240.0,244.0,234.0,234.0,9413300
2025-04-21,229.4698486328125,238.0,246.0,236.0,244.0,7316500
2025-04-22,235.25479125976562,244.0,246.0,236.0,238.0,6440900
2025-04-23,233.32647705078125,242.0,248.0,240.0,244.0,5674600
2025-04-24,237.18310546875,246.0,252.0,242.0,244.0,8529000
2025-04-25,242.9680633544922,252.0,254.0,244.0,246.0,10260700
2025-04-28,242.9680633544922,252.0,256.0,248.0,254.0,6160000
2025-04-29,242.9680633544922,252.0,254.0,246.0,252.0,8157900
2025-04-30,244.89639282226562,254.0,258.0,250.0,254.0,11202700
2025-05-02,256.4662780761719,266.0,272.0,260.0,260.0,21277600
2025-05-05,260.32293701171875,270.0,278.0,266.0,270.0,15218800
2025-05-06,258.3946228027344,268.0,272.0,264.0,272.0,13018200
2025-05-07,254.53797912597656,264.0,270.0,262.0,266.0,15000700
2025-05-08,250.6813507080078,260.0,272.0,260.0,266.0,13751900
2025-05-09,248.75302124023438,258.0,264.0,258.0,260.0,6920300
2025-05-14,266.10791015625,276.0,288.0,264.0,266.0,67909800
2025-05-15,275.7494812011719,286.0,288.0,274.0,276.0,35760000
2025-05-16,273.8211669921875,284.0,290.0,282.0,288.0,19209200
2025-05-19,296.9609680175781,308.0,310.0,282.0,286.0,64017700
2025-05-20,287.31939697265625,298.0,316.0,298.0,310.0,45571900
2025-05-21,283.4627380371094,294.0,302.0,294.0,300.0,14695200
2025-05-22,289.2476806640625,300.0,300.0,290.0,296.0,18853100
2025-05-23,287.31939697265625,298.0,304.0,298.0,302.0,6305100
2025-05-26,279.6061096191406,290.0,302.0,286.0,300.0,19852100
2025-05-27,275.7494812011719,286.0,292.0,284.0,290.0,9810700
2025-05-28,275.7494812011719,286.0,292.0,284.0,288.0,7063000
2025-06-02,285.39105224609375,296.0,300.0,284.0,292.0,26414200
2025-06-03,283.4627380371094,294.0,300.0,286.0,298.0,24297500
2025-06-04,279.6061096191406,290.0,294.0,286.0,294.0,11503300
2025-06-05,268.03619384765625,278.0,290.0,278.0,290.0,21154200
2025-06-10,277.67779541015625,288.0,290.0,280.0,280.0,11401100
2025-06-11,295.03265380859375,306.0,308.0,288.0,290.0,53084400
2025-06-12,285.39105224609375,296.0,308.0,296.0,308.0,22468800
2025-06-13,306.6025695800781,318.0,324.0,296.0,296.0,86858100
2025-06-16,306.6025695800781,318.0,342.0,318.0,328.0,133350800
2025-06-17,329.74237060546875,342.0,346.0,306.0,318.0,108691900
2025-06-18,329.74237060546875,342.0,358.0,332.0,344.0,112179300
2025-06-19,308.5308837890625,320.0,342.0,314.0,342.0,61286800
2025-06-20,331.67071533203125,344.0,346.0,318.0,320.0,125095500
2025-06-23,354.8105163574219,368.0,368.0,350.0,352.0,262850300
2025-06-24,322.02911376953125,334.0,354.0,324.0,350.0,112122700
2025-06-25,302.7459411621094,314.0,336.0,312.0,336.0,49616000
2025-06-26,306.6025695800781,318.0,326.0,316.0,316.0,24131500
2025-06-30,300.8175964355469,312.0,322.0,312.0,320.0,22528000
2025-07-01,289.2476806640625,300.0,322.0,296.0,314.0,37768900
2025-07-02,287.31939697265625,298.0,314.0,298.0,302.0,31287100
2025-07-03,295.03265380859375,306.0,308.0,300.0,302.0,16548200
2025-07-04,304.67425537109375,316.0,316.0,306.0,308.0,25074400
2025-07-07,310.4591979980469,322.0,324.0,316.0,318.0,38600800
2025-07-08,304.67425537109375,316.0,324.0,314.0,322.0,26057100
2025-07-09,315.5909118652344,318.0,322.0,306.0,310.0,25213300
2025-07-10,325.5151672363281,328.0,334.0,314.0,318.0,40591200
2025-07-11,321.54547119140625,324.0,332.0,322.0,330.0,17708600
2025-07-14,317.57574462890625,320.0,340.0,320.0,324.0,25597800
2025-07-15,325.5151672363281,328.0,328.0,310.0,322.0,22117800
2025-07-16,323.5303039550781,326.0,332.0,322.0,328.0,19309400
2025-07-17,325.5151672363281,328.0,330.0,322.0,330.0,8654300
2025-07-18,331.4696960449219,334.0,356.0,332.0,336.0,82441700
2025-07-21,341.3939514160156,344.0,346.0,330.0,334.0,43689200
2025-07-22,339.4090881347656,342.0,350.0,336.0,346.0,44369900
2025-07-23,361.242431640625,364.0,368.0,344.0,350.0,121552500
2025-07-24,343.3787841796875,346.0,370.0,340.0,368.0,72227200
2025-07-25,335.43939208984375,338.0,346.0,332.0,346.0,27434100
2025-07-28,337.42425537109375,340.0,346.0,338.0,340.0,19484100
2025-07-29,343.3787841796875,346.0,352.0,332.0,340.0,55785700
2025-07-30,337.42425537109375,340.0,354.0,338.0,350.0,31929000
2025-07-31,325.5151672363281,328.0,344.0,322.0,338.0,41814000
2025-08-01,327.5,330.0,334.0,328.0,330.0,21146900
2025-08-04,341.3939514160156,344.0,348.0,326.0,330.0,38309900
2025-08-05,337.42425537109375,340.0,350.0,338.0,344.0,25123800
2025-08-06,337.42425537109375,340.0,342.0,334.0,340.0,18579400
2025-08-07,327.5,330.0,342.0,328.0,340.0,38728100
2025-08-08,330.0,330.0,334.0,322.0,330.0,20613400
2025-08-11,342.0,342.0,346.0,330.0,330.0,33655700
2025-08-12,348.0,348.0,352.0,340.0,342.0,36859100
2025-08-13,348.0,348.0,352.0,346.0,350.0,26466800
2025-08-14,348.0,348.0,356.0,344.0,354.0,22444400
2025-08-15,336.0,336.0,350.0,336.0,348.0,23224700
2025-08-19,334.0,334.0,344.0,332.0,336.0,35085100
2025-08-20,334.0,334.0,342.0,332.0,334.0,32380700
2025-08-21,340.0,340.0,342.0,334.0,336.0,14937400
2025-08-22,346.0,346.0,356.0,342.0,342.0,62959600
2025-08-25,344.0,344.0,354.0,344.0,348.0,30325600
2025-08-26,346.0,346.0,348.0,342.0,344.0,18139800
2025-08-27,350.0,350.0,362.0,344.0,348.0,64765800
2025-08-28,344.0,344.0,356.0,338.0,350.0,52478600
2025-08-29,342.0,342.0,342.0,326.0,342.0,53933400
2025-09-01,324.0,324.0,334.0,316.0,328.0,70625000
2025-09-02,336.0,336.0,340.0,326.0,328.0,24870600
2025-09-03,340.0,340.0,350.0,336.0,336.0,31139600
2025-09-04,336.0,336.0,344.0,334.0,342.0,13793700
2025-09-08,328.0,328.0,338.0,328.0,336.0,25693100
2025-09-09,324.0,324.0,332.0,322.0,328.0,20554500
2025-09-10,330.0,330.0,336.0,326.0,326.0,13173900
2025-09-11,330.0,330.0,336.0,330.0,334.0,11195800
2025-09-12,336.0,336.0,336.0,330.0,332.0,8413500
2025-09-15,338.0,338.0,342.0,332.0,336.0,18276000
2025-09-16,334.0,334.0,342.0,334.0,342.0,10287100
2025-09-17,332.0,332.0,336.0,328.0,334.0,11757900
2025-09-18,328.0,328.0,334.0,328.0,332.0,9666700
2025-09-19,324.0,324.0,330.0,324.0,328.0,16711200
2025-09-22,324.0,324.0,330.0,320.0,326.0,13622500
2025-09-23,324.0,324.0,326.0,320.0,324.0,16871900
2025-09-24,320.0,320.0,326.0,320.0,326.0,12842600
2025-09-25,320.0,320.0,322.0,318.0,320.0,11457600
2025-09-26,318.0,318.0,324.0,318.0,320.0,8726800
2025-09-29,318.0,318.0,324.0,316.0,320.0,20292200
2025-09-30,318.0,318.0,326.0,316.0,318.0,18426000
2025-10-01,316.0,316.0,322.0,314.0,316.0,18185700
2025-10-02,312.0,312.0,316.0,310.0,316.0,13561100
2025-10-03,310.0,310.0,312.0,304.0,312.0,18102100
2025-10-06,304.0,304.0,312.0,302.0,310.0,20929800
2025-10-07,302.0,302.0,306.0,302.0,304.0,13306900
2025-10-08,300.0,300.0,306.0,300.0,302.0,18536400
2025-10-09,306.0,306.0,306.0,300.0,300.0,18362600
2025-10-10,310.0,310.0,322.0,306.0,308.0,32456200
2025-10-13,306.0,306.0,316.0,300.0,306.0,17448500
2025-10-14,304.0,304.0,312.0,300.0,310.0,23645400
2025-10-15,296.0,296.0,306.0,296.0,304.0,29794700
2025-10-16,296.0,296.0,298.0,292.0,296.0,25122500
2025-10-17,294.0,294.0,298.0,292.0,296.0,13385300
2025-10-20,306.0,306.0,306.0,292.0,294.0,15339900
2025-10-21,310.0,310.0,314.0,302.0,306.0,12475100
2025-10-22,312.0,312.0,316.0,306.0,312.0,14086700
2025-10-23,314.0,314.0,320.0,310.0,312.0,19169700
2025-10-24,316.0,316.0,318.0,314.0,316.0,8861900
2025-10-27,318.0,318.0,320.0,308.0,316.0,17502500
2025-10-28,318.0,318.0,322.0,316.0,318.0,13467600
2025-10-29,318.0,318.0,326.0,318.0,322.0,12689600
2025-10-30,316.0,316.0,330.0,316.0,320.0,43518800
2025-10-31,316.0,316.0,324.0,310.0,316.0,24375500
2025-11-03,318.0,318.0,324.0,316.0,316.0,14605300
2025-11-04,316.0,316.0,320.0,316.0,320.0,11686000
2025-11-05,314.0,314.0,318.0,312.0,316.0,14462500
2025-11-06,314.0,314.0,318.0,308.0,314.0,13594100
2025-11-07,310.0,310.0,316.0,310.0,314.0,14544100
2025-11-10,306.0,306.0,314.0,306.0,308.0,18164800
2025-11-11,304.0,304.0,310.0,302.0,308.0,21843100
2025-11-12,304.0,304.0,306.0,302.0,304.0,19581700
2025-11-13,302.0,302.0,308.0,302.0,304.0,19467700
2025-11-14,306.0,306.0,308.0,302.0,304.0,6572800
2025-11-17,312.0,312.0,312.0,306.0,306.0,14253700
2025-11-18,308.0,308.0,314.0,306.0,312.0,10004400
2025-11-19,306.0,306.0,310.0,306.0,310.0,5708800
2025-11-20,306.0,306.0,310.0,306.0,306.0,4505400
2025-11-21,308.0,308.0,308.0,304.0,306.0,7372100
2025-11-24,306.0,306.0,310.0,306.0,308.0,8332300
2025-11-25,312.0,312.0,314.0,306.0,306.0,14793400
2025-11-26,310.0,310.0,316.0,310.0,312.0,10604100
2025-11-27,310.0,310.0,314.0,308.0,310.0,13988000
2025-11-28,306.0,306.0,312.0,304.0,312.0,12341500
2025-12-01,308.0,308.0,308.0,304.0,308.0,6708500
2025-12-02,306.0,306.0,310.0,304.0,308.0,21594000
2025-12-03,328.0,328.0,334.0,308.0,308.0,151696700
2025-12-04,328.0,328.0,336.0,320.0,330.0,67036200
2025-12-05,336.0,336.0,350.0,334.0,334.0,119200200
2025-12-08,332.0,332.0,346.0,328.0,336.0,47046700
2025-12-09,326.0,326.0,334.0,322.0,334.0,32942600
2025-12-10,332.0,332.0,332.0,324.0,326.0,37999400
2025-12-11,320.0,320.0,340.0,316.0,332.0,46567200
2025-12-12,320.0,320.0,328.0,318.0,320.0,25707100
2025-12-15,320.0,320.0,322.0,314.0,320.0,31426100
2025-12-16,340.0,340.0,350.0,322.0,322.0,148532600
2025-12-17,340.0,340.0,348.0,334.0,342.0,74252600
2025-12-18,382.0,382.0,392.0,336.0,346.0,743753100
2025-12-19,346.0,346.0,382.0,342.0,382.0,204071500
2025-12-22,350.0,350.0,360.0,340.0,352.0,90345600
2025-12-23,352.0,352.0,362.0,350.0,352.0,56709300
2025-12-24,358.0,358.0,376.0,346.0,356.0,131848600
2025-12-29,406.0,406.0,414.0,362.0,362.0,321327600
2025-12-30,392.0,392.0,416.0,388.0,410.0,178042300
