Date,Adj Close,Close,High,Low,Open,Volume
2020-01-02,160.56777954101562,172.2466278076172,172.2466278076172,162.96388244628906,171.2152099609375,41302
2020-01-03,159.60630798339844,171.2152099609375,172.2466278076172,165.02671813964844,165.02671813964844,8338
2020-01-06,161.52928161621094,173.27804565429688,173.27804565429688,165.02671813964844,165.02671813964844,9695
2020-01-07,161.52928161621094,173.27804565429688,173.27804565429688,173.27804565429688,173.27804565429688,0
2020-01-08,148.06851196289062,158.8382110595703,173.27804565429688,155.74395751953125,172.2466278076172,426985
2020-01-09,157.68333435058594,169.15237426757812,170.1837921142578,155.74395751953125,157.80679321289062,236955
2020-01-10,147.1070098876953,157.80679321289062,165.02671813964844,156.77537536621094,156.77537536621094,403328
2020-01-13,147.1070098876953,157.80679321289062,162.96388244628906,157.80679321289062,159.86962890625,79502
2020-01-14,149.0299835205078,159.86962890625,161.93246459960938,158.8382110595703,161.93246459960938,45762
2020-01-15,146.14553833007812,156.77537536621094,159.86962890625,156.77537536621094,159.86962890625,83962
2020-01-16,152.87591552734375,163.99530029296875,165.02671813964844,155.74395751953125,155.74395751953125,255570
2020-01-17,150.9529571533203,161.93246459960938,163.99530029296875,159.86962890625,163.99530029296875,137480
2020-01-20,152.87591552734375,163.99530029296875,163.99530029296875,156.77537536621094,162.96388244628906,11440
2020-01-21,150.9529571533203,161.93246459960938,162.96388244628906,157.80679321289062,159.86962890625,6980
2020-01-22,149.99147033691406,160.9010467529297,161.93246459960938,160.9010467529297,161.93246459960938,33739
2020-01-23,149.0299835205078,159.86962890625,160.9010467529297,154.71253967285156,160.9010467529297,261775
2020-01-24,149.0299835205078,159.86962890625,159.86962890625,154.71253967285156,154.71253967285156,39169
2020-01-27,149.99147033691406,160.9010467529297,161.93246459960938,154.71253967285156,161.93246459960938,47507
2020-01-28,149.0299835205078,159.86962890625,159.86962890625,159.86962890625,159.86962890625,581
2020-01-29,149.0299835205078,159.86962890625,159.86962890625,154.71253967285156,159.86962890625,21911
2020-01-30,143.26107788085938,153.68112182617188,159.86962890625,153.68112182617188,158.8382110595703,23850
2020-01-31,141.33810424804688,151.6182861328125,159.86962890625,151.6182861328125,159.86962890625,20554
2020-02-03,148.06851196289062,158.8382110595703,159.86962890625,148.5240478515625,148.5240478515625,143685
2020-02-04,144.22256469726562,154.71253967285156,156.77537536621094,147.4926300048828,148.5240478515625,186345
2020-02-05,143.26107788085938,153.68112182617188,155.74395751953125,152.6497039794922,153.68112182617188,46344
2020-02-06,146.14553833007812,156.77537536621094,159.86962890625,153.68112182617188,159.86962890625,48283
2020-02-07,147.1070098876953,157.80679321289062,158.8382110595703,157.80679321289062,158.8382110595703,1551
2020-02-10,147.1070098876953,157.80679321289062,158.8382110595703,149.5554656982422,158.8382110595703,15900
2020-02-11,147.1070098876953,157.80679321289062,158.8382110595703,151.6182861328125,158.8382110595703,44598
2020-02-12,147.1070098876953,157.80679321289062,157.80679321289062,149.5554656982422,149.5554656982422,15900
2020-02-13,145.18405151367188,155.74395751953125,155.74395751953125,155.74395751953125,155.74395751953125,27922
2020-02-14,139.41514587402344,149.5554656982422,155.74395751953125,149.5554656982422,155.74395751953125,43629
2020-02-17,147.1070098876953,157.80679321289062,157.80679321289062,148.5240478515625,155.74395751953125,131275
2020-02-18,147.1070098876953,157.80679321289062,157.80679321289062,150.58688354492188,151.6182861328125,27147
2020-02-19,146.14553833007812,156.77537536621094,157.80679321289062,156.77537536621094,156.77537536621094,38005
2020-02-20,147.1070098876953,157.80679321289062,157.80679321289062,156.77537536621094,156.77537536621094,97147
2020-02-21,142.2996063232422,152.6497039794922,156.77537536621094,150.58688354492188,156.77537536621094,78338
2020-02-24,140.3766326904297,150.58688354492188,158.8382110595703,150.58688354492188,157.80679321289062,76011
2020-02-25,146.14553833007812,156.77537536621094,157.80679321289062,150.58688354492188,150.58688354492188,127591
2020-02-26,145.18405151367188,155.74395751953125,156.77537536621094,150.58688354492188,150.58688354492188,93075
2020-02-27,140.3766326904297,150.58688354492188,158.8382110595703,150.58688354492188,156.77537536621094,263714
2020-02-28,143.26107788085938,153.68112182617188,153.68112182617188,139.2412872314453,150.58688354492188,57202
2020-03-02,142.2996063232422,152.6497039794922,154.71253967285156,141.3041229248047,152.6497039794922,72909
2020-03-03,143.26107788085938,153.68112182617188,154.71253967285156,153.68112182617188,154.71253967285156,2132
2020-03-04,141.33810424804688,151.6182861328125,154.71253967285156,145.42979431152344,154.71253967285156,35097
2020-03-05,142.2996063232422,152.6497039794922,154.71253967285156,146.46121215820312,154.71253967285156,82798
2020-03-06,137.4921875,147.4926300048828,151.6182861328125,144.39837646484375,145.42979431152344,108394
2020-03-09,130.76177978515625,140.272705078125,145.42979431152344,139.2412872314453,144.39837646484375,454132
2020-03-10,132.68475341796875,142.33554077148438,143.36695861816406,141.3041229248047,143.36695861816406,224933
2020-03-11,133.646240234375,143.36695861816406,143.36695861816406,140.272705078125,140.272705078125,57784
2020-03-12,123.0699234008789,132.02137756347656,140.272705078125,129.9585418701172,140.272705078125,32964
2020-03-13,123.0699234008789,132.02137756347656,132.02137756347656,132.02137756347656,132.02137756347656,0
2020-03-16,123.0699234008789,132.02137756347656,132.02137756347656,132.02137756347656,132.02137756347656,0
2020-03-17,104.80172729492188,112.42444610595703,117.58153533935547,110.36161041259766,117.58153533935547,232883
2020-03-18,110.57064056396484,118.61295318603516,118.61295318603516,105.20452880859375,106.23594665527344,152993
2020-03-19,102.8787612915039,110.36161041259766,123.77003479003906,110.36161041259766,118.61295318603516,487678
2020-03-20,102.8787612915039,110.36161041259766,117.58153533935547,110.36161041259766,116.55011749267578,6205
2020-03-23,100.95580291748047,108.29878234863281,108.29878234863281,105.20452880859375,108.29878234863281,5041
2020-03-24,100.95580291748047,108.29878234863281,108.29878234863281,108.29878234863281,108.29878234863281,0
2020-03-26,105.76321411132812,113.45586395263672,123.77003479003906,108.29878234863281,123.77003479003906,187702
2020-03-27,111.53211212158203,119.64436340332031,123.77003479003906,118.61295318603516,118.61295318603516,70000
2020-03-30,114.41657257080078,122.73861694335938,122.73861694335938,122.73861694335938,122.73861694335938,6786
2020-03-31,115.3780517578125,123.77003479003906,127.89570617675781,122.73861694335938,122.73861694335938,862890
2020-04-01,126.91584777832031,136.14703369140625,136.14703369140625,121.70719909667969,123.77003479003906,177813
2020-04-02,124.03140258789062,133.0527801513672,133.0527801513672,133.0527801513672,133.0527801513672,1163
2020-04-03,129.80030822753906,139.2412872314453,142.33554077148438,133.0527801513672,133.0527801513672,8531
2020-04-06,123.0699234008789,132.02137756347656,140.272705078125,132.02137756347656,140.272705078125,34903
2020-04-07,126.91584777832031,136.14703369140625,137.17845153808594,132.02137756347656,132.02137756347656,40332
2020-04-08,131.72328186035156,141.3041229248047,143.36695861816406,126.86428833007812,143.36695861816406,17451
2020-04-09,131.72328186035156,141.3041229248047,141.3041229248047,133.0527801513672,141.3041229248047,581
2020-04-13,138.4536590576172,148.5240478515625,149.5554656982422,142.33554077148438,142.33554077148438,34709
2020-04-14,134.60772705078125,144.39837646484375,149.5554656982422,139.2412872314453,149.5554656982422,7174
2020-04-15,134.60772705078125,144.39837646484375,144.39837646484375,144.39837646484375,144.39837646484375,1745
2020-04-16,134.60772705078125,144.39837646484375,144.39837646484375,144.39837646484375,144.39837646484375,2132
2020-04-17,125.9543685913086,135.11561584472656,144.39837646484375,135.11561584472656,144.39837646484375,3878
2020-04-20,132.68475341796875,142.33554077148438,144.39837646484375,142.33554077148438,144.39837646484375,10277
2020-04-21,133.646240234375,143.36695861816406,143.36695861816406,143.36695861816406,143.36695861816406,17645
2020-04-22,133.646240234375,143.36695861816406,143.36695861816406,143.36695861816406,143.36695861816406,0
2020-04-23,132.68475341796875,142.33554077148438,142.33554077148438,142.33554077148438,142.33554077148438,2908
2020-04-24,124.03140258789062,133.0527801513672,142.33554077148438,133.0527801513672,142.33554077148438,71358
2020-04-27,124.99287414550781,134.08419799804688,134.08419799804688,126.86428833007812,133.0527801513672,10858
2020-04-28,124.99287414550781,134.08419799804688,134.08419799804688,128.9271240234375,134.08419799804688,1551
2020-04-29,119.22399139404297,127.89570617675781,134.08419799804688,127.89570617675781,134.08419799804688,22493
2020-04-30,128.8388214111328,138.20986938476562,139.2412872314453,128.9271240234375,128.9271240234375,235210
2020-05-04,132.68475341796875,142.33554077148438,144.39837646484375,137.17845153808594,144.39837646484375,11052
2020-05-05,132.68475341796875,142.33554077148438,142.33554077148438,133.0527801513672,134.08419799804688,25014
2020-05-06,132.68475341796875,142.33554077148438,142.33554077148438,142.33554077148438,142.33554077148438,2714
2020-05-08,134.60772705078125,144.39837646484375,144.39837646484375,142.33554077148438,142.33554077148438,2714
2020-05-11,132.68475341796875,142.33554077148438,143.36695861816406,136.14703369140625,143.36695861816406,775
2020-05-12,133.646240234375,143.36695861816406,144.39837646484375,135.11561584472656,142.33554077148438,443855
2020-05-13,133.646240234375,143.36695861816406,143.36695861816406,135.11561584472656,136.14703369140625,38975
2020-05-14,133.646240234375,143.36695861816406,143.36695861816406,136.14703369140625,136.14703369140625,2908
2020-05-15,132.68475341796875,142.33554077148438,142.33554077148438,136.14703369140625,137.17845153808594,8531
2020-05-18,128.8388214111328,138.20986938476562,144.39837646484375,134.08419799804688,143.36695861816406,48283
2020-05-19,134.60772705078125,144.39837646484375,144.39837646484375,138.20986938476562,138.20986938476562,1551
2020-05-20,134.60772705078125,144.39837646484375,144.39837646484375,144.39837646484375,144.39837646484375,969
2020-05-26,134.60772705078125,144.39837646484375,144.39837646484375,144.39837646484375,144.39837646484375,4072
2020-05-27,134.60772705078125,144.39837646484375,144.39837646484375,144.39837646484375,144.39837646484375,775
2020-05-28,134.60772705078125,144.39837646484375,144.39837646484375,140.272705078125,140.272705078125,107812
2020-05-29,133.646240234375,143.36695861816406,144.39837646484375,143.36695861816406,143.36695861816406,2132
2020-06-02,128.8388214111328,138.20986938476562,144.39837646484375,138.20986938476562,144.39837646484375,8919
2020-06-03,131.72328186035156,141.3041229248047,143.36695861816406,137.17845153808594,138.20986938476562,207869
2020-06-04,133.646240234375,143.36695861816406,143.36695861816406,138.20986938476562,143.36695861816406,32188
2020-06-05,131.72328186035156,141.3041229248047,143.36695861816406,141.3041229248047,143.36695861816406,30637
2020-06-08,133.646240234375,143.36695861816406,144.39837646484375,141.3041229248047,141.3041229248047,10083
2020-06-09,125.9543685913086,135.11561584472656,143.36695861816406,135.11561584472656,138.20986938476562,268950
2020-06-10,133.646240234375,143.36695861816406,144.39837646484375,143.36695861816406,144.39837646484375,1939
2020-06-11,124.99287414550781,134.08419799804688,144.39837646484375,134.08419799804688,144.39837646484375,295709
2020-06-12,133.646240234375,143.36695861816406,143.36695861816406,143.36695861816406,143.36695861816406,1163
2020-06-15,133.646240234375,143.36695861816406,143.36695861816406,143.36695861816406,143.36695861816406,6398
2020-06-16,133.646240234375,143.36695861816406,143.36695861816406,136.14703369140625,136.14703369140625,1551
2020-06-17,133.646240234375,143.36695861816406,143.36695861816406,137.17845153808594,143.36695861816406,9307
2020-06-18,133.646240234375,143.36695861816406,143.36695861816406,137.17845153808594,137.17845153808594,1551
2020-06-19,133.646240234375,143.36695861816406,143.36695861816406,143.36695861816406,143.36695861816406,1357
2020-06-22,128.8388214111328,138.20986938476562,140.272705078125,134.08419799804688,136.14703369140625,299781
2020-06-23,132.68475341796875,142.33554077148438,142.33554077148438,132.02137756347656,138.20986938476562,34515
2020-06-24,124.99287414550781,134.08419799804688,141.3041229248047,134.08419799804688,141.3041229248047,3878
2020-06-25,128.8388214111328,138.20986938476562,138.20986938476562,138.20986938476562,138.20986938476562,40138
2020-06-26,124.99287414550781,134.08419799804688,138.20986938476562,134.08419799804688,137.17845153808594,202827
2020-06-29,127.87733459472656,137.17845153808594,139.2412872314453,128.9271240234375,134.08419799804688,12216
2020-06-30,127.87733459472656,137.17845153808594,137.17845153808594,128.9271240234375,128.9271240234375,15124
2020-07-01,124.03140258789062,133.0527801513672,135.11561584472656,130.98995971679688,135.11561584472656,25401
2020-07-02,122.10844421386719,130.98995971679688,130.98995971679688,130.98995971679688,130.98995971679688,3684
2020-07-03,125.9543685913086,135.11561584472656,138.20986938476562,125.83287048339844,130.98995971679688,26759
2020-07-06,118.26250457763672,126.86428833007812,133.0527801513672,125.83287048339844,127.89570617675781,504742
2020-07-07,124.03140258789062,133.0527801513672,134.08419799804688,132.02137756347656,134.08419799804688,5235
2020-07-08,124.99287414550781,134.08419799804688,134.08419799804688,128.9271240234375,128.9271240234375,34321
2020-07-09,124.99287414550781,134.08419799804688,135.11561584472656,133.0527801513672,135.11561584472656,130306
2020-07-10,124.99287414550781,134.08419799804688,134.08419799804688,134.08419799804688,134.08419799804688,48477
2020-07-13,125.9543685913086,135.11561584472656,136.14703369140625,130.98995971679688,134.08419799804688,140777
2020-07-14,124.99287414550781,134.08419799804688,134.08419799804688,134.08419799804688,134.08419799804688,969
2020-07-15,126.91584777832031,136.14703369140625,136.14703369140625,135.11561584472656,135.11561584472656,2132
2020-07-16,124.03140258789062,133.0527801513672,134.08419799804688,127.89570617675781,134.08419799804688,45956
2020-07-17,123.0699234008789,132.02137756347656,133.0527801513672,132.02137756347656,133.0527801513672,38781
2020-07-20,118.26250457763672,126.86428833007812,130.98995971679688,126.86428833007812,128.9271240234375,120416
2020-07-21,124.03140258789062,133.0527801513672,133.0527801513672,133.0527801513672,133.0527801513672,193
2020-07-22,122.10844421386719,130.98995971679688,133.0527801513672,126.86428833007812,133.0527801513672,471390
2020-07-23,124.03140258789062,133.0527801513672,133.0527801513672,129.9585418701172,130.98995971679688,210196
2020-07-24,122.10844421386719,130.98995971679688,137.17845153808594,130.98995971679688,134.08419799804688,123131
2020-07-27,118.26250457763672,126.86428833007812,130.98995971679688,123.77003479003906,130.98995971679688,113436
2020-07-28,120.18547821044922,128.9271240234375,135.11561584472656,127.89570617675781,134.08419799804688,28892
2020-07-29,118.26250457763672,126.86428833007812,134.08419799804688,126.86428833007812,128.9271240234375,126815
2020-07-30,121.14695739746094,129.9585418701172,130.98995971679688,128.9271240234375,129.9585418701172,267980
2020-08-03,116.33953857421875,124.80145263671875,129.9585418701172,121.70719909667969,128.9271240234375,248783
2020-08-04,117.301025390625,125.83287048339844,126.86428833007812,124.80145263671875,124.80145263671875,38781
2020-08-05,118.26250457763672,126.86428833007812,126.86428833007812,125.83287048339844,126.86428833007812,150278
2020-08-06,120.18547821044922,128.9271240234375,130.98995971679688,126.86428833007812,126.86428833007812,220667
2020-08-07,124.03140258789062,133.0527801513672,134.08419799804688,128.9271240234375,128.9271240234375,62050
2020-08-10,122.10844421386719,130.98995971679688,134.08419799804688,129.9585418701172,133.0527801513672,17645
2020-08-11,123.0699234008789,132.02137756347656,134.08419799804688,132.02137756347656,134.08419799804688,118865
2020-08-12,124.03140258789062,133.0527801513672,133.0527801513672,132.02137756347656,133.0527801513672,14737
2020-08-13,124.03140258789062,133.0527801513672,135.11561584472656,133.0527801513672,134.08419799804688,38005
2020-08-14,123.0699234008789,132.02137756347656,135.11561584472656,132.02137756347656,135.11561584472656,16676
2020-08-18,124.99287414550781,134.08419799804688,134.08419799804688,129.9585418701172,132.02137756347656,131081
2020-08-19,124.99287414550781,134.08419799804688,134.08419799804688,133.0527801513672,134.08419799804688,38587
2020-08-24,124.99287414550781,134.08419799804688,134.08419799804688,134.08419799804688,134.08419799804688,13573
2020-08-25,126.91584777832031,136.14703369140625,137.17845153808594,130.98995971679688,134.08419799804688,107231
2020-08-26,126.91584777832031,136.14703369140625,136.14703369140625,133.0527801513672,136.14703369140625,32576
2020-08-27,126.91584777832031,136.14703369140625,136.14703369140625,132.02137756347656,136.14703369140625,48283
2020-08-28,125.9543685913086,135.11561584472656,136.14703369140625,135.11561584472656,136.14703369140625,1551
2020-08-31,124.99287414550781,134.08419799804688,135.11561584472656,132.02137756347656,135.11561584472656,21911
2020-09-01,123.0699234008789,132.02137756347656,134.08419799804688,130.98995971679688,130.98995971679688,147951
2020-09-02,121.14695739746094,129.9585418701172,134.08419799804688,129.9585418701172,130.98995971679688,39751
2020-09-03,121.14695739746094,129.9585418701172,134.08419799804688,128.9271240234375,132.02137756347656,232107
2020-09-04,124.99287414550781,134.08419799804688,134.08419799804688,132.02137756347656,134.08419799804688,21717
2020-09-07,127.87733459472656,137.17845153808594,137.17845153808594,134.08419799804688,134.08419799804688,104322
2020-09-08,136.5306854248047,146.46121215820312,148.5240478515625,137.17845153808594,138.20986938476562,1228407
2020-09-09,134.60772705078125,144.39837646484375,150.58688354492188,142.33554077148438,144.39837646484375,46537
2020-09-10,127.87733459472656,137.17845153808594,144.39837646484375,135.11561584472656,139.2412872314453,52936
2020-09-11,134.60772705078125,144.39837646484375,148.5240478515625,130.98995971679688,130.98995971679688,94821
2020-09-14,136.5306854248047,146.46121215820312,148.5240478515625,145.42979431152344,148.5240478515625,85125
2020-09-15,137.4921875,147.4926300048828,147.4926300048828,144.39837646484375,146.46121215820312,34127
2020-09-16,129.80030822753906,139.2412872314453,147.4926300048828,139.2412872314453,147.4926300048828,45762
2020-09-17,139.41514587402344,149.5554656982422,150.58688354492188,140.272705078125,149.5554656982422,891782
2020-09-18,140.3766326904297,150.58688354492188,154.71253967285156,145.42979431152344,150.58688354492188,1220069
2020-09-21,138.4536590576172,148.5240478515625,154.71253967285156,144.39837646484375,148.5240478515625,1478548
2020-09-22,139.41514587402344,149.5554656982422,151.6182861328125,147.4926300048828,148.5240478515625,339145
2020-09-23,129.80030822753906,139.2412872314453,151.6182861328125,139.2412872314453,148.5240478515625,565047
2020-09-24,131.72328186035156,141.3041229248047,148.5240478515625,135.11561584472656,139.2412872314453,400420
2020-09-25,137.4921875,147.4926300048828,148.5240478515625,134.08419799804688,144.39837646484375,396735
2020-09-28,138.4536590576172,148.5240478515625,149.5554656982422,142.33554077148438,147.4926300048828,1920464
2020-09-29,138.4536590576172,148.5240478515625,148.5240478515625,143.36695861816406,148.5240478515625,1357
2020-09-30,136.5306854248047,146.46121215820312,148.5240478515625,140.272705078125,148.5240478515625,315488
2020-10-01,134.60772705078125,144.39837646484375,145.42979431152344,139.2412872314453,141.3041229248047,9501
2020-10-02,136.5306854248047,146.46121215820312,148.5240478515625,137.17845153808594,144.39837646484375,947434
2020-10-05,136.5306854248047,146.46121215820312,146.46121215820312,146.46121215820312,146.46121215820312,387
2020-10-06,137.4921875,147.4926300048828,148.5240478515625,140.272705078125,148.5240478515625,792695
2020-10-07,137.4921875,147.4926300048828,147.4926300048828,146.46121215820312,146.46121215820312,3684
2020-10-08,137.4921875,147.4926300048828,147.4926300048828,147.4926300048828,147.4926300048828,2132
2020-10-09,137.4921875,147.4926300048828,148.5240478515625,141.3041229248047,147.4926300048828,64183
2020-10-12,134.60772705078125,144.39837646484375,147.4926300048828,144.39837646484375,147.4926300048828,102383
2020-10-13,134.60772705078125,144.39837646484375,147.4926300048828,144.39837646484375,144.39837646484375,17645
2020-10-14,134.60772705078125,144.39837646484375,146.46121215820312,144.39837646484375,146.46121215820312,143685
2020-10-15,134.60772705078125,144.39837646484375,146.46121215820312,144.39837646484375,144.39837646484375,4265
2020-10-16,134.60772705078125,144.39837646484375,146.46121215820312,144.39837646484375,144.39837646484375,3878
2020-10-19,135.5692138671875,145.42979431152344,149.5554656982422,143.36695861816406,147.4926300048828,109558
2020-10-20,132.68475341796875,142.33554077148438,146.46121215820312,142.33554077148438,143.36695861816406,4459
2020-10-21,132.68475341796875,142.33554077148438,146.46121215820312,142.33554077148438,146.46121215820312,739177
2020-10-22,133.646240234375,143.36695861816406,146.46121215820312,142.33554077148438,144.39837646484375,152993
2020-10-23,133.646240234375,143.36695861816406,145.42979431152344,143.36695861816406,143.36695861816406,20748
2020-10-26,135.5692138671875,145.42979431152344,145.42979431152344,140.272705078125,145.42979431152344,803942
2020-10-27,134.60772705078125,144.39837646484375,144.39837646484375,140.272705078125,140.272705078125,63795
2020-11-02,134.60772705078125,144.39837646484375,144.39837646484375,140.272705078125,144.39837646484375,52549
2020-11-03,134.60772705078125,144.39837646484375,144.39837646484375,144.39837646484375,144.39837646484375,3878
2020-11-04,135.5692138671875,145.42979431152344,145.42979431152344,145.42979431152344,145.42979431152344,335848
2020-11-05,135.5692138671875,145.42979431152344,148.5240478515625,145.42979431152344,145.42979431152344,41496
2020-11-06,140.3766326904297,150.58688354492188,151.6182861328125,144.39837646484375,145.42979431152344,212717
2020-11-09,140.3766326904297,150.58688354492188,151.6182861328125,145.42979431152344,150.58688354492188,279033
2020-11-10,140.3766326904297,150.58688354492188,150.58688354492188,150.58688354492188,150.58688354492188,29861
2020-11-11,142.2996063232422,152.6497039794922,154.71253967285156,150.58688354492188,150.58688354492188,133602
2020-11-12,141.33810424804688,151.6182861328125,152.6497039794922,149.5554656982422,152.6497039794922,34127
2020-11-13,145.18405151367188,155.74395751953125,156.77537536621094,152.6497039794922,154.71253967285156,776795
2020-11-16,157.68333435058594,169.15237426757812,173.27804565429688,154.71253967285156,154.71253967285156,632333
2020-11-17,149.99147033691406,160.9010467529297,169.15237426757812,160.9010467529297,169.15237426757812,448703
2020-11-18,152.87591552734375,163.99530029296875,170.1837921142578,160.9010467529297,160.9010467529297,594909
2020-11-19,155.7603759765625,167.0895538330078,168.12095642089844,163.99530029296875,168.12095642089844,123519
2020-11-20,151.91444396972656,162.96388244628906,167.0895538330078,162.96388244628906,167.0895538330078,216595
2020-11-23,157.68333435058594,169.15237426757812,170.1837921142578,162.96388244628906,168.12095642089844,419423
2020-11-24,158.6448211669922,170.1837921142578,170.1837921142578,163.99530029296875,168.12095642089844,256346
2020-11-25,161.52928161621094,173.27804565429688,175.34088134765625,170.1837921142578,170.1837921142578,343411
2020-11-26,161.52928161621094,173.27804565429688,175.34088134765625,169.15237426757812,175.34088134765625,76787
2020-11-27,156.7218475341797,168.12095642089844,173.27804565429688,168.12095642089844,168.12095642089844,129142
2020-11-30,158.6448211669922,170.1837921142578,172.2466278076172,165.02671813964844,172.2466278076172,481861
2020-12-01,158.6448211669922,170.1837921142578,170.1837921142578,165.02671813964844,170.1837921142578,24044
2020-12-02,158.6448211669922,170.1837921142578,170.1837921142578,170.1837921142578,170.1837921142578,581
2020-12-03,153.83741760253906,165.02671813964844,170.1837921142578,165.02671813964844,165.02671813964844,20554
2020-12-04,155.7603759765625,167.0895538330078,168.12095642089844,159.86962890625,168.12095642089844,25789
2020-12-07,158.6448211669922,170.1837921142578,172.2466278076172,159.86962890625,170.1837921142578,596654
2020-12-08,157.68333435058594,169.15237426757812,171.2152099609375,169.15237426757812,171.2152099609375,19584
2020-12-10,149.0299835205078,159.86962890625,165.02671813964844,159.86962890625,165.02671813964844,274185
2020-12-11,151.91444396972656,162.96388244628906,162.96388244628906,157.80679321289062,159.86962890625,22881
2020-12-14,156.7218475341797,168.12095642089844,168.12095642089844,162.96388244628906,162.96388244628906,8919
2020-12-15,156.7218475341797,168.12095642089844,168.12095642089844,160.9010467529297,168.12095642089844,4847
2020-12-16,156.7218475341797,168.12095642089844,168.12095642089844,168.12095642089844,168.12095642089844,0
2020-12-17,147.1070098876953,157.80679321289062,168.12095642089844,156.77537536621094,168.12095642089844,157841
2020-12-18,151.91444396972656,162.96388244628906,165.02671813964844,159.86962890625,165.02671813964844,10277
2020-12-21,149.0299835205078,159.86962890625,165.02671813964844,159.86962890625,165.02671813964844,53324
2020-12-22,150.9529571533203,161.93246459960938,167.0895538330078,160.9010467529297,167.0895538330078,28116
2020-12-23,152.87591552734375,163.99530029296875,165.02671813964844,159.86962890625,161.93246459960938,41884
2020-12-28,151.91444396972656,162.96388244628906,163.99530029296875,154.71253967285156,163.99530029296875,36066
2020-12-29,154.79888916015625,166.05813598632812,166.05813598632812,162.96388244628906,165.02671813964844,102965
2020-12-30,149.0299835205078,159.86962890625,165.02671813964844,159.86962890625,165.02671813964844,156483
2021-01-04,152.87591552734375,163.99530029296875,163.99530029296875,155.74395751953125,163.99530029296875,6786
2021-01-05,144.22256469726562,154.71253967285156,165.02671813964844,154.71253967285156,165.02671813964844,138644
2021-01-06,146.14553833007812,156.77537536621094,159.86962890625,153.68112182617188,154.71253967285156,201276
2021-01-07,145.18405151367188,155.74395751953125,158.8382110595703,154.71253967285156,156.77537536621094,1238684
2021-01-08,146.14553833007812,156.77537536621094,163.99530029296875,155.74395751953125,155.74395751953125,95402
2021-01-11,151.91444396972656,162.96388244628906,163.99530029296875,156.77537536621094,157.80679321289062,68837
2021-01-12,148.06851196289062,158.8382110595703,165.02671813964844,157.80679321289062,162.96388244628906,17645
2021-01-13,152.87591552734375,163.99530029296875,165.02671813964844,154.71253967285156,158.8382110595703,74848
2021-01-14,151.91444396972656,162.96388244628906,162.96388244628906,158.8382110595703,158.8382110595703,14543
2021-01-15,152.87591552734375,163.99530029296875,163.99530029296875,160.9010467529297,160.9010467529297,53324
2021-01-18,152.87591552734375,163.99530029296875,166.05813598632812,158.8382110595703,165.02671813964844,44404
2021-01-19,149.0299835205078,159.86962890625,162.96388244628906,154.71253967285156,154.71253967285156,200694
2021-01-20,145.18405151367188,155.74395751953125,156.77537536621094,153.68112182617188,155.74395751953125,430669
2021-01-21,145.18405151367188,155.74395751953125,156.77537536621094,154.71253967285156,155.74395751953125,74460
2021-01-22,145.18405151367188,155.74395751953125,158.8382110595703,154.71253967285156,155.74395751953125,134766
2021-01-25,144.22256469726562,154.71253967285156,155.74395751953125,153.68112182617188,155.74395751953125,356596
2021-01-26,141.33810424804688,151.6182861328125,155.74395751953125,151.6182861328125,154.71253967285156,168893
2021-01-27,141.33810424804688,151.6182861328125,155.74395751953125,149.5554656982422,151.6182861328125,33158
2021-01-28,132.68475341796875,142.33554077148438,154.71253967285156,142.33554077148438,154.71253967285156,92881
2021-01-29,138.4536590576172,148.5240478515625,148.5240478515625,143.36695861816406,148.5240478515625,186345
2021-02-01,142.2996063232422,152.6497039794922,152.6497039794922,148.5240478515625,148.5240478515625,9501
2021-02-02,144.22256469726562,154.71253967285156,154.71253967285156,152.6497039794922,152.6497039794922,7756
2021-02-03,142.2996063232422,152.6497039794922,153.68112182617188,152.6497039794922,152.6497039794922,7174
2021-02-04,145.18405151367188,155.74395751953125,155.74395751953125,144.39837646484375,149.5554656982422,711254
2021-02-05,146.14553833007812,156.77537536621094,157.80679321289062,154.71253967285156,155.74395751953125,64571
2021-02-08,144.22256469726562,154.71253967285156,157.80679321289062,153.68112182617188,156.77537536621094,116538
2021-02-09,145.18405151367188,155.74395751953125,156.77537536621094,153.68112182617188,154.71253967285156,1290845
2021-02-10,146.14553833007812,156.77537536621094,160.9010467529297,155.74395751953125,155.74395751953125,47895
2021-02-11,149.99147033691406,160.9010467529297,160.9010467529297,156.77537536621094,156.77537536621094,11052
2021-02-15,150.9529571533203,161.93246459960938,162.96388244628906,160.9010467529297,160.9010467529297,123519
2021-02-16,149.0299835205078,159.86962890625,161.93246459960938,158.8382110595703,161.93246459960938,51773
2021-02-17,149.0299835205078,159.86962890625,159.86962890625,158.8382110595703,158.8382110595703,3102
2021-02-18,149.0299835205078,159.86962890625,159.86962890625,154.71253967285156,154.71253967285156,9889
2021-02-19,145.18405151367188,155.74395751953125,159.86962890625,152.6497039794922,159.86962890625,134184
2021-02-22,144.22256469726562,154.71253967285156,155.74395751953125,154.71253967285156,154.71253967285156,36842
2021-02-23,147.1070098876953,157.80679321289062,157.80679321289062,154.71253967285156,154.71253967285156,6205
2021-02-24,147.1070098876953,157.80679321289062,158.8382110595703,157.80679321289062,157.80679321289062,28892
2021-02-25,161.52928161621094,173.27804565429688,173.27804565429688,157.80679321289062,157.80679321289062,21523
2021-02-26,151.91444396972656,162.96388244628906,173.27804565429688,161.93246459960938,173.27804565429688,112660
2021-03-01,150.9529571533203,161.93246459960938,161.93246459960938,157.80679321289062,161.93246459960938,6205
2021-03-02,148.06851196289062,158.8382110595703,161.93246459960938,156.77537536621094,161.93246459960938,64959
2021-03-03,147.1070098876953,157.80679321289062,158.8382110595703,157.80679321289062,158.8382110595703,6205
2021-03-04,148.06851196289062,158.8382110595703,159.86962890625,157.80679321289062,157.80679321289062,53324
2021-03-05,147.1070098876953,157.80679321289062,159.86962890625,157.80679321289062,158.8382110595703,8144
2021-03-08,149.0299835205078,159.86962890625,160.9010467529297,157.80679321289062,159.86962890625,31219
2021-03-09,149.0299835205078,159.86962890625,162.96388244628906,159.86962890625,159.86962890625,63795
2021-03-10,150.9529571533203,161.93246459960938,163.99530029296875,159.86962890625,159.86962890625,10083
2021-03-12,150.9529571533203,161.93246459960938,161.93246459960938,161.93246459960938,161.93246459960938,22881
2021-03-15,150.9529571533203,161.93246459960938,162.96388244628906,160.9010467529297,161.93246459960938,45180
2021-03-16,151.91444396972656,162.96388244628906,162.96388244628906,161.93246459960938,161.93246459960938,14543
2021-03-17,149.99147033691406,160.9010467529297,161.93246459960938,160.9010467529297,161.93246459960938,16482
2021-03-18,150.9529571533203,161.93246459960938,163.99530029296875,160.9010467529297,163.99530029296875,10277
2021-03-19,151.91444396972656,162.96388244628906,162.96388244628906,161.93246459960938,161.93246459960938,48670
2021-03-22,151.91444396972656,162.96388244628906,165.02671813964844,161.93246459960938,161.93246459960938,12216
2021-03-23,150.9529571533203,161.93246459960938,162.96388244628906,161.93246459960938,161.93246459960938,40914
2021-03-24,151.91444396972656,162.96388244628906,162.96388244628906,160.9010467529297,162.96388244628906,829732
2021-03-25,151.91444396972656,162.96388244628906,162.96388244628906,161.93246459960938,162.96388244628906,77951
2021-03-26,177.87449645996094,190.8121337890625,194.93780517578125,165.02671813964844,165.02671813964844,24684294
2021-03-29,191.33526611328125,205.25196838378906,232.06881713867188,192.87496948242188,193.90638732910156,10354687
2021-03-30,191.33526611328125,205.25196838378906,216.59756469726562,201.12631225585938,205.25196838378906,1291233
2021-03-31,186.52786254882812,200.0948944091797,209.3776397705078,191.8435516357422,204.22055053710938,1884979
2021-04-01,178.8359832763672,191.8435516357422,201.12631225585938,190.8121337890625,201.12631225585938,1483590
2021-04-05,180.7589569091797,193.90638732910156,200.0948944091797,191.8435516357422,192.87496948242188,1141924
2021-04-06,188.45083618164062,202.15773010253906,204.22055053710938,193.90638732910156,193.90638732910156,755465
2021-04-07,190.373779296875,204.22055053710938,211.4404754638672,200.0948944091797,202.15773010253906,1065912
2021-04-08,192.2967529296875,206.28338623046875,211.4404754638672,204.22055053710938,204.22055053710938,258285
2021-04-09,199.0271453857422,213.50331115722656,213.50331115722656,206.28338623046875,206.28338623046875,837100
2021-04-12,205.75753784179688,220.72323608398438,228.9745635986328,213.50331115722656,215.56614685058594,2577812
2021-04-13,202.87307739257812,217.6289825439453,228.9745635986328,215.56614685058594,224.84889221191406,1125248
2021-04-14,201.91160583496094,216.59756469726562,221.754638671875,211.4404754638672,217.6289825439453,903611
2021-04-15,204.79605102539062,219.6918182373047,228.9745635986328,216.59756469726562,216.59756469726562,749260
2021-04-16,202.87307739257812,217.6289825439453,219.6918182373047,216.59756469726562,219.6918182373047,219116
2021-04-19,199.0271453857422,213.50331115722656,217.6289825439453,213.50331115722656,217.6289825439453,564466
2021-04-20,199.0271453857422,213.50331115722656,214.53472900390625,212.47189331054688,213.50331115722656,177425
2021-04-21,200.95010375976562,215.56614685058594,217.6289825439453,212.47189331054688,213.50331115722656,232301
2021-04-22,194.2197265625,208.34622192382812,215.56614685058594,207.31480407714844,215.56614685058594,509784
2021-04-23,201.91160583496094,216.59756469726562,217.6289825439453,207.31480407714844,208.34622192382812,393245
2021-04-26,199.98863220214844,214.53472900390625,218.660400390625,212.47189331054688,217.6289825439453,336042
2021-04-27,249.98574829101562,268.16839599609375,268.16839599609375,221.754638671875,221.754638671875,6849218
2021-04-28,278.8302917480469,299.1109313964844,332.6319580078125,283.6396789550781,293.9538269042969,22304655
2021-04-29,271.6191711425781,291.37530517578125,304.26800537109375,278.4825744628906,299.1109313964844,3798463
2021-04-30,262.00433349609375,281.0611267089844,304.26800537109375,273.32550048828125,291.37530517578125,3273748
2021-05-03,281.2340087890625,301.689453125,319.7392578125,281.0611267089844,286.21820068359375,5251610
2021-05-04,288.44512939453125,309.4250793457031,317.16070556640625,293.9538269042969,306.8465576171875,3846165
2021-05-05,274.02288818359375,293.9538269042969,314.5821838378906,288.7967529296875,309.4250793457031,2436454
2021-05-06,266.8117370605469,286.21820068359375,301.689453125,278.4825744628906,278.4825744628906,1120206
2021-05-07,266.8117370605469,286.21820068359375,301.689453125,281.0611267089844,286.21820068359375,403716
2021-05-10,276.42657470703125,296.5323791503906,296.5323791503906,278.4825744628906,286.21820068359375,735686
2021-05-11,281.2340087890625,301.689453125,306.8465576171875,291.37530517578125,296.5323791503906,1358131
2021-05-17,264.4080505371094,283.6396789550781,301.689453125,281.0611267089844,301.689453125,1470210
2021-05-18,271.6191711425781,291.37530517578125,293.9538269042969,283.6396789550781,286.21820068359375,909040
2021-05-19,269.2154541015625,288.7967529296875,291.37530517578125,283.6396789550781,283.6396789550781,282330
2021-05-20,266.8117370605469,286.21820068359375,293.9538269042969,278.4825744628906,288.7967529296875,1055053
2021-05-21,264.4080505371094,283.6396789550781,286.21820068359375,273.32550048828125,283.6396789550781,1075607
2021-05-24,262.00433349609375,281.0611267089844,286.21820068359375,265.5898742675781,286.21820068359375,1323809
2021-05-25,249.98574829101562,268.16839599609375,281.0611267089844,263.0113220214844,281.0611267089844,1563286
2021-05-27,249.98574829101562,268.16839599609375,273.32550048828125,265.5898742675781,268.16839599609375,484770
2021-05-28,262.00433349609375,281.0611267089844,281.0611267089844,268.16839599609375,268.16839599609375,732972
2021-05-31,293.2525634765625,314.5821838378906,314.5821838378906,281.0611267089844,291.37530517578125,3591370
2021-06-02,300.46368408203125,322.31781005859375,340.3675842285156,299.1109313964844,337.7890625,6802292
2021-06-03,290.8488464355469,312.0036315917969,330.0534362792969,306.8465576171875,322.31781005859375,3247183
2021-06-04,298.0599670410156,319.7392578125,319.7392578125,301.689453125,312.0036315917969,1192922
2021-06-07,293.2525634765625,314.5821838378906,327.4748840332031,306.8465576171875,319.7392578125,1214251
2021-06-08,290.8488464355469,312.0036315917969,327.4748840332031,301.689453125,324.8963317871094,2511496
2021-06-09,276.42657470703125,296.5323791503906,312.0036315917969,296.5323791503906,312.0036315917969,1727914
2021-06-10,271.6191711425781,291.37530517578125,309.4250793457031,283.6396789550781,304.26800537109375,2310026
2021-06-11,274.02288818359375,293.9538269042969,299.1109313964844,291.37530517578125,299.1109313964844,1420376
2021-06-14,278.8302917480469,299.1109313964844,304.26800537109375,293.9538269042969,299.1109313964844,3011003
2021-06-15,264.4080505371094,283.6396789550781,301.689453125,283.6396789550781,299.1109313964844,2985795
2021-06-16,259.4658203125,270.7469482421875,278.4825744628906,268.16839599609375,275.9040222167969,2116505
2021-06-17,274.2924499511719,286.21820068359375,293.9538269042969,268.16839599609375,270.7469482421875,2115342
2021-06-18,261.9369201660156,273.32550048828125,293.9538269042969,268.16839599609375,286.21820068359375,833998
2021-06-21,256.9947204589844,268.16839599609375,273.32550048828125,260.4327697753906,268.16839599609375,681780
2021-06-22,264.40802001953125,275.9040222167969,288.7967529296875,273.32550048828125,273.32550048828125,772917
2021-06-23,264.40802001953125,275.9040222167969,293.9538269042969,273.32550048828125,278.4825744628906,1631348
2021-06-24,261.9369201660156,273.32550048828125,281.0611267089844,268.16839599609375,275.9040222167969,640672
2021-06-25,266.8791198730469,278.4825744628906,281.0611267089844,273.32550048828125,273.32550048828125,1235000
2021-06-28,259.4658203125,270.7469482421875,283.6396789550781,260.4327697753906,281.0611267089844,1529934
2021-06-29,246.5963134765625,257.3179016113281,276.37847900390625,253.23348999023438,272.2940673828125,2122117
2021-06-30,258.3389892578125,269.5711364746094,277.7399597167969,258.67938232421875,258.67938232421875,881106
2021-07-01,250.5105438232422,261.4023132324219,277.7399597167969,261.4023132324219,269.5711364746094,1582847
2021-07-02,247.90106201171875,258.67938232421875,269.5711364746094,258.67938232421875,261.4023132324219,687198
2021-07-05,247.90106201171875,258.67938232421875,268.20965576171875,255.95643615722656,257.3179016113281,947651
2021-07-06,247.90106201171875,258.67938232421875,266.84820556640625,255.95643615722656,258.67938232421875,474193
2021-07-07,246.5963134765625,257.3179016113281,260.04083251953125,251.8720245361328,260.04083251953125,771959
2021-07-08,234.8536376953125,245.06466674804688,258.67938232421875,245.06466674804688,258.67938232421875,2914349
2021-07-09,221.80621337890625,231.44996643066406,245.06466674804688,231.44996643066406,245.06466674804688,2361711
2021-07-12,220.50148010253906,230.0885009765625,235.5343780517578,221.919677734375,232.81143188476562,723776
2021-07-13,216.58724975585938,226.00408935546875,230.0885009765625,223.28114318847656,230.0885009765625,1016107
2021-07-14,213.97775268554688,223.28114318847656,238.25732421875,221.919677734375,227.3655548095703,818086
2021-07-15,206.14930725097656,215.11231994628906,226.00408935546875,212.38937377929688,226.00408935546875,2064091
2021-07-16,204.8445587158203,213.7508544921875,217.83526611328125,211.0279083251953,215.11231994628906,1662320
2021-07-19,204.8445587158203,213.7508544921875,219.1967315673828,211.0279083251953,213.7508544921875,874789
2021-07-21,210.06353759765625,219.1967315673828,224.64260864257812,212.38937377929688,212.38937377929688,1286109
2021-07-22,213.97775268554688,223.28114318847656,226.00408935546875,219.1967315673828,220.55819702148438,622562
2021-07-23,213.97775268554688,223.28114318847656,226.00408935546875,221.919677734375,223.28114318847656,616686
2021-07-26,213.97775268554688,223.28114318847656,230.0885009765625,221.919677734375,224.64260864257812,798548
2021-07-27,208.7587890625,217.83526611328125,226.00408935546875,213.7508544921875,223.28114318847656,365193
2021-07-28,243.98683166503906,254.59495544433594,262.7637939453125,219.1967315673828,219.1967315673828,12069450
2021-07-29,254.42477416992188,265.4867248535156,306.3308410644531,254.59495544433594,264.125244140625,28360073
2021-07-30,243.98683166503906,254.59495544433594,273.6555480957031,251.8720245361328,272.2940673828125,5481867
2021-08-02,230.9394073486328,240.98025512695312,257.3179016113281,238.25732421875,254.59495544433594,2593666
2021-08-03,234.8536376953125,245.06466674804688,253.23348999023438,234.17291259765625,239.61878967285156,1273035
2021-08-04,232.24415588378906,242.34173583984375,253.23348999023438,238.25732421875,245.06466674804688,1260842
2021-08-05,229.63467407226562,239.61878967285156,246.4261474609375,239.61878967285156,242.34173583984375,1121581
2021-08-06,228.32992553710938,238.25732421875,245.06466674804688,236.89584350585938,239.61878967285156,689107
2021-08-09,227.02517700195312,236.89584350585938,242.34173583984375,235.5343780517578,238.25732421875,919594
2021-08-10,229.63467407226562,239.61878967285156,245.06466674804688,234.17291259765625,238.25732421875,699244
2021-08-12,228.32992553710938,238.25732421875,245.06466674804688,236.89584350585938,243.7032012939453,718047
2021-08-13,233.54888916015625,243.7032012939453,251.8720245361328,235.5343780517578,238.25732421875,1380566
2021-08-16,233.54888916015625,243.7032012939453,250.5105438232422,243.7032012939453,243.7032012939453,1244977
2021-08-18,225.72044372558594,235.5343780517578,243.7032012939453,230.0885009765625,243.7032012939453,1473847
2021-08-19,227.02517700195312,236.89584350585938,242.34173583984375,234.17291259765625,235.5343780517578,654145
2021-08-20,228.32992553710938,238.25732421875,242.34173583984375,235.5343780517578,236.89584350585938,384290
2021-08-23,230.9394073486328,240.98025512695312,242.34173583984375,232.81143188476562,238.25732421875,1390408
2021-08-24,230.9394073486328,240.98025512695312,247.78761291503906,240.98025512695312,242.34173583984375,556457
2021-08-25,236.15838623046875,246.4261474609375,247.78761291503906,242.34173583984375,242.34173583984375,1760890
2021-08-26,245.2915802001953,255.95643615722656,272.2940673828125,247.78761291503906,247.78761291503906,7944058
2021-08-27,241.37734985351562,251.8720245361328,273.6555480957031,251.8720245361328,260.04083251953125,4739434
2021-08-30,237.46311950683594,247.78761291503906,257.3179016113281,247.78761291503906,253.23348999023438,1519239
2021-08-31,240.07260131835938,250.5105438232422,255.95643615722656,242.34173583984375,247.78761291503906,1054742
2021-09-01,236.15838623046875,246.4261474609375,255.95643615722656,246.4261474609375,250.5105438232422,1140972
2021-09-02,238.7678680419922,249.14907836914062,250.5105438232422,243.7032012939453,247.78761291503906,1077952
2021-09-03,238.7678680419922,249.14907836914062,250.5105438232422,246.4261474609375,249.14907836914062,407206
2021-09-06,237.46311950683594,247.78761291503906,249.14907836914062,245.06466674804688,249.14907836914062,562920
2021-09-07,238.7678680419922,249.14907836914062,250.5105438232422,247.78761291503906,247.78761291503906,596120
2021-09-08,238.7678680419922,249.14907836914062,254.59495544433594,249.14907836914062,249.14907836914062,997891
2021-09-09,237.46311950683594,247.78761291503906,249.14907836914062,245.06466674804688,249.14907836914062,724363
2021-09-10,233.54888916015625,243.7032012939453,247.78761291503906,243.7032012939453,246.4261474609375,1024921
2021-09-13,233.54888916015625,243.7032012939453,247.78761291503906,243.7032012939453,243.7032012939453,358582
2021-09-14,236.15838623046875,246.4261474609375,246.4261474609375,243.7032012939453,243.7032012939453,392810
2021-09-15,234.8536376953125,245.06466674804688,249.14907836914062,245.06466674804688,246.4261474609375,583486
2021-09-16,234.8536376953125,245.06466674804688,246.4261474609375,243.7032012939453,245.06466674804688,369159
2021-09-17,234.8536376953125,245.06466674804688,247.78761291503906,243.7032012939453,245.06466674804688,241503
2021-09-20,227.02517700195312,236.89584350585938,245.06466674804688,235.5343780517578,245.06466674804688,1699779
2021-09-21,228.32992553710938,238.25732421875,238.25732421875,232.81143188476562,236.89584350585938,587746
2021-09-22,229.63467407226562,239.61878967285156,245.06466674804688,234.17291259765625,238.25732421875,2377870
2021-09-23,225.72044372558594,235.5343780517578,239.61878967285156,232.81143188476562,239.61878967285156,552197
2021-09-24,224.41571044921875,234.17291259765625,238.25732421875,234.17291259765625,235.5343780517578,530015
2021-09-27,224.41571044921875,234.17291259765625,235.5343780517578,232.81143188476562,234.17291259765625,506951
2021-09-28,221.80621337890625,231.44996643066406,235.5343780517578,231.44996643066406,234.17291259765625,942216
2021-09-29,228.32992553710938,238.25732421875,242.34173583984375,231.44996643066406,231.44996643066406,1355887
2021-09-30,236.15838623046875,246.4261474609375,247.78761291503906,238.25732421875,238.25732421875,2510521
2021-10-01,233.54888916015625,243.7032012939453,250.5105438232422,242.34173583984375,247.78761291503906,1011700
2021-10-04,234.8536376953125,245.06466674804688,245.06466674804688,240.98025512695312,243.7032012939453,1120553
2021-10-05,233.54888916015625,243.7032012939453,246.4261474609375,239.61878967285156,246.4261474609375,544558
2021-10-06,230.9394073486328,240.98025512695312,245.06466674804688,239.61878967285156,243.7032012939453,570265
2021-10-07,230.9394073486328,240.98025512695312,242.34173583984375,239.61878967285156,242.34173583984375,540738
2021-10-08,233.54888916015625,243.7032012939453,258.67938232421875,242.34173583984375,242.34173583984375,1637641
2021-10-11,233.54888916015625,243.7032012939453,246.4261474609375,240.98025512695312,246.4261474609375,465379
2021-10-12,236.15838623046875,246.4261474609375,246.4261474609375,243.7032012939453,243.7032012939453,818673
2021-10-13,236.15838623046875,246.4261474609375,249.14907836914062,246.4261474609375,247.78761291503906,925323
2021-10-14,237.46311950683594,247.78761291503906,249.14907836914062,240.98025512695312,246.4261474609375,757122
2021-10-15,236.15838623046875,246.4261474609375,247.78761291503906,245.06466674804688,246.4261474609375,200959
2021-10-18,237.46311950683594,247.78761291503906,251.8720245361328,246.4261474609375,246.4261474609375,769756
2021-10-19,236.15838623046875,246.4261474609375,249.14907836914062,243.7032012939453,247.78761291503906,1458423
2021-10-21,241.37734985351562,251.8720245361328,254.59495544433594,247.78761291503906,247.78761291503906,1675394
2021-10-22,240.07260131835938,250.5105438232422,253.23348999023438,246.4261474609375,251.8720245361328,2727639
2021-10-25,240.07260131835938,250.5105438232422,253.23348999023438,247.78761291503906,249.14907836914062,767552
2021-10-26,238.7678680419922,249.14907836914062,253.23348999023438,247.78761291503906,253.23348999023438,334932
2021-10-27,238.7678680419922,249.14907836914062,253.23348999023438,246.4261474609375,249.14907836914062,2038972
2021-10-28,236.15838623046875,246.4261474609375,250.5105438232422,246.4261474609375,249.14907836914062,594945
2021-10-29,240.07260131835938,250.5105438232422,258.67938232421875,246.4261474609375,246.4261474609375,443931
2021-11-01,275.3006591796875,287.270263671875,299.52349853515625,258.67938232421875,265.4867248535156,10384067
2021-11-02,266.1674499511719,277.7399597167969,289.9931945800781,272.2940673828125,287.270263671875,6236051
2021-11-03,259.64373779296875,270.9326171875,279.1014404296875,264.125244140625,279.1014404296875,4551696
2021-11-04,266.1674499511719,277.7399597167969,285.9087829589844,269.5711364746094,272.2940673828125,9615486
2021-11-05,275.3006591796875,287.270263671875,294.0776062011719,279.1014404296875,279.1014404296875,7085427
2021-11-08,306.6144714355469,319.9455261230469,319.9455261230469,288.6317138671875,288.6317138671875,12943065
2021-11-09,339.2330322265625,353.9822998046875,371.00067138671875,321.3070068359375,322.6684875488281,15211054
2021-11-10,332.7093200683594,347.1749572753906,360.7896423339844,336.2831726074219,360.7896423339844,4591212
2021-11-11,326.18560791015625,340.3675842285156,350.57861328125,334.9217224121094,350.57861328125,2720441
2021-11-12,323.57611083984375,337.6446533203125,347.1749572753906,336.2831726074219,347.1749572753906,2364943
2021-11-15,318.3571472167969,332.1987609863281,343.7712707519531,332.1987609863281,343.7712707519531,2298397
2021-11-16,313.13818359375,326.7528991699219,336.2831726074219,311.7767028808594,332.1987609863281,3941620
2021-11-17,319.6618957519531,333.56024169921875,336.2831726074219,326.7528991699219,329.475830078125,1013463
2021-11-18,324.880859375,339.0061340332031,340.3675842285156,324.0299377441406,337.6446533203125,1674219
2021-11-19,335.9711608886719,350.57861328125,357.385986328125,339.0061340332031,339.0061340332031,8489204
2021-11-22,335.9711608886719,350.57861328125,364.1933288574219,340.3675842285156,350.57861328125,3090041
2021-11-23,345.7567443847656,360.7896423339844,364.1933288574219,350.57861328125,353.9822998046875,3128088
2021-11-24,381.6371765136719,398.2301025390625,398.2301025390625,357.385986328125,360.7896423339844,11659159
2021-11-25,384.8990173339844,401.6337585449219,405.0374450683594,374.40435791015625,398.2301025390625,5888192
2021-11-26,375.1134338378906,391.4227294921875,408.44110107421875,381.2117004394531,408.44110107421875,5272094
2021-11-29,378.37530517578125,394.826416015625,394.826416015625,367.5970153808594,388.0190734863281,2385068
2021-11-30,420.7794189453125,439.0741882324219,456.09259033203125,398.2301025390625,398.2301025390625,12222373
2021-12-01,410.9938659667969,428.8631591796875,445.8815612792969,418.6521301269531,445.8815612792969,2627159
2021-12-02,397.9464416503906,415.24847412109375,445.8815612792969,415.24847412109375,432.266845703125,2302804
2021-12-03,384.8990173339844,401.6337585449219,428.8631591796875,401.6337585449219,425.4595031738281,2376548
2021-12-06,424.0412902832031,442.4778747558594,445.8815612792969,388.0190734863281,405.0374450683594,6501059
2021-12-07,414.2557067871094,432.266845703125,449.28521728515625,415.24847412109375,449.28521728515625,3704818
2021-12-08,417.517578125,435.6705322265625,439.0741882324219,425.4595031738281,425.4595031738281,2139451
2021-12-09,420.7794189453125,439.0741882324219,439.0741882324219,428.8631591796875,435.6705322265625,1162125
2021-12-10,446.8742980957031,466.3036193847656,469.707275390625,439.0741882324219,439.0741882324219,5097430
2021-12-13,443.6124267578125,462.8999328613281,473.1109619140625,449.28521728515625,466.3036193847656,2201590
2021-12-14,437.0887145996094,456.09259033203125,473.1109619140625,449.28521728515625,462.8999328613281,1972720
2021-12-15,424.0412902832031,442.4778747558594,462.8999328613281,432.266845703125,456.09259033203125,3416012
2021-12-16,424.0412902832031,442.4778747558594,462.8999328613281,435.6705322265625,445.8815612792969,1803197
2021-12-17,479.4928283691406,500.3403625488281,500.3403625488281,442.4778747558594,445.8815612792969,11246223
2021-12-20,482.75469970703125,503.7440490722656,547.9918212890625,483.3219909667969,507.147705078125,12752242
2021-12-21,476.23095703125,496.9366760253906,510.5513916015625,486.7256774902344,503.7440490722656,2230235
2021-12-22,453.39801025390625,473.1109619140625,510.5513916015625,469.707275390625,496.9366760253906,6007181
2021-12-23,476.23095703125,496.9366760253906,503.7440490722656,469.707275390625,473.1109619140625,3418509
2021-12-24,466.4454345703125,486.7256774902344,510.5513916015625,476.5146484375,500.3403625488281,2975900
2021-12-27,479.4928283691406,500.3403625488281,524.1660766601562,486.7256774902344,486.7256774902344,5365228
2021-12-28,486.01654052734375,507.147705078125,513.955078125,496.9366760253906,500.3403625488281,2898043
2021-12-29,479.4928283691406,500.3403625488281,517.3587646484375,490.12933349609375,510.5513916015625,2035740
2021-12-30,456.65985107421875,476.5146484375,503.7440490722656,476.5146484375,500.3403625488281,2759663
2022-01-03,482.75469970703125,503.7440490722656,503.7440490722656,449.28521728515625,476.5146484375,5408711
2022-01-04,547.9918212890625,571.8175659179688,582.028564453125,503.7440490722656,510.5513916015625,21846086
2022-01-05,531.6825561523438,554.7991943359375,582.028564453125,544.588134765625,578.6249389648438,5829873
2022-01-06,521.89697265625,544.588134765625,558.202880859375,530.9734497070312,558.202880859375,3795602
2022-01-07,521.89697265625,544.588134765625,588.8359375,544.588134765625,544.588134765625,6395879
2022-01-10,525.1588134765625,547.9918212890625,558.202880859375,530.9734497070312,544.588134765625,3184938
2022-01-11,528.420654296875,551.3955078125,565.0101928710938,541.1845092773438,547.9918212890625,1763240
2022-01-12,544.72998046875,568.4138793945312,571.8175659179688,554.7991943359375,554.7991943359375,3880216
2022-01-13,534.9443969726562,558.202880859375,578.6249389648438,551.3955078125,568.4138793945312,2477468
2022-01-14,531.6825561523438,554.7991943359375,561.6065063476562,530.9734497070312,558.202880859375,2930067
2022-01-17,528.420654296875,551.3955078125,558.202880859375,544.588134765625,554.7991943359375,2182493
2022-01-18,521.89697265625,544.588134765625,558.202880859375,541.1845092773438,558.202880859375,2108015
2022-01-19,528.420654296875,551.3955078125,554.7991943359375,530.9734497070312,554.7991943359375,3567613
2022-01-20,518.6351318359375,541.1845092773438,554.7991943359375,534.3771362304688,551.3955078125,2114772
2022-01-21,525.1588134765625,547.9918212890625,551.3955078125,513.955078125,541.1845092773438,5360234
2022-01-24,518.6351318359375,541.1845092773438,554.7991943359375,530.9734497070312,551.3955078125,1852115
2022-01-25,482.75469970703125,503.7440490722656,541.1845092773438,503.7440490722656,537.7808227539062,5222735
2022-01-26,459.92169189453125,479.9183044433594,503.7440490722656,469.707275390625,503.7440490722656,4955965
2022-01-27,456.65985107421875,476.5146484375,500.3403625488281,476.5146484375,483.3219909667969,1745759
2022-01-28,472.9691467285156,493.53302001953125,507.147705078125,452.68890380859375,479.9183044433594,5531960
2022-01-31,482.75469970703125,503.7440490722656,513.955078125,493.53302001953125,493.53302001953125,2589700
2022-02-02,479.4928283691406,500.3403625488281,520.762451171875,496.9366760253906,503.7440490722656,1721814
2022-02-03,472.9691467285156,493.53302001953125,503.7440490722656,493.53302001953125,500.3403625488281,1093376
2022-02-04,469.707275390625,490.12933349609375,503.7440490722656,483.3219909667969,493.53302001953125,1187686
2022-02-07,476.23095703125,496.9366760253906,507.147705078125,483.3219909667969,490.12933349609375,1096314
2022-02-08,482.75469970703125,503.7440490722656,503.7440490722656,496.9366760253906,496.9366760253906,434824
2022-02-09,482.75469970703125,503.7440490722656,517.3587646484375,503.7440490722656,503.7440490722656,1132892
2022-02-10,482.75469970703125,503.7440490722656,510.5513916015625,500.3403625488281,503.7440490722656,1496323
2022-02-11,482.75469970703125,503.7440490722656,510.5513916015625,503.7440490722656,507.147705078125,721572
2022-02-14,463.1835632324219,483.3219909667969,510.5513916015625,479.9183044433594,503.7440490722656,3182000
2022-02-15,476.23095703125,496.9366760253906,496.9366760253906,476.5146484375,483.3219909667969,1273329
2022-02-16,515.373291015625,537.7808227539062,537.7808227539062,496.9366760253906,496.9366760253906,3898285
2022-02-17,502.3258056640625,524.1660766601562,544.588134765625,517.3587646484375,544.588134765625,1946571
2022-02-18,482.75469970703125,503.7440490722656,527.5697631835938,496.9366760253906,524.1660766601562,3774007
2022-02-21,489.2784118652344,510.5513916015625,524.1660766601562,493.53302001953125,503.7440490722656,1699486
2022-02-22,486.01654052734375,507.147705078125,517.3587646484375,500.3403625488281,510.5513916015625,935606
2022-02-23,479.4928283691406,500.3403625488281,510.5513916015625,493.53302001953125,507.147705078125,1427280
2022-02-24,450.1361389160156,469.707275390625,510.5513916015625,466.3036193847656,510.5513916015625,6895779
2022-02-25,472.9691467285156,493.53302001953125,493.53302001953125,456.09259033203125,466.3036193847656,2714858
2022-03-01,469.707275390625,490.12933349609375,513.955078125,486.7256774902344,493.53302001953125,1158012
2022-03-02,466.4454345703125,486.7256774902344,493.53302001953125,476.5146484375,486.7256774902344,1385707
2022-03-04,466.4454345703125,486.7256774902344,493.53302001953125,479.9183044433594,486.7256774902344,1845504
2022-03-07,495.8021240234375,517.3587646484375,520.762451171875,483.3219909667969,486.7256774902344,3756233
2022-03-08,486.01654052734375,507.147705078125,527.5697631835938,483.3219909667969,517.3587646484375,1714469
2022-03-09,479.4928283691406,500.3403625488281,507.147705078125,493.53302001953125,507.147705078125,1459010
2022-03-10,482.75469970703125,503.7440490722656,513.955078125,493.53302001953125,500.3403625488281,1417585
2022-03-11,469.707275390625,490.12933349609375,510.5513916015625,490.12933349609375,503.7440490722656,634020
2022-03-14,466.4454345703125,486.7256774902344,496.9366760253906,486.7256774902344,490.12933349609375,339926
2022-03-15,466.4454345703125,486.7256774902344,496.9366760253906,479.9183044433594,486.7256774902344,486532
2022-03-16,469.707275390625,490.12933349609375,493.53302001953125,479.9183044433594,486.7256774902344,606109
2022-03-17,463.1835632324219,483.3219909667969,490.12933349609375,479.9183044433594,490.12933349609375,225344
2022-03-18,456.65985107421875,476.5146484375,490.12933349609375,469.707275390625,483.3219909667969,1996224
2022-03-21,443.6124267578125,462.8999328613281,479.9183044433594,459.4962463378906,476.5146484375,2440890
2022-03-22,453.39801025390625,473.1109619140625,476.5146484375,456.09259033203125,456.09259033203125,1955973
2022-03-23,521.89697265625,544.588134765625,558.202880859375,469.707275390625,473.1109619140625,9130275
2022-03-24,525.1588134765625,547.9918212890625,558.202880859375,510.5513916015625,541.1845092773438,4124658
2022-03-25,534.9443969726562,558.202880859375,565.0101928710938,541.1845092773438,551.3955078125,2497446
2022-03-28,512.1113891601562,534.3771362304688,602.4506225585938,520.762451171875,571.8175659179688,17581726
2022-03-29,502.3258056640625,524.1660766601562,544.588134765625,517.3587646484375,541.1845092773438,3865526
2022-03-30,479.4928283691406,500.3403625488281,527.5697631835938,500.3403625488281,524.1660766601562,5088175
2022-03-31,479.4928283691406,500.3403625488281,513.955078125,490.12933349609375,500.3403625488281,3636803
2022-04-01,469.707275390625,490.12933349609375,510.5513916015625,483.3219909667969,507.147705078125,3727293
2022-04-04,463.1835632324219,483.3219909667969,490.12933349609375,479.9183044433594,490.12933349609375,2388300
2022-04-05,476.23095703125,496.9366760253906,500.3403625488281,479.9183044433594,483.3219909667969,2727345
2022-04-06,450.1361389160156,469.707275390625,507.147705078125,469.707275390625,500.3403625488281,8972358
2022-04-07,456.65985107421875,476.5146484375,479.9183044433594,466.3036193847656,469.707275390625,1406714
2022-04-08,453.39801025390625,473.1109619140625,483.3219909667969,466.3036193847656,476.5146484375,4396276
2022-04-11,433.82684326171875,452.68890380859375,473.1109619140625,452.68890380859375,473.1109619140625,7355283
2022-04-12,453.39801025390625,473.1109619140625,473.1109619140625,422.0558166503906,456.09259033203125,10498061
2022-04-13,446.8742980957031,466.3036193847656,476.5146484375,445.8815612792969,476.5146484375,3256479
2022-04-14,443.6124267578125,462.8999328613281,473.1109619140625,459.4962463378906,466.3036193847656,520466
2022-04-18,443.6124267578125,462.8999328613281,483.3219909667969,459.4962463378906,462.8999328613281,1784394
2022-04-19,427.30316162109375,445.8815612792969,462.8999328613281,442.4778747558594,462.8999328613281,3026727
2022-04-20,410.9938659667969,428.8631591796875,445.8815612792969,425.4595031738281,445.8815612792969,5889367
2022-04-21,401.2082824707031,418.6521301269531,432.266845703125,401.6337585449219,432.266845703125,8194963
2022-04-22,394.6845703125,411.84478759765625,418.6521301269531,401.6337585449219,418.6521301269531,2601158
2022-04-25,410.9938659667969,428.8631591796875,473.1109619140625,401.6337585449219,411.84478759765625,8976618
2022-04-26,440.3505554199219,459.4962463378906,469.707275390625,428.8631591796875,439.0741882324219,5222441
2022-04-27,420.7794189453125,439.0741882324219,473.1109619140625,435.6705322265625,462.8999328613281,4530396
2022-04-28,433.82684326171875,452.68890380859375,459.4962463378906,439.0741882324219,439.0741882324219,2124761
2022-05-09,427.30316162109375,445.8815612792969,476.5146484375,442.4778747558594,462.8999328613281,4213532
2022-05-10,410.9938659667969,428.8631591796875,449.28521728515625,418.6521301269531,449.28521728515625,2993822
2022-05-11,414.2557067871094,432.266845703125,445.8815612792969,422.0558166503906,428.8631591796875,1628386
2022-05-12,388.160888671875,405.0374450683594,435.6705322265625,405.0374450683594,432.266845703125,6374431
2022-05-13,394.6845703125,411.84478759765625,411.84478759765625,398.2301025390625,405.0374450683594,2468654
2022-05-17,433.82684326171875,452.68890380859375,456.09259033203125,411.84478759765625,415.24847412109375,4204865
2022-05-18,420.7794189453125,439.0741882324219,462.8999328613281,432.266845703125,452.68890380859375,3115308
2022-05-19,417.517578125,435.6705322265625,445.8815612792969,428.8631591796875,439.0741882324219,1671722
2022-05-20,420.7794189453125,439.0741882324219,449.28521728515625,435.6705322265625,435.6705322265625,2100963
2022-05-23,424.0412902832031,442.4778747558594,449.28521728515625,435.6705322265625,442.4778747558594,1038876
2022-05-24,456.65985107421875,476.5146484375,483.3219909667969,439.0741882324219,442.4778747558594,6150703
2022-05-25,459.92169189453125,479.9183044433594,496.9366760253906,469.707275390625,483.3219909667969,3737576
2022-05-27,472.9691467285156,493.53302001953125,496.9366760253906,479.9183044433594,479.9183044433594,2513018
2022-05-30,492.540283203125,513.955078125,524.1660766601562,493.53302001953125,493.53302001953125,5603794
2022-05-31,479.4928283691406,500.3403625488281,524.1660766601562,496.9366760253906,517.3587646484375,2640233
2022-06-02,472.9691467285156,493.53302001953125,517.3587646484375,486.7256774902344,500.3403625488281,2655952
2022-06-03,486.01654052734375,507.147705078125,510.5513916015625,486.7256774902344,500.3403625488281,2361858
2022-06-06,482.75469970703125,503.7440490722656,520.762451171875,500.3403625488281,507.147705078125,2021050
2022-06-07,476.23095703125,496.9366760253906,517.3587646484375,486.7256774902344,500.3403625488281,5425163
2022-06-08,463.1835632324219,483.3219909667969,510.5513916015625,469.707275390625,496.9366760253906,3575546
2022-06-09,450.1361389160156,469.707275390625,490.12933349609375,469.707275390625,490.12933349609375,4253195
2022-06-10,469.707275390625,490.12933349609375,496.9366760253906,462.8999328613281,469.707275390625,3184204
2022-06-13,446.8742980957031,466.3036193847656,493.53302001953125,456.09259033203125,493.53302001953125,5167354
2022-06-14,456.65985107421875,476.5146484375,479.9183044433594,456.09259033203125,469.707275390625,1866952
2022-06-15,464.4230651855469,484.6153869628906,530.7692260742188,484.6153869628906,503.8461608886719,3196700
2022-06-16,475.4807434082031,496.1538391113281,503.8461608886719,480.76922607421875,484.6153869628906,1749930
2022-06-17,460.7371520996094,480.76922607421875,496.1538391113281,480.76922607421875,496.1538391113281,1820260
2022-06-20,468.1089782714844,488.4615478515625,496.1538391113281,480.76922607421875,484.6153869628906,374530
2022-06-21,482.8525695800781,503.8461608886719,503.8461608886719,488.4615478515625,488.4615478515625,806520
2022-06-22,486.5384521484375,507.69232177734375,511.5384521484375,500.0,503.8461608886719,1121250
2022-06-23,471.79486083984375,492.30767822265625,507.69232177734375,484.6153869628906,507.69232177734375,1843790
2022-06-24,471.79486083984375,492.30767822265625,500.0,492.30767822265625,496.1538391113281,718250
2022-06-27,471.79486083984375,492.30767822265625,500.0,484.6153869628906,500.0,924170
2022-06-28,471.79486083984375,492.30767822265625,500.0,488.4615478515625,492.30767822265625,572260
2022-06-29,464.4230651855469,484.6153869628906,492.30767822265625,484.6153869628906,492.30767822265625,218010
2022-06-30,449.6794738769531,469.23077392578125,492.30767822265625,457.69232177734375,484.6153869628906,1540760
2022-07-01,442.30767822265625,461.5384521484375,469.23077392578125,457.69232177734375,469.23077392578125,859300
2022-07-04,442.30767822265625,461.5384521484375,469.23077392578125,453.8461608886719,465.3846130371094,1857180
2022-07-05,460.7371520996094,480.76922607421875,480.76922607421875,461.5384521484375,461.5384521484375,496080
2022-07-06,449.6794738769531,469.23077392578125,480.76922607421875,465.3846130371094,476.9230651855469,522600
2022-07-07,457.05126953125,476.9230651855469,488.4615478515625,465.3846130371094,469.23077392578125,419510
2022-07-08,457.05126953125,476.9230651855469,480.76922607421875,461.5384521484375,461.5384521484375,614120
2022-07-11,449.6794738769531,469.23077392578125,480.76922607421875,465.3846130371094,473.0769348144531,660140
2022-07-12,449.6794738769531,469.23077392578125,476.9230651855469,461.5384521484375,473.0769348144531,410280
2022-07-13,442.30767822265625,461.5384521484375,469.23077392578125,461.5384521484375,469.23077392578125,1093300
2022-07-14,445.99359130859375,465.3846130371094,465.3846130371094,457.69232177734375,461.5384521484375,727870
2022-07-15,442.30767822265625,461.5384521484375,476.9230651855469,457.69232177734375,469.23077392578125,861380
2022-07-18,442.30767822265625,461.5384521484375,473.0769348144531,461.5384521484375,465.3846130371094,333840
2022-07-19,445.99359130859375,465.3846130371094,473.0769348144531,461.5384521484375,461.5384521484375,327600
2022-07-20,457.05126953125,476.9230651855469,480.76922607421875,465.3846130371094,465.3846130371094,693810
2022-07-21,460.7371520996094,480.76922607421875,480.76922607421875,469.23077392578125,476.9230651855469,174330
2022-07-22,453.3653869628906,473.0769348144531,484.6153869628906,473.0769348144531,480.76922607421875,390000
2022-07-25,453.3653869628906,473.0769348144531,476.9230651855469,461.5384521484375,476.9230651855469,375570
2022-07-26,457.05126953125,476.9230651855469,480.76922607421875,465.3846130371094,473.0769348144531,870220
2022-07-27,453.3653869628906,473.0769348144531,480.76922607421875,465.3846130371094,476.9230651855469,786500
2022-07-28,464.4230651855469,484.6153869628906,488.4615478515625,473.0769348144531,473.0769348144531,1222000
2022-07-29,434.9358825683594,453.8461608886719,469.23077392578125,453.8461608886719,469.23077392578125,8527090
2022-08-01,405.44873046875,423.0769348144531,446.1538391113281,423.0769348144531,446.1538391113281,3304080
2022-08-02,405.44873046875,423.0769348144531,430.76922607421875,396.1538391113281,396.1538391113281,8283210
2022-08-03,416.50640869140625,434.6153869628906,438.4615478515625,423.0769348144531,426.9230651855469,1345760
2022-08-04,420.19232177734375,438.4615478515625,438.4615478515625,430.76922607421875,438.4615478515625,790790
2022-08-05,412.82049560546875,430.76922607421875,438.4615478515625,426.9230651855469,438.4615478515625,596570
2022-08-08,405.44873046875,423.0769348144531,434.6153869628906,419.23077392578125,434.6153869628906,1795690
2022-08-09,405.44873046875,423.0769348144531,438.4615478515625,415.3846130371094,423.0769348144531,1163630
2022-08-10,401.7628173828125,419.23077392578125,426.9230651855469,411.5384521484375,426.9230651855469,962780
2022-08-11,398.076904296875,415.3846130371094,423.0769348144531,403.8461608886719,419.23077392578125,1772290
2022-08-12,401.7628173828125,419.23077392578125,426.9230651855469,415.3846130371094,415.3846130371094,553020
2022-08-15,401.7628173828125,419.23077392578125,426.9230651855469,415.3846130371094,423.0769348144531,791700
2022-08-16,401.7628173828125,419.23077392578125,423.0769348144531,415.3846130371094,419.23077392578125,195130
2022-08-18,394.3910217285156,411.5384521484375,423.0769348144531,407.69232177734375,419.23077392578125,1228110
2022-08-19,394.3910217285156,411.5384521484375,419.23077392578125,411.5384521484375,411.5384521484375,368030
2022-08-22,387.01922607421875,403.8461608886719,415.3846130371094,403.8461608886719,411.5384521484375,967980
2022-08-23,387.01922607421875,403.8461608886719,411.5384521484375,400.0,403.8461608886719,584090
2022-08-24,390.70513916015625,407.69232177734375,411.5384521484375,403.8461608886719,403.8461608886719,589420
2022-08-25,390.70513916015625,407.69232177734375,411.5384521484375,400.0,411.5384521484375,713050
2022-08-26,390.70513916015625,407.69232177734375,411.5384521484375,403.8461608886719,407.69232177734375,532610
2022-08-29,387.01922607421875,403.8461608886719,411.5384521484375,400.0,407.69232177734375,628030
2022-08-30,390.70513916015625,407.69232177734375,407.69232177734375,400.0,403.8461608886719,476190
2022-08-31,383.33331298828125,400.0,407.69232177734375,396.1538391113281,407.69232177734375,751270
2022-09-01,375.9615173339844,392.30767822265625,403.8461608886719,388.4615478515625,403.8461608886719,2073630
2022-09-02,368.5897521972656,384.6153869628906,396.1538391113281,383.0769348144531,396.1538391113281,3161080
2022-09-05,353.8461608886719,369.23077392578125,384.6153869628906,358.4615478515625,384.6153869628906,7750730
2022-09-06,345.0,360.0,375.3846130371094,355.3846130371094,369.23077392578125,3398980
2022-09-07,337.628173828125,352.30767822265625,361.5384521484375,352.30767822265625,360.0,2979340
2022-09-08,352.3717956542969,367.69232177734375,372.30767822265625,352.30767822265625,352.30767822265625,3764020
2022-09-09,346.4743347167969,361.5384521484375,367.69232177734375,358.4615478515625,366.1538391113281,1979640
2022-09-12,358.26922607421875,373.8461608886719,384.6153869628906,363.0769348144531,363.0769348144531,2845570
2022-09-13,356.79486083984375,372.30767822265625,375.3846130371094,369.23077392578125,375.3846130371094,1088490
2022-09-14,353.8461608886719,369.23077392578125,372.30767822265625,369.23077392578125,372.30767822265625,787280
2022-09-15,355.32049560546875,370.76922607421875,378.4615478515625,369.23077392578125,372.30767822265625,1426880
2022-09-16,358.26922607421875,373.8461608886719,383.0769348144531,373.8461608886719,381.5384521484375,2285920
2022-09-19,350.8974304199219,366.1538391113281,376.9230651855469,363.0769348144531,375.3846130371094,1176110
2022-09-20,352.3717956542969,367.69232177734375,370.76922607421875,366.1538391113281,366.1538391113281,408850
2022-09-21,346.4743347167969,361.5384521484375,369.23077392578125,361.5384521484375,367.69232177734375,425490
2022-09-22,346.4743347167969,361.5384521484375,364.6153869628906,353.8461608886719,364.6153869628906,538330
2022-09-23,347.94873046875,363.0769348144531,363.0769348144531,360.0,363.0769348144531,256230
2022-09-26,345.0,360.0,363.0769348144531,356.9230651855469,363.0769348144531,545090
2022-09-27,342.05126953125,356.9230651855469,360.0,355.3846130371094,360.0,707590
2022-09-28,334.6794738769531,349.23077392578125,356.9230651855469,349.23077392578125,356.9230651855469,1293240
2022-09-29,331.7307434082031,346.1538391113281,360.0,346.1538391113281,349.23077392578125,974870
2022-09-30,328.78204345703125,343.0769348144531,356.9230651855469,338.4615478515625,347.69232177734375,1489670
2022-10-03,336.1538391113281,350.76922607421875,380.0,338.4615478515625,343.0769348144531,11261640
2022-10-04,342.05126953125,356.9230651855469,361.5384521484375,350.76922607421875,352.30767822265625,1313520
2022-10-05,349.4230651855469,364.6153869628906,366.1538391113281,358.4615478515625,358.4615478515625,919620
2022-10-06,343.525634765625,358.4615478515625,366.1538391113281,352.30767822265625,364.6153869628906,1466270
2022-10-07,342.05126953125,356.9230651855469,360.0,355.3846130371094,360.0,1163500
2022-10-10,337.628173828125,352.30767822265625,356.9230651855469,347.69232177734375,356.9230651855469,411710
2022-10-11,334.6794738769531,349.23077392578125,352.30767822265625,346.1538391113281,352.30767822265625,570310
2022-10-12,330.25640869140625,344.6153869628906,349.23077392578125,341.5384521484375,349.23077392578125,654940
2022-10-13,319.9358825683594,333.8461608886719,349.23077392578125,333.8461608886719,344.6153869628906,1518920
2022-10-14,311.0897521972656,324.6153869628906,338.4615478515625,310.76922607421875,333.8461608886719,2374450
2022-10-17,300.76922607421875,313.8461608886719,324.6153869628906,309.23077392578125,324.6153869628906,1982240
2022-10-18,302.24359130859375,315.3846130371094,318.4615478515625,310.76922607421875,313.8461608886719,330070
2022-10-19,305.19232177734375,318.4615478515625,320.0,312.30767822265625,315.3846130371094,169520
2022-10-20,314.0384826660156,327.69232177734375,332.30767822265625,318.4615478515625,318.4615478515625,722930
2022-10-21,316.9871826171875,330.76922607421875,335.3846130371094,329.23077392578125,329.23077392578125,488540
2022-10-24,322.88458251953125,336.9230651855469,340.0,333.8461608886719,333.8461608886719,555880
2022-10-25,322.88458251953125,336.9230651855469,341.5384521484375,333.8461608886719,340.0,340080
2022-10-26,321.4102478027344,335.3846130371094,343.0769348144531,329.23077392578125,336.9230651855469,540410
2022-10-27,328.78204345703125,343.0769348144531,346.1538391113281,335.3846130371094,338.4615478515625,320060
2022-10-28,324.3589782714844,338.4615478515625,347.69232177734375,338.4615478515625,343.0769348144531,207350
2022-10-31,327.30767822265625,341.5384521484375,344.6153869628906,336.9230651855469,340.0,644670
2022-11-01,409.13458251953125,426.9230651855469,426.9230651855469,369.23077392578125,369.23077392578125,24453390
2022-11-02,412.82049560546875,430.76922607421875,469.23077392578125,403.8461608886719,461.5384521484375,15103660
2022-11-03,398.076904296875,415.3846130371094,430.76922607421875,403.8461608886719,430.76922607421875,2768480
2022-11-04,420.19232177734375,438.4615478515625,442.30767822265625,415.3846130371094,419.23077392578125,5355480
2022-11-07,409.13458251953125,426.9230651855469,450.0,423.0769348144531,438.4615478515625,1852110
2022-11-08,401.7628173828125,419.23077392578125,430.76922607421875,415.3846130371094,426.9230651855469,1389310
2022-11-09,405.44873046875,423.0769348144531,426.9230651855469,411.5384521484375,419.23077392578125,1537640
2022-11-10,398.076904296875,415.3846130371094,430.76922607421875,415.3846130371094,423.0769348144531,827320
2022-11-11,416.50640869140625,434.6153869628906,450.0,415.3846130371094,415.3846130371094,2570100
2022-11-14,405.44873046875,423.0769348144531,442.30767822265625,415.3846130371094,430.76922607421875,2503410
2022-11-15,401.7628173828125,419.23077392578125,430.76922607421875,419.23077392578125,423.0769348144531,1681030
2022-11-16,394.3910217285156,411.5384521484375,423.0769348144531,396.1538391113281,415.3846130371094,1548300
2022-11-17,394.3910217285156,411.5384521484375,419.23077392578125,403.8461608886719,411.5384521484375,1415830
2022-11-18,412.82049560546875,430.76922607421875,450.0,411.5384521484375,411.5384521484375,3516240
2022-11-21,412.82049560546875,430.76922607421875,469.23077392578125,415.3846130371094,430.76922607421875,4590560
2022-11-22,416.50640869140625,434.6153869628906,446.1538391113281,426.9230651855469,442.30767822265625,1086800
2022-11-23,423.878173828125,442.30767822265625,442.30767822265625,430.76922607421875,434.6153869628906,1043120
2022-11-24,423.878173828125,442.30767822265625,446.1538391113281,434.6153869628906,438.4615478515625,1619410
2022-11-25,423.878173828125,442.30767822265625,453.8461608886719,434.6153869628906,446.1538391113281,964990
2022-11-28,431.25,450.0,453.8461608886719,434.6153869628906,446.1538391113281,1055990
2022-11-29,416.50640869140625,434.6153869628906,453.8461608886719,434.6153869628906,450.0,657150
2022-11-30,423.878173828125,442.30767822265625,450.0,434.6153869628906,434.6153869628906,1270880
2022-12-01,420.19232177734375,438.4615478515625,457.69232177734375,434.6153869628906,442.30767822265625,788060
2022-12-02,405.44873046875,423.0769348144531,442.30767822265625,419.23077392578125,438.4615478515625,982150
2022-12-05,401.7628173828125,419.23077392578125,438.4615478515625,419.23077392578125,423.0769348144531,369590
2022-12-06,401.7628173828125,419.23077392578125,423.0769348144531,400.0,415.3846130371094,626080
2022-12-07,401.7628173828125,419.23077392578125,419.23077392578125,407.69232177734375,419.23077392578125,287950
2022-12-08,394.3910217285156,411.5384521484375,419.23077392578125,392.30767822265625,419.23077392578125,3208270
2022-12-09,379.6474304199219,396.1538391113281,411.5384521484375,396.1538391113281,411.5384521484375,674570
2022-12-12,398.076904296875,415.3846130371094,415.3846130371094,388.4615478515625,396.1538391113281,470860
2022-12-13,390.70513916015625,407.69232177734375,419.23077392578125,407.69232177734375,415.3846130371094,282100
2022-12-14,383.33331298828125,400.0,411.5384521484375,400.0,411.5384521484375,279760
2022-12-15,394.3910217285156,411.5384521484375,411.5384521484375,392.30767822265625,400.0,762840
2022-12-16,383.33331298828125,400.0,419.23077392578125,396.1538391113281,419.23077392578125,165620
2022-12-19,383.33331298828125,400.0,403.8461608886719,396.1538391113281,400.0,164970
2022-12-20,387.01922607421875,403.8461608886719,403.8461608886719,396.1538391113281,396.1538391113281,176800
2022-12-21,379.6474304199219,396.1538391113281,403.8461608886719,388.4615478515625,403.8461608886719,452010
2022-12-22,379.6474304199219,396.1538391113281,400.0,381.5384521484375,396.1538391113281,1656070
2022-12-23,372.275634765625,388.4615478515625,396.1538391113281,383.0769348144531,396.1538391113281,1021410
2022-12-26,372.275634765625,388.4615478515625,392.30767822265625,384.6153869628906,388.4615478515625,222820
2022-12-27,368.5897521972656,384.6153869628906,400.0,384.6153869628906,388.4615478515625,357890
2022-12-28,364.1666564941406,380.0,388.4615478515625,380.0,384.6153869628906,356070
2022-12-29,362.69232177734375,378.4615478515625,380.0,372.30767822265625,380.0,740090
2022-12-30,365.6410217285156,381.5384521484375,383.0769348144531,378.4615478515625,378.4615478515625,178750
2023-01-02,365.6410217285156,381.5384521484375,383.0769348144531,376.9230651855469,383.0769348144531,184990
2023-01-03,368.5897521972656,384.6153869628906,392.30767822265625,381.5384521484375,381.5384521484375,243620
2023-01-04,364.1666564941406,380.0,388.4615478515625,373.8461608886719,384.6153869628906,295880
2023-01-05,353.8461608886719,369.23077392578125,381.5384521484375,367.69232177734375,381.5384521484375,1660490
2023-01-06,355.32049560546875,370.76922607421875,396.1538391113281,366.1538391113281,369.23077392578125,571480
2023-01-09,349.4230651855469,364.6153869628906,384.6153869628906,364.6153869628906,372.30767822265625,579930
2023-01-10,353.8461608886719,369.23077392578125,381.5384521484375,366.1538391113281,366.1538391113281,171470
2023-01-11,356.79486083984375,372.30767822265625,381.5384521484375,370.76922607421875,381.5384521484375,203450
2023-01-12,356.79486083984375,372.30767822265625,380.0,369.23077392578125,380.0,184860
2023-01-13,359.74359130859375,375.3846130371094,376.9230651855469,370.76922607421875,376.9230651855469,118690
2023-01-16,359.74359130859375,375.3846130371094,384.6153869628906,375.3846130371094,384.6153869628906,253630
2023-01-17,364.1666564941406,380.0,380.0,375.3846130371094,375.3846130371094,204750
2023-01-18,368.5897521972656,384.6153869628906,388.4615478515625,380.0,380.0,284960
2023-01-19,372.275634765625,388.4615478515625,388.4615478515625,378.4615478515625,384.6153869628906,639730
2023-01-20,379.6474304199219,396.1538391113281,396.1538391113281,384.6153869628906,388.4615478515625,304720
2023-01-24,383.33331298828125,400.0,403.8461608886719,392.30767822265625,392.30767822265625,343720
2023-01-25,383.33331298828125,400.0,403.8461608886719,392.30767822265625,403.8461608886719,232700
2023-01-26,372.275634765625,388.4615478515625,400.0,384.6153869628906,392.30767822265625,677690
2023-01-27,375.9615173339844,392.30767822265625,396.1538391113281,388.4615478515625,388.4615478515625,119600
2023-01-30,379.6474304199219,396.1538391113281,396.1538391113281,388.4615478515625,392.30767822265625,73190
2023-01-31,372.275634765625,388.4615478515625,396.1538391113281,388.4615478515625,392.30767822265625,109070
2023-02-01,375.9615173339844,392.30767822265625,396.1538391113281,392.30767822265625,392.30767822265625,600600
2023-02-02,379.6474304199219,396.1538391113281,396.1538391113281,388.4615478515625,392.30767822265625,107510
2023-02-03,379.6474304199219,396.1538391113281,396.1538391113281,388.4615478515625,396.1538391113281,101790
2023-02-06,387.01922607421875,403.8461608886719,407.69232177734375,396.1538391113281,396.1538391113281,514280
2023-02-07,383.33331298828125,400.0,411.5384521484375,392.30767822265625,407.69232177734375,273910
2023-02-08,383.33331298828125,400.0,407.69232177734375,392.30767822265625,400.0,100230
2023-02-09,383.33331298828125,400.0,407.69232177734375,392.30767822265625,396.1538391113281,421200
2023-02-10,372.275634765625,388.4615478515625,400.0,388.4615478515625,400.0,292760
2023-02-13,372.275634765625,388.4615478515625,419.23077392578125,388.4615478515625,396.1538391113281,1608620
2023-02-14,375.9615173339844,392.30767822265625,400.0,384.6153869628906,388.4615478515625,1112280
2023-02-15,372.275634765625,388.4615478515625,392.30767822265625,388.4615478515625,392.30767822265625,90350
2023-02-16,375.9615173339844,392.30767822265625,392.30767822265625,388.4615478515625,392.30767822265625,252460
2023-02-17,379.6474304199219,396.1538391113281,396.1538391113281,384.6153869628906,392.30767822265625,348530
2023-02-20,372.275634765625,388.4615478515625,396.1538391113281,388.4615478515625,396.1538391113281,247130
2023-02-21,379.6474304199219,396.1538391113281,400.0,392.30767822265625,392.30767822265625,146510
2023-02-22,383.33331298828125,400.0,400.0,392.30767822265625,392.30767822265625,269490
2023-02-23,375.9615173339844,392.30767822265625,400.0,392.30767822265625,400.0,189410
2023-02-24,379.6474304199219,396.1538391113281,403.8461608886719,392.30767822265625,392.30767822265625,220480
2023-02-27,375.9615173339844,392.30767822265625,407.69232177734375,392.30767822265625,396.1538391113281,282490
2023-02-28,379.6474304199219,396.1538391113281,400.0,392.30767822265625,392.30767822265625,138840
2023-03-01,379.6474304199219,396.1538391113281,400.0,388.4615478515625,392.30767822265625,154830
2023-03-02,383.33331298828125,400.0,400.0,392.30767822265625,396.1538391113281,135720
2023-03-03,379.6474304199219,396.1538391113281,400.0,388.4615478515625,400.0,810550
2023-03-06,383.33331298828125,400.0,400.0,388.4615478515625,396.1538391113281,479960
2023-03-07,375.9615173339844,392.30767822265625,400.0,392.30767822265625,400.0,249080
2023-03-08,379.6474304199219,396.1538391113281,396.1538391113281,388.4615478515625,392.30767822265625,213720
2023-03-09,379.6474304199219,396.1538391113281,396.1538391113281,388.4615478515625,392.30767822265625,67990
2023-03-10,372.275634765625,388.4615478515625,396.1538391113281,388.4615478515625,396.1538391113281,210210
2023-03-13,368.5897521972656,384.6153869628906,392.30767822265625,381.5384521484375,388.4615478515625,594360
2023-03-14,364.1666564941406,380.0,388.4615478515625,378.4615478515625,383.0769348144531,160810
2023-03-15,368.5897521972656,384.6153869628906,388.4615478515625,378.4615478515625,380.0,290420
2023-03-16,362.69232177734375,378.4615478515625,384.6153869628906,376.9230651855469,384.6153869628906,343070
2023-03-17,368.5897521972656,384.6153869628906,384.6153869628906,372.30767822265625,378.4615478515625,150410
2023-03-20,368.5897521972656,384.6153869628906,384.6153869628906,380.0,384.6153869628906,118300
2023-03-21,368.5897521972656,384.6153869628906,384.6153869628906,381.5384521484375,384.6153869628906,53820
2023-03-24,367.1153869628906,383.0769348144531,388.4615478515625,383.0769348144531,384.6153869628906,67210
2023-03-27,365.6410217285156,381.5384521484375,383.0769348144531,380.0,383.0769348144531,139880
2023-03-28,365.6410217285156,381.5384521484375,383.0769348144531,380.0,381.5384521484375,49010
2023-03-29,364.1666564941406,380.0,384.6153869628906,380.0,384.6153869628906,301210
2023-03-30,365.6410217285156,381.5384521484375,384.6153869628906,380.0,381.5384521484375,670930
2023-03-31,365.6410217285156,381.5384521484375,392.30767822265625,380.0,384.6153869628906,326950
2023-04-03,346.4743347167969,361.5384521484375,384.6153869628906,355.3846130371094,384.6153869628906,6082050
2023-04-04,346.4743347167969,361.5384521484375,364.6153869628906,358.4615478515625,361.5384521484375,684320
2023-04-05,349.4230651855469,364.6153869628906,380.0,358.4615478515625,364.6153869628906,643760
2023-04-06,340.576904296875,355.3846130371094,366.1538391113281,353.8461608886719,364.6153869628906,664430
2023-04-10,339.1025695800781,353.8461608886719,360.0,353.8461608886719,355.3846130371094,392210
2023-04-11,340.576904296875,355.3846130371094,360.0,352.30767822265625,360.0,469690
2023-04-12,339.1025695800781,353.8461608886719,361.5384521484375,352.30767822265625,355.3846130371094,1115660
2023-04-13,340.576904296875,355.3846130371094,358.4615478515625,352.30767822265625,353.8461608886719,308360
2023-04-14,340.576904296875,355.3846130371094,356.9230651855469,349.23077392578125,355.3846130371094,701870
2023-04-17,339.1025695800781,353.8461608886719,356.9230651855469,350.76922607421875,353.8461608886719,148200
2023-04-18,339.1025695800781,353.8461608886719,356.9230651855469,347.69232177734375,353.8461608886719,480090
2023-04-26,347.94873046875,363.0769348144531,363.0769348144531,352.30767822265625,353.8461608886719,453050
2023-04-27,350.8974304199219,366.1538391113281,372.30767822265625,361.5384521484375,363.0769348144531,470210
2023-04-28,346.4743347167969,361.5384521484375,367.69232177734375,353.8461608886719,366.1538391113281,917280
2023-05-02,325.83331298828125,340.0,360.0,338.4615478515625,360.0,3670810
2023-05-03,324.3589782714844,338.4615478515625,352.30767822265625,338.4615478515625,340.0,1190150
2023-05-04,328.78204345703125,343.0769348144531,347.69232177734375,338.4615478515625,338.4615478515625,269490
2023-05-05,330.25640869140625,344.6153869628906,349.23077392578125,343.0769348144531,343.0769348144531,353470
2023-05-08,333.20513916015625,347.69232177734375,358.4615478515625,343.0769348144531,344.6153869628906,508560
2023-05-09,331.7307434082031,346.1538391113281,349.23077392578125,343.0769348144531,347.69232177734375,487890
2023-05-10,330.25640869140625,344.6153869628906,349.23077392578125,343.0769348144531,346.1538391113281,440830
2023-05-11,331.7307434082031,346.1538391113281,347.69232177734375,341.5384521484375,344.6153869628906,519870
2023-05-12,331.7307434082031,346.1538391113281,347.69232177734375,341.5384521484375,343.0769348144531,269880
2023-05-15,330.25640869140625,344.6153869628906,346.1538391113281,340.0,346.1538391113281,825110
2023-05-16,328.78204345703125,343.0769348144531,344.6153869628906,341.5384521484375,344.6153869628906,226070
2023-05-17,328.78204345703125,343.0769348144531,346.1538391113281,340.0,343.0769348144531,541060
2023-05-19,330.25640869140625,344.6153869628906,346.1538391113281,343.0769348144531,343.0769348144531,308620
2023-05-22,328.78204345703125,343.0769348144531,344.6153869628906,341.5384521484375,344.6153869628906,273520
2023-05-23,327.30767822265625,341.5384521484375,346.1538391113281,341.5384521484375,343.0769348144531,1463280
2023-05-24,327.30767822265625,341.5384521484375,346.1538391113281,340.0,341.5384521484375,341250
2023-05-25,331.7307434082031,346.1538391113281,346.1538391113281,341.5384521484375,341.5384521484375,180960
2023-05-26,327.30767822265625,341.5384521484375,346.1538391113281,341.5384521484375,346.1538391113281,104520
2023-05-29,330.25640869140625,344.6153869628906,344.6153869628906,341.5384521484375,341.5384521484375,108940
2023-05-30,346.4743347167969,361.5384521484375,361.5384521484375,343.0769348144531,344.6153869628906,756990
2023-05-31,339.1025695800781,353.8461608886719,363.0769348144531,349.23077392578125,361.5384521484375,372320
2023-06-05,343.525634765625,358.4615478515625,360.0,350.76922607421875,353.8461608886719,516490
2023-06-06,342.05126953125,356.9230651855469,358.4615478515625,353.8461608886719,358.4615478515625,106340
2023-06-07,342.05126953125,356.9230651855469,358.4615478515625,353.8461608886719,356.9230651855469,220610
2023-06-08,347.94873046875,363.0769348144531,366.1538391113281,356.9230651855469,358.4615478515625,607750
2023-06-09,334.6794738769531,349.23077392578125,364.6153869628906,346.1538391113281,364.6153869628906,1787630
2023-06-12,325.83331298828125,340.0,349.23077392578125,338.4615478515625,346.1538391113281,3312660
2023-06-13,324.3589782714844,338.4615478515625,343.0769348144531,333.8461608886719,340.0,1217710
2023-06-14,328.78204345703125,343.0769348144531,344.6153869628906,335.3846130371094,338.4615478515625,497250
2023-06-15,328.78204345703125,343.0769348144531,347.69232177734375,340.0,344.6153869628906,512460
2023-06-16,324.3589782714844,338.4615478515625,344.6153869628906,338.4615478515625,343.0769348144531,456430
2023-06-19,327.30767822265625,341.5384521484375,343.0769348144531,338.4615478515625,338.4615478515625,576420
2023-06-20,327.30767822265625,341.5384521484375,343.0769348144531,338.4615478515625,341.5384521484375,218270
2023-06-21,327.30767822265625,341.5384521484375,343.0769348144531,338.4615478515625,343.0769348144531,498550
2023-06-22,327.30767822265625,341.5384521484375,343.0769348144531,340.0,340.0,388700
2023-06-23,305.19232177734375,318.4615478515625,341.5384521484375,315.3846130371094,341.5384521484375,3764150
2023-06-26,314.0384826660156,327.69232177734375,335.3846130371094,323.0769348144531,323.0769348144531,1032980
2023-06-27,314.0384826660156,327.69232177734375,332.30767822265625,323.0769348144531,327.69232177734375,440830
2023-07-03,321.4102478027344,335.3846130371094,336.9230651855469,327.69232177734375,327.69232177734375,559130
2023-07-04,321.4102478027344,335.3846130371094,336.9230651855469,332.30767822265625,335.3846130371094,247910
2023-07-05,324.3589782714844,338.4615478515625,341.5384521484375,332.30767822265625,335.3846130371094,478920
2023-07-06,337.628173828125,352.30767822265625,353.8461608886719,338.4615478515625,338.4615478515625,1597050
2023-07-07,336.1538391113281,350.76922607421875,353.8461608886719,346.1538391113281,352.30767822265625,631150
2023-07-10,340.576904296875,355.3846130371094,361.5384521484375,350.76922607421875,350.76922607421875,1025310
2023-07-11,343.525634765625,358.4615478515625,364.6153869628906,355.3846130371094,358.4615478515625,655200
2023-07-12,336.1538391113281,350.76922607421875,363.0769348144531,349.23077392578125,358.4615478515625,821990
2023-07-13,337.628173828125,352.30767822265625,355.3846130371094,346.1538391113281,350.76922607421875,1148420
2023-07-14,340.576904296875,355.3846130371094,358.4615478515625,350.76922607421875,352.30767822265625,649090
2023-07-17,340.576904296875,355.3846130371094,360.0,352.30767822265625,360.0,353340
2023-07-18,337.628173828125,352.30767822265625,355.3846130371094,350.76922607421875,355.3846130371094,325520
2023-07-20,336.1538391113281,350.76922607421875,353.8461608886719,347.69232177734375,353.8461608886719,633490
2023-07-21,331.7307434082031,346.1538391113281,352.30767822265625,344.6153869628906,350.76922607421875,746590
2023-07-24,331.7307434082031,346.1538391113281,352.30767822265625,341.5384521484375,349.23077392578125,1279200
2023-07-25,333.20513916015625,347.69232177734375,349.23077392578125,344.6153869628906,347.69232177734375,620100
2023-07-26,331.7307434082031,346.1538391113281,349.23077392578125,344.6153869628906,349.23077392578125,805350
2023-07-27,334.6794738769531,349.23077392578125,349.23077392578125,344.6153869628906,346.1538391113281,472420
2023-07-28,330.25640869140625,344.6153869628906,350.76922607421875,338.4615478515625,349.23077392578125,1834560
2023-07-31,322.88458251953125,336.9230651855469,343.0769348144531,323.0769348144531,338.4615478515625,3463330
2023-08-01,312.5640869140625,326.1538391113281,336.9230651855469,318.4615478515625,336.9230651855469,3499080
2023-08-02,314.0384826660156,327.69232177734375,329.23077392578125,323.0769348144531,324.6153869628906,339820
2023-08-03,312.5640869140625,326.1538391113281,329.23077392578125,313.8461608886719,327.69232177734375,2491710
2023-08-04,315.5128173828125,329.23077392578125,330.76922607421875,326.1538391113281,326.1538391113281,408070
2023-08-07,314.0384826660156,327.69232177734375,329.23077392578125,324.6153869628906,329.23077392578125,857480
2023-08-08,319.9358825683594,333.8461608886719,335.3846130371094,324.6153869628906,327.69232177734375,1092650
2023-08-09,325.83331298828125,340.0,344.6153869628906,335.3846130371094,335.3846130371094,984360
2023-08-10,324.3589782714844,338.4615478515625,344.6153869628906,333.8461608886719,343.0769348144531,421070
2023-08-11,322.88458251953125,336.9230651855469,338.4615478515625,333.8461608886719,338.4615478515625,203060
2023-08-14,322.88458251953125,336.9230651855469,343.0769348144531,336.9230651855469,338.4615478515625,226460
2023-08-15,322.88458251953125,336.9230651855469,341.5384521484375,332.30767822265625,336.9230651855469,435240
2023-08-16,321.4102478027344,335.3846130371094,340.0,333.8461608886719,336.9230651855469,152750
2023-08-18,322.88458251953125,336.9230651855469,336.9230651855469,333.8461608886719,336.9230651855469,148200
2023-08-21,318.4615173339844,332.30767822265625,336.9230651855469,332.30767822265625,336.9230651855469,181740
2023-08-22,319.9358825683594,333.8461608886719,335.3846130371094,329.23077392578125,332.30767822265625,200980
2023-08-23,318.4615173339844,332.30767822265625,335.3846130371094,332.30767822265625,333.8461608886719,177580
2023-08-24,316.9871826171875,330.76922607421875,332.30767822265625,327.69232177734375,330.76922607421875,300430
2023-08-25,319.9358825683594,333.8461608886719,333.8461608886719,329.23077392578125,330.76922607421875,195650
2023-08-28,319.9358825683594,333.8461608886719,333.8461608886719,327.69232177734375,333.8461608886719,202280
2023-08-29,319.9358825683594,333.8461608886719,333.8461608886719,330.76922607421875,333.8461608886719,310700
2023-08-30,315.5128173828125,329.23077392578125,333.8461608886719,329.23077392578125,333.8461608886719,377130
2023-08-31,316.9871826171875,330.76922607421875,330.76922607421875,329.23077392578125,330.76922607421875,519220
2023-09-01,324.3589782714844,338.4615478515625,349.23077392578125,330.76922607421875,330.76922607421875,1999790
2023-09-04,327.30767822265625,341.5384521484375,346.1538391113281,338.4615478515625,341.5384521484375,649350
2023-09-05,322.88458251953125,336.9230651855469,341.5384521484375,336.9230651855469,341.5384521484375,351000
2023-09-06,322.88458251953125,336.9230651855469,341.5384521484375,333.8461608886719,336.9230651855469,331890
2023-09-07,322.88458251953125,336.9230651855469,340.0,335.3846130371094,336.9230651855469,81900
2023-09-08,324.3589782714844,338.4615478515625,340.0,336.9230651855469,338.4615478515625,84110
2023-09-11,321.4102478027344,335.3846130371094,340.0,335.3846130371094,338.4615478515625,158860
2023-09-12,325.83331298828125,340.0,340.0,330.76922607421875,338.4615478515625,979940
2023-09-13,325.83331298828125,340.0,346.1538391113281,336.9230651855469,340.0,1525550
2023-09-14,327.30767822265625,341.5384521484375,346.1538391113281,338.4615478515625,343.0769348144531,2058420
2023-09-15,328.78204345703125,343.0769348144531,343.0769348144531,336.9230651855469,341.5384521484375,486070
2023-09-18,333.20513916015625,347.69232177734375,347.69232177734375,338.4615478515625,341.5384521484375,1540370
2023-09-19,339.1025695800781,353.8461608886719,363.0769348144531,346.1538391113281,347.69232177734375,3973320
2023-09-20,336.1538391113281,350.76922607421875,361.5384521484375,349.23077392578125,355.3846130371094,1694160
2023-09-21,333.20513916015625,347.69232177734375,358.4615478515625,347.69232177734375,352.30767822265625,2195440
2023-09-22,331.7307434082031,346.1538391113281,352.30767822265625,346.1538391113281,349.23077392578125,1702740
2023-09-25,327.30767822265625,341.5384521484375,352.30767822265625,341.5384521484375,349.23077392578125,1946490
2023-09-26,325.83331298828125,340.0,344.6153869628906,338.4615478515625,341.5384521484375,703040
2023-09-27,327.30767822265625,341.5384521484375,343.0769348144531,338.4615478515625,340.0,211900
2023-09-29,325.83331298828125,340.0,346.1538391113281,338.4615478515625,343.0769348144531,894140
2023-10-02,325.83331298828125,340.0,344.6153869628906,336.9230651855469,340.0,1008670
2023-10-03,321.4102478027344,335.3846130371094,340.0,335.3846130371094,340.0,262080
2023-10-04,324.3589782714844,338.4615478515625,341.5384521484375,335.3846130371094,336.9230651855469,793390
2023-10-05,324.3589782714844,338.4615478515625,346.1538391113281,338.4615478515625,338.4615478515625,358800
2023-10-06,325.83331298828125,340.0,341.5384521484375,338.4615478515625,341.5384521484375,321750
2023-10-09,324.3589782714844,338.4615478515625,341.5384521484375,335.3846130371094,340.0,98410
2023-10-10,321.4102478027344,335.3846130371094,338.4615478515625,335.3846130371094,338.4615478515625,173160
2023-10-11,315.5128173828125,329.23077392578125,335.3846130371094,329.23077392578125,335.3846130371094,912080
2023-10-12,316.9871826171875,330.76922607421875,330.76922607421875,327.69232177734375,329.23077392578125,788840
2023-10-13,315.5128173828125,329.23077392578125,332.30767822265625,327.69232177734375,332.30767822265625,181350
2023-10-16,311.0897521972656,324.6153869628906,329.23077392578125,323.0769348144531,329.23077392578125,507130
2023-10-17,309.6153869628906,323.0769348144531,327.69232177734375,323.0769348144531,324.6153869628906,132860
2023-10-18,308.1410217285156,321.5384521484375,327.69232177734375,321.5384521484375,326.1538391113281,391040
2023-10-19,306.6666564941406,320.0,324.6153869628906,315.3846130371094,324.6153869628906,1332760
2023-10-20,299.29486083984375,312.30767822265625,320.0,307.69232177734375,320.0,3647800
2023-10-23,294.8717956542969,307.69232177734375,315.3846130371094,306.1538391113281,310.76922607421875,1669720
2023-10-24,293.3974304199219,306.1538391113281,307.69232177734375,300.0,307.69232177734375,575510
2023-10-25,293.3974304199219,306.1538391113281,312.30767822265625,300.0,309.23077392578125,1133730
2023-10-26,294.8717956542969,307.69232177734375,307.69232177734375,306.1538391113281,306.1538391113281,226200
2023-10-27,297.82049560546875,310.76922607421875,312.30767822265625,307.69232177734375,309.23077392578125,138190
2023-10-30,268.33331298828125,280.0,315.3846130371094,276.9230651855469,312.30767822265625,6145100
2023-10-31,249.16665649414062,260.0,281.5384521484375,252.3076934814453,280.0,5362890
2023-11-01,249.16665649414062,260.0,267.69232177734375,253.8461456298828,263.0769348144531,948350
2023-11-02,250.64100646972656,261.5384521484375,266.1538391113281,258.4615478515625,260.0,512720
2023-11-03,269.80767822265625,281.5384521484375,287.69232177734375,261.5384521484375,266.1538391113281,877110
2023-11-06,271.28204345703125,283.0769348144531,283.0769348144531,276.9230651855469,281.5384521484375,91390
2023-11-07,269.80767822265625,281.5384521484375,283.0769348144531,280.0,283.0769348144531,53690
2023-11-08,263.9102478027344,275.3846130371094,283.0769348144531,275.3846130371094,281.5384521484375,133380
2023-11-09,266.8589782714844,278.4615478515625,280.0,278.4615478515625,278.4615478515625,37180
2023-11-10,265.3846130371094,276.9230651855469,280.0,276.9230651855469,278.4615478515625,151450
2023-11-13,266.8589782714844,278.4615478515625,281.5384521484375,276.9230651855469,280.0,146770
2023-11-14,265.3846130371094,276.9230651855469,281.5384521484375,272.30767822265625,281.5384521484375,115310
2023-11-15,265.3846130371094,276.9230651855469,280.0,270.76922607421875,278.4615478515625,108290
2023-11-16,265.3846130371094,276.9230651855469,280.0,276.9230651855469,276.9230651855469,49660
2023-11-17,266.8589782714844,278.4615478515625,280.0,275.3846130371094,278.4615478515625,182650
2023-11-20,266.8589782714844,278.4615478515625,289.23077392578125,276.9230651855469,278.4615478515625,295490
2023-11-21,268.33331298828125,280.0,281.5384521484375,278.4615478515625,281.5384521484375,187330
2023-11-22,268.33331298828125,280.0,281.5384521484375,278.4615478515625,278.4615478515625,89310
2023-11-23,265.3846130371094,276.9230651855469,281.5384521484375,276.9230651855469,281.5384521484375,238680
2023-11-24,265.3846130371094,276.9230651855469,280.0,275.3846130371094,278.4615478515625,134420
2023-11-27,265.3846130371094,276.9230651855469,280.0,275.3846130371094,275.3846130371094,321360
2023-11-28,263.9102478027344,275.3846130371094,280.0,273.8461608886719,276.9230651855469,85540
2023-11-29,263.9102478027344,275.3846130371094,276.9230651855469,275.3846130371094,275.3846130371094,93210
2023-11-30,266.8589782714844,278.4615478515625,278.4615478515625,273.8461608886719,273.8461608886719,305240
2023-12-01,265.3846130371094,276.9230651855469,278.4615478515625,276.9230651855469,278.4615478515625,225550
2023-12-04,265.3846130371094,276.9230651855469,280.0,275.3846130371094,276.9230651855469,97500
2023-12-05,266.8589782714844,278.4615478515625,278.4615478515625,273.8461608886719,278.4615478515625,273520
2023-12-06,262.4359130859375,273.8461608886719,278.4615478515625,270.76922607421875,278.4615478515625,421460
2023-12-07,263.9102478027344,275.3846130371094,275.3846130371094,270.76922607421875,275.3846130371094,186290
2023-12-08,262.4359130859375,273.8461608886719,275.3846130371094,272.30767822265625,275.3846130371094,45760
2023-12-11,260.9615173339844,272.30767822265625,273.8461608886719,269.23077392578125,272.30767822265625,348010
2023-12-12,259.4871826171875,270.76922607421875,272.30767822265625,269.23077392578125,272.30767822265625,54730
2023-12-13,259.4871826171875,270.76922607421875,273.8461608886719,267.69232177734375,269.23077392578125,641810
2023-12-14,260.9615173339844,272.30767822265625,273.8461608886719,269.23077392578125,269.23077392578125,77220
2023-12-15,256.5384826660156,267.69232177734375,270.76922607421875,266.1538391113281,270.76922607421875,142740
2023-12-18,256.5384826660156,267.69232177734375,272.30767822265625,267.69232177734375,267.69232177734375,186290
2023-12-19,258.0128173828125,269.23077392578125,270.76922607421875,266.1538391113281,267.69232177734375,70460
2023-12-20,258.0128173828125,269.23077392578125,270.76922607421875,267.69232177734375,269.23077392578125,118560
2023-12-21,260.9615173339844,272.30767822265625,272.30767822265625,267.69232177734375,270.76922607421875,126230
2023-12-22,259.4871826171875,270.76922607421875,275.3846130371094,269.23077392578125,272.30767822265625,520650
2023-12-27,255.0640869140625,266.1538391113281,272.30767822265625,266.1538391113281,270.76922607421875,718770
2023-12-28,256.5384826660156,267.69232177734375,269.23077392578125,266.1538391113281,267.69232177734375,173940
2023-12-29,256.5384826660156,267.69232177734375,270.76922607421875,266.1538391113281,269.23077392578125,147680
2024-01-02,260.9615173339844,272.30767822265625,272.30767822265625,269.23077392578125,272.30767822265625,102960
2024-01-03,262.4359130859375,273.8461608886719,273.8461608886719,270.76922607421875,272.30767822265625,495690
2024-01-04,262.4359130859375,273.8461608886719,276.9230651855469,272.30767822265625,272.30767822265625,82810
2024-01-05,283.076904296875,295.3846130371094,309.23077392578125,273.8461608886719,275.3846130371094,2556450
2024-01-08,275.70513916015625,287.69232177734375,300.0,287.69232177734375,295.3846130371094,620750
2024-01-09,277.1794738769531,289.23077392578125,300.0,287.69232177734375,287.69232177734375,281840
2024-01-10,272.75640869140625,284.6153869628906,295.3846130371094,284.6153869628906,287.69232177734375,189150
2024-01-11,275.70513916015625,287.69232177734375,287.69232177734375,284.6153869628906,284.6153869628906,84110
2024-01-12,274.2307434082031,286.1538391113281,287.69232177734375,284.6153869628906,284.6153869628906,103090
2024-01-15,277.1794738769531,289.23077392578125,289.23077392578125,284.6153869628906,284.6153869628906,248950
2024-01-16,280.128173828125,292.30767822265625,292.30767822265625,289.23077392578125,289.23077392578125,175760
2024-01-17,275.70513916015625,287.69232177734375,292.30767822265625,286.1538391113281,292.30767822265625,124150
2024-01-18,272.75640869140625,284.6153869628906,287.69232177734375,283.0769348144531,287.69232177734375,174070
2024-01-19,271.28204345703125,283.0769348144531,287.69232177734375,281.5384521484375,286.1538391113281,138580
2024-01-22,268.33331298828125,280.0,286.1538391113281,280.0,284.6153869628906,206960
2024-01-23,266.8589782714844,278.4615478515625,280.0,273.8461608886719,280.0,379860
2024-01-24,262.4359130859375,273.8461608886719,280.0,269.23077392578125,276.9230651855469,695110
2024-01-25,262.4359130859375,273.8461608886719,281.5384521484375,270.76922607421875,278.4615478515625,50960
2024-01-26,260.9615173339844,272.30767822265625,273.8461608886719,270.76922607421875,273.8461608886719,94510
2024-01-29,260.9615173339844,272.30767822265625,280.0,270.76922607421875,272.30767822265625,490360
2024-01-30,258.0128173828125,269.23077392578125,278.4615478515625,269.23077392578125,272.30767822265625,131560
2024-01-31,259.4871826171875,270.76922607421875,275.3846130371094,269.23077392578125,273.8461608886719,564590
2024-02-01,259.4871826171875,270.76922607421875,276.9230651855469,269.23077392578125,270.76922607421875,59540
2024-02-02,265.3846130371094,276.9230651855469,276.9230651855469,269.23077392578125,272.30767822265625,71110
2024-02-05,263.9102478027344,275.3846130371094,276.9230651855469,273.8461608886719,276.9230651855469,15210
2024-02-06,263.9102478027344,275.3846130371094,275.3846130371094,267.69232177734375,275.3846130371094,240500
2024-02-07,260.9615173339844,272.30767822265625,276.9230651855469,270.76922607421875,275.3846130371094,53950
2024-02-12,262.4359130859375,273.8461608886719,276.9230651855469,270.76922607421875,270.76922607421875,7670
2024-02-13,262.4359130859375,273.8461608886719,275.3846130371094,269.23077392578125,275.3846130371094,138710
2024-02-15,258.0128173828125,269.23077392578125,276.9230651855469,269.23077392578125,273.8461608886719,504920
2024-02-16,259.4871826171875,270.76922607421875,273.8461608886719,269.23077392578125,273.8461608886719,60320
2024-02-19,259.4871826171875,270.76922607421875,273.8461608886719,269.23077392578125,272.30767822265625,166790
2024-02-20,258.0128173828125,269.23077392578125,270.76922607421875,267.69232177734375,270.76922607421875,157950
2024-02-21,253.58973693847656,264.6153869628906,269.23077392578125,263.0769348144531,269.23077392578125,63050
2024-02-22,258.0128173828125,269.23077392578125,269.23077392578125,266.1538391113281,267.69232177734375,48230
2024-02-23,260.9615173339844,272.30767822265625,280.0,269.23077392578125,269.23077392578125,254800
2024-02-26,258.0128173828125,269.23077392578125,275.3846130371094,269.23077392578125,270.76922607421875,206830
2024-02-27,263.9102478027344,275.3846130371094,283.0769348144531,270.76922607421875,273.8461608886719,202150
2024-02-28,258.0128173828125,269.23077392578125,273.8461608886719,269.23077392578125,273.8461608886719,24050
2024-02-29,260.9615173339844,272.30767822265625,275.3846130371094,269.23077392578125,270.76922607421875,156390
2024-03-01,258.0128173828125,269.23077392578125,275.3846130371094,255.38461303710938,272.30767822265625,286780
2024-03-04,256.5384826660156,267.69232177734375,270.76922607421875,267.69232177734375,269.23077392578125,80470
2024-03-05,256.5384826660156,267.69232177734375,270.76922607421875,264.6153869628906,269.23077392578125,44720
2024-03-06,258.0128173828125,269.23077392578125,284.6153869628906,266.1538391113281,266.1538391113281,64870
2024-03-07,258.0128173828125,269.23077392578125,273.8461608886719,269.23077392578125,269.23077392578125,54340
2024-03-08,259.4871826171875,270.76922607421875,284.6153869628906,269.23077392578125,270.76922607421875,31460
2024-03-13,255.0640869140625,266.1538391113281,272.30767822265625,263.0769348144531,269.23077392578125,598650
2024-03-14,258.0128173828125,269.23077392578125,278.4615478515625,264.6153869628906,269.23077392578125,263900
2024-03-15,258.0128173828125,269.23077392578125,276.9230651855469,267.69232177734375,269.23077392578125,147290
2024-03-18,258.0128173828125,269.23077392578125,272.30767822265625,264.6153869628906,269.23077392578125,140400
2024-03-19,255.0640869140625,266.1538391113281,269.23077392578125,264.6153869628906,269.23077392578125,63310
2024-03-20,256.5384826660156,267.69232177734375,269.23077392578125,264.6153869628906,266.1538391113281,237770
2024-03-21,256.5384826660156,267.69232177734375,269.23077392578125,266.1538391113281,269.23077392578125,92300
2024-03-22,255.0640869140625,266.1538391113281,269.23077392578125,264.6153869628906,266.1538391113281,337610
2024-03-25,258.0128173828125,269.23077392578125,269.23077392578125,266.1538391113281,269.23077392578125,324740
2024-03-26,258.0128173828125,269.23077392578125,269.23077392578125,264.6153869628906,269.23077392578125,474240
2024-03-27,256.5384826660156,267.69232177734375,269.23077392578125,263.0769348144531,269.23077392578125,465920
2024-03-28,253.58973693847656,264.6153869628906,269.23077392578125,261.5384521484375,267.69232177734375,258050
2024-04-01,256.5384826660156,267.69232177734375,269.23077392578125,253.8461456298828,264.6153869628906,403910
2024-04-02,253.58973693847656,264.6153869628906,267.69232177734375,261.5384521484375,267.69232177734375,95290
2024-04-03,252.11538696289062,263.0769348144531,267.69232177734375,258.4615478515625,267.69232177734375,265200
2024-04-04,250.64100646972656,261.5384521484375,264.6153869628906,260.0,263.0769348144531,113230
2024-04-05,247.6923065185547,258.4615478515625,261.5384521484375,253.8461456298828,261.5384521484375,661570
2024-04-16,249.16665649414062,260.0,261.5384521484375,253.8461456298828,258.4615478515625,293150
2024-04-17,247.6923065185547,258.4615478515625,260.0,249.23077392578125,260.0,320580
2024-04-18,243.2692108154297,253.8461456298828,258.4615478515625,252.3076934814453,258.4615478515625,96330
2024-04-19,238.84616088867188,249.23077392578125,253.8461456298828,247.6923065185547,253.8461456298828,198770
2024-04-22,235.89743041992188,246.15383911132812,249.23077392578125,243.07691955566406,249.23077392578125,195390
2024-04-23,237.37179565429688,247.6923065185547,267.69232177734375,244.61538696289062,246.15383911132812,287690
2024-04-24,238.84616088867188,249.23077392578125,256.9230651855469,246.15383911132812,250.76922607421875,105690
2024-04-25,240.3205108642578,250.76922607421875,252.3076934814453,249.23077392578125,249.23077392578125,18460
2024-04-26,237.37179565429688,247.6923065185547,253.8461456298828,244.61538696289062,253.8461456298828,142220
2024-04-29,234.42308044433594,244.61538696289062,253.8461456298828,238.46153259277344,250.76922607421875,412100
2024-04-30,235.89743041992188,246.15383911132812,253.8461456298828,241.53846740722656,244.61538696289062,474500
2024-05-02,227.05128479003906,236.92308044433594,244.61538696289062,230.76922607421875,244.61538696289062,1228890
2024-05-03,222.62820434570312,232.3076934814453,236.92308044433594,230.76922607421875,236.92308044433594,825760
2024-05-06,212.3076934814453,221.53846740722656,232.3076934814453,215.38461303710938,232.3076934814453,2264080
2024-05-07,219.6794891357422,229.23077392578125,236.92308044433594,223.07691955566406,223.07691955566406,538330
2024-05-08,216.7307586669922,226.15383911132812,230.76922607421875,223.07691955566406,230.76922607421875,42770
2024-05-13,216.7307586669922,226.15383911132812,229.23077392578125,218.46153259277344,229.23077392578125,1027780
2024-05-14,219.6794891357422,229.23077392578125,230.76922607421875,223.07691955566406,226.15383911132812,483340
2024-05-15,215.25640869140625,224.61538696289062,227.6923065185547,215.38461303710938,226.15383911132812,194480
2024-05-16,218.2051239013672,227.6923065185547,229.23077392578125,223.07691955566406,223.07691955566406,603330
2024-05-17,218.2051239013672,227.6923065185547,227.6923065185547,226.15383911132812,227.6923065185547,15080
2024-05-20,221.15383911132812,230.76922607421875,243.07691955566406,226.15383911132812,227.6923065185547,313560
2024-05-21,219.6794891357422,229.23077392578125,233.8461456298828,223.07691955566406,230.76922607421875,25870
2024-05-22,222.62820434570312,232.3076934814453,235.38461303710938,229.23077392578125,229.23077392578125,41990
2024-05-27,225.57691955566406,235.38461303710938,236.92308044433594,232.3076934814453,232.3076934814453,169260
2024-05-28,222.62820434570312,232.3076934814453,236.92308044433594,230.76922607421875,236.92308044433594,436280
2024-05-29,216.7307586669922,226.15383911132812,230.76922607421875,224.61538696289062,230.76922607421875,122980
2024-05-30,216.7307586669922,226.15383911132812,226.15383911132812,223.07691955566406,226.15383911132812,258180
2024-05-31,212.3076934814453,221.53846740722656,229.23077392578125,215.38461303710938,224.61538696289062,1146340
2024-06-03,215.25640869140625,224.61538696289062,229.23077392578125,218.46153259277344,221.53846740722656,314860
2024-06-04,213.78204345703125,223.07691955566406,224.61538696289062,218.46153259277344,223.07691955566406,237250
2024-06-05,216.7307586669922,226.15383911132812,240.0,224.61538696289062,224.61538696289062,373360
2024-06-06,215.25640869140625,224.61538696289062,235.38461303710938,220.0,235.38461303710938,47060
2024-06-07,218.2051239013672,227.6923065185547,230.76922607421875,224.61538696289062,227.6923065185547,90480
2024-06-10,207.88461303710938,216.92308044433594,232.3076934814453,215.38461303710938,226.15383911132812,622700
2024-06-11,207.88461303710938,216.92308044433594,221.53846740722656,215.38461303710938,220.0,92690
2024-06-12,209.3589630126953,218.46153259277344,221.53846740722656,215.38461303710938,218.46153259277344,96850
2024-06-13,207.88461303710938,216.92308044433594,218.46153259277344,209.23077392578125,218.46153259277344,119600
2024-06-14,207.88461303710938,216.92308044433594,220.0,213.8461456298828,218.46153259277344,125190
2024-06-19,204.93588256835938,213.8461456298828,218.46153259277344,212.3076934814453,218.46153259277344,176800
2024-06-20,210.8333282470703,220.0,229.23077392578125,212.3076934814453,213.8461456298828,299130
2024-06-21,212.3076934814453,221.53846740722656,223.07691955566406,216.92308044433594,221.53846740722656,183820
2024-06-24,209.3589630126953,218.46153259277344,224.61538696289062,218.46153259277344,223.07691955566406,322920
2024-06-25,212.3076934814453,221.53846740722656,230.76922607421875,221.53846740722656,223.07691955566406,114270
2024-06-26,212.3076934814453,221.53846740722656,224.61538696289062,221.53846740722656,223.07691955566406,1005550
2024-06-27,213.8461456298828,213.8461456298828,215.38461303710938,212.3076934814453,213.8461456298828,680030
2024-06-28,213.8461456298828,213.8461456298828,218.46153259277344,213.8461456298828,215.38461303710938,384670
2024-07-01,213.8461456298828,213.8461456298828,218.46153259277344,212.3076934814453,215.38461303710938,554580
2024-07-02,216.92308044433594,216.92308044433594,218.46153259277344,212.3076934814453,213.8461456298828,328640
2024-07-03,220.0,220.0,221.53846740722656,216.92308044433594,218.46153259277344,99450
2024-07-04,223.07691955566406,223.07691955566406,223.07691955566406,220.0,220.0,137800
2024-07-05,221.53846740722656,221.53846740722656,224.61538696289062,220.0,223.07691955566406,419770
2024-07-08,223.07691955566406,223.07691955566406,224.61538696289062,221.53846740722656,223.07691955566406,489580
2024-07-09,223.07691955566406,223.07691955566406,226.15383911132812,221.53846740722656,223.07691955566406,707720
2024-07-10,224.61538696289062,224.61538696289062,226.15383911132812,223.07691955566406,223.07691955566406,387400
2024-07-11,224.61538696289062,224.61538696289062,227.6923065185547,223.07691955566406,224.61538696289062,306800
2024-07-12,224.61538696289062,224.61538696289062,226.15383911132812,221.53846740722656,223.07691955566406,145860
2024-07-15,235.38461303710938,235.38461303710938,236.92308044433594,221.53846740722656,226.15383911132812,548730
2024-07-16,230.76922607421875,230.76922607421875,236.92308044433594,230.76922607421875,235.38461303710938,153140
2024-07-17,233.8461456298828,233.8461456298828,233.8461456298828,230.76922607421875,232.3076934814453,255320
2024-07-18,232.3076934814453,232.3076934814453,232.3076934814453,229.23077392578125,230.76922607421875,1101490
2024-07-19,233.8461456298828,233.8461456298828,235.38461303710938,230.76922607421875,233.8461456298828,242840
2024-07-22,232.3076934814453,232.3076934814453,233.8461456298828,226.15383911132812,232.3076934814453,839800
2024-07-23,232.3076934814453,232.3076934814453,233.8461456298828,229.23077392578125,232.3076934814453,309920
2024-07-24,232.3076934814453,232.3076934814453,235.38461303710938,232.3076934814453,233.8461456298828,123110
2024-07-25,229.23077392578125,229.23077392578125,233.8461456298828,227.6923065185547,233.8461456298828,77870
2024-07-26,233.8461456298828,233.8461456298828,235.38461303710938,227.6923065185547,229.23077392578125,94250
2024-07-29,232.3076934814453,232.3076934814453,235.38461303710938,230.76922607421875,233.8461456298828,118820
2024-07-30,229.23077392578125,229.23077392578125,235.38461303710938,227.6923065185547,233.8461456298828,352820
2024-07-31,229.23077392578125,229.23077392578125,230.76922607421875,224.61538696289062,229.23077392578125,327860
2024-08-01,229.23077392578125,229.23077392578125,233.8461456298828,227.6923065185547,232.3076934814453,506480
2024-08-02,230.76922607421875,230.76922607421875,230.76922607421875,226.15383911132812,229.23077392578125,106990
2024-08-05,223.07691955566406,223.07691955566406,230.76922607421875,221.53846740722656,230.76922607421875,435370
2024-08-06,224.61538696289062,224.61538696289062,230.76922607421875,223.07691955566406,223.07691955566406,91910
2024-08-07,223.07691955566406,223.07691955566406,229.23077392578125,215.38461303710938,226.15383911132812,1055600
2024-08-08,226.15383911132812,226.15383911132812,227.6923065185547,226.15383911132812,227.6923065185547,5590
2024-08-09,224.61538696289062,224.61538696289062,229.23077392578125,224.61538696289062,229.23077392578125,57460
2024-08-12,224.61538696289062,224.61538696289062,230.76922607421875,223.07691955566406,224.61538696289062,127140
2024-08-13,223.07691955566406,223.07691955566406,229.23077392578125,223.07691955566406,223.07691955566406,198640
2024-08-14,224.61538696289062,224.61538696289062,227.6923065185547,221.53846740722656,223.07691955566406,242060
2024-08-15,226.15383911132812,226.15383911132812,227.6923065185547,221.53846740722656,227.6923065185547,259220
2024-08-16,227.6923065185547,227.6923065185547,229.23077392578125,221.53846740722656,224.61538696289062,312260
2024-08-19,229.23077392578125,229.23077392578125,230.76922607421875,226.15383911132812,227.6923065185547,338520
2024-08-20,230.76922607421875,230.76922607421875,235.38461303710938,227.6923065185547,229.23077392578125,1530360
2024-08-21,233.8461456298828,233.8461456298828,235.38461303710938,230.76922607421875,230.76922607421875,680290
2024-08-22,232.3076934814453,232.3076934814453,233.8461456298828,229.23077392578125,233.8461456298828,424710
2024-08-23,233.8461456298828,233.8461456298828,233.8461456298828,230.76922607421875,232.3076934814453,758680
2024-08-26,232.3076934814453,232.3076934814453,235.38461303710938,232.3076934814453,233.8461456298828,908830
2024-08-27,235.38461303710938,235.38461303710938,235.38461303710938,232.3076934814453,233.8461456298828,254020
2024-08-28,232.3076934814453,232.3076934814453,235.38461303710938,230.76922607421875,235.38461303710938,372450
2024-08-29,232.3076934814453,232.3076934814453,232.3076934814453,227.6923065185547,232.3076934814453,217360
2024-08-30,230.76922607421875,230.76922607421875,233.8461456298828,227.6923065185547,232.3076934814453,419900
2024-09-02,232.3076934814453,232.3076934814453,235.38461303710938,230.76922607421875,235.38461303710938,516360
2024-09-03,233.8461456298828,233.8461456298828,233.8461456298828,230.76922607421875,232.3076934814453,259350
2024-09-04,232.3076934814453,232.3076934814453,236.92308044433594,229.23077392578125,236.92308044433594,239590
2024-09-05,232.3076934814453,232.3076934814453,232.3076934814453,230.76922607421875,232.3076934814453,139100
2024-09-06,233.8461456298828,233.8461456298828,233.8461456298828,230.76922607421875,232.3076934814453,206960
2024-09-09,232.3076934814453,232.3076934814453,235.38461303710938,230.76922607421875,233.8461456298828,248430
2024-09-10,232.3076934814453,232.3076934814453,233.8461456298828,230.76922607421875,232.3076934814453,631540
2024-09-11,232.3076934814453,232.3076934814453,233.8461456298828,230.76922607421875,232.3076934814453,392210
2024-09-12,230.76922607421875,230.76922607421875,233.8461456298828,229.23077392578125,233.8461456298828,536380
2024-09-13,232.3076934814453,232.3076934814453,233.8461456298828,230.76922607421875,230.76922607421875,102440
2024-09-17,232.3076934814453,232.3076934814453,233.8461456298828,230.76922607421875,232.3076934814453,81250
2024-09-18,232.3076934814453,232.3076934814453,232.3076934814453,229.23077392578125,232.3076934814453,202540
2024-09-19,230.76922607421875,230.76922607421875,233.8461456298828,230.76922607421875,232.3076934814453,901680
2024-09-20,233.8461456298828,233.8461456298828,233.8461456298828,230.76922607421875,232.3076934814453,200850
2024-09-23,233.8461456298828,233.8461456298828,235.38461303710938,232.3076934814453,235.38461303710938,112190
2024-09-24,232.3076934814453,232.3076934814453,235.38461303710938,230.76922607421875,233.8461456298828,290810
2024-09-25,235.38461303710938,235.38461303710938,236.92308044433594,233.8461456298828,233.8461456298828,142610
2024-09-26,238.46153259277344,238.46153259277344,244.61538696289062,233.8461456298828,235.38461303710938,1228890
2024-09-27,260.0,260.0,267.69232177734375,238.46153259277344,238.46153259277344,5537350
2024-09-30,253.8461456298828,253.8461456298828,263.0769348144531,250.76922607421875,261.5384521484375,2015390
2024-10-01,252.3076934814453,252.3076934814453,255.38461303710938,250.76922607421875,255.38461303710938,254280
2024-10-02,250.76922607421875,250.76922607421875,255.38461303710938,247.6923065185547,252.3076934814453,712790
2024-10-03,249.23077392578125,249.23077392578125,255.38461303710938,247.6923065185547,252.3076934814453,198900
2024-10-04,252.3076934814453,252.3076934814453,252.3076934814453,236.92308044433594,249.23077392578125,1352910
2024-10-07,250.76922607421875,250.76922607421875,253.8461456298828,241.53846740722656,252.3076934814453,257010
2024-10-08,247.6923065185547,247.6923065185547,250.76922607421875,243.07691955566406,250.76922607421875,150540
2024-10-09,244.61538696289062,244.61538696289062,247.6923065185547,243.07691955566406,247.6923065185547,265850
2024-10-10,243.07691955566406,243.07691955566406,246.15383911132812,243.07691955566406,244.61538696289062,237510
2024-10-11,243.07691955566406,243.07691955566406,246.15383911132812,243.07691955566406,243.07691955566406,126880
2024-10-14,244.61538696289062,244.61538696289062,246.15383911132812,243.07691955566406,244.61538696289062,331760
2024-10-15,243.07691955566406,243.07691955566406,246.15383911132812,240.0,244.61538696289062,336830
2024-10-16,241.53846740722656,241.53846740722656,244.61538696289062,240.0,241.53846740722656,133900
2024-10-17,243.07691955566406,243.07691955566406,243.07691955566406,240.0,240.0,140270
2024-10-18,243.07691955566406,243.07691955566406,246.15383911132812,236.92308044433594,243.07691955566406,434590
2024-10-21,243.07691955566406,243.07691955566406,249.23077392578125,230.76922607421875,240.0,98670
2024-10-22,240.0,240.0,244.61538696289062,236.92308044433594,244.61538696289062,613860
2024-10-23,240.0,240.0,244.61538696289062,240.0,240.0,202930
2024-10-24,240.0,240.0,243.07691955566406,240.0,240.0,230880
2024-10-25,241.53846740722656,241.53846740722656,243.07691955566406,240.0,240.0,121290
2024-10-28,246.15383911132812,246.15383911132812,253.8461456298828,238.46153259277344,240.0,1282060
2024-10-29,250.76922607421875,250.76922607421875,253.8461456298828,244.61538696289062,244.61538696289062,1245400
2024-10-30,247.6923065185547,247.6923065185547,252.3076934814453,246.15383911132812,252.3076934814453,402090
2024-10-31,249.23077392578125,249.23077392578125,256.9230651855469,246.15383911132812,249.23077392578125,897780
2024-11-01,247.6923065185547,247.6923065185547,252.3076934814453,244.61538696289062,252.3076934814453,441350
2024-11-04,244.61538696289062,244.61538696289062,249.23077392578125,241.53846740722656,247.6923065185547,254540
2024-11-05,244.61538696289062,244.61538696289062,247.6923065185547,241.53846740722656,244.61538696289062,236470
2024-11-06,244.61538696289062,244.61538696289062,247.6923065185547,243.07691955566406,244.61538696289062,70720
2024-11-07,243.07691955566406,243.07691955566406,244.61538696289062,238.46153259277344,238.46153259277344,170560
2024-11-08,240.0,240.0,243.07691955566406,238.46153259277344,241.53846740722656,154440
2024-11-11,233.8461456298828,233.8461456298828,243.07691955566406,230.76922607421875,240.0,223990
2024-11-12,233.8461456298828,233.8461456298828,238.46153259277344,230.76922607421875,233.8461456298828,126750
2024-11-13,232.3076934814453,232.3076934814453,238.46153259277344,230.76922607421875,233.8461456298828,226460
2024-11-14,230.76922607421875,230.76922607421875,233.8461456298828,230.76922607421875,233.8461456298828,386230
2024-11-15,230.76922607421875,230.76922607421875,233.8461456298828,230.76922607421875,230.76922607421875,681460
2024-11-18,227.6923065185547,227.6923065185547,230.76922607421875,224.61538696289062,230.76922607421875,326820
2024-11-19,229.23077392578125,229.23077392578125,246.15383911132812,229.23077392578125,230.76922607421875,575900
2024-11-20,230.76922607421875,230.76922607421875,233.8461456298828,230.76922607421875,232.3076934814453,74880
2024-11-21,226.15383911132812,226.15383911132812,233.8461456298828,226.15383911132812,230.76922607421875,162240
2024-11-22,232.3076934814453,232.3076934814453,233.8461456298828,227.6923065185547,227.6923065185547,187200
2024-11-25,230.76922607421875,230.76922607421875,233.8461456298828,229.23077392578125,230.76922607421875,124410
2024-11-26,229.23077392578125,229.23077392578125,233.8461456298828,229.23077392578125,229.23077392578125,347490
2024-11-28,229.23077392578125,229.23077392578125,233.8461456298828,229.23077392578125,232.3076934814453,24830
2024-11-29,230.76922607421875,230.76922607421875,232.3076934814453,227.6923065185547,229.23077392578125,69030
2024-12-02,226.15383911132812,226.15383911132812,230.76922607421875,224.61538696289062,230.76922607421875,791960
2024-12-03,226.15383911132812,226.15383911132812,232.3076934814453,226.15383911132812,230.76922607421875,528450
2024-12-04,230.76922607421875,230.76922607421875,232.3076934814453,224.61538696289062,229.23077392578125,836810
2024-12-05,227.6923065185547,227.6923065185547,232.3076934814453,227.6923065185547,232.3076934814453,363870
2024-12-06,232.3076934814453,232.3076934814453,232.3076934814453,227.6923065185547,229.23077392578125,563290
2024-12-09,230.76922607421875,230.76922607421875,230.76922607421875,227.6923065185547,230.76922607421875,850980
2024-12-10,232.3076934814453,232.3076934814453,232.3076934814453,229.23077392578125,230.76922607421875,348270
2024-12-11,230.76922607421875,230.76922607421875,232.3076934814453,229.23077392578125,230.76922607421875,238030
2024-12-12,232.3076934814453,232.3076934814453,232.3076934814453,230.76922607421875,230.76922607421875,220740
2024-12-13,232.3076934814453,232.3076934814453,232.3076934814453,230.76922607421875,232.3076934814453,88270
2024-12-16,230.76922607421875,230.76922607421875,232.3076934814453,229.23077392578125,232.3076934814453,136240
2024-12-17,230.76922607421875,230.76922607421875,232.3076934814453,230.76922607421875,230.76922607421875,104650
2024-12-18,232.3076934814453,232.3076934814453,236.92308044433594,230.76922607421875,230.76922607421875,162760
2024-12-19,230.76922607421875,230.76922607421875,233.8461456298828,229.23077392578125,232.3076934814453,662090
2024-12-20,229.23077392578125,229.23077392578125,232.3076934814453,229.23077392578125,230.76922607421875,737360
2024-12-23,229.23077392578125,229.23077392578125,232.3076934814453,227.6923065185547,229.23077392578125,355030
2024-12-24,230.76922607421875,230.76922607421875,232.3076934814453,229.23077392578125,230.76922607421875,113360
2024-12-27,232.3076934814453,232.3076934814453,233.8461456298828,230.76922607421875,230.76922607421875,80470
2024-12-30,227.6923065185547,227.6923065185547,232.3076934814453,213.8461456298828,232.3076934814453,570960
2025-01-02,230.76922607421875,230.76922607421875,232.3076934814453,227.6923065185547,227.6923065185547,58110
2025-01-03,227.6923065185547,227.6923065185547,232.3076934814453,227.6923065185547,230.76922607421875,78910
2025-01-06,230.76922607421875,230.76922607421875,230.76922607421875,223.07691955566406,229.23077392578125,197990
2025-01-07,224.61538696289062,224.61538696289062,229.23077392578125,224.61538696289062,227.6923065185547,419120
2025-01-08,227.6923065185547,227.6923065185547,232.3076934814453,224.61538696289062,226.15383911132812,8320
2025-01-09,227.6923065185547,227.6923065185547,230.76922607421875,226.15383911132812,227.6923065185547,259220
2025-01-10,224.61538696289062,224.61538696289062,229.23077392578125,224.61538696289062,229.23077392578125,92430
2025-01-13,227.6923065185547,227.6923065185547,227.6923065185547,224.61538696289062,227.6923065185547,54990
2025-01-14,224.61538696289062,224.61538696289062,226.15383911132812,223.07691955566406,226.15383911132812,119600
2025-01-15,226.15383911132812,226.15383911132812,226.15383911132812,223.07691955566406,223.07691955566406,153140
2025-01-16,223.07691955566406,223.07691955566406,226.15383911132812,223.07691955566406,226.15383911132812,123370
2025-01-17,223.07691955566406,223.07691955566406,224.61538696289062,223.07691955566406,224.61538696289062,301600
2025-01-20,227.6923065185547,227.6923065185547,229.23077392578125,215.38461303710938,223.07691955566406,589550
2025-01-21,224.61538696289062,224.61538696289062,229.23077392578125,224.61538696289062,229.23077392578125,48230
2025-01-22,223.07691955566406,223.07691955566406,227.6923065185547,223.07691955566406,226.15383911132812,146510
2025-01-23,224.61538696289062,224.61538696289062,227.6923065185547,223.07691955566406,224.61538696289062,42900
2025-01-24,223.07691955566406,223.07691955566406,227.6923065185547,223.07691955566406,226.15383911132812,33020
2025-01-30,221.53846740722656,221.53846740722656,224.61538696289062,220.0,223.07691955566406,157300
2025-01-31,221.53846740722656,221.53846740722656,227.6923065185547,218.46153259277344,220.0,437580
2025-02-03,220.0,220.0,223.07691955566406,216.92308044433594,221.53846740722656,442520
2025-02-04,221.53846740722656,221.53846740722656,224.61538696289062,218.46153259277344,220.0,499850
2025-02-05,218.46153259277344,218.46153259277344,223.07691955566406,216.92308044433594,221.53846740722656,167570
2025-02-06,223.07691955566406,223.07691955566406,223.07691955566406,216.92308044433594,221.53846740722656,519740
2025-02-07,227.6923065185547,227.6923065185547,240.0,221.53846740722656,223.07691955566406,961740
2025-02-10,224.61538696289062,224.61538696289062,233.8461456298828,221.53846740722656,230.76922607421875,398450
2025-02-11,224.61538696289062,224.61538696289062,229.23077392578125,223.07691955566406,224.61538696289062,654030
2025-02-12,227.6923065185547,227.6923065185547,227.6923065185547,223.07691955566406,223.07691955566406,229060
2025-02-13,220.0,220.0,226.15383911132812,220.0,224.61538696289062,78780
2025-02-14,221.53846740722656,221.53846740722656,224.61538696289062,220.0,221.53846740722656,42770
2025-02-17,220.0,220.0,223.07691955566406,216.92308044433594,221.53846740722656,419250
2025-02-18,220.0,220.0,221.53846740722656,218.46153259277344,221.53846740722656,146640
2025-02-19,215.38461303710938,215.38461303710938,221.53846740722656,209.23077392578125,220.0,2496780
2025-02-20,212.3076934814453,212.3076934814453,215.38461303710938,212.3076934814453,215.38461303710938,467610
2025-02-21,216.92308044433594,216.92308044433594,220.0,212.3076934814453,215.38461303710938,762840
2025-02-24,213.8461456298828,213.8461456298828,216.92308044433594,213.8461456298828,215.38461303710938,241540
2025-02-25,209.23077392578125,209.23077392578125,216.92308044433594,209.23077392578125,216.92308044433594,668720
2025-02-26,212.3076934814453,212.3076934814453,221.53846740722656,207.6923065185547,212.3076934814453,698750
2025-02-27,215.38461303710938,215.38461303710938,215.38461303710938,204.61538696289062,215.38461303710938,850850
2025-02-28,206.15383911132812,206.15383911132812,213.8461456298828,204.61538696289062,213.8461456298828,181220
2025-03-03,206.15383911132812,206.15383911132812,213.8461456298828,204.61538696289062,206.15383911132812,100490
2025-03-04,201.53846740722656,201.53846740722656,209.23077392578125,201.53846740722656,206.15383911132812,463710
2025-03-05,201.53846740722656,201.53846740722656,207.6923065185547,201.53846740722656,203.07691955566406,123890
2025-03-06,206.15383911132812,206.15383911132812,207.6923065185547,201.53846740722656,203.07691955566406,106990
2025-03-07,204.61538696289062,204.61538696289062,209.23077392578125,204.61538696289062,207.6923065185547,37570
2025-03-10,206.15383911132812,206.15383911132812,207.6923065185547,204.61538696289062,206.15383911132812,100620
2025-03-11,206.15383911132812,206.15383911132812,206.15383911132812,203.07691955566406,204.61538696289062,113100
2025-03-12,204.61538696289062,204.61538696289062,206.15383911132812,200.0,206.15383911132812,220350
2025-03-13,206.15383911132812,206.15383911132812,210.76922607421875,204.61538696289062,204.61538696289062,366990
2025-03-14,209.23077392578125,209.23077392578125,210.76922607421875,206.15383911132812,206.15383911132812,65260
2025-03-17,209.23077392578125,209.23077392578125,213.8461456298828,209.23077392578125,209.23077392578125,49010
2025-03-18,206.15383911132812,206.15383911132812,212.3076934814453,204.61538696289062,209.23077392578125,173290
2025-03-19,209.23077392578125,209.23077392578125,212.3076934814453,204.61538696289062,209.23077392578125,111670
2025-03-20,209.23077392578125,209.23077392578125,210.76922607421875,204.61538696289062,209.23077392578125,22100
2025-03-21,201.53846740722656,201.53846740722656,209.23077392578125,200.0,209.23077392578125,88530
2025-03-24,209.23077392578125,209.23077392578125,210.76922607421875,200.0,201.53846740722656,182260
2025-03-25,206.15383911132812,206.15383911132812,209.23077392578125,203.07691955566406,209.23077392578125,151840
2025-03-26,206.15383911132812,206.15383911132812,210.76922607421875,206.15383911132812,207.6923065185547,17810
2025-03-27,209.23077392578125,209.23077392578125,220.0,207.6923065185547,207.6923065185547,368290
2025-04-08,200.0,200.0,206.15383911132812,200.0,206.15383911132812,242320
2025-04-09,201.53846740722656,201.53846740722656,210.76922607421875,200.0,200.0,398710
2025-04-10,201.53846740722656,201.53846740722656,206.15383911132812,200.0,206.15383911132812,72800
2025-04-11,204.61538696289062,204.61538696289062,212.3076934814453,201.53846740722656,203.07691955566406,49010
2025-04-14,203.07691955566406,203.07691955566406,207.6923065185547,200.0,207.6923065185547,138710
2025-04-15,203.07691955566406,203.07691955566406,207.6923065185547,203.07691955566406,207.6923065185547,146380
2025-04-16,206.15383911132812,206.15383911132812,207.6923065185547,203.07691955566406,203.07691955566406,126490
2025-04-17,204.61538696289062,204.61538696289062,206.15383911132812,203.07691955566406,206.15383911132812,74100
2025-04-21,206.15383911132812,206.15383911132812,207.6923065185547,204.61538696289062,204.61538696289062,12090
2025-04-22,206.15383911132812,206.15383911132812,206.15383911132812,192.3076934814453,204.61538696289062,502190
2025-04-23,204.61538696289062,204.61538696289062,207.6923065185547,203.07691955566406,206.15383911132812,37180
2025-04-24,203.07691955566406,203.07691955566406,206.15383911132812,203.07691955566406,206.15383911132812,262340
2025-04-25,206.15383911132812,206.15383911132812,207.6923065185547,203.07691955566406,203.07691955566406,145990
2025-04-28,204.61538696289062,204.61538696289062,206.15383911132812,203.07691955566406,206.15383911132812,304330
2025-04-29,203.07691955566406,203.07691955566406,204.61538696289062,198.46153259277344,204.61538696289062,841880
2025-04-30,204.61538696289062,204.61538696289062,204.61538696289062,201.53846740722656,204.61538696289062,485680
2025-05-02,200.0,200.0,203.07691955566406,192.3076934814453,203.07691955566406,2156960
2025-05-05,200.0,200.0,201.53846740722656,195.38461303710938,196.92308044433594,347230
2025-05-06,200.0,200.0,201.53846740722656,192.3076934814453,201.53846740722656,601380
2025-05-07,195.38461303710938,195.38461303710938,201.53846740722656,193.8461456298828,200.0,569400
2025-05-08,198.46153259277344,198.46153259277344,198.46153259277344,195.38461303710938,198.46153259277344,131560
2025-05-09,196.92308044433594,196.92308044433594,200.0,195.38461303710938,195.38461303710938,105300
2025-05-14,198.46153259277344,198.46153259277344,198.46153259277344,196.92308044433594,196.92308044433594,313560
2025-05-15,200.0,200.0,200.0,198.46153259277344,198.46153259277344,253110
2025-05-16,201.53846740722656,201.53846740722656,201.53846740722656,198.46153259277344,200.0,38090
2025-05-19,200.0,200.0,203.07691955566406,198.46153259277344,201.53846740722656,334360
2025-05-20,207.6923065185547,207.6923065185547,216.92308044433594,200.0,201.53846740722656,5759390
2025-05-21,204.61538696289062,204.61538696289062,210.76922607421875,200.0,209.23077392578125,2163850
2025-05-22,206.15383911132812,206.15383911132812,206.15383911132812,198.46153259277344,206.15383911132812,687310
2025-05-23,207.6923065185547,207.6923065185547,209.23077392578125,204.61538696289062,206.15383911132812,880100
2025-05-26,204.61538696289062,204.61538696289062,209.23077392578125,203.07691955566406,207.6923065185547,217750
2025-05-27,207.6923065185547,207.6923065185547,210.76922607421875,204.61538696289062,206.15383911132812,934700
2025-05-28,209.23077392578125,209.23077392578125,209.23077392578125,206.15383911132812,209.23077392578125,550550
2025-06-02,206.15383911132812,206.15383911132812,209.23077392578125,206.15383911132812,209.23077392578125,288990
2025-06-03,209.23077392578125,209.23077392578125,212.3076934814453,204.61538696289062,207.6923065185547,1215630
2025-06-04,215.38461303710938,215.38461303710938,216.92308044433594,209.23077392578125,209.23077392578125,1182610
2025-06-05,215.38461303710938,215.38461303710938,216.92308044433594,212.3076934814453,215.38461303710938,452920
2025-06-10,209.23077392578125,209.23077392578125,216.92308044433594,207.6923065185547,216.92308044433594,530920
2025-06-11,212.3076934814453,212.3076934814453,215.38461303710938,204.61538696289062,210.76922607421875,443300
2025-06-12,209.23077392578125,209.23077392578125,213.8461456298828,206.15383911132812,213.8461456298828,147940
2025-06-13,207.6923065185547,207.6923065185547,212.3076934814453,207.6923065185547,209.23077392578125,445900
2025-06-16,207.6923065185547,207.6923065185547,212.3076934814453,206.15383911132812,209.23077392578125,59020
2025-06-17,209.23077392578125,209.23077392578125,209.23077392578125,204.61538696289062,206.15383911132812,77480
2025-06-18,206.15383911132812,206.15383911132812,207.6923065185547,204.61538696289062,207.6923065185547,133770
2025-06-19,196.92308044433594,196.92308044433594,207.6923065185547,192.3076934814453,206.15383911132812,998140
2025-06-20,201.53846740722656,201.53846740722656,203.07691955566406,196.92308044433594,196.92308044433594,88270
2025-06-23,195.38461303710938,195.38461303710938,201.53846740722656,192.3076934814453,201.53846740722656,300040
2025-06-24,200.0,200.0,201.53846740722656,193.8461456298828,195.38461303710938,262860
2025-06-25,198.46153259277344,198.46153259277344,200.0,195.38461303710938,196.92308044433594,68770
2025-06-26,195.38461303710938,195.38461303710938,198.46153259277344,192.3076934814453,196.92308044433594,234130
2025-06-30,196.92308044433594,196.92308044433594,198.46153259277344,192.3076934814453,196.92308044433594,276900
2025-07-01,196.92308044433594,196.92308044433594,198.46153259277344,193.8461456298828,196.92308044433594,149500
2025-07-02,195.38461303710938,195.38461303710938,196.92308044433594,192.3076934814453,196.92308044433594,640250
2025-07-03,193.8461456298828,193.8461456298828,196.92308044433594,190.76922607421875,196.92308044433594,1154270
2025-07-04,193.8461456298828,193.8461456298828,195.38461303710938,192.3076934814453,193.8461456298828,95810
2025-07-07,195.38461303710938,195.38461303710938,195.38461303710938,192.3076934814453,193.8461456298828,154050
2025-07-08,195.38461303710938,195.38461303710938,195.38461303710938,193.8461456298828,195.38461303710938,61750
2025-07-09,195.38461303710938,195.38461303710938,196.92308044433594,193.8461456298828,195.38461303710938,196820
2025-07-10,200.0,200.0,201.53846740722656,195.38461303710938,195.38461303710938,835510
2025-07-11,200.0,200.0,203.07691955566406,198.46153259277344,201.53846740722656,43680
2025-07-14,201.53846740722656,201.53846740722656,206.15383911132812,200.0,201.53846740722656,178750
2025-07-15,200.0,200.0,201.53846740722656,200.0,201.53846740722656,254280
2025-07-16,201.53846740722656,201.53846740722656,201.53846740722656,200.0,200.0,74230
2025-07-17,200.0,200.0,201.53846740722656,200.0,201.53846740722656,21970
2025-07-18,201.53846740722656,201.53846740722656,201.53846740722656,196.92308044433594,200.0,366340
2025-07-21,200.0,200.0,201.53846740722656,193.8461456298828,200.0,647920
2025-07-22,200.0,200.0,200.0,195.38461303710938,200.0,211380
2025-07-23,200.0,200.0,201.53846740722656,195.38461303710938,200.0,437190
2025-07-24,198.46153259277344,198.46153259277344,200.0,196.92308044433594,200.0,138580
2025-07-25,200.0,200.0,200.0,196.92308044433594,198.46153259277344,45500
2025-07-28,212.3076934814453,212.3076934814453,216.92308044433594,198.46153259277344,198.46153259277344,2817880
2025-07-29,209.23077392578125,209.23077392578125,215.38461303710938,206.15383911132812,215.38461303710938,671060
2025-07-30,212.3076934814453,212.3076934814453,212.3076934814453,207.6923065185547,209.23077392578125,208910
2025-07-31,209.23077392578125,209.23077392578125,215.38461303710938,207.6923065185547,212.3076934814453,636220
2025-08-01,209.23077392578125,209.23077392578125,210.76922607421875,203.07691955566406,203.07691955566406,96330
2025-08-04,212.3076934814453,212.3076934814453,218.46153259277344,210.76922607421875,210.76922607421875,1768000
2025-08-05,213.8461456298828,213.8461456298828,215.38461303710938,209.23077392578125,215.38461303710938,290940
2025-08-06,213.8461456298828,213.8461456298828,216.92308044433594,212.3076934814453,213.8461456298828,719160
2025-08-07,212.3076934814453,212.3076934814453,213.8461456298828,209.23077392578125,213.8461456298828,426140
2025-08-08,209.23077392578125,209.23077392578125,212.3076934814453,209.23077392578125,212.3076934814453,552760
2025-08-11,213.8461456298828,213.8461456298828,213.8461456298828,209.23077392578125,209.23077392578125,217360
2025-08-12,212.3076934814453,212.3076934814453,215.38461303710938,210.76922607421875,213.8461456298828,304850
2025-08-13,213.8461456298828,213.8461456298828,216.92308044433594,212.3076934814453,212.3076934814453,346970
2025-08-14,213.8461456298828,213.8461456298828,218.46153259277344,212.3076934814453,213.8461456298828,714350
2025-08-15,213.8461456298828,213.8461456298828,218.46153259277344,212.3076934814453,213.8461456298828,501280
2025-08-19,227.6923065185547,227.6923065185547,235.38461303710938,213.8461456298828,213.8461456298828,4090710
2025-08-20,229.23077392578125,229.23077392578125,232.3076934814453,224.61538696289062,227.6923065185547,1239680
2025-08-21,230.76922607421875,230.76922607421875,230.76922607421875,221.53846740722656,229.23077392578125,483860
2025-08-22,230.76922607421875,230.76922607421875,233.8461456298828,224.61538696289062,230.76922607421875,390390
2025-08-25,227.6923065185547,227.6923065185547,232.3076934814453,224.61538696289062,230.76922607421875,528450
2025-08-26,227.6923065185547,227.6923065185547,230.76922607421875,226.15383911132812,230.76922607421875,161460
2025-08-27,223.07691955566406,223.07691955566406,227.6923065185547,221.53846740722656,221.53846740722656,533130
2025-08-28,227.6923065185547,227.6923065185547,229.23077392578125,223.07691955566406,223.07691955566406,687830
2025-08-29,223.07691955566406,223.07691955566406,229.23077392578125,216.92308044433594,227.6923065185547,717730
2025-09-01,220.0,220.0,224.61538696289062,215.38461303710938,221.53846740722656,257660
2025-09-02,223.07691955566406,223.07691955566406,224.61538696289062,220.0,223.07691955566406,132990
2025-09-03,226.15383911132812,226.15383911132812,229.23077392578125,221.53846740722656,224.61538696289062,193050
2025-09-04,224.61538696289062,224.61538696289062,226.15383911132812,221.53846740722656,226.15383911132812,127270
2025-09-08,223.07691955566406,223.07691955566406,224.61538696289062,221.53846740722656,224.61538696289062,317070
2025-09-09,215.38461303710938,215.38461303710938,226.15383911132812,215.38461303710938,226.15383911132812,620230
2025-09-10,221.53846740722656,221.53846740722656,223.07691955566406,215.38461303710938,215.38461303710938,113620
2025-09-11,220.0,220.0,223.07691955566406,220.0,221.53846740722656,75400
2025-09-12,218.46153259277344,218.46153259277344,223.07691955566406,216.92308044433594,223.07691955566406,428350
2025-09-15,221.53846740722656,221.53846740722656,223.07691955566406,216.92308044433594,220.0,168870
2025-09-16,218.46153259277344,218.46153259277344,221.53846740722656,209.23077392578125,209.23077392578125,262080
2025-09-17,220.0,220.0,224.61538696289062,213.8461456298828,218.46153259277344,626600
2025-09-18,216.92308044433594,216.92308044433594,224.61538696289062,215.38461303710938,220.0,311480
2025-09-19,216.92308044433594,216.92308044433594,221.53846740722656,215.38461303710938,218.46153259277344,206960
2025-09-22,221.53846740722656,221.53846740722656,221.53846740722656,215.38461303710938,216.92308044433594,436020
2025-09-23,276.9230651855469,276.9230651855469,276.9230651855469,218.46153259277344,224.61538696289062,21917740
2025-09-24,290.76922607421875,290.76922607421875,338.4615478515625,286.1538391113281,309.23077392578125,65770640
2025-09-25,287.69232177734375,287.69232177734375,300.0,276.9230651855469,298.4615478515625,6908070
2025-09-26,280.0,280.0,289.23077392578125,278.4615478515625,287.69232177734375,2526940
2025-09-29,269.23077392578125,269.23077392578125,278.4615478515625,263.0769348144531,278.4615478515625,5193760
2025-09-30,266.1538391113281,266.1538391113281,275.3846130371094,263.0769348144531,266.1538391113281,2965430
2025-10-01,253.8461456298828,253.8461456298828,269.23077392578125,250.76922607421875,266.1538391113281,6637280
2025-10-02,256.9230651855469,256.9230651855469,258.4615478515625,252.3076934814453,253.8461456298828,2348710
2025-10-03,255.38461303710938,255.38461303710938,256.9230651855469,249.23077392578125,253.8461456298828,1378260
2025-10-06,258.4615478515625,258.4615478515625,264.6153869628906,247.6923065185547,258.4615478515625,2146820
2025-10-07,256.9230651855469,256.9230651855469,263.0769348144531,255.38461303710938,261.5384521484375,796770
2025-10-08,261.5384521484375,261.5384521484375,261.5384521484375,247.6923065185547,256.9230651855469,1408940
2025-10-09,273.8461608886719,273.8461608886719,276.9230651855469,261.5384521484375,263.0769348144531,2668120
2025-10-10,273.8461608886719,273.8461608886719,280.0,272.30767822265625,278.4615478515625,2142010
2025-10-13,280.0,280.0,283.0769348144531,266.1538391113281,273.8461608886719,4382690
2025-10-14,269.23077392578125,269.23077392578125,281.5384521484375,263.0769348144531,280.0,2754830
2025-10-15,261.5384521484375,261.5384521484375,272.30767822265625,256.9230651855469,269.23077392578125,1233700
2025-10-16,270.76922607421875,270.76922607421875,278.4615478515625,261.5384521484375,269.23077392578125,1801540
2025-10-17,267.69232177734375,267.69232177734375,281.5384521484375,261.5384521484375,273.8461608886719,1627080
2025-10-20,267.69232177734375,267.69232177734375,272.30767822265625,263.0769348144531,264.6153869628906,1060020
2025-10-21,269.23077392578125,269.23077392578125,273.8461608886719,267.69232177734375,269.23077392578125,676390
2025-10-22,275.3846130371094,275.3846130371094,276.9230651855469,269.23077392578125,270.76922607421875,1048320
2025-10-23,295.3846130371094,295.3846130371094,307.69232177734375,275.3846130371094,276.9230651855469,9042670
2025-10-24,292.30767822265625,292.30767822265625,304.6153869628906,283.0769348144531,304.6153869628906,2934490
2025-10-27,295.3846130371094,295.3846130371094,304.6153869628906,287.69232177734375,293.8461608886719,3671460
2025-10-28,289.23077392578125,289.23077392578125,300.0,286.1538391113281,295.3846130371094,879840
2025-10-29,292.30767822265625,292.30767822265625,296.9230651855469,284.6153869628906,296.9230651855469,1547130
2025-10-30,283.0769348144531,283.0769348144531,295.3846130371094,278.4615478515625,292.30767822265625,3304600
2025-10-31,281.5384521484375,281.5384521484375,289.23077392578125,278.4615478515625,284.6153869628906,837980
2025-11-03,284.6153869628906,284.6153869628906,293.8461608886719,283.0769348144531,290.76922607421875,2624960
2025-11-04,283.0769348144531,283.0769348144531,292.30767822265625,283.0769348144531,287.69232177734375,2306980
2025-11-05,284.6153869628906,284.6153869628906,307.69232177734375,281.5384521484375,286.1538391113281,6338930
2025-11-06,284.6153869628906,284.6153869628906,290.76922607421875,283.0769348144531,284.6153869628906,3975530
2025-11-07,283.0769348144531,283.0769348144531,289.23077392578125,270.76922607421875,284.6153869628906,5045170
2025-11-10,272.0,272.0,288.0,250.0,284.0,4008200
2025-11-11,282.0,282.0,284.0,274.0,274.0,3174800
2025-11-12,278.0,278.0,282.0,272.0,282.0,1819200
2025-11-13,272.0,272.0,280.0,270.0,278.0,2190400
2025-11-14,268.0,268.0,272.0,266.0,272.0,764400
2025-11-17,262.0,262.0,268.0,260.0,268.0,1157100
2025-11-18,262.0,262.0,268.0,262.0,264.0,434500
2025-11-19,262.0,262.0,270.0,260.0,268.0,916000
2025-11-20,264.0,264.0,268.0,260.0,262.0,505400
2025-11-21,262.0,262.0,266.0,262.0,266.0,168800
2025-11-24,262.0,262.0,266.0,258.0,264.0,949900
2025-11-25,248.0,248.0,262.0,248.0,256.0,3829200
2025-11-26,242.0,242.0,248.0,238.0,248.0,2472900
2025-11-27,254.0,254.0,256.0,240.0,242.0,1068600
2025-11-28,248.0,248.0,258.0,244.0,258.0,504300
2025-12-01,246.0,246.0,250.0,244.0,250.0,686600
2025-12-02,242.0,242.0,248.0,242.0,248.0,916100
2025-12-03,240.0,240.0,248.0,240.0,242.0,684800
2025-12-04,240.0,240.0,246.0,238.0,246.0,1213900
2025-12-05,240.0,240.0,242.0,238.0,240.0,927400
2025-12-08,244.0,244.0,244.0,236.0,238.0,1550900
2025-12-09,240.0,240.0,248.0,238.0,246.0,1126500
2025-12-10,238.0,238.0,242.0,236.0,242.0,1102600
2025-12-11,234.0,234.0,242.0,228.0,236.0,2543600
2025-12-12,234.0,234.0,240.0,234.0,236.0,657900
2025-12-15,234.0,234.0,238.0,228.0,234.0,1002800
2025-12-16,236.0,236.0,238.0,230.0,234.0,1200600
2025-12-17,250.0,250.0,260.0,238.0,240.0,4423500
2025-12-18,250.0,250.0,256.0,250.0,252.0,1364300
2025-12-19,244.0,244.0,252.0,242.0,252.0,286000
2025-12-22,238.0,238.0,246.0,236.0,246.0,712500
2025-12-23,240.0,240.0,244.0,238.0,242.0,309000
2025-12-24,238.0,238.0,240.0,238.0,240.0,737000
2025-12-29,238.0,238.0,242.0,234.0,238.0,498900
2025-12-30,240.0,240.0,244.0,236.0,242.0,641100
