Date,Adj Close,Close,High,Low,Open,Volume
2020-01-02,671.3414306640625,947.4627075195312,986.9403076171875,942.5280151367188,986.9403076171875,1407987
2020-01-03,681.8310546875,962.2667846679688,982.005615234375,947.4627075195312,947.4627075195312,1128741
2020-01-06,678.3345336914062,957.3320922851562,977.0709228515625,957.3320922851562,967.2014770507812,1227125
2020-01-07,685.3275756835938,967.2014770507812,972.1361694335938,957.3320922851562,957.3320922851562,1006747
2020-01-08,667.8447875976562,942.5280151367188,972.1361694335938,942.5280151367188,972.1361694335938,540255
2020-01-09,688.8241577148438,972.1361694335938,972.1361694335938,942.5280151367188,942.5280151367188,1213953
2020-01-10,681.8310546875,962.2667846679688,977.0709228515625,947.4627075195312,972.1361694335938,660627
2020-01-13,674.8379516601562,952.3973999023438,967.2014770507812,947.4627075195312,962.2667846679688,1586012
2020-01-14,664.3482055664062,937.59326171875,967.2014770507812,932.6585693359375,952.3973999023438,3868420
2020-01-15,653.8585815429688,922.7891845703125,952.3973999023438,907.9850463867188,937.59326171875,1840840
2020-01-16,646.8653564453125,912.9197998046875,927.723876953125,903.0503540039062,927.723876953125,1686322
2020-01-17,643.3687744140625,907.9850463867188,937.59326171875,903.0503540039062,912.9197998046875,473179
2020-01-20,636.3756713867188,898.1156616210938,927.723876953125,888.2462768554688,917.8544921875,540559
2020-01-21,629.3825073242188,888.2462768554688,912.9197998046875,873.442138671875,903.0503540039062,1704155
2020-01-22,629.3825073242188,888.2462768554688,888.2462768554688,873.442138671875,888.2462768554688,912922
2020-01-23,636.3756713867188,898.1156616210938,903.0503540039062,888.2462768554688,893.1809692382812,233043
2020-01-24,618.8927612304688,873.442138671875,907.9850463867188,873.442138671875,898.1156616210938,715646
2020-01-27,594.4168090820312,838.8992309570312,873.442138671875,838.8992309570312,868.5074462890625,1471010
2020-01-28,594.4168090820312,838.8992309570312,848.7686767578125,819.1604614257812,838.8992309570312,1655317
2020-01-29,597.9134521484375,843.833984375,858.6380615234375,829.0298461914062,843.833984375,618375
2020-01-30,604.9066162109375,853.703369140625,878.3768920898438,843.833984375,843.833984375,587776
2020-01-31,583.9271240234375,824.0951538085938,858.6380615234375,824.0951538085938,858.6380615234375,926094
2020-02-03,573.4373168945312,809.291015625,824.0951538085938,794.4869384765625,824.0951538085938,385332
2020-02-04,576.9340209960938,814.2257690429688,838.8992309570312,814.2257690429688,814.2257690429688,208523
2020-02-05,590.9202270507812,833.9645385742188,838.8992309570312,819.1604614257812,819.1604614257812,501550
2020-02-06,587.4236450195312,829.0298461914062,868.5074462890625,809.291015625,868.5074462890625,1739010
2020-02-07,587.4236450195312,829.0298461914062,833.9645385742188,819.1604614257812,833.9645385742188,266784
2020-02-10,559.451171875,789.55224609375,829.0298461914062,774.7481079101562,829.0298461914062,2228199
2020-02-11,566.4443359375,799.421630859375,809.291015625,774.7481079101562,789.55224609375,1002593
2020-02-12,552.4580078125,779.682861328125,794.4869384765625,769.8134155273438,789.55224609375,625265
2020-02-13,538.4716796875,759.9440307617188,789.55224609375,755.0093383789062,784.6175537109375,1352462
2020-02-14,531.478515625,750.0746459960938,759.9440307617188,745.1399536132812,759.9440307617188,1413155
2020-02-17,541.9683227539062,764.8787231445312,779.682861328125,750.0746459960938,750.0746459960938,499726
2020-02-18,527.9819946289062,745.1399536132812,769.8134155273438,745.1399536132812,764.8787231445312,2949418
2020-02-19,520.9888916015625,735.2705078125,755.0093383789062,735.2705078125,745.1399536132812,2251706
2020-02-20,520.9888916015625,735.2705078125,745.1399536132812,730.3358154296875,735.2705078125,2085435
2020-02-21,510.4992370605469,720.4664306640625,745.1399536132812,715.53173828125,745.1399536132812,2682431
2020-02-24,482.5265808105469,680.9888305664062,720.4664306640625,676.0540771484375,720.4664306640625,3991426
2020-02-25,472.0369567871094,666.1846923828125,680.9888305664062,656.3153076171875,680.9888305664062,3321781
2020-02-26,454.5540771484375,641.5111694335938,671.119384765625,621.7723999023438,661.25,4856220
2020-02-27,433.5746154785156,611.9030151367188,646.4459228515625,582.2947998046875,641.5111694335938,1889070
2020-02-28,430.0780334472656,606.96826171875,611.9030151367188,562.5559692382812,597.098876953125,6276975
2020-03-02,426.5815124511719,602.0335693359375,616.8377075195312,587.2294921875,606.96826171875,2552130
2020-03-03,430.0780334472656,606.96826171875,616.8377075195312,592.1641845703125,606.96826171875,5084806
2020-03-04,433.5746154785156,611.9030151367188,621.7723999023438,597.098876953125,611.9030151367188,8994870
2020-03-05,451.0574951171875,636.5764770507812,666.1846923828125,621.7723999023438,621.7723999023438,9846492
2020-03-06,440.5677490234375,621.7723999023438,636.5764770507812,602.0335693359375,636.5764770507812,5915048
2020-03-09,388.1192626953125,547.7518920898438,602.0335693359375,528.0130615234375,602.0335693359375,4616692
2020-03-10,416.091796875,587.2294921875,602.0335693359375,532.94775390625,537.8824462890625,18542458
2020-03-11,416.091796875,587.2294921875,597.098876953125,557.6212768554688,597.098876953125,2159401
2020-03-12,381.12603759765625,537.8824462890625,587.2294921875,537.8824462890625,587.2294921875,8751694
2020-03-13,384.6226501464844,542.817138671875,552.6865844726562,503.33953857421875,532.94775390625,2000120
2020-03-16,384.6226501464844,542.817138671875,542.817138671875,542.817138671875,542.817138671875,0
2020-03-17,335.67071533203125,473.7313537597656,508.2742614746094,473.7313537597656,508.2742614746094,3475792
2020-03-18,316.08990478515625,446.0970153808594,489.52239990234375,442.1492614746094,473.7313537597656,3090561
2020-03-19,295.1104736328125,416.4888000488281,442.1492614746094,416.4888000488281,434.25372314453125,980910
2020-03-20,314.6912536621094,444.1231384277344,444.1231384277344,388.8544921875,394.776123046875,2570773
2020-03-23,306.29949951171875,432.27984619140625,444.1231384277344,414.5149230957031,424.38433837890625,877358
2020-03-24,311.8940124511719,440.1753845214844,518.1436767578125,432.27984619140625,434.25372314453125,2325469
2020-03-26,345.4610595703125,487.5484924316406,547.7518920898438,452.0186462402344,452.0186462402344,5803390
2020-03-27,349.656982421875,493.47015380859375,542.817138671875,487.5484924316406,493.47015380859375,9928766
2020-03-30,325.8802490234375,459.9141845703125,493.47015380859375,459.9141845703125,473.7313537597656,2614038
2020-03-31,339.8665771484375,479.6529846191406,489.52239990234375,453.9925231933594,453.9925231933594,1602021
2020-04-01,328.67755126953125,463.8619384765625,491.49627685546875,463.8619384765625,479.6529846191406,1221046
2020-04-02,328.67755126953125,463.8619384765625,493.47015380859375,459.9141845703125,463.8619384765625,5123207
2020-04-03,342.6637878417969,483.6007385253906,485.5746154785156,465.8358154296875,467.8096923828125,3704479
2020-04-06,374.1329650878906,528.0130615234375,528.0130615234375,485.5746154785156,493.47015380859375,2865320
2020-04-07,391.61578369140625,552.6865844726562,592.1641845703125,503.33953857421875,552.6865844726562,3815529
2020-04-08,367.13983154296875,518.1436767578125,552.6865844726562,518.1436767578125,552.6865844726562,2549293
2020-04-09,363.6432800292969,513.208984375,523.078369140625,485.5746154785156,503.33953857421875,1663322
2020-04-13,360.14666748046875,508.2742614746094,523.078369140625,485.5746154785156,513.208984375,1511134
2020-04-14,370.6363830566406,523.078369140625,537.8824462890625,503.33953857421875,503.33953857421875,3063609
2020-04-15,363.6432800292969,513.208984375,552.6865844726562,503.33953857421875,523.078369140625,2402880
2020-04-16,349.656982421875,493.47015380859375,518.1436767578125,491.49627685546875,508.2742614746094,1076356
2020-04-17,367.13983154296875,518.1436767578125,523.078369140625,493.47015380859375,498.40484619140625,1355097
2020-04-20,370.6363830566406,523.078369140625,572.4253540039062,513.208984375,518.1436767578125,1946926
2020-04-21,360.14666748046875,508.2742614746094,523.078369140625,503.33953857421875,523.078369140625,559405
2020-04-22,353.15350341796875,498.40484619140625,503.33953857421875,487.5484924316406,503.33953857421875,2324558
2020-04-23,370.6363830566406,523.078369140625,523.078369140625,498.40484619140625,503.33953857421875,744219
2020-04-24,356.6500549316406,503.33953857421875,523.078369140625,498.40484619140625,523.078369140625,1098546
2020-04-27,353.15350341796875,498.40484619140625,508.2742614746094,493.47015380859375,508.2742614746094,952641
2020-04-28,363.6432800292969,513.208984375,518.1436767578125,498.40484619140625,513.208984375,1094493
2020-04-29,367.13983154296875,518.1436767578125,528.0130615234375,508.2742614746094,513.208984375,1246275
2020-04-30,370.6363830566406,523.078369140625,532.94775390625,508.2742614746094,518.1436767578125,3719677
2020-05-04,363.6432800292969,513.208984375,528.0130615234375,503.33953857421875,513.208984375,982126
2020-05-05,374.1329650878906,528.0130615234375,528.0130615234375,503.33953857421875,503.33953857421875,1138974
2020-05-06,377.6294860839844,532.94775390625,537.8824462890625,518.1436767578125,528.0130615234375,1917238
2020-05-08,374.1329650878906,528.0130615234375,552.6865844726562,523.078369140625,537.8824462890625,2119682
2020-05-11,398.6089172363281,562.5559692382812,562.5559692382812,528.0130615234375,542.817138671875,3932659
2020-05-12,377.6294860839844,532.94775390625,572.4253540039062,532.94775390625,562.5559692382812,2248869
2020-05-13,377.6294860839844,532.94775390625,547.7518920898438,508.2742614746094,518.1436767578125,1257421
2020-05-14,367.13983154296875,518.1436767578125,537.8824462890625,518.1436767578125,532.94775390625,732567
2020-05-15,356.6500549316406,503.33953857421875,523.078369140625,503.33953857421875,523.078369140625,2746366
2020-05-18,349.656982421875,493.47015380859375,523.078369140625,493.47015380859375,508.2742614746094,2654061
2020-05-19,367.13983154296875,518.1436767578125,557.6212768554688,503.33953857421875,508.2742614746094,3405778
2020-05-20,377.6294860839844,532.94775390625,562.5559692382812,508.2742614746094,523.078369140625,3450462
2020-05-26,384.6226501464844,542.817138671875,547.7518920898438,518.1436767578125,537.8824462890625,3127443
2020-05-27,377.6294860839844,532.94775390625,547.7518920898438,528.0130615234375,542.817138671875,1401807
2020-05-28,374.1329650878906,528.0130615234375,547.7518920898438,518.1436767578125,547.7518920898438,6383060
2020-05-29,348.2583312988281,491.49627685546875,547.7518920898438,491.49627685546875,532.94775390625,27325462
2020-06-02,360.14666748046875,508.2742614746094,513.208984375,491.49627685546875,503.33953857421875,5042148
2020-06-03,367.13983154296875,518.1436767578125,528.0130615234375,498.40484619140625,508.2742614746094,13171617
2020-06-04,374.1329650878906,528.0130615234375,547.7518920898438,518.1436767578125,523.078369140625,10247124
2020-06-05,374.1329650878906,528.0130615234375,532.94775390625,513.208984375,532.94775390625,14000036
2020-06-08,398.6089172363281,562.5559692382812,582.2947998046875,532.94775390625,532.94775390625,15377424
2020-06-09,409.0986328125,577.3600463867188,611.9030151367188,557.6212768554688,567.4906616210938,18272533
2020-06-10,381.12603759765625,537.8824462890625,582.2947998046875,537.8824462890625,577.3600463867188,16708913
2020-06-11,363.6432800292969,513.208984375,537.8824462890625,508.2742614746094,532.94775390625,8765474
2020-06-12,360.14666748046875,508.2742614746094,518.1436767578125,481.6268615722656,503.33953857421875,10559706
2020-06-15,360.14666748046875,508.2742614746094,528.0130615234375,503.33953857421875,513.208984375,5497495
2020-06-16,374.1329650878906,528.0130615234375,528.0130615234375,513.208984375,518.1436767578125,7287674
2020-06-17,395.1123352050781,557.6212768554688,557.6212768554688,523.078369140625,537.8824462890625,10393131
2020-06-18,388.1192626953125,547.7518920898438,567.4906616210938,542.817138671875,567.4906616210938,4714874
2020-06-19,391.61578369140625,552.6865844726562,557.6212768554688,542.817138671875,547.7518920898438,2888320
2020-06-22,395.1123352050781,557.6212768554688,577.3600463867188,557.6212768554688,562.5559692382812,7050071
2020-06-23,398.6089172363281,562.5559692382812,577.3600463867188,547.7518920898438,557.6212768554688,5466592
2020-06-24,398.6089172363281,562.5559692382812,582.2947998046875,562.5559692382812,567.4906616210938,4683160
2020-06-25,384.6226501464844,542.817138671875,562.5559692382812,537.8824462890625,562.5559692382812,2907268
2020-06-26,388.1192626953125,547.7518920898438,557.6212768554688,542.817138671875,542.817138671875,1520862
2020-06-29,384.6226501464844,542.817138671875,552.6865844726562,532.94775390625,542.817138671875,1926357
2020-06-30,388.1192626953125,547.7518920898438,557.6212768554688,542.817138671875,547.7518920898438,7624372
2020-07-01,388.1192626953125,547.7518920898438,557.6212768554688,542.817138671875,547.7518920898438,1804567
2020-07-02,391.61578369140625,552.6865844726562,562.5559692382812,547.7518920898438,557.6212768554688,1822501
2020-07-03,391.61578369140625,552.6865844726562,572.4253540039062,547.7518920898438,562.5559692382812,6429365
2020-07-06,402.1054992675781,567.4906616210938,572.4253540039062,552.6865844726562,557.6212768554688,2426286
2020-07-07,402.1054992675781,567.4906616210938,582.2947998046875,567.4906616210938,572.4253540039062,3627676
2020-07-08,405.60205078125,572.4253540039062,577.3600463867188,567.4906616210938,567.4906616210938,1028127
2020-07-09,409.0986328125,577.3600463867188,587.2294921875,572.4253540039062,577.3600463867188,3535168
2020-07-10,405.60205078125,572.4253540039062,587.2294921875,572.4253540039062,572.4253540039062,1054572
2020-07-13,423.0849609375,597.098876953125,597.098876953125,572.4253540039062,577.3600463867188,3210832
2020-07-14,454.5540771484375,641.5111694335938,641.5111694335938,602.0335693359375,606.96826171875,10754753
2020-07-15,465.0437927246094,656.3153076171875,676.0540771484375,641.5111694335938,651.380615234375,11285282
2020-07-16,468.54034423828125,661.25,680.9888305664062,661.25,671.119384765625,6166634
2020-07-17,482.5265808105469,680.9888305664062,680.9888305664062,656.3153076171875,666.1846923828125,4539990
2020-07-20,500.0094299316406,705.6622924804688,735.2705078125,680.9888305664062,690.8582153320312,16284470
2020-07-21,503.5059814453125,710.5969848632812,720.4664306640625,690.8582153320312,710.5969848632812,9047051
2020-07-22,493.0163879394531,695.7929077148438,715.53173828125,695.7929077148438,715.53173828125,7690333
2020-07-23,496.5127868652344,700.7276000976562,705.6622924804688,695.7929077148438,705.6622924804688,2122519
2020-07-24,500.0094299316406,705.6622924804688,715.53173828125,685.9235229492188,700.7276000976562,3765172
2020-07-27,503.5059814453125,710.5969848632812,735.2705078125,705.6622924804688,715.53173828125,5787381
2020-07-28,496.5127868652344,700.7276000976562,710.5969848632812,695.7929077148438,705.6622924804688,3310230
2020-07-29,496.5127868652344,700.7276000976562,710.5969848632812,685.9235229492188,700.7276000976562,3058239
2020-07-30,510.4992370605469,720.4664306640625,725.401123046875,705.6622924804688,720.4664306640625,11027820
2020-08-03,517.4923095703125,730.3358154296875,784.6175537109375,671.119384765625,735.2705078125,15119658
2020-08-04,520.9888916015625,735.2705078125,745.1399536132812,710.5969848632812,735.2705078125,4201064
2020-08-05,524.4854736328125,740.2052001953125,759.9440307617188,720.4664306640625,740.2052001953125,5206191
2020-08-06,531.478515625,750.0746459960938,755.0093383789062,740.2052001953125,740.2052001953125,2795508
2020-08-07,548.96142578125,774.7481079101562,789.55224609375,755.0093383789062,755.0093383789062,8932860
2020-08-10,566.4443359375,799.421630859375,814.2257690429688,774.7481079101562,774.7481079101562,6864244
2020-08-11,580.4305419921875,819.1604614257812,824.0951538085938,794.4869384765625,799.421630859375,7818912
2020-08-12,573.4373168945312,809.291015625,824.0951538085938,804.3563232421875,814.2257690429688,4642834
2020-08-13,580.4305419921875,819.1604614257812,833.9645385742188,809.291015625,814.2257690429688,4837374
2020-08-14,587.4236450195312,829.0298461914062,838.8992309570312,819.1604614257812,824.0951538085938,5086832
2020-08-18,576.9340209960938,814.2257690429688,838.8992309570312,814.2257690429688,829.0298461914062,5116824
2020-08-19,576.9340209960938,814.2257690429688,819.1604614257812,804.3563232421875,814.2257690429688,6135933
2020-08-24,569.9408569335938,804.3563232421875,819.1604614257812,794.4869384765625,814.2257690429688,7746669
2020-08-25,566.4443359375,799.421630859375,809.291015625,799.421630859375,804.3563232421875,5259993
2020-08-26,559.451171875,789.55224609375,799.421630859375,784.6175537109375,794.4869384765625,10300217
2020-08-27,555.95458984375,784.6175537109375,794.4869384765625,779.682861328125,794.4869384765625,6703951
2020-08-28,574.0050048828125,784.6175537109375,789.55224609375,764.8787231445312,769.8134155273438,12873727
2020-08-31,574.0050048828125,784.6175537109375,804.3563232421875,779.682861328125,789.55224609375,9723080
2020-09-01,588.4454345703125,804.3563232421875,804.3563232421875,779.682861328125,784.6175537109375,10018843
2020-09-02,602.8857421875,824.0951538085938,848.7686767578125,804.3563232421875,829.0298461914062,11258330
2020-09-03,606.4957885742188,829.0298461914062,838.8992309570312,814.2257690429688,824.0951538085938,8292801
2020-09-04,595.6655883789062,814.2257690429688,819.1604614257812,799.421630859375,819.1604614257812,2661863
2020-09-07,592.0554809570312,809.291015625,819.1604614257812,804.3563232421875,814.2257690429688,3806005
2020-09-08,584.8353271484375,799.421630859375,814.2257690429688,794.4869384765625,794.4869384765625,3028045
2020-09-09,559.5646362304688,764.8787231445312,799.421630859375,745.1399536132812,794.4869384765625,10094734
2020-09-10,523.4638061523438,715.53173828125,764.8787231445312,715.53173828125,759.9440307617188,12585563
2020-09-11,552.3444213867188,755.0093383789062,759.9440307617188,671.119384765625,685.9235229492188,6904267
2020-09-14,574.0050048828125,784.6175537109375,804.3563232421875,755.0093383789062,759.9440307617188,5052889
2020-09-15,570.3949584960938,779.682861328125,799.421630859375,774.7481079101562,789.55224609375,4209373
2020-09-16,566.7847900390625,774.7481079101562,799.421630859375,769.8134155273438,784.6175537109375,3297970
2020-09-17,563.1746826171875,769.8134155273438,794.4869384765625,764.8787231445312,779.682861328125,8369807
2020-09-18,574.0050048828125,784.6175537109375,789.55224609375,764.8787231445312,769.8134155273438,4843454
2020-09-21,563.1746826171875,769.8134155273438,794.4869384765625,769.8134155273438,789.55224609375,3217519
2020-09-22,548.7343139648438,750.0746459960938,759.9440307617188,740.2052001953125,759.9440307617188,3440734
2020-09-23,537.9041137695312,735.2705078125,764.8787231445312,730.3358154296875,750.0746459960938,2542504
2020-09-24,519.853515625,710.5969848632812,730.3358154296875,705.6622924804688,730.3358154296875,3092689
2020-09-25,534.2940063476562,730.3358154296875,735.2705078125,705.6622924804688,710.5969848632812,2530041
2020-09-28,534.2940063476562,730.3358154296875,745.1399536132812,720.4664306640625,730.3358154296875,930958
2020-09-29,527.0738525390625,720.4664306640625,750.0746459960938,720.4664306640625,730.3358154296875,2219181
2020-09-30,530.6838989257812,725.401123046875,730.3358154296875,705.6622924804688,715.53173828125,2082699
2020-10-01,541.5142211914062,740.2052001953125,745.1399536132812,725.401123046875,725.401123046875,2183617
2020-10-02,519.853515625,710.5969848632812,745.1399536132812,710.5969848632812,745.1399536132812,1182138
2020-10-05,523.4638061523438,715.53173828125,735.2705078125,710.5969848632812,715.53173828125,1704257
2020-10-06,527.0738525390625,720.4664306640625,730.3358154296875,715.53173828125,730.3358154296875,1048796
2020-10-07,530.6838989257812,725.401123046875,735.2705078125,720.4664306640625,730.3358154296875,369829
2020-10-08,534.2940063476562,730.3358154296875,740.2052001953125,725.401123046875,740.2052001953125,1040083
2020-10-09,552.3444213867188,755.0093383789062,759.9440307617188,730.3358154296875,730.3358154296875,2165277
2020-10-12,555.9545288085938,759.9440307617188,769.8134155273438,750.0746459960938,750.0746459960938,2192837
2020-10-13,548.7343139648438,750.0746459960938,764.8787231445312,745.1399536132812,764.8787231445312,2885990
2020-10-14,552.3444213867188,755.0093383789062,755.0093383789062,745.1399536132812,750.0746459960938,1997587
2020-10-15,548.7343139648438,750.0746459960938,764.8787231445312,750.0746459960938,755.0093383789062,1632216
2020-10-16,545.124267578125,745.1399536132812,755.0093383789062,730.3358154296875,750.0746459960938,2230530
2020-10-19,541.5142211914062,740.2052001953125,750.0746459960938,735.2705078125,745.1399536132812,1096114
2020-10-20,537.9041137695312,735.2705078125,740.2052001953125,730.3358154296875,740.2052001953125,752223
2020-10-21,541.5142211914062,740.2052001953125,750.0746459960938,730.3358154296875,735.2705078125,954363
2020-10-22,545.124267578125,745.1399536132812,745.1399536132812,735.2705078125,740.2052001953125,824872
2020-10-23,541.5142211914062,740.2052001953125,750.0746459960938,740.2052001953125,750.0746459960938,753034
2020-10-26,548.7343139648438,750.0746459960938,755.0093383789062,735.2705078125,745.1399536132812,1644172
2020-10-27,545.124267578125,745.1399536132812,769.8134155273438,745.1399536132812,759.9440307617188,2626197
2020-11-02,537.9041137695312,735.2705078125,745.1399536132812,710.5969848632812,745.1399536132812,2652034
2020-11-03,534.2940063476562,730.3358154296875,745.1399536132812,725.401123046875,735.2705078125,1815510
2020-11-04,537.9041137695312,735.2705078125,745.1399536132812,730.3358154296875,730.3358154296875,1508804
2020-11-05,548.7343139648438,750.0746459960938,759.9440307617188,735.2705078125,745.1399536132812,1415080
2020-11-06,555.9545288085938,759.9440307617188,759.9440307617188,750.0746459960938,750.0746459960938,1122965
2020-11-09,559.5646362304688,764.8787231445312,779.682861328125,755.0093383789062,764.8787231445312,1957058
2020-11-10,559.5646362304688,764.8787231445312,779.682861328125,764.8787231445312,769.8134155273438,2763794
2020-11-11,570.3949584960938,779.682861328125,784.6175537109375,759.9440307617188,759.9440307617188,4303806
2020-11-12,577.6151123046875,789.55224609375,809.291015625,784.6175537109375,789.55224609375,9666744
2020-11-13,581.2252807617188,794.4869384765625,804.3563232421875,789.55224609375,789.55224609375,2498226
2020-11-16,577.6151123046875,789.55224609375,804.3563232421875,784.6175537109375,799.421630859375,3677932
2020-11-17,570.3949584960938,779.682861328125,799.421630859375,769.8134155273438,789.55224609375,5569131
2020-11-18,566.7847900390625,774.7481079101562,779.682861328125,769.8134155273438,779.682861328125,4166614
2020-11-19,574.0050048828125,784.6175537109375,789.55224609375,769.8134155273438,779.682861328125,5041743
2020-11-20,574.0050048828125,784.6175537109375,794.4869384765625,774.7481079101562,794.4869384765625,3571745
2020-11-23,570.3949584960938,779.682861328125,789.55224609375,769.8134155273438,789.55224609375,7232858
2020-11-24,566.7847900390625,774.7481079101562,789.55224609375,774.7481079101562,779.682861328125,5062818
2020-11-25,563.1746826171875,769.8134155273438,789.55224609375,769.8134155273438,774.7481079101562,7207426
2020-11-26,563.1746826171875,769.8134155273438,779.682861328125,764.8787231445312,774.7481079101562,2683242
2020-11-27,592.0554809570312,809.291015625,819.1604614257812,764.8787231445312,769.8134155273438,18881993
2020-11-30,584.8353271484375,799.421630859375,853.703369140625,789.55224609375,824.0951538085938,24169547
2020-12-01,584.8353271484375,799.421630859375,819.1604614257812,779.682861328125,799.421630859375,5439741
2020-12-02,592.0554809570312,809.291015625,819.1604614257812,799.421630859375,799.421630859375,5733477
2020-12-03,592.0554809570312,809.291015625,829.0298461914062,809.291015625,829.0298461914062,5251381
2020-12-04,574.0050048828125,784.6175537109375,809.291015625,755.0093383789062,809.291015625,9100955
2020-12-07,584.8353271484375,799.421630859375,809.291015625,784.6175537109375,784.6175537109375,8671345
2020-12-08,581.2252807617188,794.4869384765625,809.291015625,789.55224609375,809.291015625,4987029
2020-12-10,581.2252807617188,794.4869384765625,804.3563232421875,789.55224609375,804.3563232421875,3393011
2020-12-11,581.2252807617188,794.4869384765625,804.3563232421875,784.6175537109375,794.4869384765625,3194215
2020-12-14,584.8353271484375,799.421630859375,809.291015625,789.55224609375,794.4869384765625,4070357
2020-12-15,584.8353271484375,799.421630859375,814.2257690429688,799.421630859375,799.421630859375,4596630
2020-12-16,599.275634765625,819.1604614257812,824.0951538085938,804.3563232421875,804.3563232421875,8151759
2020-12-17,592.0554809570312,809.291015625,824.0951538085938,809.291015625,824.0951538085938,4175227
2020-12-18,599.275634765625,819.1604614257812,824.0951538085938,809.291015625,814.2257690429688,4015136
2020-12-21,646.2069091796875,883.3115844726562,883.3115844726562,824.0951538085938,829.0298461914062,19328727
2020-12-22,613.716064453125,838.8992309570312,898.1156616210938,833.9645385742188,883.3115844726562,15201831
2020-12-23,599.275634765625,819.1604614257812,863.57275390625,794.4869384765625,843.833984375,9394387
2020-12-28,700.3583374023438,957.3320922851562,962.2667846679688,819.1604614257812,819.1604614257812,58718242
2020-12-29,671.4776000976562,917.8544921875,982.005615234375,917.8544921875,967.2014770507812,21479617
2020-12-30,675.087646484375,922.7891845703125,967.2014770507812,903.0503540039062,922.7891845703125,20605197
2021-01-04,729.2390747070312,996.8096923828125,1011.6138305664062,937.59326171875,937.59326171875,38688763
2021-01-05,743.679443359375,1016.5485229492188,1046.15673828125,996.8096923828125,1006.6790771484375,32549689
2021-01-06,743.679443359375,1016.5485229492188,1046.15673828125,972.1361694335938,1031.3526611328125,20449058
2021-01-07,743.679443359375,1016.5485229492188,1085.63427734375,1006.6790771484375,1026.41796875,16356409
2021-01-08,736.459228515625,1006.6790771484375,1026.41796875,1001.744384765625,1016.5485229492188,11121442
2021-01-11,725.6289672851562,991.875,1016.5485229492188,982.005615234375,1006.6790771484375,19047454
2021-01-12,696.748291015625,952.3973999023438,991.875,947.4627075195312,977.0709228515625,14490440
2021-01-13,729.2390747070312,996.8096923828125,1016.5485229492188,937.59326171875,952.3973999023438,19646274
2021-01-14,718.4087524414062,982.005615234375,1026.41796875,977.0709228515625,1011.6138305664062,19572308
2021-01-15,711.1885986328125,972.1361694335938,991.875,962.2667846679688,986.9403076171875,8425534
2021-01-18,678.69775390625,927.723876953125,986.9403076171875,927.723876953125,972.1361694335938,17454247
2021-01-19,667.8674926757812,912.9197998046875,962.2667846679688,893.1809692382812,937.59326171875,12382410
2021-01-20,675.087646484375,922.7891845703125,952.3973999023438,893.1809692382812,903.0503540039062,6382047
2021-01-21,693.1382446289062,947.4627075195312,962.2667846679688,917.8544921875,922.7891845703125,9511314
2021-01-22,736.459228515625,1006.6790771484375,1051.0914306640625,962.2667846679688,972.1361694335938,71619934
2021-01-25,696.748291015625,952.3973999023438,1016.5485229492188,937.59326171875,1011.6138305664062,18849569
2021-01-26,667.8674926757812,912.9197998046875,972.1361694335938,907.9850463867188,952.3973999023438,15265057
2021-01-27,678.69775390625,927.723876953125,932.6585693359375,863.57275390625,912.9197998046875,18681981
2021-01-28,642.596923828125,878.3768920898438,952.3973999023438,868.5074462890625,932.6585693359375,14297420
2021-01-29,642.596923828125,878.3768920898438,912.9197998046875,838.8992309570312,888.2462768554688,12370758
2021-02-01,664.25732421875,907.9850463867188,912.9197998046875,853.703369140625,878.3768920898438,10440854
2021-02-02,653.4270629882812,893.1809692382812,932.6585693359375,893.1809692382812,917.8544921875,7422738
2021-02-03,653.4270629882812,893.1809692382812,912.9197998046875,888.2462768554688,898.1156616210938,3657060
2021-02-04,664.25732421875,907.9850463867188,917.8544921875,878.3768920898438,893.1809692382812,5403670
2021-02-05,689.528076171875,942.5280151367188,986.9403076171875,922.7891845703125,937.59326171875,26129341
2021-02-08,700.3583374023438,957.3320922851562,962.2667846679688,942.5280151367188,942.5280151367188,7325265
2021-02-09,718.4087524414062,982.005615234375,1006.6790771484375,952.3973999023438,962.2667846679688,23852506
2021-02-10,703.9684448242188,962.2667846679688,996.8096923828125,957.3320922851562,986.9403076171875,6630593
2021-02-11,689.528076171875,942.5280151367188,967.2014770507812,942.5280151367188,952.3973999023438,3599609
2021-02-15,689.528076171875,942.5280151367188,967.2014770507812,942.5280151367188,942.5280151367188,4825317
2021-02-16,707.578369140625,967.2014770507812,977.0709228515625,952.3973999023438,967.2014770507812,7474514
2021-02-17,693.1382446289062,947.4627075195312,967.2014770507812,937.59326171875,967.2014770507812,5592739
2021-02-18,693.1382446289062,947.4627075195312,967.2014770507812,937.59326171875,952.3973999023438,2979511
2021-02-19,682.3079223632812,932.6585693359375,947.4627075195312,898.1156616210938,947.4627075195312,3988387
2021-02-22,678.69775390625,927.723876953125,942.5280151367188,917.8544921875,932.6585693359375,2994102
2021-02-23,689.528076171875,942.5280151367188,942.5280151367188,927.723876953125,932.6585693359375,2490829
2021-02-24,693.1382446289062,947.4627075195312,957.3320922851562,932.6585693359375,952.3973999023438,5461019
2021-02-25,693.1382446289062,947.4627075195312,977.0709228515625,942.5280151367188,977.0709228515625,3243154
2021-02-26,682.3079223632812,932.6585693359375,942.5280151367188,907.9850463867188,937.59326171875,3853323
2021-03-01,682.3079223632812,932.6585693359375,942.5280151367188,927.723876953125,942.5280151367188,2184934
2021-03-02,682.3079223632812,932.6585693359375,947.4627075195312,927.723876953125,942.5280151367188,3063103
2021-03-03,675.087646484375,922.7891845703125,942.5280151367188,922.7891845703125,932.6585693359375,1768090
2021-03-04,671.4776000976562,917.8544921875,927.723876953125,912.9197998046875,922.7891845703125,1786936
2021-03-05,664.25732421875,907.9850463867188,917.8544921875,907.9850463867188,917.8544921875,2458304
2021-03-08,682.3079223632812,932.6585693359375,942.5280151367188,917.8544921875,937.59326171875,4665935
2021-03-09,700.3583374023438,957.3320922851562,977.0709228515625,937.59326171875,947.4627075195312,19056269
2021-03-10,693.1382446289062,947.4627075195312,977.0709228515625,942.5280151367188,967.2014770507812,4457615
2021-03-12,711.1885986328125,972.1361694335938,982.005615234375,947.4627075195312,957.3320922851562,19114327
2021-03-15,718.4087524414062,982.005615234375,1006.6790771484375,982.005615234375,986.9403076171875,14433699
2021-03-16,696.748291015625,952.3973999023438,986.9403076171875,952.3973999023438,957.3320922851562,6760996
2021-03-17,682.3079223632812,932.6585693359375,952.3973999023438,917.8544921875,952.3973999023438,7661152
2021-03-18,685.9179077148438,937.59326171875,957.3320922851562,927.723876953125,937.59326171875,4252739
2021-03-19,689.528076171875,942.5280151367188,942.5280151367188,912.9197998046875,927.723876953125,2837456
2021-03-22,678.69775390625,927.723876953125,947.4627075195312,922.7891845703125,942.5280151367188,4087785
2021-03-23,675.087646484375,922.7891845703125,947.4627075195312,912.9197998046875,947.4627075195312,4306846
2021-03-24,660.6472778320312,903.0503540039062,927.723876953125,893.1809692382812,922.7891845703125,6319936
2021-03-25,667.8674926757812,912.9197998046875,917.8544921875,893.1809692382812,903.0503540039062,4785294
2021-03-26,667.8674926757812,912.9197998046875,927.723876953125,907.9850463867188,912.9197998046875,1612660
2021-03-29,660.6472778320312,903.0503540039062,917.8544921875,893.1809692382812,912.9197998046875,2894501
2021-03-30,653.4270629882812,893.1809692382812,907.9850463867188,893.1809692382812,903.0503540039062,2575029
2021-03-31,646.2069091796875,883.3115844726562,898.1156616210938,863.57275390625,898.1156616210938,5675723
2021-04-01,653.4270629882812,893.1809692382812,898.1156616210938,878.3768920898438,878.3768920898438,2183313
2021-04-05,653.4270629882812,893.1809692382812,903.0503540039062,888.2462768554688,893.1809692382812,1541227
2021-04-06,653.4270629882812,893.1809692382812,898.1156616210938,888.2462768554688,893.1809692382812,1573043
2021-04-07,657.0371704101562,898.1156616210938,903.0503540039062,888.2462768554688,898.1156616210938,941495
2021-04-08,664.25732421875,907.9850463867188,917.8544921875,898.1156616210938,898.1156616210938,1514782
2021-04-09,653.4270629882812,893.1809692382812,917.8544921875,893.1809692382812,907.9850463867188,1331894
2021-04-12,638.9867553710938,873.442138671875,912.9197998046875,873.442138671875,898.1156616210938,2715767
2021-04-13,628.1564331054688,858.6380615234375,888.2462768554688,848.7686767578125,888.2462768554688,4732505
2021-04-14,638.9867553710938,873.442138671875,888.2462768554688,858.6380615234375,858.6380615234375,2089690
2021-04-15,638.9867553710938,873.442138671875,888.2462768554688,873.442138671875,878.3768920898438,825176
2021-04-16,638.9867553710938,873.442138671875,888.2462768554688,873.442138671875,883.3115844726562,892556
2021-04-19,638.9867553710938,873.442138671875,888.2462768554688,868.5074462890625,878.3768920898438,1163900
2021-04-20,635.3765869140625,868.5074462890625,883.3115844726562,863.57275390625,873.442138671875,776034
2021-04-21,653.4270629882812,893.1809692382812,898.1156616210938,873.442138671875,873.442138671875,1552576
2021-04-22,649.8170166015625,888.2462768554688,912.9197998046875,873.442138671875,903.0503540039062,3079416
2021-04-23,653.4270629882812,893.1809692382812,893.1809692382812,878.3768920898438,888.2462768554688,1062475
2021-04-26,638.9867553710938,873.442138671875,898.1156616210938,873.442138671875,893.1809692382812,1534337
2021-04-27,638.9867553710938,873.442138671875,883.3115844726562,868.5074462890625,873.442138671875,1205240
2021-04-28,635.3765869140625,868.5074462890625,888.2462768554688,868.5074462890625,878.3768920898438,1263196
2021-04-29,642.596923828125,878.3768920898438,878.3768920898438,858.6380615234375,868.5074462890625,3264027
2021-04-30,638.9867553710938,873.442138671875,878.3768920898438,873.442138671875,878.3768920898438,1054268
2021-05-03,638.9867553710938,873.442138671875,883.3115844726562,858.6380615234375,878.3768920898438,1372423
2021-05-04,638.9867553710938,873.442138671875,888.2462768554688,868.5074462890625,878.3768920898438,2537134
2021-05-05,646.2069091796875,883.3115844726562,888.2462768554688,873.442138671875,883.3115844726562,2948810
2021-05-06,649.8170166015625,888.2462768554688,898.1156616210938,878.3768920898438,888.2462768554688,1599894
2021-05-07,646.2069091796875,883.3115844726562,898.1156616210938,883.3115844726562,893.1809692382812,2418586
2021-05-10,660.6472778320312,903.0503540039062,903.0503540039062,883.3115844726562,888.2462768554688,3831032
2021-05-11,649.8170166015625,888.2462768554688,903.0503540039062,888.2462768554688,903.0503540039062,1891097
2021-05-17,646.2069091796875,883.3115844726562,898.1156616210938,863.57275390625,888.2462768554688,2849513
2021-05-18,638.9867553710938,873.442138671875,883.3115844726562,863.57275390625,883.3115844726562,1401503
2021-05-19,631.7665405273438,863.57275390625,878.3768920898438,863.57275390625,873.442138671875,1652480
2021-05-20,635.3765869140625,868.5074462890625,873.442138671875,863.57275390625,863.57275390625,1011915
2021-05-21,610.1058959960938,833.9645385742188,873.442138671875,829.0298461914062,868.5074462890625,4327718
2021-05-24,599.275634765625,819.1604614257812,833.9645385742188,814.2257690429688,833.9645385742188,1766874
2021-05-25,606.4957885742188,829.0298461914062,833.9645385742188,809.291015625,819.1604614257812,1037854
2021-05-27,620.9362182617188,848.7686767578125,868.5074462890625,824.0951538085938,829.0298461914062,1022655
2021-05-28,617.3261108398438,843.833984375,848.7686767578125,829.0298461914062,848.7686767578125,1553589
2021-05-31,617.3261108398438,843.833984375,848.7686767578125,833.9645385742188,843.833984375,740976
2021-06-02,624.5464477539062,853.703369140625,858.6380615234375,838.8992309570312,843.833984375,1770623
2021-06-03,635.3765869140625,868.5074462890625,878.3768920898438,858.6380615234375,863.57275390625,1309501
2021-06-04,628.1564331054688,858.6380615234375,878.3768920898438,848.7686767578125,868.5074462890625,1685917
2021-06-07,624.5464477539062,853.703369140625,868.5074462890625,843.833984375,853.703369140625,525361
2021-06-08,610.1058959960938,833.9645385742188,853.703369140625,824.0951538085938,853.703369140625,1983605
2021-06-09,606.4957885742188,829.0298461914062,833.9645385742188,824.0951538085938,829.0298461914062,1492491
2021-06-10,602.8857421875,824.0951538085938,833.9645385742188,824.0951538085938,829.0298461914062,1332603
2021-06-11,613.716064453125,838.8992309570312,838.8992309570312,809.291015625,829.0298461914062,2468133
2021-06-14,606.4957885742188,829.0298461914062,838.8992309570312,819.1604614257812,838.8992309570312,1034611
2021-06-15,599.275634765625,819.1604614257812,829.0298461914062,814.2257690429688,824.0951538085938,1865057
2021-06-16,606.4957885742188,829.0298461914062,829.0298461914062,814.2257690429688,819.1604614257812,489087
2021-06-17,592.0554809570312,809.291015625,833.9645385742188,809.291015625,829.0298461914062,1302814
2021-06-18,574.0050048828125,784.6175537109375,809.291015625,764.8787231445312,809.291015625,4452143
2021-06-21,566.7847900390625,774.7481079101562,784.6175537109375,750.0746459960938,784.6175537109375,1519747
2021-06-22,577.6151123046875,789.55224609375,794.4869384765625,769.8134155273438,774.7481079101562,1314567
2021-06-23,574.0050048828125,784.6175537109375,794.4869384765625,769.8134155273438,789.55224609375,1272822
2021-06-24,559.5646362304688,764.8787231445312,784.6175537109375,750.0746459960938,784.6175537109375,1359352
2021-06-25,563.1746826171875,769.8134155273438,774.7481079101562,764.8787231445312,764.8787231445312,388675
2021-06-28,574.0050048828125,784.6175537109375,809.291015625,755.0093383789062,774.7481079101562,1652176
2021-06-29,563.1746826171875,769.8134155273438,809.291015625,769.8134155273438,784.6175537109375,2068919
2021-06-30,577.6151123046875,789.55224609375,799.421630859375,759.9440307617188,769.8134155273438,1064502
2021-07-01,574.0050048828125,784.6175537109375,804.3563232421875,769.8134155273438,789.55224609375,1499482
2021-07-02,588.4454345703125,804.3563232421875,809.291015625,784.6175537109375,784.6175537109375,1258232
2021-07-05,592.0554809570312,809.291015625,814.2257690429688,799.421630859375,809.291015625,794171
2021-07-06,588.4454345703125,804.3563232421875,824.0951538085938,799.421630859375,809.291015625,581190
2021-07-07,574.0050048828125,784.6175537109375,804.3563232421875,784.6175537109375,804.3563232421875,828216
2021-07-08,574.0050048828125,784.6175537109375,794.4869384765625,779.682861328125,789.55224609375,367296
2021-07-09,566.7847900390625,774.7481079101562,789.55224609375,769.8134155273438,784.6175537109375,1039880
2021-07-12,574.0050048828125,784.6175537109375,789.55224609375,774.7481079101562,774.7481079101562,541167
2021-07-13,570.3949584960938,779.682861328125,794.4869384765625,769.8134155273438,789.55224609375,1127018
2021-07-14,570.3949584960938,779.682861328125,794.4869384765625,774.7481079101562,784.6175537109375,619895
2021-07-15,577.6151123046875,789.55224609375,794.4869384765625,779.682861328125,779.682861328125,290797
2021-07-16,574.0050048828125,784.6175537109375,799.421630859375,779.682861328125,789.55224609375,675927
2021-07-19,581.2252807617188,794.4869384765625,799.421630859375,779.682861328125,789.55224609375,1378401
2021-07-21,588.4454345703125,804.3563232421875,824.0951538085938,789.55224609375,794.4869384765625,2489208
2021-07-22,602.8857421875,824.0951538085938,829.0298461914062,809.291015625,809.291015625,1289338
2021-07-23,602.8857421875,824.0951538085938,833.9645385742188,824.0951538085938,829.0298461914062,1145560
2021-07-26,602.8857421875,824.0951538085938,838.8992309570312,819.1604614257812,833.9645385742188,1382454
2021-07-27,599.275634765625,819.1604614257812,829.0298461914062,819.1604614257812,824.0951538085938,907147
2021-07-28,588.4454345703125,804.3563232421875,829.0298461914062,789.55224609375,819.1604614257812,1261069
2021-07-29,592.0554809570312,809.291015625,819.1604614257812,804.3563232421875,814.2257690429688,656270
2021-07-30,577.6151123046875,789.55224609375,819.1604614257812,789.55224609375,814.2257690429688,1090643
2021-08-02,592.0554809570312,809.291015625,814.2257690429688,789.55224609375,789.55224609375,611283
2021-08-03,581.2252807617188,794.4869384765625,833.9645385742188,789.55224609375,819.1604614257812,2026971
2021-08-04,584.8353271484375,799.421630859375,809.291015625,789.55224609375,789.55224609375,1158834
2021-08-05,588.4454345703125,804.3563232421875,814.2257690429688,794.4869384765625,799.421630859375,1676595
2021-08-06,588.4454345703125,804.3563232421875,814.2257690429688,789.55224609375,809.291015625,1454697
2021-08-09,592.0554809570312,809.291015625,819.1604614257812,804.3563232421875,809.291015625,2523860
2021-08-10,588.3318481445312,779.682861328125,794.4869384765625,774.7481079101562,789.55224609375,1432001
2021-08-12,610.6734619140625,809.291015625,814.2257690429688,779.682861328125,779.682861328125,2700062
2021-08-13,599.5027465820312,794.4869384765625,814.2257690429688,789.55224609375,809.291015625,2652744
2021-08-16,595.779052734375,789.55224609375,799.421630859375,784.6175537109375,794.4869384765625,1132591
2021-08-18,588.3318481445312,779.682861328125,794.4869384765625,779.682861328125,789.55224609375,1699393
2021-08-19,580.8845825195312,769.8134155273438,784.6175537109375,769.8134155273438,779.682861328125,1019818
2021-08-20,577.1610107421875,764.8787231445312,769.8134155273438,750.0746459960938,769.8134155273438,1977728
2021-08-23,588.3318481445312,779.682861328125,779.682861328125,764.8787231445312,764.8787231445312,1331691
2021-08-24,588.3318481445312,779.682861328125,784.6175537109375,774.7481079101562,779.682861328125,712302
2021-08-25,584.6082153320312,774.7481079101562,784.6175537109375,774.7481079101562,784.6175537109375,1476482
2021-08-26,580.8845825195312,769.8134155273438,779.682861328125,769.8134155273438,774.7481079101562,846961
2021-08-27,577.1610107421875,764.8787231445312,774.7481079101562,759.9440307617188,769.8134155273438,678156
2021-08-30,584.6082153320312,774.7481079101562,779.682861328125,764.8787231445312,764.8787231445312,2018055
2021-08-31,592.0554809570312,784.6175537109375,784.6175537109375,774.7481079101562,779.682861328125,1034611
2021-09-01,584.6082153320312,774.7481079101562,789.55224609375,769.8134155273438,784.6175537109375,2019777
2021-09-02,588.3318481445312,779.682861328125,784.6175537109375,774.7481079101562,784.6175537109375,3015075
2021-09-03,588.3318481445312,779.682861328125,784.6175537109375,774.7481079101562,784.6175537109375,2123634
2021-09-06,595.779052734375,789.55224609375,789.55224609375,779.682861328125,779.682861328125,1543254
2021-09-07,595.779052734375,789.55224609375,789.55224609375,774.7481079101562,789.55224609375,887389
2021-09-08,592.0554809570312,784.6175537109375,789.55224609375,774.7481079101562,789.55224609375,1453988
2021-09-09,584.6082153320312,774.7481079101562,784.6175537109375,769.8134155273438,784.6175537109375,1039880
2021-09-10,580.8845825195312,769.8134155273438,774.7481079101562,764.8787231445312,774.7481079101562,1524610
2021-09-13,580.8845825195312,769.8134155273438,769.8134155273438,759.9440307617188,769.8134155273438,1877215
2021-09-14,584.6082153320312,774.7481079101562,774.7481079101562,764.8787231445312,769.8134155273438,1295215
2021-09-15,584.6082153320312,774.7481079101562,774.7481079101562,764.8787231445312,774.7481079101562,716760
2021-09-16,588.3318481445312,779.682861328125,784.6175537109375,774.7481079101562,774.7481079101562,795995
2021-09-17,584.6082153320312,774.7481079101562,784.6175537109375,769.8134155273438,779.682861328125,672279
2021-09-20,580.8845825195312,769.8134155273438,774.7481079101562,764.8787231445312,774.7481079101562,986483
2021-09-21,580.8845825195312,769.8134155273438,769.8134155273438,759.9440307617188,769.8134155273438,687883
2021-09-22,573.4373168945312,759.9440307617188,769.8134155273438,759.9440307617188,769.8134155273438,2931382
2021-09-23,577.1610107421875,764.8787231445312,769.8134155273438,759.9440307617188,759.9440307617188,455549
2021-09-24,577.1610107421875,764.8787231445312,774.7481079101562,764.8787231445312,769.8134155273438,717672
2021-09-27,584.6082153320312,774.7481079101562,774.7481079101562,764.8787231445312,764.8787231445312,787686
2021-09-28,621.8444213867188,824.0951538085938,824.0951538085938,769.8134155273438,779.682861328125,7889433
2021-09-29,621.8444213867188,824.0951538085938,858.6380615234375,789.55224609375,814.2257690429688,8216505
2021-09-30,621.8444213867188,824.0951538085938,838.8992309570312,809.291015625,824.0951538085938,3130989
2021-10-01,640.4625244140625,848.7686767578125,858.6380615234375,824.0951538085938,824.0951538085938,4845784
2021-10-04,647.9097900390625,858.6380615234375,873.442138671875,843.833984375,858.6380615234375,2845764
2021-10-05,647.9097900390625,858.6380615234375,873.442138671875,848.7686767578125,873.442138671875,4815792
2021-10-06,662.8043212890625,878.3768920898438,898.1156616210938,858.6380615234375,858.6380615234375,12760143
2021-10-07,636.7388916015625,843.833984375,893.1809692382812,843.833984375,883.3115844726562,5100713
2021-10-08,651.6333618164062,863.57275390625,868.5074462890625,848.7686767578125,848.7686767578125,2337223
2021-10-11,655.3569946289062,868.5074462890625,893.1809692382812,863.57275390625,863.57275390625,3145073
2021-10-12,662.8043212890625,878.3768920898438,888.2462768554688,868.5074462890625,868.5074462890625,1976613
2021-10-13,662.8043212890625,878.3768920898438,888.2462768554688,868.5074462890625,888.2462768554688,2712423
2021-10-14,662.8043212890625,878.3768920898438,898.1156616210938,878.3768920898438,888.2462768554688,3423206
2021-10-15,666.52783203125,883.3115844726562,888.2462768554688,848.7686767578125,848.7686767578125,1034510
2021-10-18,662.8043212890625,878.3768920898438,893.1809692382812,878.3768920898438,888.2462768554688,2275010
2021-10-19,659.0806274414062,873.442138671875,888.2462768554688,863.57275390625,878.3768920898438,2366404
2021-10-21,655.3569946289062,868.5074462890625,888.2462768554688,868.5074462890625,878.3768920898438,1801020
2021-10-22,655.3569946289062,868.5074462890625,873.442138671875,858.6380615234375,868.5074462890625,1214764
2021-10-25,662.8043212890625,878.3768920898438,883.3115844726562,868.5074462890625,868.5074462890625,1308792
2021-10-26,662.8043212890625,878.3768920898438,883.3115844726562,873.442138671875,878.3768920898438,1319735
2021-10-27,651.6333618164062,863.57275390625,878.3768920898438,863.57275390625,878.3768920898438,1270897
2021-10-28,625.5679931640625,829.0298461914062,863.57275390625,829.0298461914062,858.6380615234375,2034368
2021-10-29,644.1862182617188,853.703369140625,863.57275390625,829.0298461914062,833.9645385742188,876446
2021-11-01,644.1862182617188,853.703369140625,863.57275390625,853.703369140625,853.703369140625,813727
2021-11-02,640.4625244140625,848.7686767578125,878.3768920898438,848.7686767578125,853.703369140625,4143107
2021-11-03,651.6333618164062,863.57275390625,868.5074462890625,853.703369140625,853.703369140625,743611
2021-11-04,662.8043212890625,878.3768920898438,878.3768920898438,863.57275390625,863.57275390625,1231786
2021-11-05,655.3569946289062,868.5074462890625,888.2462768554688,868.5074462890625,878.3768920898438,1385798
2021-11-08,655.3569946289062,868.5074462890625,883.3115844726562,868.5074462890625,868.5074462890625,857093
2021-11-09,651.6333618164062,863.57275390625,873.442138671875,863.57275390625,868.5074462890625,824669
2021-11-10,640.4625244140625,848.7686767578125,868.5074462890625,838.8992309570312,868.5074462890625,2225970
2021-11-11,636.7388916015625,843.833984375,853.703369140625,843.833984375,853.703369140625,800352
2021-11-12,636.7388916015625,843.833984375,853.703369140625,843.833984375,848.7686767578125,432650
2021-11-15,629.2916259765625,833.9645385742188,848.7686767578125,833.9645385742188,843.833984375,871987
2021-11-16,633.0152587890625,838.8992309570312,843.833984375,833.9645385742188,833.9645385742188,561533
2021-11-17,625.5679931640625,829.0298461914062,848.7686767578125,824.0951538085938,838.8992309570312,2021804
2021-11-18,614.397216796875,814.2257690429688,838.8992309570312,814.2257690429688,833.9645385742188,2217155
2021-11-19,614.397216796875,814.2257690429688,824.0951538085938,809.291015625,814.2257690429688,2565910
2021-11-22,618.1207885742188,819.1604614257812,824.0951538085938,809.291015625,814.2257690429688,1249822
2021-11-23,618.1207885742188,819.1604614257812,824.0951538085938,814.2257690429688,819.1604614257812,973513
2021-11-24,614.397216796875,814.2257690429688,819.1604614257812,814.2257690429688,819.1604614257812,956998
2021-11-25,618.1207885742188,819.1604614257812,824.0951538085938,814.2257690429688,814.2257690429688,1851783
2021-11-26,603.226318359375,799.421630859375,819.1604614257812,794.4869384765625,819.1604614257812,2514336
2021-11-29,595.779052734375,789.55224609375,804.3563232421875,784.6175537109375,789.55224609375,1376881
2021-11-30,595.779052734375,789.55224609375,814.2257690429688,789.55224609375,794.4869384765625,744219
2021-12-01,588.3318481445312,779.682861328125,814.2257690429688,779.682861328125,799.421630859375,1850973
2021-12-02,588.3318481445312,779.682861328125,784.6175537109375,759.9440307617188,779.682861328125,1884207
2021-12-03,584.6082153320312,774.7481079101562,804.3563232421875,769.8134155273438,769.8134155273438,565079
2021-12-06,592.0554809570312,784.6175537109375,789.55224609375,774.7481079101562,774.7481079101562,771880
2021-12-07,595.779052734375,789.55224609375,799.421630859375,784.6175537109375,784.6175537109375,723245
2021-12-08,592.0554809570312,784.6175537109375,794.4869384765625,784.6175537109375,789.55224609375,491519
2021-12-09,588.3318481445312,779.682861328125,789.55224609375,769.8134155273438,784.6175537109375,522118
2021-12-10,592.0554809570312,784.6175537109375,789.55224609375,779.682861328125,779.682861328125,967535
2021-12-13,595.779052734375,789.55224609375,799.421630859375,784.6175537109375,789.55224609375,733884
2021-12-14,595.779052734375,789.55224609375,799.421630859375,784.6175537109375,789.55224609375,355137
2021-12-15,595.779052734375,789.55224609375,794.4869384765625,784.6175537109375,789.55224609375,807242
2021-12-16,588.3318481445312,779.682861328125,789.55224609375,774.7481079101562,789.55224609375,848480
2021-12-17,588.3318481445312,779.682861328125,784.6175537109375,774.7481079101562,779.682861328125,525057
2021-12-20,580.8845825195312,769.8134155273438,784.6175537109375,769.8134155273438,779.682861328125,1451354
2021-12-21,580.8845825195312,769.8134155273438,779.682861328125,764.8787231445312,769.8134155273438,821022
2021-12-22,584.6082153320312,774.7481079101562,774.7481079101562,769.8134155273438,769.8134155273438,365574
2021-12-23,592.0554809570312,784.6175537109375,784.6175537109375,764.8787231445312,774.7481079101562,1487526
2021-12-24,592.0554809570312,784.6175537109375,804.3563232421875,774.7481079101562,784.6175537109375,383508
2021-12-27,592.0554809570312,784.6175537109375,789.55224609375,774.7481079101562,784.6175537109375,525057
2021-12-28,592.0554809570312,784.6175537109375,804.3563232421875,774.7481079101562,784.6175537109375,914138
2021-12-29,592.0554809570312,784.6175537109375,794.4869384765625,784.6175537109375,789.55224609375,742902
2021-12-30,592.0554809570312,784.6175537109375,794.4869384765625,784.6175537109375,784.6175537109375,908058
2022-01-03,595.779052734375,789.55224609375,794.4869384765625,779.682861328125,784.6175537109375,807951
2022-01-04,592.0554809570312,784.6175537109375,794.4869384765625,784.6175537109375,794.4869384765625,592234
2022-01-05,595.779052734375,789.55224609375,794.4869384765625,784.6175537109375,789.55224609375,763875
2022-01-06,592.0554809570312,784.6175537109375,789.55224609375,779.682861328125,789.55224609375,1783897
2022-01-07,595.779052734375,789.55224609375,794.4869384765625,779.682861328125,789.55224609375,1289844
2022-01-10,595.779052734375,789.55224609375,804.3563232421875,789.55224609375,789.55224609375,1865968
2022-01-11,595.779052734375,789.55224609375,799.421630859375,784.6175537109375,789.55224609375,906843
2022-01-12,588.3318481445312,779.682861328125,799.421630859375,779.682861328125,789.55224609375,1484790
2022-01-13,592.0554809570312,784.6175537109375,794.4869384765625,779.682861328125,784.6175537109375,355948
2022-01-14,588.3318481445312,779.682861328125,789.55224609375,769.8134155273438,784.6175537109375,1075343
2022-01-17,588.3318481445312,779.682861328125,789.55224609375,769.8134155273438,779.682861328125,745536
2022-01-18,580.8845825195312,769.8134155273438,784.6175537109375,769.8134155273438,779.682861328125,470950
2022-01-19,584.6082153320312,774.7481079101562,779.682861328125,769.8134155273438,769.8134155273438,283299
2022-01-20,588.3318481445312,779.682861328125,789.55224609375,774.7481079101562,774.7481079101562,364561
2022-01-21,588.3318481445312,779.682861328125,784.6175537109375,769.8134155273438,779.682861328125,506210
2022-01-24,584.6082153320312,774.7481079101562,784.6175537109375,764.8787231445312,779.682861328125,861754
2022-01-25,580.8845825195312,769.8134155273438,774.7481079101562,764.8787231445312,774.7481079101562,257665
2022-01-26,580.8845825195312,769.8134155273438,789.55224609375,755.0093383789062,769.8134155273438,1582973
2022-01-27,569.7137451171875,755.0093383789062,769.8134155273438,750.0746459960938,769.8134155273438,1885828
2022-01-28,569.7137451171875,755.0093383789062,759.9440307617188,745.1399536132812,755.0093383789062,2156564
2022-01-31,580.8845825195312,769.8134155273438,784.6175537109375,750.0746459960938,755.0093383789062,1688754
2022-02-02,584.6082153320312,774.7481079101562,784.6175537109375,769.8134155273438,769.8134155273438,668632
2022-02-03,580.8845825195312,769.8134155273438,814.2257690429688,764.8787231445312,814.2257690429688,651609
2022-02-04,580.8845825195312,769.8134155273438,784.6175537109375,769.8134155273438,769.8134155273438,519079
2022-02-07,580.8845825195312,769.8134155273438,779.682861328125,759.9440307617188,769.8134155273438,1339392
2022-02-08,584.6082153320312,774.7481079101562,774.7481079101562,764.8787231445312,774.7481079101562,788092
2022-02-09,573.4373168945312,759.9440307617188,779.682861328125,755.0093383789062,779.682861328125,1458649
2022-02-10,580.8845825195312,769.8134155273438,774.7481079101562,759.9440307617188,759.9440307617188,1632925
2022-02-11,584.6082153320312,774.7481079101562,779.682861328125,759.9440307617188,769.8134155273438,1230064
2022-02-14,588.3318481445312,779.682861328125,789.55224609375,769.8134155273438,774.7481079101562,1115265
2022-02-15,599.5027465820312,794.4869384765625,799.421630859375,779.682861328125,784.6175537109375,3754634
2022-02-16,595.779052734375,789.55224609375,799.421630859375,779.682861328125,794.4869384765625,2442498
2022-02-17,588.3318481445312,779.682861328125,789.55224609375,779.682861328125,789.55224609375,1321660
2022-02-18,595.779052734375,789.55224609375,794.4869384765625,779.682861328125,789.55224609375,1001580
2022-02-21,592.0554809570312,784.6175537109375,794.4869384765625,784.6175537109375,789.55224609375,974932
2022-02-22,595.779052734375,789.55224609375,794.4869384765625,779.682861328125,784.6175537109375,1425719
2022-02-23,599.5027465820312,794.4869384765625,799.421630859375,789.55224609375,789.55224609375,4879119
2022-02-24,592.0554809570312,784.6175537109375,799.421630859375,774.7481079101562,794.4869384765625,6143836
2022-02-25,603.226318359375,799.421630859375,809.291015625,784.6175537109375,784.6175537109375,2373699
2022-03-01,610.6734619140625,809.291015625,814.2257690429688,799.421630859375,799.421630859375,3382575
2022-03-02,621.8444213867188,824.0951538085938,838.8992309570312,809.291015625,809.291015625,6312539
2022-03-04,636.7388916015625,843.833984375,848.7686767578125,829.0298461914062,838.8992309570312,9372299
2022-03-07,625.5679931640625,829.0298461914062,848.7686767578125,824.0951538085938,848.7686767578125,6645386
2022-03-08,614.397216796875,814.2257690429688,838.8992309570312,794.4869384765625,833.9645385742188,2630452
2022-03-09,610.6734619140625,809.291015625,829.0298461914062,804.3563232421875,814.2257690429688,2070236
2022-03-10,606.9500122070312,804.3563232421875,819.1604614257812,794.4869384765625,809.291015625,1971953
2022-03-11,614.397216796875,814.2257690429688,814.2257690429688,799.421630859375,809.291015625,2013900
2022-03-14,606.9500122070312,804.3563232421875,824.0951538085938,804.3563232421875,819.1604614257812,927513
2022-03-15,584.6082153320312,774.7481079101562,804.3563232421875,764.8787231445312,804.3563232421875,4256184
2022-03-16,595.779052734375,789.55224609375,794.4869384765625,769.8134155273438,779.682861328125,1478407
2022-03-17,599.5027465820312,794.4869384765625,799.421630859375,789.55224609375,794.4869384765625,783330
2022-03-18,606.9500122070312,804.3563232421875,804.3563232421875,794.4869384765625,794.4869384765625,1387520
2022-03-21,599.5027465820312,794.4869384765625,809.291015625,789.55224609375,804.3563232421875,967941
2022-03-22,606.9500122070312,804.3563232421875,804.3563232421875,789.55224609375,794.4869384765625,883741
2022-03-23,621.8444213867188,824.0951538085938,829.0298461914062,809.291015625,809.291015625,3965893
2022-03-24,621.8444213867188,824.0951538085938,833.9645385742188,819.1604614257812,819.1604614257812,1979552
2022-03-25,618.1207885742188,819.1604614257812,824.0951538085938,819.1604614257812,824.0951538085938,825379
2022-03-28,621.8444213867188,824.0951538085938,829.0298461914062,819.1604614257812,819.1604614257812,1405454
2022-03-29,618.1207885742188,819.1604614257812,829.0298461914062,814.2257690429688,824.0951538085938,1657648
2022-03-30,610.6734619140625,809.291015625,824.0951538085938,804.3563232421875,824.0951538085938,884957
2022-03-31,614.397216796875,814.2257690429688,814.2257690429688,799.421630859375,799.421630859375,512594
2022-04-01,603.226318359375,799.421630859375,819.1604614257812,794.4869384765625,814.2257690429688,1323079
2022-04-04,610.6734619140625,809.291015625,814.2257690429688,799.421630859375,799.421630859375,859221
2022-04-05,610.6734619140625,809.291015625,814.2257690429688,804.3563232421875,809.291015625,621212
2022-04-06,614.397216796875,814.2257690429688,819.1604614257812,799.421630859375,814.2257690429688,863274
2022-04-07,606.9500122070312,804.3563232421875,819.1604614257812,804.3563232421875,819.1604614257812,605811
2022-04-08,610.6734619140625,809.291015625,814.2257690429688,799.421630859375,804.3563232421875,658094
2022-04-11,606.9500122070312,804.3563232421875,814.2257690429688,799.421630859375,814.2257690429688,1390155
2022-04-12,603.226318359375,799.421630859375,804.3563232421875,789.55224609375,804.3563232421875,665389
2022-04-13,610.6734619140625,809.291015625,814.2257690429688,799.421630859375,804.3563232421875,843009
2022-04-14,603.226318359375,799.421630859375,814.2257690429688,794.4869384765625,809.291015625,974628
2022-04-18,610.6734619140625,809.291015625,809.291015625,799.421630859375,804.3563232421875,1435243
2022-04-19,606.9500122070312,804.3563232421875,809.291015625,799.421630859375,809.291015625,1048493
2022-04-20,603.226318359375,799.421630859375,804.3563232421875,794.4869384765625,804.3563232421875,3224815
2022-04-21,606.9500122070312,804.3563232421875,804.3563232421875,799.421630859375,799.421630859375,544511
2022-04-22,606.9500122070312,804.3563232421875,814.2257690429688,799.421630859375,804.3563232421875,1012016
2022-04-25,588.3318481445312,779.682861328125,789.55224609375,759.9440307617188,789.55224609375,2179260
2022-04-26,595.779052734375,789.55224609375,794.4869384765625,779.682861328125,779.682861328125,933389
2022-04-27,595.779052734375,789.55224609375,804.3563232421875,784.6175537109375,799.421630859375,1233306
2022-04-28,592.0554809570312,784.6175537109375,799.421630859375,779.682861328125,789.55224609375,1282853
2022-05-09,584.6082153320312,774.7481079101562,789.55224609375,764.8787231445312,784.6175537109375,2601271
2022-05-10,592.0554809570312,784.6175537109375,784.6175537109375,759.9440307617188,774.7481079101562,2208542
2022-05-11,588.3318481445312,779.682861328125,789.55224609375,779.682861328125,784.6175537109375,1376577
2022-05-12,573.4373168945312,759.9440307617188,784.6175537109375,755.0093383789062,779.682861328125,3055807
2022-05-13,577.1610107421875,764.8787231445312,774.7481079101562,755.0093383789062,759.9440307617188,1080004
2022-05-17,592.0554809570312,784.6175537109375,789.55224609375,759.9440307617188,764.8787231445312,2419396
2022-05-18,592.0554809570312,784.6175537109375,789.55224609375,779.682861328125,784.6175537109375,683425
2022-05-19,592.0554809570312,784.6175537109375,784.6175537109375,774.7481079101562,774.7481079101562,1083449
2022-05-20,595.779052734375,789.55224609375,799.421630859375,784.6175537109375,789.55224609375,3236264
2022-05-23,592.0554809570312,784.6175537109375,794.4869384765625,784.6175537109375,794.4869384765625,425152
2022-05-24,592.0554809570312,784.6175537109375,794.4869384765625,784.6175537109375,784.6175537109375,934301
2022-05-25,595.779052734375,789.55224609375,799.421630859375,789.55224609375,794.4869384765625,1170182
2022-05-27,599.5027465820312,794.4869384765625,799.421630859375,784.6175537109375,789.55224609375,1701014
2022-05-30,599.5027465820312,794.4869384765625,799.421630859375,789.55224609375,794.4869384765625,1433014
2022-05-31,599.5027465820312,794.4869384765625,799.421630859375,784.6175537109375,794.4869384765625,2777067
2022-06-02,592.0554809570312,784.6175537109375,794.4869384765625,784.6175537109375,784.6175537109375,3026120
2022-06-03,592.0554809570312,784.6175537109375,789.55224609375,774.7481079101562,784.6175537109375,3788780
2022-06-06,592.0554809570312,784.6175537109375,789.55224609375,779.682861328125,784.6175537109375,2168317
2022-06-07,592.0554809570312,784.6175537109375,789.55224609375,779.682861328125,784.6175537109375,1677305
2022-06-08,592.0554809570312,784.6175537109375,794.4869384765625,779.682861328125,784.6175537109375,1805073
2022-06-09,592.0554809570312,784.6175537109375,789.55224609375,779.682861328125,789.55224609375,1053863
2022-06-10,588.3318481445312,779.682861328125,784.6175537109375,774.7481079101562,784.6175537109375,1449429
2022-06-13,577.1610107421875,764.8787231445312,779.682861328125,764.8787231445312,779.682861328125,2461141
2022-06-14,580.8845825195312,769.8134155273438,774.7481079101562,759.9440307617188,764.8787231445312,1140089
2022-06-15,573.4373168945312,759.9440307617188,774.7481079101562,755.0093383789062,769.8134155273438,1396437
2022-06-16,573.4373168945312,759.9440307617188,769.8134155273438,759.9440307617188,764.8787231445312,2046425
2022-06-17,573.4373168945312,759.9440307617188,764.8787231445312,755.0093383789062,764.8787231445312,856181
2022-06-20,573.4373168945312,759.9440307617188,759.9440307617188,755.0093383789062,759.9440307617188,1015866
2022-06-21,577.1610107421875,764.8787231445312,769.8134155273438,759.9440307617188,759.9440307617188,599833
2022-06-22,580.8845825195312,769.8134155273438,774.7481079101562,764.8787231445312,769.8134155273438,691936
2022-06-23,573.4373168945312,759.9440307617188,769.8134155273438,750.0746459960938,769.8134155273438,1189028
2022-06-24,580.8845825195312,769.8134155273438,769.8134155273438,759.9440307617188,769.8134155273438,506920
2022-06-27,588.3318481445312,779.682861328125,789.55224609375,769.8134155273438,769.8134155273438,1123573
2022-06-28,584.6082153320312,774.7481079101562,784.6175537109375,774.7481079101562,779.682861328125,674204
2022-06-29,595.779052734375,789.55224609375,789.55224609375,764.8787231445312,774.7481079101562,2442599
2022-06-30,588.3318481445312,779.682861328125,794.4869384765625,779.682861328125,789.55224609375,2144607
2022-07-01,588.3318481445312,779.682861328125,799.421630859375,774.7481079101562,794.4869384765625,1982693
2022-07-04,584.6082153320312,774.7481079101562,789.55224609375,755.0093383789062,779.682861328125,2060813
2022-07-05,588.3318481445312,779.682861328125,789.55224609375,774.7481079101562,784.6175537109375,1452468
2022-07-06,584.6082153320312,774.7481079101562,784.6175537109375,774.7481079101562,779.682861328125,1048796
2022-07-07,595.779052734375,789.55224609375,794.4869384765625,764.8787231445312,764.8787231445312,1835166
2022-07-08,599.5027465820312,794.4869384765625,799.421630859375,784.6175537109375,784.6175537109375,3365654
2022-07-11,611.4133911132812,759.9440307617188,779.682861328125,750.0746459960938,769.8134155273438,1685714
2022-07-12,611.4133911132812,759.9440307617188,764.8787231445312,755.0093383789062,759.9440307617188,549881
2022-07-13,607.443115234375,755.0093383789062,759.9440307617188,750.0746459960938,759.9440307617188,1164102
2022-07-14,603.4729614257812,750.0746459960938,755.0093383789062,740.2052001953125,755.0093383789062,785356
2022-07-15,595.532470703125,740.2052001953125,750.0746459960938,740.2052001953125,750.0746459960938,935416
2022-07-18,607.443115234375,755.0093383789062,759.9440307617188,750.0746459960938,750.0746459960938,851013
2022-07-19,615.383544921875,764.8787231445312,764.8787231445312,750.0746459960938,759.9440307617188,1010395
2022-07-20,615.383544921875,764.8787231445312,774.7481079101562,755.0093383789062,764.8787231445312,1009990
2022-07-21,615.383544921875,764.8787231445312,764.8787231445312,755.0093383789062,764.8787231445312,253308
2022-07-22,611.4133911132812,759.9440307617188,764.8787231445312,755.0093383789062,764.8787231445312,336899
2022-07-25,611.4133911132812,759.9440307617188,764.8787231445312,745.1399536132812,759.9440307617188,710782
2022-07-26,611.4133911132812,759.9440307617188,764.8787231445312,755.0093383789062,755.0093383789062,450888
2022-07-27,611.4133911132812,759.9440307617188,759.9440307617188,755.0093383789062,759.9440307617188,633574
2022-07-28,611.4133911132812,759.9440307617188,764.8787231445312,755.0093383789062,764.8787231445312,707641
2022-07-29,611.4133911132812,759.9440307617188,764.8787231445312,755.0093383789062,759.9440307617188,1350031
2022-08-01,615.383544921875,764.8787231445312,764.8787231445312,759.9440307617188,764.8787231445312,894177
2022-08-02,615.383544921875,764.8787231445312,769.8134155273438,759.9440307617188,764.8787231445312,394248
2022-08-03,611.4133911132812,759.9440307617188,764.8787231445312,750.0746459960938,764.8787231445312,1751372
2022-08-04,619.3536987304688,769.8134155273438,769.8134155273438,759.9440307617188,759.9440307617188,719293
2022-08-05,611.4133911132812,759.9440307617188,769.8134155273438,759.9440307617188,764.8787231445312,947068
2022-08-08,611.4133911132812,759.9440307617188,764.8787231445312,755.0093383789062,759.9440307617188,657587
2022-08-09,611.4133911132812,759.9440307617188,764.8787231445312,759.9440307617188,764.8787231445312,680385
2022-08-10,611.4133911132812,759.9440307617188,764.8787231445312,759.9440307617188,764.8787231445312,757796
2022-08-11,615.383544921875,764.8787231445312,764.8787231445312,759.9440307617188,759.9440307617188,1003404
2022-08-12,615.383544921875,764.8787231445312,764.8787231445312,759.9440307617188,764.8787231445312,257158
2022-08-15,615.383544921875,764.8787231445312,764.8787231445312,759.9440307617188,759.9440307617188,510162
2022-08-16,611.4133911132812,759.9440307617188,764.8787231445312,759.9440307617188,759.9440307617188,1039069
2022-08-18,615.383544921875,764.8787231445312,764.8787231445312,755.0093383789062,764.8787231445312,1000972
2022-08-19,611.4133911132812,759.9440307617188,764.8787231445312,759.9440307617188,764.8787231445312,1024986
2022-08-22,607.443115234375,755.0093383789062,764.8787231445312,755.0093383789062,764.8787231445312,1622286
2022-08-23,607.443115234375,755.0093383789062,759.9440307617188,755.0093383789062,755.0093383789062,367296
2022-08-24,607.443115234375,755.0093383789062,759.9440307617188,755.0093383789062,759.9440307617188,708148
2022-08-25,615.383544921875,764.8787231445312,764.8787231445312,755.0093383789062,759.9440307617188,1238372
2022-08-26,611.4133911132812,759.9440307617188,764.8787231445312,759.9440307617188,764.8787231445312,906336
2022-08-29,611.4133911132812,759.9440307617188,764.8787231445312,755.0093383789062,759.9440307617188,789004
2022-08-30,611.4133911132812,759.9440307617188,764.8787231445312,755.0093383789062,759.9440307617188,301537
2022-08-31,611.4133911132812,759.9440307617188,764.8787231445312,755.0093383789062,759.9440307617188,1877013
2022-09-01,611.4133911132812,759.9440307617188,764.8787231445312,759.9440307617188,759.9440307617188,574300
2022-09-02,611.4133911132812,759.9440307617188,764.8787231445312,755.0093383789062,764.8787231445312,896102
2022-09-05,611.4133911132812,759.9440307617188,759.9440307617188,755.0093383789062,755.0093383789062,898230
2022-09-06,611.4133911132812,759.9440307617188,759.9440307617188,755.0093383789062,759.9440307617188,780087
2022-09-07,607.443115234375,755.0093383789062,759.9440307617188,750.0746459960938,759.9440307617188,943116
2022-09-08,603.4729614257812,750.0746459960938,759.9440307617188,745.1399536132812,755.0093383789062,1313959
2022-09-09,599.5027465820312,745.1399536132812,755.0093383789062,740.2052001953125,755.0093383789062,2653757
2022-09-12,603.4729614257812,750.0746459960938,750.0746459960938,745.1399536132812,745.1399536132812,724562
2022-09-13,603.4729614257812,750.0746459960938,755.0093383789062,745.1399536132812,750.0746459960938,1339392
2022-09-14,603.4729614257812,750.0746459960938,750.0746459960938,745.1399536132812,750.0746459960938,1460270
2022-09-15,599.5027465820312,745.1399536132812,755.0093383789062,720.4664306640625,750.0746459960938,2567936
2022-09-16,595.532470703125,740.2052001953125,750.0746459960938,740.2052001953125,745.1399536132812,923460
2022-09-19,595.532470703125,740.2052001953125,750.0746459960938,735.2705078125,740.2052001953125,1254989
2022-09-20,607.443115234375,755.0093383789062,755.0093383789062,735.2705078125,740.2052001953125,2052809
2022-09-21,599.5027465820312,745.1399536132812,755.0093383789062,745.1399536132812,755.0093383789062,2493159
2022-09-22,611.4133911132812,759.9440307617188,764.8787231445312,745.1399536132812,745.1399536132812,1639004
2022-09-23,603.4729614257812,750.0746459960938,759.9440307617188,750.0746459960938,759.9440307617188,896305
2022-09-26,603.4729614257812,750.0746459960938,750.0746459960938,740.2052001953125,750.0746459960938,346424
2022-09-27,595.532470703125,740.2052001953125,750.0746459960938,740.2052001953125,750.0746459960938,1773967
2022-09-28,599.5027465820312,745.1399536132812,750.0746459960938,740.2052001953125,740.2052001953125,1296633
2022-09-29,599.5027465820312,745.1399536132812,750.0746459960938,740.2052001953125,745.1399536132812,448659
2022-09-30,587.5919799804688,730.3358154296875,745.1399536132812,725.401123046875,745.1399536132812,1716719
2022-10-03,587.5919799804688,730.3358154296875,740.2052001953125,720.4664306640625,730.3358154296875,440756
2022-10-04,595.532470703125,740.2052001953125,740.2052001953125,730.3358154296875,730.3358154296875,364561
2022-10-05,591.562255859375,735.2705078125,740.2052001953125,725.401123046875,740.2052001953125,439742
2022-10-06,587.5919799804688,730.3358154296875,735.2705078125,725.401123046875,735.2705078125,1105234
2022-10-07,583.621826171875,725.401123046875,735.2705078125,725.401123046875,730.3358154296875,319877
2022-10-10,583.621826171875,725.401123046875,735.2705078125,725.401123046875,730.3358154296875,127667
2022-10-11,587.5919799804688,730.3358154296875,735.2705078125,720.4664306640625,735.2705078125,422213
2022-10-12,579.651611328125,720.4664306640625,735.2705078125,720.4664306640625,730.3358154296875,666605
2022-10-13,575.681396484375,715.53173828125,740.2052001953125,700.7276000976562,720.4664306640625,2411290
2022-10-14,579.651611328125,720.4664306640625,759.9440307617188,695.7929077148438,725.401123046875,2655378
2022-10-17,571.711181640625,710.5969848632812,730.3358154296875,695.7929077148438,720.4664306640625,1878634
2022-10-18,563.7708129882812,700.7276000976562,720.4664306640625,680.9888305664062,710.5969848632812,3417633
2022-10-19,551.860107421875,685.9235229492188,705.6622924804688,685.9235229492188,700.7276000976562,3141122
2022-10-20,563.7708129882812,700.7276000976562,730.3358154296875,685.9235229492188,690.8582153320312,2309967
2022-10-21,559.800537109375,695.7929077148438,705.6622924804688,676.0540771484375,700.7276000976562,5030800
2022-10-24,547.8899536132812,680.9888305664062,745.1399536132812,680.9888305664062,695.7929077148438,7475224
2022-10-25,547.8899536132812,680.9888305664062,685.9235229492188,661.25,685.9235229492188,2129510
2022-10-26,535.979248046875,666.1846923828125,685.9235229492188,656.3153076171875,680.9888305664062,4390437
2022-10-27,559.800537109375,695.7929077148438,705.6622924804688,666.1846923828125,671.119384765625,2605223
2022-10-28,559.800537109375,695.7929077148438,700.7276000976562,690.8582153320312,700.7276000976562,619794
2022-10-31,555.830322265625,690.8582153320312,700.7276000976562,685.9235229492188,695.7929077148438,659614
2022-11-01,555.830322265625,690.8582153320312,695.7929077148438,685.9235229492188,690.8582153320312,649380
2022-11-02,559.800537109375,695.7929077148438,700.7276000976562,685.9235229492188,690.8582153320312,1430279
2022-11-03,563.7708129882812,700.7276000976562,705.6622924804688,690.8582153320312,695.7929077148438,1056497
2022-11-04,559.800537109375,695.7929077148438,700.7276000976562,690.8582153320312,695.7929077148438,784951
2022-11-07,567.740966796875,705.6622924804688,710.5969848632812,695.7929077148438,695.7929077148438,1388229
2022-11-08,575.681396484375,715.53173828125,715.53173828125,700.7276000976562,705.6622924804688,622124
2022-11-09,567.740966796875,705.6622924804688,720.4664306640625,705.6622924804688,715.53173828125,394147
2022-11-10,571.711181640625,710.5969848632812,715.53173828125,700.7276000976562,705.6622924804688,930350
2022-11-11,575.681396484375,715.53173828125,720.4664306640625,705.6622924804688,710.5969848632812,624556
2022-11-14,571.711181640625,710.5969848632812,720.4664306640625,700.7276000976562,715.53173828125,466998
2022-11-15,563.7708129882812,700.7276000976562,710.5969848632812,700.7276000976562,705.6622924804688,446126
2022-11-16,567.740966796875,705.6622924804688,715.53173828125,700.7276000976562,700.7276000976562,281475
2022-11-17,567.740966796875,705.6622924804688,705.6622924804688,695.7929077148438,705.6622924804688,222505
2022-11-18,571.711181640625,710.5969848632812,710.5969848632812,695.7929077148438,710.5969848632812,89569
2022-11-21,571.711181640625,710.5969848632812,725.401123046875,700.7276000976562,710.5969848632812,673698
2022-11-22,571.711181640625,710.5969848632812,715.53173828125,705.6622924804688,715.53173828125,82578
2022-11-23,567.740966796875,705.6622924804688,710.5969848632812,705.6622924804688,710.5969848632812,79234
2022-11-24,567.740966796875,705.6622924804688,715.53173828125,700.7276000976562,710.5969848632812,143777
2022-11-25,563.7708129882812,700.7276000976562,710.5969848632812,700.7276000976562,710.5969848632812,390094
2022-11-28,563.7708129882812,700.7276000976562,710.5969848632812,700.7276000976562,710.5969848632812,230713
2022-11-29,555.830322265625,690.8582153320312,700.7276000976562,685.9235229492188,700.7276000976562,1793624
2022-11-30,555.830322265625,690.8582153320312,695.7929077148438,685.9235229492188,690.8582153320312,906235
2022-12-01,571.711181640625,710.5969848632812,715.53173828125,685.9235229492188,690.8582153320312,3618253
2022-12-02,579.651611328125,720.4664306640625,730.3358154296875,715.53173828125,715.53173828125,3892434
2022-12-05,579.651611328125,720.4664306640625,730.3358154296875,715.53173828125,725.401123046875,4237439
2022-12-06,575.681396484375,715.53173828125,725.401123046875,705.6622924804688,720.4664306640625,1846109
2022-12-07,567.740966796875,705.6622924804688,715.53173828125,700.7276000976562,715.53173828125,2990758
2022-12-08,571.711181640625,710.5969848632812,715.53173828125,705.6622924804688,705.6622924804688,1654102
2022-12-09,571.711181640625,710.5969848632812,720.4664306640625,710.5969848632812,715.53173828125,3515612
2022-12-12,580.1187133789062,680.9888305664062,690.8582153320312,661.25,671.119384765625,2426387
2022-12-13,571.711181640625,671.119384765625,685.9235229492188,666.1846923828125,685.9235229492188,1188116
2022-12-14,567.5073852539062,666.1846923828125,676.0540771484375,661.25,676.0540771484375,845035
2022-12-15,567.5073852539062,666.1846923828125,671.119384765625,661.25,671.119384765625,644415
2022-12-16,563.3037719726562,661.25,666.1846923828125,661.25,666.1846923828125,551198
2022-12-19,567.5073852539062,666.1846923828125,671.119384765625,661.25,666.1846923828125,599327
2022-12-20,571.711181640625,671.119384765625,680.9888305664062,661.25,666.1846923828125,1175451
2022-12-21,571.711181640625,671.119384765625,680.9888305664062,666.1846923828125,671.119384765625,1311426
2022-12-22,571.711181640625,671.119384765625,676.0540771484375,671.119384765625,671.119384765625,379455
2022-12-23,571.711181640625,671.119384765625,676.0540771484375,666.1846923828125,671.119384765625,398909
2022-12-26,567.5073852539062,666.1846923828125,680.9888305664062,666.1846923828125,676.0540771484375,473990
2022-12-27,571.711181640625,671.119384765625,680.9888305664062,666.1846923828125,666.1846923828125,588282
2022-12-28,571.711181640625,671.119384765625,676.0540771484375,666.1846923828125,671.119384765625,279145
2022-12-29,575.9149780273438,676.0540771484375,676.0540771484375,666.1846923828125,671.119384765625,271039
2022-12-30,584.3224487304688,685.9235229492188,700.7276000976562,671.119384765625,676.0540771484375,1581351
2023-01-02,575.9149780273438,676.0540771484375,685.9235229492188,671.119384765625,685.9235229492188,238413
2023-01-03,571.711181640625,671.119384765625,685.9235229492188,671.119384765625,685.9235229492188,382292
2023-01-04,588.5262451171875,690.8582153320312,700.7276000976562,676.0540771484375,680.9888305664062,890023
2023-01-05,567.5073852539062,666.1846923828125,695.7929077148438,666.1846923828125,695.7929077148438,742598
2023-01-06,580.1187133789062,680.9888305664062,690.8582153320312,666.1846923828125,666.1846923828125,383711
2023-01-09,575.9149780273438,676.0540771484375,690.8582153320312,676.0540771484375,685.9235229492188,462337
2023-01-10,575.9149780273438,676.0540771484375,680.9888305664062,666.1846923828125,680.9888305664062,346322
2023-01-11,575.9149780273438,676.0540771484375,680.9888305664062,671.119384765625,676.0540771484375,258374
2023-01-12,571.711181640625,671.119384765625,680.9888305664062,671.119384765625,680.9888305664062,168905
2023-01-13,575.9149780273438,676.0540771484375,680.9888305664062,671.119384765625,680.9888305664062,115913
2023-01-16,571.711181640625,671.119384765625,676.0540771484375,671.119384765625,676.0540771484375,149451
2023-01-17,575.9149780273438,676.0540771484375,680.9888305664062,671.119384765625,676.0540771484375,468113
2023-01-18,575.9149780273438,676.0540771484375,680.9888305664062,671.119384765625,676.0540771484375,397997
2023-01-19,580.1187133789062,680.9888305664062,680.9888305664062,671.119384765625,676.0540771484375,293128
2023-01-20,575.9149780273438,676.0540771484375,685.9235229492188,676.0540771484375,676.0540771484375,253409
2023-01-24,580.1187133789062,680.9888305664062,700.7276000976562,676.0540771484375,685.9235229492188,988610
2023-01-25,584.3224487304688,685.9235229492188,695.7929077148438,680.9888305664062,685.9235229492188,162218
2023-01-26,584.3224487304688,685.9235229492188,690.8582153320312,680.9888305664062,685.9235229492188,133848
2023-01-27,584.3224487304688,685.9235229492188,690.8582153320312,685.9235229492188,690.8582153320312,191906
2023-01-30,596.9337768554688,700.7276000976562,720.4664306640625,685.9235229492188,685.9235229492188,1136846
2023-01-31,596.9337768554688,700.7276000976562,710.5969848632812,695.7929077148438,710.5969848632812,167386
2023-02-01,592.7300415039062,695.7929077148438,700.7276000976562,690.8582153320312,700.7276000976562,288467
2023-02-02,596.9337768554688,700.7276000976562,700.7276000976562,695.7929077148438,700.7276000976562,305185
2023-02-03,592.7300415039062,695.7929077148438,705.6622924804688,695.7929077148438,700.7276000976562,377429
2023-02-06,592.7300415039062,695.7929077148438,695.7929077148438,690.8582153320312,695.7929077148438,337811
2023-02-07,588.5262451171875,690.8582153320312,700.7276000976562,685.9235229492188,695.7929077148438,472976
2023-02-08,588.5262451171875,690.8582153320312,695.7929077148438,690.8582153320312,695.7929077148438,186232
2023-02-09,601.1375122070312,705.6622924804688,720.4664306640625,685.9235229492188,695.7929077148438,785863
2023-02-10,592.7300415039062,695.7929077148438,705.6622924804688,690.8582153320312,705.6622924804688,126147
2023-02-13,596.9337768554688,700.7276000976562,705.6622924804688,690.8582153320312,695.7929077148438,201227
2023-02-14,596.9337768554688,700.7276000976562,700.7276000976562,695.7929077148438,700.7276000976562,143879
2023-02-15,596.9337768554688,700.7276000976562,700.7276000976562,695.7929077148438,700.7276000976562,166575
2023-02-16,596.9337768554688,700.7276000976562,705.6622924804688,695.7929077148438,700.7276000976562,548057
2023-02-17,588.5262451171875,690.8582153320312,705.6622924804688,685.9235229492188,700.7276000976562,608243
2023-02-20,592.7300415039062,695.7929077148438,700.7276000976562,690.8582153320312,700.7276000976562,180355
2023-02-21,592.7300415039062,695.7929077148438,695.7929077148438,690.8582153320312,695.7929077148438,156443
2023-02-22,592.7300415039062,695.7929077148438,700.7276000976562,690.8582153320312,695.7929077148438,242263
2023-02-23,592.7300415039062,695.7929077148438,700.7276000976562,695.7929077148438,695.7929077148438,114191
2023-02-24,592.7300415039062,695.7929077148438,700.7276000976562,695.7929077148438,695.7929077148438,524145
2023-02-27,592.7300415039062,695.7929077148438,700.7276000976562,690.8582153320312,695.7929077148438,287352
2023-02-28,592.7300415039062,695.7929077148438,705.6622924804688,690.8582153320312,695.7929077148438,491316
2023-03-01,592.7300415039062,695.7929077148438,700.7276000976562,690.8582153320312,695.7929077148438,322815
2023-03-02,592.7300415039062,695.7929077148438,700.7276000976562,690.8582153320312,695.7929077148438,326362
2023-03-03,596.9337768554688,700.7276000976562,700.7276000976562,695.7929077148438,695.7929077148438,234360
2023-03-06,596.9337768554688,700.7276000976562,705.6622924804688,690.8582153320312,700.7276000976562,783937
2023-03-07,596.9337768554688,700.7276000976562,705.6622924804688,690.8582153320312,695.7929077148438,317749
2023-03-08,580.1187133789062,680.9888305664062,700.7276000976562,680.9888305664062,700.7276000976562,1151336
2023-03-09,584.3224487304688,685.9235229492188,690.8582153320312,676.0540771484375,680.9888305664062,2063245
2023-03-10,580.1187133789062,680.9888305664062,690.8582153320312,680.9888305664062,685.9235229492188,78728
2023-03-13,580.1187133789062,680.9888305664062,690.8582153320312,676.0540771484375,680.9888305664062,284515
2023-03-14,571.711181640625,671.119384765625,690.8582153320312,671.119384765625,685.9235229492188,896508
2023-03-15,575.9149780273438,676.0540771484375,685.9235229492188,671.119384765625,676.0540771484375,629825
2023-03-16,567.5073852539062,666.1846923828125,680.9888305664062,656.3153076171875,680.9888305664062,1305448
2023-03-17,571.711181640625,671.119384765625,676.0540771484375,666.1846923828125,666.1846923828125,266784
2023-03-20,571.711181640625,671.119384765625,680.9888305664062,666.1846923828125,671.119384765625,244594
2023-03-21,567.5073852539062,666.1846923828125,680.9888305664062,666.1846923828125,680.9888305664062,415830
2023-03-24,580.1187133789062,680.9888305664062,680.9888305664062,666.1846923828125,666.1846923828125,240541
2023-03-27,575.9149780273438,676.0540771484375,680.9888305664062,671.119384765625,680.9888305664062,136887
2023-03-28,571.711181640625,671.119384765625,680.9888305664062,671.119384765625,676.0540771484375,242162
2023-03-29,571.711181640625,671.119384765625,680.9888305664062,666.1846923828125,676.0540771484375,1257421
2023-03-30,571.711181640625,671.119384765625,676.0540771484375,666.1846923828125,671.119384765625,1695745
2023-03-31,580.1187133789062,680.9888305664062,685.9235229492188,666.1846923828125,671.119384765625,3544996
2023-04-03,571.711181640625,671.119384765625,685.9235229492188,666.1846923828125,685.9235229492188,1540721
2023-04-04,563.3037719726562,661.25,671.119384765625,661.25,671.119384765625,2428920
2023-04-05,562.2388305664062,660.0,680.0,660.0,660.0,2769200
2023-04-06,562.2388305664062,660.0,665.0,655.0,655.0,687600
2023-04-10,553.7200927734375,650.0,670.0,645.0,670.0,1603300
2023-04-11,528.1636962890625,620.0,655.0,615.0,650.0,6847200
2023-04-12,523.9043579101562,615.0,625.0,610.0,620.0,3326100
2023-04-13,519.64501953125,610.0,615.0,605.0,615.0,3354100
2023-04-14,519.64501953125,610.0,610.0,605.0,610.0,1311800
2023-04-17,519.64501953125,610.0,615.0,605.0,610.0,1060500
2023-04-18,519.64501953125,610.0,610.0,605.0,610.0,5610300
2023-04-26,515.3856201171875,605.0,610.0,605.0,610.0,2241000
2023-04-27,515.3856201171875,605.0,615.0,600.0,605.0,5220300
2023-04-28,519.64501953125,610.0,645.0,605.0,610.0,12404600
2023-05-02,528.1636962890625,620.0,630.0,615.0,615.0,3896700
2023-05-03,523.9043579101562,615.0,625.0,610.0,615.0,2932800
2023-05-04,528.1636962890625,620.0,625.0,610.0,615.0,2227300
2023-05-05,523.9043579101562,615.0,625.0,610.0,625.0,1696600
2023-05-08,536.6825561523438,630.0,630.0,615.0,620.0,3944900
2023-05-09,553.7200927734375,650.0,650.0,625.0,635.0,3567200
2023-05-10,562.2388305664062,660.0,665.0,645.0,655.0,3049100
2023-05-11,557.9794311523438,655.0,660.0,645.0,660.0,3250700
2023-05-12,566.4982299804688,665.0,665.0,645.0,655.0,1594300
2023-05-15,557.9794311523438,655.0,665.0,650.0,660.0,3143000
2023-05-16,553.7200927734375,650.0,655.0,640.0,655.0,2212800
2023-05-17,536.6825561523438,630.0,650.0,625.0,650.0,2445100
2023-05-19,549.460693359375,645.0,650.0,630.0,635.0,2225400
2023-05-22,549.460693359375,645.0,650.0,630.0,645.0,1183100
2023-05-23,562.2388305664062,660.0,660.0,640.0,645.0,3878900
2023-05-24,562.23876953125,640.0,645.0,635.0,640.0,964600
2023-05-25,566.63134765625,645.0,650.0,640.0,640.0,903000
2023-05-26,553.453857421875,630.0,645.0,630.0,645.0,1366900
2023-05-29,553.453857421875,630.0,640.0,625.0,630.0,871300
2023-05-30,553.453857421875,630.0,640.0,620.0,630.0,723500
2023-05-31,549.0614013671875,625.0,635.0,625.0,630.0,1837500
2023-06-05,562.23876953125,640.0,645.0,625.0,625.0,340600
2023-06-06,566.63134765625,645.0,660.0,635.0,640.0,2132400
2023-06-07,566.63134765625,645.0,650.0,635.0,650.0,896800
2023-06-08,566.63134765625,645.0,650.0,630.0,650.0,1803800
2023-06-09,562.23876953125,640.0,650.0,635.0,645.0,520700
2023-06-12,557.8463134765625,635.0,650.0,635.0,640.0,1872400
2023-06-13,571.0238037109375,650.0,655.0,635.0,640.0,2455500
2023-06-14,597.3787231445312,680.0,685.0,650.0,650.0,4124900
2023-06-15,597.3787231445312,680.0,685.0,670.0,685.0,1032200
2023-06-16,601.771240234375,685.0,685.0,670.0,680.0,1947300
2023-06-19,601.771240234375,685.0,700.0,680.0,685.0,1730600
2023-06-20,601.771240234375,685.0,695.0,680.0,685.0,1002200
2023-06-21,606.1636962890625,690.0,695.0,680.0,690.0,1529500
2023-06-22,606.1636962890625,690.0,695.0,685.0,690.0,889900
2023-06-23,597.3787231445312,680.0,695.0,675.0,690.0,1549800
2023-06-26,597.3787231445312,680.0,685.0,675.0,680.0,982100
2023-06-27,606.1636962890625,690.0,690.0,675.0,680.0,618600
2023-07-03,632.5186767578125,720.0,725.0,690.0,695.0,3884400
2023-07-04,645.6961669921875,735.0,745.0,720.0,725.0,4646500
2023-07-05,658.8736572265625,750.0,755.0,735.0,735.0,2758600
2023-07-06,680.8360595703125,775.0,805.0,735.0,750.0,11199400
2023-07-07,689.62109375,785.0,825.0,775.0,775.0,9115200
2023-07-10,694.0135498046875,790.0,800.0,780.0,790.0,3787300
2023-07-11,702.7985229492188,800.0,810.0,790.0,790.0,4799800
2023-07-12,724.760986328125,825.0,835.0,800.0,805.0,9834100
2023-07-13,694.0135498046875,790.0,830.0,785.0,825.0,5015000
2023-07-14,707.1910400390625,805.0,810.0,790.0,790.0,1584800
2023-07-17,711.58349609375,810.0,825.0,805.0,810.0,1764100
2023-07-18,694.0135498046875,790.0,820.0,780.0,820.0,3514200
2023-07-20,694.0135498046875,790.0,800.0,785.0,790.0,1538700
2023-07-21,698.406005859375,795.0,800.0,785.0,795.0,1458600
2023-07-24,707.1910400390625,805.0,810.0,790.0,795.0,2036700
2023-07-25,707.1910400390625,805.0,820.0,800.0,810.0,4501000
2023-07-26,707.1910400390625,805.0,820.0,795.0,805.0,3468400
2023-07-27,715.9759521484375,815.0,820.0,805.0,805.0,2465500
2023-07-28,707.1910400390625,805.0,820.0,790.0,815.0,3242800
2023-07-31,733.5459594726562,835.0,850.0,810.0,810.0,10262000
2023-08-01,654.4811401367188,745.0,830.0,710.0,830.0,16927500
2023-08-02,654.4811401367188,745.0,745.0,715.0,740.0,7961500
2023-08-03,667.6585693359375,760.0,765.0,735.0,745.0,4256300
2023-08-04,667.6585693359375,760.0,770.0,750.0,760.0,2821700
2023-08-07,672.0511474609375,765.0,770.0,750.0,760.0,3107000
2023-08-08,672.0511474609375,765.0,770.0,760.0,770.0,742500
2023-08-09,667.6585693359375,760.0,770.0,755.0,765.0,1064900
2023-08-10,667.6585693359375,760.0,760.0,750.0,760.0,1730500
2023-08-11,667.6585693359375,760.0,760.0,755.0,760.0,395900
2023-08-14,676.443603515625,770.0,780.0,755.0,760.0,3224200
2023-08-15,702.7985229492188,800.0,800.0,770.0,770.0,4520000
2023-08-16,707.1910400390625,805.0,815.0,790.0,800.0,3200700
2023-08-18,707.1910400390625,805.0,810.0,805.0,805.0,1252100
2023-08-21,711.58349609375,810.0,820.0,800.0,805.0,1763300
2023-08-22,698.406005859375,795.0,815.0,790.0,815.0,2253600
2023-08-23,698.406005859375,795.0,805.0,790.0,795.0,1716600
2023-08-24,689.62109375,785.0,800.0,775.0,795.0,3171500
2023-08-25,680.8360595703125,775.0,785.0,775.0,785.0,1740900
2023-08-28,689.62109375,785.0,790.0,765.0,770.0,916500
2023-08-29,694.0135498046875,790.0,790.0,780.0,785.0,1196000
2023-08-30,698.406005859375,795.0,805.0,780.0,790.0,2004300
2023-08-31,702.7985229492188,800.0,800.0,790.0,795.0,1918300
2023-09-01,689.62109375,785.0,805.0,785.0,800.0,1757500
2023-09-04,698.406005859375,795.0,805.0,785.0,795.0,1064600
2023-09-05,715.9759521484375,815.0,820.0,795.0,800.0,3462000
2023-09-06,724.760986328125,825.0,830.0,810.0,815.0,4537600
2023-09-07,720.3684692382812,820.0,835.0,805.0,825.0,3377700
2023-09-08,729.1534423828125,830.0,830.0,815.0,820.0,2917300
2023-09-11,729.1534423828125,830.0,835.0,810.0,810.0,2745700
2023-09-12,733.5459594726562,835.0,835.0,820.0,830.0,1459500
2023-09-13,742.3309326171875,845.0,880.0,835.0,835.0,6236800
2023-09-14,733.5459594726562,835.0,855.0,830.0,845.0,1549100
2023-09-15,729.1534423828125,830.0,835.0,815.0,835.0,2699200
2023-09-18,733.5459594726562,835.0,840.0,815.0,830.0,3071400
2023-09-19,729.1534423828125,830.0,840.0,815.0,835.0,2874500
2023-09-20,737.9384155273438,840.0,870.0,825.0,830.0,7400100
2023-09-21,733.5459594726562,835.0,860.0,830.0,840.0,3195200
2023-09-22,751.115966796875,855.0,860.0,825.0,835.0,5000300
2023-09-25,764.29345703125,870.0,900.0,850.0,855.0,17390000
2023-09-26,768.6859130859375,875.0,890.0,850.0,870.0,8555400
2023-09-27,764.29345703125,870.0,875.0,855.0,875.0,4099700
2023-09-29,764.29345703125,870.0,875.0,860.0,870.0,2832100
2023-10-02,751.115966796875,855.0,885.0,850.0,870.0,6390800
2023-10-03,751.115966796875,855.0,870.0,850.0,860.0,3274400
2023-10-04,751.115966796875,855.0,865.0,830.0,855.0,8434400
2023-10-05,746.7234497070312,850.0,865.0,840.0,860.0,6140900
2023-10-06,746.7234497070312,850.0,855.0,830.0,850.0,6208600
2023-10-09,746.7234497070312,850.0,870.0,840.0,850.0,5289500
2023-10-10,742.3309326171875,845.0,855.0,835.0,850.0,3780600
2023-10-11,746.7234497070312,850.0,860.0,835.0,845.0,4466900
2023-10-12,746.7234497070312,850.0,850.0,835.0,850.0,4535400
2023-10-13,751.115966796875,855.0,855.0,835.0,850.0,6153300
2023-10-16,742.3309326171875,845.0,865.0,845.0,855.0,6061500
2023-10-17,764.29345703125,870.0,870.0,845.0,845.0,7177300
2023-10-18,764.29345703125,870.0,880.0,860.0,870.0,8743100
2023-10-19,759.9009399414062,865.0,875.0,850.0,870.0,5887500
2023-10-20,773.0784301757812,880.0,885.0,850.0,865.0,9574400
2023-10-23,746.7234497070312,850.0,885.0,835.0,880.0,9795800
2023-10-24,759.9009399414062,865.0,895.0,845.0,855.0,6315800
2023-10-25,764.29345703125,870.0,900.0,860.0,865.0,8467600
2023-10-26,768.6859130859375,875.0,880.0,855.0,865.0,7403600
2023-10-27,773.0784301757812,880.0,885.0,865.0,870.0,5931200
2023-10-30,759.9009399414062,865.0,885.0,850.0,880.0,7663400
2023-10-31,746.7234497070312,850.0,880.0,850.0,865.0,7472800
2023-11-01,667.6585693359375,760.0,850.0,725.0,850.0,25536300
2023-11-02,672.0511474609375,765.0,780.0,745.0,760.0,4641600
2023-11-03,689.62109375,785.0,790.0,765.0,770.0,2263300
2023-11-06,707.1910400390625,805.0,805.0,775.0,785.0,3759900
2023-11-07,694.0135498046875,790.0,825.0,775.0,810.0,3772500
2023-11-08,694.0135498046875,790.0,800.0,775.0,790.0,1788800
2023-11-09,694.0135498046875,790.0,800.0,780.0,800.0,1673100
2023-11-10,676.443603515625,770.0,790.0,770.0,780.0,2367700
2023-11-13,676.443603515625,770.0,780.0,770.0,775.0,1235700
2023-11-14,689.62109375,785.0,790.0,765.0,770.0,1834700
2023-11-15,689.62109375,785.0,800.0,780.0,790.0,1644300
2023-11-16,694.0135498046875,790.0,800.0,785.0,790.0,1540600
2023-11-17,694.0135498046875,790.0,790.0,780.0,790.0,466900
2023-11-20,685.228515625,780.0,795.0,775.0,790.0,1719800
2023-11-21,685.228515625,780.0,795.0,775.0,780.0,1417700
2023-11-22,680.8360595703125,775.0,790.0,775.0,785.0,1402500
2023-11-23,680.8360595703125,775.0,785.0,770.0,775.0,1647200
2023-11-24,685.228515625,780.0,785.0,770.0,780.0,2092300
2023-11-27,667.6585693359375,760.0,780.0,760.0,780.0,1681400
2023-11-28,667.6585693359375,760.0,770.0,755.0,760.0,1050800
2023-11-29,667.6585693359375,760.0,770.0,755.0,760.0,956100
2023-11-30,667.6585693359375,760.0,770.0,755.0,760.0,691400
2023-12-01,658.8736572265625,750.0,760.0,750.0,760.0,548700
2023-12-04,658.8736572265625,750.0,760.0,740.0,760.0,1437700
2023-12-05,658.8736572265625,750.0,755.0,740.0,750.0,1107900
2023-12-06,654.4811401367188,745.0,755.0,745.0,750.0,611100
2023-12-07,650.088623046875,740.0,750.0,740.0,750.0,611600
2023-12-08,641.3037109375,730.0,745.0,730.0,745.0,742800
2023-12-11,663.26611328125,755.0,850.0,725.0,730.0,8198700
2023-12-12,641.3037109375,730.0,795.0,725.0,760.0,4168800
2023-12-13,606.1636962890625,690.0,740.0,685.0,735.0,5222800
2023-12-14,614.94873046875,700.0,735.0,680.0,690.0,2578300
2023-12-15,606.1636962890625,690.0,710.0,690.0,700.0,1736900
2023-12-18,610.5562744140625,695.0,725.0,675.0,690.0,3067400
2023-12-19,606.1636962890625,690.0,705.0,685.0,700.0,564200
2023-12-20,606.1636962890625,690.0,705.0,690.0,690.0,1085700
2023-12-21,614.94873046875,700.0,700.0,685.0,690.0,275600
2023-12-22,614.94873046875,700.0,705.0,695.0,700.0,530500
2023-12-27,610.5562744140625,695.0,705.0,690.0,700.0,712300
2023-12-28,614.94873046875,700.0,700.0,685.0,695.0,1686700
2023-12-29,610.5562744140625,695.0,700.0,690.0,700.0,1414100
2024-01-02,614.94873046875,700.0,700.0,690.0,695.0,1072000
2024-01-03,610.5562744140625,695.0,705.0,695.0,700.0,914700
2024-01-04,610.5562744140625,695.0,700.0,690.0,700.0,1434100
2024-01-05,606.1636962890625,690.0,695.0,690.0,695.0,1132400
2024-01-08,610.5562744140625,695.0,710.0,690.0,690.0,3337800
2024-01-09,606.1636962890625,690.0,705.0,685.0,705.0,2147600
2024-01-10,592.9862060546875,675.0,695.0,660.0,695.0,5638700
2024-01-11,592.9862060546875,675.0,680.0,670.0,675.0,1837200
2024-01-12,597.3787231445312,680.0,680.0,670.0,675.0,2018300
2024-01-15,597.3787231445312,680.0,685.0,670.0,675.0,1161000
2024-01-16,597.3787231445312,680.0,685.0,675.0,680.0,245300
2024-01-17,592.9862060546875,675.0,685.0,670.0,680.0,1008700
2024-01-18,592.9862060546875,675.0,700.0,670.0,675.0,2417600
2024-01-19,597.3787231445312,680.0,690.0,680.0,680.0,1319800
2024-01-22,588.59375,670.0,685.0,670.0,680.0,1501200
2024-01-23,588.59375,670.0,675.0,665.0,670.0,798500
2024-01-24,575.416259765625,655.0,670.0,655.0,670.0,1698800
2024-01-25,579.8087768554688,660.0,690.0,650.0,655.0,1572300
2024-01-26,588.59375,670.0,670.0,655.0,660.0,737400
2024-01-29,597.3787231445312,680.0,680.0,665.0,665.0,1513700
2024-01-30,579.8087768554688,660.0,680.0,660.0,675.0,522300
2024-01-31,584.2012939453125,665.0,670.0,660.0,670.0,309300
2024-02-01,588.59375,670.0,670.0,660.0,665.0,313400
2024-02-02,579.8087768554688,660.0,670.0,660.0,670.0,564300
2024-02-05,584.2012939453125,665.0,670.0,660.0,660.0,939700
2024-02-06,584.2012939453125,665.0,670.0,665.0,665.0,96700
2024-02-07,584.2012939453125,665.0,670.0,660.0,670.0,494300
2024-02-12,579.8087768554688,660.0,665.0,650.0,665.0,1125500
2024-02-13,575.416259765625,655.0,660.0,645.0,660.0,816500
2024-02-15,579.8087768554688,660.0,665.0,645.0,655.0,958700
2024-02-16,579.8087768554688,660.0,665.0,655.0,660.0,322900
2024-02-19,584.2012939453125,665.0,665.0,660.0,660.0,486500
2024-02-20,575.416259765625,655.0,665.0,655.0,665.0,553900
2024-02-21,579.8087768554688,660.0,665.0,650.0,665.0,669800
2024-02-22,584.2012939453125,665.0,665.0,650.0,655.0,902600
2024-02-23,579.8087768554688,660.0,665.0,650.0,665.0,809400
2024-02-26,579.8087768554688,660.0,665.0,655.0,660.0,1327700
2024-02-27,584.2012939453125,665.0,670.0,660.0,665.0,726400
2024-02-28,588.59375,670.0,670.0,665.0,665.0,1255100
2024-02-29,588.59375,670.0,670.0,665.0,670.0,392200
2024-03-01,588.59375,670.0,670.0,660.0,665.0,802900
2024-03-04,579.8087768554688,660.0,675.0,660.0,670.0,615200
2024-03-05,579.8087768554688,660.0,670.0,655.0,660.0,1103000
2024-03-06,584.2012939453125,665.0,670.0,660.0,660.0,636400
2024-03-07,588.59375,670.0,670.0,665.0,670.0,622800
2024-03-08,579.8087768554688,660.0,670.0,660.0,670.0,1100500
2024-03-13,579.8087768554688,660.0,665.0,655.0,660.0,1486700
2024-03-14,579.8087768554688,660.0,665.0,655.0,660.0,484100
2024-03-15,584.2012939453125,665.0,670.0,660.0,665.0,599400
2024-03-18,597.3787231445312,680.0,685.0,665.0,670.0,2046100
2024-03-19,601.771240234375,685.0,695.0,685.0,690.0,1319400
2024-03-20,601.771240234375,685.0,695.0,685.0,685.0,1698200
2024-03-21,597.3787231445312,680.0,695.0,680.0,690.0,1364100
2024-03-22,588.59375,670.0,685.0,665.0,685.0,1589600
2024-03-25,592.9862060546875,675.0,675.0,665.0,675.0,435400
2024-03-26,588.59375,670.0,680.0,665.0,680.0,1087300
2024-03-27,592.9862060546875,675.0,680.0,670.0,670.0,478100
2024-03-28,588.59375,670.0,680.0,670.0,675.0,345100
2024-04-01,571.0238037109375,650.0,670.0,640.0,670.0,2698400
2024-04-02,575.416259765625,655.0,660.0,650.0,655.0,1172500
2024-04-03,584.2012939453125,665.0,675.0,650.0,660.0,1278400
2024-04-04,584.2012939453125,665.0,675.0,660.0,670.0,1030000
2024-04-05,584.2012939453125,665.0,670.0,660.0,670.0,969400
2024-04-16,584.2012939453125,665.0,670.0,650.0,660.0,4008700
2024-04-17,557.8463134765625,635.0,665.0,625.0,660.0,5190600
2024-04-18,540.2763671875,615.0,640.0,610.0,635.0,5099500
2024-04-19,535.8839111328125,610.0,615.0,600.0,615.0,3214200
2024-04-22,531.4913940429688,605.0,620.0,605.0,610.0,1584600
2024-04-23,535.8839111328125,610.0,615.0,605.0,605.0,2246000
2024-04-24,535.8839111328125,610.0,620.0,610.0,615.0,848200
2024-04-25,531.4913940429688,605.0,620.0,605.0,615.0,1297600
2024-04-26,531.4913940429688,605.0,615.0,600.0,605.0,427700
2024-04-29,531.4913940429688,605.0,610.0,595.0,605.0,1104700
2024-04-30,544.6688232421875,620.0,620.0,600.0,605.0,1476800
2024-05-02,544.6688232421875,620.0,630.0,610.0,620.0,1690000
2024-05-03,535.8839111328125,610.0,620.0,605.0,620.0,2891700
2024-05-06,531.4913940429688,605.0,615.0,600.0,610.0,6243300
2024-05-07,531.4913940429688,605.0,610.0,600.0,610.0,1367400
2024-05-08,527.098876953125,600.0,610.0,600.0,605.0,1745500
2024-05-13,527.098876953125,600.0,605.0,595.0,600.0,3472800
2024-05-14,535.8839111328125,610.0,615.0,600.0,605.0,2395200
2024-05-15,544.6688232421875,620.0,625.0,605.0,610.0,1110900
2024-05-16,540.2763671875,615.0,620.0,615.0,620.0,1808700
2024-05-17,544.6688232421875,620.0,630.0,615.0,615.0,630000
2024-05-20,540.2763671875,615.0,625.0,615.0,620.0,578800
2024-05-21,540.2763671875,615.0,625.0,615.0,615.0,644200
2024-05-22,544.6688232421875,620.0,625.0,610.0,615.0,687800
2024-05-27,588.59375,670.0,710.0,615.0,620.0,17414900
2024-05-28,584.2012939453125,665.0,705.0,665.0,675.0,3339700
2024-05-29,597.3787231445312,680.0,700.0,650.0,665.0,3126700
2024-05-30,601.771240234375,685.0,695.0,670.0,685.0,3114800
2024-05-31,606.1636962890625,690.0,695.0,680.0,685.0,3575700
2024-06-03,601.771240234375,685.0,705.0,680.0,695.0,3088800
2024-06-04,601.771240234375,685.0,695.0,675.0,690.0,1134600
2024-06-05,601.771240234375,685.0,685.0,675.0,685.0,568900
2024-06-06,592.9862060546875,675.0,685.0,670.0,685.0,1218100
2024-06-07,592.9862060546875,675.0,680.0,660.0,680.0,1017500
2024-06-10,588.59375,670.0,680.0,665.0,675.0,1353400
2024-06-11,588.59375,670.0,675.0,670.0,670.0,319500
2024-06-12,579.8087768554688,660.0,675.0,650.0,670.0,2209500
2024-06-13,584.2012939453125,665.0,670.0,650.0,660.0,631000
2024-06-14,571.0238037109375,650.0,665.0,650.0,665.0,1481500
2024-06-19,562.23876953125,640.0,700.0,630.0,655.0,6685500
2024-06-20,562.23876953125,640.0,655.0,635.0,640.0,893200
2024-06-21,571.0238037109375,650.0,655.0,635.0,635.0,810000
2024-06-24,588.59375,670.0,670.0,650.0,650.0,3926600
2024-06-25,583.92236328125,625.0,645.0,610.0,645.0,1728000
2024-06-26,583.92236328125,625.0,630.0,620.0,630.0,280600
2024-06-27,579.2510375976562,620.0,625.0,620.0,625.0,483900
2024-06-28,579.2510375976562,620.0,625.0,610.0,625.0,2436200
2024-07-01,616.6220703125,660.0,665.0,620.0,625.0,4214300
2024-07-02,616.6220703125,660.0,675.0,650.0,660.0,1077500
2024-07-03,621.29345703125,665.0,675.0,660.0,675.0,952600
2024-07-04,625.96484375,670.0,675.0,665.0,670.0,1001700
2024-07-05,625.96484375,670.0,680.0,655.0,670.0,1147400
2024-07-08,630.6361694335938,675.0,675.0,660.0,660.0,258400
2024-07-09,635.3075561523438,680.0,705.0,670.0,675.0,2184800
2024-07-10,639.9789428710938,685.0,700.0,675.0,690.0,1531700
2024-07-11,635.3075561523438,680.0,690.0,675.0,680.0,222100
2024-07-12,630.6361694335938,675.0,685.0,675.0,685.0,413400
2024-07-15,635.3075561523438,680.0,690.0,675.0,675.0,177900
2024-07-16,639.9789428710938,685.0,685.0,660.0,680.0,424500
2024-07-17,639.9789428710938,685.0,690.0,675.0,685.0,302600
2024-07-18,639.9789428710938,685.0,690.0,680.0,685.0,689200
2024-07-19,639.9789428710938,685.0,690.0,680.0,685.0,448100
2024-07-22,635.3075561523438,680.0,685.0,680.0,685.0,313100
2024-07-23,639.9789428710938,685.0,700.0,680.0,680.0,3273300
2024-07-24,649.3217163085938,695.0,700.0,680.0,680.0,964900
2024-07-25,649.3217163085938,695.0,715.0,690.0,695.0,6213600
2024-07-26,658.6644897460938,705.0,715.0,700.0,700.0,2331900
2024-07-29,653.9930419921875,700.0,720.0,700.0,705.0,841200
2024-07-30,658.6644897460938,705.0,710.0,685.0,700.0,1257400
2024-07-31,593.26513671875,635.0,710.0,625.0,710.0,12894400
2024-08-01,593.26513671875,635.0,650.0,630.0,640.0,3405700
2024-08-02,593.26513671875,635.0,645.0,630.0,635.0,2130300
2024-08-05,574.5796508789062,615.0,640.0,610.0,640.0,3414600
2024-08-06,579.2510375976562,620.0,625.0,615.0,615.0,792100
2024-08-07,583.92236328125,625.0,630.0,620.0,625.0,552600
2024-08-08,583.92236328125,625.0,625.0,620.0,625.0,1442200
2024-08-09,588.59375,630.0,630.0,620.0,625.0,793300
2024-08-12,588.59375,630.0,635.0,625.0,630.0,445200
2024-08-13,588.59375,630.0,635.0,630.0,630.0,788400
2024-08-14,593.26513671875,635.0,635.0,625.0,630.0,2206700
2024-08-15,583.92236328125,625.0,635.0,625.0,635.0,1284000
2024-08-16,597.9365234375,640.0,640.0,625.0,625.0,2425400
2024-08-19,602.6079711914062,645.0,655.0,630.0,640.0,2128800
2024-08-20,607.279296875,650.0,655.0,640.0,645.0,1161100
2024-08-21,602.6079711914062,645.0,650.0,645.0,650.0,729500
2024-08-22,597.9365234375,640.0,650.0,635.0,645.0,451500
2024-08-23,597.9365234375,640.0,645.0,640.0,640.0,231500
2024-08-26,597.9365234375,640.0,650.0,630.0,640.0,2135800
2024-08-27,588.59375,630.0,640.0,625.0,640.0,3775600
2024-08-28,597.9365234375,640.0,645.0,630.0,635.0,1767300
2024-08-29,593.26513671875,635.0,640.0,630.0,640.0,2206900
2024-08-30,593.26513671875,635.0,640.0,630.0,635.0,349700
2024-09-02,597.9365234375,640.0,640.0,635.0,635.0,1025500
2024-09-03,597.9365234375,640.0,640.0,630.0,640.0,556100
2024-09-04,588.59375,630.0,635.0,625.0,635.0,1043600
2024-09-05,597.9365234375,640.0,660.0,630.0,630.0,9242400
2024-09-06,607.279296875,650.0,665.0,640.0,645.0,5671700
2024-09-09,597.9365234375,640.0,655.0,635.0,655.0,2630600
2024-09-10,597.9365234375,640.0,650.0,640.0,645.0,1095300
2024-09-11,593.26513671875,635.0,645.0,635.0,645.0,1202100
2024-09-12,597.9365234375,640.0,645.0,635.0,635.0,1251800
2024-09-13,602.6079711914062,645.0,650.0,635.0,645.0,2084700
2024-09-17,597.9365234375,640.0,650.0,635.0,645.0,2446700
2024-09-18,597.9365234375,640.0,640.0,635.0,640.0,918400
2024-09-19,597.9365234375,640.0,645.0,640.0,640.0,951000
2024-09-20,597.9365234375,640.0,645.0,630.0,645.0,2269600
2024-09-23,607.279296875,650.0,655.0,640.0,645.0,1728400
2024-09-24,607.279296875,650.0,650.0,640.0,650.0,2893000
2024-09-25,611.95068359375,655.0,655.0,640.0,650.0,2208200
2024-09-26,602.6079711914062,645.0,655.0,640.0,655.0,2089100
2024-09-27,607.279296875,650.0,655.0,645.0,645.0,1302000
2024-09-30,602.6079711914062,645.0,655.0,640.0,650.0,1402600
2024-10-01,597.9365234375,640.0,650.0,640.0,650.0,1369600
2024-10-02,593.26513671875,635.0,650.0,635.0,640.0,2017300
2024-10-03,602.6079711914062,645.0,650.0,640.0,640.0,2059500
2024-10-04,602.6079711914062,645.0,650.0,640.0,650.0,882400
2024-10-07,607.279296875,650.0,670.0,640.0,645.0,2831600
2024-10-08,616.6220703125,660.0,665.0,650.0,655.0,3065600
2024-10-09,611.95068359375,655.0,670.0,655.0,660.0,969300
2024-10-10,611.95068359375,655.0,660.0,650.0,655.0,807000
2024-10-11,616.6220703125,660.0,660.0,655.0,655.0,1425400
2024-10-14,621.29345703125,665.0,675.0,660.0,660.0,6631300
2024-10-15,621.29345703125,665.0,675.0,660.0,670.0,2356600
2024-10-16,625.96484375,670.0,670.0,665.0,670.0,916100
2024-10-17,625.96484375,670.0,680.0,665.0,670.0,1410800
2024-10-18,625.96484375,670.0,675.0,665.0,670.0,1275600
2024-10-21,625.96484375,670.0,670.0,660.0,670.0,1055600
2024-10-22,630.6361694335938,675.0,680.0,660.0,670.0,3801200
2024-10-23,639.9789428710938,685.0,695.0,675.0,675.0,4731100
2024-10-24,658.6644897460938,705.0,705.0,685.0,685.0,5626000
2024-10-25,653.9930419921875,700.0,715.0,695.0,705.0,5176500
2024-10-28,644.6503295898438,690.0,710.0,675.0,705.0,3065900
2024-10-29,639.9789428710938,685.0,700.0,680.0,690.0,1984900
2024-10-30,644.6503295898438,690.0,690.0,670.0,685.0,2843900
2024-10-31,635.3075561523438,680.0,710.0,675.0,690.0,8813200
2024-11-01,625.96484375,670.0,685.0,665.0,680.0,2170200
2024-11-04,630.6361694335938,675.0,690.0,660.0,670.0,6372200
2024-11-05,644.6503295898438,690.0,690.0,675.0,680.0,4744000
2024-11-06,639.9789428710938,685.0,700.0,680.0,690.0,2303900
2024-11-07,635.3075561523438,680.0,690.0,670.0,690.0,2226900
2024-11-08,635.3075561523438,680.0,685.0,675.0,680.0,3588500
2024-11-11,639.9789428710938,685.0,690.0,680.0,680.0,4892200
2024-11-12,653.9930419921875,700.0,705.0,680.0,690.0,6388200
2024-11-13,658.9103393554688,670.0,680.0,600.0,600.0,3992000
2024-11-14,649.0758666992188,660.0,675.0,655.0,670.0,1633300
2024-11-15,634.3241577148438,645.0,665.0,645.0,660.0,1760900
2024-11-18,624.4896240234375,635.0,650.0,635.0,645.0,1647300
2024-11-19,629.4068603515625,640.0,645.0,635.0,635.0,498700
2024-11-20,634.3241577148438,645.0,650.0,635.0,635.0,1996500
2024-11-21,629.4068603515625,640.0,650.0,640.0,645.0,741000
2024-11-22,634.3241577148438,645.0,650.0,640.0,640.0,695700
2024-11-25,629.4068603515625,640.0,645.0,635.0,645.0,1082600
2024-11-26,624.4896240234375,635.0,640.0,635.0,640.0,781400
2024-11-28,619.5723876953125,630.0,640.0,630.0,635.0,827900
2024-11-29,624.4896240234375,635.0,635.0,620.0,630.0,695200
2024-12-02,609.7379150390625,620.0,640.0,610.0,635.0,4669800
2024-12-03,614.6551513671875,625.0,630.0,615.0,625.0,1123700
2024-12-04,629.4068603515625,640.0,640.0,625.0,625.0,1471900
2024-12-05,634.3241577148438,645.0,645.0,635.0,640.0,700500
2024-12-06,629.4068603515625,640.0,645.0,635.0,645.0,739100
2024-12-09,619.5723876953125,630.0,640.0,625.0,640.0,1509000
2024-12-10,629.4068603515625,640.0,640.0,630.0,635.0,1273800
2024-12-11,624.4896240234375,635.0,645.0,630.0,640.0,1192600
2024-12-12,624.4896240234375,635.0,645.0,630.0,635.0,1461400
2024-12-13,629.4068603515625,640.0,655.0,630.0,635.0,936100
2024-12-16,624.4896240234375,635.0,640.0,630.0,635.0,884400
2024-12-17,614.6551513671875,625.0,635.0,620.0,635.0,2264600
2024-12-18,614.6551513671875,625.0,630.0,615.0,625.0,599900
2024-12-19,599.9034423828125,610.0,625.0,600.0,625.0,2631400
2024-12-20,604.8206787109375,615.0,615.0,605.0,610.0,932600
2024-12-23,609.7379150390625,620.0,650.0,610.0,615.0,1004400
2024-12-24,609.7379150390625,620.0,625.0,615.0,625.0,427800
2024-12-27,604.8206787109375,615.0,625.0,615.0,620.0,375600
2024-12-30,604.8206787109375,615.0,630.0,615.0,620.0,985300
2025-01-02,609.7379150390625,620.0,625.0,615.0,625.0,351800
2025-01-03,604.8206787109375,615.0,625.0,615.0,625.0,551200
2025-01-06,619.5723876953125,630.0,670.0,615.0,615.0,1906600
2025-01-07,614.6551513671875,625.0,630.0,620.0,630.0,440600
2025-01-08,604.8206787109375,615.0,625.0,615.0,625.0,210900
2025-01-09,604.8206787109375,615.0,625.0,615.0,620.0,222400
2025-01-10,609.7379150390625,620.0,620.0,610.0,620.0,589700
2025-01-13,604.8206787109375,615.0,620.0,610.0,615.0,1006500
2025-01-14,604.8206787109375,615.0,625.0,615.0,615.0,560100
2025-01-15,609.7379150390625,620.0,620.0,610.0,615.0,485700
2025-01-16,609.7379150390625,620.0,625.0,615.0,620.0,689000
2025-01-17,609.7379150390625,620.0,625.0,615.0,620.0,903900
2025-01-20,609.7379150390625,620.0,625.0,615.0,625.0,1126900
2025-01-21,609.7379150390625,620.0,625.0,610.0,620.0,2033100
2025-01-22,609.7379150390625,620.0,620.0,615.0,620.0,1272700
2025-01-23,609.7379150390625,620.0,625.0,615.0,620.0,846000
2025-01-24,604.8206787109375,615.0,625.0,610.0,620.0,610600
2025-01-30,604.8206787109375,615.0,620.0,610.0,615.0,1234000
2025-01-31,599.9034423828125,610.0,655.0,610.0,615.0,3835700
2025-02-03,604.8206787109375,615.0,615.0,605.0,610.0,1083200
2025-02-04,594.9862060546875,605.0,620.0,605.0,615.0,808600
2025-02-05,590.0689697265625,600.0,610.0,595.0,605.0,2613000
2025-02-06,565.4827270507812,575.0,645.0,575.0,600.0,4804200
2025-02-07,580.2344970703125,590.0,620.0,575.0,580.0,1605700
2025-02-10,580.2344970703125,590.0,595.0,590.0,590.0,574700
2025-02-11,570.4000244140625,580.0,590.0,575.0,590.0,855400
2025-02-12,575.3172607421875,585.0,590.0,575.0,580.0,874200
2025-02-13,594.9862060546875,605.0,630.0,580.0,585.0,2704500
2025-02-14,590.0689697265625,600.0,610.0,590.0,610.0,294700
2025-02-17,594.9862060546875,605.0,640.0,595.0,600.0,2492100
2025-02-18,594.9862060546875,605.0,615.0,600.0,610.0,411500
2025-02-19,599.9034423828125,610.0,625.0,600.0,605.0,992300
2025-02-20,599.9034423828125,610.0,625.0,605.0,615.0,300800
2025-02-21,594.9862060546875,605.0,610.0,600.0,610.0,340800
2025-02-24,590.0689697265625,600.0,605.0,600.0,605.0,589500
2025-02-25,585.1517333984375,595.0,610.0,585.0,610.0,899300
2025-02-26,575.3172607421875,585.0,605.0,585.0,590.0,560000
2025-02-27,550.7310180664062,560.0,590.0,560.0,585.0,2051500
2025-02-28,526.1448364257812,535.0,565.0,530.0,560.0,3886800
2025-03-03,550.7310180664062,560.0,605.0,535.0,535.0,5393600
2025-03-04,545.8137817382812,555.0,605.0,550.0,560.0,2361400
2025-03-05,550.7310180664062,560.0,570.0,555.0,555.0,534800
2025-03-06,560.5654907226562,570.0,580.0,555.0,555.0,497200
2025-03-07,565.4827270507812,575.0,585.0,570.0,575.0,725500
2025-03-10,560.5654907226562,570.0,580.0,565.0,580.0,280200
2025-03-11,555.6482543945312,565.0,580.0,560.0,580.0,325700
2025-03-12,555.6482543945312,565.0,575.0,560.0,570.0,661400
2025-03-13,555.6482543945312,565.0,570.0,560.0,565.0,773100
2025-03-14,555.6482543945312,565.0,575.0,560.0,565.0,536900
2025-03-17,555.6482543945312,565.0,570.0,560.0,565.0,467500
2025-03-18,545.8137817382812,555.0,570.0,535.0,565.0,1771800
2025-03-19,545.8137817382812,555.0,565.0,555.0,560.0,318800
2025-03-20,560.5654907226562,570.0,570.0,555.0,555.0,365500
2025-03-21,550.7310180664062,560.0,570.0,555.0,570.0,1143300
2025-03-24,531.0620727539062,540.0,565.0,510.0,560.0,5751000
2025-03-25,540.8965454101562,550.0,555.0,535.0,540.0,911900
2025-03-26,550.7310180664062,560.0,565.0,550.0,550.0,365200
2025-03-27,570.4000244140625,580.0,590.0,555.0,565.0,1577400
2025-04-08,516.3103637695312,525.0,555.0,510.0,535.0,9830100
2025-04-09,521.2276000976562,530.0,540.0,520.0,525.0,2248600
2025-04-10,555.6482543945312,565.0,575.0,545.0,545.0,1533100
2025-04-11,560.5654907226562,570.0,605.0,550.0,555.0,1401100
2025-04-14,604.8206787109375,615.0,625.0,570.0,570.0,3228700
2025-04-15,634.3241577148438,645.0,650.0,620.0,620.0,4245600
2025-04-16,639.2413940429688,650.0,695.0,625.0,650.0,5605900
2025-04-17,644.1586303710938,655.0,675.0,650.0,650.0,2457400
2025-04-21,644.1586303710938,655.0,675.0,650.0,660.0,1267300
2025-04-22,658.9103393554688,670.0,670.0,645.0,655.0,1016200
2025-04-23,658.9103393554688,670.0,685.0,640.0,670.0,2537400
2025-04-24,653.9931030273438,665.0,675.0,660.0,670.0,1183400
2025-04-25,649.0758666992188,660.0,695.0,650.0,665.0,1985400
2025-04-28,644.1586303710938,655.0,665.0,650.0,665.0,964600
2025-04-29,663.8275756835938,675.0,700.0,650.0,655.0,3477000
2025-04-30,678.5792846679688,690.0,700.0,665.0,675.0,4665300
2025-05-02,698.248291015625,710.0,755.0,705.0,705.0,6316700
2025-05-05,693.3310546875,705.0,730.0,705.0,715.0,4130900
2025-05-06,708.082763671875,720.0,730.0,710.0,710.0,6382200
2025-05-07,713.0,725.0,760.0,720.0,720.0,7313000
2025-05-08,693.3310546875,705.0,740.0,700.0,735.0,10600000
2025-05-09,703.16552734375,715.0,720.0,705.0,705.0,2263600
2025-05-14,713.0,725.0,725.0,715.0,715.0,2760500
2025-05-15,708.082763671875,720.0,730.0,720.0,730.0,1053600
2025-05-16,703.16552734375,715.0,725.0,715.0,720.0,1585300
2025-05-19,717.917236328125,730.0,735.0,710.0,720.0,3478700
2025-05-20,708.082763671875,720.0,735.0,720.0,730.0,1020900
2025-05-21,717.917236328125,730.0,730.0,720.0,720.0,2206400
2025-05-22,717.917236328125,730.0,730.0,720.0,730.0,1272100
2025-05-23,713.0,725.0,730.0,720.0,725.0,437500
2025-05-26,703.16552734375,715.0,725.0,710.0,725.0,3572700
2025-05-27,708.082763671875,720.0,720.0,710.0,715.0,612100
2025-05-28,713.0,725.0,725.0,715.0,720.0,874100
2025-06-02,703.16552734375,715.0,730.0,715.0,725.0,1841600
2025-06-03,708.082763671875,720.0,725.0,715.0,725.0,951600
2025-06-04,713.0,725.0,735.0,720.0,720.0,2134200
2025-06-05,717.917236328125,730.0,735.0,715.0,725.0,2818800
2025-06-10,713.0,725.0,750.0,715.0,735.0,5953700
2025-06-11,727.751708984375,740.0,750.0,715.0,720.0,3588800
2025-06-12,737.586181640625,750.0,755.0,730.0,740.0,4790100
2025-06-13,717.917236328125,730.0,750.0,730.0,750.0,3108300
2025-06-16,713.0,725.0,735.0,715.0,730.0,3270200
2025-06-17,713.0,725.0,730.0,715.0,725.0,1549200
2025-06-18,713.0,725.0,730.0,720.0,725.0,2319500
2025-06-19,700.0,700.0,720.0,695.0,720.0,4694900
2025-06-20,720.0,720.0,725.0,695.0,700.0,5959200
2025-06-23,705.0,705.0,725.0,685.0,715.0,5123300
2025-06-24,725.0,725.0,750.0,710.0,710.0,3370300
2025-06-25,710.0,710.0,730.0,705.0,730.0,871300
2025-06-26,715.0,715.0,720.0,705.0,710.0,551700
2025-06-30,735.0,735.0,735.0,720.0,730.0,1610900
2025-07-01,735.0,735.0,745.0,725.0,735.0,3442600
2025-07-02,730.0,730.0,755.0,725.0,735.0,2812300
2025-07-03,780.0,780.0,785.0,730.0,730.0,9846300
2025-07-04,760.0,760.0,790.0,760.0,790.0,3452300
2025-07-07,775.0,775.0,775.0,760.0,775.0,1458500
2025-07-08,765.0,765.0,775.0,760.0,765.0,3034000
2025-07-09,775.0,775.0,775.0,765.0,765.0,1674500
2025-07-10,795.0,795.0,800.0,775.0,775.0,4465100
2025-07-11,810.0,810.0,810.0,795.0,795.0,4406900
2025-07-14,810.0,810.0,815.0,800.0,810.0,3659700
2025-07-15,830.0,830.0,835.0,800.0,810.0,8563100
2025-07-16,855.0,855.0,860.0,830.0,835.0,11187300
2025-07-17,860.0,860.0,865.0,845.0,855.0,5972300
2025-07-18,835.0,835.0,855.0,835.0,855.0,4142700
2025-07-21,820.0,820.0,840.0,815.0,840.0,4502200
2025-07-22,810.0,810.0,820.0,805.0,820.0,5808500
2025-07-23,810.0,810.0,815.0,800.0,815.0,1351600
2025-07-24,805.0,805.0,815.0,795.0,810.0,3269300
2025-07-25,805.0,805.0,810.0,800.0,800.0,4352400
2025-07-28,815.0,815.0,815.0,800.0,805.0,2902900
2025-07-29,815.0,815.0,820.0,805.0,820.0,4608100
2025-07-30,875.0,875.0,895.0,815.0,820.0,31435100
2025-07-31,800.0,800.0,890.0,750.0,875.0,41736900
2025-08-01,775.0,775.0,810.0,770.0,800.0,8478900
2025-08-04,785.0,785.0,790.0,760.0,785.0,4655500
2025-08-05,795.0,795.0,815.0,785.0,790.0,5921200
2025-08-06,780.0,780.0,800.0,770.0,800.0,3244500
2025-08-07,775.0,775.0,790.0,765.0,785.0,3233400
2025-08-08,775.0,775.0,780.0,765.0,775.0,2095200
2025-08-11,750.0,750.0,770.0,740.0,760.0,14675900
2025-08-12,750.0,750.0,770.0,740.0,755.0,7709200
2025-08-13,745.0,745.0,750.0,740.0,750.0,3107500
2025-08-14,775.0,775.0,775.0,740.0,745.0,8345000
2025-08-15,760.0,760.0,780.0,755.0,775.0,2736900
2025-08-19,770.0,770.0,780.0,755.0,760.0,3851600
2025-08-20,795.0,795.0,805.0,770.0,775.0,13629400
2025-08-21,790.0,790.0,805.0,785.0,800.0,4691100
2025-08-22,780.0,780.0,800.0,775.0,800.0,1871200
2025-08-25,770.0,770.0,795.0,770.0,780.0,2623000
2025-08-26,760.0,760.0,780.0,760.0,775.0,3048800
2025-08-27,745.0,745.0,770.0,740.0,755.0,4487200
2025-08-28,760.0,760.0,760.0,750.0,750.0,1859700
2025-08-29,750.0,750.0,765.0,735.0,760.0,4400600
2025-09-01,735.0,735.0,745.0,705.0,710.0,4534400
2025-09-02,740.0,740.0,750.0,735.0,735.0,2569400
2025-09-03,760.0,760.0,765.0,735.0,750.0,4499500
2025-09-04,750.0,750.0,770.0,750.0,765.0,1606800
2025-09-08,740.0,740.0,755.0,740.0,745.0,1675000
2025-09-09,730.0,730.0,740.0,715.0,735.0,4124100
2025-09-10,730.0,730.0,740.0,725.0,730.0,2684200
2025-09-11,745.0,745.0,750.0,730.0,735.0,2044600
2025-09-12,740.0,740.0,745.0,730.0,745.0,2191200
2025-09-15,730.0,730.0,745.0,725.0,740.0,3535000
2025-09-16,730.0,730.0,740.0,720.0,740.0,3271300
2025-09-17,720.0,720.0,735.0,715.0,730.0,3421400
2025-09-18,710.0,710.0,730.0,710.0,725.0,3314500
2025-09-19,715.0,715.0,715.0,710.0,715.0,1024700
2025-09-22,720.0,720.0,720.0,705.0,715.0,2261500
2025-09-23,725.0,725.0,725.0,710.0,720.0,2307600
2025-09-24,730.0,730.0,735.0,720.0,725.0,3330900
2025-09-25,740.0,740.0,755.0,735.0,735.0,4362800
2025-09-26,740.0,740.0,760.0,735.0,745.0,4858700
2025-09-29,745.0,745.0,755.0,740.0,740.0,4907800
2025-09-30,735.0,735.0,755.0,730.0,750.0,3131600
2025-10-01,735.0,735.0,740.0,730.0,735.0,1659100
2025-10-02,740.0,740.0,745.0,730.0,740.0,1887000
2025-10-03,745.0,745.0,750.0,730.0,740.0,3206600
2025-10-06,720.0,720.0,745.0,700.0,745.0,6481400
2025-10-07,710.0,710.0,725.0,705.0,725.0,3859900
2025-10-08,680.0,680.0,710.0,670.0,710.0,13088400
2025-10-09,700.0,700.0,700.0,680.0,685.0,3301000
2025-10-10,700.0,700.0,720.0,700.0,700.0,3422500
2025-10-13,715.0,715.0,725.0,695.0,700.0,9100200
2025-10-14,705.0,705.0,730.0,700.0,720.0,5167100
2025-10-15,700.0,700.0,710.0,690.0,710.0,2762400
2025-10-16,730.0,730.0,735.0,695.0,705.0,7540300
2025-10-17,725.0,725.0,745.0,715.0,745.0,7429300
2025-10-20,735.0,735.0,735.0,715.0,725.0,4524000
2025-10-21,765.0,765.0,765.0,735.0,740.0,8313200
2025-10-22,770.0,770.0,790.0,765.0,770.0,7385100
2025-10-23,785.0,785.0,790.0,770.0,770.0,5859300
2025-10-24,790.0,790.0,815.0,785.0,795.0,10456300
2025-10-27,790.0,790.0,815.0,780.0,795.0,7413600
2025-10-28,790.0,790.0,800.0,785.0,795.0,1955600
2025-10-29,790.0,790.0,800.0,785.0,790.0,2612300
2025-10-30,790.0,790.0,795.0,780.0,790.0,4478100
2025-10-31,745.0,745.0,800.0,735.0,790.0,15804500
2025-11-03,755.0,755.0,765.0,745.0,750.0,4698100
2025-11-04,755.0,755.0,765.0,745.0,755.0,2865200
2025-11-05,755.0,755.0,760.0,745.0,750.0,1599400
2025-11-06,745.0,745.0,755.0,740.0,755.0,2972000
2025-11-07,740.0,740.0,750.0,740.0,745.0,2980300
2025-11-10,745.0,745.0,755.0,735.0,745.0,6148400
2025-11-11,730.0,730.0,745.0,725.0,745.0,7378200
2025-11-12,740.0,740.0,740.0,705.0,730.0,11970800
2025-11-13,740.0,740.0,750.0,735.0,740.0,3003100
2025-11-14,730.0,730.0,745.0,730.0,740.0,1797900
2025-11-17,735.0,735.0,740.0,730.0,735.0,2233000
2025-11-18,730.0,730.0,740.0,720.0,740.0,2335000
2025-11-19,730.0,730.0,735.0,725.0,730.0,1732200
2025-11-20,725.0,725.0,735.0,725.0,735.0,1728600
2025-11-21,715.0,715.0,730.0,715.0,730.0,2993600
2025-11-24,725.0,725.0,725.0,715.0,720.0,2312400
2025-11-25,720.0,720.0,725.0,710.0,725.0,5288400
2025-11-26,720.0,720.0,720.0,710.0,720.0,2490100
2025-11-27,715.0,715.0,720.0,710.0,720.0,3030700
2025-11-28,710.0,710.0,715.0,710.0,715.0,1761900
2025-12-01,715.0,715.0,720.0,710.0,715.0,1584200
2025-12-02,710.0,710.0,720.0,710.0,715.0,1395400
2025-12-03,710.0,710.0,715.0,705.0,710.0,1075400
2025-12-04,700.0,700.0,710.0,700.0,710.0,2397600
2025-12-05,715.0,715.0,720.0,700.0,700.0,1351300
2025-12-08,705.0,705.0,715.0,705.0,715.0,2141700
2025-12-09,700.0,700.0,710.0,700.0,705.0,3956600
2025-12-10,695.0,695.0,705.0,690.0,705.0,3068000
2025-12-11,670.0,670.0,695.0,670.0,695.0,5156200
2025-12-12,680.0,680.0,685.0,670.0,670.0,4377600
2025-12-15,680.0,680.0,685.0,675.0,685.0,1300100
2025-12-16,680.0,680.0,685.0,670.0,680.0,1558700
2025-12-17,675.0,675.0,685.0,670.0,680.0,911400
2025-12-18,670.0,670.0,680.0,670.0,680.0,1920700
2025-12-19,675.0,675.0,680.0,670.0,670.0,1582700
2025-12-22,680.0,680.0,680.0,670.0,675.0,1844800
2025-12-23,675.0,675.0,680.0,675.0,680.0,872600
2025-12-24,675.0,675.0,685.0,675.0,680.0,1274000
2025-12-29,680.0,680.0,685.0,675.0,680.0,1206600
2025-12-30,680.0,680.0,685.0,675.0,685.0,974800
