Date,Adj Close,Close,High,Low,Open,Volume
2020-01-02,91.51617431640625,93.82978820800781,93.82978820800781,93.82978820800781,93.82978820800781,0
2020-01-03,90.7535400390625,93.0478744506836,93.82978820800781,86.79255676269531,91.48404693603516,110497
2020-01-06,84.6524658203125,86.79255676269531,93.82978820800781,86.0106430053711,93.82978820800781,343515
2020-01-07,83.88983154296875,86.0106430053711,86.0106430053711,86.0106430053711,86.0106430053711,319727
2020-01-08,83.88983154296875,86.0106430053711,92.26596069335938,86.0106430053711,90.70213317871094,106149
2020-01-09,83.88983154296875,86.0106430053711,86.0106430053711,82.10106658935547,86.0106430053711,170606
2020-01-10,83.88983154296875,86.0106430053711,86.0106430053711,86.0106430053711,86.0106430053711,12789
2020-01-13,83.88983154296875,86.0106430053711,86.0106430053711,82.10106658935547,82.10106658935547,77246
2020-01-14,83.127197265625,85.22872924804688,86.0106430053711,78.9734115600586,86.0106430053711,195929
2020-01-15,83.127197265625,85.22872924804688,85.22872924804688,85.22872924804688,85.22872924804688,15346
2020-01-16,83.127197265625,85.22872924804688,85.22872924804688,85.22872924804688,85.22872924804688,26089
2020-01-17,83.127197265625,85.22872924804688,85.22872924804688,82.10106658935547,82.10106658935547,11765
2020-01-20,83.127197265625,85.22872924804688,85.22872924804688,85.22872924804688,85.22872924804688,2557
2020-01-21,83.127197265625,85.22872924804688,87.57447052001953,85.22872924804688,87.57447052001953,10231
2020-01-22,83.88983154296875,86.0106430053711,86.0106430053711,86.0106430053711,86.0106430053711,32228
2020-01-23,83.88983154296875,86.0106430053711,86.0106430053711,78.19149017333984,78.19149017333984,31717
2020-01-24,83.127197265625,85.22872924804688,85.22872924804688,83.6648941040039,83.6648941040039,59341
2020-01-27,81.60192108154297,83.6648941040039,85.22872924804688,83.6648941040039,83.6648941040039,68549
2020-01-28,83.127197265625,85.22872924804688,85.22872924804688,83.6648941040039,83.6648941040039,29414
2020-01-29,84.6524658203125,86.79255676269531,86.79255676269531,86.79255676269531,86.79255676269531,282127
2020-01-30,84.6524658203125,86.79255676269531,86.79255676269531,86.79255676269531,86.79255676269531,0
2020-01-31,80.83928680419922,82.88298034667969,82.88298034667969,82.10106658935547,82.88298034667969,156538
2020-02-03,83.88983154296875,86.0106430053711,86.0106430053711,80.53723907470703,81.31915283203125,108707
2020-02-04,83.88983154296875,86.0106430053711,86.0106430053711,78.19149017333984,78.19149017333984,75967
2020-02-05,76.26348114013672,78.19149017333984,78.19149017333984,78.19149017333984,78.19149017333984,3325
2020-02-06,80.07665252685547,82.10106658935547,82.10106658935547,78.19149017333984,82.10106658935547,946138
2020-02-07,80.07665252685547,82.10106658935547,82.10106658935547,82.10106658935547,82.10106658935547,0
2020-02-10,83.88983154296875,86.0106430053711,86.0106430053711,86.0106430053711,86.0106430053711,13812
2020-02-11,82.36456298828125,84.44681549072266,84.44681549072266,83.6648941040039,83.6648941040039,40669
2020-02-12,76.26348114013672,78.19149017333984,85.22872924804688,78.19149017333984,84.44681549072266,283918
2020-02-13,79.31401824951172,81.31915283203125,82.10106658935547,81.31915283203125,82.10106658935547,15858
2020-02-14,83.127197265625,85.22872924804688,85.22872924804688,78.19149017333984,84.44681549072266,279570
2020-02-17,83.127197265625,85.22872924804688,85.22872924804688,85.22872924804688,85.22872924804688,767
2020-02-18,83.127197265625,85.22872924804688,85.22872924804688,85.22872924804688,85.22872924804688,0
2020-02-19,80.07665252685547,82.10106658935547,82.10106658935547,82.10106658935547,82.10106658935547,18927
2020-02-20,83.88983154296875,86.0106430053711,87.57447052001953,85.22872924804688,85.22872924804688,42971
2020-02-21,80.83928680419922,82.88298034667969,86.0106430053711,82.88298034667969,86.0106430053711,511
2020-02-24,77.78875732421875,79.75532531738281,82.88298034667969,79.75532531738281,82.88298034667969,74688
2020-02-25,83.88983154296875,86.0106430053711,86.0106430053711,78.9734115600586,78.9734115600586,128658
2020-02-26,81.60192108154297,83.6648941040039,83.6648941040039,79.75532531738281,79.75532531738281,77502
2020-02-27,81.60192108154297,83.6648941040039,83.6648941040039,78.9734115600586,79.75532531738281,193115
2020-02-28,83.127197265625,85.22872924804688,85.22872924804688,78.9734115600586,85.22872924804688,24043
2020-03-02,77.026123046875,78.9734115600586,84.44681549072266,78.9734115600586,84.44681549072266,767
2020-03-03,77.026123046875,78.9734115600586,78.9734115600586,78.9734115600586,78.9734115600586,0
2020-03-04,77.78875732421875,79.75532531738281,79.75532531738281,79.75532531738281,79.75532531738281,138122
2020-03-05,77.78875732421875,79.75532531738281,79.75532531738281,79.75532531738281,79.75532531738281,260386
2020-03-06,76.26348114013672,78.19149017333984,79.75532531738281,78.19149017333984,79.75532531738281,455292
2020-03-09,76.26348114013672,78.19149017333984,78.19149017333984,78.19149017333984,78.19149017333984,45273
2020-03-10,76.26348114013672,78.19149017333984,78.19149017333984,78.19149017333984,78.19149017333984,58318
2020-03-11,80.83928680419922,82.88298034667969,82.88298034667969,81.31915283203125,82.10106658935547,32740
2020-03-12,77.026123046875,78.9734115600586,79.75532531738281,78.19149017333984,79.75532531738281,98987
2020-03-13,76.26348114013672,78.19149017333984,78.9734115600586,78.19149017333984,78.19149017333984,307961
2020-03-16,76.26348114013672,78.19149017333984,78.19149017333984,78.19149017333984,78.19149017333984,0
2020-03-17,80.07665252685547,82.10106658935547,88.35638427734375,78.19149017333984,78.19149017333984,32995
2020-03-18,76.26348114013672,78.19149017333984,82.10106658935547,78.19149017333984,82.10106658935547,136843
2020-03-19,71.68766784667969,73.5,77.40957641601562,72.71808624267578,77.40957641601562,78269
2020-03-20,71.68766784667969,73.5,73.5,73.5,73.5,0
2020-03-23,71.68766784667969,73.5,73.5,73.5,73.5,255
2020-03-24,72.0689926147461,73.89096069335938,73.89096069335938,73.89096069335938,73.89096069335938,1278
2020-03-26,72.0689926147461,73.89096069335938,73.89096069335938,73.89096069335938,73.89096069335938,24299
2020-03-27,72.0689926147461,73.89096069335938,74.28192138671875,73.89096069335938,74.28192138671875,268571
2020-03-30,71.68766784667969,73.5,73.5,73.5,73.5,511
2020-03-31,71.68766784667969,73.5,73.5,73.5,73.5,0
2020-04-01,71.68766784667969,73.5,73.5,73.5,73.5,0
2020-04-02,71.68766784667969,73.5,73.5,73.5,73.5,0
2020-04-03,71.68766784667969,73.5,73.5,73.10904693603516,73.5,56272
2020-04-06,71.68766784667969,73.5,73.5,73.5,73.5,25578
2020-04-07,71.68766784667969,73.5,73.5,73.5,73.5,0
2020-04-08,70.5437240600586,72.32713317871094,73.10904693603516,72.32713317871094,73.10904693603516,76734
2020-04-09,70.5437240600586,72.32713317871094,72.32713317871094,72.32713317871094,72.32713317871094,0
2020-04-13,70.5437240600586,72.32713317871094,72.32713317871094,72.32713317871094,72.32713317871094,0
2020-04-14,70.5437240600586,72.32713317871094,72.32713317871094,72.32713317871094,72.32713317871094,0
2020-04-15,70.5437240600586,72.32713317871094,72.32713317871094,72.32713317871094,72.32713317871094,0
2020-04-16,70.5437240600586,72.32713317871094,72.32713317871094,72.32713317871094,72.32713317871094,0
2020-04-17,70.5437240600586,72.32713317871094,72.32713317871094,72.32713317871094,72.32713317871094,0
2020-04-20,82.36456298828125,84.44681549072266,84.44681549072266,70.37234497070312,70.76329803466797,7417
2020-04-21,80.07665252685547,82.10106658935547,86.0106430053711,78.9734115600586,85.22872924804688,53714
2020-04-22,74.73821258544922,76.6276626586914,78.19149017333984,76.6276626586914,78.19149017333984,2046
2020-04-23,72.83162689208984,74.6728744506836,75.06383514404297,73.89096069335938,75.06383514404297,103080
2020-04-24,72.83162689208984,74.6728744506836,74.6728744506836,74.6728744506836,74.6728744506836,255
2020-04-27,72.45030975341797,74.28192138671875,74.28192138671875,69.98138427734375,71.54521942138672,128658
2020-04-28,72.45030975341797,74.28192138671875,74.28192138671875,74.28192138671875,74.28192138671875,1023
2020-04-29,72.0689926147461,73.89096069335938,77.01862335205078,73.89096069335938,77.01862335205078,52946
2020-04-30,72.83162689208984,74.6728744506836,74.6728744506836,74.6728744506836,74.6728744506836,255
2020-05-04,73.21294403076172,75.06383514404297,77.40957641601562,75.06383514404297,77.40957641601562,53202
2020-05-05,73.21294403076172,75.06383514404297,75.06383514404297,75.06383514404297,75.06383514404297,25578
2020-05-06,72.83162689208984,74.6728744506836,75.06383514404297,74.6728744506836,75.06383514404297,51156
2020-05-08,73.21294403076172,75.06383514404297,75.06383514404297,75.06383514404297,75.06383514404297,25578
2020-05-11,74.35689544677734,76.23670196533203,76.23670196533203,76.23670196533203,76.23670196533203,255
2020-05-12,75.88216400146484,77.800537109375,77.800537109375,75.45478820800781,75.45478820800781,230715
2020-05-13,73.97557830810547,75.84574890136719,77.01862335205078,75.84574890136719,77.01862335205078,54993
2020-05-14,73.97557830810547,75.84574890136719,75.84574890136719,75.84574890136719,75.84574890136719,3069
2020-05-15,73.97557830810547,75.84574890136719,75.84574890136719,75.84574890136719,75.84574890136719,0
2020-05-18,74.35689544677734,76.23670196533203,76.23670196533203,76.23670196533203,76.23670196533203,1278
2020-05-19,74.35689544677734,76.23670196533203,76.23670196533203,76.23670196533203,76.23670196533203,0
2020-05-20,74.35689544677734,76.23670196533203,76.6276626586914,76.23670196533203,76.6276626586914,8185
2020-05-26,75.1195297241211,77.01862335205078,77.01862335205078,76.6276626586914,76.6276626586914,5627
2020-05-27,75.1195297241211,77.01862335205078,77.01862335205078,77.01862335205078,77.01862335205078,0
2020-05-28,76.26348114013672,78.19149017333984,79.75532531738281,77.01862335205078,77.01862335205078,2046
2020-05-29,76.26348114013672,78.19149017333984,78.19149017333984,78.19149017333984,78.19149017333984,0
2020-06-02,76.26348114013672,78.19149017333984,78.19149017333984,78.19149017333984,78.19149017333984,0
2020-06-03,73.5942611694336,75.45478820800781,75.45478820800781,75.45478820800781,75.45478820800781,25066
2020-06-04,73.5942611694336,75.45478820800781,75.45478820800781,75.45478820800781,75.45478820800781,25578
2020-06-05,73.97557830810547,75.84574890136719,75.84574890136719,75.84574890136719,75.84574890136719,255
2020-06-08,73.97557830810547,75.84574890136719,75.84574890136719,75.84574890136719,75.84574890136719,0
2020-06-09,74.73821258544922,76.6276626586914,76.6276626586914,76.6276626586914,76.6276626586914,13044
2020-06-10,74.73821258544922,76.6276626586914,76.6276626586914,76.6276626586914,76.6276626586914,12789
2020-06-11,74.73821258544922,76.6276626586914,76.6276626586914,76.6276626586914,76.6276626586914,0
2020-06-12,74.73821258544922,76.6276626586914,76.6276626586914,76.6276626586914,76.6276626586914,511
2020-06-15,74.73821258544922,76.6276626586914,76.6276626586914,76.6276626586914,76.6276626586914,255
2020-06-16,74.73821258544922,76.6276626586914,76.6276626586914,76.6276626586914,76.6276626586914,0
2020-06-17,74.73821258544922,76.6276626586914,76.6276626586914,76.6276626586914,76.6276626586914,0
2020-06-18,74.73821258544922,76.6276626586914,76.6276626586914,76.6276626586914,76.6276626586914,0
2020-06-19,76.26348114013672,78.19149017333984,78.19149017333984,76.6276626586914,76.6276626586914,153469
2020-06-22,76.26348114013672,78.19149017333984,78.19149017333984,78.19149017333984,78.19149017333984,102568
2020-06-23,76.26348114013672,78.19149017333984,78.19149017333984,78.19149017333984,78.19149017333984,25834
2020-06-24,76.26348114013672,78.19149017333984,78.19149017333984,78.19149017333984,78.19149017333984,15346
2020-06-25,76.26348114013672,78.19149017333984,78.19149017333984,78.19149017333984,78.19149017333984,0
2020-06-26,76.26348114013672,78.19149017333984,81.31915283203125,78.19149017333984,81.31915283203125,511
2020-06-29,80.07665252685547,82.10106658935547,82.10106658935547,82.10106658935547,82.10106658935547,255
2020-06-30,87.70301055908203,89.92021942138672,93.82978820800781,82.10106658935547,82.10106658935547,1058171
2020-07-01,87.70301055908203,89.92021942138672,89.92021942138672,88.35638427734375,89.1383056640625,222786
2020-07-02,87.70301055908203,89.92021942138672,89.92021942138672,89.92021942138672,89.92021942138672,255
2020-07-03,88.46564483642578,90.70213317871094,93.0478744506836,89.92021942138672,89.92021942138672,404647
2020-07-06,93.04145050048828,95.39362335205078,95.39362335205078,89.92021942138672,93.82978820800781,1148206
2020-07-07,104.48097229003906,107.12234497070312,118.85106658935547,101.64894104003906,101.64894104003906,5668647
2020-07-08,103.71833801269531,106.3404312133789,114.94149780273438,105.55851745605469,110.25000762939453,2105344
2020-07-09,99.14252471923828,101.64894104003906,104.77660369873047,99.3031997680664,103.99468231201172,1320092
2020-07-10,102.19306945800781,104.77660369873047,104.77660369873047,100.08511352539062,100.08511352539062,274454
2020-07-13,100.66779327392578,103.2127685546875,109.46808624267578,101.64894104003906,109.46808624267578,417692
2020-07-14,106.76887512207031,109.46808624267578,109.46808624267578,103.99468231201172,107.90425872802734,911352
2020-07-15,109.81941223144531,112.59574890136719,113.3776626586914,107.90425872802734,109.46808624267578,975297
2020-07-16,114.39522552490234,117.28723907470703,118.06915283203125,109.46808624267578,114.94149780273438,3108010
2020-07-17,118.2083969116211,121.19681549072266,125.10639190673828,117.28723907470703,117.28723907470703,1020315
2020-07-20,116.68312072753906,119.63298034667969,125.10639190673828,119.63298034667969,125.10639190673828,1584315
2020-07-21,133.46109008789062,136.83511352539062,136.83511352539062,116.50532531738281,122.7606430053711,3248435
2020-07-22,158.62803649902344,162.6383056640625,162.6383056640625,138.39894104003906,138.39894104003906,2829463
2020-07-23,163.96649169921875,168.11170959472656,172.0212860107422,162.6383056640625,162.6383056640625,1671281
2020-07-24,157.102783203125,161.07447814941406,170.45745849609375,160.2925567626953,168.11170959472656,435597
2020-07-27,157.102783203125,161.07447814941406,163.42022705078125,152.47340393066406,152.47340393066406,459385
2020-07-28,153.2895965576172,157.16490173339844,160.2925567626953,153.2553253173828,160.2925567626953,387254
2020-07-29,153.2895965576172,157.16490173339844,160.2925567626953,156.3829803466797,157.16490173339844,188511
2020-07-30,154.8148651123047,158.72872924804688,164.20213317871094,157.16490173339844,157.16490173339844,2376984
2020-08-03,152.52696228027344,156.3829803466797,168.11170959472656,154.81915283203125,159.51065063476562,151678
2020-08-04,153.2895965576172,157.16490173339844,164.20213317871094,155.60107421875,157.9468231201172,116892
2020-08-05,154.8148651123047,158.72872924804688,158.72872924804688,153.2553253173828,157.16490173339844,353235
2020-08-06,155.5775146484375,159.51065063476562,159.51065063476562,153.2553253173828,158.72872924804688,33763
2020-08-07,153.2895965576172,157.16490173339844,159.51065063476562,157.16490173339844,159.51065063476562,133006
2020-08-10,152.52696228027344,156.3829803466797,160.2925567626953,156.3829803466797,157.16490173339844,19183
2020-08-11,151.00169372558594,154.81915283203125,157.16490173339844,154.81915283203125,157.16490173339844,364489
2020-08-12,152.52696228027344,156.3829803466797,157.16490173339844,156.3829803466797,156.3829803466797,84663
2020-08-13,150.2390594482422,154.03724670410156,157.16490173339844,153.2553253173828,157.16490173339844,66759
2020-08-14,150.2390594482422,154.03724670410156,159.51065063476562,146.2180938720703,153.2553253173828,60364
2020-08-18,149.47642517089844,153.2553253173828,154.03724670410156,144.65426635742188,154.03724670410156,467314
2020-08-19,147.95115661621094,151.69149780273438,151.69149780273438,147.0,147.0,8952
2020-08-24,145.6632537841797,149.3457489013672,159.51065063476562,145.43617248535156,159.51065063476562,239923
2020-08-25,152.52696228027344,156.3829803466797,156.3829803466797,144.65426635742188,144.65426635742188,2046
2020-08-26,152.52696228027344,156.3829803466797,156.3829803466797,152.47340393066406,156.3829803466797,386487
2020-08-27,154.05224609375,157.9468231201172,175.14894104003906,153.2553253173828,156.3829803466797,1182737
2020-08-28,159.39068603515625,163.42022705078125,169.675537109375,163.42022705078125,164.20213317871094,1258704
2020-08-31,163.96649169921875,168.11170959472656,168.11170959472656,155.60107421875,155.60107421875,533561
2020-09-01,164.7291259765625,168.8936309814453,169.675537109375,160.2925567626953,160.2925567626953,502100
2020-09-02,171.59283447265625,175.9308624267578,175.9308624267578,167.3297882080078,168.8936309814453,976065
2020-09-03,176.16864013671875,180.62234497070312,187.65957641601562,174.36703491210938,176.7127685546875,1245404
2020-09-04,185.3202667236328,190.0053253173828,190.78724670410156,175.9308624267578,175.9308624267578,939232
2020-09-07,184.55763244628906,189.22341918945312,191.56915283203125,184.53192138671875,191.56915283203125,280337
2020-09-08,186.84552001953125,191.56915283203125,193.91490173339844,188.44149780273438,189.22341918945312,975553
2020-09-09,186.08290100097656,190.78724670410156,201.3430938720703,188.44149780273438,193.13299560546875,5244560
2020-09-10,181.507080078125,186.0957489013672,190.78724670410156,185.3138427734375,190.78724670410156,1284027
2020-09-11,181.507080078125,186.0957489013672,191.56915283203125,185.3138427734375,185.3138427734375,1644680
2020-09-14,184.55763244628906,189.22341918945312,192.35107421875,186.0957489013672,186.0957489013672,207183
2020-09-15,183.7949981689453,188.44149780273438,193.91490173339844,188.44149780273438,191.56915283203125,829246
2020-09-16,183.7949981689453,188.44149780273438,190.78724670410156,188.44149780273438,188.44149780273438,973763
2020-09-17,183.0323486328125,187.65957641601562,188.44149780273438,187.65957641601562,187.65957641601562,271129
2020-09-18,183.7949981689453,188.44149780273438,193.91490173339844,188.44149780273438,193.91490173339844,1046149
2020-09-21,183.0323486328125,187.65957641601562,190.78724670410156,187.65957641601562,190.0053253173828,376255
2020-09-22,183.7949981689453,188.44149780273438,190.0053253173828,186.87767028808594,186.87767028808594,260130
2020-09-23,182.2697296142578,186.87767028808594,194.6968231201172,186.87767028808594,194.6968231201172,2962982
2020-09-24,183.0323486328125,187.65957641601562,187.65957641601562,186.87767028808594,186.87767028808594,1625496
2020-09-25,185.3202667236328,190.0053253173828,193.13299560546875,187.65957641601562,187.65957641601562,435853
2020-09-28,182.2697296142578,186.87767028808594,190.0053253173828,186.87767028808594,190.0053253173828,206672
2020-09-29,183.0323486328125,187.65957641601562,187.65957641601562,186.87767028808594,186.87767028808594,449153
2020-09-30,184.55763244628906,189.22341918945312,189.22341918945312,187.65957641601562,187.65957641601562,157306
2020-10-01,183.7949981689453,188.44149780273438,189.22341918945312,188.44149780273438,189.22341918945312,1534
2020-10-02,185.3202667236328,190.0053253173828,190.78724670410156,188.44149780273438,188.44149780273438,46808
2020-10-05,188.3708038330078,193.13299560546875,195.47872924804688,192.35107421875,192.35107421875,556838
2020-10-06,196.3784637451172,201.3430938720703,201.3430938720703,187.65957641601562,193.91490173339844,52902174
2020-10-07,194.4718780517578,199.3883056640625,201.3430938720703,199.3883056640625,199.3883056640625,2851461
2020-10-08,196.3784637451172,201.3430938720703,201.3430938720703,199.3883056640625,199.3883056640625,3779183
2020-10-09,196.3784637451172,201.3430938720703,203.29788208007812,199.3883056640625,201.3430938720703,8380707
2020-10-12,196.3784637451172,201.3430938720703,201.3430938720703,199.3883056640625,201.3430938720703,996527
2020-10-13,196.3784637451172,201.3430938720703,201.3430938720703,199.3883056640625,199.3883056640625,3124636
2020-10-14,196.3784637451172,201.3430938720703,201.3430938720703,199.3883056640625,201.3430938720703,2394378
2020-10-15,194.4718780517578,199.3883056640625,201.3430938720703,199.3883056640625,201.3430938720703,268827
2020-10-16,196.3784637451172,201.3430938720703,201.3430938720703,201.3430938720703,201.3430938720703,2344756
2020-10-19,196.3784637451172,201.3430938720703,201.3430938720703,199.3883056640625,201.3430938720703,8663346
2020-10-20,196.3784637451172,201.3430938720703,201.3430938720703,201.3430938720703,201.3430938720703,855336
2020-10-21,196.3784637451172,201.3430938720703,203.29788208007812,201.3430938720703,203.29788208007812,4142650
2020-10-22,196.3784637451172,201.3430938720703,203.29788208007812,201.3430938720703,201.3430938720703,18672
2020-10-23,196.3784637451172,201.3430938720703,201.3430938720703,201.3430938720703,201.3430938720703,23020
2020-10-26,196.3784637451172,201.3430938720703,201.3430938720703,201.3430938720703,201.3430938720703,19183
2020-10-27,198.28504943847656,203.29788208007812,203.29788208007812,201.3430938720703,201.3430938720703,263967
2020-11-02,198.28504943847656,203.29788208007812,203.29788208007812,201.3430938720703,203.29788208007812,27624
2020-11-03,196.3784637451172,201.3430938720703,203.29788208007812,201.3430938720703,203.29788208007812,147330
2020-11-04,183.0323486328125,187.65957641601562,201.3430938720703,187.65957641601562,201.3430938720703,103336
2020-11-05,183.0323486328125,187.65957641601562,195.47872924804688,175.9308624267578,195.47872924804688,90546
2020-11-06,170.8302001953125,175.14894104003906,186.87767028808594,175.14894104003906,186.87767028808594,42459
2020-11-09,159.39068603515625,163.42022705078125,172.0212860107422,163.42022705078125,172.0212860107422,47575
2020-11-10,155.5775146484375,159.51065063476562,190.78724670410156,152.47340393066406,156.3829803466797,229948
2020-11-11,152.52696228027344,156.3829803466797,160.2925567626953,148.5638427734375,159.51065063476562,214857
2020-11-12,151.7643280029297,155.60107421875,156.3829803466797,146.2180938720703,156.3829803466797,90546
2020-11-13,156.3401336669922,160.2925567626953,160.2925567626953,155.60107421875,155.60107421875,64457
2020-11-16,162.44122314453125,166.54788208007812,168.11170959472656,161.07447814941406,168.11170959472656,66247
2020-11-17,159.39068603515625,163.42022705078125,167.3297882080078,155.60107421875,167.3297882080078,166002
2020-11-18,158.62803649902344,162.6383056640625,164.20213317871094,152.47340393066406,152.47340393066406,1023
2020-11-19,150.2390594482422,154.03724670410156,163.42022705078125,153.2553253173828,153.2553253173828,20462
2020-11-20,149.47642517089844,153.2553253173828,156.3829803466797,152.47340393066406,154.03724670410156,31717
2020-11-23,144.90061950683594,148.5638427734375,161.07447814941406,145.43617248535156,145.43617248535156,111776
2020-11-24,180.7444610595703,185.3138427734375,185.3138427734375,152.47340393066406,152.47340393066406,257572
2020-11-25,168.54229736328125,172.80320739746094,222.8457489013672,172.80320739746094,186.0957489013672,196440
2020-11-26,157.102783203125,161.07447814941406,180.62234497070312,161.07447814941406,172.80320739746094,183395
2020-11-27,157.8654022216797,161.85638427734375,168.8936309814453,160.2925567626953,161.07447814941406,58574
2020-11-30,157.8654022216797,161.85638427734375,162.6383056640625,161.85638427734375,162.6383056640625,11254
2020-12-01,152.52696228027344,156.3829803466797,164.20213317871094,152.47340393066406,152.47340393066406,83640
2020-12-02,161.67857360839844,165.76596069335938,168.11170959472656,152.47340393066406,152.47340393066406,36065
2020-12-03,161.67857360839844,165.76596069335938,165.76596069335938,165.76596069335938,165.76596069335938,0
2020-12-04,164.7291259765625,168.8936309814453,173.58511352539062,168.8936309814453,172.80320739746094,1790
2020-12-07,155.5775146484375,159.51065063476562,168.8936309814453,158.72872924804688,168.11170959472656,49110
2020-12-08,163.96649169921875,168.11170959472656,168.8936309814453,161.85638427734375,161.85638427734375,13556
2020-12-10,163.96649169921875,168.11170959472656,168.11170959472656,168.11170959472656,168.11170959472656,13812
2020-12-11,167.7796630859375,172.0212860107422,173.58511352539062,164.20213317871094,173.58511352539062,126356
2020-12-14,168.54229736328125,172.80320739746094,174.36703491210938,164.20213317871094,172.0212860107422,576277
2020-12-15,167.7796630859375,172.0212860107422,172.80320739746094,172.0212860107422,172.0212860107422,222019
2020-12-16,180.7444610595703,185.3138427734375,185.3138427734375,172.0212860107422,172.0212860107422,78525
2020-12-17,174.64337158203125,179.0585174560547,183.75001525878906,179.0585174560547,183.75001525878906,90035
2020-12-18,194.4718780517578,199.3883056640625,199.3883056640625,188.44149780273438,197.4335174560547,191325
2020-12-21,205.91140747070312,211.11703491210938,211.11703491210938,197.4335174560547,197.4335174560547,95662
2020-12-22,213.5377655029297,218.93618774414062,218.93618774414062,211.11703491210938,211.11703491210938,39646
2020-12-23,215.4443359375,220.89096069335938,220.89096069335938,216.9813995361328,218.93618774414062,124310
2020-12-28,213.5377655029297,218.93618774414062,218.93618774414062,207.20745849609375,216.9813995361328,49877
2020-12-29,211.63116455078125,216.9813995361328,218.93618774414062,216.9813995361328,218.93618774414062,24299
2020-12-30,213.5377655029297,218.93618774414062,218.93618774414062,216.9813995361328,216.9813995361328,1790
2021-01-04,213.5377655029297,218.93618774414062,220.89096069335938,218.93618774414062,218.93618774414062,96941
2021-01-05,213.5377655029297,218.93618774414062,273.67022705078125,218.93618774414062,224.800537109375,649175
2021-01-06,247.8563232421875,254.1223602294922,254.1223602294922,218.93618774414062,218.93618774414062,199765
2021-01-07,268.8287658691406,275.625,277.5798034667969,263.89630126953125,263.89630126953125,86454
2021-01-08,327.9329833984375,336.2234191894531,336.2234191894531,275.625,275.625,109474
2021-01-11,337.4659118652344,345.9973449707031,349.90692138671875,336.2234191894531,342.0877685546875,182884
2021-01-12,326.0263977050781,334.2686462402344,345.9973449707031,322.5399169921875,340.13299560546875,122008
2021-01-13,324.11981201171875,332.3138427734375,351.8617248535156,332.3138427734375,351.8617248535156,200533
2021-01-14,310.7737121582031,318.6303405761719,344.0425720214844,318.6303405761719,332.3138427734375,23276
2021-01-15,335.559326171875,344.0425720214844,351.8617248535156,318.6303405761719,318.6303405761719,147586
2021-01-18,331.74615478515625,340.13299560546875,340.13299560546875,340.13299560546875,340.13299560546875,5115
2021-01-19,327.9329833984375,336.2234191894531,340.13299560546875,336.2234191894531,340.13299560546875,4092
2021-01-20,339.37249755859375,347.9521484375,347.9521484375,312.7659606933594,336.2234191894531,113311
2021-01-21,341.2790832519531,349.90692138671875,351.8617248535156,347.9521484375,347.9521484375,87477
2021-01-22,320.3066101074219,328.4042663574219,351.8617248535156,328.4042663574219,351.8617248535156,47063
2021-01-25,320.3066101074219,328.4042663574219,328.4042663574219,328.4042663574219,328.4042663574219,2557
2021-01-26,318.4000549316406,326.4494934082031,326.4494934082031,326.4494934082031,326.4494934082031,255
2021-01-27,297.4275817871094,304.9468078613281,336.2234191894531,304.9468078613281,336.2234191894531,54225
2021-01-28,278.3617248535156,285.3989562988281,304.9468078613281,285.3989562988281,304.9468078613281,32740
2021-01-29,259.29583740234375,265.85107421875,283.44415283203125,265.85107421875,283.44415283203125,14323
2021-02-01,259.29583740234375,265.85107421875,308.85638427734375,248.25799560546875,248.25799560546875,8185
2021-02-02,247.8563232421875,254.1223602294922,254.1223602294922,248.25799560546875,248.25799560546875,42715
2021-02-03,247.8563232421875,254.1223602294922,254.1223602294922,254.1223602294922,254.1223602294922,92081
2021-02-04,249.76290893554688,256.0771484375,256.0771484375,256.0771484375,256.0771484375,255
2021-02-05,232.60362243652344,238.4840545654297,275.625,238.4840545654297,275.625,90802
2021-02-08,232.60362243652344,238.4840545654297,238.4840545654297,238.4840545654297,238.4840545654297,12021
2021-02-09,232.60362243652344,238.4840545654297,238.4840545654297,238.4840545654297,238.4840545654297,0
2021-02-10,236.4167938232422,242.3936309814453,244.34841918945312,240.4388427734375,240.4388427734375,27368
2021-02-11,257.3892517089844,263.89630126953125,263.89630126953125,244.34841918945312,244.34841918945312,28391
2021-02-15,253.5760955810547,259.9867248535156,261.9414978027344,246.30320739746094,261.9414978027344,38367
2021-02-16,253.5760955810547,259.9867248535156,259.9867248535156,259.9867248535156,259.9867248535156,6138
2021-02-17,253.5760955810547,259.9867248535156,261.9414978027344,242.3936309814453,261.9414978027344,18416
2021-02-18,253.5760955810547,259.9867248535156,259.9867248535156,259.9867248535156,259.9867248535156,25578
2021-02-19,257.3892517089844,263.89630126953125,263.89630126953125,263.89630126953125,263.89630126953125,511
2021-02-22,253.5760955810547,259.9867248535156,263.89630126953125,259.9867248535156,263.89630126953125,2046
2021-02-23,253.5760955810547,259.9867248535156,259.9867248535156,259.9867248535156,259.9867248535156,1023
2021-02-24,253.5760955810547,259.9867248535156,259.9867248535156,259.9867248535156,259.9867248535156,255
2021-02-25,253.5760955810547,259.9867248535156,259.9867248535156,259.9867248535156,259.9867248535156,27112
2021-02-26,238.32337951660156,244.34841918945312,259.9867248535156,244.34841918945312,259.9867248535156,31461
2021-03-01,238.32337951660156,244.34841918945312,244.34841918945312,244.34841918945312,244.34841918945312,21997
2021-03-02,247.8563232421875,254.1223602294922,254.1223602294922,254.1223602294922,254.1223602294922,10487
2021-03-03,247.8563232421875,254.1223602294922,254.1223602294922,254.1223602294922,254.1223602294922,2302
2021-03-04,247.8563232421875,254.1223602294922,254.1223602294922,254.1223602294922,254.1223602294922,767
2021-03-05,247.8563232421875,254.1223602294922,254.1223602294922,254.1223602294922,254.1223602294922,255
2021-03-08,247.8563232421875,254.1223602294922,263.89630126953125,254.1223602294922,254.1223602294922,40157
2021-03-09,308.8670959472656,316.675537109375,316.675537109375,254.1223602294922,254.1223602294922,425365
2021-03-10,289.8012390136719,297.127685546875,390.95745849609375,295.1728820800781,336.2234191894531,448386
2021-03-12,289.8012390136719,297.127685546875,297.127685546875,277.5798034667969,277.5798034667969,13812
2021-03-15,322.2132263183594,330.35906982421875,351.8617248535156,304.9468078613281,310.8111877441406,397741
2021-03-16,301.2407531738281,308.85638427734375,330.35906982421875,308.85638427734375,330.35906982421875,15346
2021-03-17,301.2407531738281,308.85638427734375,308.85638427734375,291.2633056640625,308.85638427734375,3836
2021-03-18,375.59765625,385.0931091308594,385.0931091308594,336.2234191894531,336.2234191894531,790878
2021-03-19,469.0204162597656,480.877685546875,480.877685546875,385.0931091308594,385.0931091308594,823363
2021-03-22,541.470703125,555.1596069335938,590.3457641601562,447.64630126953125,482.83245849609375,1179412
2021-03-23,541.470703125,555.1596069335938,555.1596069335938,555.1596069335938,555.1596069335938,0
2021-03-24,627.2671508789062,643.1250610351562,672.4468383789062,537.5665283203125,561.0239868164062,1072239
2021-03-25,650.1461791992188,666.5824584960938,711.5426025390625,598.1649169921875,645.079833984375,708772
2021-03-26,650.1461791992188,666.5824584960938,666.5824584960938,666.5824584960938,666.5824584960938,0
2021-03-29,650.1461791992188,666.5824584960938,666.5824584960938,666.5824584960938,666.5824584960938,0
2021-03-30,650.1461791992188,666.5824584960938,666.5824584960938,666.5824584960938,666.5824584960938,0
2021-03-31,650.1461791992188,666.5824584960938,666.5824584960938,666.5824584960938,666.5824584960938,0
2021-04-01,650.1461791992188,666.5824584960938,666.5824584960938,666.5824584960938,666.5824584960938,0
2021-04-05,650.1461791992188,666.5824584960938,666.5824584960938,666.5824584960938,666.5824584960938,0
2021-04-06,650.1461791992188,666.5824584960938,666.5824584960938,666.5824584960938,666.5824584960938,0
2021-04-07,650.1461791992188,666.5824584960938,666.5824584960938,666.5824584960938,666.5824584960938,0
2021-04-08,650.1461791992188,666.5824584960938,666.5824584960938,666.5824584960938,666.5824584960938,0
2021-04-09,650.1461791992188,666.5824584960938,666.5824584960938,666.5824584960938,666.5824584960938,0
2021-04-12,650.1461791992188,666.5824584960938,666.5824584960938,666.5824584960938,666.5824584960938,0
2021-04-13,606.294677734375,621.6223754882812,674.401611328125,621.6223754882812,666.5824584960938,474220
2021-04-14,564.3497924804688,578.6170654296875,631.3963012695312,578.6170654296875,631.3963012695312,66247
2021-04-15,526.218017578125,539.5213012695312,539.5213012695312,539.5213012695312,539.5213012695312,9208
2021-04-16,489.99285888671875,502.3803405761719,504.33514404296875,502.3803405761719,504.33514404296875,29926
2021-04-19,533.8443603515625,547.3404541015625,547.3404541015625,469.1489562988281,502.3803405761719,355537
2021-04-20,541.470703125,555.1596069335938,555.1596069335938,512.154296875,539.5213012695312,273175
2021-04-21,541.470703125,555.1596069335938,555.1596069335938,555.1596069335938,555.1596069335938,4348
2021-04-22,526.218017578125,539.5213012695312,555.1596069335938,539.5213012695312,555.1596069335938,23020
2021-04-23,489.99285888671875,502.3803405761719,539.5213012695312,502.3803405761719,539.5213012695312,69317
2021-04-26,489.99285888671875,502.3803405761719,502.3803405761719,502.3803405761719,502.3803405761719,2813
2021-04-27,457.5809020996094,469.1489562988281,502.3803405761719,469.1489562988281,502.3803405761719,130448
2021-04-28,427.0755310058594,437.87237548828125,469.1489562988281,437.87237548828125,469.1489562988281,12533
2021-04-29,493.8060607910156,506.2899169921875,545.3856811523438,408.550537109375,437.87237548828125,532794
2021-04-30,522.4049072265625,535.6117553710938,547.3404541015625,471.103759765625,510.1994934082031,303102
2021-05-03,526.218017578125,539.5213012695312,564.9335327148438,535.6117553710938,535.6117553710938,104359
2021-05-04,489.99285888671875,502.3803405761719,539.5213012695312,502.3803405761719,539.5213012695312,63945
2021-05-05,457.5809020996094,469.1489562988281,531.7021484375,469.1489562988281,500.4255676269531,63689
2021-05-06,427.0755310058594,437.87237548828125,469.1489562988281,437.87237548828125,469.1489562988281,251689
2021-05-07,434.70184326171875,445.6914978027344,449.60107421875,439.8271484375,439.8271484375,15091
2021-05-10,427.0755310058594,437.87237548828125,445.6914978027344,437.87237548828125,445.6914978027344,2046
2021-05-11,427.0755310058594,437.87237548828125,437.87237548828125,437.87237548828125,437.87237548828125,1023
2021-05-17,427.0755310058594,437.87237548828125,437.87237548828125,437.87237548828125,437.87237548828125,0
2021-05-18,427.0755310058594,437.87237548828125,437.87237548828125,437.87237548828125,437.87237548828125,255
2021-05-19,423.2623291015625,433.9627990722656,435.9175720214844,408.550537109375,435.9175720214844,3580
2021-05-20,430.8887023925781,441.7819519042969,441.7819519042969,441.7819519042969,441.7819519042969,2557
2021-05-21,430.8887023925781,441.7819519042969,441.7819519042969,441.7819519042969,441.7819519042969,767
2021-05-24,430.8887023925781,441.7819519042969,441.7819519042969,441.7819519042969,441.7819519042969,0
2021-05-25,428.9820861816406,439.8271484375,439.8271484375,439.8271484375,439.8271484375,2813
2021-05-27,400.38330078125,410.5053405761719,410.5053405761719,410.5053405761719,410.5053405761719,13812
2021-05-28,373.6910400390625,383.1383056640625,394.8670349121094,383.1383056640625,383.1383056640625,120473
2021-05-31,373.6910400390625,383.1383056640625,383.1383056640625,357.72607421875,383.1383056640625,2557
2021-06-02,354.6252136230469,363.5904541015625,463.28460693359375,361.6356506347656,381.18353271484375,57551
2021-06-03,358.4383850097656,367.5000305175781,367.5000305175781,357.72607421875,365.54522705078125,24555
2021-06-04,337.4659118652344,345.9973449707031,361.6356506347656,344.0425720214844,361.6356506347656,22253
2021-06-07,324.11981201171875,332.3138427734375,363.5904541015625,322.5399169921875,345.9973449707031,30693
2021-06-08,324.11981201171875,332.3138427734375,332.3138427734375,332.3138427734375,332.3138427734375,12277
2021-06-09,339.37249755859375,347.9521484375,349.90692138671875,312.7659606933594,332.3138427734375,7929
2021-06-10,333.6527099609375,342.0877685546875,344.0425720214844,324.49468994140625,324.49468994140625,17904
2021-06-11,375.59765625,385.0931091308594,390.95745849609375,322.5399169921875,322.5399169921875,69061
2021-06-14,350.8120422363281,359.6808776855469,387.0478820800781,359.6808776855469,385.0931091308594,85942
2021-06-15,337.4659118652344,345.9973449707031,359.6808776855469,336.2234191894531,359.6808776855469,316658
2021-06-16,327.9329833984375,336.2234191894531,428.0984191894531,326.4494934082031,345.9973449707031,26089
2021-06-17,316.4934387207031,324.49468994140625,324.49468994140625,316.675537109375,316.675537109375,5627
2021-06-18,299.33416748046875,306.901611328125,324.49468994140625,306.901611328125,324.49468994140625,5371
2021-06-21,285.9880676269531,293.2181091308594,363.5904541015625,287.3537292480469,291.2633056640625,37088
2021-06-22,272.6419372558594,279.5345764160156,289.30853271484375,277.5798034667969,289.30853271484375,19695
2021-06-23,268.8287658691406,275.625,347.9521484375,265.85107421875,265.85107421875,572185
2021-06-24,335.559326171875,344.0425720214844,344.0425720214844,265.85107421875,275.625,816968
2021-06-25,346.99884033203125,355.77130126953125,430.05322265625,344.0425720214844,377.2739562988281,1155112
2021-06-28,335.559326171875,344.0425720214844,387.0478820800781,332.3138427734375,336.2234191894531,151678
2021-06-29,339.37249755859375,347.9521484375,351.8617248535156,332.3138427734375,340.13299560546875,62666
2021-06-30,354.6252136230469,363.5904541015625,383.1383056640625,326.4494934082031,359.6808776855469,112032
2021-07-01,339.37249755859375,347.9521484375,367.5000305175781,344.0425720214844,363.5904541015625,25066
2021-07-02,339.37249755859375,347.9521484375,347.9521484375,347.9521484375,347.9521484375,255
2021-07-05,362.2515563964844,371.40960693359375,371.40960693359375,330.35906982421875,347.9521484375,36321
2021-07-06,341.2790832519531,349.90692138671875,375.31915283203125,349.90692138671875,375.31915283203125,12277
2021-07-07,419.44915771484375,430.05322265625,430.05322265625,330.35906982421875,330.35906982421875,197208
2021-07-08,390.8503723144531,400.7314147949219,430.05322265625,400.7314147949219,430.05322265625,74432
2021-07-09,381.3174133300781,390.95745849609375,390.95745849609375,390.95745849609375,390.95745849609375,767
2021-07-12,354.6252136230469,363.5904541015625,375.31915283203125,363.5904541015625,375.31915283203125,22253
2021-07-13,348.9054260253906,357.72607421875,408.550537109375,344.0425720214844,363.5904541015625,167793
2021-07-14,388.9437561035156,398.776611328125,410.5053405761719,336.2234191894531,338.17822265625,25322
2021-07-15,362.2515563964844,371.40960693359375,408.550537109375,371.40960693359375,398.776611328125,32995
2021-07-16,369.87786865234375,379.2287292480469,390.95745849609375,347.9521484375,351.8617248535156,49365
2021-07-19,369.87786865234375,379.2287292480469,379.2287292480469,359.6808776855469,361.6356506347656,6138
2021-07-21,345.0922546386719,353.8164978027344,375.31915283203125,353.8164978027344,355.77130126953125,28903
2021-07-22,354.6252136230469,363.5904541015625,379.2287292480469,351.8617248535156,367.5000305175781,28136
2021-07-23,335.559326171875,344.0425720214844,353.8164978027344,344.0425720214844,353.8164978027344,5371
2021-07-26,346.99884033203125,355.77130126953125,394.8670349121094,347.9521484375,347.9521484375,32484
2021-07-27,375.59765625,385.0931091308594,389.002685546875,345.9973449707031,345.9973449707031,30693
2021-07-28,362.2515563964844,371.40960693359375,381.18353271484375,371.40960693359375,381.18353271484375,8440
2021-07-29,373.6910400390625,383.1383056640625,383.1383056640625,351.8617248535156,367.5000305175781,15602
2021-07-30,360.3449401855469,369.4548034667969,383.1383056640625,363.5904541015625,383.1383056640625,60620
2021-08-02,373.6910400390625,383.1383056640625,383.1383056640625,355.77130126953125,355.77130126953125,5371
2021-08-03,369.87786865234375,379.2287292480469,402.6861877441406,357.72607421875,402.6861877441406,5627
2021-08-04,354.6252136230469,363.5904541015625,365.54522705078125,353.8164978027344,353.8164978027344,32740
2021-08-05,354.6252136230469,363.5904541015625,363.5904541015625,363.5904541015625,363.5904541015625,27368
2021-08-06,354.6252136230469,363.5904541015625,365.54522705078125,363.5904541015625,363.5904541015625,28391
2021-08-09,337.4659118652344,345.9973449707031,385.0931091308594,345.9973449707031,377.2739562988281,13044
2021-08-10,335.559326171875,344.0425720214844,361.6356506347656,344.0425720214844,361.6356506347656,33251
2021-08-12,339.37249755859375,347.9521484375,347.9521484375,344.0425720214844,347.9521484375,12789
2021-08-13,352.7185974121094,361.6356506347656,363.5904541015625,345.9973449707031,345.9973449707031,1023
2021-08-16,352.7185974121094,361.6356506347656,361.6356506347656,361.6356506347656,361.6356506347656,0
2021-08-18,329.8395690917969,338.17822265625,338.17822265625,338.17822265625,338.17822265625,5882
2021-08-19,329.8395690917969,338.17822265625,338.17822265625,338.17822265625,338.17822265625,4604
2021-08-20,329.8395690917969,338.17822265625,338.17822265625,338.17822265625,338.17822265625,255
2021-08-23,343.1856689453125,351.8617248535156,351.8617248535156,320.5851135253906,338.17822265625,15091
2021-08-24,343.1856689453125,351.8617248535156,351.8617248535156,351.8617248535156,351.8617248535156,18672
2021-08-25,343.1856689453125,351.8617248535156,351.8617248535156,351.8617248535156,351.8617248535156,18160
2021-08-26,343.1856689453125,351.8617248535156,351.8617248535156,351.8617248535156,351.8617248535156,511
2021-08-27,343.1856689453125,351.8617248535156,351.8617248535156,351.8617248535156,351.8617248535156,0
2021-08-30,415.635986328125,426.1436462402344,439.8271484375,332.3138427734375,351.8617248535156,430737
2021-08-31,411.82281494140625,422.23406982421875,449.60107421875,396.82183837890625,426.1436462402344,371651
2021-09-01,509.0587463378906,521.92822265625,527.7926025390625,410.5053405761719,430.05322265625,1398361
2021-09-02,634.8934936523438,650.9441528320312,650.9441528320312,521.92822265625,521.92822265625,2038840
2021-09-03,793.1401977539062,813.1915283203125,813.1915283203125,672.4468383789062,684.175537109375,3438481
2021-09-06,989.9725952148438,1015.0,1015.0,890.0,890.0,405500
2021-09-07,1155.78076171875,1185.0,1265.0,1020.0,1210.0,2152100
2021-09-08,1077.75341796875,1105.0,1325.0,1105.0,1200.0,1037500
2021-09-09,1004.6027221679688,1030.0,1105.0,1030.0,1105.0,37700
2021-09-10,936.3287353515625,960.0,960.0,960.0,960.0,34400
2021-09-13,872.9315185546875,895.0,895.0,895.0,895.0,21400
2021-09-14,814.4109497070312,835.0,835.0,835.0,835.0,38300
2021-09-15,760.76708984375,780.0,780.0,780.0,780.0,65500
2021-09-16,712.0,730.0,730.0,730.0,730.0,57400
2021-09-17,663.2328491210938,680.0,680.0,680.0,680.0,339200
2021-09-20,619.3424682617188,635.0,775.0,635.0,635.0,2112000
2021-09-21,580.3287353515625,595.0,595.0,595.0,595.0,163600
2021-09-22,541.3150634765625,555.0,555.0,555.0,555.0,77800
2021-09-23,507.1780700683594,520.0,545.0,520.0,520.0,1863600
2021-09-24,516.9315185546875,530.0,530.0,484.0,484.0,2166700
2021-09-27,546.1917724609375,560.0,655.0,535.0,540.0,2314600
2021-09-28,560.8218994140625,575.0,630.0,530.0,600.0,2071600
2021-09-29,599.8356323242188,615.0,680.0,545.0,575.0,2609600
2021-09-30,599.8356323242188,615.0,655.0,590.0,620.0,821800
2021-10-01,560.8218994140625,575.0,650.0,575.0,615.0,793700
2021-10-04,521.8082275390625,535.0,575.0,535.0,575.0,813300
2021-10-05,497.4246520996094,510.0,540.0,498.0,540.0,511700
2021-10-06,507.1780700683594,520.0,580.0,500.0,530.0,526100
2021-10-07,516.9315185546875,530.0,590.0,515.0,520.0,406400
2021-10-08,497.4246520996094,510.0,550.0,505.0,550.0,143100
2021-10-11,497.4246520996094,510.0,540.0,505.0,510.0,301400
2021-10-12,492.5479431152344,505.0,515.0,500.0,510.0,350200
2021-10-13,502.3013610839844,515.0,525.0,498.0,500.0,186700
2021-10-14,497.4246520996094,510.0,525.0,505.0,515.0,51300
2021-10-15,507.1780700683594,520.0,520.0,505.0,510.0,36300
2021-10-18,507.1780700683594,520.0,520.0,500.0,520.0,70800
2021-10-19,502.3013610839844,515.0,535.0,500.0,515.0,176400
2021-10-21,512.0548095703125,525.0,530.0,505.0,520.0,50800
2021-10-22,507.1780700683594,520.0,520.0,490.0,520.0,182900
2021-10-25,512.0548095703125,525.0,525.0,505.0,520.0,108100
2021-10-26,609.5890502929688,625.0,625.0,505.0,510.0,1436400
2021-10-27,658.3561401367188,675.0,695.0,590.0,625.0,1121200
2021-10-28,682.73974609375,700.0,710.0,670.0,685.0,421500
2021-10-29,682.73974609375,700.0,705.0,655.0,705.0,374600
2021-11-01,653.4794311523438,670.0,700.0,665.0,700.0,126900
2021-11-02,668.1095581054688,685.0,695.0,630.0,670.0,235900
2021-11-03,668.1095581054688,685.0,690.0,645.0,675.0,67100
2021-11-04,668.1095581054688,685.0,700.0,650.0,685.0,7300
2021-11-05,658.3561401367188,675.0,685.0,650.0,665.0,39900
2021-11-08,731.5068359375,750.0,800.0,665.0,685.0,518300
2021-11-09,707.123291015625,725.0,800.0,725.0,785.0,147800
2021-11-10,712.0,730.0,750.0,715.0,750.0,68200
2021-11-11,751.013671875,770.0,775.0,705.0,740.0,235200
2021-11-12,741.26025390625,760.0,775.0,730.0,770.0,105100
2021-11-15,897.3150634765625,920.0,935.0,750.0,750.0,554600
2021-11-16,999.7260131835938,1025.0,1030.0,920.0,930.0,429400
2021-11-17,931.4520263671875,955.0,1050.0,955.0,1040.0,206100
2021-11-18,868.0548095703125,890.0,955.0,890.0,955.0,212600
2021-11-19,931.4520263671875,955.0,995.0,840.0,890.0,503800
2021-11-22,907.0684814453125,930.0,955.0,900.0,955.0,50300
2021-11-23,872.9315185546875,895.0,995.0,895.0,900.0,168900
2021-11-24,819.2876586914062,840.0,955.0,840.0,895.0,159600
2021-11-25,770.5205078125,790.0,840.0,785.0,840.0,558700
2021-11-26,780.2739868164062,800.0,835.0,800.0,800.0,78500
2021-11-29,780.2739868164062,800.0,840.0,755.0,800.0,49500
2021-11-30,780.2739868164062,800.0,800.0,770.0,790.0,31800
2021-12-01,741.26025390625,760.0,800.0,760.0,795.0,64100
2021-12-02,780.2739868164062,800.0,805.0,740.0,740.0,16800
2021-12-03,770.5205078125,790.0,795.0,755.0,795.0,13000
2021-12-06,790.0274047851562,810.0,840.0,790.0,790.0,21900
2021-12-07,829.0410766601562,850.0,850.0,765.0,795.0,115700
2021-12-08,814.4109497070312,835.0,850.0,810.0,850.0,12300
2021-12-09,819.2876586914062,840.0,850.0,810.0,835.0,12800
2021-12-10,814.4109497070312,835.0,870.0,785.0,840.0,29900
2021-12-13,824.1643676757812,845.0,870.0,820.0,870.0,27000
2021-12-14,794.9041137695312,815.0,850.0,815.0,850.0,23700
2021-12-15,780.2739868164062,800.0,810.0,760.0,810.0,62100
2021-12-16,770.5205078125,790.0,795.0,745.0,765.0,667400
2021-12-17,765.643798828125,785.0,790.0,735.0,790.0,349500
2021-12-20,716.876708984375,735.0,775.0,735.0,745.0,241700
2021-12-21,668.1095581054688,685.0,725.0,685.0,685.0,177200
2021-12-22,624.2191772460938,640.0,685.0,640.0,685.0,169800
2021-12-23,585.2054443359375,600.0,640.0,600.0,640.0,171500
2021-12-24,546.1917724609375,560.0,625.0,560.0,565.0,331500
2021-12-27,512.0548095703125,525.0,565.0,525.0,565.0,503300
2021-12-28,638.8493041992188,655.0,655.0,500.0,525.0,1011700
2021-12-29,643.7260131835938,660.0,750.0,650.0,730.0,907900
2021-12-30,599.8356323242188,615.0,720.0,615.0,660.0,194800
2022-01-03,570.5753173828125,585.0,650.0,575.0,635.0,77600
2022-01-04,619.3424682617188,635.0,675.0,570.0,585.0,142600
2022-01-05,624.2191772460938,640.0,660.0,600.0,640.0,52300
2022-01-06,619.3424682617188,635.0,640.0,600.0,640.0,14800
2022-01-07,609.5890502929688,625.0,675.0,600.0,605.0,79400
2022-01-10,614.4657592773438,630.0,665.0,595.0,650.0,125100
2022-01-11,614.4657592773438,630.0,640.0,630.0,630.0,18200
2022-01-12,585.2054443359375,600.0,625.0,595.0,600.0,84600
2022-01-13,590.0821533203125,605.0,610.0,605.0,610.0,3000
2022-01-14,585.2054443359375,600.0,610.0,600.0,605.0,41000
2022-01-17,570.5753173828125,585.0,600.0,580.0,580.0,6000
2022-01-18,585.2054443359375,600.0,600.0,590.0,600.0,4200
2022-01-19,570.5753173828125,585.0,655.0,580.0,600.0,83100
2022-01-20,570.5753173828125,585.0,615.0,585.0,585.0,17300
2022-01-21,580.3287353515625,595.0,600.0,585.0,600.0,3400
2022-01-24,580.3287353515625,595.0,595.0,555.0,595.0,20200
2022-01-25,590.0821533203125,605.0,615.0,570.0,570.0,7900
2022-01-26,590.0821533203125,605.0,605.0,570.0,605.0,22200
2022-01-27,570.5753173828125,585.0,600.0,565.0,600.0,40200
2022-01-28,565.6986083984375,580.0,590.0,555.0,590.0,23000
2022-01-31,585.2054443359375,600.0,605.0,550.0,580.0,86000
2022-02-02,575.4520263671875,590.0,600.0,585.0,585.0,5000
2022-02-03,575.4520263671875,590.0,600.0,590.0,590.0,5000
2022-02-04,585.2054443359375,600.0,600.0,565.0,590.0,10300
2022-02-07,594.9589233398438,610.0,610.0,580.0,590.0,12400
2022-02-08,580.3287353515625,595.0,610.0,570.0,610.0,31400
2022-02-09,560.8218994140625,575.0,605.0,570.0,580.0,56800
2022-02-10,560.8218994140625,575.0,600.0,575.0,575.0,6600
2022-02-11,560.8218994140625,575.0,595.0,575.0,575.0,4600
2022-02-14,580.3287353515625,595.0,600.0,550.0,600.0,3000
2022-02-15,585.2054443359375,600.0,600.0,580.0,580.0,66000
2022-02-16,570.5753173828125,585.0,595.0,585.0,595.0,1300
2022-02-17,614.4657592773438,630.0,640.0,585.0,585.0,80900
2022-02-18,594.9589233398438,610.0,630.0,610.0,630.0,1500
2022-02-21,585.2054443359375,600.0,610.0,570.0,610.0,88300
2022-02-22,614.4657592773438,630.0,630.0,570.0,580.0,50500
2022-02-23,594.9589233398438,610.0,625.0,590.0,625.0,38000
2022-02-24,565.6986083984375,580.0,610.0,580.0,610.0,14300
2022-02-25,565.6986083984375,580.0,580.0,565.0,580.0,3700
2022-03-01,560.8218994140625,575.0,580.0,555.0,580.0,3900
2022-03-02,560.8218994140625,575.0,575.0,560.0,575.0,6100
2022-03-04,560.8218994140625,575.0,575.0,565.0,575.0,3900
2022-03-07,541.3150634765625,555.0,575.0,555.0,560.0,9300
2022-03-08,551.0684814453125,565.0,590.0,540.0,555.0,45100
2022-03-09,551.0684814453125,565.0,565.0,560.0,565.0,3100
2022-03-10,555.9451904296875,570.0,570.0,565.0,565.0,2700
2022-03-11,555.9451904296875,570.0,585.0,540.0,540.0,3200
2022-03-14,555.9451904296875,570.0,570.0,550.0,550.0,40500
2022-03-15,536.4383544921875,550.0,570.0,550.0,550.0,6800
2022-03-16,565.6986083984375,580.0,585.0,555.0,580.0,4600
2022-03-17,555.9451904296875,570.0,575.0,570.0,575.0,800
2022-03-18,560.8218994140625,575.0,575.0,550.0,570.0,7400
2022-03-21,551.0684814453125,565.0,575.0,555.0,555.0,12100
2022-03-22,560.8218994140625,575.0,575.0,575.0,575.0,8600
2022-03-23,560.8218994140625,575.0,575.0,550.0,550.0,37400
2022-03-24,560.8218994140625,575.0,575.0,550.0,550.0,17200
2022-03-25,565.6986083984375,580.0,580.0,535.0,555.0,15700
2022-03-28,560.8218994140625,575.0,575.0,540.0,540.0,16900
2022-03-29,546.1917724609375,560.0,560.0,550.0,550.0,8100
2022-03-30,546.1917724609375,560.0,570.0,560.0,570.0,1800
2022-03-31,551.0684814453125,565.0,565.0,540.0,550.0,3600
2022-04-01,551.0684814453125,565.0,570.0,535.0,540.0,3600
2022-04-04,546.1917724609375,560.0,565.0,540.0,565.0,8600
2022-04-05,546.1917724609375,560.0,565.0,530.0,540.0,31700
2022-04-06,541.3150634765625,555.0,560.0,535.0,535.0,700
2022-04-07,546.1917724609375,560.0,560.0,535.0,550.0,4600
2022-04-08,541.3150634765625,555.0,555.0,535.0,545.0,11800
2022-04-11,551.0684814453125,565.0,575.0,540.0,555.0,74800
2022-04-12,555.9451904296875,570.0,570.0,550.0,555.0,7200
2022-04-13,555.9451904296875,570.0,570.0,555.0,570.0,4800
2022-04-14,551.0684814453125,565.0,565.0,565.0,565.0,400
2022-04-18,541.3150634765625,555.0,565.0,530.0,550.0,23300
2022-04-19,541.3150634765625,555.0,555.0,550.0,555.0,4500
2022-04-20,536.4383544921875,550.0,555.0,550.0,550.0,6800
2022-04-21,536.4383544921875,550.0,550.0,530.0,550.0,23200
2022-04-22,536.4383544921875,550.0,550.0,550.0,550.0,2400
2022-04-25,521.8082275390625,535.0,550.0,535.0,550.0,6500
2022-04-26,516.9315185546875,530.0,530.0,525.0,530.0,13900
2022-04-27,531.5616455078125,545.0,545.0,535.0,535.0,1900
2022-04-28,512.0548095703125,525.0,545.0,525.0,540.0,11600
2022-05-09,507.1780700683594,520.0,530.0,520.0,525.0,6200
2022-05-10,507.1780700683594,520.0,520.0,520.0,520.0,100
2022-05-11,521.8082275390625,535.0,545.0,505.0,515.0,5500
2022-05-12,516.9315185546875,530.0,530.0,505.0,530.0,12200
2022-05-13,526.6849365234375,540.0,540.0,494.0,520.0,76100
2022-05-17,492.5479431152344,505.0,530.0,505.0,510.0,170900
2022-05-18,492.5479431152344,505.0,505.0,472.0,500.0,35300
2022-05-19,492.5479431152344,505.0,505.0,505.0,505.0,500
2022-05-20,481.8191833496094,494.0,505.0,470.0,505.0,71200
2022-05-23,487.6712341308594,500.0,500.0,480.0,494.0,1900
2022-05-24,485.7205505371094,498.0,500.0,480.0,500.0,1600
2022-05-25,487.6712341308594,500.0,505.0,498.0,498.0,7700
2022-05-27,485.7205505371094,498.0,505.0,472.0,505.0,7100
2022-05-30,485.7205505371094,498.0,498.0,498.0,498.0,1100
2022-05-31,487.6712341308594,500.0,500.0,494.0,500.0,6400
2022-06-02,487.6712341308594,500.0,500.0,500.0,500.0,7400
2022-06-03,507.1780700683594,520.0,520.0,500.0,500.0,2600
2022-06-06,502.3013610839844,515.0,515.0,515.0,515.0,28100
2022-06-07,487.6712341308594,500.0,515.0,500.0,515.0,3500
2022-06-08,497.4246520996094,510.0,510.0,496.0,510.0,11400
2022-06-09,477.9178161621094,490.0,515.0,490.0,500.0,14300
2022-06-10,481.8191833496094,494.0,515.0,494.0,515.0,8600
2022-06-13,481.8191833496094,494.0,494.0,494.0,494.0,20000
2022-06-14,492.5479431152344,505.0,505.0,492.0,494.0,3700
2022-06-15,492.5479431152344,505.0,505.0,496.0,498.0,10800
2022-06-16,492.5479431152344,505.0,505.0,505.0,505.0,9000
2022-06-17,466.21368408203125,478.0,505.0,472.0,505.0,1900
2022-06-20,468.16436767578125,480.0,505.0,476.0,478.0,6800
2022-06-21,485.7205505371094,498.0,500.0,480.0,480.0,1700
2022-06-22,479.8684997558594,492.0,498.0,492.0,496.0,800
2022-06-23,466.21368408203125,478.0,500.0,472.0,486.0,16200
2022-06-24,470.11505126953125,482.0,500.0,478.0,478.0,17600
2022-06-27,470.11505126953125,482.0,482.0,482.0,482.0,1600
2022-06-28,477.9178161621094,490.0,490.0,490.0,490.0,200
2022-06-29,475.96710205078125,488.0,500.0,488.0,500.0,1600
2022-06-30,485.7205505371094,498.0,500.0,498.0,498.0,3300
2022-07-01,487.6712341308594,500.0,500.0,490.0,498.0,1600
2022-07-04,485.7205505371094,498.0,500.0,498.0,498.0,4700
2022-07-05,485.7205505371094,498.0,498.0,498.0,498.0,0
2022-07-06,487.6712341308594,500.0,500.0,498.0,498.0,700
2022-07-07,487.6712341308594,500.0,500.0,498.0,498.0,1900
2022-07-08,487.6712341308594,500.0,500.0,468.0,498.0,16300
2022-07-11,487.6712341308594,500.0,500.0,498.0,498.0,3300
2022-07-12,487.6712341308594,500.0,500.0,500.0,500.0,5700
2022-07-13,487.6712341308594,500.0,500.0,500.0,500.0,0
2022-07-14,466.21368408203125,478.0,498.0,478.0,498.0,11000
2022-07-15,487.6712341308594,500.0,500.0,478.0,478.0,14800
2022-07-18,487.6712341308594,500.0,500.0,498.0,498.0,6200
2022-07-19,487.6712341308594,500.0,500.0,498.0,498.0,5400
2022-07-20,477.9178161621094,490.0,498.0,480.0,490.0,1300
2022-07-21,487.6712341308594,500.0,500.0,484.0,490.0,900
2022-07-22,487.6712341308594,500.0,500.0,498.0,498.0,1000
2022-07-25,485.7205505371094,498.0,498.0,498.0,498.0,600
2022-07-26,485.7205505371094,498.0,498.0,498.0,498.0,0
2022-07-27,485.7205505371094,498.0,498.0,498.0,498.0,0
2022-07-28,485.7205505371094,498.0,498.0,498.0,498.0,0
2022-07-29,541.3150634765625,555.0,590.0,498.0,498.0,22700
2022-08-01,507.1780700683594,520.0,550.0,520.0,550.0,18400
2022-08-02,507.1780700683594,520.0,535.0,520.0,520.0,1000
2022-08-03,487.6712341308594,500.0,520.0,500.0,515.0,5400
2022-08-04,492.5479431152344,505.0,515.0,500.0,515.0,3000
2022-08-05,497.4246520996094,510.0,510.0,500.0,500.0,2200
2022-08-08,492.5479431152344,505.0,505.0,505.0,505.0,1100
2022-08-09,487.6712341308594,500.0,500.0,498.0,500.0,3600
2022-08-10,485.7205505371094,498.0,500.0,496.0,496.0,10500
2022-08-11,497.4246520996094,510.0,510.0,500.0,500.0,4200
2022-08-12,497.4246520996094,510.0,515.0,500.0,515.0,1900
2022-08-15,492.5479431152344,505.0,505.0,500.0,500.0,27000
2022-08-16,492.5479431152344,505.0,505.0,500.0,500.0,800
2022-08-18,492.5479431152344,505.0,505.0,505.0,505.0,2100
2022-08-19,492.5479431152344,505.0,505.0,500.0,500.0,4400
2022-08-22,492.5479431152344,505.0,505.0,505.0,505.0,0
2022-08-23,487.6712341308594,500.0,550.0,500.0,505.0,13700
2022-08-24,497.4246520996094,510.0,515.0,490.0,515.0,7700
2022-08-25,502.3013610839844,515.0,520.0,500.0,520.0,4300
2022-08-26,497.4246520996094,510.0,550.0,510.0,515.0,3100
2022-08-29,497.4246520996094,510.0,510.0,510.0,510.0,5400
2022-08-30,497.4246520996094,510.0,510.0,490.0,510.0,2600
2022-08-31,479.8684997558594,492.0,510.0,492.0,510.0,7100
2022-09-01,492.5479431152344,505.0,510.0,482.0,492.0,26300
2022-09-02,485.7205505371094,498.0,505.0,484.0,505.0,28900
2022-09-05,481.8191833496094,494.0,496.0,490.0,490.0,47600
2022-09-06,497.4246520996094,510.0,510.0,510.0,510.0,100
2022-09-07,497.4246520996094,510.0,510.0,510.0,510.0,100
2022-09-08,479.8684997558594,492.0,492.0,492.0,492.0,1000
2022-09-09,483.7698669433594,496.0,498.0,492.0,498.0,700
2022-09-12,483.7698669433594,496.0,496.0,494.0,494.0,700
2022-09-13,481.8191833496094,494.0,496.0,494.0,496.0,4700
2022-09-14,487.6712341308594,500.0,500.0,500.0,500.0,900
2022-09-15,477.9178161621094,490.0,496.0,490.0,496.0,6300
2022-09-16,483.7698669433594,496.0,500.0,490.0,490.0,3100
2022-09-19,479.8684997558594,492.0,510.0,492.0,505.0,600
2022-09-20,479.8684997558594,492.0,492.0,492.0,492.0,0
2022-09-21,479.8684997558594,492.0,492.0,492.0,492.0,0
2022-09-22,479.8684997558594,492.0,492.0,492.0,492.0,0
2022-09-23,479.8684997558594,492.0,492.0,492.0,492.0,0
2022-09-26,479.8684997558594,492.0,492.0,492.0,492.0,0
2022-09-27,481.8191833496094,494.0,494.0,494.0,494.0,3600
2022-09-28,481.8191833496094,494.0,494.0,494.0,494.0,0
2022-09-29,481.8191833496094,494.0,494.0,494.0,494.0,0
2022-09-30,481.8191833496094,494.0,494.0,494.0,494.0,0
2022-10-03,492.5479431152344,505.0,505.0,505.0,505.0,7000
2022-10-04,487.6712341308594,500.0,500.0,480.0,480.0,4500
2022-10-05,487.6712341308594,500.0,500.0,500.0,500.0,1900
2022-10-06,487.6712341308594,500.0,500.0,500.0,500.0,0
2022-10-07,487.6712341308594,500.0,500.0,500.0,500.0,0
2022-10-10,487.6712341308594,500.0,500.0,490.0,500.0,5600
2022-10-11,477.9178161621094,490.0,490.0,490.0,490.0,600
2022-10-12,477.9178161621094,490.0,490.0,490.0,490.0,100
2022-10-13,487.6712341308594,500.0,500.0,500.0,500.0,5000
2022-10-14,487.6712341308594,500.0,500.0,500.0,500.0,2200
2022-10-17,487.6712341308594,500.0,500.0,500.0,500.0,0
2022-10-18,477.9178161621094,490.0,490.0,490.0,490.0,600
2022-10-19,487.6712341308594,500.0,500.0,480.0,500.0,700
2022-10-20,487.6712341308594,500.0,500.0,480.0,480.0,11400
2022-10-21,470.11505126953125,482.0,505.0,480.0,505.0,1600
2022-10-24,487.6712341308594,500.0,500.0,482.0,482.0,7200
2022-10-25,487.6712341308594,500.0,500.0,500.0,500.0,900
2022-10-26,487.6712341308594,500.0,500.0,480.0,480.0,105300
2022-10-27,492.5479431152344,505.0,510.0,500.0,500.0,75100
2022-10-28,507.1780700683594,520.0,520.0,490.0,505.0,13700
2022-10-31,502.3013610839844,515.0,520.0,510.0,520.0,88600
2022-11-01,479.8684997558594,492.0,530.0,482.0,530.0,40100
2022-11-02,512.0548095703125,525.0,525.0,494.0,494.0,900
2022-11-03,512.0548095703125,525.0,525.0,525.0,525.0,0
2022-11-04,507.1780700683594,520.0,525.0,500.0,520.0,20700
2022-11-07,502.3013610839844,515.0,520.0,515.0,520.0,35900
2022-11-08,502.3013610839844,515.0,530.0,515.0,530.0,400
2022-11-09,516.9315185546875,530.0,530.0,505.0,510.0,800
2022-11-10,502.3013610839844,515.0,525.0,515.0,525.0,500
2022-11-11,507.1780700683594,520.0,525.0,520.0,525.0,30600
2022-11-14,485.7205505371094,498.0,498.0,498.0,498.0,1900
2022-11-15,485.7205505371094,498.0,500.0,498.0,500.0,5800
2022-11-16,481.8191833496094,494.0,498.0,494.0,498.0,12300
2022-11-17,475.96710205078125,488.0,494.0,478.0,494.0,8400
2022-11-18,483.7698669433594,496.0,498.0,496.0,498.0,4900
2022-11-21,483.7698669433594,496.0,496.0,496.0,496.0,2600
2022-11-22,483.7698669433594,496.0,496.0,496.0,496.0,0
2022-11-23,481.8191833496094,494.0,496.0,494.0,496.0,2900
2022-11-24,487.6712341308594,500.0,500.0,482.0,500.0,3800
2022-11-25,483.7698669433594,496.0,498.0,496.0,498.0,17100
2022-11-28,477.9178161621094,490.0,496.0,490.0,496.0,9500
2022-11-29,477.9178161621094,490.0,490.0,490.0,490.0,3800
2022-11-30,477.9178161621094,490.0,490.0,484.0,490.0,38900
2022-12-01,475.96710205078125,488.0,488.0,488.0,488.0,22700
2022-12-02,472.06573486328125,484.0,490.0,480.0,480.0,13700
2022-12-05,468.16436767578125,480.0,484.0,480.0,484.0,3600
2022-12-06,485.7205505371094,498.0,525.0,480.0,480.0,104500
2022-12-07,483.7698669433594,496.0,496.0,496.0,496.0,900
2022-12-08,477.9178161621094,490.0,492.0,470.0,484.0,11800
2022-12-09,475.96710205078125,488.0,490.0,480.0,480.0,1100
2022-12-12,475.96710205078125,488.0,490.0,488.0,490.0,200
2022-12-13,474.01641845703125,486.0,486.0,486.0,486.0,7600
2022-12-14,472.06573486328125,484.0,484.0,460.0,470.0,56500
2022-12-15,466.21368408203125,478.0,484.0,452.0,484.0,25200
2022-12-16,438.90411376953125,450.0,450.0,450.0,450.0,1700
2022-12-19,419.3972473144531,430.0,450.0,430.0,450.0,14100
2022-12-20,419.3972473144531,430.0,430.0,410.0,410.0,1000
2022-12-21,438.90411376953125,450.0,468.0,430.0,430.0,2100
2022-12-22,438.90411376953125,450.0,450.0,450.0,450.0,0
2022-12-23,409.6438293457031,420.0,470.0,420.0,470.0,7400
2022-12-26,397.9397277832031,408.0,408.0,408.0,408.0,1500
2022-12-27,399.8904113769531,410.0,410.0,410.0,410.0,2400
2022-12-28,411.5945129394531,422.0,422.0,400.0,410.0,3600
2022-12-29,403.7917785644531,414.0,450.0,414.0,422.0,1300
2022-12-30,395.9890441894531,406.0,412.0,406.0,406.0,10100
2023-01-02,421.3479309082031,432.0,434.0,388.0,388.0,500
2023-01-03,419.3972473144531,430.0,432.0,414.0,414.0,12400
2023-01-04,419.3972473144531,430.0,430.0,430.0,430.0,1000
2023-01-05,419.3972473144531,430.0,430.0,430.0,430.0,5000
2023-01-06,419.3972473144531,430.0,430.0,430.0,430.0,5500
2023-01-09,417.4465637207031,428.0,430.0,428.0,430.0,800
2023-01-10,417.4465637207031,428.0,428.0,428.0,428.0,5200
2023-01-11,417.4465637207031,428.0,428.0,428.0,428.0,1300
2023-01-12,415.4958801269531,426.0,426.0,426.0,426.0,100
2023-01-13,413.5451965332031,424.0,426.0,424.0,426.0,200
2023-01-16,399.8904113769531,410.0,412.0,410.0,412.0,2500
2023-01-17,411.5945129394531,422.0,444.0,408.0,408.0,2400
2023-01-18,403.7917785644531,414.0,454.0,414.0,454.0,300
2023-01-19,411.5945129394531,422.0,432.0,410.0,414.0,1800
2023-01-20,407.6931457519531,418.0,432.0,418.0,432.0,500
2023-01-24,415.4958801269531,426.0,426.0,408.0,416.0,16200
2023-01-25,415.4958801269531,426.0,426.0,426.0,426.0,0
2023-01-26,415.4958801269531,426.0,426.0,426.0,426.0,0
2023-01-27,415.4958801269531,426.0,426.0,426.0,426.0,0
2023-01-30,411.5945129394531,422.0,430.0,422.0,430.0,300
2023-01-31,411.5945129394531,422.0,422.0,422.0,422.0,100
2023-02-01,423.2986145019531,434.0,434.0,412.0,412.0,1200
2023-02-02,409.6438293457031,420.0,420.0,420.0,420.0,1300
2023-02-03,401.8410949707031,412.0,424.0,412.0,424.0,700
2023-02-06,405.7424621582031,416.0,416.0,416.0,416.0,300
2023-02-07,401.8410949707031,412.0,412.0,410.0,410.0,1000
2023-02-08,413.5451965332031,424.0,424.0,414.0,414.0,600
2023-02-09,421.3479309082031,432.0,440.0,430.0,430.0,1100
2023-02-10,415.4958801269531,426.0,428.0,412.0,428.0,10400
2023-02-13,397.9397277832031,408.0,410.0,406.0,410.0,16700
2023-02-14,397.9397277832031,408.0,408.0,408.0,408.0,0
2023-02-15,397.9397277832031,408.0,408.0,408.0,408.0,0
2023-02-16,399.8904113769531,410.0,410.0,410.0,410.0,3500
2023-02-17,395.9890441894531,406.0,406.0,406.0,406.0,200
2023-02-20,395.9890441894531,406.0,406.0,406.0,406.0,0
2023-02-21,401.8410949707031,412.0,412.0,412.0,412.0,200
2023-02-22,413.5451965332031,424.0,424.0,418.0,418.0,300
2023-02-23,413.5451965332031,424.0,424.0,424.0,424.0,0
2023-02-24,421.3479309082031,432.0,452.0,428.0,434.0,2100
2023-02-27,421.3479309082031,432.0,432.0,432.0,432.0,200
2023-02-28,421.3479309082031,432.0,432.0,432.0,432.0,7000
2023-03-01,417.4465637207031,428.0,432.0,428.0,432.0,300
2023-03-02,411.5945129394531,422.0,428.0,422.0,428.0,600
2023-03-03,411.5945129394531,422.0,422.0,422.0,422.0,100
2023-03-06,421.3479309082031,432.0,432.0,432.0,432.0,200
2023-03-07,421.3479309082031,432.0,432.0,432.0,432.0,100
2023-03-08,421.3479309082031,432.0,432.0,432.0,432.0,0
2023-03-09,417.4465637207031,428.0,432.0,428.0,432.0,200
2023-03-10,397.9397277832031,408.0,428.0,404.0,428.0,800
2023-03-13,397.9397277832031,408.0,410.0,408.0,410.0,200
2023-03-14,392.0876770019531,402.0,408.0,402.0,408.0,8500
2023-03-15,392.0876770019531,402.0,402.0,402.0,402.0,1000
2023-03-16,392.0876770019531,402.0,402.0,402.0,402.0,2000
2023-03-17,394.0383605957031,404.0,404.0,402.0,402.0,1000
2023-03-20,394.0383605957031,404.0,404.0,404.0,404.0,100
2023-03-21,378.432861328125,388.0,390.0,388.0,388.0,16100
2023-03-24,394.0383605957031,404.0,408.0,404.0,404.0,1300
2023-03-27,382.334228515625,392.0,392.0,392.0,392.0,10100
2023-03-28,388.1863098144531,398.0,404.0,392.0,392.0,14200
2023-03-29,395.9890441894531,406.0,406.0,398.0,398.0,1200
2023-03-30,397.9397277832031,408.0,410.0,404.0,404.0,4700
2023-03-31,397.9397277832031,408.0,408.0,408.0,408.0,0
2023-04-03,397.9397277832031,408.0,408.0,408.0,408.0,0
2023-04-04,399.8904113769531,410.0,442.0,392.0,392.0,4000
2023-04-05,399.8904113769531,410.0,410.0,410.0,410.0,0
2023-04-06,417.4465637207031,428.0,428.0,428.0,428.0,100
2023-04-10,415.4958801269531,426.0,426.0,424.0,424.0,900
2023-04-11,411.5945129394531,422.0,422.0,422.0,422.0,200
2023-04-12,431.1013488769531,442.0,442.0,432.0,432.0,300
2023-04-13,474.01641845703125,486.0,486.0,442.0,442.0,4000
2023-04-14,470.11505126953125,482.0,482.0,482.0,482.0,100
2023-04-17,448.65753173828125,460.0,470.0,460.0,470.0,200
2023-04-18,440.85479736328125,452.0,454.0,452.0,454.0,1100
2023-04-26,440.85479736328125,452.0,452.0,452.0,452.0,0
2023-04-27,429.1506652832031,440.0,440.0,440.0,440.0,300
2023-04-28,429.1506652832031,440.0,440.0,440.0,440.0,0
2023-05-02,407.6931457519531,418.0,420.0,418.0,420.0,2000
2023-05-03,407.6931457519531,418.0,418.0,418.0,418.0,200
2023-05-04,407.6931457519531,418.0,418.0,418.0,418.0,100
2023-05-05,407.6931457519531,418.0,418.0,418.0,418.0,0
2023-05-08,411.5945129394531,422.0,430.0,402.0,418.0,2500
2023-05-09,411.5945129394531,422.0,422.0,422.0,422.0,1700
2023-05-10,409.6438293457031,420.0,422.0,420.0,422.0,200
2023-05-11,409.6438293457031,420.0,420.0,420.0,420.0,0
2023-05-12,409.6438293457031,420.0,420.0,420.0,420.0,0
2023-05-15,388.1863098144531,398.0,420.0,398.0,420.0,5700
2023-05-16,378.432861328125,388.0,388.0,388.0,388.0,700
2023-05-17,407.6931457519531,418.0,418.0,418.0,418.0,200
2023-05-19,419.3972473144531,430.0,430.0,430.0,430.0,100
2023-05-22,419.3972473144531,430.0,430.0,430.0,430.0,0
2023-05-23,419.3972473144531,430.0,430.0,430.0,430.0,100
2023-05-24,417.4465637207031,428.0,436.0,428.0,432.0,2400
2023-05-25,417.4465637207031,428.0,428.0,428.0,428.0,0
2023-05-26,417.4465637207031,428.0,428.0,428.0,428.0,600
2023-05-29,417.4465637207031,428.0,428.0,428.0,428.0,0
2023-05-30,417.4465637207031,428.0,428.0,428.0,428.0,0
2023-05-31,436.95343017578125,448.0,448.0,448.0,448.0,100
2023-06-05,397.9397277832031,408.0,430.0,408.0,430.0,900
2023-06-06,397.9397277832031,408.0,408.0,400.0,408.0,2200
2023-06-07,390.1369934082031,400.0,400.0,400.0,400.0,900
2023-06-08,390.1369934082031,400.0,400.0,400.0,400.0,3200
2023-06-09,427.1999816894531,438.0,438.0,438.0,438.0,100
2023-06-12,425.2492980957031,436.0,436.0,436.0,436.0,100
2023-06-13,425.2492980957031,436.0,436.0,436.0,436.0,0
2023-06-14,425.2492980957031,436.0,436.0,436.0,436.0,0
2023-06-15,425.2492980957031,436.0,436.0,436.0,436.0,200
2023-06-16,425.2492980957031,436.0,436.0,436.0,436.0,0
2023-06-19,425.2492980957031,436.0,436.0,436.0,436.0,0
2023-06-20,425.2492980957031,436.0,436.0,436.0,436.0,600
2023-06-21,425.2492980957031,436.0,436.0,436.0,436.0,0
2023-06-22,425.2492980957031,436.0,436.0,436.0,436.0,0
2023-06-23,425.2492980957031,436.0,436.0,436.0,436.0,1000
2023-06-26,425.2492980957031,436.0,436.0,436.0,436.0,500
2023-06-27,425.2492980957031,436.0,436.0,436.0,436.0,0
2023-07-03,425.2492980957031,436.0,436.0,436.0,436.0,500
2023-07-04,425.2492980957031,436.0,436.0,436.0,436.0,500
2023-07-05,425.2492980957031,436.0,436.0,436.0,436.0,1000
2023-07-06,425.2492980957031,436.0,436.0,436.0,436.0,0
2023-07-07,425.2492980957031,436.0,436.0,436.0,436.0,0
2023-07-10,425.2492980957031,436.0,436.0,436.0,436.0,0
2023-07-11,425.2492980957031,436.0,436.0,436.0,436.0,0
2023-07-12,425.2492980957031,436.0,436.0,436.0,436.0,0
2023-07-13,425.2492980957031,436.0,436.0,436.0,436.0,100
2023-07-14,425.2492980957031,436.0,436.0,436.0,436.0,0
2023-07-17,425.2492980957031,436.0,436.0,436.0,436.0,0
2023-07-18,425.2492980957031,436.0,436.0,436.0,436.0,0
2023-07-20,425.2492980957031,436.0,436.0,436.0,436.0,0
2023-07-21,425.2492980957031,436.0,436.0,436.0,436.0,0
2023-07-24,425.2492980957031,436.0,436.0,436.0,436.0,0
2023-07-25,425.2492980957031,436.0,436.0,436.0,436.0,0
2023-07-26,425.2492980957031,436.0,436.0,436.0,436.0,0
2023-07-27,425.2492980957031,436.0,436.0,436.0,436.0,0
2023-07-28,425.2492980957031,436.0,436.0,436.0,436.0,9800
2023-07-31,425.2492980957031,436.0,436.0,436.0,436.0,10000
2023-08-01,425.2492980957031,436.0,436.0,436.0,436.0,10200
2023-08-02,425.2492980957031,436.0,436.0,436.0,436.0,200
2023-08-03,425.2492980957031,436.0,436.0,436.0,436.0,3000
2023-08-04,425.2492980957031,436.0,436.0,436.0,436.0,3500
2023-08-07,425.2492980957031,436.0,444.0,436.0,444.0,3100
2023-08-08,425.2492980957031,436.0,436.0,436.0,436.0,0
2023-08-09,425.2492980957031,436.0,436.0,436.0,436.0,0
2023-08-10,425.2492980957031,436.0,436.0,436.0,436.0,0
2023-08-11,425.2492980957031,436.0,436.0,436.0,436.0,0
2023-08-14,425.2492980957031,436.0,436.0,436.0,436.0,0
2023-08-15,425.2492980957031,436.0,436.0,436.0,436.0,0
2023-08-16,425.2492980957031,436.0,436.0,436.0,436.0,0
2023-08-18,425.2492980957031,436.0,436.0,436.0,436.0,0
2023-08-21,421.3479309082031,432.0,432.0,432.0,432.0,5300
2023-08-22,421.3479309082031,432.0,432.0,432.0,432.0,0
2023-08-23,421.3479309082031,432.0,432.0,432.0,432.0,0
2023-08-24,421.3479309082031,432.0,432.0,432.0,432.0,0
2023-08-25,421.3479309082031,432.0,432.0,432.0,432.0,0
2023-08-28,421.3479309082031,432.0,432.0,432.0,432.0,0
2023-08-29,390.1369934082031,400.0,400.0,400.0,400.0,19700
2023-08-30,360.876708984375,370.0,370.0,370.0,370.0,28000
2023-08-31,390.1369934082031,400.0,400.0,370.0,370.0,24700
2023-09-01,390.1369934082031,400.0,400.0,400.0,400.0,2500
2023-09-04,390.1369934082031,400.0,400.0,400.0,400.0,500
2023-09-05,399.8904113769531,410.0,410.0,410.0,410.0,500
2023-09-06,409.6438293457031,420.0,420.0,420.0,420.0,1000
2023-09-07,419.3972473144531,430.0,430.0,430.0,430.0,100
2023-09-08,419.3972473144531,430.0,430.0,430.0,430.0,0
2023-09-11,421.3479309082031,432.0,432.0,432.0,432.0,20500
2023-09-12,423.2986145019531,434.0,434.0,434.0,434.0,51000
2023-09-13,423.2986145019531,434.0,434.0,434.0,434.0,300
2023-09-14,423.2986145019531,434.0,434.0,434.0,434.0,18500
2023-09-15,423.2986145019531,434.0,434.0,434.0,434.0,5000
2023-09-18,419.3972473144531,430.0,430.0,430.0,430.0,10000
2023-09-19,415.4958801269531,426.0,426.0,426.0,426.0,13500
2023-09-20,415.4958801269531,426.0,426.0,426.0,426.0,40000
2023-09-21,413.5451965332031,424.0,424.0,424.0,424.0,10000
2023-09-22,419.3972473144531,430.0,430.0,430.0,430.0,10000
2023-09-25,419.3972473144531,430.0,430.0,430.0,430.0,0
2023-09-26,429.1506652832031,440.0,440.0,440.0,440.0,16100
2023-09-27,438.90411376953125,450.0,450.0,450.0,450.0,2000
2023-09-29,448.65753173828125,460.0,460.0,460.0,460.0,1000
2023-10-02,448.65753173828125,460.0,460.0,460.0,460.0,10600
2023-10-03,458.41094970703125,470.0,470.0,470.0,470.0,300
2023-10-04,458.41094970703125,470.0,470.0,470.0,470.0,4600
2023-10-05,458.41094970703125,470.0,470.0,470.0,470.0,0
2023-10-06,458.41094970703125,470.0,470.0,470.0,470.0,1100
2023-10-09,458.41094970703125,470.0,470.0,470.0,470.0,1400
2023-10-10,458.41094970703125,470.0,470.0,470.0,470.0,4100
2023-10-11,458.41094970703125,470.0,470.0,470.0,470.0,100
2023-10-12,468.16436767578125,480.0,480.0,480.0,480.0,400
2023-10-13,512.0548095703125,525.0,525.0,525.0,525.0,700
2023-10-16,512.0548095703125,525.0,525.0,525.0,525.0,200
2023-10-17,512.0548095703125,525.0,525.0,525.0,525.0,14500
2023-10-18,512.0548095703125,525.0,525.0,525.0,525.0,17400
2023-10-19,512.0548095703125,525.0,525.0,525.0,525.0,2700
2023-10-20,512.0548095703125,525.0,525.0,525.0,525.0,4300
2023-10-23,512.0548095703125,525.0,525.0,525.0,525.0,5000
2023-10-24,512.0548095703125,525.0,525.0,525.0,525.0,0
2023-10-25,512.0548095703125,525.0,525.0,525.0,525.0,1000
2023-10-26,512.0548095703125,525.0,525.0,525.0,525.0,0
2023-10-27,512.0548095703125,525.0,525.0,525.0,525.0,0
2023-10-30,512.0548095703125,525.0,525.0,525.0,525.0,0
2023-10-31,512.0548095703125,525.0,525.0,525.0,525.0,0
2023-11-01,512.0548095703125,525.0,525.0,525.0,525.0,0
2023-11-02,512.0548095703125,525.0,525.0,525.0,525.0,100
2023-11-03,512.0548095703125,525.0,525.0,525.0,525.0,3600
2023-11-06,512.0548095703125,525.0,525.0,525.0,525.0,0
2023-11-07,512.0548095703125,525.0,525.0,525.0,525.0,100
2023-11-08,512.0548095703125,525.0,525.0,525.0,525.0,1300
2023-11-09,512.0548095703125,525.0,525.0,525.0,525.0,0
2023-11-10,512.0548095703125,525.0,525.0,525.0,525.0,0
2023-11-13,512.0548095703125,525.0,525.0,525.0,525.0,0
2023-11-14,512.0548095703125,525.0,525.0,525.0,525.0,0
2023-11-15,512.0548095703125,525.0,525.0,525.0,525.0,0
2023-11-16,512.0548095703125,525.0,525.0,525.0,525.0,0
2023-11-17,512.0548095703125,525.0,525.0,525.0,525.0,0
2023-11-20,512.0548095703125,525.0,525.0,525.0,525.0,0
2023-11-21,512.0548095703125,525.0,525.0,525.0,525.0,2600
2023-11-22,512.0548095703125,525.0,525.0,525.0,525.0,0
2023-11-23,512.0548095703125,525.0,525.0,525.0,525.0,0
2023-11-24,512.0548095703125,525.0,525.0,525.0,525.0,33100
2023-11-27,512.0548095703125,525.0,525.0,525.0,525.0,0
2023-11-28,512.0548095703125,525.0,525.0,525.0,525.0,32200
2023-11-29,516.9315185546875,530.0,530.0,530.0,530.0,100
2023-11-30,536.4383544921875,550.0,550.0,550.0,550.0,300
2023-12-01,536.4383544921875,550.0,550.0,550.0,550.0,0
2023-12-04,536.4383544921875,550.0,550.0,550.0,550.0,3300
2023-12-05,536.4383544921875,550.0,550.0,550.0,550.0,5500
2023-12-06,555.9451904296875,570.0,570.0,570.0,570.0,100
2023-12-07,585.2054443359375,600.0,600.0,600.0,600.0,100
2023-12-08,585.2054443359375,600.0,600.0,600.0,600.0,100
2023-12-11,585.2054443359375,600.0,600.0,600.0,600.0,0
2023-12-12,585.2054443359375,600.0,600.0,600.0,600.0,0
2023-12-13,585.2054443359375,600.0,600.0,600.0,600.0,0
2023-12-14,585.2054443359375,600.0,600.0,600.0,600.0,100
2023-12-15,585.2054443359375,600.0,600.0,600.0,600.0,0
2023-12-18,585.2054443359375,600.0,600.0,600.0,600.0,100
2023-12-19,585.2054443359375,600.0,600.0,600.0,600.0,0
2023-12-20,585.2054443359375,600.0,600.0,600.0,600.0,0
2023-12-21,633.9725952148438,650.0,650.0,600.0,600.0,6100
2023-12-22,633.9725952148438,650.0,650.0,650.0,650.0,0
2023-12-27,633.9725952148438,650.0,650.0,650.0,650.0,0
2023-12-28,633.9725952148438,650.0,650.0,650.0,650.0,0
2023-12-29,633.9725952148438,650.0,650.0,650.0,650.0,0
2024-01-02,633.9725952148438,650.0,650.0,650.0,650.0,100
2024-01-03,633.9725952148438,650.0,650.0,650.0,650.0,0
2024-01-04,633.9725952148438,650.0,650.0,650.0,650.0,0
2024-01-05,633.9725952148438,650.0,650.0,650.0,650.0,0
2024-01-08,633.9725952148438,650.0,650.0,650.0,650.0,10000
2024-01-09,633.9725952148438,650.0,650.0,650.0,650.0,0
2024-01-10,633.9725952148438,650.0,650.0,650.0,650.0,0
2024-01-11,633.9725952148438,650.0,650.0,650.0,650.0,0
2024-01-12,633.9725952148438,650.0,650.0,650.0,650.0,0
2024-01-15,633.9725952148438,650.0,650.0,650.0,650.0,0
2024-01-16,633.9725952148438,650.0,650.0,650.0,650.0,0
2024-01-17,633.9725952148438,650.0,650.0,650.0,650.0,0
2024-01-18,633.9725952148438,650.0,650.0,650.0,650.0,0
2024-01-19,633.9725952148438,650.0,650.0,650.0,650.0,0
2024-01-22,633.9725952148438,650.0,650.0,650.0,650.0,0
2024-01-23,633.9725952148438,650.0,650.0,650.0,650.0,0
2024-01-24,633.9725952148438,650.0,650.0,650.0,650.0,0
2024-01-25,633.9725952148438,650.0,650.0,650.0,650.0,0
2024-01-26,633.9725952148438,650.0,650.0,650.0,650.0,0
2024-01-29,633.9725952148438,650.0,650.0,650.0,650.0,0
2024-01-30,633.9725952148438,650.0,650.0,650.0,650.0,0
2024-01-31,633.9725952148438,650.0,650.0,650.0,650.0,0
2024-02-01,633.9725952148438,650.0,650.0,650.0,650.0,0
2024-02-02,633.9725952148438,650.0,650.0,650.0,650.0,0
2024-02-05,633.9725952148438,650.0,650.0,650.0,650.0,0
2024-02-06,633.9725952148438,650.0,650.0,650.0,650.0,0
2024-02-07,633.9725952148438,650.0,650.0,650.0,650.0,0
2024-02-12,633.9725952148438,650.0,650.0,650.0,650.0,0
2024-02-13,633.9725952148438,650.0,650.0,650.0,650.0,0
2024-02-15,633.9725952148438,650.0,650.0,650.0,650.0,0
2024-02-16,633.9725952148438,650.0,650.0,650.0,650.0,0
2024-02-19,619.3424682617188,635.0,635.0,635.0,635.0,300
2024-02-20,619.3424682617188,635.0,635.0,635.0,635.0,0
2024-02-21,619.3424682617188,635.0,635.0,635.0,635.0,0
2024-02-22,619.3424682617188,635.0,635.0,635.0,635.0,0
2024-02-23,619.3424682617188,635.0,635.0,635.0,635.0,0
2024-02-26,575.4520263671875,590.0,615.0,590.0,615.0,300
2024-02-27,575.4520263671875,590.0,590.0,590.0,590.0,0
2024-02-28,565.6986083984375,580.0,580.0,580.0,580.0,300
2024-02-29,565.6986083984375,580.0,580.0,580.0,580.0,0
2024-03-01,565.6986083984375,580.0,580.0,580.0,580.0,0
2024-03-04,565.6986083984375,580.0,580.0,580.0,580.0,0
2024-03-05,565.6986083984375,580.0,580.0,580.0,580.0,0
2024-03-06,565.6986083984375,580.0,580.0,580.0,580.0,0
2024-03-07,565.6986083984375,580.0,580.0,580.0,580.0,0
2024-03-08,565.6986083984375,580.0,580.0,580.0,580.0,0
2024-03-13,551.0684814453125,565.0,565.0,565.0,565.0,100
2024-03-14,551.0684814453125,565.0,565.0,565.0,565.0,0
2024-03-15,551.0684814453125,565.0,565.0,565.0,565.0,0
2024-03-18,551.0684814453125,565.0,565.0,565.0,565.0,0
2024-03-19,551.0684814453125,565.0,565.0,565.0,565.0,0
2024-03-20,551.0684814453125,565.0,565.0,565.0,565.0,0
2024-03-21,551.0684814453125,565.0,565.0,565.0,565.0,0
2024-03-22,551.0684814453125,565.0,565.0,565.0,565.0,0
2024-03-25,551.0684814453125,565.0,565.0,565.0,565.0,0
2024-03-26,551.0684814453125,565.0,565.0,565.0,565.0,0
2024-03-27,536.4383544921875,550.0,550.0,550.0,550.0,2300
2024-03-28,536.4383544921875,550.0,550.0,550.0,550.0,0
2024-04-01,536.4383544921875,550.0,550.0,550.0,550.0,0
2024-04-02,526.6849365234375,540.0,540.0,540.0,540.0,100
2024-04-03,477.9178161621094,490.0,490.0,490.0,490.0,1000
2024-04-04,431.1013488769531,442.0,442.0,442.0,442.0,500
2024-04-05,421.3479309082031,432.0,432.0,432.0,432.0,1000
2024-04-16,417.4465637207031,428.0,428.0,428.0,428.0,500
2024-04-17,409.6438293457031,420.0,420.0,420.0,420.0,700
2024-04-18,390.1369934082031,400.0,400.0,400.0,400.0,6600
2024-04-19,380.383544921875,390.0,390.0,390.0,390.0,700
2024-04-22,378.432861328125,388.0,388.0,388.0,388.0,500
2024-04-23,378.432861328125,388.0,388.0,388.0,388.0,0
2024-04-24,378.432861328125,388.0,388.0,388.0,388.0,0
2024-04-25,378.432861328125,388.0,388.0,388.0,388.0,0
2024-04-26,378.432861328125,388.0,388.0,388.0,388.0,300
2024-04-29,378.432861328125,388.0,388.0,388.0,388.0,100
2024-04-30,378.432861328125,388.0,388.0,388.0,388.0,600
2024-05-02,378.432861328125,388.0,388.0,388.0,388.0,400
2024-05-03,378.432861328125,388.0,388.0,388.0,388.0,0
2024-05-06,378.432861328125,388.0,388.0,388.0,388.0,0
2024-05-07,376.482177734375,386.0,386.0,386.0,386.0,1900
2024-05-08,374.531494140625,384.0,384.0,384.0,384.0,1200
2024-05-13,374.531494140625,384.0,384.0,384.0,384.0,800
2024-05-14,374.531494140625,384.0,384.0,384.0,384.0,0
2024-05-15,360.876708984375,370.0,370.0,370.0,370.0,700
2024-05-16,360.876708984375,370.0,370.0,370.0,370.0,6600
2024-05-17,360.876708984375,370.0,370.0,370.0,370.0,1500
2024-05-20,360.876708984375,370.0,370.0,370.0,370.0,300
2024-05-21,360.876708984375,370.0,370.0,370.0,370.0,0
2024-05-22,360.876708984375,370.0,370.0,370.0,370.0,0
2024-05-27,360.876708984375,370.0,370.0,370.0,370.0,0
2024-05-28,360.876708984375,370.0,370.0,370.0,370.0,200
2024-05-29,360.876708984375,370.0,370.0,370.0,370.0,900
2024-05-30,360.876708984375,370.0,370.0,370.0,370.0,0
2024-05-31,360.876708984375,370.0,370.0,370.0,370.0,0
2024-06-03,360.876708984375,370.0,370.0,370.0,370.0,0
2024-06-04,360.876708984375,370.0,370.0,370.0,370.0,0
2024-06-05,360.876708984375,370.0,370.0,370.0,370.0,0
2024-06-06,360.876708984375,370.0,370.0,370.0,370.0,0
2024-06-07,360.876708984375,370.0,370.0,370.0,370.0,100
2024-06-10,360.876708984375,370.0,370.0,370.0,370.0,0
2024-06-11,360.876708984375,370.0,370.0,370.0,370.0,0
2024-06-12,360.876708984375,370.0,370.0,370.0,370.0,0
2024-06-13,360.876708984375,370.0,370.0,370.0,370.0,100
2024-06-14,360.876708984375,370.0,370.0,370.0,370.0,0
2024-06-19,360.876708984375,370.0,370.0,370.0,370.0,0
2024-06-20,360.876708984375,370.0,370.0,370.0,370.0,0
2024-06-21,360.876708984375,370.0,370.0,370.0,370.0,0
2024-06-24,360.876708984375,370.0,370.0,370.0,370.0,0
2024-06-25,360.876708984375,370.0,370.0,370.0,370.0,0
2024-06-26,360.876708984375,370.0,370.0,370.0,370.0,0
2024-06-27,360.876708984375,370.0,370.0,370.0,370.0,0
2024-06-28,360.876708984375,370.0,370.0,370.0,370.0,0
2024-07-01,360.876708984375,370.0,370.0,370.0,370.0,0
2024-07-02,360.876708984375,370.0,370.0,370.0,370.0,1100
2024-07-03,360.876708984375,370.0,370.0,370.0,370.0,0
2024-07-04,360.876708984375,370.0,370.0,370.0,370.0,0
2024-07-05,360.876708984375,370.0,370.0,370.0,370.0,200
2024-07-08,360.876708984375,370.0,370.0,370.0,370.0,0
2024-07-09,360.876708984375,370.0,370.0,370.0,370.0,0
2024-07-10,360.876708984375,370.0,370.0,370.0,370.0,0
2024-07-11,360.876708984375,370.0,370.0,370.0,370.0,0
2024-07-12,360.876708984375,370.0,370.0,370.0,370.0,0
2024-07-15,360.876708984375,370.0,370.0,370.0,370.0,0
2024-07-16,360.876708984375,370.0,370.0,370.0,370.0,0
2024-07-17,360.876708984375,370.0,370.0,370.0,370.0,0
2024-07-18,360.876708984375,370.0,370.0,370.0,370.0,0
2024-07-19,360.876708984375,370.0,370.0,370.0,370.0,0
2024-07-22,360.876708984375,370.0,370.0,370.0,370.0,0
2024-07-23,360.876708984375,370.0,370.0,370.0,370.0,0
2024-07-24,395.9890441894531,406.0,406.0,406.0,406.0,400
2024-07-25,435.00274658203125,446.0,446.0,446.0,446.0,900
2024-07-26,477.9178161621094,490.0,490.0,490.0,490.0,500
2024-07-29,521.8082275390625,535.0,535.0,500.0,500.0,1500
2024-07-30,526.6849365234375,540.0,540.0,535.0,535.0,11200
2024-07-31,575.4520263671875,590.0,590.0,590.0,590.0,13500
2024-08-01,594.9589233398438,610.0,620.0,610.0,610.0,2100
2024-08-02,599.8356323242188,615.0,630.0,615.0,630.0,7600
2024-08-05,599.8356323242188,615.0,615.0,615.0,615.0,0
2024-08-06,599.8356323242188,615.0,615.0,615.0,615.0,100
2024-08-07,599.8356323242188,615.0,615.0,615.0,615.0,0
2024-08-08,599.8356323242188,615.0,615.0,615.0,615.0,0
2024-08-09,599.8356323242188,615.0,615.0,615.0,615.0,0
2024-08-12,599.8356323242188,615.0,615.0,615.0,615.0,0
2024-08-13,599.8356323242188,615.0,615.0,615.0,615.0,0
2024-08-14,590.0821533203125,605.0,605.0,605.0,605.0,200
2024-08-15,585.2054443359375,600.0,600.0,600.0,600.0,800
2024-08-16,585.2054443359375,600.0,600.0,600.0,600.0,0
2024-08-19,585.2054443359375,600.0,600.0,600.0,600.0,0
2024-08-20,585.2054443359375,600.0,600.0,600.0,600.0,0
2024-08-21,585.2054443359375,600.0,600.0,600.0,600.0,0
2024-08-22,585.2054443359375,600.0,600.0,600.0,600.0,0
2024-08-23,585.2054443359375,600.0,600.0,600.0,600.0,0
2024-08-26,565.6986083984375,580.0,580.0,580.0,580.0,100
2024-08-27,565.6986083984375,580.0,580.0,580.0,580.0,0
2024-08-28,565.6986083984375,580.0,580.0,580.0,580.0,0
2024-08-29,565.6986083984375,580.0,580.0,580.0,580.0,0
2024-08-30,565.6986083984375,580.0,580.0,580.0,580.0,1700
2024-09-02,565.6986083984375,580.0,580.0,580.0,580.0,0
2024-09-03,565.6986083984375,580.0,580.0,580.0,580.0,0
2024-09-04,565.6986083984375,580.0,580.0,580.0,580.0,0
2024-09-05,565.6986083984375,580.0,580.0,580.0,580.0,0
2024-09-06,565.6986083984375,580.0,580.0,580.0,580.0,0
2024-09-09,560.8218994140625,575.0,575.0,575.0,575.0,100
2024-09-10,560.8218994140625,575.0,575.0,575.0,575.0,0
2024-09-11,560.8218994140625,575.0,575.0,575.0,575.0,0
2024-09-12,560.8218994140625,575.0,575.0,575.0,575.0,0
2024-09-13,560.8218994140625,575.0,575.0,575.0,575.0,0
2024-09-17,560.8218994140625,575.0,575.0,575.0,575.0,900
2024-09-18,560.8218994140625,575.0,575.0,575.0,575.0,0
2024-09-19,560.8218994140625,575.0,575.0,575.0,575.0,0
2024-09-20,560.8218994140625,575.0,575.0,575.0,575.0,0
2024-09-23,560.8218994140625,575.0,575.0,575.0,575.0,0
2024-09-24,560.8218994140625,575.0,575.0,575.0,575.0,200
2024-09-25,560.8218994140625,575.0,575.0,575.0,575.0,0
2024-09-26,560.8218994140625,575.0,575.0,575.0,575.0,0
2024-09-27,560.8218994140625,575.0,575.0,575.0,575.0,0
2024-09-30,560.8218994140625,575.0,575.0,575.0,575.0,0
2024-10-01,560.8218994140625,575.0,575.0,575.0,575.0,0
2024-10-02,560.8218994140625,575.0,575.0,575.0,575.0,0
2024-10-03,560.8218994140625,575.0,575.0,575.0,575.0,0
2024-10-04,560.8218994140625,575.0,575.0,575.0,575.0,0
2024-10-07,560.8218994140625,575.0,575.0,575.0,575.0,0
2024-10-08,560.8218994140625,575.0,575.0,575.0,575.0,0
2024-10-09,560.8218994140625,575.0,575.0,575.0,575.0,0
2024-10-10,560.8218994140625,575.0,575.0,575.0,575.0,0
2024-10-11,560.8218994140625,575.0,575.0,575.0,575.0,0
2024-10-14,560.8218994140625,575.0,575.0,575.0,575.0,0
2024-10-15,560.8218994140625,575.0,575.0,575.0,575.0,0
2024-10-16,560.8218994140625,575.0,575.0,575.0,575.0,0
2024-10-17,560.8218994140625,575.0,575.0,575.0,575.0,0
2024-10-18,560.8218994140625,575.0,575.0,575.0,575.0,100
2024-10-21,560.8218994140625,575.0,575.0,575.0,575.0,0
2024-10-22,560.8218994140625,575.0,575.0,575.0,575.0,0
2024-10-23,560.8218994140625,575.0,575.0,575.0,575.0,2000
2024-10-24,560.8218994140625,575.0,575.0,575.0,575.0,0
2024-10-25,560.8218994140625,575.0,575.0,575.0,575.0,0
2024-10-28,560.8218994140625,575.0,575.0,575.0,575.0,0
2024-10-29,560.8218994140625,575.0,575.0,575.0,575.0,0
2024-10-30,560.8218994140625,575.0,575.0,575.0,575.0,0
2024-10-31,555.9451904296875,570.0,570.0,570.0,570.0,300
2024-11-01,555.9451904296875,570.0,570.0,570.0,570.0,0
2024-11-04,555.9451904296875,570.0,570.0,570.0,570.0,0
2024-11-05,555.9451904296875,570.0,570.0,570.0,570.0,200
2024-11-06,555.9451904296875,570.0,570.0,570.0,570.0,2700
2024-11-07,555.9451904296875,570.0,570.0,570.0,570.0,100
2024-11-08,555.9451904296875,570.0,570.0,570.0,570.0,0
2024-11-11,555.9451904296875,570.0,570.0,570.0,570.0,0
2024-11-12,555.9451904296875,570.0,570.0,570.0,570.0,1500
2024-11-13,551.0684814453125,565.0,565.0,565.0,565.0,1100
2024-11-14,551.0684814453125,565.0,565.0,565.0,565.0,0
2024-11-15,546.1917724609375,560.0,565.0,560.0,565.0,1000
2024-11-18,546.1917724609375,560.0,560.0,560.0,560.0,200
2024-11-19,546.1917724609375,560.0,560.0,560.0,560.0,0
2024-11-20,546.1917724609375,560.0,560.0,560.0,560.0,0
2024-11-21,546.1917724609375,560.0,560.0,560.0,560.0,0
2024-11-22,546.1917724609375,560.0,560.0,560.0,560.0,0
2024-11-25,546.1917724609375,560.0,560.0,560.0,560.0,0
2024-11-26,546.1917724609375,560.0,560.0,560.0,560.0,0
2024-11-28,541.3150634765625,555.0,560.0,555.0,560.0,5700
2024-11-29,541.3150634765625,555.0,555.0,555.0,555.0,2100
2024-12-02,541.3150634765625,555.0,555.0,555.0,555.0,0
2024-12-03,541.3150634765625,555.0,555.0,555.0,555.0,0
2024-12-04,541.3150634765625,555.0,555.0,555.0,555.0,0
2024-12-05,541.3150634765625,555.0,555.0,555.0,555.0,0
2024-12-06,541.3150634765625,555.0,555.0,555.0,555.0,0
2024-12-09,541.3150634765625,555.0,555.0,555.0,555.0,0
2024-12-10,541.3150634765625,555.0,555.0,555.0,555.0,0
2024-12-11,541.3150634765625,555.0,555.0,555.0,555.0,0
2024-12-12,541.3150634765625,555.0,555.0,555.0,555.0,0
2024-12-13,541.3150634765625,555.0,555.0,555.0,555.0,7800
2024-12-16,541.3150634765625,555.0,555.0,555.0,555.0,0
2024-12-17,536.4383544921875,550.0,550.0,550.0,550.0,2300
2024-12-18,536.4383544921875,550.0,550.0,550.0,550.0,30000
2024-12-19,536.4383544921875,550.0,550.0,550.0,550.0,0
2024-12-20,536.4383544921875,550.0,550.0,550.0,550.0,0
2024-12-23,536.4383544921875,550.0,550.0,550.0,550.0,0
2024-12-24,536.4383544921875,550.0,550.0,550.0,550.0,0
2024-12-27,536.4383544921875,550.0,550.0,550.0,550.0,0
2024-12-30,536.4383544921875,550.0,550.0,550.0,550.0,0
2025-01-02,536.4383544921875,550.0,550.0,550.0,550.0,0
2025-01-03,536.4383544921875,550.0,550.0,550.0,550.0,0
2025-01-06,536.4383544921875,550.0,550.0,550.0,550.0,0
2025-01-07,536.4383544921875,550.0,550.0,550.0,550.0,0
2025-01-08,536.4383544921875,550.0,550.0,550.0,550.0,0
2025-01-09,536.4383544921875,550.0,550.0,550.0,550.0,0
2025-01-10,536.4383544921875,550.0,550.0,550.0,550.0,1000
2025-01-13,536.4383544921875,550.0,550.0,550.0,550.0,0
2025-01-14,536.4383544921875,550.0,550.0,550.0,550.0,0
2025-01-15,536.4383544921875,550.0,550.0,550.0,550.0,0
2025-01-16,536.4383544921875,550.0,550.0,550.0,550.0,0
2025-01-17,536.4383544921875,550.0,550.0,550.0,550.0,0
2025-01-20,536.4383544921875,550.0,550.0,550.0,550.0,0
2025-01-21,536.4383544921875,550.0,550.0,550.0,550.0,0
2025-01-22,536.4383544921875,550.0,550.0,550.0,550.0,0
2025-01-23,536.4383544921875,550.0,550.0,550.0,550.0,18100
2025-01-24,536.4383544921875,550.0,550.0,550.0,550.0,0
2025-01-30,536.4383544921875,550.0,550.0,550.0,550.0,5000
2025-01-31,536.4383544921875,550.0,550.0,550.0,550.0,0
2025-02-03,536.4383544921875,550.0,550.0,550.0,550.0,0
2025-02-04,536.4383544921875,550.0,550.0,550.0,550.0,200
2025-02-05,536.4383544921875,550.0,550.0,550.0,550.0,0
2025-02-06,536.4383544921875,550.0,550.0,550.0,550.0,100
2025-02-07,536.4383544921875,550.0,550.0,550.0,550.0,0
2025-02-10,536.4383544921875,550.0,550.0,550.0,550.0,0
2025-02-11,536.4383544921875,550.0,550.0,550.0,550.0,100
2025-02-12,536.4383544921875,550.0,550.0,550.0,550.0,100
2025-02-13,541.3150634765625,555.0,555.0,555.0,555.0,100
2025-02-14,541.3150634765625,555.0,555.0,555.0,555.0,0
2025-02-17,541.3150634765625,555.0,555.0,555.0,555.0,0
2025-02-18,541.3150634765625,555.0,555.0,555.0,555.0,0
2025-02-19,541.3150634765625,555.0,555.0,555.0,555.0,0
2025-02-20,541.3150634765625,555.0,555.0,555.0,555.0,100
2025-02-21,541.3150634765625,555.0,555.0,555.0,555.0,0
2025-02-24,541.3150634765625,555.0,555.0,555.0,555.0,0
2025-02-25,541.3150634765625,555.0,555.0,555.0,555.0,0
2025-02-26,541.3150634765625,555.0,555.0,555.0,555.0,100
2025-02-27,541.3150634765625,555.0,555.0,555.0,555.0,0
2025-02-28,536.4383544921875,550.0,550.0,550.0,550.0,5100
2025-03-03,536.4383544921875,550.0,550.0,550.0,550.0,0
2025-03-04,590.0821533203125,605.0,605.0,550.0,550.0,99100
2025-03-05,570.5753173828125,585.0,605.0,585.0,605.0,3400
2025-03-06,624.2191772460938,640.0,640.0,580.0,580.0,77900
2025-03-07,682.73974609375,700.0,700.0,640.0,640.0,108300
2025-03-10,668.1095581054688,685.0,700.0,685.0,700.0,23600
2025-03-11,726.630126953125,745.0,745.0,745.0,745.0,400
2025-03-12,682.73974609375,700.0,740.0,700.0,740.0,8500
2025-03-13,731.5068359375,750.0,750.0,700.0,700.0,2100
2025-03-14,731.5068359375,750.0,750.0,750.0,750.0,200
2025-03-17,731.5068359375,750.0,750.0,750.0,750.0,100
2025-03-18,731.5068359375,750.0,750.0,750.0,750.0,100
2025-03-19,731.5068359375,750.0,750.0,750.0,750.0,100
2025-03-20,731.5068359375,750.0,750.0,745.0,745.0,27600
2025-03-21,731.5068359375,750.0,750.0,750.0,750.0,300
2025-03-24,731.5068359375,750.0,750.0,750.0,750.0,0
2025-03-25,731.5068359375,750.0,750.0,750.0,750.0,0
2025-03-26,731.5068359375,750.0,825.0,750.0,825.0,600
2025-03-27,731.5068359375,750.0,750.0,750.0,750.0,100
2025-04-08,726.630126953125,745.0,825.0,745.0,825.0,600
2025-04-09,726.630126953125,745.0,745.0,745.0,745.0,0
2025-04-10,726.630126953125,745.0,745.0,745.0,745.0,0
2025-04-11,726.630126953125,745.0,745.0,745.0,745.0,300
2025-04-14,794.9041137695312,815.0,815.0,815.0,815.0,100
2025-04-15,794.9041137695312,815.0,815.0,815.0,815.0,0
2025-04-16,794.9041137695312,815.0,815.0,815.0,815.0,0
2025-04-17,794.9041137695312,815.0,815.0,815.0,815.0,0
2025-04-21,794.9041137695312,815.0,815.0,815.0,815.0,0
2025-04-22,765.643798828125,785.0,785.0,785.0,785.0,2600
2025-04-23,731.5068359375,750.0,750.0,725.0,725.0,2200
2025-04-24,712.0,730.0,730.0,730.0,730.0,2200
2025-04-25,707.123291015625,725.0,725.0,725.0,725.0,600
2025-04-28,653.4794311523438,670.0,670.0,670.0,670.0,500
2025-04-29,653.4794311523438,670.0,670.0,620.0,620.0,16900
2025-04-30,716.876708984375,735.0,735.0,670.0,670.0,2300
2025-05-02,716.876708984375,735.0,735.0,735.0,735.0,300
2025-05-05,716.876708984375,735.0,735.0,735.0,735.0,100
2025-05-06,721.75341796875,740.0,740.0,735.0,735.0,300
2025-05-07,721.75341796875,740.0,740.0,740.0,740.0,0
2025-05-08,721.75341796875,740.0,740.0,740.0,740.0,100
2025-05-09,716.876708984375,735.0,735.0,735.0,735.0,100
2025-05-14,716.876708984375,735.0,735.0,735.0,735.0,0
2025-05-15,716.876708984375,735.0,735.0,735.0,735.0,10100
2025-05-16,716.876708984375,735.0,735.0,735.0,735.0,100
2025-05-19,716.876708984375,735.0,735.0,735.0,735.0,0
2025-05-20,716.876708984375,735.0,735.0,735.0,735.0,0
2025-05-21,716.876708984375,735.0,735.0,735.0,735.0,0
2025-05-22,716.876708984375,735.0,735.0,735.0,735.0,0
2025-05-23,716.876708984375,735.0,735.0,735.0,735.0,0
2025-05-26,716.876708984375,735.0,735.0,735.0,735.0,0
2025-05-27,716.876708984375,735.0,735.0,735.0,735.0,0
2025-05-28,716.876708984375,735.0,735.0,735.0,735.0,0
2025-06-02,716.876708984375,735.0,735.0,735.0,735.0,0
2025-06-03,716.876708984375,735.0,735.0,735.0,735.0,0
2025-06-04,716.876708984375,735.0,735.0,735.0,735.0,0
2025-06-05,716.876708984375,735.0,735.0,735.0,735.0,0
2025-06-10,716.876708984375,735.0,735.0,735.0,735.0,0
2025-06-11,716.876708984375,735.0,735.0,735.0,735.0,500
2025-06-12,716.876708984375,735.0,735.0,735.0,735.0,200
2025-06-13,716.876708984375,735.0,735.0,735.0,735.0,300
2025-06-16,716.876708984375,735.0,735.0,735.0,735.0,0
2025-06-17,712.0,730.0,735.0,730.0,735.0,1100
2025-06-18,730.0,730.0,730.0,730.0,730.0,0
2025-06-19,730.0,730.0,730.0,730.0,730.0,0
2025-06-20,730.0,730.0,730.0,730.0,730.0,100
2025-06-23,730.0,730.0,730.0,730.0,730.0,0
2025-06-24,730.0,730.0,730.0,730.0,730.0,0
2025-06-25,730.0,730.0,730.0,730.0,730.0,0
2025-06-26,730.0,730.0,730.0,730.0,730.0,200
2025-06-30,730.0,730.0,730.0,730.0,730.0,0
2025-07-01,730.0,730.0,730.0,730.0,730.0,0
2025-07-02,730.0,730.0,730.0,730.0,730.0,0
2025-07-03,730.0,730.0,730.0,730.0,730.0,0
2025-07-04,730.0,730.0,730.0,730.0,730.0,0
2025-07-07,730.0,730.0,730.0,730.0,730.0,0
2025-07-08,730.0,730.0,730.0,730.0,730.0,0
2025-07-09,730.0,730.0,730.0,730.0,730.0,0
2025-07-10,730.0,730.0,730.0,730.0,730.0,0
2025-07-11,730.0,730.0,730.0,730.0,730.0,0
2025-07-14,730.0,730.0,730.0,730.0,730.0,17700
2025-07-15,700.0,700.0,700.0,700.0,700.0,100
2025-07-16,690.0,690.0,700.0,690.0,695.0,9400
2025-07-17,670.0,670.0,730.0,590.0,685.0,6400
2025-07-18,640.0,640.0,650.0,605.0,625.0,33400
2025-07-21,630.0,630.0,675.0,605.0,675.0,15300
2025-07-22,600.0,600.0,630.0,575.0,625.0,10800
2025-07-23,570.0,570.0,650.0,540.0,650.0,29200
2025-07-24,590.0,590.0,600.0,550.0,570.0,9700
2025-07-25,590.0,590.0,610.0,550.0,590.0,15200
2025-07-28,585.0,585.0,585.0,550.0,580.0,14700
2025-07-29,570.0,570.0,580.0,555.0,560.0,35200
2025-07-30,545.0,545.0,585.0,530.0,565.0,12800
2025-07-31,535.0,535.0,565.0,520.0,545.0,12000
2025-08-01,545.0,545.0,570.0,525.0,555.0,12300
2025-08-04,530.0,530.0,565.0,505.0,535.0,3600
2025-08-05,535.0,535.0,565.0,520.0,535.0,10100
2025-08-06,500.0,500.0,595.0,462.0,525.0,107000
2025-08-07,510.0,510.0,625.0,466.0,555.0,1121800
2025-08-08,470.0,470.0,510.0,470.0,505.0,192200
2025-08-11,452.0,452.0,482.0,450.0,470.0,121800
2025-08-12,412.0,412.0,474.0,400.0,454.0,1877500
2025-08-13,408.0,408.0,414.0,400.0,408.0,252700
2025-08-14,408.0,408.0,412.0,404.0,412.0,69600
2025-08-15,408.0,408.0,410.0,406.0,410.0,53100
2025-08-19,410.0,410.0,414.0,400.0,408.0,94200
2025-08-20,406.0,406.0,420.0,404.0,412.0,59200
2025-08-21,406.0,406.0,412.0,404.0,410.0,26100
2025-08-22,408.0,408.0,420.0,404.0,406.0,81300
2025-08-25,410.0,410.0,420.0,400.0,404.0,64800
2025-08-26,416.0,416.0,440.0,414.0,424.0,155000
2025-08-27,418.0,418.0,424.0,416.0,424.0,24400
2025-08-28,416.0,416.0,422.0,400.0,418.0,139000
2025-08-29,408.0,408.0,418.0,400.0,418.0,35400
2025-09-01,402.0,402.0,408.0,392.0,408.0,29000
2025-09-02,406.0,406.0,408.0,398.0,398.0,5400
2025-09-03,412.0,412.0,428.0,410.0,424.0,26900
2025-09-04,408.0,408.0,420.0,402.0,406.0,38600
2025-09-08,406.0,406.0,408.0,400.0,400.0,133400
2025-09-09,394.0,394.0,406.0,394.0,406.0,63200
2025-09-10,402.0,402.0,404.0,392.0,394.0,18900
2025-09-11,400.0,400.0,402.0,388.0,394.0,99100
2025-09-12,402.0,402.0,402.0,396.0,402.0,12400
2025-09-15,402.0,402.0,404.0,400.0,402.0,56800
2025-09-16,400.0,400.0,404.0,398.0,404.0,12400
2025-09-17,400.0,400.0,402.0,392.0,400.0,10100
2025-09-18,398.0,398.0,420.0,392.0,420.0,15800
2025-09-19,410.0,410.0,410.0,394.0,398.0,6800
2025-09-22,416.0,416.0,418.0,406.0,418.0,40200
2025-09-23,410.0,410.0,416.0,400.0,416.0,15200
2025-09-24,406.0,406.0,416.0,404.0,408.0,57600
2025-09-25,432.0,432.0,474.0,406.0,406.0,977800
2025-09-26,436.0,436.0,450.0,432.0,448.0,148300
2025-09-29,436.0,436.0,440.0,436.0,436.0,119000
2025-09-30,436.0,436.0,452.0,412.0,436.0,57200
2025-10-01,436.0,436.0,448.0,422.0,436.0,33900
2025-10-02,412.0,412.0,442.0,408.0,436.0,100600
2025-10-03,410.0,410.0,430.0,406.0,418.0,50400
2025-10-06,410.0,410.0,430.0,410.0,412.0,48500
2025-10-07,408.0,408.0,416.0,400.0,416.0,13900
2025-10-08,396.0,396.0,408.0,380.0,402.0,31300
2025-10-09,400.0,400.0,406.0,390.0,396.0,7300
2025-10-10,406.0,406.0,454.0,396.0,396.0,130300
2025-10-13,420.0,420.0,442.0,398.0,404.0,36800
2025-10-14,410.0,410.0,424.0,402.0,420.0,11500
2025-10-15,400.0,400.0,424.0,398.0,410.0,14700
2025-10-16,414.0,414.0,416.0,396.0,414.0,13200
2025-10-17,408.0,408.0,410.0,392.0,410.0,35900
2025-10-20,402.0,402.0,406.0,390.0,406.0,25300
2025-10-21,402.0,402.0,404.0,400.0,404.0,14900
2025-10-22,398.0,398.0,408.0,394.0,408.0,25700
2025-10-23,408.0,408.0,428.0,400.0,400.0,60800
2025-10-24,408.0,408.0,424.0,398.0,424.0,8600
2025-10-27,400.0,400.0,410.0,398.0,408.0,3900
2025-10-28,416.0,416.0,416.0,408.0,408.0,2800
2025-10-29,410.0,410.0,416.0,408.0,416.0,1200
2025-10-30,400.0,400.0,412.0,392.0,410.0,9000
2025-10-31,410.0,410.0,410.0,400.0,410.0,15600
2025-11-03,412.0,412.0,418.0,404.0,408.0,8400
2025-11-04,402.0,402.0,412.0,402.0,412.0,19800
2025-11-05,410.0,410.0,410.0,402.0,406.0,1200
2025-11-06,408.0,408.0,410.0,398.0,410.0,3600
2025-11-07,410.0,410.0,486.0,404.0,404.0,201900
2025-11-10,412.0,412.0,444.0,400.0,410.0,59000
2025-11-11,416.0,416.0,432.0,404.0,412.0,21100
2025-11-12,420.0,420.0,438.0,416.0,416.0,104900
2025-11-13,418.0,418.0,428.0,400.0,428.0,21700
2025-11-14,414.0,414.0,422.0,414.0,420.0,2900
2025-11-17,414.0,414.0,430.0,408.0,414.0,131600
2025-11-18,412.0,412.0,424.0,412.0,414.0,55300
2025-11-19,515.0,515.0,515.0,418.0,426.0,2576600
2025-11-20,550.0,550.0,640.0,545.0,595.0,5674300
2025-11-21,476.0,476.0,550.0,468.0,550.0,1511400
2025-11-24,470.0,470.0,478.0,454.0,476.0,485100
2025-11-25,482.0,482.0,510.0,442.0,470.0,641700
2025-11-26,468.0,468.0,500.0,440.0,440.0,359100
2025-11-27,450.0,450.0,472.0,446.0,446.0,42200
2025-11-28,462.0,462.0,474.0,454.0,454.0,58300
2025-12-01,444.0,444.0,458.0,438.0,458.0,35900
2025-12-02,442.0,442.0,454.0,436.0,454.0,82800
2025-12-03,442.0,442.0,462.0,440.0,442.0,81100
2025-12-04,540.0,540.0,550.0,444.0,444.0,1569400
2025-12-05,585.0,585.0,595.0,545.0,550.0,1146200
2025-12-08,510.0,510.0,600.0,500.0,590.0,1045400
2025-12-09,505.0,505.0,560.0,500.0,560.0,230700
2025-12-10,500.0,500.0,530.0,480.0,520.0,51900
2025-12-11,474.0,474.0,500.0,474.0,500.0,245400
2025-12-12,474.0,474.0,492.0,472.0,476.0,149500
2025-12-15,505.0,505.0,560.0,474.0,474.0,1841900
2025-12-16,505.0,505.0,530.0,500.0,520.0,351400
2025-12-17,520.0,520.0,535.0,492.0,505.0,1730300
2025-12-18,535.0,535.0,555.0,520.0,535.0,2738800
2025-12-19,535.0,535.0,555.0,525.0,540.0,2452500
2025-12-22,525.0,525.0,550.0,482.0,535.0,1557400
2025-12-23,510.0,510.0,540.0,500.0,535.0,78000
2025-12-24,510.0,510.0,510.0,488.0,500.0,53600
2025-12-29,474.0,474.0,525.0,468.0,505.0,625700
2025-12-30,476.0,476.0,482.0,464.0,480.0,400600
