Date,Adj Close,Close,High,Low,Open,Volume
2020-01-02,7.338839054107666,10.399999618530273,10.899999618530273,10.199999809265137,10.399999618530273,63032000
2020-01-03,7.2682719230651855,10.300000190734863,10.5,10.100000381469727,10.399999618530273,48156000
2020-01-06,7.1977081298828125,10.199999809265137,10.5,10.199999809265137,10.300000190734863,51196000
2020-01-07,7.1977081298828125,10.199999809265137,10.399999618530273,10.0,10.300000190734863,63367000
2020-01-08,7.127142429351807,10.100000381469727,10.199999809265137,10.0,10.199999809265137,29457000
2020-01-09,7.056575775146484,10.0,10.199999809265137,10.0,10.100000381469727,13142000
2020-01-10,7.127142429351807,10.100000381469727,10.199999809265137,10.100000381469727,10.100000381469727,6757000
2020-01-13,7.056575775146484,10.0,10.199999809265137,10.0,10.100000381469727,14142000
2020-01-14,7.1977081298828125,10.199999809265137,10.399999618530273,9.899999618530273,10.0,32867000
2020-01-15,7.056575775146484,10.0,10.300000190734863,9.899999618530273,10.300000190734863,26317000
2020-01-16,7.056575775146484,10.0,11.0,9.800000190734863,10.0,162426000
2020-01-17,7.127142429351807,10.100000381469727,10.300000190734863,10.0,10.0,20643000
2020-01-20,7.127142429351807,10.100000381469727,10.199999809265137,10.0,10.100000381469727,23132000
2020-01-21,7.056575775146484,10.0,10.199999809265137,9.899999618530273,10.100000381469727,21494000
2020-01-22,6.915445327758789,9.800000190734863,10.0,9.800000190734863,10.0,24316000
2020-01-23,6.915445327758789,9.800000190734863,10.0,9.800000190734863,9.800000190734863,12045000
2020-01-24,6.98600959777832,9.899999618530273,10.0,9.800000190734863,10.0,7887000
2020-01-27,6.492048740386963,9.199999809265137,9.899999618530273,9.199999809265137,9.899999618530273,48653000
2020-01-28,6.562615394592285,9.300000190734863,9.300000190734863,8.699999809265137,9.199999809265137,42829000
2020-01-29,6.633181095123291,9.399999618530273,9.600000381469727,8.5,8.5,30586000
2020-01-30,6.492048740386963,9.199999809265137,9.600000381469727,9.199999809265137,9.5,11166000
2020-01-31,6.492048740386963,9.199999809265137,9.399999618530273,9.0,9.199999809265137,11893000
2020-02-03,6.421484470367432,9.100000381469727,9.199999809265137,8.5,8.5,26321000
2020-02-04,6.350918292999268,9.0,9.199999809265137,8.300000190734863,8.300000190734863,8551000
2020-02-05,6.350918292999268,9.0,9.5,9.0,9.0,14192000
2020-02-06,6.492048740386963,9.199999809265137,9.399999618530273,9.0,9.100000381469727,11001000
2020-02-07,6.421484470367432,9.100000381469727,9.399999618530273,9.0,9.300000190734863,11654000
2020-02-10,6.2803521156311035,8.899999618530273,9.300000190734863,8.899999618530273,9.100000381469727,21989000
2020-02-11,6.350918292999268,9.0,9.100000381469727,8.899999618530273,9.0,7588000
2020-02-12,6.209787368774414,8.800000190734863,9.199999809265137,8.699999809265137,9.199999809265137,14574000
2020-02-13,6.13922119140625,8.699999809265137,9.0,8.5,8.800000190734863,25372000
2020-02-14,6.13922119140625,8.699999809265137,8.899999618530273,8.5,8.699999809265137,40207000
2020-02-17,5.99808931350708,8.5,8.699999809265137,8.5,8.699999809265137,31733000
2020-02-18,6.068655490875244,8.600000381469727,8.800000190734863,8.0,8.0,17325000
2020-02-19,6.068655490875244,8.600000381469727,8.800000190734863,8.600000381469727,8.699999809265137,9658000
2020-02-20,6.2803521156311035,8.899999618530273,9.399999618530273,8.800000190734863,8.800000190734863,24980000
2020-02-21,6.209787368774414,8.800000190734863,9.199999809265137,8.800000190734863,9.0,19857000
2020-02-24,5.927524089813232,8.399999618530273,9.100000381469727,8.399999618530273,9.100000381469727,24525000
2020-02-25,5.927524089813232,8.399999618530273,8.600000381469727,8.199999809265137,8.399999618530273,7034000
2020-02-26,5.645260810852051,8.0,8.5,7.900000095367432,8.399999618530273,25141000
2020-02-27,5.715826034545898,8.100000381469727,8.199999809265137,6.099999904632568,8.100000381469727,78178000
2020-02-28,5.292431354522705,7.5,7.699999809265137,6.599999904632568,7.599999904632568,46450000
2020-03-02,5.221866130828857,7.400000095367432,7.900000095367432,7.0,7.400000095367432,17544000
2020-03-03,5.574694633483887,7.900000095367432,8.399999618530273,7.400000095367432,7.400000095367432,45021000
2020-03-04,5.715826034545898,8.100000381469727,8.199999809265137,7.800000190734863,7.900000095367432,15732000
2020-03-05,5.645260810852051,8.0,8.399999618530273,7.900000095367432,8.199999809265137,18820000
2020-03-06,5.574694633483887,7.900000095367432,8.100000381469727,7.800000190734863,7.900000095367432,6116000
2020-03-09,5.362997055053711,7.599999904632568,8.0,7.400000095367432,7.599999904632568,24668000
2020-03-10,5.292431354522705,7.5,7.800000190734863,7.5,7.5,14786000
2020-03-11,5.151300430297852,7.300000190734863,7.800000190734863,7.300000190734863,7.800000190734863,14390000
2020-03-12,4.798471927642822,6.800000190734863,7.300000190734863,6.699999809265137,7.199999809265137,21349000
2020-03-13,4.657339572906494,6.599999904632568,6.699999809265137,6.400000095367432,6.699999809265137,14325000
2020-03-16,4.375077247619629,6.199999809265137,7.900000095367432,6.199999809265137,6.599999904632568,34991000
2020-03-17,4.092813968658447,5.800000190734863,6.400000095367432,5.800000190734863,6.199999809265137,45039000
2020-03-18,3.9516825675964355,5.599999904632568,6.0,5.5,5.699999809265137,21348000
2020-03-19,3.8811168670654297,5.5,5.599999904632568,5.300000190734863,5.400000095367432,19143000
2020-03-20,4.233945369720459,6.0,6.400000095367432,5.300000190734863,5.400000095367432,10316000
2020-03-23,5.151300430297852,7.300000190734863,8.0,5.599999904632568,6.400000095367432,58802000
2020-03-24,5.786391735076904,8.199999809265137,8.199999809265137,7.0,7.599999904632568,57164000
2020-03-26,5.715826034545898,8.100000381469727,9.100000381469727,7.900000095367432,8.199999809265137,43748000
2020-03-27,5.786391735076904,8.199999809265137,9.600000381469727,7.900000095367432,8.100000381469727,100034000
2020-03-30,5.504129409790039,7.800000190734863,8.199999809265137,7.800000190734863,8.199999809265137,24953000
2020-03-31,5.715826034545898,8.100000381469727,8.899999618530273,7.5,7.900000095367432,51774000
2020-04-01,5.574694633483887,7.900000095367432,8.300000190734863,7.900000095367432,8.100000381469727,6550000
2020-04-02,5.645260810852051,8.0,8.5,7.400000095367432,8.100000381469727,25218000
2020-04-03,6.98600959777832,9.899999618530273,9.899999618530273,8.100000381469727,8.199999809265137,85672000
2020-04-06,6.915445327758789,9.800000190734863,10.899999618530273,9.300000190734863,10.0,114332000
2020-04-07,6.492048740386963,9.199999809265137,10.0,9.199999809265137,9.800000190734863,67664000
2020-04-08,6.350918292999268,9.0,9.199999809265137,8.600000381469727,9.199999809265137,111189000
2020-04-09,6.13922119140625,8.699999809265137,9.0,8.399999618530273,8.800000190734863,12635000
2020-04-13,5.99808931350708,8.5,8.699999809265137,8.300000190734863,8.699999809265137,9503000
2020-04-14,6.774313449859619,9.600000381469727,9.800000190734863,8.600000381469727,8.600000381469727,102835000
2020-04-15,6.633181095123291,9.399999618530273,9.800000190734863,9.300000190734863,9.600000381469727,50702000
2020-04-16,7.127142429351807,10.100000381469727,10.5,9.199999809265137,9.5,194563000
2020-04-17,6.844877243041992,9.699999809265137,10.300000190734863,9.600000381469727,10.300000190734863,46133000
2020-04-20,6.774313449859619,9.600000381469727,10.0,9.100000381469727,9.100000381469727,16487000
2020-04-21,7.550537109375,10.699999809265137,11.800000190734863,9.0,9.0,440642000
2020-04-22,7.2682719230651855,10.300000190734863,10.899999618530273,10.0,10.0,87798000
2020-04-23,7.1977081298828125,10.199999809265137,10.399999618530273,9.800000190734863,9.800000190734863,19176000
2020-04-24,7.479970455169678,10.600000381469727,10.699999809265137,9.5,10.699999809265137,32401000
2020-04-27,7.056575775146484,10.0,11.399999618530273,9.899999618530273,11.399999618530273,13954000
2020-04-28,6.844877243041992,9.699999809265137,10.0,9.5,10.0,2508000
2020-04-29,6.915445327758789,9.800000190734863,10.0,9.5,9.5,5107000
2020-04-30,6.844877243041992,9.699999809265137,10.0,9.600000381469727,10.0,9432000
2020-05-04,6.633181095123291,9.399999618530273,9.800000190734863,9.300000190734863,9.800000190734863,3775000
2020-05-05,6.562615394592285,9.300000190734863,9.600000381469727,9.0,9.600000381469727,35184000
2020-05-06,6.633181095123291,9.399999618530273,9.5,9.0,9.300000190734863,25260000
2020-05-08,6.492048740386963,9.199999809265137,9.399999618530273,9.100000381469727,9.399999618530273,6853000
2020-05-11,6.562615394592285,9.300000190734863,9.5,9.199999809265137,9.5,12027000
2020-05-12,6.421484470367432,9.100000381469727,9.5,9.0,9.300000190734863,5143000
2020-05-13,6.2803521156311035,8.899999618530273,9.100000381469727,8.5,9.0,7867000
2020-05-14,6.2803521156311035,8.899999618530273,9.199999809265137,8.699999809265137,8.699999809265137,3973000
2020-05-15,6.421484470367432,9.100000381469727,9.699999809265137,8.600000381469727,9.199999809265137,13541000
2020-05-18,6.421484470367432,9.100000381469727,9.300000190734863,8.800000190734863,9.300000190734863,2670000
2020-05-19,6.421484470367432,9.100000381469727,9.199999809265137,9.0,9.100000381469727,2854000
2020-05-20,6.350918292999268,9.0,9.199999809265137,8.800000190734863,8.800000190734863,5245000
2020-05-26,6.492048740386963,9.199999809265137,9.300000190734863,8.5,8.5,5326000
2020-05-27,6.2803521156311035,8.899999618530273,9.199999809265137,8.899999618530273,9.199999809265137,12156000
2020-05-28,6.421484470367432,9.100000381469727,9.5,8.899999618530273,9.0,26626000
2020-05-29,6.421484470367432,9.100000381469727,9.300000190734863,8.899999618530273,9.100000381469727,9348000
2020-06-02,6.562615394592285,9.300000190734863,9.800000190734863,9.0,9.100000381469727,17028000
2020-06-03,6.703747272491455,9.5,9.699999809265137,9.100000381469727,9.399999618530273,22684000
2020-06-04,7.409404754638672,10.5,10.5,9.5,9.5,85029000
2020-06-05,7.409404754638672,10.5,10.899999618530273,9.800000190734863,10.699999809265137,40412000
2020-06-08,7.691667556762695,10.899999618530273,11.399999618530273,10.5,10.5,26804000
2020-06-09,7.1977081298828125,10.199999809265137,11.300000190734863,10.199999809265137,11.0,27273000
2020-06-10,7.409404754638672,10.5,10.800000190734863,10.199999809265137,10.199999809265137,44877000
2020-06-11,7.903365135192871,11.199999809265137,11.699999809265137,10.5,10.600000381469727,100778000
2020-06-12,8.044496536254883,11.399999618530273,11.399999618530273,10.5,11.199999809265137,45041000
2020-06-15,7.903365135192871,11.199999809265137,11.899999618530273,11.199999809265137,11.5,42706000
2020-06-16,8.256193161010742,11.699999809265137,12.0,10.800000190734863,10.800000190734863,48691000
2020-06-17,8.467890739440918,12.0,12.5,11.699999809265137,12.100000381469727,56362000
2020-06-18,8.820718765258789,12.5,12.699999809265137,11.800000190734863,12.0,68065000
2020-06-19,9.173548698425293,13.0,13.800000190734863,12.100000381469727,12.699999809265137,144317000
2020-06-22,8.89128589630127,12.600000381469727,13.100000381469727,12.100000381469727,13.100000381469727,128154000
2020-06-23,8.89128589630127,12.600000381469727,12.800000190734863,12.100000381469727,12.600000381469727,18217000
2020-06-24,8.89128589630127,12.600000381469727,13.600000381469727,12.399999618530273,12.600000381469727,104150000
2020-06-25,8.679588317871094,12.300000190734863,12.899999618530273,12.100000381469727,12.600000381469727,9326000
2020-06-26,8.750154495239258,12.399999618530273,12.699999809265137,12.199999809265137,12.300000190734863,10030000
2020-06-29,8.397324562072754,11.899999618530273,12.600000381469727,11.699999809265137,12.399999618530273,12299000
2020-06-30,8.820718765258789,12.5,12.699999809265137,11.899999618530273,11.899999618530273,17449000
2020-07-01,9.102983474731445,12.899999618530273,13.100000381469727,12.199999809265137,12.5,58127000
2020-07-02,9.032416343688965,12.800000190734863,13.199999809265137,12.5,13.199999809265137,20933000
2020-07-03,8.820718765258789,12.5,13.0,12.399999618530273,12.800000190734863,11334000
2020-07-06,8.791656494140625,12.100000381469727,12.5,12.0,12.5,5837000
2020-07-07,8.646339416503906,11.899999618530273,12.300000190734863,11.899999618530273,12.100000381469727,6773000
2020-07-08,8.57368278503418,11.800000190734863,12.100000381469727,11.5,11.899999618530273,7045000
2020-07-09,7.992415428161621,11.0,12.100000381469727,11.0,11.800000190734863,41617000
2020-07-10,7.629123687744141,10.5,11.0,10.300000190734863,10.899999618530273,35403000
2020-07-13,7.7017822265625,10.600000381469727,10.899999618530273,10.300000190734863,10.899999618530273,5442000
2020-07-14,7.774440765380859,10.699999809265137,10.699999809265137,10.399999618530273,10.600000381469727,3516000
2020-07-15,7.556465148925781,10.399999618530273,11.0,10.0,11.0,14424000
2020-07-16,7.556465148925781,10.399999618530273,10.5,10.300000190734863,10.300000190734863,3813000
2020-07-17,7.411149501800537,10.199999809265137,10.699999809265137,10.199999809265137,10.5,1564000
2020-07-20,7.411149501800537,10.199999809265137,10.399999618530273,10.0,10.199999809265137,1246000
2020-07-21,7.556465148925781,10.399999618530273,10.399999618530273,10.100000381469727,10.199999809265137,3010000
2020-07-22,7.629123687744141,10.5,10.600000381469727,10.199999809265137,10.399999618530273,4519000
2020-07-23,7.629123687744141,10.5,10.699999809265137,10.199999809265137,10.600000381469727,20602000
2020-07-24,8.57368278503418,11.800000190734863,12.5,10.399999618530273,10.399999618530273,208680000
2020-07-27,8.57368278503418,11.800000190734863,12.399999618530273,11.600000381469727,11.899999618530273,48082000
2020-07-28,8.791656494140625,12.100000381469727,12.100000381469727,11.600000381469727,11.800000190734863,20455000
2020-07-29,8.57368278503418,11.800000190734863,13.100000381469727,11.699999809265137,12.199999809265137,121110000
2020-07-30,8.06507396697998,11.100000381469727,11.899999618530273,11.0,11.800000190734863,18813000
2020-08-03,7.7017822265625,10.600000381469727,11.399999618530273,10.399999618530273,11.100000381469727,31874000
2020-08-04,7.7017822265625,10.600000381469727,12.600000381469727,10.199999809265137,10.600000381469727,212921000
2020-08-05,7.847097873687744,10.800000190734863,11.199999809265137,10.399999618530273,10.899999618530273,25557000
2020-08-06,8.06507396697998,11.100000381469727,11.699999809265137,10.699999809265137,11.0,39442000
2020-08-07,7.992415428161621,11.0,11.399999618530273,11.0,11.100000381469727,14835000
2020-08-10,7.847097873687744,10.800000190734863,11.0,10.5,11.0,17052000
2020-08-11,7.774440765380859,10.699999809265137,11.0,10.600000381469727,11.0,11299000
2020-08-12,7.847097873687744,10.800000190734863,11.0,10.699999809265137,10.800000190734863,11535000
2020-08-13,7.847097873687744,10.800000190734863,11.5,10.800000190734863,11.0,35169000
2020-08-14,7.9197564125061035,10.899999618530273,11.300000190734863,10.800000190734863,10.899999618530273,12474000
2020-08-18,7.9197564125061035,10.899999618530273,11.199999809265137,10.600000381469727,10.800000190734863,13404000
2020-08-19,7.9197564125061035,10.899999618530273,11.0,10.800000190734863,10.899999618530273,4453000
2020-08-24,7.9197564125061035,10.899999618530273,11.199999809265137,10.800000190734863,11.0,11559000
2020-08-25,8.501022338867188,11.699999809265137,12.399999618530273,10.899999618530273,11.0,194835000
2020-08-26,8.210390090942383,11.300000190734863,11.899999618530273,11.300000190734863,11.800000190734863,30766000
2020-08-27,8.501022338867188,11.699999809265137,12.199999809265137,11.100000381469727,11.300000190734863,53838000
2020-08-28,8.283047676086426,11.399999618530273,11.899999618530273,11.399999618530273,11.699999809265137,10726000
2020-08-31,8.210390090942383,11.300000190734863,11.800000190734863,11.100000381469727,11.800000190734863,23202000
2020-09-01,8.428365707397461,11.600000381469727,11.600000381469727,11.100000381469727,11.300000190734863,7611000
2020-09-02,8.283047676086426,11.399999618530273,11.899999618530273,11.199999809265137,11.600000381469727,28065000
2020-09-03,8.13773250579834,11.199999809265137,11.600000381469727,11.199999809265137,11.5,13110000
2020-09-04,8.210390090942383,11.300000190734863,11.5,11.0,11.399999618530273,10695000
2020-09-07,7.992415428161621,11.0,11.300000190734863,10.899999618530273,11.300000190734863,11859000
2020-09-08,8.13773250579834,11.199999809265137,11.300000190734863,10.699999809265137,11.0,12338000
2020-09-09,7.9197564125061035,10.899999618530273,11.100000381469727,10.800000190734863,11.0,14628000
2020-09-10,7.411149501800537,10.199999809265137,10.800000190734863,10.199999809265137,10.800000190734863,19678000
2020-09-11,7.411149501800537,10.199999809265137,10.300000190734863,9.5,9.699999809265137,34433000
2020-09-14,7.7017822265625,10.600000381469727,11.300000190734863,10.199999809265137,10.399999618530273,78157000
2020-09-15,7.483806133270264,10.300000190734863,10.800000190734863,10.100000381469727,10.800000190734863,18253000
2020-09-16,7.629123687744141,10.5,10.600000381469727,10.199999809265137,10.399999618530273,9691000
2020-09-17,7.411149501800537,10.199999809265137,10.5,10.199999809265137,10.399999618530273,9039000
2020-09-18,7.411149501800537,10.199999809265137,10.399999618530273,10.100000381469727,10.199999809265137,8444000
2020-09-21,7.338490962982178,10.100000381469727,10.300000190734863,10.0,10.300000190734863,13071000
2020-09-22,7.483806133270264,10.300000190734863,10.600000381469727,9.899999618530273,10.100000381469727,41615000
2020-09-23,7.629123687744141,10.5,10.800000190734863,10.100000381469727,10.300000190734863,32451000
2020-09-24,8.210390090942383,11.300000190734863,12.0,10.0,10.399999618530273,131178000
2020-09-25,7.9197564125061035,10.899999618530273,11.399999618530273,10.699999809265137,11.300000190734863,39918000
2020-09-28,8.13773250579834,11.199999809265137,11.5,10.800000190734863,10.899999618530273,22671000
2020-09-29,7.847097873687744,10.800000190734863,12.0,10.800000190734863,11.199999809265137,168401000
2020-09-30,7.847097873687744,10.800000190734863,11.0,10.5,10.899999618530273,15227000
2020-10-01,7.7017822265625,10.600000381469727,11.0,10.5,10.800000190734863,14856000
2020-10-02,7.629123687744141,10.5,10.899999618530273,10.5,10.699999809265137,10531000
2020-10-05,7.992415428161621,11.0,11.100000381469727,10.5,10.699999809265137,25925000
2020-10-06,7.9197564125061035,10.899999618530273,11.199999809265137,10.699999809265137,11.0,4008000
2020-10-07,7.774440765380859,10.699999809265137,11.100000381469727,10.699999809265137,10.899999618530273,14690000
2020-10-08,7.992415428161621,11.0,11.399999618530273,10.699999809265137,10.699999809265137,49103000
2020-10-09,7.847097873687744,10.800000190734863,11.199999809265137,10.5,10.899999618530273,16359000
2020-10-12,7.847097873687744,10.800000190734863,11.600000381469727,10.5,10.800000190734863,120543000
2020-10-13,7.774440765380859,10.699999809265137,10.899999618530273,10.699999809265137,10.699999809265137,6766000
2020-10-14,7.774440765380859,10.699999809265137,11.0,10.699999809265137,11.0,7086000
2020-10-15,7.774440765380859,10.699999809265137,10.800000190734863,10.600000381469727,10.699999809265137,3385000
2020-10-16,7.7017822265625,10.600000381469727,10.899999618530273,10.5,10.600000381469727,4713000
2020-10-19,8.13773250579834,11.199999809265137,11.300000190734863,10.800000190734863,10.800000190734863,47036000
2020-10-20,7.992415428161621,11.0,11.5,10.699999809265137,11.300000190734863,39377000
2020-10-21,7.847097873687744,10.800000190734863,11.0,10.699999809265137,11.0,9223000
2020-10-22,7.847097873687744,10.800000190734863,10.800000190734863,10.5,10.699999809265137,5950000
2020-10-23,7.7017822265625,10.600000381469727,10.800000190734863,10.5,10.800000190734863,7202000
2020-10-26,7.847097873687744,10.800000190734863,11.0,10.699999809265137,10.800000190734863,47610000
2020-10-27,8.13773250579834,11.199999809265137,12.100000381469727,10.800000190734863,10.800000190734863,241728000
2020-11-02,8.8643159866333,12.199999809265137,12.199999809265137,11.0,11.199999809265137,247582000
2020-11-03,8.428365707397461,11.600000381469727,12.800000190734863,11.5,12.300000190734863,136617000
2020-11-04,7.992415428161621,11.0,11.800000190734863,10.800000190734863,11.600000381469727,115656000
2020-11-05,8.355706214904785,11.5,11.800000190734863,11.100000381469727,11.100000381469727,44135000
2020-11-06,8.428365707397461,11.600000381469727,11.800000190734863,11.399999618530273,11.399999618530273,43408000
2020-11-09,8.428365707397461,11.600000381469727,11.800000190734863,11.300000190734863,11.600000381469727,17835000
2020-11-10,8.501022338867188,11.699999809265137,11.899999618530273,11.5,11.600000381469727,21035000
2020-11-11,8.501022338867188,11.699999809265137,11.899999618530273,11.600000381469727,11.800000190734863,23027000
2020-11-12,8.355706214904785,11.5,11.899999618530273,11.5,11.699999809265137,7324000
2020-11-13,8.355706214904785,11.5,11.699999809265137,11.399999618530273,11.600000381469727,3891000
2020-11-16,8.501022338867188,11.699999809265137,11.899999618530273,11.600000381469727,11.600000381469727,19090000
2020-11-17,8.718997955322266,12.0,12.0,11.699999809265137,12.0,18997000
2020-11-18,8.646339416503906,11.899999618530273,12.300000190734863,11.800000190734863,12.0,30422000
2020-11-19,9.590897560119629,13.199999809265137,13.199999809265137,11.899999618530273,11.899999618530273,68319000
2020-11-20,9.300264358520508,12.800000190734863,13.100000381469727,12.399999618530273,13.100000381469727,26554000
2020-11-23,9.009631156921387,12.399999618530273,13.0,12.399999618530273,13.0,5901000
2020-11-24,9.227606773376465,12.699999809265137,12.800000190734863,12.399999618530273,12.5,7496000
2020-11-25,9.445581436157227,13.0,13.5,12.800000190734863,12.800000190734863,45919000
2020-11-26,9.154948234558105,12.600000381469727,13.399999618530273,12.600000381469727,13.100000381469727,7870000
2020-11-27,9.154948234558105,12.600000381469727,12.899999618530273,11.899999618530273,12.0,29667000
2020-11-30,9.08228874206543,12.5,12.699999809265137,11.899999618530273,12.600000381469727,35697000
2020-12-01,9.009631156921387,12.399999618530273,12.5,12.100000381469727,12.5,6269000
2020-12-02,8.8643159866333,12.199999809265137,12.5,12.100000381469727,12.399999618530273,13665000
2020-12-03,8.8643159866333,12.199999809265137,12.5,11.899999618530273,12.199999809265137,16539000
2020-12-04,9.518240928649902,13.100000381469727,14.100000381469727,12.100000381469727,12.199999809265137,137491000
2020-12-07,9.372923851013184,12.899999618530273,13.300000190734863,12.5,13.300000190734863,32867000
2020-12-08,9.518240928649902,13.100000381469727,13.899999618530273,12.800000190734863,12.899999618530273,72508000
2020-12-10,9.227606773376465,12.699999809265137,13.600000381469727,12.600000381469727,13.100000381469727,26174000
2020-12-11,9.881531715393066,13.600000381469727,13.699999809265137,12.600000381469727,12.899999618530273,104314000
2020-12-14,9.663557052612305,13.300000190734863,13.899999618530273,13.199999809265137,13.600000381469727,32442000
2020-12-15,9.300264358520508,12.800000190734863,13.5,12.800000190734863,13.300000190734863,15997000
2020-12-16,9.590897560119629,13.199999809265137,13.5,13.0,13.0,87292000
2020-12-17,9.300264358520508,12.800000190734863,13.399999618530273,12.600000381469727,13.199999809265137,31078000
2020-12-18,9.445581436157227,13.0,13.0,12.600000381469727,12.800000190734863,15861000
2020-12-21,10.390140533447266,14.300000190734863,14.399999618530273,13.100000381469727,13.100000381469727,143774000
2020-12-22,9.736214637756348,13.399999618530273,14.300000190734863,13.300000190734863,14.300000190734863,85975000
2020-12-23,10.099507331848145,13.899999618530273,14.0,13.0,13.5,41987000
2020-12-28,10.31748104095459,14.199999809265137,14.5,13.699999809265137,13.899999618530273,67679000
2020-12-29,10.31748104095459,14.199999809265137,15.699999809265137,14.199999809265137,14.300000190734863,124300000
2020-12-30,10.026847839355469,13.800000190734863,14.5,13.300000190734863,14.300000190734863,63025000
2021-01-04,10.026847839355469,13.800000190734863,14.0,13.100000381469727,13.800000190734863,26935000
2021-01-05,10.172164916992188,14.0,14.5,13.699999809265137,13.800000190734863,28937000
2021-01-06,10.026847839355469,13.800000190734863,14.5,13.300000190734863,14.5,12981000
2021-01-07,10.244823455810547,14.100000381469727,14.199999809265137,13.800000190734863,13.800000190734863,15507000
2021-01-08,10.099507331848145,13.899999618530273,14.399999618530273,13.699999809265137,14.100000381469727,11494000
2021-01-11,10.099507331848145,13.899999618530273,14.0,13.699999809265137,14.0,16938000
2021-01-12,9.881531715393066,13.600000381469727,14.0,13.399999618530273,13.899999618530273,13306000
2021-01-13,9.808873176574707,13.5,13.800000190734863,13.300000190734863,13.600000381469727,15221000
2021-01-14,9.518240928649902,13.100000381469727,13.5,12.899999618530273,13.5,36310000
2021-01-15,9.736214637756348,13.399999618530273,13.399999618530273,12.899999618530273,13.100000381469727,12358000
2021-01-18,9.663557052612305,13.300000190734863,13.600000381469727,13.100000381469727,13.399999618530273,12605000
2021-01-19,9.009631156921387,12.399999618530273,13.399999618530273,12.399999618530273,13.399999618530273,25577000
2021-01-20,9.154948234558105,12.600000381469727,12.699999809265137,12.0,12.399999618530273,13247000
2021-01-21,9.227606773376465,12.699999809265137,13.199999809265137,12.600000381469727,13.199999809265137,15442000
2021-01-22,9.154948234558105,12.600000381469727,13.0,12.5,12.699999809265137,4872000
2021-01-25,8.8643159866333,12.199999809265137,13.0,12.100000381469727,12.600000381469727,3811000
2021-01-26,9.445581436157227,13.0,13.0,11.399999618530273,12.199999809265137,27469000
2021-01-27,9.445581436157227,13.0,13.0,12.100000381469727,12.699999809265137,10041000
2021-01-28,8.791656494140625,12.100000381469727,12.800000190734863,12.100000381469727,12.800000190734863,3728000
2021-01-29,8.501022338867188,11.699999809265137,12.100000381469727,11.399999618530273,12.100000381469727,7696000
2021-02-01,8.718997955322266,12.0,12.0,11.199999809265137,11.5,3463000
2021-02-02,9.009631156921387,12.399999618530273,12.699999809265137,12.0,12.100000381469727,1478000
2021-02-03,8.8643159866333,12.199999809265137,12.600000381469727,12.199999809265137,12.399999618530273,798000
2021-02-04,9.154948234558105,12.600000381469727,12.699999809265137,12.0,12.199999809265137,3575000
2021-02-05,8.936973571777344,12.300000190734863,12.600000381469727,12.199999809265137,12.600000381469727,2265000
2021-02-08,9.009631156921387,12.399999618530273,12.399999618530273,12.100000381469727,12.300000190734863,420000
2021-02-09,8.8643159866333,12.199999809265137,12.600000381469727,12.199999809265137,12.399999618530273,2791000
2021-02-10,8.646339416503906,11.899999618530273,12.5,11.600000381469727,12.399999618530273,13736000
2021-02-11,8.57368278503418,11.800000190734863,11.899999618530273,11.699999809265137,11.899999618530273,3891000
2021-02-15,9.300264358520508,12.800000190734863,12.800000190734863,11.800000190734863,11.800000190734863,33354000
2021-02-16,8.791656494140625,12.100000381469727,13.0,12.0,12.800000190734863,26557000
2021-02-17,8.936973571777344,12.300000190734863,12.5,11.800000190734863,12.100000381469727,10396000
2021-02-18,8.791656494140625,12.100000381469727,12.5,12.100000381469727,12.100000381469727,6466000
2021-02-19,9.445581436157227,13.0,13.199999809265137,12.100000381469727,12.100000381469727,45870000
2021-02-22,10.026847839355469,13.800000190734863,13.899999618530273,12.800000190734863,13.0,57180000
2021-02-23,10.172164916992188,14.0,14.199999809265137,13.199999809265137,13.899999618530273,45418000
2021-02-24,10.390140533447266,14.300000190734863,14.5,13.5,14.0,51640000
2021-02-25,10.099507331848145,13.899999618530273,14.300000190734863,13.699999809265137,14.300000190734863,5650000
2021-02-26,9.808873176574707,13.5,14.0,13.199999809265137,13.899999618530273,7973000
2021-03-01,9.808873176574707,13.5,14.5,13.5,13.899999618530273,2861000
2021-03-02,9.736214637756348,13.399999618530273,13.699999809265137,13.300000190734863,13.5,3818000
2021-03-03,9.518240928649902,13.100000381469727,13.5,13.100000381469727,13.199999809265137,5176000
2021-03-04,9.590897560119629,13.199999809265137,13.699999809265137,13.100000381469727,13.100000381469727,3076000
2021-03-05,9.663557052612305,13.300000190734863,13.399999618530273,13.0,13.199999809265137,2678000
2021-03-08,9.445581436157227,13.0,13.899999618530273,13.0,13.300000190734863,4398000
2021-03-09,9.300264358520508,12.800000190734863,13.399999618530273,12.800000190734863,12.899999618530273,3590000
2021-03-10,10.099507331848145,13.899999618530273,13.899999618530273,12.699999809265137,12.699999809265137,8791000
2021-03-12,9.808873176574707,13.5,14.0,13.399999618530273,14.0,7653000
2021-03-15,9.881531715393066,13.600000381469727,13.800000190734863,13.5,13.5,4994000
2021-03-16,10.31748104095459,14.199999809265137,14.300000190734863,13.600000381469727,13.800000190734863,40493000
2021-03-17,11.044063568115234,15.199999809265137,15.199999809265137,14.0,14.199999809265137,89960000
2021-03-18,11.044063568115234,15.199999809265137,15.399999618530273,14.5,15.300000190734863,38908000
2021-03-19,10.898747444152832,15.0,15.100000381469727,14.600000381469727,14.600000381469727,8958000
2021-03-22,10.753430366516113,14.800000190734863,15.199999809265137,14.699999809265137,15.0,5321000
2021-03-23,11.11672306060791,15.300000190734863,15.5,14.600000381469727,15.0,13510000
2021-03-24,10.971406936645508,15.100000381469727,15.5,14.800000190734863,15.5,26146000
2021-03-25,10.898747444152832,15.0,15.399999618530273,14.699999809265137,15.399999618530273,8590000
2021-03-26,10.971406936645508,15.100000381469727,15.800000190734863,14.899999618530273,15.0,29957000
2021-03-29,11.480012893676758,15.800000190734863,16.5,15.0,15.100000381469727,137519000
2021-03-30,11.334698677062988,15.600000381469727,16.100000381469727,15.199999809265137,15.800000190734863,25409000
2021-03-31,11.334698677062988,15.600000381469727,16.0,15.5,15.800000190734863,36098000
2021-04-01,11.480012893676758,15.800000190734863,15.899999618530273,15.300000190734863,15.600000381469727,8219000
2021-04-05,11.11672306060791,15.300000190734863,15.800000190734863,15.300000190734863,15.800000190734863,21151000
2021-04-06,11.044063568115234,15.199999809265137,15.800000190734863,15.0,15.199999809265137,22215000
2021-04-07,10.680773735046387,14.699999809265137,15.399999618530273,14.199999809265137,15.199999809265137,20698000
2021-04-08,11.262039184570312,15.5,15.5,14.600000381469727,14.699999809265137,11352000
2021-04-09,11.262039184570312,15.5,15.800000190734863,15.0,15.5,21568000
2021-04-12,10.680773735046387,14.699999809265137,15.800000190734863,14.5,15.600000381469727,22831000
2021-04-13,10.898747444152832,15.0,15.699999809265137,14.300000190734863,14.5,21474000
2021-04-14,11.189379692077637,15.399999618530273,15.699999809265137,14.600000381469727,15.0,16790000
2021-04-15,11.262039184570312,15.5,15.800000190734863,15.0,15.300000190734863,14835000
2021-04-16,11.480012893676758,15.800000190734863,15.899999618530273,14.899999618530273,15.5,16881000
2021-04-19,11.55267333984375,15.899999618530273,16.399999618530273,15.600000381469727,15.800000190734863,4232000
2021-04-20,11.480012893676758,15.800000190734863,16.0,15.300000190734863,15.899999618530273,1030000
2021-04-21,11.407356262207031,15.699999809265137,16.200000762939453,15.199999809265137,15.800000190734863,15764000
2021-04-22,11.189379692077637,15.399999618530273,15.699999809265137,15.199999809265137,15.699999809265137,4478000
2021-04-23,11.407356262207031,15.699999809265137,15.699999809265137,15.300000190734863,15.399999618530273,2812000
2021-04-26,11.407356262207031,15.699999809265137,15.699999809265137,15.5,15.699999809265137,241000
2021-04-27,11.407356262207031,15.699999809265137,15.800000190734863,15.5,15.699999809265137,3567000
2021-04-28,11.407356262207031,15.699999809265137,15.699999809265137,15.399999618530273,15.699999809265137,4085000
2021-04-29,11.334698677062988,15.600000381469727,15.800000190734863,15.600000381469727,15.699999809265137,2589000
2021-04-30,12.061281204223633,16.600000381469727,16.799999237060547,15.5,15.5,42718000
2021-05-03,12.351913452148438,17.0,17.200000762939453,16.200000762939453,16.799999237060547,16651000
2021-05-04,11.843306541442871,16.299999237060547,17.100000381469727,16.0,17.100000381469727,11148000
2021-05-05,12.133940696716309,16.700000762939453,16.700000762939453,16.0,16.299999237060547,12275000
2021-05-06,12.206597328186035,16.799999237060547,16.899999618530273,16.200000762939453,16.700000762939453,7868000
2021-05-07,12.497232437133789,17.200000762939453,17.5,16.399999618530273,16.799999237060547,21776000
2021-05-10,12.860523223876953,17.700000762939453,18.0,16.600000381469727,17.5,13989000
2021-05-11,12.860523223876953,17.700000762939453,17.799999237060547,17.399999618530273,17.700000762939453,8422000
2021-05-17,12.642547607421875,17.399999618530273,17.799999237060547,17.399999618530273,17.700000762939453,4523000
2021-05-18,16.420780181884766,22.600000381469727,23.399999618530273,16.700000762939453,17.0,209582000
2021-05-19,20.489646911621094,28.200000762939453,28.200000762939453,22.600000381469727,22.799999237060547,181691000
2021-05-20,25.57573127746582,35.20000076293945,35.20000076293945,29.0,29.600000381469727,233512000
2021-05-21,26.156993865966797,36.0,43.0,32.79999923706055,38.20000076293945,378698000
2021-05-24,24.41319465637207,33.599998474121094,37.400001525878906,33.599998474121094,36.400001525878906,59993000
2021-05-25,22.814712524414062,31.399999618530273,33.599998474121094,31.399999618530273,33.599998474121094,8344000
2021-05-27,21.506860733032227,29.600000381469727,31.200000762939453,29.399999618530273,29.399999618530273,77344000
2021-05-28,21.070913314819336,29.0,32.400001525878906,27.600000381469727,29.600000381469727,110927000
2021-05-31,24.55851173400879,33.79999923706055,36.20000076293945,30.200000762939453,30.399999618530273,390151000
2021-06-02,23.1053466796875,31.799999237060547,34.599998474121094,31.600000381469727,34.599998474121094,82779000
2021-06-03,22.669397354125977,31.200000762939453,32.0,30.0,31.799999237060547,25571000
2021-06-04,22.524078369140625,31.0,33.0,30.600000381469727,31.200000762939453,29724000
2021-06-07,22.524078369140625,31.0,32.0,30.600000381469727,31.200000762939453,16244000
2021-06-08,21.361547470092773,29.399999618530273,31.600000381469727,29.399999618530273,31.200000762939453,18502000
2021-06-09,25.28509521484375,34.79999923706055,35.599998474121094,30.0,30.0,143683000
2021-06-10,26.59294319152832,36.599998474121094,37.20000076293945,33.20000076293945,35.0,123861000
2021-06-11,33.1321907043457,45.599998474121094,45.599998474121094,36.400001525878906,36.400001525878906,415379000
2021-06-14,30.952444076538086,42.599998474121094,47.400001525878906,42.599998474121094,46.599998474121094,183556000
2021-06-15,28.918006896972656,39.79999923706055,42.400001525878906,39.79999923706055,42.400001525878906,15654000
2021-06-16,27.028894424438477,37.20000076293945,38.599998474121094,37.20000076293945,38.599998474121094,40090000
2021-06-17,27.174213409423828,37.400001525878906,41.0,34.599998474121094,34.599998474121094,218706000
2021-06-18,26.156993865966797,36.0,38.599998474121094,36.0,37.79999923706055,164444000
2021-06-21,24.41319465637207,33.599998474121094,36.79999923706055,33.599998474121094,36.20000076293945,163184000
2021-06-22,26.236373901367188,31.399999618530273,33.599998474121094,31.399999618530273,33.599998474121094,6236000
2021-06-23,24.565265655517578,29.399999618530273,31.200000762939453,29.399999618530273,29.600000381469727,196737000
2021-06-24,22.894161224365234,27.399999618530273,30.399999618530273,27.399999618530273,29.399999618530273,88658000
2021-06-25,21.39016342163086,25.600000381469727,27.600000381469727,25.600000381469727,27.0,90128000
2021-06-28,20.387500762939453,24.399999618530273,27.799999237060547,24.0,26.0,76170000
2021-06-29,19.050613403320312,22.799999237060547,25.200000762939453,22.799999237060547,24.600000381469727,53120000
2021-06-30,19.719057083129883,23.600000381469727,24.399999618530273,21.600000381469727,23.0,56276000
2021-07-01,24.565265655517578,29.399999618530273,29.399999618530273,23.799999237060547,23.799999237060547,1166296000
2021-07-02,22.894161224365234,27.399999618530273,29.399999618530273,27.399999618530273,29.0,153097000
2021-07-05,21.39016342163086,25.600000381469727,26.200000762939453,25.600000381469727,25.600000381469727,10882000
2021-07-06,20.053279876708984,24.0,24.200000762939453,24.0,24.0,24102000
2021-07-07,21.891498565673828,26.200000762939453,29.399999618530273,22.600000381469727,23.0,334985000
2021-07-08,21.05594253540039,25.200000762939453,27.600000381469727,24.600000381469727,26.399999618530273,76472000
2021-07-09,20.554609298706055,24.600000381469727,26.0,23.600000381469727,25.200000762939453,48663000
2021-07-12,20.22039031982422,24.200000762939453,25.600000381469727,23.799999237060547,24.600000381469727,21965000
2021-07-13,20.22039031982422,24.200000762939453,25.600000381469727,23.600000381469727,24.200000762939453,37416000
2021-07-14,19.886167526245117,23.799999237060547,24.799999237060547,23.399999618530273,24.399999618530273,24991000
2021-07-15,23.395492553710938,28.0,29.600000381469727,23.799999237060547,23.799999237060547,911947000
2021-07-16,23.729711532592773,28.399999618530273,34.400001525878906,26.200000762939453,28.399999618530273,2048361000
2021-07-19,24.89948844909668,29.799999237060547,31.600000381469727,26.600000381469727,28.799999237060547,527041000
2021-07-21,23.22838020324707,27.799999237060547,31.0,27.799999237060547,29.799999237060547,157619000
2021-07-22,22.392826080322266,26.799999237060547,28.600000381469727,26.600000381469727,27.799999237060547,78719000
2021-07-23,23.22838020324707,27.799999237060547,29.399999618530273,27.0,27.0,94266000
2021-07-26,24.565265655517578,29.399999618530273,30.0,27.200000762939453,28.0,174224000
2021-07-27,23.562602996826172,28.200000762939453,33.79999923706055,27.799999237060547,30.0,813061000
2021-07-28,27.57325553894043,33.0,33.20000076293945,28.200000762939453,30.0,863516000
2021-07-29,26.403484344482422,31.600000381469727,33.599998474121094,31.0,33.400001525878906,490393000
2021-07-30,25.902151107788086,31.0,32.599998474121094,30.600000381469727,31.799999237060547,215517000
2021-08-02,24.732378005981445,29.600000381469727,31.600000381469727,29.600000381469727,31.0,119109000
2021-08-03,26.236373901367188,31.399999618530273,31.600000381469727,29.600000381469727,29.799999237060547,179932000
2021-08-04,25.902151107788086,31.0,32.599998474121094,30.799999237060547,31.799999237060547,232690000
2021-08-05,25.567930221557617,30.600000381469727,31.399999618530273,30.399999618530273,31.200000762939453,46957000
2021-08-06,26.069263458251953,31.200000762939453,32.0,29.799999237060547,30.0,161358000
2021-08-09,24.398155212402344,29.200000762939453,31.799999237060547,29.200000762939453,31.399999618530273,146219000
2021-08-10,22.894161224365234,27.399999618530273,29.399999618530273,27.200000762939453,29.200000762939453,120584000
2021-08-12,23.896821975708008,28.600000381469727,29.399999618530273,27.399999618530273,27.399999618530273,98241000
2021-08-13,22.727048873901367,27.200000762939453,28.799999237060547,27.200000762939453,28.600000381469727,77243000
2021-08-16,22.559938430786133,27.0,28.0,26.200000762939453,27.200000762939453,109976000
2021-08-18,22.225717544555664,26.600000381469727,28.600000381469727,26.600000381469727,27.0,96982000
2021-08-19,21.05594253540039,25.200000762939453,27.200000762939453,25.0,26.600000381469727,51186000
2021-08-20,20.721721649169922,24.799999237060547,25.799999237060547,24.799999237060547,25.200000762939453,62356000
2021-08-23,22.058605194091797,26.399999618530273,27.0,24.799999237060547,24.799999237060547,69121000
2021-08-24,22.392826080322266,26.799999237060547,29.399999618530273,26.399999618530273,26.600000381469727,243518000
2021-08-25,24.732378005981445,29.600000381469727,30.200000762939453,27.0,27.200000762939453,349031000
2021-08-26,24.398155212402344,29.200000762939453,31.399999618530273,29.0,30.399999618530273,295811000
2021-08-27,23.395492553710938,28.0,30.0,28.0,29.200000762939453,56214000
2021-08-30,24.231046676635742,29.0,29.200000762939453,28.399999618530273,28.399999618530273,39083000
2021-08-31,24.231046676635742,29.0,29.399999618530273,28.200000762939453,29.200000762939453,56938000
2021-09-01,24.063934326171875,28.799999237060547,31.0,28.399999618530273,29.600000381469727,194093000
2021-09-02,23.729711532592773,28.399999618530273,29.399999618530273,28.399999618530273,29.0,56721000
2021-09-03,23.729711532592773,28.399999618530273,28.799999237060547,28.0,28.399999618530273,26899000
2021-09-06,23.729711532592773,28.399999618530273,28.799999237060547,28.0,28.399999618530273,21470000
2021-09-07,23.729711532592773,28.399999618530273,28.600000381469727,28.0,28.600000381469727,14917000
2021-09-08,23.22838020324707,27.799999237060547,28.600000381469727,27.799999237060547,28.600000381469727,17191000
2021-09-09,23.0612735748291,27.600000381469727,28.200000762939453,27.600000381469727,27.799999237060547,19413000
2021-09-10,23.0612735748291,27.600000381469727,28.200000762939453,27.600000381469727,27.600000381469727,13473000
2021-09-13,23.395492553710938,28.0,28.600000381469727,27.600000381469727,27.600000381469727,21279000
2021-09-14,24.063934326171875,28.799999237060547,29.600000381469727,28.200000762939453,28.200000762939453,106188000
2021-09-15,24.732378005981445,29.600000381469727,30.0,28.799999237060547,28.799999237060547,114985000
2021-09-16,24.063934326171875,28.799999237060547,30.0,28.600000381469727,29.799999237060547,67544000
2021-09-17,23.729711532592773,28.399999618530273,29.399999618530273,28.399999618530273,29.399999618530273,40659000
2021-09-20,24.063934326171875,28.799999237060547,29.0,28.0,28.600000381469727,35957000
2021-09-21,23.395492553710938,28.0,28.799999237060547,28.0,28.799999237060547,30886000
2021-09-22,23.562602996826172,28.200000762939453,28.799999237060547,28.0,28.0,30372000
2021-09-23,23.729711532592773,28.399999618530273,29.399999618530273,28.0,28.399999618530273,65313000
2021-09-24,25.06659698486328,30.0,31.200000762939453,28.200000762939453,28.399999618530273,487348000
2021-09-27,24.398155212402344,29.200000762939453,31.799999237060547,29.0,30.399999618530273,317002000
2021-09-28,23.729711532592773,28.399999618530273,30.399999618530273,28.399999618530273,29.200000762939453,67635000
2021-09-29,23.22838020324707,27.799999237060547,28.799999237060547,26.799999237060547,28.200000762939453,134706000
2021-09-30,23.896821975708008,28.600000381469727,29.399999618530273,28.0,28.200000762939453,70906000
2021-10-01,23.896821975708008,28.600000381469727,29.200000762939453,28.200000762939453,28.799999237060547,75892000
2021-10-04,24.732378005981445,29.600000381469727,30.0,28.600000381469727,28.600000381469727,110543000
2021-10-05,24.063934326171875,28.799999237060547,31.200000762939453,28.799999237060547,29.799999237060547,164689000
2021-10-06,28.0745906829834,33.599998474121094,34.0,28.799999237060547,28.799999237060547,801156000
2021-10-07,26.236373901367188,31.399999618530273,34.0,31.399999618530273,34.0,279602000
2021-10-08,26.069263458251953,31.200000762939453,32.0,30.200000762939453,31.600000381469727,132501000
2021-10-11,25.73504066467285,30.799999237060547,32.0,30.600000381469727,31.200000762939453,77796000
2021-10-12,25.902151107788086,31.0,31.399999618530273,30.600000381469727,30.799999237060547,50724000
2021-10-13,25.73504066467285,30.799999237060547,31.799999237060547,30.600000381469727,31.0,67538000
2021-10-14,26.570592880249023,31.799999237060547,33.20000076293945,30.600000381469727,31.200000762939453,466935000
2021-10-15,26.069263458251953,31.200000762939453,32.400001525878906,31.200000762939453,32.20000076293945,97256000
2021-10-18,26.236373901367188,31.399999618530273,31.600000381469727,30.799999237060547,31.200000762939453,55623000
2021-10-19,26.570592880249023,31.799999237060547,32.599998474121094,31.600000381469727,31.600000381469727,126084000
2021-10-21,26.403484344482422,31.600000381469727,32.20000076293945,31.399999618530273,31.799999237060547,55698000
2021-10-22,26.069263458251953,31.200000762939453,33.599998474121094,31.200000762939453,31.600000381469727,252546000
2021-10-25,26.069263458251953,31.200000762939453,31.600000381469727,31.0,31.399999618530273,34582000
2021-10-26,26.069263458251953,31.200000762939453,32.20000076293945,31.0,31.200000762939453,52034000
2021-10-27,27.406147003173828,32.79999923706055,33.599998474121094,31.200000762939453,31.399999618530273,342437000
2021-10-28,25.902151107788086,31.0,34.0,31.0,33.20000076293945,368349000
2021-10-29,26.403484344482422,31.600000381469727,31.799999237060547,31.0,31.0,63783000
2021-11-01,26.904815673828125,32.20000076293945,32.79999923706055,31.600000381469727,32.0,90089000
2021-11-02,26.236373901367188,31.399999618530273,33.0,31.399999618530273,32.20000076293945,111135000
2021-11-03,26.570592880249023,31.799999237060547,32.0,31.399999618530273,31.399999618530273,33459000
2021-11-04,33.08790969848633,39.599998474121094,39.599998474121094,31.799999237060547,32.0,760631000
2021-11-05,31.082582473754883,37.20000076293945,42.79999923706055,37.0,40.599998474121094,855372000
2021-11-08,33.25502395629883,39.79999923706055,41.599998474121094,35.79999923706055,35.79999923706055,461557000
2021-11-09,41.443443298339844,49.599998474121094,49.599998474121094,38.20000076293945,38.20000076293945,1408797000
2021-11-10,40.27366638183594,48.20000076293945,55.0,46.20000076293945,51.0,982632000
2021-11-11,50.13319396972656,60.0,60.0,48.20000076293945,48.20000076293945,760651000
2021-11-12,51.38652420043945,61.5,69.0,57.0,61.5,642358000
2021-11-15,50.55097579956055,60.5,64.0,59.0,61.5,144943000
2021-11-16,51.80430221557617,62.0,70.5,59.5,61.5,461873000
2021-11-17,53.05763626098633,63.5,65.0,61.0,63.5,118118000
2021-11-18,53.475406646728516,64.0,69.5,61.5,63.5,234715000
2021-11-19,63.91981887817383,76.5,80.0,63.5,65.5,663974000
2021-11-22,59.742061614990234,71.5,78.0,71.5,77.5,148218000
2021-11-23,55.564292907714844,66.5,72.0,66.5,71.5,157929000
2021-11-24,55.98207473754883,67.0,69.0,62.0,62.0,91811000
2021-11-25,60.99538803100586,73.0,74.0,67.0,67.5,161321000
2021-11-26,58.488731384277344,70.0,74.0,70.0,73.0,87737000
2021-11-29,66.84425354003906,80.0,81.5,68.5,70.0,305898000
2021-11-30,80.21311950683594,96.0,98.0,80.0,81.0,648163000
2021-12-01,74.78202056884766,89.5,107.5,89.5,97.0,436619000
2021-12-02,77.28868103027344,92.5,95.5,84.5,89.5,237197000
2021-12-03,75.61756896972656,90.5,94.5,88.5,93.0,71482000
2021-12-06,74.36424255371094,89.0,93.5,88.5,91.0,60069000
2021-12-07,83.97309875488281,100.5,101.5,89.0,89.0,233842000
2021-12-08,83.97309875488281,100.5,100.5,100.5,100.5,0
2021-12-09,84.39088439941406,101.0,103.0,93.5,99.5,229169000
2021-12-10,88.15087127685547,105.5,112.5,101.5,101.5,213813000
2021-12-13,101.51972198486328,121.5,128.5,102.0,105.5,341423000
2021-12-14,126.58631896972656,151.5,151.5,122.0,123.0,456441000
2021-12-15,126.58631896972656,151.5,151.5,151.5,151.5,0
2021-12-16,126.58631896972656,151.5,151.5,151.5,151.5,0
2021-12-17,126.58631896972656,151.5,151.5,151.5,151.5,0
2021-12-20,126.58631896972656,151.5,151.5,151.5,151.5,0
2021-12-21,126.58631896972656,151.5,151.5,151.5,151.5,0
2021-12-22,126.58631896972656,151.5,151.5,151.5,151.5,0
2021-12-23,126.58631896972656,151.5,151.5,151.5,151.5,0
2021-12-24,117.8130111694336,141.0,155.5,141.0,141.0,213461000
2021-12-27,114.88858032226562,137.5,145.0,132.0,140.5,151502000
2021-12-28,115.30635070800781,138.0,142.5,135.0,137.5,69245000
2021-12-29,116.14191436767578,139.0,146.5,132.5,138.0,150297000
2021-12-30,114.47079467773438,137.0,142.0,137.0,138.5,40972000
2022-01-03,119.48412322998047,143.0,146.5,127.5,137.0,242224000
2022-01-04,114.05303192138672,136.5,144.5,135.5,143.0,67611000
2022-01-05,107.36859893798828,128.5,138.5,128.5,137.5,57332000
2022-01-06,106.11527252197266,127.0,137.0,121.5,128.5,72666000
2022-01-07,104.57218933105469,123.0,127.0,121.0,126.5,45195000
2022-01-10,102.87183380126953,121.0,127.0,116.5,119.0,62258000
2022-01-11,106.69763946533203,125.5,128.5,119.0,120.0,41522000
2022-01-12,102.87183380126953,121.0,130.0,118.5,127.0,36499000
2022-01-13,102.87183380126953,121.0,123.0,117.0,121.0,23099000
2022-01-14,101.17145538330078,119.0,125.0,119.0,121.0,17495000
2022-01-17,102.44673919677734,120.5,124.0,117.5,119.0,21007000
2022-01-18,100.74637603759766,118.5,121.5,118.0,120.5,19911000
2022-01-19,101.17145538330078,119.0,122.0,118.5,122.0,9558000
2022-01-20,101.17145538330078,119.0,121.0,118.0,118.5,11895000
2022-01-21,110.94853973388672,130.5,130.5,119.0,119.5,49440000
2022-01-24,118.17508697509766,139.0,146.5,131.0,135.5,150273000
2022-01-25,121.57579040527344,143.0,153.0,136.5,139.5,119337000
2022-01-26,137.7292022705078,162.0,169.5,141.0,144.0,174662000
2022-01-27,141.1299591064453,166.0,172.0,157.0,163.5,152329000
2022-01-28,161.53427124023438,190.0,192.0,163.0,168.0,171287000
2022-01-31,165.78517150878906,195.0,199.0,185.0,191.5,103214000
2022-02-02,181.0884246826172,213.0,217.0,188.5,196.5,99091000
2022-02-03,180.2382354736328,212.0,225.0,207.0,216.0,52791000
2022-02-04,210.8447265625,248.0,253.0,210.0,214.0,164004000
2022-02-07,209.99456787109375,247.0,257.0,242.0,253.0,65272000
2022-02-08,195.54150390625,230.0,249.0,230.0,249.0,73683000
2022-02-09,193.84112548828125,228.0,242.0,214.0,228.0,80752000
2022-02-10,194.69129943847656,229.0,237.0,224.0,230.0,38933000
2022-02-11,210.8447265625,248.0,248.0,229.0,229.0,47496000
2022-02-14,196.39166259765625,231.0,252.0,231.0,248.0,63967000
2022-02-15,198.9422149658203,234.0,239.0,219.0,231.0,22339000
2022-02-16,198.09202575683594,233.0,240.0,231.0,240.0,13784000
2022-02-17,185.33932495117188,218.0,237.0,217.0,233.0,47743000
2022-02-18,175.98731994628906,207.0,224.0,204.0,217.0,41306000
2022-02-21,164.08480834960938,193.0,207.0,193.0,205.0,89968000
2022-02-22,152.60739135742188,179.5,194.5,179.5,192.0,39345000
2022-02-23,153.032470703125,180.0,195.5,168.5,177.0,109355000
2022-02-24,142.40521240234375,167.5,183.5,167.5,180.0,46487000
2022-02-25,148.7815704345703,175.0,187.0,163.0,163.0,102601000
2022-03-01,148.7815704345703,175.0,180.0,169.5,176.5,20686000
2022-03-02,142.83030700683594,168.0,176.0,166.5,176.0,23047000
2022-03-04,147.93138122558594,174.0,175.0,168.0,168.0,18201000
2022-03-07,149.20664978027344,175.5,182.5,170.5,177.0,30190000
2022-03-08,144.53067016601562,170.0,176.5,168.5,175.5,17981000
2022-03-09,157.2833709716797,185.0,185.0,158.5,170.5,51645000
2022-03-10,152.18228149414062,179.0,190.0,174.0,187.0,41183000
2022-03-11,172.5866241455078,203.0,208.0,179.0,179.0,130956000
2022-03-14,171.73643493652344,202.0,214.0,197.5,205.0,66558000
2022-03-15,159.83392333984375,188.0,205.0,188.0,202.0,46937000
2022-03-16,148.7815704345703,175.0,185.0,175.0,183.0,51497000
2022-03-17,152.18228149414062,179.0,184.0,170.0,170.5,40412000
2022-03-18,149.63174438476562,176.0,183.0,176.0,179.5,27891000
2022-03-21,149.20664978027344,175.5,178.5,170.0,175.5,18028000
2022-03-22,147.08120727539062,173.0,175.5,171.0,175.5,9902000
2022-03-23,149.20664978027344,175.5,183.5,173.0,173.0,45033000
2022-03-24,149.20664978027344,175.5,177.5,173.0,176.0,11319000
2022-03-25,146.65611267089844,172.5,176.5,172.0,176.5,9403000
2022-03-28,146.23101806640625,172.0,174.5,171.0,173.0,11328000
2022-03-29,136.45394897460938,160.5,172.5,160.0,172.5,40248000
2022-03-30,129.6525115966797,152.5,160.0,150.5,159.0,45021000
2022-03-31,131.7779541015625,155.0,161.5,151.5,152.5,24797000
2022-04-01,137.7292022705078,162.0,162.5,155.0,155.0,27515000
2022-04-04,134.75360107421875,158.5,167.0,152.0,162.5,47271000
2022-04-05,140.70484924316406,165.5,166.0,156.5,158.5,26113000
2022-04-06,135.60377502441406,159.5,167.5,159.5,165.5,20146000
2022-04-07,131.7779541015625,155.0,160.0,153.5,159.5,18754000
2022-04-08,136.0288543701172,160.0,161.5,155.0,155.5,15213000
2022-04-11,150.0568389892578,176.5,179.5,160.0,160.0,89709000
2022-04-12,145.80593872070312,171.5,183.5,171.5,177.5,110120000
2022-04-13,149.63174438476562,176.0,178.5,168.5,173.5,42413000
2022-04-14,148.35647583007812,174.5,180.0,173.0,177.0,32238000
2022-04-18,147.08120727539062,173.0,177.5,173.0,174.5,25929000
2022-04-19,136.87904357910156,161.0,176.0,161.0,173.0,60406000
2022-04-20,132.2030487060547,155.5,161.0,154.5,160.0,24548000
2022-04-21,147.93138122558594,174.0,174.0,155.5,155.5,43873000
2022-04-22,170.03607177734375,200.0,200.0,170.0,175.5,251256000
2022-04-25,161.95936584472656,190.5,219.0,188.5,202.0,228968000
2022-04-26,167.48553466796875,197.0,200.0,177.5,192.5,117053000
2022-04-27,164.50990295410156,193.5,205.0,190.0,197.0,48079000
2022-04-28,161.53427124023438,190.0,197.5,189.0,193.0,44508000
2022-05-09,166.63536071777344,196.0,202.0,180.0,189.5,101892000
2022-05-10,159.83392333984375,188.0,197.0,183.0,197.0,74703000
2022-05-11,160.68409729003906,189.0,200.0,187.5,187.5,49712000
2022-05-12,158.55865478515625,186.5,192.0,176.0,191.0,59033000
2022-05-13,177.68768310546875,209.0,217.0,181.0,186.0,266755000
2022-05-17,191.2906036376953,225.0,231.0,210.0,215.0,183634000
2022-05-18,202.34291076660156,238.0,245.0,225.0,234.0,114909000
2022-05-19,203.19309997558594,239.0,243.0,225.0,242.0,73637000
2022-05-20,198.9422149658203,234.0,245.0,234.0,239.0,40428000
2022-05-23,194.69129943847656,229.0,239.0,226.0,230.0,28166000
2022-05-24,232.0992431640625,273.0,273.0,226.0,229.0,254831000
2022-05-25,244.0017547607422,287.0,303.0,270.0,273.0,204961000
2022-05-27,261.8555603027344,308.0,313.0,281.0,286.0,129642000
2022-05-30,255.90428161621094,301.0,328.0,290.0,312.0,123604000
2022-05-31,270.35736083984375,318.0,321.0,301.0,301.0,81527000
2022-06-02,273.7580871582031,322.0,336.0,307.0,319.0,105676000
2022-06-03,258.454833984375,304.0,332.0,300.0,325.0,71757000
2022-06-06,261.00537109375,307.0,311.0,286.0,303.0,47050000
2022-06-07,249.1028594970703,293.0,312.0,293.0,307.0,28070000
2022-06-08,234.6497802734375,276.0,290.0,273.0,284.0,65680000
2022-06-09,229.54869079589844,270.0,280.0,261.0,273.0,53206000
2022-06-10,223.59744262695312,263.0,275.0,262.0,269.0,29583000
2022-06-13,215.94580078125,254.0,261.0,250.0,261.0,23343000
2022-06-14,228.69851684570312,269.0,269.0,248.0,249.0,33234000
2022-06-15,213.39527893066406,251.0,282.0,251.0,270.0,78070000
2022-06-16,202.34291076660156,238.0,251.0,234.0,250.0,48789000
2022-06-17,216.7959747314453,255.0,255.0,234.0,234.0,45402000
2022-06-20,213.8105010986328,245.0,255.0,241.0,254.0,19064000
2022-06-21,212.93780517578125,244.0,251.0,241.0,245.0,14843000
2022-06-22,216.4285888671875,248.0,249.0,238.0,246.0,19063000
2022-06-23,210.31971740722656,241.0,250.0,237.0,250.0,16351000
2022-06-24,215.555908203125,247.0,247.0,238.0,241.0,7884000
2022-06-27,231.26443481445312,265.0,266.0,247.0,250.0,48962000
2022-06-28,235.6278839111328,270.0,271.0,258.0,265.0,36106000
2022-06-29,226.90093994140625,260.0,274.0,260.0,269.0,26468000
2022-06-30,234.7552032470703,269.0,270.0,245.0,259.0,40871000
2022-07-01,220.79205322265625,253.0,269.0,253.0,268.0,19853000
2022-07-04,210.31971740722656,241.0,258.0,236.0,251.0,21869000
2022-07-05,224.28286743164062,257.0,257.0,241.0,241.0,14422000
2022-07-06,224.28286743164062,257.0,262.0,250.0,257.0,11840000
2022-07-07,227.7736358642578,261.0,266.0,253.0,258.0,21276000
2022-07-08,229.51902770996094,263.0,268.0,259.0,266.0,24774000
2022-07-11,230.3917236328125,264.0,266.0,260.0,263.0,13730000
2022-07-12,246.10025024414062,282.0,282.0,264.0,267.0,58210000
2022-07-13,238.24598693847656,273.0,289.0,272.0,282.0,55756000
2022-07-14,229.51902770996094,263.0,277.0,254.0,273.0,89604000
2022-07-15,225.15554809570312,258.0,269.0,256.0,265.0,20113000
2022-07-18,231.26443481445312,265.0,265.0,255.0,258.0,24859000
2022-07-19,233.0098114013672,267.0,278.0,265.0,265.0,36141000
2022-07-20,233.88250732421875,268.0,272.0,266.0,269.0,13809000
2022-07-21,231.26443481445312,265.0,270.0,261.0,268.0,13678000
2022-07-22,216.4285888671875,248.0,266.0,247.0,265.0,41876000
2022-07-25,207.7016143798828,238.0,248.0,231.0,247.0,46601000
2022-07-26,216.4285888671875,248.0,248.0,238.0,238.0,19736000
2022-07-27,218.17398071289062,250.0,253.0,247.0,249.0,16084000
2022-07-28,215.555908203125,247.0,255.0,247.0,255.0,12618000
2022-07-29,216.4285888671875,248.0,252.0,244.0,247.0,8653000
2022-08-01,220.79205322265625,253.0,257.0,242.0,249.0,21370000
2022-08-02,219.9193878173828,252.0,256.0,247.0,255.0,12965000
2022-08-03,219.0466766357422,251.0,253.0,248.0,252.0,6103000
2022-08-04,216.4285888671875,248.0,252.0,248.0,251.0,7071000
2022-08-05,223.41015625,256.0,256.0,245.0,247.0,17632000
2022-08-08,222.53744506835938,255.0,272.0,254.0,256.0,74251000
2022-08-09,219.9193878173828,252.0,260.0,249.0,255.0,11845000
2022-08-10,221.6647491455078,254.0,258.0,251.0,252.0,3993000
2022-08-11,219.9193878173828,252.0,256.0,251.0,254.0,4959000
2022-08-12,219.0466766357422,251.0,258.0,250.0,252.0,5030000
2022-08-15,207.7016143798828,238.0,260.0,237.0,260.0,23182000
2022-08-16,208.57431030273438,239.0,242.0,232.0,238.0,12410000
2022-08-18,212.93780517578125,244.0,245.0,239.0,239.0,8117000
2022-08-19,211.1924285888672,242.0,246.0,238.0,244.0,4680000
2022-08-22,207.7016143798828,238.0,248.0,236.0,244.0,9075000
2022-08-23,212.0651092529297,243.0,244.0,238.0,238.0,3963000
2022-08-24,207.7016143798828,238.0,245.0,238.0,243.0,5420000
2022-08-25,207.7016143798828,238.0,242.0,238.0,240.0,2227000
2022-08-26,208.57431030273438,239.0,247.0,239.0,239.0,7205000
2022-08-29,204.21084594726562,234.0,240.0,232.0,239.0,14872000
2022-08-30,206.8289337158203,237.0,240.0,232.0,234.0,8332000
2022-08-31,212.0651092529297,243.0,247.0,237.0,238.0,17253000
2022-09-01,209.447021484375,240.0,245.0,238.0,245.0,11062000
2022-09-02,207.7016143798828,238.0,242.0,237.0,240.0,4813000
2022-09-05,207.7016143798828,238.0,242.0,235.0,238.0,8151000
2022-09-06,206.8289337158203,237.0,240.0,233.0,238.0,8947000
2022-09-07,205.08355712890625,235.0,239.0,234.0,237.0,6092000
2022-09-08,201.59275817871094,231.0,236.0,219.0,235.0,35771000
2022-09-09,195.48387145996094,224.0,232.0,222.0,231.0,11116000
2022-09-12,185.01153564453125,212.0,225.0,212.0,224.0,26364000
2022-09-13,193.73849487304688,222.0,230.0,212.0,212.0,17180000
2022-09-14,191.9931182861328,220.0,225.0,219.0,225.0,6200000
2022-09-15,189.37501525878906,217.0,221.0,212.0,221.0,6726000
2022-09-16,185.01153564453125,212.0,217.0,205.0,217.0,12102000
2022-09-19,177.15728759765625,203.0,213.0,201.0,212.0,12244000
2022-09-20,167.12127685546875,191.5,210.0,191.0,202.0,17676000
2022-09-21,167.99395751953125,192.5,200.0,179.5,192.0,24769000
2022-09-22,171.04840087890625,196.0,204.0,184.5,192.5,16983000
2022-09-23,164.9395294189453,189.0,197.5,188.5,197.5,10659000
2022-09-26,157.08526611328125,180.0,192.0,178.5,192.0,8252000
2022-09-27,158.39431762695312,181.5,183.0,179.0,180.0,3155000
2022-09-28,147.9219512939453,169.5,182.0,169.5,182.0,9425000
2022-09-29,148.35830688476562,170.0,177.5,169.0,169.5,5292000
2022-09-30,138.3223114013672,158.5,170.0,158.5,170.0,29821000
2022-10-03,135.70420837402344,155.5,161.5,153.0,158.5,13210000
2022-10-04,142.2494354248047,163.0,167.0,157.5,157.5,10138000
2022-10-05,162.32144165039062,186.0,186.0,163.5,164.0,19563000
2022-10-06,161.8850860595703,185.5,195.0,185.5,187.0,18674000
2022-10-07,152.2854461669922,174.5,186.0,174.0,186.0,8380000
2022-10-10,154.9035186767578,177.5,180.5,167.0,176.0,9000000
2022-10-11,159.70335388183594,183.0,192.0,177.5,177.5,13651000
2022-10-12,154.4671630859375,177.0,186.0,176.5,186.0,3882000
2022-10-13,155.33987426757812,178.0,183.0,176.0,177.0,2402000
2022-10-14,161.01239013671875,184.5,187.5,175.5,178.0,15997000
2022-10-17,151.84909057617188,174.0,185.5,173.0,185.0,13484000
2022-10-18,152.2854461669922,174.5,176.5,172.5,174.0,5536000
2022-10-19,151.41275024414062,173.5,174.5,168.5,174.5,2975000
2022-10-20,147.48561096191406,169.0,175.0,164.0,173.5,8475000
2022-10-21,160.13970947265625,183.5,188.0,162.0,169.0,33950000
2022-10-24,152.72178649902344,175.0,199.5,173.0,183.5,47944000
2022-10-25,146.1765594482422,167.5,177.5,167.0,175.0,17823000
2022-10-26,146.6129150390625,168.0,171.0,159.5,167.5,20814000
2022-10-27,147.9219512939453,169.5,171.0,165.0,167.5,24243000
2022-10-28,150.10369873046875,172.0,173.5,166.5,170.0,5349000
2022-10-31,156.64892578125,179.5,183.0,172.0,172.0,17713000
2022-11-01,157.9579620361328,181.0,183.0,174.0,180.0,23939000
2022-11-02,164.0668487548828,188.0,188.0,177.0,181.0,8194000
2022-11-03,164.0668487548828,188.0,191.0,181.5,188.0,11552000
2022-11-04,171.04840087890625,196.0,197.0,183.5,188.0,13482000
2022-11-07,173.66648864746094,199.0,204.0,195.0,197.0,13170000
2022-11-08,174.1028289794922,199.5,203.0,197.0,201.0,5984000
2022-11-09,172.35743713378906,197.5,201.0,195.5,199.5,5206000
2022-11-10,170.1757049560547,195.0,197.5,188.0,197.5,3767000
2022-11-11,170.612060546875,195.5,197.0,187.0,195.0,9688000
2022-11-14,167.55760192871094,192.0,196.5,189.0,195.5,5171000
2022-11-15,183.26614379882812,210.0,210.0,190.0,192.0,36644000
2022-11-16,181.520751953125,208.0,216.0,197.5,210.0,34379000
2022-11-17,175.41188049316406,201.0,218.0,201.0,209.0,22283000
2022-11-18,168.86666870117188,193.5,201.0,192.0,200.0,10090000
2022-11-21,169.30300903320312,194.0,204.0,191.5,193.5,7901000
2022-11-22,164.9395294189453,189.0,196.0,189.0,195.5,25125000
2022-11-23,164.9395294189453,189.0,190.0,185.5,189.0,4266000
2022-11-24,165.81222534179688,190.0,191.0,187.5,189.0,3028000
2022-11-25,166.2485809326172,190.5,193.0,190.0,190.5,14949000
2022-11-28,164.9395294189453,189.0,192.0,188.0,192.0,4720000
2022-11-29,165.37588500976562,189.5,193.5,188.0,190.0,18956000
2022-11-30,166.2485809326172,190.5,190.5,180.5,187.0,19999000
2022-12-01,167.55760192871094,192.0,192.0,188.5,190.5,3973000
2022-12-02,167.99395751953125,192.5,195.0,183.0,193.0,21494000
2022-12-05,164.50318908691406,188.5,193.0,188.5,193.0,1979000
2022-12-06,165.81222534179688,190.0,190.0,184.0,188.5,4052000
2022-12-07,166.2485809326172,190.5,191.5,185.0,190.0,14272000
2022-12-08,166.2485809326172,190.5,192.0,186.0,190.5,3487000
2022-12-09,166.68492126464844,191.0,191.5,188.0,191.0,2484000
2022-12-12,171.9210968017578,197.0,197.0,188.5,190.5,5464000
2022-12-13,174.1028289794922,199.5,199.5,195.0,197.0,5210000
2022-12-14,174.5391845703125,200.0,202.0,198.5,199.5,10701000
2022-12-15,174.5391845703125,200.0,203.0,199.0,200.0,5132000
2022-12-16,173.66648864746094,199.0,201.0,198.5,200.0,2174000
2022-12-19,171.9210968017578,197.0,200.0,196.5,199.5,1728000
2022-12-20,172.79380798339844,198.0,202.0,195.0,197.0,17773000
2022-12-21,174.1028289794922,199.5,200.0,196.0,198.5,8610000
2022-12-22,174.75526428222656,195.0,197.5,187.5,197.5,7999000
2022-12-23,173.41098022460938,193.5,195.5,191.5,195.0,8712000
2022-12-26,171.1705322265625,191.0,194.0,191.0,193.5,781000
2022-12-27,175.65145874023438,196.0,198.5,188.5,191.0,3124000
2022-12-28,172.96290588378906,193.0,196.5,189.0,196.0,3293000
2022-12-29,174.30715942382812,194.5,194.5,189.0,193.0,3625000
2022-12-30,174.30715942382812,194.5,194.5,191.5,194.5,2031000
2023-01-02,171.61862182617188,191.5,194.0,189.5,194.0,6330000
2023-01-03,171.61862182617188,191.5,193.0,190.0,191.5,6799000
2023-01-04,171.61862182617188,191.5,192.0,189.0,191.5,7521000
2023-01-05,178.78807067871094,199.5,204.0,191.5,191.5,25317000
2023-01-06,181.92469787597656,203.0,210.0,199.5,199.5,13190000
2023-01-09,190.8865203857422,213.0,213.0,204.0,204.0,14987000
2023-01-10,198.95213317871094,222.0,232.0,213.0,213.0,28733000
2023-01-11,207.0177764892578,231.0,235.0,220.0,222.0,21161000
2023-01-12,199.84832763671875,223.0,233.0,221.0,232.0,8801000
2023-01-13,208.8101348876953,233.0,238.0,222.0,223.0,9382000
2023-01-16,212.39486694335938,237.0,239.0,233.0,235.0,11855000
2023-01-17,212.39486694335938,237.0,240.0,237.0,238.0,5574000
2023-01-18,214.1872100830078,239.0,241.0,233.0,238.0,6917000
2023-01-19,210.60250854492188,235.0,242.0,233.0,239.0,6337000
2023-01-20,196.2635955810547,219.0,238.0,219.0,235.0,14333000
2023-01-24,202.536865234375,226.0,229.0,210.0,210.0,8415000
2023-01-25,207.91395568847656,232.0,233.0,226.0,229.0,4585000
2023-01-26,220.46047973632812,246.0,248.0,232.0,234.0,20881000
2023-01-27,218.66812133789062,244.0,248.0,239.0,246.0,6768000
2023-01-30,224.0452117919922,250.0,250.0,237.0,244.0,15625000
2023-01-31,225.8375701904297,252.0,255.0,244.0,251.0,8682000
2023-02-01,223.14903259277344,249.0,255.0,247.0,252.0,4625000
2023-02-02,222.25283813476562,248.0,252.0,240.0,249.0,6974000
2023-02-03,220.46047973632812,246.0,250.0,238.0,241.0,4719000
2023-02-06,222.25283813476562,248.0,249.0,245.0,246.0,2934000
2023-02-07,219.56430053710938,245.0,250.0,243.0,248.0,7269000
2023-02-08,226.73374938964844,253.0,257.0,245.0,245.0,18798000
2023-02-09,234.79937744140625,262.0,265.0,250.0,253.0,23884000
2023-02-10,254.51535034179688,284.0,287.0,265.0,265.0,57952000
2023-02-13,254.51535034179688,284.0,285.0,276.0,284.0,15839000
2023-02-14,268.854248046875,300.0,302.0,279.0,280.0,44529000
2023-02-15,259.8924255371094,290.0,302.0,279.0,302.0,28078000
2023-02-16,251.82684326171875,281.0,293.0,281.0,290.0,9807000
2023-02-17,253.6191864013672,283.0,290.0,277.0,290.0,13961000
2023-02-20,255.41156005859375,285.0,290.0,283.0,283.0,14414000
2023-02-21,266.16571044921875,297.0,297.0,285.0,285.0,13374000
2023-02-22,267.95806884765625,299.0,300.0,296.0,297.0,12410000
2023-02-23,280.5046081542969,313.0,314.0,299.0,299.0,38713000
2023-02-24,289.4664306640625,323.0,323.0,312.0,313.0,23399000
2023-02-27,275.12750244140625,307.0,324.0,301.0,323.0,37922000
2023-02-28,299.3243713378906,334.0,334.0,303.0,307.0,142605000
2023-03-01,290.3625793457031,324.0,339.0,324.0,335.0,8101000
2023-03-02,283.1931457519531,316.0,326.0,303.0,324.0,10355000
2023-03-03,280.5046081542969,313.0,317.0,305.0,317.0,5869000
2023-03-06,262.5809631347656,293.0,317.0,292.0,313.0,12801000
2023-03-07,248.2420654296875,277.0,293.0,274.0,292.0,13450000
2023-03-08,262.5809631347656,293.0,298.0,268.0,278.0,13660000
2023-03-09,273.33514404296875,305.0,308.0,294.0,296.0,9008000
2023-03-10,267.0618591308594,298.0,310.0,294.0,305.0,6041000
2023-03-13,259.8924255371094,290.0,298.0,280.0,298.0,5085000
2023-03-14,249.13827514648438,278.0,286.0,278.0,286.0,5294000
2023-03-15,262.5809631347656,293.0,293.0,274.0,278.0,6192000
2023-03-16,251.82684326171875,281.0,300.0,281.0,293.0,4659000
2023-03-17,263.4771423339844,294.0,294.0,280.0,281.0,3904000
2023-03-20,261.684814453125,292.0,297.0,286.0,294.0,2529000
2023-03-21,259.8924255371094,290.0,291.0,287.0,290.0,1322000
2023-03-24,276.91986083984375,309.0,309.0,290.0,290.0,8718000
2023-03-27,275.12750244140625,307.0,318.0,302.0,318.0,4162000
2023-03-28,276.0237121582031,308.0,311.0,302.0,307.0,3427000
2023-03-29,271.54278564453125,303.0,309.0,302.0,308.0,2471000
2023-03-30,269.75042724609375,301.0,308.0,294.0,304.0,2827000
2023-03-31,267.95806884765625,299.0,303.0,295.0,303.0,2086000
2023-04-03,258.99627685546875,289.0,300.0,281.0,299.0,3649000
2023-04-04,272.43896484375,304.0,305.0,289.0,289.0,5027000
2023-04-05,266.16571044921875,297.0,305.0,297.0,305.0,1959000
2023-04-06,265.26953125,296.0,300.0,296.0,299.0,1335000
2023-04-10,265.26953125,296.0,299.0,295.0,296.0,1726000
2023-04-11,270.6466369628906,302.0,311.0,300.0,302.0,5490000
2023-04-12,271.54278564453125,303.0,305.0,302.0,303.0,1824000
2023-04-13,271.54278564453125,303.0,310.0,300.0,305.0,2048000
2023-04-14,270.6466369628906,302.0,307.0,302.0,304.0,2801000
2023-04-17,269.75042724609375,301.0,308.0,301.0,304.0,940000
2023-04-18,259.8924255371094,290.0,307.0,290.0,307.0,5019000
2023-04-26,268.854248046875,300.0,300.0,285.0,290.0,8572000
2023-04-27,255.41156005859375,285.0,300.0,282.0,299.0,5558000
2023-04-28,265.5542297363281,288.0,293.0,276.0,285.0,3302000
2023-05-02,269.24249267578125,292.0,294.0,285.0,289.0,2425000
2023-05-03,264.63214111328125,287.0,292.0,287.0,290.0,1527000
2023-05-04,263.7101135253906,286.0,291.0,285.0,291.0,2195000
2023-05-05,266.4762878417969,289.0,291.0,281.0,287.0,1850000
2023-05-08,270.1645202636719,293.0,293.0,287.0,287.0,1793000
2023-05-09,263.7101135253906,286.0,297.0,285.0,294.0,2681000
2023-05-10,271.08660888671875,294.0,294.0,286.0,286.0,2180000
2023-05-11,265.5542297363281,288.0,296.0,286.0,294.0,2280000
2023-05-12,263.7101135253906,286.0,290.0,286.0,288.0,1690000
2023-05-15,266.4762878417969,289.0,297.0,286.0,286.0,1870000
2023-05-16,266.4762878417969,289.0,294.0,288.0,290.0,1855000
2023-05-17,268.3204345703125,291.0,294.0,288.0,289.0,3818000
2023-05-19,261.865966796875,284.0,292.0,284.0,291.0,2637000
2023-05-22,274.77484130859375,298.0,303.0,284.0,284.0,10628000
2023-05-23,39.92533874511719,43.29999923706055,43.29999923706055,43.29999923706055,43.29999923706055,0
2023-05-24,263.7101135253906,286.0,304.0,276.0,296.0,9120100
2023-05-25,272.93072509765625,296.0,304.0,280.0,286.0,6492900
2023-05-26,272.93072509765625,296.0,300.0,290.0,296.0,2870800
2023-05-29,263.7101135253906,286.0,300.0,284.0,296.0,2841000
2023-05-30,261.865966796875,284.0,294.0,284.0,288.0,2327800
2023-05-31,265.5542297363281,288.0,304.0,282.0,284.0,11579300
2023-06-05,261.865966796875,284.0,292.0,284.0,290.0,1962100
2023-06-06,261.865966796875,284.0,292.0,280.0,288.0,4784500
2023-06-07,267.3983459472656,290.0,292.0,282.0,286.0,4272700
2023-06-08,267.3983459472656,290.0,296.0,288.0,288.0,1640900
2023-06-09,263.7101135253906,286.0,296.0,286.0,292.0,2390600
2023-06-12,261.865966796875,284.0,294.0,282.0,290.0,9998800
2023-06-13,260.0218505859375,282.0,288.0,280.0,284.0,2125400
2023-06-14,261.865966796875,284.0,288.0,280.0,284.0,2774900
2023-06-15,260.0218505859375,282.0,284.0,280.0,284.0,1855100
2023-06-16,260.0218505859375,282.0,286.0,278.0,284.0,1966200
2023-06-19,258.177734375,280.0,286.0,280.0,284.0,1087200
2023-06-20,256.3335876464844,278.0,282.0,276.0,280.0,2340000
2023-06-21,261.865966796875,284.0,286.0,258.0,280.0,3398100
2023-06-22,261.865966796875,284.0,288.0,280.0,284.0,1989700
2023-06-23,261.865966796875,284.0,292.0,280.0,284.0,5408300
2023-06-26,258.177734375,280.0,288.0,280.0,284.0,3424400
2023-06-27,261.865966796875,284.0,286.0,280.0,280.0,2237000
2023-07-03,263.7101135253906,286.0,288.0,282.0,284.0,3545700
2023-07-04,269.24249267578125,292.0,300.0,286.0,288.0,3575000
2023-07-05,274.77484130859375,298.0,300.0,292.0,292.0,4174200
2023-07-06,274.77484130859375,298.0,300.0,294.0,298.0,1709100
2023-07-07,272.93072509765625,296.0,302.0,296.0,296.0,1318500
2023-07-10,272.93072509765625,296.0,300.0,294.0,296.0,2036500
2023-07-11,272.93072509765625,296.0,302.0,294.0,300.0,4178600
2023-07-12,269.24249267578125,292.0,300.0,288.0,298.0,2595900
2023-07-13,269.24249267578125,292.0,298.0,288.0,298.0,1002000
2023-07-14,272.93072509765625,296.0,298.0,292.0,292.0,1038700
2023-07-17,269.24249267578125,292.0,304.0,288.0,296.0,5813800
2023-07-18,267.3983459472656,290.0,296.0,288.0,296.0,773800
2023-07-20,267.3983459472656,290.0,294.0,286.0,290.0,2001600
2023-07-21,267.3983459472656,290.0,294.0,288.0,292.0,2535500
2023-07-24,269.24249267578125,292.0,296.0,290.0,292.0,2868400
2023-07-25,271.08660888671875,294.0,296.0,288.0,292.0,1680100
2023-07-26,269.24249267578125,292.0,294.0,288.0,294.0,969900
2023-07-27,258.177734375,280.0,292.0,280.0,292.0,3599900
2023-07-28,260.0218505859375,282.0,284.0,272.0,280.0,4025600
2023-07-31,248.9570770263672,270.0,282.0,270.0,282.0,6747300
2023-08-01,250.80120849609375,272.0,292.0,262.0,270.0,7031200
2023-08-02,258.177734375,280.0,280.0,270.0,272.0,1163400
2023-08-03,256.3335876464844,278.0,286.0,276.0,284.0,1450300
2023-08-04,256.3335876464844,278.0,282.0,276.0,282.0,695500
2023-08-07,250.80120849609375,272.0,282.0,272.0,282.0,1451100
2023-08-08,248.9570770263672,270.0,278.0,270.0,276.0,1192800
2023-08-09,243.42469787597656,264.0,274.0,264.0,272.0,2979800
2023-08-10,241.58058166503906,262.0,278.0,260.0,264.0,3867800
2023-08-11,241.58058166503906,262.0,270.0,262.0,262.0,1345500
2023-08-14,236.04820251464844,256.0,266.0,250.0,262.0,4106800
2023-08-15,232.3599395751953,252.0,260.0,250.0,256.0,2006500
2023-08-16,234.20407104492188,254.0,264.0,252.0,252.0,2221700
2023-08-18,230.5158233642578,250.0,268.0,250.0,268.0,1972100
2023-08-21,217.60693359375,236.0,252.0,236.0,250.0,7864400
2023-08-22,217.60693359375,236.0,242.0,232.0,236.0,2479600
2023-08-23,195.4774169921875,212.0,240.0,210.0,238.0,25246000
2023-08-24,181.64646911621094,197.0,214.0,196.0,210.0,18913700
2023-08-25,183.49058532714844,199.0,200.0,189.0,189.0,4359800
2023-08-28,177.03614807128906,192.0,202.0,186.0,199.0,8029600
2023-08-29,175.19203186035156,190.0,197.0,184.0,184.0,4014000
2023-08-30,165.04933166503906,179.0,190.0,173.0,190.0,27437400
2023-08-31,163.2052001953125,177.0,232.0,176.0,179.0,337188800
2023-09-01,150.2963104248047,163.0,185.0,163.0,180.0,96311300
2023-09-04,155.8286895751953,169.0,175.0,148.0,148.0,43832300
2023-09-05,158.59487915039062,172.0,176.0,169.0,170.0,23801200
2023-09-06,155.8286895751953,169.0,175.0,169.0,174.0,10333100
2023-09-07,153.0625,166.0,173.0,166.0,169.0,8017900
2023-09-08,153.0625,166.0,172.0,166.0,168.0,6396300
2023-09-11,157.67282104492188,171.0,174.0,164.0,167.0,14409100
2023-09-12,155.8286895751953,169.0,174.0,169.0,171.0,10902800
2023-09-13,153.9845733642578,167.0,172.0,165.0,170.0,8218500
2023-09-14,152.14044189453125,165.0,170.0,165.0,168.0,5262700
2023-09-15,150.2963104248047,163.0,168.0,163.0,165.0,6777700
2023-09-18,143.8418731689453,156.0,165.0,155.0,163.0,23299300
2023-09-19,151.2183837890625,164.0,165.0,156.0,157.0,11081400
2023-09-20,158.59487915039062,172.0,185.0,161.0,165.0,118447900
2023-09-21,153.0625,166.0,176.0,163.0,163.0,25055700
2023-09-22,151.2183837890625,164.0,169.0,160.0,160.0,10428200
2023-09-25,153.0625,166.0,171.0,163.0,165.0,19776000
2023-09-26,151.2183837890625,164.0,169.0,164.0,167.0,8314500
2023-09-27,151.2183837890625,164.0,167.0,162.0,164.0,4882100
2023-09-29,150.2963104248047,163.0,171.0,148.0,148.0,22373900
2023-10-02,157.67282104492188,171.0,173.0,163.0,164.0,35020500
2023-10-03,157.67282104492188,171.0,178.0,170.0,172.0,25438900
2023-10-04,154.90663146972656,168.0,177.0,168.0,172.0,10567200
2023-10-05,153.9845733642578,167.0,173.0,163.0,163.0,14919500
2023-10-06,151.2183837890625,164.0,169.0,164.0,168.0,9136300
2023-10-09,153.0625,166.0,171.0,164.0,166.0,10254600
2023-10-10,152.14044189453125,165.0,169.0,165.0,167.0,4667500
2023-10-11,153.0625,166.0,169.0,165.0,165.0,5793000
2023-10-12,153.9845733642578,167.0,171.0,166.0,166.0,10756700
2023-10-13,151.2183837890625,164.0,173.0,164.0,167.0,15389600
2023-10-16,149.37425231933594,162.0,166.0,160.0,165.0,11926900
2023-10-17,149.37425231933594,162.0,165.0,161.0,162.0,4845600
2023-10-18,147.53012084960938,160.0,163.0,159.0,162.0,7390000
2023-10-19,147.53012084960938,160.0,167.0,159.0,161.0,5343100
2023-10-20,146.60806274414062,159.0,161.0,158.0,160.0,3343600
2023-10-23,144.76394653320312,157.0,161.0,155.0,161.0,4849200
2023-10-24,146.60806274414062,159.0,160.0,157.0,157.0,1587700
2023-10-25,143.8418731689453,156.0,165.0,155.0,159.0,11177200
2023-10-26,139.2315673828125,151.0,158.0,150.0,156.0,15129800
2023-10-27,138.3094940185547,150.0,153.0,148.0,151.0,6168200
2023-10-30,140.1536102294922,152.0,153.0,142.0,142.0,4026800
2023-10-31,142.9197998046875,155.0,158.0,151.0,153.0,4310100
2023-11-01,138.3094940185547,150.0,156.0,148.0,155.0,4863000
2023-11-02,139.2315673828125,151.0,153.0,150.0,150.0,1923600
2023-11-03,140.1536102294922,152.0,154.0,150.0,151.0,11611000
2023-11-06,139.2315673828125,151.0,154.0,150.0,152.0,3060600
2023-11-07,135.54330444335938,147.0,152.0,147.0,150.0,4828700
2023-11-08,131.8550567626953,143.0,150.0,142.0,148.0,6269800
2023-11-09,128.1667938232422,139.0,147.0,139.0,143.0,3697500
2023-11-10,141.07568359375,153.0,163.0,130.0,130.0,29621200
2023-11-13,141.9977569580078,154.0,156.0,148.0,148.0,7245600
2023-11-14,153.0625,166.0,170.0,147.0,147.0,51162200
2023-11-15,148.45217895507812,161.0,169.0,160.0,169.0,13336200
2023-11-16,146.60806274414062,159.0,167.0,157.0,162.0,11650100
2023-11-17,144.76394653320312,157.0,164.0,156.0,160.0,6674200
2023-11-20,140.1536102294922,152.0,167.0,152.0,157.0,35741100
2023-11-21,141.07568359375,153.0,156.0,152.0,153.0,8686100
2023-11-22,142.9197998046875,155.0,160.0,150.0,153.0,17824300
2023-11-23,140.1536102294922,152.0,160.0,152.0,156.0,5571700
2023-11-24,141.07568359375,153.0,157.0,150.0,153.0,7038900
2023-11-27,141.9977569580078,154.0,154.0,151.0,152.0,3865900
2023-11-28,141.07568359375,153.0,154.0,151.0,154.0,2253500
2023-11-29,137.38742065429688,149.0,156.0,145.0,153.0,26394800
2023-11-30,137.38742065429688,149.0,155.0,148.0,149.0,9696200
2023-12-01,137.38742065429688,149.0,152.0,148.0,150.0,4892200
2023-12-04,138.3094940185547,150.0,151.0,148.0,150.0,7357200
2023-12-05,137.38742065429688,149.0,152.0,148.0,150.0,4676900
2023-12-06,136.46536254882812,148.0,153.0,148.0,150.0,6441700
2023-12-07,140.1536102294922,152.0,154.0,149.0,149.0,11598700
2023-12-08,138.3094940185547,150.0,152.0,149.0,152.0,4495200
2023-12-11,132.77711486816406,144.0,152.0,144.0,150.0,12969000
2023-12-12,130.9329833984375,142.0,148.0,141.0,145.0,6168500
2023-12-13,133.6991729736328,145.0,150.0,142.0,142.0,6407700
2023-12-14,134.62124633789062,146.0,148.0,145.0,146.0,3031500
2023-12-15,127.2447280883789,138.0,149.0,138.0,146.0,7071700
2023-12-18,132.77711486816406,144.0,147.0,139.0,139.0,6862400
2023-12-19,133.6991729736328,145.0,147.0,135.0,135.0,2843300
2023-12-20,142.9197998046875,155.0,155.0,144.0,145.0,20794500
2023-12-21,146.60806274414062,159.0,200.0,150.0,160.0,655911200
2023-12-22,144.76394653320312,157.0,170.0,153.0,159.0,103879400
2023-12-27,155.8286895751953,169.0,170.0,158.0,158.0,116281200
2023-12-28,148.45217895507812,161.0,173.0,160.0,170.0,73723800
2023-12-29,143.8418731689453,156.0,162.0,155.0,161.0,26546100
2024-01-02,149.37425231933594,162.0,169.0,158.0,158.0,65995600
2024-01-03,147.53012084960938,160.0,166.0,159.0,164.0,15445600
2024-01-04,156.75076293945312,170.0,170.0,160.0,162.0,61468500
2024-01-05,153.0625,166.0,176.0,165.0,175.0,125321600
2024-01-08,151.2183837890625,164.0,169.0,163.0,166.0,28635300
2024-01-09,144.76394653320312,157.0,167.0,156.0,166.0,35283700
2024-01-10,145.6859893798828,158.0,159.0,152.0,158.0,15120300
2024-01-11,151.2183837890625,164.0,166.0,158.0,158.0,31883000
2024-01-12,149.37425231933594,162.0,166.0,161.0,165.0,13511600
2024-01-15,165.9713897705078,180.0,188.0,162.0,163.0,299475700
2024-01-16,165.04933166503906,179.0,188.0,174.0,181.0,140865700
2024-01-17,170.5817108154297,185.0,197.0,179.0,179.0,234513800
2024-01-18,161.36106872558594,175.0,189.0,173.0,185.0,103418400
2024-01-19,159.51695251464844,173.0,178.0,170.0,176.0,41680300
2024-01-22,156.75076293945312,170.0,177.0,170.0,175.0,33664500
2024-01-23,151.2183837890625,164.0,172.0,162.0,171.0,32916300
2024-01-24,163.2052001953125,177.0,180.0,164.0,165.0,95353500
2024-01-25,157.67282104492188,171.0,180.0,171.0,179.0,41469800
2024-01-26,151.2183837890625,164.0,173.0,163.0,171.0,32279900
2024-01-29,153.9845733642578,167.0,170.0,163.0,165.0,21218600
2024-01-30,153.0625,166.0,168.0,162.0,167.0,16930000
2024-01-31,152.14044189453125,165.0,167.0,162.0,166.0,10917800
2024-02-01,149.37425231933594,162.0,165.0,157.0,165.0,20058900
2024-02-02,146.60806274414062,159.0,164.0,158.0,162.0,10853000
2024-02-05,152.14044189453125,165.0,169.0,157.0,157.0,25935100
2024-02-06,149.37425231933594,162.0,166.0,162.0,166.0,8336100
2024-02-07,150.2963104248047,163.0,168.0,162.0,163.0,21579600
2024-02-12,152.14044189453125,165.0,166.0,163.0,164.0,12296200
2024-02-13,154.90663146972656,168.0,173.0,165.0,166.0,37841700
2024-02-15,151.2183837890625,164.0,170.0,162.0,168.0,19637000
2024-02-16,150.2963104248047,163.0,166.0,162.0,165.0,7434900
2024-02-19,150.2963104248047,163.0,164.0,161.0,163.0,7624700
2024-02-20,149.37425231933594,162.0,164.0,161.0,162.0,6780800
2024-02-21,151.2183837890625,164.0,164.0,162.0,162.0,7189700
2024-02-22,153.0625,166.0,167.0,162.0,164.0,9337000
2024-02-23,152.14044189453125,165.0,169.0,163.0,167.0,9580000
2024-02-26,150.2963104248047,163.0,167.0,162.0,166.0,9050900
2024-02-27,150.2963104248047,163.0,165.0,160.0,164.0,10264000
2024-02-28,148.45217895507812,161.0,164.0,161.0,163.0,5317400
2024-02-29,148.45217895507812,161.0,164.0,159.0,161.0,7819800
2024-03-01,149.37425231933594,162.0,163.0,160.0,161.0,6574500
2024-03-04,147.53012084960938,160.0,163.0,160.0,163.0,5110800
2024-03-05,145.6859893798828,158.0,162.0,155.0,160.0,15818200
2024-03-06,147.53012084960938,160.0,160.0,157.0,158.0,8626600
2024-03-07,147.53012084960938,160.0,161.0,158.0,160.0,5153700
2024-03-08,145.6859893798828,158.0,164.0,158.0,160.0,10025600
2024-03-13,144.76394653320312,157.0,161.0,156.0,159.0,12979500
2024-03-14,144.76394653320312,157.0,159.0,156.0,159.0,5592000
2024-03-15,145.6859893798828,158.0,161.0,157.0,157.0,5633300
2024-03-18,147.53012084960938,160.0,160.0,158.0,158.0,7204700
2024-03-19,145.6859893798828,158.0,161.0,158.0,160.0,5820400
2024-03-20,145.6859893798828,158.0,160.0,157.0,158.0,3064200
2024-03-21,148.45217895507812,161.0,162.0,158.0,158.0,4872200
2024-03-22,149.37425231933594,162.0,164.0,161.0,161.0,9942700
2024-03-25,152.14044189453125,165.0,170.0,162.0,170.0,37155800
2024-03-26,150.2963104248047,163.0,166.0,161.0,166.0,13989400
2024-03-27,156.75076293945312,170.0,170.0,162.0,162.0,27532400
2024-03-28,153.9845733642578,167.0,172.0,166.0,170.0,17080700
2024-04-01,147.53012084960938,160.0,169.0,160.0,168.0,14196800
2024-04-02,150.2963104248047,163.0,164.0,160.0,162.0,4593900
2024-04-03,153.0625,166.0,169.0,163.0,163.0,28745200
2024-04-04,152.14044189453125,165.0,168.0,163.0,167.0,11883400
2024-04-05,153.0625,166.0,166.0,164.0,166.0,10632700
2024-04-16,153.0625,158.0,161.0,151.0,161.0,15226400
2024-04-17,154.03125,159.0,163.0,158.0,158.0,5501200
2024-04-18,152.09375,157.0,160.0,157.0,159.0,3400100
2024-04-19,150.15625,155.0,158.0,153.0,157.0,5360200
2024-04-22,150.15625,155.0,157.0,152.0,153.0,2066500
2024-04-23,147.25,152.0,156.0,150.0,155.0,4659800
2024-04-24,147.25,152.0,158.0,151.0,152.0,4776700
2024-04-25,145.3125,150.0,154.0,150.0,152.0,3109100
2024-04-26,142.40625,147.0,151.0,146.0,150.0,5700300
2024-04-29,141.4375,146.0,150.0,144.0,147.0,4477800
2024-04-30,149.1875,154.0,160.0,146.0,146.0,10910100
2024-05-02,149.1875,154.0,156.0,150.0,154.0,6035900
2024-05-03,151.125,156.0,159.0,148.0,154.0,6521800
2024-05-06,151.125,156.0,158.0,153.0,156.0,2851700
2024-05-07,148.21875,153.0,157.0,153.0,155.0,2392300
2024-05-08,148.21875,153.0,155.0,150.0,153.0,2584400
2024-05-13,150.15625,155.0,158.0,150.0,153.0,10845300
2024-05-14,148.21875,153.0,156.0,152.0,155.0,3302800
2024-05-15,145.3125,150.0,154.0,150.0,154.0,2922700
2024-05-16,150.15625,155.0,157.0,150.0,150.0,5506700
2024-05-17,151.125,156.0,159.0,153.0,154.0,6935900
2024-05-20,147.25,152.0,159.0,152.0,157.0,6040400
2024-05-21,151.125,156.0,159.0,151.0,152.0,10896700
2024-05-22,147.25,152.0,157.0,152.0,157.0,4405800
2024-05-27,150.15625,155.0,160.0,150.0,152.0,13674700
2024-05-28,149.1875,154.0,157.0,152.0,155.0,2516500
2024-05-29,155.0,160.0,169.0,153.0,154.0,28701300
2024-05-30,151.125,156.0,161.0,152.0,160.0,5612500
2024-05-31,150.15625,155.0,158.0,154.0,157.0,4981600
2024-06-03,150.15625,155.0,158.0,154.0,155.0,3485800
2024-06-04,149.1875,154.0,156.0,154.0,156.0,2921200
2024-06-05,146.28125,151.0,154.0,151.0,154.0,2748000
2024-06-06,147.25,152.0,155.0,151.0,153.0,2437600
2024-06-07,149.1875,154.0,158.0,152.0,152.0,6480700
2024-06-10,150.15625,155.0,158.0,154.0,154.0,4088500
2024-06-11,148.21875,153.0,156.0,153.0,155.0,2407400
2024-06-12,148.21875,153.0,158.0,151.0,153.0,5028400
2024-06-13,148.21875,153.0,154.0,152.0,153.0,804300
2024-06-14,146.28125,151.0,153.0,150.0,153.0,1838500
2024-06-19,143.375,148.0,152.0,148.0,151.0,5482600
2024-06-20,150.15625,155.0,155.0,147.0,147.0,2301500
2024-06-21,147.25,152.0,157.0,152.0,152.0,6635800
2024-06-24,148.21875,153.0,156.0,152.0,154.0,3957100
2024-06-25,148.21875,153.0,155.0,152.0,153.0,1063500
2024-06-26,147.25,152.0,154.0,152.0,154.0,1458300
2024-06-27,146.28125,151.0,153.0,150.0,153.0,2188200
2024-06-28,148.21875,153.0,157.0,151.0,152.0,6892100
2024-07-01,158.875,164.0,167.0,153.0,153.0,58492900
2024-07-02,155.96875,161.0,167.0,160.0,164.0,12859200
2024-07-03,155.96875,161.0,167.0,161.0,161.0,14569200
2024-07-04,158.875,164.0,167.0,161.0,161.0,11676200
2024-07-05,157.90625,163.0,166.0,162.0,164.0,6081900
2024-07-08,157.90625,163.0,166.0,162.0,163.0,6589500
2024-07-09,156.9375,162.0,164.0,161.0,163.0,3468800
2024-07-10,153.0625,158.0,162.0,156.0,162.0,13502400
2024-07-11,162.75,168.0,173.0,158.0,158.0,66708200
2024-07-12,160.8125,166.0,172.0,165.0,169.0,12311000
2024-07-15,163.71875,169.0,174.0,166.0,167.0,26544100
2024-07-16,161.78125,167.0,173.0,166.0,170.0,14027100
2024-07-17,161.78125,167.0,169.0,166.0,168.0,5259200
2024-07-18,159.84375,165.0,168.0,165.0,167.0,8110700
2024-07-19,155.96875,161.0,167.0,161.0,166.0,18096300
2024-07-22,155.0,160.0,163.0,160.0,161.0,7237700
2024-07-23,153.0625,158.0,162.0,156.0,161.0,11450400
2024-07-24,150.15625,155.0,159.0,155.0,158.0,7680800
2024-07-25,146.28125,151.0,156.0,151.0,155.0,9815200
2024-07-26,149.1875,154.0,155.0,151.0,151.0,3968500
2024-07-29,147.25,152.0,155.0,151.0,153.0,3359700
2024-07-30,145.3125,150.0,154.0,150.0,152.0,6519000
2024-07-31,148.21875,153.0,153.0,148.0,151.0,4123700
2024-08-01,147.25,152.0,154.0,148.0,151.0,5184200
2024-08-02,147.25,152.0,155.0,150.0,155.0,2004300
2024-08-05,141.4375,146.0,152.0,145.0,152.0,11129400
2024-08-06,145.3125,150.0,151.0,146.0,146.0,4806600
2024-08-07,146.28125,151.0,153.0,150.0,151.0,2393600
2024-08-08,144.34375,149.0,152.0,148.0,152.0,4145800
2024-08-09,146.28125,151.0,151.0,149.0,150.0,1903900
2024-08-12,145.3125,150.0,152.0,150.0,151.0,1694900
2024-08-13,148.21875,153.0,153.0,150.0,151.0,6208100
2024-08-14,148.21875,153.0,155.0,152.0,153.0,6308300
2024-08-15,147.25,152.0,154.0,151.0,153.0,1513200
2024-08-16,151.125,156.0,162.0,152.0,152.0,44195600
2024-08-19,152.09375,157.0,161.0,156.0,156.0,15379800
2024-08-20,150.15625,155.0,159.0,154.0,157.0,12585500
2024-08-21,149.1875,154.0,158.0,154.0,156.0,5193600
2024-08-22,148.21875,153.0,156.0,153.0,154.0,3820100
2024-08-23,147.25,152.0,156.0,152.0,154.0,6314400
2024-08-26,146.28125,151.0,155.0,151.0,154.0,4833900
2024-08-27,146.28125,151.0,153.0,149.0,152.0,10022200
2024-08-28,144.34375,149.0,152.0,149.0,151.0,9905100
2024-08-29,143.375,148.0,150.0,147.0,150.0,10834400
2024-08-30,146.28125,151.0,153.0,147.0,148.0,10678000
2024-09-02,146.28125,151.0,152.0,150.0,151.0,4440300
2024-09-03,144.34375,149.0,151.0,149.0,151.0,3046300
2024-09-04,144.34375,149.0,151.0,147.0,149.0,3726300
2024-09-05,144.34375,149.0,150.0,141.0,141.0,3766700
2024-09-06,144.34375,149.0,150.0,148.0,150.0,2034900
2024-09-09,144.34375,149.0,150.0,148.0,149.0,3739100
2024-09-10,144.34375,149.0,151.0,149.0,149.0,4178700
2024-09-11,143.375,148.0,151.0,148.0,150.0,3695800
2024-09-12,145.3125,150.0,150.0,148.0,149.0,1483600
2024-09-13,144.34375,149.0,152.0,148.0,150.0,2432500
2024-09-17,143.375,148.0,150.0,147.0,149.0,9583400
2024-09-18,143.375,148.0,150.0,147.0,149.0,5389400
2024-09-19,143.375,148.0,149.0,147.0,148.0,4914600
2024-09-20,141.4375,146.0,149.0,146.0,148.0,5259500
2024-09-23,143.375,148.0,149.0,146.0,147.0,4496900
2024-09-24,142.40625,147.0,151.0,147.0,148.0,8451500
2024-09-25,145.3125,150.0,152.0,147.0,148.0,13641900
2024-09-26,144.34375,149.0,151.0,148.0,150.0,3389400
2024-09-27,143.375,148.0,150.0,148.0,149.0,1409700
2024-09-30,144.34375,149.0,151.0,148.0,149.0,6615200
2024-10-01,143.375,148.0,150.0,147.0,149.0,3891000
2024-10-02,146.28125,151.0,153.0,147.0,148.0,18689100
2024-10-03,144.34375,149.0,152.0,148.0,151.0,10733000
2024-10-04,145.3125,150.0,152.0,148.0,149.0,6374900
2024-10-07,146.28125,151.0,153.0,149.0,151.0,15789200
2024-10-08,144.34375,149.0,152.0,149.0,152.0,2488800
2024-10-09,144.34375,149.0,152.0,148.0,150.0,11563900
2024-10-10,144.34375,149.0,150.0,147.0,149.0,2620300
2024-10-11,144.34375,149.0,150.0,147.0,149.0,3116800
2024-10-14,143.375,148.0,150.0,147.0,149.0,4455500
2024-10-15,142.40625,147.0,149.0,147.0,147.0,4555100
2024-10-16,143.375,148.0,149.0,147.0,148.0,2053600
2024-10-17,143.375,148.0,149.0,147.0,149.0,4461600
2024-10-18,143.375,148.0,149.0,147.0,148.0,3594700
2024-10-21,143.375,148.0,149.0,147.0,149.0,4258000
2024-10-22,142.40625,147.0,149.0,147.0,148.0,3850400
2024-10-23,143.375,148.0,149.0,147.0,147.0,5417900
2024-10-24,142.40625,147.0,150.0,146.0,149.0,6931800
2024-10-25,140.46875,145.0,148.0,145.0,147.0,7054400
2024-10-28,138.53125,143.0,146.0,143.0,146.0,6359800
2024-10-29,140.46875,145.0,150.0,143.0,143.0,9120700
2024-10-30,140.46875,145.0,148.0,142.0,145.0,6968200
2024-10-31,140.46875,145.0,147.0,142.0,145.0,5276900
2024-11-01,138.53125,143.0,145.0,142.0,145.0,3701600
2024-11-04,137.5625,142.0,144.0,141.0,144.0,3628200
2024-11-05,135.625,140.0,143.0,138.0,142.0,7511400
2024-11-06,131.75,136.0,141.0,134.0,141.0,6304400
2024-11-07,131.75,136.0,137.0,134.0,136.0,6211300
2024-11-08,136.59375,141.0,145.0,134.0,136.0,10368900
2024-11-11,132.71875,137.0,150.0,135.0,143.0,7712600
2024-11-12,135.625,140.0,141.0,136.0,139.0,4590000
2024-11-13,134.65625,139.0,141.0,137.0,140.0,2461500
2024-11-14,132.71875,137.0,142.0,136.0,139.0,3960500
2024-11-15,130.78125,135.0,140.0,133.0,137.0,3863300
2024-11-18,129.8125,134.0,138.0,133.0,135.0,1924700
2024-11-19,132.71875,137.0,138.0,130.0,130.0,2776000
2024-11-20,135.625,140.0,144.0,135.0,140.0,5473900
2024-11-21,133.6875,138.0,142.0,137.0,140.0,2306200
2024-11-22,134.65625,139.0,141.0,138.0,138.0,662300
2024-11-25,135.625,140.0,143.0,139.0,139.0,5501400
2024-11-26,135.625,140.0,143.0,139.0,140.0,1817800
2024-11-28,135.625,140.0,143.0,139.0,143.0,821000
2024-11-29,134.65625,139.0,141.0,138.0,140.0,950400
2024-12-02,132.71875,137.0,141.0,137.0,140.0,1374400
2024-12-03,133.6875,138.0,140.0,136.0,137.0,1191500
2024-12-04,134.65625,139.0,140.0,138.0,138.0,658800
2024-12-05,133.6875,138.0,139.0,137.0,138.0,379300
2024-12-06,132.71875,137.0,139.0,137.0,139.0,568500
2024-12-09,135.625,140.0,141.0,136.0,137.0,2022800
2024-12-10,134.65625,139.0,140.0,137.0,139.0,1070400
2024-12-11,133.6875,138.0,140.0,137.0,139.0,2538300
2024-12-12,132.71875,137.0,140.0,137.0,138.0,1896000
2024-12-13,132.71875,137.0,139.0,136.0,137.0,1310300
2024-12-16,130.78125,135.0,138.0,134.0,137.0,2895800
2024-12-17,130.78125,135.0,138.0,133.0,135.0,2092000
2024-12-18,125.9375,130.0,135.0,130.0,135.0,3319800
2024-12-19,136.59375,141.0,146.0,126.0,130.0,14461900
2024-12-20,135.625,140.0,143.0,135.0,142.0,3758700
2024-12-23,131.75,136.0,140.0,133.0,140.0,3071800
2024-12-24,134.65625,139.0,142.0,133.0,136.0,5183000
2024-12-27,136.59375,141.0,145.0,136.0,139.0,4780600
2024-12-30,133.6875,138.0,141.0,137.0,137.0,1540400
2025-01-02,134.65625,139.0,140.0,136.0,138.0,1011700
2025-01-03,134.65625,139.0,140.0,137.0,139.0,529600
2025-01-06,133.6875,138.0,140.0,136.0,139.0,737900
2025-01-07,132.71875,137.0,138.0,136.0,138.0,1057000
2025-01-08,130.78125,135.0,138.0,135.0,137.0,616600
2025-01-09,131.75,136.0,137.0,134.0,135.0,439700
2025-01-10,129.8125,134.0,136.0,134.0,136.0,763200
2025-01-13,129.8125,134.0,136.0,132.0,135.0,2758500
2025-01-14,134.65625,139.0,141.0,134.0,134.0,2950000
2025-01-15,132.71875,137.0,141.0,137.0,140.0,1041800
2025-01-16,131.75,136.0,140.0,136.0,137.0,1003800
2025-01-17,131.75,136.0,137.0,135.0,136.0,544200
2025-01-20,132.71875,137.0,140.0,134.0,136.0,1323400
2025-01-21,132.71875,137.0,137.0,135.0,137.0,1034300
2025-01-22,130.78125,135.0,138.0,134.0,137.0,1275300
2025-01-23,130.78125,135.0,136.0,133.0,135.0,1215100
2025-01-24,130.78125,135.0,135.0,134.0,135.0,988200
2025-01-30,130.78125,135.0,140.0,132.0,134.0,4165700
2025-01-31,130.78125,135.0,136.0,134.0,135.0,483100
2025-02-03,130.78125,135.0,136.0,133.0,135.0,1353000
2025-02-04,137.5625,142.0,142.0,135.0,135.0,5967300
2025-02-05,136.59375,141.0,143.0,139.0,143.0,3305700
2025-02-06,131.75,136.0,141.0,136.0,141.0,3172000
2025-02-07,132.71875,137.0,155.0,135.0,136.0,38807000
2025-02-10,127.875,132.0,140.0,125.0,137.0,13669600
2025-02-11,118.1875,122.0,138.0,115.0,132.0,14649800
2025-02-12,123.03125,127.0,130.0,121.0,122.0,5132800
2025-02-13,121.09375,125.0,128.0,125.0,127.0,1722800
2025-02-14,126.90625,131.0,134.0,126.0,126.0,2910700
2025-02-17,128.84375,133.0,136.0,129.0,131.0,2725200
2025-02-18,126.90625,131.0,136.0,131.0,133.0,2073800
2025-02-19,126.90625,131.0,137.0,130.0,131.0,1858300
2025-02-20,127.875,132.0,134.0,131.0,132.0,1149200
2025-02-21,127.875,132.0,134.0,130.0,132.0,1577700
2025-02-24,129.8125,134.0,137.0,131.0,133.0,6689700
2025-02-25,128.84375,133.0,136.0,131.0,133.0,712300
2025-02-26,126.90625,131.0,134.0,130.0,133.0,2359100
2025-02-27,129.8125,134.0,141.0,132.0,133.0,7405200
2025-02-28,124.96875,129.0,134.0,129.0,134.0,1615700
2025-03-03,129.8125,134.0,134.0,130.0,130.0,1528600
2025-03-04,126.90625,131.0,139.0,131.0,134.0,3205500
2025-03-05,127.875,132.0,134.0,131.0,132.0,537100
2025-03-06,127.875,132.0,134.0,131.0,132.0,801300
2025-03-07,125.9375,130.0,133.0,128.0,132.0,2390600
2025-03-10,124.96875,129.0,131.0,128.0,130.0,1624300
2025-03-11,123.03125,127.0,131.0,125.0,129.0,1175100
2025-03-12,124.96875,129.0,130.0,127.0,127.0,599000
2025-03-13,124.0,128.0,132.0,127.0,129.0,1338200
2025-03-14,124.0,128.0,129.0,127.0,128.0,372100
2025-03-17,123.03125,127.0,134.0,126.0,128.0,4959800
2025-03-18,121.09375,125.0,129.0,123.0,128.0,2884400
2025-03-19,121.09375,125.0,128.0,124.0,125.0,1247400
2025-03-20,129.8125,134.0,140.0,124.0,125.0,4039300
2025-03-21,124.96875,129.0,134.0,128.0,134.0,632600
2025-03-24,122.0625,126.0,129.0,125.0,129.0,1276700
2025-03-25,123.03125,127.0,132.0,126.0,126.0,1243000
2025-03-26,126.90625,131.0,136.0,127.0,127.0,3290800
2025-03-27,123.03125,127.0,133.0,126.0,131.0,4789500
2025-04-08,120.125,124.0,127.0,121.0,126.0,3475300
2025-04-09,121.09375,125.0,131.0,123.0,123.0,3679000
2025-04-10,124.0,128.0,135.0,127.0,128.0,5055800
2025-04-11,126.0,126.0,127.0,120.0,125.0,2622000
2025-04-14,126.0,126.0,128.0,125.0,125.0,1421700
2025-04-15,129.0,129.0,130.0,127.0,130.0,2290800
2025-04-16,129.0,129.0,133.0,129.0,131.0,3212300
2025-04-17,133.0,133.0,134.0,128.0,130.0,1749800
2025-04-21,133.0,133.0,136.0,131.0,133.0,1221900
2025-04-22,135.0,135.0,135.0,131.0,133.0,1850900
2025-04-23,138.0,138.0,142.0,133.0,136.0,4880200
2025-04-24,141.0,141.0,144.0,139.0,140.0,5440700
2025-04-25,139.0,139.0,142.0,137.0,141.0,2699000
2025-04-28,138.0,138.0,139.0,136.0,137.0,7667100
2025-04-29,139.0,139.0,141.0,138.0,138.0,678800
2025-04-30,139.0,139.0,143.0,139.0,141.0,3254300
2025-05-02,138.0,138.0,141.0,137.0,139.0,1999000
2025-05-05,137.0,137.0,144.0,136.0,138.0,13178200
2025-05-06,140.0,140.0,143.0,136.0,138.0,7271100
2025-05-07,139.0,139.0,141.0,138.0,140.0,2891100
2025-05-08,139.0,139.0,141.0,138.0,141.0,2051500
2025-05-09,139.0,139.0,141.0,137.0,140.0,1588800
2025-05-14,141.0,141.0,148.0,139.0,139.0,8582900
2025-05-15,141.0,141.0,144.0,140.0,142.0,1856200
2025-05-16,139.0,139.0,142.0,138.0,141.0,1101300
2025-05-19,138.0,138.0,140.0,134.0,139.0,10923500
2025-05-20,136.0,136.0,139.0,134.0,138.0,5329300
2025-05-21,135.0,135.0,137.0,135.0,137.0,2295100
2025-05-22,136.0,136.0,136.0,134.0,135.0,587400
2025-05-23,137.0,137.0,137.0,135.0,136.0,877600
2025-05-26,134.0,134.0,137.0,134.0,137.0,1922200
2025-05-27,134.0,134.0,136.0,134.0,134.0,520400
2025-05-28,133.0,133.0,136.0,133.0,134.0,1468600
2025-06-02,136.0,136.0,137.0,133.0,133.0,2221800
2025-06-03,136.0,136.0,137.0,134.0,136.0,800200
2025-06-04,136.0,136.0,136.0,135.0,136.0,389800
2025-06-05,131.0,131.0,136.0,125.0,136.0,8788500
2025-06-10,135.0,135.0,137.0,131.0,132.0,5795800
2025-06-11,134.0,134.0,135.0,129.0,135.0,4890300
2025-06-12,133.0,133.0,134.0,124.0,134.0,12555400
2025-06-13,133.0,133.0,141.0,131.0,133.0,13177300
2025-06-16,143.0,143.0,144.0,134.0,135.0,30089400
2025-06-17,139.0,139.0,146.0,135.0,144.0,26743300
2025-06-18,136.0,136.0,145.0,135.0,142.0,16290300
2025-06-19,134.0,134.0,140.0,134.0,137.0,9408400
2025-06-20,135.0,135.0,139.0,133.0,134.0,3808900
2025-06-23,143.0,143.0,144.0,137.0,137.0,16994800
2025-06-24,134.0,134.0,143.0,133.0,142.0,18429300
2025-06-25,131.0,131.0,135.0,130.0,134.0,6263600
2025-06-26,130.0,130.0,135.0,129.0,130.0,4111300
2025-06-30,132.0,132.0,134.0,130.0,131.0,1483000
2025-07-01,132.0,132.0,134.0,129.0,133.0,2154700
2025-07-02,130.0,130.0,133.0,130.0,132.0,2068400
2025-07-03,132.0,132.0,133.0,130.0,130.0,1237100
2025-07-04,129.0,129.0,132.0,128.0,132.0,2474900
2025-07-07,128.0,128.0,130.0,126.0,129.0,4641100
2025-07-08,127.0,127.0,129.0,126.0,127.0,1288700
2025-07-09,130.0,130.0,130.0,127.0,127.0,1441200
2025-07-10,133.0,133.0,133.0,123.0,130.0,5695400
2025-07-11,132.0,132.0,133.0,130.0,133.0,1532700
2025-07-14,130.0,130.0,133.0,129.0,132.0,1117000
2025-07-15,130.0,130.0,132.0,129.0,130.0,1722500
2025-07-16,131.0,131.0,132.0,130.0,132.0,681300
2025-07-17,129.0,129.0,132.0,129.0,131.0,1112100
2025-07-18,130.0,130.0,132.0,129.0,130.0,1777600
2025-07-21,129.0,129.0,131.0,129.0,130.0,1610200
2025-07-22,128.0,128.0,130.0,128.0,129.0,3087100
2025-07-23,132.0,132.0,133.0,127.0,129.0,5854000
2025-07-24,129.0,129.0,133.0,128.0,132.0,3890200
2025-07-25,131.0,131.0,131.0,129.0,131.0,929800
2025-07-28,129.0,129.0,132.0,129.0,131.0,5558100
2025-07-29,130.0,130.0,136.0,129.0,131.0,8252000
2025-07-30,130.0,130.0,132.0,129.0,130.0,860400
2025-07-31,128.0,128.0,131.0,125.0,130.0,10836400
2025-08-01,128.0,128.0,130.0,128.0,129.0,2269500
2025-08-04,127.0,127.0,129.0,125.0,129.0,6426500
2025-08-05,127.0,127.0,128.0,126.0,128.0,2928700
2025-08-06,127.0,127.0,128.0,126.0,127.0,1135400
2025-08-07,127.0,127.0,128.0,126.0,127.0,1248500
2025-08-08,127.0,127.0,128.0,126.0,128.0,1657300
2025-08-11,127.0,127.0,128.0,126.0,128.0,1432300
2025-08-12,127.0,127.0,128.0,125.0,128.0,6332200
2025-08-13,127.0,127.0,129.0,126.0,127.0,2878300
2025-08-14,130.0,130.0,133.0,128.0,128.0,11977800
2025-08-15,131.0,131.0,134.0,130.0,130.0,8794800
2025-08-19,140.0,140.0,140.0,131.0,131.0,23388500
2025-08-20,140.0,140.0,143.0,138.0,141.0,13147600
2025-08-21,137.0,137.0,140.0,136.0,139.0,3281500
2025-08-22,137.0,137.0,140.0,136.0,137.0,6011400
2025-08-25,138.0,138.0,139.0,136.0,137.0,2480000
2025-08-26,137.0,137.0,140.0,136.0,139.0,4176400
2025-08-27,136.0,136.0,138.0,135.0,137.0,2642200
2025-08-28,136.0,136.0,137.0,134.0,136.0,3910900
2025-08-29,137.0,137.0,146.0,135.0,138.0,24431300
2025-09-01,131.0,131.0,135.0,126.0,135.0,9513700
2025-09-02,134.0,134.0,136.0,131.0,131.0,3898800
2025-09-03,134.0,134.0,141.0,134.0,135.0,11671200
2025-09-04,138.0,138.0,140.0,135.0,135.0,2843800
2025-09-08,137.0,137.0,140.0,136.0,140.0,4707000
2025-09-09,135.0,135.0,139.0,134.0,137.0,3431600
2025-09-10,136.0,136.0,137.0,134.0,135.0,3144500
2025-09-11,138.0,138.0,138.0,135.0,138.0,1906400
2025-09-12,137.0,137.0,139.0,136.0,138.0,4883000
2025-09-15,139.0,139.0,142.0,137.0,138.0,9991000
2025-09-16,137.0,137.0,141.0,136.0,140.0,6886700
2025-09-17,135.0,135.0,138.0,129.0,137.0,6295100
2025-09-18,136.0,136.0,137.0,135.0,136.0,3049000
2025-09-19,135.0,135.0,137.0,134.0,136.0,3431200
2025-09-22,134.0,134.0,136.0,132.0,135.0,2463400
2025-09-23,135.0,135.0,136.0,134.0,135.0,1503900
2025-09-24,133.0,133.0,136.0,133.0,136.0,4517000
2025-09-25,133.0,133.0,135.0,132.0,134.0,1615000
2025-09-26,137.0,137.0,137.0,132.0,132.0,3379200
2025-09-29,135.0,135.0,137.0,132.0,137.0,6129500
2025-09-30,131.0,131.0,134.0,129.0,133.0,9784500
2025-10-01,131.0,131.0,133.0,130.0,131.0,2991300
2025-10-02,132.0,132.0,133.0,129.0,130.0,2515000
2025-10-03,130.0,130.0,132.0,129.0,130.0,3672500
2025-10-06,130.0,130.0,131.0,129.0,130.0,2212000
2025-10-07,130.0,130.0,131.0,128.0,130.0,3471800
2025-10-08,127.0,127.0,131.0,127.0,130.0,2757000
2025-10-09,132.0,132.0,137.0,128.0,129.0,9818000
2025-10-10,131.0,131.0,133.0,129.0,131.0,2428900
2025-10-13,131.0,131.0,134.0,128.0,130.0,7867900
2025-10-14,130.0,130.0,136.0,128.0,132.0,5278900
2025-10-15,129.0,129.0,132.0,127.0,132.0,2311300
2025-10-16,130.0,130.0,131.0,128.0,129.0,975800
2025-10-17,128.0,128.0,130.0,127.0,129.0,2111700
2025-10-20,128.0,128.0,130.0,127.0,128.0,3463900
2025-10-21,129.0,129.0,130.0,127.0,128.0,5204600
2025-10-22,129.0,129.0,133.0,128.0,129.0,6460500
2025-10-23,131.0,131.0,132.0,129.0,130.0,3109200
2025-10-24,131.0,131.0,132.0,129.0,131.0,2214300
2025-10-27,129.0,129.0,132.0,128.0,131.0,4057400
2025-10-28,130.0,130.0,131.0,128.0,128.0,2433400
2025-10-29,131.0,131.0,131.0,129.0,130.0,2397000
2025-10-30,130.0,130.0,131.0,129.0,131.0,2263500
2025-10-31,130.0,130.0,131.0,129.0,130.0,560200
2025-11-03,129.0,129.0,131.0,128.0,129.0,2225600
2025-11-04,131.0,131.0,131.0,128.0,129.0,4488000
2025-11-05,130.0,130.0,131.0,129.0,131.0,1238700
2025-11-06,130.0,130.0,130.0,127.0,129.0,2184700
2025-11-07,128.0,128.0,130.0,128.0,130.0,1578700
2025-11-10,129.0,129.0,130.0,129.0,129.0,5523700
2025-11-11,130.0,130.0,131.0,129.0,130.0,2857400
2025-11-12,130.0,130.0,131.0,128.0,130.0,7061300
2025-11-13,129.0,129.0,130.0,128.0,130.0,1864300
2025-11-14,129.0,129.0,130.0,128.0,129.0,1897100
2025-11-17,130.0,130.0,130.0,128.0,130.0,1152500
2025-11-18,135.0,135.0,136.0,128.0,130.0,7053700
2025-11-19,136.0,136.0,141.0,133.0,136.0,42013900
2025-11-20,134.0,134.0,138.0,133.0,136.0,12571100
2025-11-21,131.0,131.0,134.0,131.0,132.0,5497600
2025-11-24,130.0,130.0,132.0,129.0,131.0,8656300
2025-11-25,129.0,129.0,132.0,128.0,130.0,16397900
2025-11-26,128.0,128.0,131.0,128.0,129.0,4369100
2025-11-27,129.0,129.0,130.0,128.0,129.0,1525800
2025-11-28,129.0,129.0,130.0,128.0,130.0,1892200
2025-12-01,129.0,129.0,130.0,128.0,129.0,1735900
2025-12-02,132.0,132.0,135.0,129.0,130.0,8102500
2025-12-03,134.0,134.0,150.0,131.0,133.0,81521900
2025-12-04,131.0,131.0,135.0,131.0,134.0,12087600
2025-12-05,134.0,134.0,143.0,132.0,132.0,62426500
2025-12-08,138.0,138.0,140.0,136.0,137.0,17965800
2025-12-09,136.0,136.0,141.0,135.0,138.0,19201700
2025-12-10,134.0,134.0,138.0,133.0,136.0,4666500
2025-12-11,132.0,132.0,135.0,131.0,134.0,7443900
2025-12-12,131.0,131.0,133.0,131.0,132.0,3292400
2025-12-15,132.0,132.0,133.0,130.0,130.0,2755500
2025-12-16,134.0,134.0,139.0,131.0,133.0,24170700
2025-12-17,134.0,134.0,137.0,134.0,134.0,7150700
2025-12-18,137.0,137.0,152.0,134.0,136.0,210018400
2025-12-19,132.0,132.0,138.0,130.0,137.0,42199000
2025-12-22,131.0,131.0,134.0,131.0,132.0,15821300
2025-12-23,130.0,130.0,132.0,130.0,131.0,7947300
2025-12-24,131.0,131.0,135.0,129.0,130.0,18713500
2025-12-29,136.0,136.0,141.0,132.0,132.0,34079300
2025-12-30,134.0,134.0,138.0,134.0,136.0,12395200
