Date,Adj Close,Close,High,Low,Open,Volume
2020-01-02,124.09171295166016,139.0621795654297,139.0621795654297,138.12257385253906,139.0621795654297,2184950
2020-01-03,124.93017578125,140.00180053710938,140.00180053710938,139.0621795654297,139.0621795654297,2102682
2020-01-06,124.93017578125,140.00180053710938,140.00180053710938,139.0621795654297,140.00180053710938,2362790
2020-01-07,124.93017578125,140.00180053710938,140.00180053710938,139.0621795654297,140.00180053710938,2219858
2020-01-08,124.93017578125,140.00180053710938,140.00180053710938,139.0621795654297,140.00180053710938,2302020
2020-01-09,124.93017578125,140.00180053710938,140.00180053710938,138.12257385253906,140.00180053710938,2042657
2020-01-10,124.93017578125,140.00180053710938,140.00180053710938,139.0621795654297,140.00180053710938,2142911
2020-01-13,124.93017578125,140.00180053710938,140.00180053710938,139.0621795654297,140.00180053710938,2375135
2020-01-14,125.76864624023438,140.94140625,140.94140625,140.00180053710938,140.00180053710938,2165261
2020-01-15,125.76864624023438,140.94140625,140.94140625,140.00180053710938,140.94140625,2035739
2020-01-16,125.76864624023438,140.94140625,140.94140625,140.00180053710938,140.94140625,2331394
2020-01-17,124.93017578125,140.00180053710938,140.94140625,139.0621795654297,140.94140625,2161642
2020-01-20,125.76864624023438,140.94140625,141.88101196289062,140.00180053710938,140.00180053710938,2255086
2020-01-21,125.76864624023438,140.94140625,140.94140625,140.00180053710938,140.94140625,2478157
2020-01-22,126.60709381103516,141.88101196289062,141.88101196289062,140.94140625,140.94140625,2133971
2020-01-23,126.60709381103516,141.88101196289062,141.88101196289062,140.94140625,141.88101196289062,2239228
2020-01-24,126.60709381103516,141.88101196289062,141.88101196289062,140.00180053710938,141.88101196289062,2146104
2020-01-27,126.60709381103516,141.88101196289062,141.88101196289062,140.94140625,141.88101196289062,2160898
2020-01-28,126.60709381103516,141.88101196289062,141.88101196289062,140.94140625,141.88101196289062,2346400
2020-01-29,126.60709381103516,141.88101196289062,141.88101196289062,140.94140625,141.88101196289062,2529987
2020-01-30,126.60709381103516,141.88101196289062,141.88101196289062,140.94140625,141.88101196289062,2175052
2020-01-31,125.76864624023438,140.94140625,141.88101196289062,140.00180053710938,141.88101196289062,2118965
2020-02-03,125.76864624023438,140.94140625,140.94140625,140.00180053710938,140.94140625,1989230
2020-02-04,125.76864624023438,140.94140625,140.94140625,140.00180053710938,140.94140625,2246784
2020-02-05,126.60709381103516,141.88101196289062,141.88101196289062,140.94140625,140.94140625,2210493
2020-02-06,126.60709381103516,141.88101196289062,141.88101196289062,140.94140625,141.88101196289062,2087569
2020-02-07,127.44554138183594,142.82061767578125,142.82061767578125,141.88101196289062,141.88101196289062,2286375
2020-02-10,127.44554138183594,142.82061767578125,142.82061767578125,141.88101196289062,142.82061767578125,2067774
2020-02-11,127.44554138183594,142.82061767578125,142.82061767578125,141.88101196289062,142.82061767578125,2311598
2020-02-12,126.60709381103516,141.88101196289062,142.82061767578125,140.94140625,142.82061767578125,2057876
2020-02-13,126.60709381103516,141.88101196289062,141.88101196289062,140.94140625,141.88101196289062,1974011
2020-02-14,126.60709381103516,141.88101196289062,141.88101196289062,140.94140625,141.88101196289062,2227521
2020-02-17,126.60709381103516,141.88101196289062,141.88101196289062,140.94140625,141.88101196289062,2733582
2020-02-18,126.60709381103516,141.88101196289062,142.82061767578125,141.88101196289062,141.88101196289062,2365344
2020-02-19,126.60709381103516,141.88101196289062,141.88101196289062,140.94140625,141.88101196289062,2236567
2020-02-20,123.25326538085938,138.12257385253906,141.88101196289062,138.12257385253906,141.88101196289062,2109493
2020-02-21,121.57634735107422,136.2433624267578,138.12257385253906,136.2433624267578,138.12257385253906,2270624
2020-02-24,117.38406372070312,131.54531860351562,136.2433624267578,131.54531860351562,136.2433624267578,1958260
2020-02-25,111.51486206054688,124.96804809570312,131.54531860351562,124.96804809570312,131.54531860351562,2317452
2020-02-26,107.32256317138672,120.2699966430664,124.96804809570312,120.2699966430664,124.96804809570312,2138229
2020-02-27,105.64564514160156,118.39077758789062,120.2699966430664,118.39077758789062,120.2699966430664,2332458
2020-02-28,100.61490631103516,112.75312042236328,118.39077758789062,112.75312042236328,118.39077758789062,1850130
2020-03-02,100.61490631103516,112.75312042236328,112.75312042236328,111.81351470947266,112.75312042236328,671449
2020-03-03,100.61490631103516,112.75312042236328,113.69273376464844,110.8739013671875,112.75312042236328,983600
2020-03-04,102.29181671142578,114.63233947753906,114.63233947753906,112.75312042236328,112.75312042236328,2246359
2020-03-05,102.29181671142578,114.63233947753906,115.57195281982422,114.63233947753906,114.63233947753906,2478689
2020-03-06,98.93799591064453,110.8739013671875,114.63233947753906,110.8739013671875,114.63233947753906,1615884
2020-03-09,94.7457046508789,106.17585754394531,110.8739013671875,99.59859466552734,110.8739013671875,1215398
2020-03-10,96.42262268066406,108.0550765991211,108.99468231201172,106.17585754394531,106.17585754394531,2028183
2020-03-11,95.58415985107422,107.11546325683594,109.93429565429688,104.29663848876953,108.0550765991211,1956557
2020-03-12,92.23033905029297,103.3570327758789,107.11546325683594,103.3570327758789,107.11546325683594,1052245
2020-03-13,88.03804016113281,98.65898132324219,103.3570327758789,97.71937561035156,103.3570327758789,718490
2020-03-16,88.03804016113281,98.65898132324219,98.65898132324219,98.65898132324219,98.65898132324219,0
2020-03-17,80.49192810058594,90.20249938964844,95.84015655517578,90.20249938964844,95.84015655517578,377603
2020-03-18,78.81501007080078,88.32328033447266,89.26288604736328,88.32328033447266,89.26288604736328,799906
2020-03-19,75.461181640625,84.5648422241211,87.38367462158203,84.5648422241211,87.38367462158203,180074
2020-03-20,70.43043518066406,78.92718505859375,83.62523651123047,78.92718505859375,83.62523651123047,276710
2020-03-23,68.7535171508789,77.04796600341797,77.98757934570312,77.04796600341797,77.98757934570312,839391
2020-03-24,64.56123352050781,72.34992218017578,80.80640411376953,72.34992218017578,77.04796600341797,621641
2020-03-26,68.7535171508789,77.04796600341797,77.04796600341797,72.34992218017578,72.34992218017578,1062143
2020-03-27,72.10735321044922,80.80640411376953,81.74601745605469,77.04796600341797,77.04796600341797,1034259
2020-03-30,69.59197998046875,77.98757934570312,79.8667984008789,77.98757934570312,79.8667984008789,916870
2020-03-31,70.43043518066406,78.92718505859375,79.8667984008789,77.98757934570312,77.98757934570312,736582
2020-04-01,69.59197998046875,77.98757934570312,79.8667984008789,77.98757934570312,77.98757934570312,927513
2020-04-02,69.59197998046875,77.98757934570312,77.98757934570312,77.04796600341797,77.04796600341797,626324
2020-04-03,71.26889038085938,79.8667984008789,79.8667984008789,77.98757934570312,77.98757934570312,706144
2020-04-06,74.62272644042969,83.62523651123047,83.62523651123047,79.8667984008789,79.8667984008789,1119082
2020-04-07,73.78426361083984,82.68562316894531,87.38367462158203,80.80640411376953,83.62523651123047,942519
2020-04-08,72.10735321044922,80.80640411376953,82.68562316894531,79.8667984008789,82.68562316894531,732219
2020-04-09,72.94580841064453,81.74601745605469,82.68562316894531,78.92718505859375,80.80640411376953,696885
2020-04-13,70.43043518066406,78.92718505859375,80.80640411376953,77.98757934570312,80.80640411376953,308000
2020-04-14,72.10735321044922,80.80640411376953,80.80640411376953,78.92718505859375,78.92718505859375,834070
2020-04-15,71.26889038085938,79.8667984008789,80.80640411376953,79.8667984008789,80.80640411376953,833325
2020-04-16,71.26889038085938,79.8667984008789,79.8667984008789,78.92718505859375,78.92718505859375,782452
2020-04-17,72.10735321044922,80.80640411376953,80.80640411376953,78.92718505859375,79.8667984008789,924745
2020-04-20,72.10735321044922,80.80640411376953,80.80640411376953,78.92718505859375,80.80640411376953,678473
2020-04-21,72.10735321044922,80.80640411376953,80.80640411376953,79.8667984008789,80.80640411376953,892392
2020-04-22,72.94580841064453,81.74601745605469,81.74601745605469,79.8667984008789,80.80640411376953,901651
2020-04-23,72.94580841064453,81.74601745605469,82.68562316894531,81.74601745605469,81.74601745605469,827684
2020-04-24,67.9150619506836,76.10836029052734,81.74601745605469,76.10836029052734,81.74601745605469,180074
2020-04-27,66.23814392089844,74.22914123535156,77.98757934570312,74.22914123535156,76.10836029052734,1042028
2020-04-28,64.56123352050781,72.34992218017578,74.22914123535156,72.34992218017578,74.22914123535156,938687
2020-04-29,65.39968872070312,73.2895278930664,73.2895278930664,72.34992218017578,72.34992218017578,863124
2020-04-30,65.39968872070312,73.2895278930664,75.16874694824219,73.2895278930664,73.2895278930664,533732
2020-05-04,65.39968872070312,73.2895278930664,73.2895278930664,71.41030883789062,73.2895278930664,781175
2020-05-05,66.23814392089844,74.22914123535156,74.22914123535156,73.2895278930664,73.2895278930664,944541
2020-05-06,66.23814392089844,74.22914123535156,75.16874694824219,70.470703125,74.22914123535156,855674
2020-05-08,66.23814392089844,74.22914123535156,74.22914123535156,72.34992218017578,74.22914123535156,850991
2020-05-11,67.07660675048828,75.16874694824219,75.16874694824219,73.2895278930664,74.22914123535156,965507
2020-05-12,67.07660675048828,75.16874694824219,75.16874694824219,74.22914123535156,75.16874694824219,921978
2020-05-13,66.23814392089844,74.22914123535156,75.16874694824219,73.2895278930664,75.16874694824219,657081
2020-05-14,65.39968872070312,73.2895278930664,74.22914123535156,72.34992218017578,74.22914123535156,849821
2020-05-15,62.88432312011719,70.470703125,73.2895278930664,70.470703125,73.2895278930664,806292
2020-05-18,64.56123352050781,72.34992218017578,72.34992218017578,70.470703125,70.470703125,814061
2020-05-19,66.23814392089844,74.22914123535156,76.10836029052734,72.34992218017578,72.34992218017578,863550
2020-05-20,65.39968872070312,73.2895278930664,75.16874694824219,72.34992218017578,74.22914123535156,707528
2020-05-26,72.94580841064453,81.74601745605469,93.9609375,72.34992218017578,72.34992218017578,3508372
2020-05-27,80.49192810058594,90.20249938964844,91.14210510253906,76.10836029052734,81.74601745605469,2889498
2020-05-28,88.87650299072266,99.59859466552734,101.47781372070312,90.20249938964844,90.20249938964844,9252781
2020-05-29,92.23033905029297,103.3570327758789,104.29663848876953,97.71937561035156,100.53820037841797,9656140
2020-06-02,93.9072494506836,105.23624420166016,107.11546325683594,96.7797622680664,102.41741943359375,1219655
2020-06-03,100.61490631103516,112.75312042236328,112.75312042236328,103.3570327758789,105.23624420166016,6262070
2020-06-04,93.9072494506836,105.23624420166016,112.75312042236328,105.23624420166016,112.75312042236328,749566
2020-06-05,88.03804016113281,98.65898132324219,105.23624420166016,98.65898132324219,105.23624420166016,504039
2020-06-08,83.00729370117188,93.02132415771484,98.65898132324219,92.08171844482422,98.65898132324219,917934
2020-06-09,84.68421173095703,94.90054321289062,97.71937561035156,93.02132415771484,93.02132415771484,769575
2020-06-10,83.00729370117188,93.02132415771484,95.84015655517578,91.14210510253906,94.90054321289062,1210503
2020-06-11,77.97655487060547,87.38367462158203,93.02132415771484,87.38367462158203,93.02132415771484,316301
2020-06-12,74.62272644042969,83.62523651123047,83.62523651123047,81.74601745605469,81.74601745605469,420600
2020-06-15,77.13809967041016,86.44406127929688,86.44406127929688,83.62523651123047,83.62523651123047,1000096
2020-06-16,77.13809967041016,86.44406127929688,88.32328033447266,86.44406127929688,86.44406127929688,563532
2020-06-17,75.461181640625,84.5648422241211,86.44406127929688,84.5648422241211,86.44406127929688,750843
2020-06-18,74.62272644042969,83.62523651123047,84.5648422241211,82.68562316894531,84.5648422241211,2355127
2020-06-19,79.6534652709961,89.26288604736328,89.26288604736328,83.62523651123047,83.62523651123047,1873757
2020-06-22,74.62272644042969,83.62523651123047,93.02132415771484,83.62523651123047,90.20249938964844,3483894
2020-06-23,69.59197998046875,77.98757934570312,83.62523651123047,77.98757934570312,83.62523651123047,726791
2020-06-24,68.7535171508789,77.04796600341797,78.92718505859375,76.10836029052734,77.98757934570312,288311
2020-06-25,67.07660675048828,75.16874694824219,77.04796600341797,74.22914123535156,77.04796600341797,173689
2020-06-26,66.23814392089844,74.22914123535156,76.10836029052734,73.2895278930664,75.16874694824219,515426
2020-06-29,88.87650299072266,99.59859466552734,99.59859466552734,74.22914123535156,74.22914123535156,14485274
2020-06-30,83.00729370117188,93.02132415771484,101.47781372070312,93.02132415771484,99.59859466552734,1772970
2020-07-01,77.97655487060547,87.38367462158203,93.02132415771484,87.38367462158203,91.14210510253906,97700
2020-07-02,72.94580841064453,81.74601745605469,87.38367462158203,81.74601745605469,87.38367462158203,529794
2020-07-03,73.78426361083984,82.68562316894531,82.68562316894531,76.10836029052734,80.80640411376953,1367802
2020-07-06,71.26889038085938,79.8667984008789,82.68562316894531,77.04796600341797,82.68562316894531,1651856
2020-07-07,69.59197998046875,77.98757934570312,80.80640411376953,77.04796600341797,79.8667984008789,1124190
2020-07-08,68.7535171508789,77.04796600341797,77.98757934570312,75.16874694824219,77.98757934570312,551292
2020-07-09,71.26889038085938,79.8667984008789,82.68562316894531,77.04796600341797,77.04796600341797,917508
2020-07-10,68.7535171508789,77.04796600341797,80.80640411376953,76.10836029052734,79.8667984008789,467853
2020-07-13,67.9150619506836,76.10836029052734,77.98757934570312,75.16874694824219,77.04796600341797,630368
2020-07-14,67.9150619506836,76.10836029052734,77.04796600341797,75.16874694824219,76.10836029052734,274156
2020-07-15,67.9150619506836,76.10836029052734,77.04796600341797,76.10836029052734,76.10836029052734,81523
2020-07-16,67.07660675048828,75.16874694824219,77.04796600341797,74.22914123535156,76.10836029052734,382180
2020-07-17,65.39968872070312,73.2895278930664,76.10836029052734,70.470703125,75.16874694824219,406339
2020-07-20,64.56123352050781,72.34992218017578,73.2895278930664,71.41030883789062,73.2895278930664,216366
2020-07-21,68.7535171508789,77.04796600341797,77.04796600341797,72.34992218017578,72.34992218017578,555550
2020-07-22,64.56123352050781,72.34992218017578,77.98757934570312,72.34992218017578,77.04796600341797,782133
2020-07-23,63.72277069091797,71.41030883789062,73.2895278930664,68.59148406982422,72.34992218017578,655485
2020-07-24,65.39968872070312,73.2895278930664,74.22914123535156,71.41030883789062,71.41030883789062,542885
2020-07-27,65.39968872070312,73.2895278930664,74.22914123535156,71.41030883789062,73.2895278930664,660593
2020-07-28,65.39968872070312,73.2895278930664,74.22914123535156,71.41030883789062,73.2895278930664,554485
2020-07-29,64.56123352050781,72.34992218017578,73.2895278930664,71.41030883789062,73.2895278930664,444546
2020-07-30,63.72277069091797,71.41030883789062,72.34992218017578,69.53108978271484,72.34992218017578,283415
2020-08-03,60.36894226074219,67.65187072753906,73.2895278930664,67.65187072753906,71.41030883789062,511063
2020-08-04,62.04585647583008,69.53108978271484,71.41030883789062,66.71226501464844,67.65187072753906,632390
2020-08-05,62.04585647583008,69.53108978271484,72.34992218017578,68.59148406982422,69.53108978271484,396760
2020-08-06,61.20740509033203,68.59148406982422,70.470703125,67.65187072753906,69.53108978271484,254254
2020-08-07,61.20740509033203,68.59148406982422,69.53108978271484,67.65187072753906,68.59148406982422,488394
2020-08-10,60.36894226074219,67.65187072753906,68.59148406982422,67.65187072753906,68.59148406982422,383137
2020-08-11,61.20740509033203,68.59148406982422,69.53108978271484,66.71226501464844,67.65187072753906,600355
2020-08-12,61.20740509033203,68.59148406982422,69.53108978271484,67.65187072753906,68.59148406982422,478603
2020-08-13,61.20740509033203,68.59148406982422,69.53108978271484,67.65187072753906,68.59148406982422,174859
2020-08-14,60.36894226074219,67.65187072753906,83.62523651123047,65.77265167236328,68.59148406982422,10459027
2020-08-18,61.20740509033203,68.59148406982422,73.2895278930664,67.65187072753906,67.65187072753906,2693672
2020-08-19,60.36894226074219,67.65187072753906,70.470703125,67.65187072753906,68.59148406982422,385160
2020-08-24,59.530487060546875,66.71226501464844,68.59148406982422,63.893436431884766,67.65187072753906,845670
2020-08-25,58.69202423095703,65.77265167236328,67.65187072753906,63.893436431884766,66.71226501464844,399208
2020-08-26,57.85356903076172,64.83304595947266,65.77265167236328,62.014217376708984,65.77265167236328,697311
2020-08-27,59.530487060546875,66.71226501464844,66.71226501464844,64.83304595947266,64.83304595947266,424538
2020-08-28,59.530487060546875,66.71226501464844,66.71226501464844,65.77265167236328,66.71226501464844,335884
2020-08-31,58.69202423095703,65.77265167236328,66.71226501464844,64.83304595947266,66.71226501464844,153574
2020-09-01,58.69202423095703,65.77265167236328,65.77265167236328,63.893436431884766,65.77265167236328,467534
2020-09-02,57.85356903076172,64.83304595947266,65.77265167236328,63.893436431884766,65.77265167236328,265535
2020-09-03,58.69202423095703,65.77265167236328,68.59148406982422,62.953826904296875,64.83304595947266,761805
2020-09-04,59.530487060546875,66.71226501464844,67.65187072753906,63.893436431884766,65.77265167236328,1048520
2020-09-07,58.69202423095703,65.77265167236328,67.65187072753906,65.77265167236328,66.71226501464844,682517
2020-09-08,56.17665481567383,62.953826904296875,69.53108978271484,62.014217376708984,65.77265167236328,4477286
2020-09-09,52.82282257080078,59.19538879394531,63.893436431884766,59.19538879394531,62.953826904296875,1234129
2020-09-10,49.468997955322266,55.43695068359375,75.16874694824219,55.43695068359375,59.19538879394531,28777065
2020-09-11,46.115169525146484,51.67851638793945,55.43695068359375,51.67851638793945,55.43695068359375,3204523
2020-09-14,43.599796295166016,48.85968780517578,57.31616973876953,48.85968780517578,51.67851638793945,6001430
2020-09-15,41.92287826538086,46.98046875,48.85968780517578,46.98046875,48.85968780517578,2315962
2020-09-16,43.599796295166016,48.85968780517578,55.43695068359375,46.98046875,46.98046875,6851464
2020-09-17,42.76133728027344,47.92007827758789,51.67851638793945,47.92007827758789,48.85968780517578,2101937
2020-09-18,42.76133728027344,47.92007827758789,49.79929733276367,47.92007827758789,47.92007827758789,1138451
2020-09-21,42.76133728027344,47.92007827758789,51.67851638793945,47.92007827758789,47.92007827758789,1570227
2020-09-22,42.76133728027344,47.92007827758789,53.55773162841797,47.92007827758789,47.92007827758789,5558373
2020-09-23,42.76133728027344,47.92007827758789,49.79929733276367,47.92007827758789,47.92007827758789,1040964
2020-09-24,42.76133728027344,47.92007827758789,48.85968780517578,46.98046875,47.92007827758789,744032
2020-09-25,41.92287826538086,46.98046875,48.85968780517578,46.98046875,47.92007827758789,683049
2020-09-28,41.92287826538086,46.98046875,47.92007827758789,46.98046875,46.98046875,874831
2020-09-29,42.76133728027344,47.92007827758789,48.85968780517578,46.98046875,46.98046875,773300
2020-09-30,42.76133728027344,47.92007827758789,48.85968780517578,46.98046875,47.92007827758789,545545
2020-10-01,42.76133728027344,47.92007827758789,48.85968780517578,46.98046875,47.92007827758789,762763
2020-10-02,42.76133728027344,47.92007827758789,48.85968780517578,46.98046875,47.92007827758789,869723
2020-10-05,43.599796295166016,48.85968780517578,48.85968780517578,46.98046875,47.92007827758789,598653
2020-10-06,43.599796295166016,48.85968780517578,60.1349983215332,47.92007827758789,48.85968780517578,6427245
2020-10-07,56.17665481567383,62.953826904296875,62.953826904296875,48.85968780517578,48.85968780517578,11326515
2020-10-08,52.82282257080078,59.19538879394531,80.80640411376953,59.19538879394531,62.953826904296875,37075620
2020-10-09,49.468997955322266,55.43695068359375,61.074607849121094,55.43695068359375,59.19538879394531,2923129
2020-10-12,46.115169525146484,51.67851638793945,55.43695068359375,51.67851638793945,55.43695068359375,1021169
2020-10-13,46.115169525146484,51.67851638793945,61.074607849121094,48.85968780517578,51.67851638793945,6905529
2020-10-14,46.115169525146484,51.67851638793945,61.074607849121094,49.79929733276367,51.67851638793945,8643272
2020-10-15,49.468997955322266,55.43695068359375,61.074607849121094,51.67851638793945,51.67851638793945,7686704
2020-10-16,49.468997955322266,55.43695068359375,58.25577926635742,54.49734115600586,55.43695068359375,1123445
2020-10-19,48.63053894042969,54.49734115600586,56.37656021118164,52.61812210083008,55.43695068359375,1478380
2020-10-20,48.63053894042969,54.49734115600586,62.014217376708984,54.49734115600586,54.49734115600586,10205091
2020-10-21,46.9536247253418,52.61812210083008,56.37656021118164,52.61812210083008,54.49734115600586,2039996
2020-10-22,46.115169525146484,51.67851638793945,54.49734115600586,49.79929733276367,52.61812210083008,1335342
2020-10-23,43.599796295166016,48.85968780517578,51.67851638793945,48.85968780517578,51.67851638793945,898990
2020-10-26,44.43825149536133,49.79929733276367,52.61812210083008,48.85968780517578,48.85968780517578,593650
2020-10-27,45.276710510253906,50.73890686035156,53.55773162841797,48.85968780517578,49.79929733276367,656230
2020-11-02,46.115169525146484,51.67851638793945,53.55773162841797,49.79929733276367,50.73890686035156,606954
2020-11-03,45.276710510253906,50.73890686035156,56.37656021118164,48.85968780517578,51.67851638793945,4185356
2020-11-04,46.9536247253418,52.61812210083008,52.61812210083008,50.73890686035156,50.73890686035156,633986
2020-11-05,46.115169525146484,51.67851638793945,62.014217376708984,49.79929733276367,52.61812210083008,12374184
2020-11-06,45.276710510253906,50.73890686035156,53.55773162841797,50.73890686035156,51.67851638793945,989453
2020-11-09,46.115169525146484,51.67851638793945,52.61812210083008,50.73890686035156,50.73890686035156,476155
2020-11-10,46.115169525146484,51.67851638793945,52.61812210083008,50.73890686035156,51.67851638793945,674003
2020-11-11,45.276710510253906,50.73890686035156,52.61812210083008,50.73890686035156,51.67851638793945,937304
2020-11-12,45.276710510253906,50.73890686035156,52.61812210083008,50.73890686035156,50.73890686035156,482221
2020-11-13,46.115169525146484,51.67851638793945,52.61812210083008,49.79929733276367,50.73890686035156,1070338
2020-11-16,46.115169525146484,51.67851638793945,54.49734115600586,49.79929733276367,51.67851638793945,904844
2020-11-17,45.276710510253906,50.73890686035156,51.67851638793945,49.79929733276367,51.67851638793945,1119933
2020-11-18,46.115169525146484,51.67851638793945,52.61812210083008,49.79929733276367,50.73890686035156,883452
2020-11-19,46.115169525146484,51.67851638793945,52.61812210083008,49.79929733276367,51.67851638793945,609934
2020-11-20,46.9536247253418,52.61812210083008,56.37656021118164,50.73890686035156,51.67851638793945,4589673
2020-11-23,48.63053894042969,54.49734115600586,55.43695068359375,51.67851638793945,53.55773162841797,1527336
2020-11-24,55.33819580078125,62.014217376708984,62.014217376708984,54.49734115600586,54.49734115600586,7561440
2020-11-25,52.82282257080078,59.19538879394531,65.77265167236328,59.19538879394531,62.014217376708984,4949610
2020-11-26,51.98436737060547,58.25577926635742,60.1349983215332,57.31616973876953,58.25577926635742,1325976
2020-11-27,51.98436737060547,58.25577926635742,61.074607849121094,58.25577926635742,58.25577926635742,817680
2020-11-30,49.468997955322266,55.43695068359375,60.1349983215332,55.43695068359375,58.25577926635742,502229
2020-12-01,49.468997955322266,55.43695068359375,58.25577926635742,55.43695068359375,55.43695068359375,710188
2020-12-02,49.468997955322266,55.43695068359375,56.37656021118164,53.55773162841797,55.43695068359375,715297
2020-12-03,50.30745315551758,56.37656021118164,56.37656021118164,54.49734115600586,55.43695068359375,632922
2020-12-04,50.30745315551758,56.37656021118164,58.25577926635742,55.43695068359375,56.37656021118164,798523
2020-12-07,52.82282257080078,59.19538879394531,59.19538879394531,56.37656021118164,56.37656021118164,672194
2020-12-08,51.98436737060547,58.25577926635742,59.19538879394531,58.25577926635742,59.19538879394531,548525
2020-12-10,53.66128158569336,60.1349983215332,62.953826904296875,58.25577926635742,58.25577926635742,1348539
2020-12-11,57.015113830566406,63.893436431884766,65.77265167236328,59.19538879394531,60.1349983215332,1783081
2020-12-14,63.72277069091797,71.41030883789062,71.41030883789062,63.893436431884766,63.893436431884766,3192922
2020-12-15,59.530487060546875,66.71226501464844,72.34992218017578,66.71226501464844,71.41030883789062,2746247
2020-12-16,60.36894226074219,67.65187072753906,68.59148406982422,63.893436431884766,66.71226501464844,652292
2020-12-17,62.04585647583008,69.53108978271484,69.53108978271484,65.77265167236328,67.65187072753906,1516800
2020-12-18,62.04585647583008,69.53108978271484,70.470703125,69.53108978271484,69.53108978271484,832792
2020-12-21,60.36894226074219,67.65187072753906,70.470703125,67.65187072753906,69.53108978271484,727855
2020-12-22,58.69202423095703,65.77265167236328,70.470703125,63.893436431884766,67.65187072753906,1098435
2020-12-23,57.015113830566406,63.893436431884766,66.71226501464844,62.014217376708984,65.77265167236328,760103
2020-12-28,53.66128158569336,60.1349983215332,64.83304595947266,60.1349983215332,63.893436431884766,1017231
2020-12-29,54.49974060058594,61.074607849121094,63.893436431884766,60.1349983215332,60.1349983215332,753717
2020-12-30,52.82282257080078,59.19538879394531,62.953826904296875,57.31616973876953,61.074607849121094,708805
2021-01-04,55.33819580078125,62.014217376708984,62.014217376708984,56.37656021118164,59.19538879394531,915699
2021-01-05,54.49974060058594,61.074607849121094,62.014217376708984,59.19538879394531,62.014217376708984,520216
2021-01-06,53.66128158569336,60.1349983215332,62.953826904296875,60.1349983215332,61.074607849121094,471685
2021-01-07,53.66128158569336,60.1349983215332,62.014217376708984,59.19538879394531,60.1349983215332,626643
2021-01-08,51.98436737060547,58.25577926635742,61.074607849121094,58.25577926635742,60.1349983215332,835772
2021-01-11,52.82282257080078,59.19538879394531,60.1349983215332,58.25577926635742,58.25577926635742,892392
2021-01-12,51.98436737060547,58.25577926635742,60.1349983215332,58.25577926635742,59.19538879394531,349719
2021-01-13,51.98436737060547,58.25577926635742,60.1349983215332,57.31616973876953,58.25577926635742,906866
2021-01-14,51.98436737060547,58.25577926635742,61.074607849121094,55.43695068359375,58.25577926635742,1141751
2021-01-15,50.30745315551758,56.37656021118164,58.25577926635742,54.49734115600586,58.25577926635742,732219
2021-01-18,50.30745315551758,56.37656021118164,58.25577926635742,53.55773162841797,56.37656021118164,1060653
2021-01-19,51.98436737060547,58.25577926635742,60.1349983215332,56.37656021118164,56.37656021118164,645906
2021-01-20,51.14590835571289,57.31616973876953,59.19538879394531,56.37656021118164,58.25577926635742,543417
2021-01-21,52.82282257080078,59.19538879394531,59.19538879394531,57.31616973876953,57.31616973876953,368663
2021-01-22,51.14590835571289,57.31616973876953,60.1349983215332,57.31616973876953,59.19538879394531,517449
2021-01-25,50.30745315551758,56.37656021118164,57.31616973876953,54.49734115600586,57.31616973876953,356211
2021-01-26,47.79207992553711,53.55773162841797,57.31616973876953,53.55773162841797,56.37656021118164,528517
2021-01-27,46.9536247253418,52.61812210083008,54.49734115600586,50.73890686035156,53.55773162841797,559700
2021-01-28,45.276710510253906,50.73890686035156,52.61812210083008,49.79929733276367,52.61812210083008,506380
2021-01-29,44.43825149536133,49.79929733276367,50.73890686035156,47.92007827758789,50.73890686035156,413788
2021-02-01,46.115169525146484,51.67851638793945,51.67851638793945,48.85968780517578,49.79929733276367,470301
2021-02-02,47.79207992553711,53.55773162841797,53.55773162841797,51.67851638793945,51.67851638793945,383244
2021-02-03,50.30745315551758,56.37656021118164,56.37656021118164,53.55773162841797,53.55773162841797,573110
2021-02-04,50.30745315551758,56.37656021118164,57.31616973876953,55.43695068359375,56.37656021118164,368983
2021-02-05,49.468997955322266,55.43695068359375,56.37656021118164,55.43695068359375,56.37656021118164,273624
2021-02-08,51.14590835571289,57.31616973876953,59.19538879394531,55.43695068359375,55.43695068359375,394951
2021-02-09,49.468997955322266,55.43695068359375,59.19538879394531,55.43695068359375,57.31616973876953,410064
2021-02-10,50.30745315551758,56.37656021118164,56.37656021118164,55.43695068359375,55.43695068359375,381435
2021-02-11,50.30745315551758,56.37656021118164,57.31616973876953,56.37656021118164,56.37656021118164,266706
2021-02-15,50.30745315551758,56.37656021118164,57.31616973876953,54.49734115600586,56.37656021118164,307255
2021-02-16,51.14590835571289,57.31616973876953,57.31616973876953,56.37656021118164,56.37656021118164,168048
2021-02-17,51.14590835571289,57.31616973876953,58.25577926635742,55.43695068359375,57.31616973876953,265855
2021-02-18,50.30745315551758,56.37656021118164,58.25577926635742,56.37656021118164,57.31616973876953,210832
2021-02-19,48.63053894042969,54.49734115600586,57.31616973876953,54.49734115600586,56.37656021118164,258405
2021-02-22,48.63053894042969,54.49734115600586,54.49734115600586,54.49734115600586,54.49734115600586,61940
2021-02-23,48.63053894042969,54.49734115600586,55.43695068359375,54.49734115600586,54.49734115600586,272240
2021-02-24,46.9536247253418,52.61812210083008,55.43695068359375,51.67851638793945,54.49734115600586,387288
2021-02-25,46.9536247253418,52.61812210083008,54.49734115600586,49.79929733276367,52.61812210083008,1073744
2021-02-26,47.79207992553711,53.55773162841797,58.25577926635742,51.67851638793945,52.61812210083008,897181
2021-03-01,48.63053894042969,54.49734115600586,54.49734115600586,53.55773162841797,53.55773162841797,418365
2021-03-02,48.63053894042969,54.49734115600586,55.43695068359375,52.61812210083008,54.49734115600586,292249
2021-03-03,48.63053894042969,54.49734115600586,54.49734115600586,52.61812210083008,54.49734115600586,410809
2021-03-04,46.9536247253418,52.61812210083008,54.49734115600586,51.67851638793945,54.49734115600586,382605
2021-03-05,46.9536247253418,52.61812210083008,53.55773162841797,51.67851638793945,52.61812210083008,376433
2021-03-08,52.82282257080078,59.19538879394531,59.19538879394531,52.61812210083008,52.61812210083008,842158
2021-03-09,49.468997955322266,55.43695068359375,61.074607849121094,55.43695068359375,59.19538879394531,981897
2021-03-10,48.63053894042969,54.49734115600586,55.43695068359375,52.61812210083008,55.43695068359375,535860
2021-03-12,47.79207992553711,53.55773162841797,54.49734115600586,51.67851638793945,54.49734115600586,500633
2021-03-15,46.9536247253418,52.61812210083008,54.49734115600586,52.61812210083008,53.55773162841797,185076
2021-03-16,60.36894226074219,67.65187072753906,69.53108978271484,52.61812210083008,52.61812210083008,15806036
2021-03-17,56.17665481567383,62.953826904296875,71.41030883789062,62.953826904296875,67.65187072753906,7407972
2021-03-18,56.17665481567383,62.953826904296875,64.83304595947266,59.19538879394531,62.953826904296875,2727410
2021-03-19,54.49974060058594,61.074607849121094,64.83304595947266,61.074607849121094,62.953826904296875,695288
2021-03-22,61.20740509033203,68.59148406982422,80.80640411376953,59.19538879394531,61.074607849121094,24432493
2021-03-23,57.015113830566406,63.893436431884766,69.53108978271484,63.893436431884766,68.59148406982422,4191848
2021-03-24,58.69202423095703,65.77265167236328,65.77265167236328,61.074607849121094,62.014217376708984,1474442
2021-03-25,57.85356903076172,64.83304595947266,67.65187072753906,63.893436431884766,65.77265167236328,846841
2021-03-26,58.69202423095703,65.77265167236328,67.65187072753906,62.953826904296875,64.83304595947266,1277765
2021-03-29,60.36894226074219,67.65187072753906,68.59148406982422,63.893436431884766,65.77265167236328,1370463
2021-03-30,57.015113830566406,63.893436431884766,67.65187072753906,63.893436431884766,67.65187072753906,709869
2021-03-31,60.36894226074219,67.65187072753906,81.74601745605469,63.893436431884766,63.893436431884766,36184824
2021-04-01,61.20740509033203,68.59148406982422,81.74601745605469,67.65187072753906,74.22914123535156,31347069
2021-04-05,62.04585647583008,69.53108978271484,73.2895278930664,67.65187072753906,68.59148406982422,10997868
2021-04-06,62.88432312011719,70.470703125,71.41030883789062,67.65187072753906,69.53108978271484,2870661
2021-04-07,67.07660675048828,75.16874694824219,77.98757934570312,68.59148406982422,70.470703125,30310681
2021-04-08,80.49192810058594,90.20249938964844,90.20249938964844,75.16874694824219,75.16874694824219,46998573
2021-04-09,75.461181640625,84.5648422241211,92.08171844482422,84.5648422241211,91.14210510253906,19828027
2021-04-12,76.29963684082031,85.50445556640625,88.32328033447266,78.92718505859375,84.5648422241211,33162823
2021-04-13,77.97655487060547,87.38367462158203,92.08171844482422,79.8667984008789,85.50445556640625,74237233
2021-04-14,81.33037567138672,91.14210510253906,95.84015655517578,86.44406127929688,88.32328033447266,48474506
2021-04-15,78.81501007080078,88.32328033447266,92.08171844482422,87.38367462158203,91.14210510253906,9908585
2021-04-16,85.52267456054688,95.84015655517578,98.65898132324219,83.62523651123047,89.26288604736328,81314749
2021-04-19,81.33037567138672,91.14210510253906,97.71937561035156,90.20249938964844,96.7797622680664,14828396
2021-04-20,79.6534652709961,89.26288604736328,93.9609375,88.32328033447266,88.32328033447266,8745123
2021-04-21,78.81501007080078,88.32328033447266,95.84015655517578,87.38367462158203,95.84015655517578,4902888
2021-04-22,75.461181640625,84.5648422241211,90.20249938964844,84.5648422241211,88.32328033447266,7462675
2021-04-23,74.62272644042969,83.62523651123047,89.26288604736328,82.68562316894531,84.5648422241211,16114356
2021-04-26,69.59197998046875,77.98757934570312,84.5648422241211,77.98757934570312,84.5648422241211,8156687
2021-04-27,69.59197998046875,77.98757934570312,79.8667984008789,73.2895278930664,77.98757934570312,18363695
2021-04-28,67.9150619506836,76.10836029052734,85.50445556640625,75.16874694824219,80.80640411376953,30432114
2021-04-29,67.9150619506836,76.10836029052734,77.98757934570312,75.16874694824219,76.10836029052734,3413865
2021-04-30,67.9150619506836,76.10836029052734,81.74601745605469,74.22914123535156,76.10836029052734,8558343
2021-05-03,68.7535171508789,77.04796600341797,78.92718505859375,75.16874694824219,75.16874694824219,3374487
2021-05-04,70.43043518066406,78.92718505859375,81.74601745605469,76.10836029052734,77.04796600341797,10176356
2021-05-05,69.59197998046875,77.98757934570312,84.5648422241211,77.04796600341797,79.8667984008789,14110544
2021-05-06,67.9150619506836,76.10836029052734,79.8667984008789,76.10836029052734,77.98757934570312,3276893
2021-05-07,65.39968872070312,73.2895278930664,77.04796600341797,73.2895278930664,76.10836029052734,3301584
2021-05-10,67.07660675048828,75.16874694824219,77.98757934570312,73.2895278930664,73.2895278930664,3891404
2021-05-11,65.39968872070312,73.2895278930664,76.10836029052734,72.34992218017578,75.16874694824219,1839062
2021-05-17,62.04585647583008,69.53108978271484,79.8667984008789,68.59148406982422,74.22914123535156,16437256
2021-05-18,59.530487060546875,66.71226501464844,70.470703125,65.77265167236328,69.53108978271484,3477083
2021-05-19,57.015113830566406,63.893436431884766,67.65187072753906,63.893436431884766,66.71226501464844,1332894
2021-05-20,60.36894226074219,67.65187072753906,70.470703125,63.893436431884766,63.893436431884766,3010612
2021-05-21,57.85356903076172,64.83304595947266,67.65187072753906,64.83304595947266,67.65187072753906,1705283
2021-05-24,57.85356903076172,64.83304595947266,65.77265167236328,63.893436431884766,64.83304595947266,1033940
2021-05-25,58.69202423095703,65.77265167236328,68.59148406982422,64.83304595947266,64.83304595947266,1318313
2021-05-27,58.69202423095703,65.77265167236328,72.34992218017578,64.83304595947266,65.77265167236328,3492834
2021-05-28,57.85356903076172,64.83304595947266,66.71226501464844,64.83304595947266,65.77265167236328,1106310
2021-05-31,58.69202423095703,65.77265167236328,67.65187072753906,64.83304595947266,64.83304595947266,815764
2021-06-02,59.530487060546875,66.71226501464844,68.59148406982422,64.83304595947266,65.77265167236328,1095987
2021-06-03,62.04585647583008,69.53108978271484,69.53108978271484,66.71226501464844,66.71226501464844,1564267
2021-06-04,60.36894226074219,67.65187072753906,70.470703125,67.65187072753906,69.53108978271484,1644832
2021-06-07,61.20740509033203,68.59148406982422,70.470703125,67.65187072753906,67.65187072753906,2279032
2021-06-08,60.36894226074219,67.65187072753906,69.53108978271484,67.65187072753906,68.59148406982422,2454104
2021-06-09,59.530487060546875,66.71226501464844,72.34992218017578,66.71226501464844,67.65187072753906,8026846
2021-06-10,59.530487060546875,66.71226501464844,67.65187072753906,66.71226501464844,67.65187072753906,1115889
2021-06-11,61.20740509033203,68.59148406982422,75.16874694824219,66.71226501464844,66.71226501464844,16420972
2021-06-14,66.23814392089844,74.22914123535156,75.16874694824219,68.59148406982422,68.59148406982422,18127213
2021-06-15,67.07660675048828,75.16874694824219,77.98757934570312,73.2895278930664,75.16874694824219,27110095
2021-06-16,67.9150619506836,76.10836029052734,77.04796600341797,75.16874694824219,75.16874694824219,7920525
2021-06-17,67.07660675048828,75.16874694824219,76.10836029052734,72.34992218017578,76.10836029052734,5924376
2021-06-18,63.72277069091797,71.41030883789062,75.16874694824219,70.470703125,75.16874694824219,1650473
2021-06-21,59.530487060546875,66.71226501464844,71.41030883789062,66.71226501464844,71.41030883789062,1243921
2021-06-22,57.015113830566406,63.893436431884766,66.71226501464844,63.893436431884766,66.71226501464844,873235
2021-06-23,58.69202423095703,65.77265167236328,68.59148406982422,63.893436431884766,64.83304595947266,952097
2021-06-24,62.04585647583008,69.53108978271484,76.10836029052734,65.77265167236328,65.77265167236328,13482411
2021-06-25,59.530487060546875,66.71226501464844,72.34992218017578,65.77265167236328,70.470703125,2145998
2021-06-28,59.530487060546875,66.71226501464844,69.53108978271484,64.83304595947266,66.71226501464844,990624
2021-06-29,57.85356903076172,64.83304595947266,66.71226501464844,63.893436431884766,66.71226501464844,1329488
2021-06-30,59.530487060546875,66.71226501464844,69.53108978271484,63.893436431884766,64.83304595947266,1615564
2021-07-01,57.85356903076172,64.83304595947266,72.34992218017578,64.83304595947266,65.77265167236328,6205131
2021-07-02,58.69202423095703,65.77265167236328,66.71226501464844,64.83304595947266,64.83304595947266,895904
2021-07-05,59.530487060546875,66.71226501464844,73.2895278930664,64.83304595947266,67.65187072753906,4757508
2021-07-06,59.530487060546875,66.71226501464844,68.59148406982422,65.77265167236328,66.71226501464844,899309
2021-07-07,58.69202423095703,65.77265167236328,68.59148406982422,65.77265167236328,66.71226501464844,898884
2021-07-08,60.36894226074219,67.65187072753906,69.53108978271484,64.83304595947266,64.83304595947266,2583307
2021-07-09,58.69202423095703,65.77265167236328,67.65187072753906,65.77265167236328,67.65187072753906,698694
2021-07-12,58.69202423095703,65.77265167236328,66.71226501464844,64.83304595947266,66.71226501464844,530752
2021-07-13,58.69202423095703,65.77265167236328,67.65187072753906,64.83304595947266,65.77265167236328,1848002
2021-07-14,59.530487060546875,66.71226501464844,67.65187072753906,64.83304595947266,65.77265167236328,564596
2021-07-15,59.530487060546875,66.71226501464844,67.65187072753906,64.83304595947266,66.71226501464844,438054
2021-07-16,57.85356903076172,64.83304595947266,66.71226501464844,64.83304595947266,66.71226501464844,365896
2021-07-19,57.015113830566406,63.893436431884766,65.77265167236328,62.953826904296875,64.83304595947266,1055651
2021-07-21,76.29963684082031,85.50445556640625,85.50445556640625,66.71226501464844,66.71226501464844,92528984
2021-07-22,71.26889038085938,79.8667984008789,97.71937561035156,79.8667984008789,93.9609375,48843702
2021-07-23,71.26889038085938,79.8667984008789,93.02132415771484,75.16874694824219,75.16874694824219,75590136
2021-07-26,95.58415985107422,107.11546325683594,107.11546325683594,79.8667984008789,82.68562316894531,134482801
2021-07-27,98.09953308105469,109.93429565429688,143.76023864746094,100.53820037841797,108.0550765991211,262353280
2021-07-28,108.16102600097656,121.20960998535156,133.42453002929688,108.99468231201172,108.99468231201172,78153541
2021-07-29,110.6763916015625,124.02843475341797,132.48492431640625,117.451171875,122.14921569824219,68007942
2021-07-30,103.96873474121094,116.51155853271484,127.78687286376953,115.57195281982422,125.90765380859375,16408095
2021-08-02,97.26107788085938,108.99468231201172,117.451171875,108.99468231201172,116.51155853271484,9315466
2021-08-03,90.55342102050781,101.47781372070312,108.99468231201172,101.47781372070312,108.99468231201172,12062033
2021-08-04,99.77645111083984,111.81351470947266,120.2699966430664,98.65898132324219,101.47781372070312,38415751
2021-08-05,95.58415985107422,107.11546325683594,120.2699966430664,104.29663848876953,114.63233947753906,18545472
2021-08-06,93.9072494506836,105.23624420166016,109.93429565429688,103.3570327758789,107.11546325683594,5745153
2021-08-09,99.77645111083984,111.81351470947266,115.57195281982422,107.11546325683594,112.75312042236328,20018106
2021-08-10,134.15321350097656,150.33749389648438,150.33749389648438,113.69273376464844,113.69273376464844,120638431
2021-08-12,181.10684204101562,202.95562744140625,202.95562744140625,157.8543701171875,157.8543701171875,206918861
2021-08-13,169.36842346191406,189.80108642578125,248.05686950683594,189.80108642578125,212.35171508789062,184450481
2021-08-16,157.63002014160156,176.6465606689453,176.6465606689453,176.6465606689453,176.6465606689453,2764659
2021-08-18,146.73008728027344,164.431640625,164.431640625,164.431640625,164.431640625,2160046
2021-08-19,197.87599182128906,221.747802734375,221.747802734375,153.1563262939453,153.1563262939453,268580123
2021-08-20,197.87599182128906,221.747802734375,221.747802734375,221.747802734375,221.747802734375,0
2021-08-23,184.46067810058594,206.7140655517578,229.26467895507812,206.7140655517578,216.1101531982422,4595313
2021-08-24,172.7222442626953,193.5595245361328,193.5595245361328,193.5595245361328,193.5595245361328,3226127
2021-08-25,187.8144989013672,210.47250366210938,229.26467895507812,180.40499877929688,183.2238311767578,119224865
2021-08-26,179.42991638183594,201.07640075683594,233.0231170654297,197.31796264648438,216.1101531982422,118697624
2021-08-27,174.39918518066406,195.43875122070312,225.50624084472656,187.921875,201.07640075683594,142557327
2021-08-30,171.04534912109375,191.68031311035156,208.59327697753906,189.80108642578125,201.07640075683594,33861092
2021-08-31,177.7530059814453,199.1971893310547,208.59327697753906,186.0426483154297,199.1971893310547,66772748
2021-09-01,169.36842346191406,189.80108642578125,202.95562744140625,187.921875,201.07640075683594,26211211
2021-09-02,169.36842346191406,189.80108642578125,206.7140655517578,187.921875,193.5595245361328,52574614
2021-09-03,157.63002014160156,176.6465606689453,193.5595245361328,176.6465606689453,191.68031311035156,42331314
2021-09-06,166.01458740234375,186.0426483154297,191.68031311035156,169.1296844482422,178.52577209472656,73422214
2021-09-07,166.01458740234375,186.0426483154297,189.80108642578125,178.52577209472656,186.98226928710938,31504688
2021-09-08,155.95310974121094,174.76734924316406,186.98226928710938,173.82772827148438,186.0426483154297,15334244
2021-09-09,146.73008728027344,164.431640625,176.6465606689453,163.49203491210938,174.76734924316406,16940976
2021-09-10,150.92236328125,169.1296844482422,179.46539306640625,166.31085205078125,170.0692901611328,55296277
2021-09-13,156.7915802001953,175.7069549560547,181.3446044921875,166.31085205078125,169.1296844482422,56451650
2021-09-14,211.29129028320312,236.78155517578125,236.78155517578125,175.7069549560547,176.6465606689453,428031599
2021-09-15,197.87599182128906,221.747802734375,283.76202392578125,221.747802734375,253.6945343017578,430307545
2021-09-16,207.93746948242188,233.0231170654297,257.4529724121094,206.7140655517578,206.7140655517578,162537013
2021-09-17,201.2298126220703,225.50624084472656,244.29843139648438,225.50624084472656,233.0231170654297,71717463
2021-09-20,217.99896240234375,244.29843139648438,251.8153076171875,221.747802734375,225.50624084472656,136177229
2021-09-21,211.29129028320312,236.78155517578125,257.4529724121094,234.90234375,248.05686950683594,135345394
2021-09-22,209.61439514160156,234.90234375,249.93609619140625,231.14390563964844,238.66078186035156,45601290
2021-09-23,216.32205200195312,242.41921997070312,251.8153076171875,231.14390563964844,234.90234375,65303095
2021-09-24,201.2298126220703,225.50624084472656,246.1776580810547,225.50624084472656,244.29843139648438,34583307
2021-09-27,192.84524536132812,216.1101531982422,236.78155517578125,210.47250366210938,221.747802734375,104495659
2021-09-28,181.10684204101562,202.95562744140625,225.50624084472656,201.07640075683594,216.1101531982422,46634699
2021-09-29,182.78375244140625,204.8348388671875,214.23094177246094,193.5595245361328,202.95562744140625,33239664
2021-09-30,191.1683349609375,214.23094177246094,219.86859130859375,201.07640075683594,204.8348388671875,31995104
2021-10-01,182.78375244140625,204.8348388671875,216.1101531982422,201.07640075683594,214.23094177246094,14691850
2021-10-04,176.07608032226562,197.31796264648438,208.59327697753906,193.5595245361328,193.5595245361328,16647237
2021-10-05,191.1683349609375,214.23094177246094,229.26467895507812,189.80108642578125,191.68031311035156,143880536
2021-10-06,179.42991638183594,201.07640075683594,223.6270294189453,201.07640075683594,214.23094177246094,27307411
2021-10-07,194.52215576171875,217.98936462402344,219.86859130859375,195.43875122070312,202.95562744140625,47182054
2021-10-08,184.46067810058594,206.7140655517578,221.747802734375,204.8348388671875,219.86859130859375,26256017
2021-10-11,186.1375732421875,208.59327697753906,217.98936462402344,202.95562744140625,210.47250366210938,15146081
2021-10-12,182.78375244140625,204.8348388671875,216.1101531982422,204.8348388671875,210.47250366210938,28240033
2021-10-13,177.7530059814453,199.1971893310547,206.7140655517578,197.31796264648438,206.7140655517578,8415518
2021-10-14,179.42991638183594,201.07640075683594,202.95562744140625,193.5595245361328,199.1971893310547,8948612
2021-10-15,176.07608032226562,197.31796264648438,202.95562744140625,195.43875122070312,201.07640075683594,4452488
2021-10-18,184.46067810058594,206.7140655517578,212.35171508789062,197.31796264648438,197.31796264648438,18885827
2021-10-19,187.8144989013672,210.47250366210938,221.747802734375,206.7140655517578,206.7140655517578,43264787
2021-10-21,199.5529022216797,223.6270294189453,231.14390563964844,206.7140655517578,210.47250366210938,106072484
2021-10-22,186.1375732421875,208.59327697753906,229.26467895507812,208.59327697753906,225.50624084472656,43199015
2021-10-25,182.78375244140625,204.8348388671875,210.47250366210938,201.07640075683594,208.59327697753906,9926465
2021-10-26,184.46067810058594,206.7140655517578,212.35171508789062,202.95562744140625,204.8348388671875,14507411
2021-10-27,192.84524536132812,216.1101531982422,217.98936462402344,206.7140655517578,208.59327697753906,49107960
2021-10-28,187.8144989013672,210.47250366210938,221.747802734375,206.7140655517578,219.86859130859375,32439118
2021-10-29,184.46067810058594,206.7140655517578,214.23094177246094,206.7140655517578,210.47250366210938,8933074
2021-11-01,182.78375244140625,204.8348388671875,208.59327697753906,202.95562744140625,206.7140655517578,10674329
2021-11-02,177.7530059814453,199.1971893310547,208.59327697753906,197.31796264648438,208.59327697753906,7315699
2021-11-03,181.10684204101562,202.95562744140625,208.59327697753906,201.07640075683594,202.95562744140625,19114858
2021-11-04,182.78375244140625,204.8348388671875,214.23094177246094,201.07640075683594,204.8348388671875,27947039
2021-11-05,181.10684204101562,202.95562744140625,208.59327697753906,202.95562744140625,204.8348388671875,8290360
2021-11-08,179.42991638183594,201.07640075683594,208.59327697753906,199.1971893310547,204.8348388671875,5987381
2021-11-09,186.1375732421875,208.59327697753906,216.1101531982422,201.07640075683594,202.95562744140625,39776849
2021-11-10,179.42991638183594,201.07640075683594,212.35171508789062,197.31796264648438,212.35171508789062,13466872
2021-11-11,181.10684204101562,202.95562744140625,204.8348388671875,199.1971893310547,201.07640075683594,6504405
2021-11-12,179.42991638183594,201.07640075683594,204.8348388671875,199.1971893310547,202.95562744140625,6403086
2021-11-15,176.07608032226562,197.31796264648438,202.95562744140625,195.43875122070312,201.07640075683594,7006635
2021-11-16,174.39918518066406,195.43875122070312,204.8348388671875,193.5595245361328,197.31796264648438,11492009
2021-11-17,163.4992218017578,183.2238311767578,199.1971893310547,183.2238311767578,195.43875122070312,11446565
2021-11-18,161.8223114013672,181.3446044921875,191.68031311035156,174.76734924316406,182.28421020507812,26533898
2021-11-19,166.85305786132812,186.98226928710938,195.43875122070312,181.3446044921875,182.28421020507812,20118254
2021-11-22,164.3376922607422,184.16343688964844,193.5595245361328,184.16343688964844,189.80108642578125,5913202
2021-11-23,162.66075134277344,182.28421020507812,189.80108642578125,182.28421020507812,184.16343688964844,5502818
2021-11-24,158.46847534179688,177.58616638183594,184.16343688964844,175.7069549560547,182.28421020507812,3755177
2021-11-25,151.7608184814453,170.0692901611328,180.40499877929688,169.1296844482422,177.58616638183594,4358087
2021-11-26,146.73008728027344,164.431640625,177.58616638183594,164.431640625,170.0692901611328,12023826
2021-11-29,143.37625122070312,160.67320251464844,167.25047302246094,158.79397583007812,164.431640625,5035922
2021-11-30,142.53778076171875,159.7335968017578,173.82772827148438,152.2167205810547,152.2167205810547,6522391
2021-12-01,157.63002014160156,176.6465606689453,182.28421020507812,158.79397583007812,159.7335968017578,31484999
2021-12-02,166.85305786132812,186.98226928710938,191.68031311035156,175.7069549560547,179.46539306640625,46622034
2021-12-03,164.3376922607422,184.16343688964844,193.5595245361328,182.28421020507812,186.98226928710938,13851288
2021-12-06,156.7915802001953,175.7069549560547,186.98226928710938,174.76734924316406,184.16343688964844,5883083
2021-12-07,156.7915802001953,175.7069549560547,184.16343688964844,169.1296844482422,175.7069549560547,12954958
2021-12-08,166.85305786132812,186.98226928710938,187.921875,171.0089111328125,177.58616638183594,25618518
2021-12-09,160.14540100097656,179.46539306640625,189.80108642578125,178.52577209472656,186.98226928710938,31062057
2021-12-10,157.63002014160156,176.6465606689453,183.2238311767578,174.76734924316406,179.46539306640625,5699921
2021-12-13,158.46847534179688,177.58616638183594,181.3446044921875,176.6465606689453,177.58616638183594,4589034
2021-12-14,184.46067810058594,206.7140655517578,217.98936462402344,177.58616638183594,177.58616638183594,165831041
2021-12-15,177.7530059814453,199.1971893310547,227.38546752929688,193.5595245361328,206.7140655517578,113646802
2021-12-16,177.7530059814453,199.1971893310547,208.59327697753906,191.68031311035156,199.1971893310547,29474589
2021-12-17,184.46067810058594,206.7140655517578,210.47250366210938,197.31796264648438,199.1971893310547,38412026
2021-12-20,179.42991638183594,201.07640075683594,216.1101531982422,195.43875122070312,206.7140655517578,32970829
2021-12-21,196.19906616210938,219.86859130859375,219.86859130859375,199.1971893310547,202.95562744140625,78253051
2021-12-22,189.4914093017578,212.35171508789062,231.14390563964844,208.59327697753906,221.747802734375,99284663
2021-12-23,177.7530059814453,199.1971893310547,216.1101531982422,199.1971893310547,212.35171508789062,22510205
2021-12-24,177.7530059814453,199.1971893310547,210.47250366210938,191.68031311035156,199.1971893310547,36119478
2021-12-27,179.42991638183594,201.07640075683594,206.7140655517578,199.1971893310547,201.07640075683594,9355164
2021-12-28,171.04534912109375,191.68031311035156,204.8348388671875,191.68031311035156,201.07640075683594,10879308
2021-12-29,172.7222442626953,193.5595245361328,195.43875122070312,180.40499877929688,191.68031311035156,23270734
2021-12-30,177.7530059814453,199.1971893310547,204.8348388671875,191.68031311035156,195.43875122070312,31712859
2022-01-03,181.10684204101562,202.95562744140625,210.47250366210938,195.43875122070312,201.07640075683594,41811205
2022-01-04,169.36842346191406,189.80108642578125,206.7140655517578,189.80108642578125,204.8348388671875,24146417
2022-01-05,161.8223114013672,181.3446044921875,191.68031311035156,181.3446044921875,189.80108642578125,12441340
2022-01-06,164.3376922607422,184.16343688964844,186.98226928710938,176.6465606689453,181.3446044921875,15396717
2022-01-07,159.3069305419922,178.52577209472656,185.10304260253906,178.52577209472656,184.16343688964844,4533586
2022-01-10,184.46067810058594,206.7140655517578,214.23094177246094,178.52577209472656,178.52577209472656,103754500
2022-01-11,172.7222442626953,193.5595245361328,208.59327697753906,193.5595245361328,208.59327697753906,16088600
2022-01-12,172.7222442626953,193.5595245361328,214.23094177246094,187.921875,193.5595245361328,39209379
2022-01-13,176.07608032226562,197.31796264648438,202.95562744140625,193.5595245361328,195.43875122070312,7261102
2022-01-14,171.04534912109375,191.68031311035156,201.07640075683594,191.68031311035156,199.1971893310547,6532501
2022-01-17,176.07608032226562,197.31796264648438,204.8348388671875,187.921875,193.5595245361328,29674778
2022-01-18,176.07608032226562,197.31796264648438,206.7140655517578,193.5595245361328,199.1971893310547,22126429
2022-01-19,179.42991638183594,201.07640075683594,210.47250366210938,195.43875122070312,199.1971893310547,31939336
2022-01-20,176.07608032226562,197.31796264648438,202.95562744140625,195.43875122070312,201.07640075683594,8036956
2022-01-21,176.07608032226562,197.31796264648438,204.8348388671875,195.43875122070312,197.31796264648438,12525630
2022-01-24,174.39918518066406,195.43875122070312,199.1971893310547,191.68031311035156,199.1971893310547,7321340
2022-01-25,162.66075134277344,182.28421020507812,197.31796264648438,182.28421020507812,195.43875122070312,15767403
2022-01-26,161.8223114013672,181.3446044921875,189.80108642578125,171.94851684570312,180.40499877929688,7124130
2022-01-27,156.7915802001953,175.7069549560547,186.98226928710938,171.94851684570312,181.3446044921875,6290805
2022-01-28,150.92236328125,169.1296844482422,183.2238311767578,169.1296844482422,183.2238311767578,7292711
2022-01-31,154.2761993408203,172.88812255859375,180.40499877929688,168.19007873535156,169.1296844482422,12755726
2022-02-02,157.63002014160156,176.6465606689453,180.40499877929688,172.88812255859375,174.76734924316406,3499965
2022-02-03,160.14540100097656,179.46539306640625,180.40499877929688,173.82772827148438,173.82772827148438,6013350
2022-02-04,160.14540100097656,179.46539306640625,181.3446044921875,175.7069549560547,177.58616638183594,5629467
2022-02-07,162.66075134277344,182.28421020507812,186.0426483154297,177.58616638183594,179.46539306640625,14262416
2022-02-08,163.4992218017578,183.2238311767578,185.10304260253906,179.46539306640625,182.28421020507812,6528457
2022-02-09,158.46847534179688,177.58616638183594,185.10304260253906,174.76734924316406,183.2238311767578,10128251
2022-02-10,159.3069305419922,178.52577209472656,189.80108642578125,177.58616638183594,177.58616638183594,36162581
2022-02-11,163.4992218017578,183.2238311767578,186.0426483154297,178.52577209472656,178.52577209472656,6779519
2022-02-14,158.46847534179688,177.58616638183594,184.16343688964844,176.6465606689453,183.2238311767578,3419931
2022-02-15,155.11463928222656,173.82772827148438,178.52577209472656,173.82772827148438,177.58616638183594,3622569
2022-02-16,156.7915802001953,175.7069549560547,177.58616638183594,170.0692901611328,173.82772827148438,4623517
2022-02-17,154.2761993408203,172.88812255859375,176.6465606689453,171.94851684570312,175.7069549560547,4699080
2022-02-18,153.437744140625,171.94851684570312,176.6465606689453,171.0089111328125,173.82772827148438,3854686
2022-02-21,153.437744140625,171.94851684570312,175.7069549560547,171.0089111328125,171.94851684570312,4578498
2022-02-22,152.59927368164062,171.0089111328125,172.88812255859375,170.0692901611328,171.94851684570312,2009132
2022-02-23,147.5685272216797,165.37124633789062,171.94851684570312,165.37124633789062,171.0089111328125,3323295
2022-02-24,140.0224151611328,156.91476440429688,173.82772827148438,155.97515869140625,161.61280822753906,6733117
2022-02-25,141.69932556152344,158.79397583007812,175.7069549560547,152.2167205810547,158.79397583007812,36068180
2022-03-01,145.89161682128906,163.49203491210938,167.25047302246094,158.79397583007812,159.7335968017578,6170223
2022-03-02,141.69932556152344,158.79397583007812,167.25047302246094,157.8543701171875,164.431640625,3162697
2022-03-04,138.34548950195312,155.03553771972656,161.61280822753906,154.09593200683594,158.79397583007812,4296572
2022-03-07,135.8301239013672,152.2167205810547,158.79397583007812,146.5790557861328,146.5790557861328,3619376
2022-03-08,131.63784790039062,147.5186767578125,153.1563262939453,145.6394500732422,145.6394500732422,4327010
2022-03-09,130.79937744140625,146.5790557861328,150.33749389648438,140.94140625,140.94140625,3968670
2022-03-10,134.15321350097656,150.33749389648438,155.03553771972656,139.0621795654297,139.0621795654297,7722251
2022-03-11,137.5070343017578,154.09593200683594,154.09593200683594,141.88101196289062,141.88101196289062,3209738
2022-03-14,143.37625122070312,160.67320251464844,160.67320251464844,144.69984436035156,144.69984436035156,20021831
2022-03-15,144.21470642089844,161.61280822753906,171.94851684570312,156.91476440429688,160.67320251464844,40303770
2022-03-16,146.73008728027344,164.431640625,166.31085205078125,153.1563262939453,153.1563262939453,5413313
2022-03-17,148.406982421875,166.31085205078125,167.25047302246094,163.49203491210938,164.431640625,2610872
2022-03-18,150.0839080810547,168.19007873535156,173.82772827148438,163.49203491210938,163.49203491210938,29098156
2022-03-21,150.92236328125,169.1296844482422,169.1296844482422,163.49203491210938,167.25047302246094,10089086
2022-03-22,153.437744140625,171.94851684570312,171.94851684570312,165.37124633789062,169.1296844482422,4665981
2022-03-23,155.95310974121094,174.76734924316406,175.7069549560547,169.1296844482422,171.94851684570312,10123249
2022-03-24,155.11463928222656,173.82772827148438,176.6465606689453,170.0692901611328,174.76734924316406,5378511
2022-03-25,155.11463928222656,173.82772827148438,176.6465606689453,171.94851684570312,173.82772827148438,7773443
2022-03-28,150.92236328125,169.1296844482422,173.82772827148438,169.1296844482422,173.82772827148438,6796654
2022-03-29,150.92236328125,169.1296844482422,169.1296844482422,164.431640625,167.25047302246094,4994735
2022-03-30,149.24545288085938,167.25047302246094,169.1296844482422,164.431640625,169.1296844482422,3897683
2022-03-31,151.7608184814453,170.0692901611328,171.94851684570312,165.37124633789062,167.25047302246094,12837036
2022-04-01,153.437744140625,171.94851684570312,172.88812255859375,168.19007873535156,171.0089111328125,8960000
2022-04-04,155.95310974121094,174.76734924316406,174.76734924316406,168.19007873535156,171.94851684570312,14301155
2022-04-05,167.69151306152344,187.921875,189.80108642578125,173.82772827148438,176.6465606689453,89927051
2022-04-06,169.36842346191406,189.80108642578125,199.1971893310547,187.921875,187.921875,65950172
2022-04-07,177.7530059814453,199.1971893310547,199.1971893310547,184.16343688964844,189.80108642578125,68685884
2022-04-08,176.07608032226562,197.31796264648438,201.07640075683594,189.80108642578125,201.07640075683594,29157648
2022-04-11,164.3376922607422,184.16343688964844,197.31796264648438,184.16343688964844,197.31796264648438,12399301
2022-04-12,166.01458740234375,186.0426483154297,187.921875,176.6465606689453,184.16343688964844,21310983
2022-04-13,164.3376922607422,184.16343688964844,187.921875,181.3446044921875,186.0426483154297,15231861
2022-04-14,166.85305786132812,186.98226928710938,187.921875,182.28421020507812,184.16343688964844,24718676
2022-04-18,167.69151306152344,187.921875,193.5595245361328,185.10304260253906,189.80108642578125,24338731
2022-04-19,167.69151306152344,187.921875,193.5595245361328,185.10304260253906,187.921875,20461375
2022-04-20,167.69151306152344,187.921875,197.31796264648438,186.0426483154297,189.80108642578125,38012286
2022-04-21,161.8223114013672,181.3446044921875,189.80108642578125,174.76734924316406,187.921875,24458036
2022-04-22,158.46847534179688,177.58616638183594,182.28421020507812,174.76734924316406,182.28421020507812,10773519
2022-04-25,155.11463928222656,173.82772827148438,177.58616638183594,169.1296844482422,177.58616638183594,9696476
2022-04-26,147.5685272216797,165.37124633789062,173.82772827148438,163.49203491210938,173.82772827148438,10334188
2022-04-27,146.73008728027344,164.431640625,166.31085205078125,163.49203491210938,164.431640625,3953451
2022-04-28,146.73008728027344,164.431640625,167.25047302246094,164.431640625,164.431640625,4218561
2022-05-09,140.0224151611328,156.91476440429688,164.431640625,156.91476440429688,164.431640625,7962883
2022-05-10,134.9916534423828,151.277099609375,156.91476440429688,149.39788818359375,156.91476440429688,7629127
2022-05-11,136.66859436035156,153.1563262939453,155.03553771972656,150.33749389648438,150.33749389648438,4337972
2022-05-12,133.31475830078125,149.39788818359375,153.1563262939453,149.39788818359375,153.1563262939453,2897374
2022-05-13,133.31475830078125,149.39788818359375,149.39788818359375,145.6394500732422,149.39788818359375,4367346
2022-05-17,134.9916534423828,151.277099609375,151.277099609375,148.45828247070312,149.39788818359375,5480894
2022-05-18,134.15321350097656,150.33749389648438,151.277099609375,145.6394500732422,151.277099609375,7681596
2022-05-19,130.79937744140625,146.5790557861328,150.33749389648438,146.5790557861328,150.33749389648438,4106600
2022-05-20,134.15321350097656,150.33749389648438,150.33749389648438,145.6394500732422,145.6394500732422,32954226
2022-05-23,134.15321350097656,150.33749389648438,150.33749389648438,147.5186767578125,150.33749389648438,21011923
2022-05-24,133.31475830078125,149.39788818359375,157.8543701171875,145.6394500732422,150.33749389648438,60762165
2022-05-25,134.9916534423828,151.277099609375,151.277099609375,147.5186767578125,149.39788818359375,11549161
2022-05-27,142.53778076171875,159.7335968017578,159.7335968017578,149.39788818359375,151.277099609375,40392104
2022-05-30,142.53778076171875,159.7335968017578,164.431640625,155.97515869140625,164.431640625,21372285
2022-05-31,144.21470642089844,161.61280822753906,162.5524139404297,157.8543701171875,159.7335968017578,11543201
2022-06-02,145.89161682128906,163.49203491210938,163.49203491210938,159.7335968017578,161.61280822753906,11732215
2022-06-03,143.37625122070312,160.67320251464844,166.31085205078125,160.67320251464844,162.5524139404297,12098538
2022-06-06,140.0224151611328,156.91476440429688,161.61280822753906,156.91476440429688,159.7335968017578,7226194
2022-06-07,141.69932556152344,158.79397583007812,159.7335968017578,155.03553771972656,156.91476440429688,8467454
2022-06-08,138.34548950195312,155.03553771972656,158.79397583007812,155.03553771972656,158.79397583007812,3981016
2022-06-09,139.1839599609375,155.97515869140625,156.91476440429688,152.2167205810547,155.03553771972656,4924812
2022-06-10,135.8301239013672,152.2167205810547,155.97515869140625,148.45828247070312,155.97515869140625,6056133
2022-06-13,133.31475830078125,149.39788818359375,152.2167205810547,141.88101196289062,151.277099609375,5965138
2022-06-14,131.63784790039062,147.5186767578125,149.39788818359375,145.6394500732422,149.39788818359375,2996564
2022-06-15,136.66859436035156,153.1563262939453,153.1563262939453,144.69984436035156,147.5186767578125,13595649
2022-06-16,135.8301239013672,152.2167205810547,155.03553771972656,149.39788818359375,153.1563262939453,10483399
2022-06-17,134.9916534423828,151.277099609375,152.2167205810547,147.5186767578125,151.277099609375,3324040
2022-06-20,130.79937744140625,146.5790557861328,150.33749389648438,145.6394500732422,150.33749389648438,4133632
2022-06-21,131.63784790039062,147.5186767578125,147.5186767578125,144.69984436035156,146.5790557861328,1609285
2022-06-22,130.79937744140625,146.5790557861328,149.39788818359375,143.76023864746094,147.5186767578125,8743952
2022-06-23,129.96092224121094,145.6394500732422,146.5790557861328,143.76023864746094,146.5790557861328,2240505
2022-06-24,129.96092224121094,145.6394500732422,145.6394500732422,142.82061767578125,145.6394500732422,1029896
2022-06-27,129.96092224121094,145.6394500732422,146.5790557861328,143.76023864746094,145.6394500732422,2060005
2022-06-28,131.63784790039062,147.5186767578125,148.45828247070312,144.69984436035156,145.6394500732422,8458089
2022-06-29,136.66859436035156,153.1563262939453,153.1563262939453,145.6394500732422,147.5186767578125,16056459
2022-06-30,134.9916534423828,151.277099609375,157.8543701171875,147.5186767578125,153.1563262939453,12123868
2022-07-01,133.31475830078125,149.39788818359375,152.2167205810547,144.69984436035156,151.277099609375,9501714
2022-07-04,132.47628784179688,148.45828247070312,150.33749389648438,139.0621795654297,149.39788818359375,6365304
2022-07-05,132.47628784179688,148.45828247070312,149.39788818359375,144.69984436035156,147.5186767578125,3442920
2022-07-06,130.79937744140625,146.5790557861328,148.45828247070312,143.76023864746094,147.5186767578125,1604922
2022-07-07,133.31475830078125,149.39788818359375,149.39788818359375,143.76023864746094,146.5790557861328,7586663
2022-07-08,133.31475830078125,149.39788818359375,153.1563262939453,146.5790557861328,149.39788818359375,9036308
2022-07-11,139.1839599609375,155.97515869140625,155.97515869140625,146.5790557861328,149.39788818359375,20081323
2022-07-12,144.21470642089844,161.61280822753906,162.5524139404297,151.277099609375,155.03553771972656,31164227
2022-07-13,143.37625122070312,160.67320251464844,162.5524139404297,156.91476440429688,161.61280822753906,13913335
2022-07-14,143.37625122070312,160.67320251464844,161.61280822753906,156.91476440429688,160.67320251464844,6149470
2022-07-15,144.21470642089844,161.61280822753906,163.49203491210938,155.97515869140625,160.67320251464844,19398061
2022-07-18,145.89161682128906,163.49203491210938,167.25047302246094,159.7335968017578,161.61280822753906,32862592
2022-07-19,145.0531463623047,162.5524139404297,163.49203491210938,157.8543701171875,163.49203491210938,18825376
2022-07-20,145.89161682128906,163.49203491210938,167.25047302246094,161.61280822753906,162.5524139404297,42752553
2022-07-21,147.5685272216797,165.37124633789062,169.1296844482422,161.61280822753906,163.49203491210938,46796255
2022-07-22,137.5070343017578,154.09593200683594,165.37124633789062,154.09593200683594,165.37124633789062,24824358
2022-07-25,133.31475830078125,149.39788818359375,154.09593200683594,145.6394500732422,153.1563262939453,13179945
2022-07-26,134.15321350097656,150.33749389648438,151.277099609375,145.6394500732422,149.39788818359375,15117984
2022-07-27,129.96092224121094,145.6394500732422,150.33749389648438,140.94140625,140.94140625,11334071
2022-07-28,130.79937744140625,146.5790557861328,149.39788818359375,143.76023864746094,148.45828247070312,10428695
2022-07-29,129.96092224121094,145.6394500732422,150.33749389648438,145.6394500732422,149.39788818359375,8101238
2022-08-01,133.31475830078125,149.39788818359375,151.277099609375,145.6394500732422,148.45828247070312,24879913
2022-08-02,133.31475830078125,149.39788818359375,150.33749389648438,146.5790557861328,149.39788818359375,5805710
2022-08-03,129.96092224121094,145.6394500732422,149.39788818359375,142.82061767578125,149.39788818359375,8168288
2022-08-04,125.76864624023438,140.94140625,146.5790557861328,140.00180053710938,145.6394500732422,11111319
2022-08-05,123.25326538085938,138.12257385253906,142.82061767578125,137.18296813964844,140.94140625,10706576
2022-08-08,115.11275482177734,129.0,141.0,129.0,138.0,14154400
2022-08-09,115.11275482177734,129.0,130.0,121.0,130.0,11593400
2022-08-10,113.32806396484375,127.0,129.0,125.0,129.0,3686000
2022-08-11,117.78980255126953,132.0,134.0,125.0,128.0,14508000
2022-08-12,115.11275482177734,129.0,133.0,128.0,131.0,6212700
2022-08-15,116.0051040649414,130.0,130.0,125.0,128.0,11856800
2022-08-16,115.11275482177734,129.0,133.0,127.0,130.0,26353600
2022-08-18,116.0051040649414,130.0,131.0,127.0,129.0,10721300
2022-08-19,141.8831787109375,159.0,166.0,125.0,130.0,36371900
2022-08-22,132.06735229492188,148.0,148.0,148.0,148.0,2151700
2022-08-23,123.14388275146484,138.0,138.0,138.0,138.0,2982700
2022-08-24,115.11275482177734,129.0,133.0,129.0,129.0,29272500
2022-08-25,111.54336547851562,125.0,128.0,120.0,120.0,17725700
2022-08-26,109.75867462158203,123.0,126.0,122.0,124.0,5449100
2022-08-29,104.40459442138672,117.0,123.0,115.0,115.0,12421500
2022-08-30,101.72755432128906,114.0,118.0,112.0,113.0,8646600
2022-08-31,102.61990356445312,115.0,120.0,113.0,115.0,9590400
2022-09-01,108.8663330078125,122.0,124.0,114.0,115.0,23155900
2022-09-02,111.54336547851562,125.0,125.0,118.0,123.0,10648000
2022-09-05,104.40459442138672,117.0,124.0,117.0,124.0,17449500
2022-09-06,103.51224517822266,116.0,116.0,113.0,116.0,4476500
2022-09-07,103.51224517822266,116.0,120.0,115.0,115.0,11789100
2022-09-08,106.18928527832031,119.0,122.0,116.0,116.0,29673800
2022-09-09,105.29694366455078,118.0,121.0,117.0,118.0,7527300
2022-09-12,104.40459442138672,117.0,119.0,117.0,118.0,3408200
2022-09-13,104.40459442138672,117.0,122.0,116.0,121.0,3269800
2022-09-14,107.97398376464844,121.0,121.0,115.0,117.0,11224500
2022-09-15,105.29694366455078,118.0,121.0,118.0,121.0,3021400
2022-09-16,105.29694366455078,118.0,120.0,117.0,118.0,3816700
2022-09-19,101.72755432128906,114.0,118.0,113.0,118.0,7484100
2022-09-20,101.72755432128906,114.0,119.0,111.0,114.0,13209300
2022-09-21,102.61990356445312,115.0,116.0,111.0,114.0,4109700
2022-09-22,100.835205078125,113.0,115.0,113.0,115.0,1723300
2022-09-23,108.8663330078125,122.0,128.0,110.0,113.0,82516300
2022-09-26,101.72755432128906,114.0,129.0,114.0,126.0,72386200
2022-09-27,99.0505142211914,111.0,115.0,108.0,114.0,16656700
2022-09-28,98.15816497802734,110.0,116.0,110.0,113.0,12207100
2022-09-29,93.6964340209961,105.0,115.0,105.0,111.0,7996600
2022-09-30,88.34234619140625,99.0,105.0,98.0,105.0,9435000
2022-10-03,89.23469543457031,100.0,105.0,93.0,93.0,2409400
2022-10-04,91.01939392089844,102.0,105.0,99.0,104.0,2124800
2022-10-05,91.01939392089844,102.0,105.0,102.0,105.0,3474500
2022-10-06,92.80408477783203,104.0,115.0,102.0,103.0,14987300
2022-10-07,94.58877563476562,106.0,109.0,104.0,105.0,3008900
2022-10-10,91.01939392089844,102.0,106.0,101.0,106.0,3858500
2022-10-11,91.01939392089844,102.0,103.0,101.0,102.0,1200000
2022-10-12,89.23469543457031,100.0,103.0,98.0,102.0,2978500
2022-10-13,88.34234619140625,99.0,101.0,99.0,100.0,2106300
2022-10-14,86.55765533447266,97.0,100.0,97.0,99.0,4180600
2022-10-17,82.0959243774414,92.0,98.0,91.0,97.0,5966900
2022-10-18,93.6964340209961,105.0,108.0,88.0,89.0,19334100
2022-10-19,94.58877563476562,106.0,112.0,98.0,105.0,44229400
2022-10-20,99.94285583496094,112.0,118.0,100.0,100.0,66324500
2022-10-21,97.26582336425781,109.0,117.0,109.0,111.0,17319200
2022-10-24,95.48112487792969,107.0,114.0,102.0,110.0,12041900
2022-10-25,96.37347412109375,108.0,111.0,103.0,103.0,7863000
2022-10-26,95.48112487792969,107.0,111.0,106.0,108.0,3462800
2022-10-27,94.58877563476562,106.0,109.0,105.0,106.0,3427300
2022-10-28,97.26582336425781,109.0,111.0,106.0,107.0,4312100
2022-10-31,106.18928527832031,119.0,119.0,109.0,110.0,26802400
2022-11-01,99.94285583496094,112.0,124.0,112.0,122.0,32957800
2022-11-02,101.72755432128906,114.0,117.0,107.0,111.0,9993000
2022-11-03,99.0505142211914,111.0,118.0,111.0,117.0,4891700
2022-11-04,99.94285583496094,112.0,116.0,111.0,113.0,6520100
2022-11-07,101.72755432128906,114.0,116.0,113.0,113.0,4425100
2022-11-08,102.61990356445312,115.0,116.0,114.0,116.0,3045600
2022-11-09,101.72755432128906,114.0,116.0,113.0,115.0,3751300
2022-11-10,100.835205078125,113.0,114.0,113.0,114.0,1736200
2022-11-11,99.94285583496094,112.0,114.0,112.0,114.0,2867800
2022-11-14,99.0505142211914,111.0,114.0,111.0,114.0,2102600
2022-11-15,100.835205078125,113.0,114.0,108.0,111.0,12394800
2022-11-16,100.835205078125,113.0,114.0,111.0,113.0,4985800
2022-11-17,99.0505142211914,111.0,113.0,111.0,113.0,2052300
2022-11-18,98.15816497802734,110.0,112.0,110.0,111.0,2280600
2022-11-21,97.26582336425781,109.0,112.0,108.0,110.0,3438300
2022-11-22,113.32806396484375,127.0,134.0,108.0,109.0,146822300
2022-11-23,106.18928527832031,119.0,128.0,119.0,126.0,44669300
2022-11-24,109.75867462158203,123.0,130.0,114.0,118.0,97080500
2022-11-25,111.54336547851562,125.0,129.0,120.0,123.0,43644000
2022-11-28,118.68214416503906,133.0,137.0,123.0,125.0,149705300
2022-11-29,113.32806396484375,127.0,135.0,125.0,134.0,41461100
2022-11-30,113.32806396484375,127.0,132.0,123.0,127.0,36641100
2022-12-01,112.43572235107422,126.0,129.0,123.0,128.0,12449700
2022-12-02,109.75867462158203,123.0,129.0,123.0,127.0,8626800
2022-12-05,102.61990356445312,115.0,124.0,115.0,124.0,21735600
2022-12-06,99.0505142211914,111.0,115.0,110.0,110.0,6717400
2022-12-07,93.6964340209961,105.0,111.0,104.0,105.0,8738600
2022-12-08,96.37347412109375,108.0,110.0,99.0,99.0,4393200
2022-12-09,94.58877563476562,106.0,113.0,104.0,104.0,8429600
2022-12-12,94.58877563476562,106.0,110.0,105.0,105.0,2547200
2022-12-13,93.6964340209961,105.0,108.0,105.0,107.0,1760800
2022-12-14,92.80408477783203,104.0,108.0,104.0,105.0,2811200
2022-12-15,91.9117431640625,103.0,105.0,102.0,105.0,2180900
2022-12-16,93.6964340209961,105.0,106.0,103.0,103.0,1253800
2022-12-19,93.6964340209961,105.0,110.0,105.0,106.0,4072000
2022-12-20,98.15816497802734,110.0,114.0,103.0,105.0,11173500
2022-12-21,99.0505142211914,111.0,113.0,109.0,110.0,5220700
2022-12-22,99.94285583496094,112.0,116.0,111.0,112.0,11961200
2022-12-23,98.15816497802734,110.0,114.0,110.0,112.0,4606100
2022-12-26,99.0505142211914,111.0,114.0,107.0,110.0,10166500
2022-12-27,100.835205078125,113.0,117.0,110.0,112.0,11020600
2022-12-28,98.15816497802734,110.0,118.0,109.0,113.0,14938300
2022-12-29,99.0505142211914,111.0,113.0,108.0,110.0,12289100
2022-12-30,98.15816497802734,110.0,115.0,110.0,115.0,9356500
2023-01-02,98.15816497802734,110.0,113.0,104.0,104.0,7054900
2023-01-03,99.0505142211914,111.0,114.0,109.0,109.0,5927100
2023-01-04,101.72755432128906,114.0,117.0,110.0,111.0,12670400
2023-01-05,95.48112487792969,107.0,117.0,107.0,117.0,9912400
2023-01-06,95.48112487792969,107.0,111.0,102.0,106.0,4864700
2023-01-09,94.58877563476562,106.0,108.0,105.0,107.0,7640900
2023-01-10,91.9117431640625,103.0,108.0,101.0,106.0,4055300
2023-01-11,89.23469543457031,100.0,103.0,100.0,103.0,4525700
2023-01-12,91.01939392089844,102.0,104.0,100.0,101.0,1029400
2023-01-13,96.37347412109375,108.0,115.0,100.0,102.0,27813500
2023-01-16,98.15816497802734,110.0,112.0,106.0,108.0,7502200
2023-01-17,100.835205078125,113.0,116.0,109.0,110.0,17012400
2023-01-18,105.29694366455078,118.0,120.0,112.0,113.0,18778100
2023-01-19,105.29694366455078,118.0,120.0,114.0,118.0,6455300
2023-01-20,105.29694366455078,118.0,118.0,114.0,117.0,3926400
2023-01-24,100.835205078125,113.0,119.0,113.0,118.0,2328400
2023-01-25,102.61990356445312,115.0,117.0,110.0,113.0,2749500
2023-01-26,101.72755432128906,114.0,117.0,114.0,116.0,1079300
2023-01-27,100.835205078125,113.0,116.0,113.0,114.0,1865200
2023-01-30,99.94285583496094,112.0,115.0,111.0,114.0,1790800
2023-01-31,99.94285583496094,112.0,114.0,109.0,112.0,3106700
2023-02-01,99.94285583496094,112.0,113.0,111.0,113.0,2632200
2023-02-02,98.15816497802734,110.0,113.0,109.0,113.0,4256600
2023-02-03,98.15816497802734,110.0,119.0,110.0,111.0,14512800
2023-02-06,100.835205078125,113.0,114.0,110.0,110.0,2740700
2023-02-07,99.94285583496094,112.0,114.0,111.0,114.0,2314300
2023-02-08,101.72755432128906,114.0,118.0,111.0,112.0,13196000
2023-02-09,103.51224517822266,116.0,117.0,114.0,114.0,5478000
2023-02-10,100.835205078125,113.0,117.0,112.0,116.0,2016100
2023-02-13,99.0505142211914,111.0,114.0,110.0,113.0,3362500
2023-02-14,99.0505142211914,111.0,112.0,110.0,111.0,2810600
2023-02-15,99.0505142211914,111.0,114.0,110.0,111.0,2439700
2023-02-16,99.94285583496094,112.0,113.0,110.0,111.0,1377600
2023-02-17,99.94285583496094,112.0,113.0,111.0,112.0,939000
2023-02-20,99.0505142211914,111.0,117.0,110.0,112.0,12928700
2023-02-21,99.0505142211914,111.0,112.0,110.0,111.0,2184200
2023-02-22,98.15816497802734,110.0,112.0,110.0,111.0,1150300
2023-02-23,96.37347412109375,108.0,110.0,107.0,110.0,2056800
2023-02-24,96.37347412109375,108.0,110.0,106.0,106.0,1230400
2023-02-27,97.26582336425781,109.0,110.0,108.0,108.0,836000
2023-02-28,97.26582336425781,109.0,112.0,108.0,109.0,1353500
2023-03-01,95.48112487792969,107.0,110.0,107.0,108.0,1227500
2023-03-02,95.48112487792969,107.0,108.0,106.0,107.0,1761800
2023-03-03,94.58877563476562,106.0,108.0,106.0,107.0,1329900
2023-03-06,96.37347412109375,108.0,109.0,106.0,106.0,1168100
2023-03-07,96.37347412109375,108.0,111.0,106.0,108.0,3089000
2023-03-08,95.48112487792969,107.0,110.0,107.0,108.0,934300
2023-03-09,96.37347412109375,108.0,110.0,107.0,107.0,1632700
2023-03-10,95.48112487792969,107.0,109.0,106.0,108.0,1342300
2023-03-13,94.58877563476562,106.0,109.0,105.0,107.0,1909700
2023-03-14,91.01939392089844,102.0,108.0,101.0,106.0,2879900
2023-03-15,91.01939392089844,102.0,106.0,102.0,104.0,1394000
2023-03-16,90.12704467773438,101.0,103.0,100.0,103.0,1340100
2023-03-17,90.12704467773438,101.0,105.0,101.0,101.0,1115800
2023-03-20,93.6964340209961,105.0,109.0,102.0,103.0,1521100
2023-03-21,93.6964340209961,105.0,107.0,105.0,105.0,901400
2023-03-24,94.58877563476562,106.0,107.0,105.0,106.0,846800
2023-03-27,98.15816497802734,110.0,115.0,110.0,113.0,11602700
2023-03-28,99.94285583496094,112.0,117.0,109.0,110.0,6537800
2023-03-29,99.94285583496094,112.0,116.0,111.0,113.0,1382500
2023-03-30,102.61990356445312,115.0,115.0,111.0,113.0,1939600
2023-03-31,100.835205078125,113.0,121.0,112.0,114.0,12743400
2023-04-03,101.72755432128906,114.0,116.0,109.0,114.0,2305300
2023-04-04,99.0505142211914,111.0,114.0,110.0,113.0,1393600
2023-04-05,98.15816497802734,110.0,112.0,110.0,111.0,579100
2023-04-06,99.94285583496094,112.0,113.0,109.0,111.0,817700
2023-04-10,98.15816497802734,110.0,112.0,110.0,112.0,948800
2023-04-11,98.15816497802734,110.0,112.0,109.0,110.0,1397200
2023-04-12,109.75867462158203,123.0,131.0,108.0,108.0,64187800
2023-04-13,109.75867462158203,123.0,129.0,116.0,124.0,30086600
2023-04-14,107.0816421508789,120.0,127.0,120.0,123.0,10155600
2023-04-17,116.0051040649414,130.0,140.0,121.0,122.0,103587800
2023-04-18,112.43572235107422,126.0,132.0,125.0,132.0,14149500
2023-04-26,116.89745330810547,131.0,132.0,122.0,129.0,20948800
2023-04-27,116.0051040649414,130.0,135.0,129.0,131.0,15953800
2023-04-28,111.54336547851562,125.0,132.0,123.0,130.0,16186500
2023-05-02,113.32806396484375,127.0,132.0,125.0,130.0,12268100
2023-05-03,106.18928527832031,119.0,129.0,119.0,129.0,23940100
2023-05-04,108.8663330078125,122.0,123.0,116.0,118.0,10869400
2023-05-05,106.18928527832031,119.0,126.0,118.0,122.0,13477600
2023-05-08,107.0816421508789,120.0,122.0,119.0,120.0,6506500
2023-05-09,110.6510238647461,124.0,127.0,120.0,120.0,29025900
2023-05-10,109.75867462158203,123.0,128.0,120.0,127.0,17273300
2023-05-11,108.8663330078125,122.0,125.0,121.0,121.0,4309200
2023-05-12,108.8663330078125,122.0,126.0,122.0,122.0,7131000
2023-05-15,109.75867462158203,123.0,125.0,122.0,122.0,5755500
2023-05-16,107.97398376464844,121.0,125.0,121.0,124.0,5509900
2023-05-17,107.0816421508789,120.0,123.0,117.0,121.0,7463100
2023-05-19,106.18928527832031,119.0,123.0,118.0,120.0,3220200
2023-05-22,107.0816421508789,120.0,122.0,119.0,120.0,2876200
2023-05-23,107.97398376464844,121.0,125.0,120.0,121.0,5635000
2023-05-24,107.97398376464844,121.0,125.0,121.0,121.0,3358000
2023-05-25,108.8663330078125,122.0,125.0,121.0,121.0,3819200
2023-05-26,108.8663330078125,122.0,124.0,122.0,122.0,1112400
2023-05-29,107.0816421508789,120.0,124.0,118.0,123.0,7516200
2023-05-30,106.18928527832031,119.0,121.0,118.0,120.0,3498600
2023-05-31,101.72755432128906,114.0,119.0,113.0,119.0,9001500
2023-06-05,101.72755432128906,114.0,116.0,110.0,114.0,3353200
2023-06-06,104.40459442138672,117.0,120.0,114.0,114.0,2238100
2023-06-07,105.29694366455078,118.0,119.0,116.0,118.0,1298900
2023-06-08,108.8663330078125,122.0,125.0,117.0,117.0,8153300
2023-06-09,111.54336547851562,125.0,128.0,122.0,122.0,6923900
2023-06-12,113.32806396484375,127.0,128.0,123.0,125.0,4331900
2023-06-13,110.6510238647461,124.0,129.0,124.0,127.0,4637200
2023-06-14,110.6510238647461,124.0,127.0,123.0,125.0,617400
2023-06-15,108.8663330078125,122.0,124.0,122.0,124.0,1036900
2023-06-16,107.0816421508789,120.0,124.0,119.0,122.0,2120700
2023-06-19,107.0816421508789,120.0,123.0,119.0,119.0,1858500
2023-06-20,108.8663330078125,122.0,123.0,120.0,120.0,1543200
2023-06-21,111.54336547851562,125.0,126.0,121.0,122.0,5159400
2023-06-22,111.54336547851562,125.0,128.0,125.0,126.0,3364200
2023-06-23,114.22041320800781,128.0,129.0,125.0,126.0,5644500
2023-06-26,108.8663330078125,122.0,131.0,122.0,128.0,9144000
2023-06-27,110.6510238647461,124.0,126.0,122.0,122.0,2658200
2023-07-03,112.43572235107422,126.0,127.0,123.0,124.0,2906200
2023-07-04,113.32806396484375,127.0,129.0,126.0,128.0,3361800
2023-07-05,116.0051040649414,130.0,130.0,127.0,127.0,1983800
2023-07-06,132.95970153808594,149.0,150.0,130.0,130.0,33740300
2023-07-07,129.3903045654297,145.0,150.0,143.0,149.0,6642600
2023-07-10,130.2826690673828,146.0,150.0,144.0,145.0,4895200
2023-07-11,132.06735229492188,148.0,148.0,143.0,148.0,3731800
2023-07-12,132.95970153808594,149.0,161.0,146.0,149.0,13655800
2023-07-13,128.49795532226562,144.0,151.0,144.0,151.0,3912400
2023-07-14,128.49795532226562,144.0,147.0,143.0,144.0,1921800
2023-07-17,128.49795532226562,144.0,148.0,143.0,144.0,3357900
2023-07-18,129.3903045654297,145.0,150.0,144.0,145.0,3174600
2023-07-20,132.06735229492188,148.0,150.0,144.0,145.0,3045400
2023-07-21,133.85205078125,150.0,153.0,147.0,149.0,7724500
2023-07-24,132.95970153808594,149.0,153.0,149.0,150.0,3046500
2023-07-25,133.85205078125,150.0,152.0,148.0,150.0,3397700
2023-07-26,131.1750030517578,147.0,153.0,147.0,150.0,3762800
2023-07-27,122.25154113769531,137.0,149.0,137.0,147.0,12493300
2023-07-28,122.25154113769531,137.0,139.0,131.0,137.0,5576500
2023-07-31,125.8209228515625,141.0,142.0,132.0,137.0,7286900
2023-08-01,122.25154113769531,137.0,143.0,135.0,142.0,4345100
2023-08-02,119.57449340820312,134.0,139.0,132.0,138.0,5432500
2023-08-03,120.46684265136719,135.0,137.0,132.0,134.0,1611800
2023-08-04,120.46684265136719,135.0,137.0,134.0,135.0,1977900
2023-08-07,122.25154113769531,137.0,137.0,135.0,137.0,2019400
2023-08-08,124.92857360839844,140.0,142.0,137.0,137.0,2971000
2023-08-09,124.92857360839844,140.0,143.0,140.0,140.0,2455400
2023-08-10,137.4214324951172,154.0,159.0,141.0,141.0,28908300
2023-08-11,136.52908325195312,153.0,157.0,149.0,155.0,8793000
2023-08-14,148.1295928955078,166.0,166.0,151.0,153.0,23616600
2023-08-15,146.3448944091797,164.0,168.0,161.0,167.0,10693200
2023-08-16,152.59133911132812,171.0,173.0,164.0,165.0,14852700
2023-08-18,138.31378173828125,155.0,172.0,153.0,172.0,13717100
2023-08-21,131.1750030517578,147.0,158.0,147.0,155.0,8087800
2023-08-22,137.4214324951172,154.0,158.0,147.0,147.0,6127800
2023-08-23,138.31378173828125,155.0,161.0,154.0,155.0,3869500
2023-08-24,140.0984649658203,157.0,161.0,155.0,155.0,2072500
2023-08-25,140.0984649658203,157.0,160.0,155.0,159.0,1746800
2023-08-28,145.4525604248047,163.0,164.0,156.0,157.0,5939300
2023-08-29,143.66786193847656,161.0,166.0,159.0,163.0,2699400
2023-08-30,138.31378173828125,155.0,162.0,154.0,161.0,4413600
2023-08-31,141.8831787109375,159.0,160.0,153.0,156.0,3218800
2023-09-01,146.3448944091797,164.0,174.0,163.0,170.0,23039600
2023-09-04,149.91429138183594,168.0,170.0,160.0,165.0,9590100
2023-09-05,149.02194213867188,167.0,172.0,166.0,169.0,4960200
2023-09-06,158.83775329589844,178.0,180.0,167.0,167.0,21400000
2023-09-07,161.51480102539062,181.0,184.0,177.0,179.0,14962100
2023-09-08,153.4836883544922,172.0,181.0,169.0,181.0,8963100
2023-09-11,158.83775329589844,178.0,180.0,172.0,172.0,7104800
2023-09-12,165.0841827392578,185.0,192.0,178.0,179.0,14113800
2023-09-13,159.7301025390625,179.0,186.0,178.0,185.0,6107700
2023-09-14,158.83775329589844,178.0,179.0,174.0,179.0,3382000
2023-09-15,158.83775329589844,178.0,181.0,172.0,179.0,5085900
2023-09-18,152.59133911132812,171.0,178.0,171.0,178.0,4337900
2023-09-19,156.1607208251953,175.0,176.0,168.0,170.0,4881400
2023-09-20,152.59133911132812,171.0,178.0,171.0,176.0,3656700
2023-09-21,153.4836883544922,172.0,173.0,169.0,171.0,5651900
2023-09-22,152.59133911132812,171.0,175.0,166.0,172.0,9156700
2023-09-25,149.91429138183594,168.0,171.0,165.0,171.0,4632800
2023-09-26,142.7755126953125,160.0,168.0,159.0,168.0,9289800
2023-09-27,139.20611572265625,156.0,160.0,155.0,159.0,4691700
2023-09-29,151.69898986816406,170.0,171.0,156.0,156.0,12411200
2023-10-02,152.59133911132812,171.0,176.0,168.0,171.0,9852700
2023-10-03,152.59133911132812,171.0,174.0,165.0,174.0,5026100
2023-10-04,146.3448944091797,164.0,172.0,162.0,171.0,3493200
2023-10-05,144.56021118164062,162.0,168.0,159.0,164.0,2420300
2023-10-06,145.4525604248047,163.0,165.0,160.0,162.0,1709000
2023-10-09,151.69898986816406,170.0,170.0,163.0,163.0,5419800
2023-10-10,148.1295928955078,166.0,171.0,161.0,170.0,5363100
2023-10-11,148.1295928955078,166.0,169.0,164.0,166.0,3882400
2023-10-12,150.806640625,169.0,171.0,166.0,167.0,4912200
2023-10-13,149.91429138183594,168.0,170.0,167.0,170.0,2273400
2023-10-16,156.1607208251953,175.0,180.0,168.0,169.0,13240100
2023-10-17,154.3760223388672,173.0,183.0,173.0,175.0,9737200
2023-10-18,153.4836883544922,172.0,175.0,172.0,174.0,3084600
2023-10-19,151.69898986816406,170.0,173.0,169.0,173.0,3466600
2023-10-20,154.3760223388672,173.0,173.0,167.0,170.0,3658100
2023-10-23,149.91429138183594,168.0,174.0,156.0,173.0,8093900
2023-10-24,159.7301025390625,179.0,179.0,163.0,169.0,13313500
2023-10-25,155.26837158203125,174.0,185.0,173.0,183.0,8881700
2023-10-26,151.69898986816406,170.0,175.0,169.0,174.0,4032500
2023-10-27,152.59133911132812,171.0,171.0,163.0,168.0,4627200
2023-10-30,149.91429138183594,168.0,173.0,168.0,171.0,3462100
2023-10-31,149.91429138183594,168.0,170.0,165.0,169.0,2130500
2023-11-01,149.91429138183594,168.0,171.0,167.0,168.0,3277500
2023-11-02,151.69898986816406,170.0,170.0,169.0,170.0,1621200
2023-11-03,132.95970153808594,149.0,171.0,149.0,171.0,9191300
2023-11-06,146.3448944091797,164.0,175.0,149.0,149.0,13889000
2023-11-07,142.7755126953125,160.0,168.0,160.0,167.0,4171300
2023-11-08,144.56021118164062,162.0,167.0,160.0,165.0,2087700
2023-11-09,142.7755126953125,160.0,163.0,160.0,163.0,1514900
2023-11-10,142.7755126953125,160.0,164.0,159.0,162.0,1747000
2023-11-13,144.56021118164062,162.0,164.0,153.0,160.0,1930900
2023-11-14,144.56021118164062,162.0,164.0,161.0,162.0,588100
2023-11-15,147.23724365234375,165.0,166.0,162.0,162.0,1943100
2023-11-16,147.23724365234375,165.0,168.0,164.0,166.0,1761800
2023-11-17,149.02194213867188,167.0,167.0,163.0,163.0,1270000
2023-11-20,162.4071502685547,182.0,182.0,163.0,164.0,34300400
2023-11-21,162.4071502685547,182.0,187.0,179.0,184.0,28987200
2023-11-22,157.05307006835938,176.0,183.0,175.0,182.0,5542700
2023-11-23,160.62245178222656,180.0,180.0,171.0,173.0,7258900
2023-11-24,159.7301025390625,179.0,180.0,175.0,180.0,4074300
2023-11-27,159.7301025390625,179.0,184.0,176.0,179.0,14343500
2023-11-28,159.7301025390625,179.0,182.0,175.0,180.0,6833100
2023-11-29,164.1918487548828,184.0,185.0,177.0,178.0,13157900
2023-11-30,165.0841827392578,185.0,187.0,179.0,184.0,20394700
2023-12-01,154.3760223388672,173.0,185.0,173.0,185.0,19893500
2023-12-04,154.3760223388672,173.0,175.0,171.0,173.0,7632200
2023-12-05,156.1607208251953,175.0,178.0,171.0,173.0,12542300
2023-12-06,157.94540405273438,177.0,178.0,171.0,174.0,13429600
2023-12-07,150.806640625,169.0,177.0,167.0,176.0,10861700
2023-12-08,150.806640625,169.0,170.0,167.0,169.0,8170400
2023-12-11,150.806640625,169.0,170.0,163.0,167.0,6131600
2023-12-12,149.91429138183594,168.0,170.0,165.0,169.0,4233200
2023-12-13,149.91429138183594,168.0,169.0,166.0,168.0,2393500
2023-12-14,154.3760223388672,173.0,173.0,166.0,168.0,5610400
2023-12-15,154.3760223388672,173.0,173.0,168.0,173.0,1742700
2023-12-18,152.59133911132812,171.0,173.0,168.0,173.0,1986200
2023-12-19,150.806640625,169.0,172.0,167.0,170.0,3600800
2023-12-20,150.806640625,169.0,171.0,168.0,169.0,778800
2023-12-21,150.806640625,169.0,170.0,167.0,170.0,2026900
2023-12-22,149.91429138183594,168.0,170.0,167.0,169.0,1805300
2023-12-27,151.69898986816406,170.0,170.0,165.0,168.0,5344700
2023-12-28,151.69898986816406,170.0,170.0,168.0,170.0,2084100
2023-12-29,149.02194213867188,167.0,170.0,165.0,170.0,3963500
2024-01-02,147.23724365234375,165.0,169.0,165.0,168.0,2612600
2024-01-03,149.91429138183594,168.0,168.0,164.0,165.0,3756500
2024-01-04,147.23724365234375,165.0,168.0,165.0,168.0,3476000
2024-01-05,147.23724365234375,165.0,167.0,163.0,165.0,3046900
2024-01-08,147.23724365234375,165.0,166.0,162.0,165.0,4859600
2024-01-09,144.56021118164062,162.0,165.0,159.0,165.0,8027000
2024-01-10,142.7755126953125,160.0,165.0,160.0,162.0,14859400
2024-01-11,142.7755126953125,160.0,164.0,159.0,159.0,10221600
2024-01-12,145.4525604248047,163.0,164.0,160.0,160.0,9871900
2024-01-15,147.23724365234375,165.0,166.0,160.0,164.0,20535600
2024-01-16,143.66786193847656,161.0,167.0,161.0,165.0,26096700
2024-01-17,144.56021118164062,162.0,165.0,161.0,161.0,10663700
2024-01-18,144.56021118164062,162.0,164.0,161.0,162.0,13037400
2024-01-19,144.56021118164062,162.0,163.0,159.0,163.0,13704200
2024-01-22,144.56021118164062,162.0,163.0,161.0,162.0,3542900
2024-01-23,141.8831787109375,159.0,162.0,159.0,162.0,3472800
2024-01-24,143.66786193847656,161.0,162.0,156.0,158.0,16973000
2024-01-25,142.7755126953125,160.0,161.0,159.0,161.0,6308400
2024-01-26,144.56021118164062,162.0,162.0,158.0,160.0,3980300
2024-01-29,143.66786193847656,161.0,162.0,158.0,162.0,11790700
2024-01-30,144.56021118164062,162.0,162.0,159.0,161.0,11525500
2024-01-31,144.56021118164062,162.0,165.0,159.0,161.0,14394500
2024-02-01,149.91429138183594,168.0,172.0,161.0,162.0,33988400
2024-02-02,148.1295928955078,166.0,171.0,165.0,168.0,29643800
2024-02-05,148.1295928955078,166.0,169.0,164.0,166.0,13953400
2024-02-06,148.1295928955078,166.0,168.0,164.0,166.0,12212200
2024-02-07,146.3448944091797,164.0,167.0,162.0,166.0,12471400
2024-02-12,142.7755126953125,160.0,165.0,158.0,164.0,9057400
2024-02-13,147.23724365234375,165.0,166.0,158.0,160.0,21426100
2024-02-15,149.02194213867188,167.0,168.0,163.0,165.0,15452200
2024-02-16,154.3760223388672,173.0,174.0,167.0,167.0,26126300
2024-02-19,155.26837158203125,174.0,175.0,170.0,174.0,21423500
2024-02-20,155.26837158203125,174.0,175.0,171.0,174.0,17648000
2024-02-21,153.4836883544922,172.0,174.0,169.0,174.0,14392200
2024-02-22,151.69898986816406,170.0,172.0,168.0,172.0,9122000
2024-02-23,157.05307006835938,176.0,177.0,168.0,170.0,27953200
2024-02-26,158.83775329589844,178.0,179.0,175.0,176.0,14907700
2024-02-27,157.94540405273438,177.0,179.0,174.0,179.0,18977400
2024-02-28,157.05307006835938,176.0,177.0,174.0,176.0,9468800
2024-02-29,156.1607208251953,175.0,179.0,174.0,176.0,15355500
2024-03-01,151.69898986816406,170.0,175.0,168.0,175.0,5443300
2024-03-04,151.69898986816406,170.0,172.0,169.0,170.0,1241300
2024-03-05,149.91429138183594,168.0,173.0,168.0,172.0,1206400
2024-03-06,148.1295928955078,166.0,170.0,161.0,168.0,3707400
2024-03-07,149.02194213867188,167.0,169.0,165.0,168.0,834600
2024-03-08,147.23724365234375,165.0,169.0,165.0,169.0,1078500
2024-03-13,149.02194213867188,167.0,168.0,164.0,167.0,2096700
2024-03-14,153.4836883544922,172.0,173.0,167.0,168.0,3973800
2024-03-15,152.59133911132812,171.0,174.0,170.0,174.0,1130200
2024-03-18,152.59133911132812,171.0,172.0,170.0,171.0,1399200
2024-03-19,150.806640625,169.0,171.0,166.0,169.0,1858000
2024-03-20,149.91429138183594,168.0,168.0,166.0,167.0,982900
2024-03-21,149.91429138183594,168.0,169.0,166.0,168.0,1389200
2024-03-22,149.91429138183594,168.0,169.0,164.0,167.0,878200
2024-03-25,152.59133911132812,171.0,174.0,167.0,174.0,18458000
2024-03-26,149.91429138183594,168.0,173.0,166.0,173.0,3448600
2024-03-27,149.02194213867188,167.0,170.0,165.0,170.0,3028000
2024-03-28,149.91429138183594,168.0,168.0,162.0,167.0,3234400
2024-04-01,145.4525604248047,163.0,169.0,163.0,169.0,1709900
2024-04-02,143.66786193847656,161.0,165.0,159.0,163.0,4685700
2024-04-03,116.89745330810547,131.0,161.0,130.0,161.0,44893500
2024-04-04,114.22041320800781,128.0,133.0,124.0,131.0,10849500
2024-04-05,115.11275482177734,129.0,132.0,127.0,129.0,6637900
2024-04-16,105.29694366455078,118.0,130.0,114.0,130.0,19885800
2024-04-17,103.51224517822266,116.0,125.0,115.0,125.0,9193400
2024-04-18,104.40459442138672,117.0,118.0,114.0,115.0,5538200
2024-04-19,95.48112487792969,107.0,117.0,105.0,117.0,13191200
2024-04-22,99.0505142211914,111.0,112.0,107.0,108.0,4567100
2024-04-23,101.72755432128906,114.0,114.0,111.0,112.0,2482500
2024-04-24,100.835205078125,113.0,115.0,112.0,114.0,1601100
2024-04-25,99.0505142211914,111.0,113.0,110.0,112.0,1876100
2024-04-26,100.835205078125,113.0,113.0,109.0,111.0,3156200
2024-04-29,99.94285583496094,112.0,114.0,109.0,114.0,3813800
2024-04-30,99.94285583496094,112.0,113.0,111.0,112.0,1329100
2024-05-02,96.37347412109375,108.0,112.0,107.0,111.0,5253700
2024-05-03,97.26582336425781,109.0,110.0,107.0,107.0,1694800
2024-05-06,93.6964340209961,105.0,110.0,103.0,110.0,5115800
2024-05-07,94.58877563476562,106.0,107.0,104.0,105.0,1666600
2024-05-08,94.58877563476562,106.0,106.0,103.0,106.0,2729600
2024-05-13,95.48112487792969,107.0,108.0,105.0,105.0,2601700
2024-05-14,97.26582336425781,109.0,109.0,106.0,107.0,1868000
2024-05-15,98.15816497802734,110.0,110.0,109.0,109.0,986800
2024-05-16,96.37347412109375,108.0,112.0,107.0,110.0,2623300
2024-05-17,97.26582336425781,109.0,109.0,106.0,108.0,2259100
2024-05-20,97.26582336425781,109.0,110.0,107.0,109.0,1098700
2024-05-21,98.15816497802734,110.0,111.0,109.0,109.0,1257600
2024-05-22,97.26582336425781,109.0,110.0,109.0,110.0,1475700
2024-05-27,96.37347412109375,108.0,109.0,107.0,109.0,1056600
2024-05-28,96.37347412109375,108.0,108.0,106.0,106.0,392900
2024-05-29,96.37347412109375,108.0,109.0,107.0,107.0,902300
2024-05-30,95.48112487792969,107.0,108.0,105.0,108.0,2078200
2024-05-31,94.58877563476562,106.0,107.0,105.0,107.0,523300
2024-06-03,93.6964340209961,105.0,106.0,104.0,106.0,1309500
2024-06-04,95.48112487792969,107.0,107.0,104.0,105.0,1131800
2024-06-05,94.58877563476562,106.0,107.0,105.0,107.0,1548100
2024-06-06,95.48112487792969,107.0,107.0,105.0,105.0,632700
2024-06-07,95.48112487792969,107.0,107.0,105.0,106.0,431600
2024-06-10,94.58877563476562,106.0,107.0,105.0,107.0,1695100
2024-06-11,94.58877563476562,106.0,107.0,105.0,106.0,563200
2024-06-12,93.6964340209961,105.0,106.0,104.0,105.0,979100
2024-06-13,92.80408477783203,104.0,105.0,103.0,105.0,1229700
2024-06-14,90.12704467773438,101.0,106.0,101.0,104.0,3050400
2024-06-19,90.12704467773438,101.0,102.0,99.0,99.0,2034000
2024-06-20,89.23469543457031,100.0,102.0,99.0,101.0,2495500
2024-06-21,89.23469543457031,100.0,101.0,100.0,100.0,266800
2024-06-24,89.23469543457031,100.0,100.0,99.0,100.0,2080300
2024-06-25,86.55765533447266,97.0,101.0,91.0,91.0,9364200
2024-06-26,89.23469543457031,100.0,100.0,97.0,97.0,1770700
2024-06-27,91.9117431640625,103.0,104.0,100.0,101.0,3619800
2024-06-28,93.6964340209961,105.0,106.0,102.0,104.0,2037600
2024-07-01,93.6964340209961,105.0,106.0,105.0,105.0,1090400
2024-07-02,96.37347412109375,108.0,108.0,106.0,106.0,1744200
2024-07-03,97.26582336425781,109.0,110.0,108.0,108.0,2790400
2024-07-04,99.0505142211914,111.0,112.0,108.0,111.0,3285800
2024-07-05,99.94285583496094,112.0,113.0,111.0,112.0,1742600
2024-07-08,103.71428680419922,110.0,111.0,108.0,108.0,2063900
2024-07-09,102.77143096923828,109.0,111.0,109.0,109.0,588200
2024-07-10,104.65714263916016,111.0,111.0,107.0,109.0,791800
2024-07-11,104.65714263916016,111.0,111.0,110.0,111.0,240100
2024-07-12,104.65714263916016,111.0,111.0,109.0,110.0,400600
2024-07-15,103.71428680419922,110.0,111.0,109.0,111.0,452000
2024-07-16,102.77143096923828,109.0,111.0,108.0,111.0,719500
2024-07-17,102.77143096923828,109.0,109.0,108.0,109.0,349400
2024-07-18,102.77143096923828,109.0,111.0,108.0,109.0,472600
2024-07-19,101.82857513427734,108.0,109.0,108.0,109.0,308600
2024-07-22,100.88571166992188,107.0,109.0,107.0,108.0,312000
2024-07-23,99.94285583496094,106.0,109.0,106.0,108.0,718600
2024-07-24,101.82857513427734,108.0,108.0,105.0,107.0,1926800
2024-07-25,101.82857513427734,108.0,108.0,106.0,108.0,231600
2024-07-26,101.82857513427734,108.0,108.0,106.0,108.0,198100
2024-07-29,100.88571166992188,107.0,108.0,106.0,108.0,910500
2024-07-30,112.19999694824219,119.0,127.0,106.0,107.0,35652500
2024-07-31,110.31428527832031,117.0,121.0,116.0,120.0,10208600
2024-08-01,110.31428527832031,117.0,119.0,115.0,118.0,8407900
2024-08-02,111.25714111328125,118.0,119.0,117.0,118.0,1861100
2024-08-05,107.4857177734375,114.0,119.0,112.0,117.0,15571600
2024-08-06,107.4857177734375,114.0,114.0,112.0,114.0,1663900
2024-08-07,107.4857177734375,114.0,115.0,113.0,115.0,609200
2024-08-08,105.5999984741211,112.0,115.0,112.0,114.0,1059300
2024-08-09,105.5999984741211,112.0,114.0,112.0,113.0,935800
2024-08-12,105.5999984741211,112.0,113.0,112.0,113.0,592700
2024-08-13,104.65714263916016,111.0,113.0,111.0,113.0,1107500
2024-08-14,105.5999984741211,112.0,114.0,109.0,110.0,3711600
2024-08-15,107.4857177734375,114.0,115.0,112.0,113.0,4556700
2024-08-16,106.54285430908203,113.0,115.0,113.0,114.0,2046700
2024-08-19,106.54285430908203,113.0,114.0,112.0,114.0,1210900
2024-08-20,109.37142944335938,116.0,116.0,113.0,114.0,3837500
2024-08-21,108.42857360839844,115.0,117.0,114.0,117.0,2264700
2024-08-22,110.31428527832031,117.0,121.0,114.0,115.0,12886800
2024-08-23,110.31428527832031,117.0,118.0,115.0,118.0,3660300
2024-08-26,111.25714111328125,118.0,121.0,116.0,117.0,20747600
2024-08-27,114.0857162475586,121.0,124.0,117.0,118.0,28521800
2024-08-28,114.0857162475586,121.0,125.0,119.0,121.0,26587200
2024-08-29,115.02857208251953,122.0,124.0,119.0,121.0,25783300
2024-08-30,115.97142791748047,123.0,124.0,120.0,123.0,11339700
2024-09-02,117.85713958740234,125.0,125.0,121.0,123.0,19610000
2024-09-03,120.68571472167969,128.0,129.0,123.0,125.0,31708700
2024-09-04,116.9142837524414,124.0,129.0,124.0,128.0,10415500
2024-09-05,117.85713958740234,125.0,126.0,123.0,124.0,9404800
2024-09-06,119.74285888671875,127.0,128.0,123.0,125.0,11726200
2024-09-09,119.74285888671875,127.0,128.0,125.0,127.0,10872700
2024-09-10,116.9142837524414,124.0,127.0,124.0,127.0,5625900
2024-09-11,119.74285888671875,127.0,128.0,123.0,124.0,28687200
2024-09-12,124.45714569091797,132.0,132.0,125.0,128.0,31253800
2024-09-13,123.51428985595703,131.0,134.0,128.0,132.0,24426200
2024-09-17,123.51428985595703,131.0,131.0,128.0,131.0,9315100
2024-09-18,122.57142639160156,130.0,132.0,128.0,131.0,7616200
2024-09-19,125.4000015258789,133.0,133.0,128.0,130.0,12076800
2024-09-20,126.34285736083984,134.0,136.0,130.0,133.0,15670000
2024-09-23,129.1714324951172,137.0,138.0,133.0,134.0,33856800
2024-09-24,131.05714416503906,139.0,140.0,135.0,137.0,24679400
2024-09-25,137.6571502685547,146.0,146.0,137.0,139.0,29725200
2024-09-26,136.7142791748047,145.0,148.0,142.0,146.0,21904600
2024-09-27,135.77142333984375,144.0,145.0,142.0,145.0,5594100
2024-09-30,135.77142333984375,144.0,145.0,140.0,143.0,16325400
2024-10-01,137.6571502685547,146.0,147.0,142.0,144.0,10048100
2024-10-02,139.54286193847656,148.0,149.0,144.0,146.0,15804700
2024-10-03,139.54286193847656,148.0,150.0,145.0,148.0,16214300
2024-10-04,137.6571502685547,146.0,149.0,145.0,148.0,17977100
2024-10-07,138.60000610351562,147.0,148.0,144.0,146.0,12144700
2024-10-08,139.54286193847656,148.0,148.0,138.0,147.0,31664600
2024-10-09,140.4857177734375,149.0,150.0,146.0,146.0,15655100
2024-10-10,140.4857177734375,149.0,150.0,147.0,149.0,5576500
2024-10-11,139.54286193847656,148.0,149.0,147.0,148.0,3473200
2024-10-14,138.60000610351562,147.0,149.0,146.0,147.0,7167700
2024-10-15,139.54286193847656,148.0,148.0,146.0,146.0,2990600
2024-10-16,141.42857360839844,150.0,150.0,146.0,146.0,13669100
2024-10-17,143.3142852783203,152.0,152.0,148.0,150.0,14198800
2024-10-18,144.25714111328125,153.0,153.0,150.0,152.0,9644300
2024-10-21,148.028564453125,157.0,157.0,151.0,153.0,20757100
2024-10-22,150.85714721679688,160.0,163.0,155.0,163.0,12833900
2024-10-23,150.85714721679688,160.0,161.0,158.0,160.0,10946200
2024-10-24,150.85714721679688,160.0,160.0,158.0,160.0,4160700
2024-10-25,149.91429138183594,159.0,160.0,157.0,160.0,2836700
2024-10-28,149.91429138183594,159.0,159.0,155.0,159.0,5740100
2024-10-29,148.971435546875,158.0,160.0,155.0,159.0,22118400
2024-10-30,142.37142944335938,151.0,159.0,146.0,158.0,17441100
2024-10-31,138.60000610351562,147.0,150.0,143.0,150.0,19903600
2024-11-01,127.28571319580078,135.0,147.0,135.0,147.0,15054900
2024-11-04,125.4000015258789,133.0,135.0,127.0,135.0,25196800
2024-11-05,129.1714324951172,137.0,137.0,131.0,132.0,10734800
2024-11-06,129.1714324951172,137.0,139.0,134.0,137.0,11596000
2024-11-07,128.22857666015625,136.0,137.0,134.0,137.0,1768700
2024-11-08,125.4000015258789,133.0,138.0,133.0,135.0,7400100
2024-11-11,129.1714324951172,137.0,137.0,131.0,133.0,12382000
2024-11-12,128.22857666015625,136.0,138.0,134.0,137.0,11699700
2024-11-13,128.22857666015625,136.0,136.0,133.0,135.0,3749800
2024-11-14,126.34285736083984,134.0,136.0,133.0,136.0,806300
2024-11-15,123.51428985595703,131.0,134.0,129.0,133.0,10503500
2024-11-18,122.57142639160156,130.0,131.0,127.0,131.0,4046200
2024-11-19,122.57142639160156,130.0,130.0,127.0,130.0,3111100
2024-11-20,125.4000015258789,133.0,133.0,127.0,130.0,11425300
2024-11-21,122.57142639160156,130.0,133.0,129.0,133.0,5130100
2024-11-22,124.45714569091797,132.0,133.0,127.0,130.0,9268400
2024-11-25,121.62857055664062,129.0,132.0,128.0,132.0,3392400
2024-11-26,121.62857055664062,129.0,130.0,127.0,129.0,3067800
2024-11-28,119.74285888671875,127.0,130.0,125.0,130.0,1790000
2024-11-29,115.97142791748047,123.0,127.0,121.0,127.0,4430100
2024-12-02,117.85713958740234,125.0,125.0,119.0,123.0,8380400
2024-12-03,115.02857208251953,122.0,125.0,121.0,125.0,3446700
2024-12-04,115.02857208251953,122.0,122.0,120.0,121.0,164900
2024-12-05,114.0857162475586,121.0,122.0,120.0,122.0,3480000
2024-12-06,114.0857162475586,121.0,122.0,119.0,121.0,3961600
2024-12-09,115.02857208251953,122.0,123.0,120.0,122.0,3451700
2024-12-10,115.02857208251953,122.0,123.0,119.0,123.0,6203300
2024-12-11,113.14286041259766,120.0,122.0,118.0,122.0,4810200
2024-12-12,112.19999694824219,119.0,121.0,118.0,121.0,4037200
2024-12-13,112.19999694824219,119.0,120.0,116.0,119.0,3413800
2024-12-16,110.31428527832031,117.0,119.0,117.0,119.0,3749500
2024-12-17,108.42857360839844,115.0,118.0,115.0,118.0,3893200
2024-12-18,105.5999984741211,112.0,115.0,110.0,115.0,9504300
2024-12-19,101.82857513427734,108.0,112.0,108.0,112.0,1012900
2024-12-20,102.77143096923828,109.0,110.0,107.0,109.0,3885100
2024-12-23,100.88571166992188,107.0,110.0,107.0,109.0,1528300
2024-12-24,101.82857513427734,108.0,108.0,106.0,108.0,830700
2024-12-27,101.82857513427734,108.0,109.0,107.0,108.0,473200
2024-12-30,100.88571166992188,107.0,109.0,107.0,108.0,1180500
2025-01-02,101.82857513427734,108.0,108.0,106.0,107.0,434500
2025-01-03,101.82857513427734,108.0,109.0,107.0,108.0,416000
2025-01-06,101.82857513427734,108.0,109.0,107.0,108.0,369800
2025-01-07,101.82857513427734,108.0,108.0,106.0,108.0,467100
2025-01-08,101.82857513427734,108.0,109.0,107.0,107.0,409500
2025-01-09,100.88571166992188,107.0,109.0,107.0,108.0,913600
2025-01-10,101.82857513427734,108.0,108.0,106.0,107.0,1497500
2025-01-13,101.82857513427734,108.0,108.0,107.0,108.0,1381800
2025-01-14,99.94285583496094,106.0,108.0,106.0,108.0,1106300
2025-01-15,101.82857513427734,108.0,108.0,106.0,106.0,884700
2025-01-16,102.77143096923828,109.0,109.0,107.0,108.0,1362800
2025-01-17,102.77143096923828,109.0,109.0,107.0,109.0,1455700
2025-01-20,103.71428680419922,110.0,110.0,107.0,108.0,1791400
2025-01-21,103.71428680419922,110.0,110.0,108.0,110.0,1540100
2025-01-22,101.82857513427734,108.0,111.0,108.0,110.0,1840500
2025-01-23,102.77143096923828,109.0,110.0,108.0,108.0,2536300
2025-01-24,108.42857360839844,115.0,126.0,108.0,109.0,27928500
2025-01-30,101.82857513427734,108.0,116.0,107.0,116.0,17888400
2025-01-31,100.88571166992188,107.0,108.0,107.0,108.0,1541000
2025-02-03,99.94285583496094,106.0,108.0,105.0,108.0,1933600
2025-02-04,99.0,105.0,106.0,105.0,106.0,417600
2025-02-05,99.94285583496094,106.0,106.0,105.0,105.0,469500
2025-02-06,97.11428833007812,103.0,106.0,103.0,106.0,1235300
2025-02-07,96.17143249511719,102.0,104.0,101.0,104.0,1564300
2025-02-10,95.22856903076172,101.0,103.0,100.0,103.0,1472400
2025-02-11,95.22856903076172,101.0,101.0,99.0,101.0,545400
2025-02-12,94.28571319580078,100.0,102.0,100.0,101.0,1230400
2025-02-13,94.28571319580078,100.0,102.0,100.0,101.0,1079400
2025-02-14,96.17143249511719,102.0,102.0,100.0,101.0,1445000
2025-02-17,96.17143249511719,102.0,102.0,100.0,100.0,1346100
2025-02-18,96.17143249511719,102.0,103.0,100.0,102.0,1854200
2025-02-19,97.11428833007812,103.0,105.0,102.0,102.0,1403400
2025-02-20,96.17143249511719,102.0,105.0,102.0,104.0,2149700
2025-02-21,95.22856903076172,101.0,103.0,100.0,103.0,1536800
2025-02-24,96.17143249511719,102.0,102.0,100.0,101.0,908000
2025-02-25,95.22856903076172,101.0,103.0,101.0,102.0,3378700
2025-02-26,93.34285736083984,99.0,101.0,99.0,100.0,1888900
2025-02-27,92.4000015258789,98.0,100.0,98.0,100.0,1118000
2025-02-28,91.45714569091797,97.0,99.0,96.0,98.0,1608400
2025-03-03,91.45714569091797,97.0,98.0,96.0,96.0,826100
2025-03-04,90.5142822265625,96.0,99.0,96.0,98.0,1097600
2025-03-05,90.5142822265625,96.0,98.0,96.0,97.0,1446200
2025-03-06,93.34285736083984,99.0,99.0,96.0,97.0,1279800
2025-03-07,93.34285736083984,99.0,100.0,97.0,99.0,962500
2025-03-10,93.34285736083984,99.0,99.0,98.0,99.0,592100
2025-03-11,94.28571319580078,100.0,100.0,98.0,99.0,755300
2025-03-12,94.28571319580078,100.0,101.0,99.0,100.0,780200
2025-03-13,102.77143096923828,109.0,115.0,99.0,100.0,10385400
2025-03-14,107.4857177734375,114.0,139.0,110.0,110.0,39421900
2025-03-17,109.37142944335938,116.0,123.0,114.0,114.0,7880500
2025-03-18,100.88571166992188,107.0,118.0,97.0,117.0,9579700
2025-03-19,96.17143249511719,102.0,108.0,101.0,107.0,1899700
2025-03-20,97.11428833007812,103.0,104.0,102.0,102.0,594900
2025-03-21,92.4000015258789,98.0,104.0,98.0,103.0,2213100
2025-03-24,91.45714569091797,97.0,99.0,95.0,97.0,2069500
2025-03-25,89.57142639160156,95.0,98.0,95.0,98.0,1454600
2025-03-26,92.4000015258789,98.0,100.0,96.0,96.0,1447100
2025-03-27,91.45714569091797,97.0,100.0,97.0,98.0,1068200
2025-04-08,83.9142837524414,89.0,96.0,86.0,96.0,2638200
2025-04-09,82.02857208251953,87.0,89.0,87.0,89.0,2882900
2025-04-10,84.85713958740234,90.0,91.0,88.0,90.0,1472800
2025-04-11,83.9142837524414,89.0,91.0,88.0,90.0,1088900
2025-04-14,88.62857055664062,94.0,95.0,89.0,90.0,1798200
2025-04-15,90.5142822265625,96.0,99.0,94.0,94.0,1654200
2025-04-16,94.28571319580078,100.0,102.0,96.0,96.0,3183500
2025-04-17,94.28571319580078,100.0,101.0,98.0,101.0,884500
2025-04-21,93.34285736083984,99.0,100.0,96.0,100.0,2724300
2025-04-22,93.34285736083984,99.0,100.0,99.0,100.0,784700
2025-04-23,94.28571319580078,100.0,100.0,98.0,100.0,1964800
2025-04-24,93.34285736083984,99.0,101.0,99.0,100.0,589000
2025-04-25,97.11428833007812,103.0,108.0,99.0,99.0,5586000
2025-04-28,99.0,105.0,107.0,104.0,104.0,2748800
2025-04-29,100.88571166992188,107.0,112.0,106.0,106.0,3370400
2025-04-30,97.11428833007812,103.0,110.0,101.0,107.0,4747400
2025-05-02,94.28571319580078,100.0,104.0,100.0,103.0,2581000
2025-05-05,98.05714416503906,104.0,104.0,100.0,101.0,1362100
2025-05-06,98.05714416503906,104.0,105.0,103.0,104.0,2963700
2025-05-07,98.05714416503906,104.0,106.0,103.0,104.0,2079300
2025-05-08,98.05714416503906,104.0,113.0,104.0,105.0,10379200
2025-05-09,99.0,105.0,106.0,103.0,105.0,1783400
2025-05-14,98.0,98.0,102.0,97.0,102.0,6456500
2025-05-15,103.0,103.0,103.0,98.0,99.0,3923700
2025-05-16,102.0,102.0,104.0,101.0,103.0,714400
2025-05-19,102.0,102.0,103.0,101.0,102.0,420400
2025-05-20,102.0,102.0,103.0,101.0,102.0,343600
2025-05-21,101.0,101.0,103.0,101.0,102.0,775200
2025-05-22,99.0,99.0,101.0,99.0,101.0,1096300
2025-05-23,100.0,100.0,101.0,100.0,100.0,372800
2025-05-26,101.0,101.0,104.0,100.0,101.0,1283700
2025-05-27,102.0,102.0,103.0,101.0,102.0,1094900
2025-05-28,101.0,101.0,103.0,100.0,103.0,511500
2025-06-02,100.0,100.0,102.0,99.0,101.0,1462000
2025-06-03,100.0,100.0,100.0,98.0,100.0,1286400
2025-06-04,99.0,99.0,101.0,98.0,100.0,1471400
2025-06-05,99.0,99.0,100.0,99.0,99.0,577800
2025-06-10,100.0,100.0,100.0,99.0,100.0,102900
2025-06-11,99.0,99.0,101.0,99.0,100.0,374700
2025-06-12,102.0,102.0,103.0,99.0,100.0,3259200
2025-06-13,101.0,101.0,105.0,101.0,102.0,2194300
2025-06-16,100.0,100.0,102.0,100.0,101.0,428400
2025-06-17,103.0,103.0,103.0,100.0,100.0,2381200
2025-06-18,105.0,105.0,105.0,102.0,103.0,2400500
2025-06-19,103.0,103.0,106.0,102.0,105.0,2033800
2025-06-20,101.0,101.0,103.0,100.0,103.0,588500
2025-06-23,98.0,98.0,101.0,98.0,101.0,1051100
2025-06-24,101.0,101.0,102.0,99.0,99.0,864300
2025-06-25,99.0,99.0,101.0,99.0,101.0,1221300
2025-06-26,99.0,99.0,100.0,99.0,100.0,922700
2025-06-30,101.0,101.0,101.0,100.0,100.0,257300
2025-07-01,100.0,100.0,103.0,100.0,102.0,1233000
2025-07-02,103.0,103.0,103.0,100.0,101.0,1565200
2025-07-03,105.0,105.0,105.0,102.0,103.0,4028600
2025-07-04,107.0,107.0,107.0,103.0,106.0,2546400
2025-07-07,108.0,108.0,111.0,106.0,107.0,4177600
2025-07-08,112.0,112.0,114.0,108.0,108.0,5352100
2025-07-09,115.0,115.0,116.0,111.0,112.0,4744300
2025-07-10,117.0,117.0,118.0,115.0,116.0,2045400
2025-07-11,120.0,120.0,125.0,117.0,117.0,6221400
2025-07-14,114.0,114.0,120.0,112.0,120.0,4283200
2025-07-15,111.0,111.0,115.0,110.0,115.0,3325400
2025-07-16,114.0,114.0,115.0,109.0,111.0,3716600
2025-07-17,116.0,116.0,118.0,114.0,114.0,3507200
2025-07-18,117.0,117.0,117.0,116.0,117.0,800400
2025-07-21,116.0,116.0,118.0,115.0,118.0,1998200
2025-07-22,118.0,118.0,118.0,116.0,116.0,2479400
2025-07-23,115.0,115.0,118.0,115.0,118.0,1545900
2025-07-24,115.0,115.0,116.0,113.0,115.0,1200500
2025-07-25,111.0,111.0,116.0,110.0,116.0,2281500
2025-07-28,109.0,109.0,112.0,106.0,111.0,1471300
2025-07-29,109.0,109.0,110.0,108.0,109.0,360500
2025-07-30,110.0,110.0,111.0,109.0,110.0,280900
2025-07-31,118.0,118.0,122.0,111.0,111.0,9144700
2025-08-01,118.0,118.0,121.0,117.0,119.0,3882600
2025-08-04,120.0,120.0,120.0,118.0,118.0,3445300
2025-08-05,118.0,118.0,121.0,117.0,121.0,2807400
2025-08-06,121.0,121.0,122.0,118.0,118.0,3134000
2025-08-07,121.0,121.0,124.0,121.0,122.0,2131400
2025-08-08,121.0,121.0,123.0,120.0,121.0,1645800
2025-08-11,120.0,120.0,122.0,120.0,122.0,632800
2025-08-12,116.0,116.0,120.0,110.0,120.0,5103500
2025-08-13,117.0,117.0,117.0,114.0,116.0,1363500
2025-08-14,117.0,117.0,118.0,117.0,118.0,311400
2025-08-15,118.0,118.0,118.0,117.0,117.0,745500
2025-08-19,118.0,118.0,118.0,117.0,118.0,583700
2025-08-20,118.0,118.0,118.0,116.0,118.0,905100
2025-08-21,116.0,116.0,118.0,116.0,118.0,1474900
2025-08-22,117.0,117.0,119.0,117.0,117.0,1308100
2025-08-25,117.0,117.0,118.0,116.0,118.0,1832200
2025-08-26,119.0,119.0,119.0,118.0,118.0,913300
2025-08-27,117.0,117.0,119.0,117.0,119.0,562400
2025-08-28,121.0,121.0,121.0,117.0,118.0,2192800
2025-08-29,118.0,118.0,122.0,118.0,121.0,1742300
2025-09-01,117.0,117.0,118.0,113.0,118.0,2894600
2025-09-02,118.0,118.0,118.0,117.0,117.0,534900
2025-09-03,117.0,117.0,118.0,117.0,118.0,822300
2025-09-04,117.0,117.0,119.0,115.0,118.0,1164800
2025-09-08,117.0,117.0,121.0,116.0,118.0,3689600
2025-09-09,114.0,114.0,119.0,114.0,118.0,1152200
2025-09-10,115.0,115.0,117.0,114.0,114.0,443200
2025-09-11,115.0,115.0,117.0,114.0,116.0,768300
2025-09-12,114.0,114.0,116.0,114.0,115.0,640200
2025-09-15,118.0,118.0,124.0,114.0,115.0,4889100
2025-09-16,117.0,117.0,121.0,117.0,119.0,2437100
2025-09-17,123.0,123.0,135.0,117.0,118.0,30872500
2025-09-18,121.0,121.0,127.0,121.0,124.0,4404100
2025-09-19,118.0,118.0,122.0,117.0,121.0,2845600
2025-09-22,117.0,117.0,119.0,117.0,119.0,2929600
2025-09-23,118.0,118.0,119.0,116.0,117.0,1744700
2025-09-24,116.0,116.0,118.0,115.0,118.0,2495900
2025-09-25,116.0,116.0,117.0,114.0,117.0,1272100
2025-09-26,116.0,116.0,117.0,114.0,116.0,504200
2025-09-29,116.0,116.0,117.0,115.0,117.0,667800
2025-09-30,115.0,115.0,117.0,114.0,117.0,1222200
2025-10-01,116.0,116.0,116.0,115.0,116.0,340200
2025-10-02,115.0,115.0,116.0,115.0,116.0,630700
2025-10-03,115.0,115.0,116.0,114.0,116.0,617500
2025-10-06,114.0,114.0,115.0,113.0,115.0,1290100
2025-10-07,113.0,113.0,115.0,111.0,114.0,1337900
2025-10-08,114.0,114.0,114.0,112.0,113.0,610000
2025-10-09,115.0,115.0,115.0,113.0,114.0,403800
2025-10-10,114.0,114.0,115.0,113.0,115.0,843500
2025-10-13,113.0,113.0,115.0,112.0,115.0,920200
2025-10-14,111.0,111.0,113.0,108.0,108.0,2163300
2025-10-15,112.0,112.0,112.0,110.0,112.0,199800
2025-10-16,112.0,112.0,113.0,112.0,113.0,135500
2025-10-17,108.0,108.0,112.0,108.0,112.0,1187700
2025-10-20,103.0,103.0,108.0,102.0,108.0,2631200
2025-10-21,106.0,106.0,107.0,103.0,103.0,2447200
2025-10-22,105.0,105.0,107.0,104.0,106.0,1163400
2025-10-23,107.0,107.0,107.0,105.0,105.0,507100
2025-10-24,108.0,108.0,110.0,107.0,107.0,953600
2025-10-27,106.0,106.0,110.0,105.0,109.0,1408600
2025-10-28,106.0,106.0,108.0,106.0,107.0,603800
2025-10-29,105.0,105.0,107.0,104.0,107.0,1416400
2025-10-30,107.0,107.0,107.0,105.0,106.0,504500
2025-10-31,106.0,106.0,108.0,105.0,107.0,916800
2025-11-03,105.0,105.0,107.0,105.0,106.0,645600
2025-11-04,105.0,105.0,106.0,104.0,105.0,1188800
2025-11-05,105.0,105.0,107.0,105.0,105.0,425400
2025-11-06,106.0,106.0,106.0,105.0,106.0,1044800
2025-11-07,106.0,106.0,107.0,105.0,106.0,450900
2025-11-10,106.0,106.0,107.0,105.0,106.0,230200
2025-11-11,106.0,106.0,107.0,104.0,106.0,730100
2025-11-12,107.0,107.0,107.0,104.0,107.0,1938400
2025-11-13,106.0,106.0,107.0,105.0,107.0,781200
2025-11-14,105.0,105.0,107.0,105.0,106.0,2818400
2025-11-17,106.0,106.0,107.0,105.0,106.0,559200
2025-11-18,107.0,107.0,107.0,105.0,107.0,315700
2025-11-19,107.0,107.0,107.0,106.0,107.0,194700
2025-11-20,106.0,106.0,108.0,106.0,107.0,529600
2025-11-21,107.0,107.0,107.0,106.0,107.0,317000
2025-11-24,107.0,107.0,108.0,104.0,107.0,765700
2025-11-25,144.0,144.0,144.0,106.0,107.0,180042500
2025-11-26,125.0,125.0,144.0,123.0,144.0,63805100
2025-11-27,125.0,125.0,128.0,120.0,127.0,15355300
2025-11-28,122.0,122.0,125.0,118.0,125.0,7782200
2025-12-01,118.0,118.0,125.0,118.0,122.0,8180600
2025-12-02,121.0,121.0,122.0,118.0,119.0,4653000
2025-12-03,119.0,119.0,122.0,118.0,122.0,3096600
2025-12-04,119.0,119.0,121.0,117.0,117.0,3148100
2025-12-05,117.0,117.0,120.0,116.0,120.0,3584400
2025-12-08,129.0,129.0,143.0,116.0,116.0,149518800
2025-12-09,124.0,124.0,130.0,121.0,130.0,11783600
2025-12-10,129.0,129.0,147.0,120.0,125.0,195001900
2025-12-11,123.0,123.0,130.0,122.0,130.0,18098200
2025-12-12,120.0,120.0,125.0,119.0,124.0,6076300
2025-12-15,119.0,119.0,122.0,117.0,119.0,4685700
2025-12-16,123.0,123.0,141.0,118.0,118.0,137150600
2025-12-17,139.0,139.0,157.0,121.0,123.0,199189100
2025-12-18,133.0,133.0,141.0,130.0,140.0,17195200
2025-12-19,132.0,132.0,137.0,130.0,133.0,6859100
2025-12-22,153.0,153.0,165.0,124.0,133.0,298846600
2025-12-23,137.0,137.0,153.0,133.0,153.0,35736800
2025-12-24,135.0,135.0,140.0,130.0,138.0,12823400
2025-12-29,138.0,138.0,140.0,132.0,135.0,9348700
2025-12-30,135.0,135.0,140.0,135.0,139.0,5201000
