Date,Adj Close,Close,High,Low,Open,Volume
2020-01-02,117.48079681396484,121.36170196533203,121.36170196533203,114.51063537597656,117.44680786132812,973819
2020-01-03,118.42823028564453,122.34042358398438,122.34042358398438,121.36170196533203,121.36170196533203,4393
2020-01-06,116.53337097167969,120.38298034667969,122.34042358398438,120.38298034667969,122.34042358398438,1666865
2020-01-07,118.42823028564453,122.34042358398438,122.34042358398438,120.38298034667969,120.38298034667969,101969
2020-01-08,112.7436752319336,116.46808624267578,116.46808624267578,116.46808624267578,116.46808624267578,5108
2020-01-09,114.63851928710938,118.42552947998047,118.42552947998047,118.42552947998047,118.42552947998047,20434
2020-01-10,114.63851928710938,118.42552947998047,118.42552947998047,118.42552947998047,118.42552947998047,19413
2020-01-13,113.69110107421875,117.44680786132812,118.42552947998047,117.44680786132812,118.42552947998047,184015
2020-01-14,113.69110107421875,117.44680786132812,121.36170196533203,116.46808624267578,116.46808624267578,10932
2020-01-15,113.69110107421875,117.44680786132812,117.44680786132812,115.48936462402344,116.46808624267578,2656
2020-01-16,113.69110107421875,117.44680786132812,117.44680786132812,117.44680786132812,117.44680786132812,60895
2020-01-17,113.69110107421875,117.44680786132812,117.44680786132812,117.44680786132812,117.44680786132812,471021
2020-01-20,112.7436752319336,116.46808624267578,116.46808624267578,116.46808624267578,116.46808624267578,919
2020-01-21,112.7436752319336,116.46808624267578,116.46808624267578,116.46808624267578,116.46808624267578,0
2020-01-22,117.48079681396484,121.36170196533203,121.36170196533203,116.46808624267578,116.46808624267578,156836
2020-01-23,113.69110107421875,117.44680786132812,120.38298034667969,117.44680786132812,120.38298034667969,215586
2020-01-24,110.84882354736328,114.51063537597656,114.51063537597656,114.51063537597656,114.51063537597656,1021
2020-01-27,107.0591049194336,110.59574127197266,117.44680786132812,110.59574127197266,114.51063537597656,651767
2020-01-28,96.63743591308594,99.82978820800781,117.44680786132812,99.82978820800781,117.44680786132812,2984602
2020-01-29,95.69001007080078,98.85106658935547,108.63829803466797,98.85106658935547,104.72340393066406,1530667
2020-01-30,94.74258422851562,97.8723373413086,99.82978820800781,95.9148941040039,99.82978820800781,48169686
2020-01-31,86.21574401855469,89.06382751464844,97.8723373413086,88.0851058959961,97.8723373413086,7446536
2020-02-03,83.37346649169922,86.1276626586914,90.04255676269531,83.19149017333984,89.06382751464844,603132
2020-02-04,91.90031433105469,94.93617248535156,97.8723373413086,88.0851058959961,92.97872161865234,22411336
2020-02-05,87.1631851196289,90.04255676269531,94.93617248535156,88.0851058959961,94.93617248535156,9400
2020-02-06,90.95287322998047,93.95744323730469,95.9148941040039,87.10638427734375,89.06382751464844,3812415
2020-02-07,86.21574401855469,89.06382751464844,92.97872161865234,88.0851058959961,92.97872161865234,97576
2020-02-10,92.84772491455078,95.9148941040039,97.8723373413086,94.93617248535156,97.8723373413086,27382
2020-02-11,90.00545501708984,92.97872161865234,94.93617248535156,92.97872161865234,94.93617248535156,761502
2020-02-12,90.95287322998047,93.95744323730469,94.93617248535156,93.95744323730469,94.93617248535156,152749
2020-02-13,90.95287322998047,93.95744323730469,94.93617248535156,93.95744323730469,94.93617248535156,457023
2020-02-14,94.74258422851562,97.8723373413086,97.8723373413086,95.9148941040039,96.89361572265625,10465980
2020-02-17,88.110595703125,91.02127838134766,97.8723373413086,91.02127838134766,97.8723373413086,21354
2020-02-18,92.84772491455078,95.9148941040039,97.8723373413086,91.02127838134766,91.02127838134766,514752
2020-02-19,92.84772491455078,95.9148941040039,95.9148941040039,95.9148941040039,95.9148941040039,0
2020-02-20,94.74258422851562,97.8723373413086,97.8723373413086,97.8723373413086,97.8723373413086,510
2020-02-21,93.79515075683594,96.89361572265625,97.8723373413086,93.95744323730469,97.8723373413086,1185319
2020-02-24,93.79515075683594,96.89361572265625,97.8723373413086,94.93617248535156,94.93617248535156,520678
2020-02-25,94.74258422851562,97.8723373413086,97.8723373413086,97.8723373413086,97.8723373413086,10217
2020-02-26,94.74258422851562,97.8723373413086,97.8723373413086,95.9148941040039,95.9148941040039,919
2020-02-27,88.110595703125,91.02127838134766,95.9148941040039,88.0851058959961,95.9148941040039,821171
2020-02-28,81.4786148071289,84.17021179199219,88.0851058959961,84.17021179199219,87.10638427734375,1835860
2020-03-02,85.26832580566406,88.0851058959961,88.0851058959961,84.17021179199219,84.17021179199219,34126
2020-03-03,91.90031433105469,94.93617248535156,96.89361572265625,89.06382751464844,92.0,319497
2020-03-04,90.00545501708984,92.97872161865234,94.93617248535156,92.0,92.0,1712741
2020-03-05,90.00545501708984,92.97872161865234,92.97872161865234,90.04255676269531,92.97872161865234,286904
2020-03-06,86.21574401855469,89.06382751464844,89.06382751464844,89.06382751464844,89.06382751464844,4393
2020-03-09,85.26832580566406,88.0851058959961,89.06382751464844,84.17021179199219,89.06382751464844,4539893
2020-03-10,80.53119659423828,83.19149017333984,88.0851058959961,83.19149017333984,88.0851058959961,4472867
2020-03-11,77.68891906738281,80.25531768798828,88.0851058959961,80.25531768798828,88.0851058959961,4755480
2020-03-12,75.7940673828125,78.2978744506836,85.14893341064453,78.2978744506836,79.27659606933594,4066623
2020-03-13,75.7940673828125,78.2978744506836,78.2978744506836,73.40425872802734,78.2978744506836,266776
2020-03-16,80.53119659423828,83.19149017333984,84.17021179199219,73.40425872802734,73.40425872802734,9706
2020-03-17,82.4260482788086,85.14893341064453,85.14893341064453,78.2978744506836,78.2978744506836,1427369
2020-03-18,76.74149322509766,79.27659606933594,79.27659606933594,79.27659606933594,79.27659606933594,6148928
2020-03-19,72.00436401367188,74.38298034667969,83.19149017333984,74.38298034667969,74.38298034667969,6057891
2020-03-20,67.2672348022461,69.48936462402344,74.38298034667969,69.48936462402344,74.38298034667969,7762049
2020-03-23,67.2672348022461,69.48936462402344,73.40425872802734,69.48936462402344,69.48936462402344,61713
2020-03-24,71.05693817138672,73.40425872802734,73.40425872802734,73.40425872802734,73.40425872802734,3678
2020-03-26,93.79515075683594,96.89361572265625,96.89361572265625,78.2978744506836,78.2978744506836,315410
2020-03-27,93.79515075683594,96.89361572265625,96.89361572265625,92.97872161865234,96.89361572265625,9502
2020-03-30,88.110595703125,91.02127838134766,92.0,91.02127838134766,91.02127838134766,16041
2020-03-31,82.4260482788086,85.14893341064453,91.02127838134766,85.14893341064453,91.02127838134766,17880
2020-04-01,76.74149322509766,79.27659606933594,85.14893341064453,79.27659606933594,80.25531768798828,11341
2020-04-02,72.95178985595703,75.36170196533203,75.36170196533203,74.38298034667969,74.38298034667969,126184
2020-04-03,83.37346649169922,86.1276626586914,86.1276626586914,70.46808624267578,75.36170196533203,531304
2020-04-06,87.1631851196289,90.04255676269531,90.04255676269531,88.0851058959961,88.0851058959961,49145
2020-04-07,87.1631851196289,90.04255676269531,90.04255676269531,90.04255676269531,90.04255676269531,1123
2020-04-08,85.26832580566406,88.0851058959961,90.04255676269531,84.17021179199219,90.04255676269531,5313
2020-04-09,80.53119659423828,83.19149017333984,85.14893341064453,82.2127685546875,83.19149017333984,589849
2020-04-13,84.3208999633789,87.10638427734375,89.06382751464844,83.19149017333984,83.19149017333984,3371
2020-04-14,84.3208999633789,87.10638427734375,88.0851058959961,82.2127685546875,87.10638427734375,57728
2020-04-15,84.3208999633789,87.10638427734375,87.10638427734375,87.10638427734375,87.10638427734375,52415
2020-04-16,78.63633728027344,81.23403930664062,87.10638427734375,81.23403930664062,87.10638427734375,108508
2020-04-17,78.63633728027344,81.23403930664062,81.23403930664062,81.23403930664062,81.23403930664062,77345
2020-04-20,73.89921569824219,76.34042358398438,81.23403930664062,76.34042358398438,81.23403930664062,393982
2020-04-21,69.1620864868164,71.44680786132812,74.38298034667969,71.44680786132812,71.44680786132812,235613
2020-04-22,69.1620864868164,71.44680786132812,77.31914520263672,71.44680786132812,77.31914520263672,278423
2020-04-23,75.7940673828125,78.2978744506836,78.2978744506836,78.2978744506836,78.2978744506836,1123
2020-04-24,75.7940673828125,78.2978744506836,80.25531768798828,78.2978744506836,78.2978744506836,20945
2020-04-27,71.05693817138672,73.40425872802734,78.2978744506836,73.40425872802734,73.40425872802734,111676
2020-04-28,66.31980895996094,68.51063537597656,70.46808624267578,68.51063537597656,70.46808624267578,1190734
2020-04-29,69.1620864868164,71.44680786132812,72.42552947998047,67.53191375732422,68.51063537597656,663313
2020-04-30,68.21466064453125,70.46808624267578,70.46808624267578,66.55319213867188,69.48936462402344,1085802
2020-05-04,67.2672348022461,69.48936462402344,70.46808624267578,66.55319213867188,70.46808624267578,107793
2020-05-05,67.2672348022461,69.48936462402344,71.44680786132812,66.55319213867188,69.48936462402344,52926
2020-05-06,71.05693817138672,73.40425872802734,73.40425872802734,65.57447052001953,68.51063537597656,470817
2020-05-08,70.10950469970703,72.42552947998047,72.42552947998047,68.51063537597656,68.51063537597656,1206469
2020-05-11,69.1620864868164,71.44680786132812,72.42552947998047,68.51063537597656,68.51063537597656,1042378
2020-05-12,64.42495727539062,66.55319213867188,77.31914520263672,66.55319213867188,77.31914520263672,439960
2020-05-13,64.42495727539062,66.55319213867188,67.53191375732422,66.55319213867188,67.53191375732422,136606
2020-05-14,64.42495727539062,66.55319213867188,66.55319213867188,66.55319213867188,66.55319213867188,0
2020-05-15,64.42495727539062,66.55319213867188,66.55319213867188,66.55319213867188,66.55319213867188,2043
2020-05-18,61.582679748535156,63.61701965332031,66.55319213867188,63.61701965332031,66.55319213867188,25236
2020-05-19,58.74039840698242,60.680850982666016,69.48936462402344,59.702125549316406,67.53191375732422,3076252
2020-05-20,60.635250091552734,62.63829803466797,68.51063537597656,62.63829803466797,68.51063537597656,6641
2020-05-26,60.635250091552734,62.63829803466797,63.61701965332031,58.72340393066406,61.65957260131836,133234
2020-05-27,60.635250091552734,62.63829803466797,67.53191375732422,60.680850982666016,67.53191375732422,139569
2020-05-28,59.68782424926758,61.65957260131836,61.65957260131836,60.680850982666016,61.65957260131836,42504
2020-05-29,69.1620864868164,71.44680786132812,71.44680786132812,61.65957260131836,61.65957260131836,503104
2020-06-02,69.1620864868164,71.44680786132812,71.44680786132812,66.55319213867188,66.55319213867188,50984
2020-06-03,72.00436401367188,74.38298034667969,81.23403930664062,68.51063537597656,81.23403930664062,314899
2020-06-04,75.7940673828125,78.2978744506836,79.27659606933594,70.46808624267578,79.27659606933594,314695
2020-06-05,77.68891906738281,80.25531768798828,96.89361572265625,76.34042358398438,78.2978744506836,180847
2020-06-08,83.37346649169922,86.1276626586914,89.06382751464844,80.25531768798828,80.25531768798828,163171
2020-06-09,84.3208999633789,87.10638427734375,92.97872161865234,81.23403930664062,92.97872161865234,46489
2020-06-10,84.3208999633789,87.10638427734375,96.89361572265625,81.23403930664062,96.89361572265625,146006
2020-06-11,81.4786148071289,84.17021179199219,96.89361572265625,81.23403930664062,96.89361572265625,103604
2020-06-12,78.63633728027344,81.23403930664062,85.14893341064453,78.2978744506836,85.14893341064453,106873
2020-06-15,76.74149322509766,79.27659606933594,79.27659606933594,76.34042358398438,79.27659606933594,5926
2020-06-16,84.3208999633789,87.10638427734375,89.06382751464844,74.38298034667969,89.06382751464844,373343
2020-06-17,84.3208999633789,87.10638427734375,87.10638427734375,87.10638427734375,87.10638427734375,1123
2020-06-18,86.21574401855469,89.06382751464844,90.04255676269531,87.10638427734375,87.10638427734375,27791
2020-06-19,88.110595703125,91.02127838134766,91.02127838134766,86.1276626586914,89.06382751464844,250734
2020-06-22,87.1631851196289,90.04255676269531,93.95744323730469,88.0851058959961,90.04255676269531,132519
2020-06-23,85.26832580566406,88.0851058959961,97.8723373413086,85.14893341064453,88.0851058959961,172163
2020-06-24,87.1631851196289,90.04255676269531,92.97872161865234,86.1276626586914,90.04255676269531,1584717
2020-06-25,87.1631851196289,90.04255676269531,90.04255676269531,90.04255676269531,90.04255676269531,2201949
2020-06-26,87.1631851196289,90.04255676269531,90.04255676269531,85.14893341064453,90.04255676269531,545097
2020-06-29,87.1631851196289,90.04255676269531,90.04255676269531,84.17021179199219,84.17021179199219,291195
2020-06-30,86.21574401855469,89.06382751464844,90.04255676269531,89.06382751464844,90.04255676269531,63449
2020-07-01,86.21574401855469,89.06382751464844,89.06382751464844,85.14893341064453,89.06382751464844,41073
2020-07-02,86.21574401855469,89.06382751464844,89.06382751464844,83.19149017333984,89.06382751464844,37191
2020-07-03,86.21574401855469,89.06382751464844,89.06382751464844,89.06382751464844,89.06382751464844,25747
2020-07-06,87.1631851196289,90.04255676269531,91.02127838134766,83.19149017333984,83.19149017333984,1695269
2020-07-07,87.1631851196289,90.04255676269531,90.04255676269531,90.04255676269531,90.04255676269531,1023271
2020-07-08,86.21574401855469,89.06382751464844,89.06382751464844,88.0851058959961,88.0851058959961,481545
2020-07-09,86.21574401855469,89.06382751464844,89.06382751464844,89.06382751464844,89.06382751464844,1683928
2020-07-10,88.110595703125,91.02127838134766,91.02127838134766,89.06382751464844,89.06382751464844,510971
2020-07-13,87.1631851196289,90.04255676269531,91.02127838134766,88.0851058959961,91.02127838134766,121076
2020-07-14,86.21574401855469,89.06382751464844,90.04255676269531,88.0851058959961,90.04255676269531,802780
2020-07-15,87.1631851196289,90.04255676269531,90.04255676269531,89.06382751464844,89.06382751464844,46080
2020-07-16,87.1631851196289,90.04255676269531,91.02127838134766,87.10638427734375,90.04255676269531,522313
2020-07-17,87.1631851196289,90.04255676269531,90.04255676269531,87.10638427734375,90.04255676269531,57013
2020-07-20,87.1631851196289,90.04255676269531,90.04255676269531,90.04255676269531,90.04255676269531,0
2020-07-21,88.110595703125,91.02127838134766,92.0,90.04255676269531,92.0,72952
2020-07-22,88.110595703125,91.02127838134766,91.02127838134766,91.02127838134766,91.02127838134766,30754
2020-07-23,87.1631851196289,90.04255676269531,91.02127838134766,90.04255676269531,90.04255676269531,92978
2020-07-24,87.1631851196289,90.04255676269531,90.04255676269531,87.10638427734375,90.04255676269531,462745
2020-07-27,86.21574401855469,89.06382751464844,90.04255676269531,87.10638427734375,90.04255676269531,82965
2020-07-28,87.1631851196289,90.04255676269531,90.04255676269531,90.04255676269531,90.04255676269531,10523
2020-07-29,94.74258422851562,97.8723373413086,97.8723373413086,89.06382751464844,89.06382751464844,876141
2020-07-30,93.79515075683594,96.89361572265625,99.82978820800781,94.93617248535156,97.8723373413086,62019
2020-08-03,90.00545501708984,92.97872161865234,92.97872161865234,91.02127838134766,92.97872161865234,1000895
2020-08-04,92.84772491455078,95.9148941040039,95.9148941040039,92.97872161865234,92.97872161865234,51086
2020-08-05,91.90031433105469,94.93617248535156,96.89361572265625,90.04255676269531,91.02127838134766,886869
2020-08-06,90.95287322998047,93.95744323730469,93.95744323730469,93.95744323730469,93.95744323730469,5926
2020-08-07,90.00545501708984,92.97872161865234,92.97872161865234,90.04255676269531,90.04255676269531,112595
2020-08-10,90.95287322998047,93.95744323730469,93.95744323730469,88.0851058959961,88.0851058959961,112902
2020-08-11,90.95287322998047,93.95744323730469,93.95744323730469,88.0851058959961,93.95744323730469,15121
2020-08-12,90.95287322998047,93.95744323730469,93.95744323730469,93.95744323730469,93.95744323730469,1021
2020-08-13,90.95287322998047,93.95744323730469,93.95744323730469,92.0,93.95744323730469,411147
2020-08-14,91.90031433105469,94.93617248535156,96.89361572265625,88.0851058959961,93.95744323730469,123426
2020-08-18,91.90031433105469,94.93617248535156,102.76596069335938,94.93617248535156,102.76596069335938,21252
2020-08-19,91.90031433105469,94.93617248535156,96.89361572265625,92.0,96.89361572265625,652993
2020-08-24,92.84772491455078,95.9148941040039,95.9148941040039,95.9148941040039,95.9148941040039,31571
2020-08-25,93.79515075683594,96.89361572265625,102.76596069335938,95.9148941040039,95.9148941040039,266060
2020-08-26,94.74258422851562,97.8723373413086,102.76596069335938,96.89361572265625,96.89361572265625,276584
2020-08-27,95.69001007080078,98.85106658935547,102.76596069335938,96.89361572265625,100.80850982666016,1926693
2020-08-28,94.74258422851562,97.8723373413086,102.76596069335938,95.9148941040039,99.82978820800781,237145
2020-08-31,94.74258422851562,97.8723373413086,101.7872314453125,97.8723373413086,97.8723373413086,131497
2020-09-01,93.79515075683594,96.89361572265625,96.89361572265625,93.95744323730469,93.95744323730469,103297
2020-09-02,94.74258422851562,97.8723373413086,99.82978820800781,94.93617248535156,94.93617248535156,77652
2020-09-03,92.84772491455078,95.9148941040039,97.8723373413086,94.93617248535156,97.8723373413086,18902
2020-09-04,94.74258422851562,97.8723373413086,97.8723373413086,93.95744323730469,95.9148941040039,558584
2020-09-07,94.74258422851562,97.8723373413086,97.8723373413086,92.97872161865234,97.8723373413086,115047
2020-09-08,94.74258422851562,97.8723373413086,97.8723373413086,97.8723373413086,97.8723373413086,5108
2020-09-09,93.79515075683594,96.89361572265625,97.8723373413086,94.93617248535156,97.8723373413086,296508
2020-09-10,92.84772491455078,95.9148941040039,95.9148941040039,95.9148941040039,95.9148941040039,139467
2020-09-11,94.74258422851562,97.8723373413086,97.8723373413086,95.9148941040039,95.9148941040039,592506
2020-09-14,94.74258422851562,97.8723373413086,97.8723373413086,92.97872161865234,97.8723373413086,2452
2020-09-15,93.79515075683594,96.89361572265625,100.80850982666016,96.89361572265625,100.80850982666016,51495
2020-09-16,92.84772491455078,95.9148941040039,96.89361572265625,91.02127838134766,96.89361572265625,545506
2020-09-17,93.79515075683594,96.89361572265625,97.8723373413086,92.0,97.8723373413086,1532
2020-09-18,93.79515075683594,96.89361572265625,97.8723373413086,95.9148941040039,97.8723373413086,510
2020-09-21,93.79515075683594,96.89361572265625,97.8723373413086,96.89361572265625,97.8723373413086,15632
2020-09-22,93.79515075683594,96.89361572265625,96.89361572265625,96.89361572265625,96.89361572265625,6436
2020-09-23,93.79515075683594,96.89361572265625,97.8723373413086,92.97872161865234,96.89361572265625,334517
2020-09-24,90.00545501708984,92.97872161865234,95.9148941040039,92.97872161865234,93.95744323730469,87460
2020-09-25,90.95287322998047,93.95744323730469,95.9148941040039,92.0,92.97872161865234,9195
2020-09-28,90.95287322998047,93.95744323730469,93.95744323730469,93.95744323730469,93.95744323730469,817
2020-09-29,90.95287322998047,93.95744323730469,93.95744323730469,89.06382751464844,93.95744323730469,8582
2020-09-30,90.00545501708984,92.97872161865234,93.95744323730469,88.0851058959961,93.95744323730469,314899
2020-10-01,90.00545501708984,92.97872161865234,94.93617248535156,92.97872161865234,92.97872161865234,190145
2020-10-02,90.00545501708984,92.97872161865234,92.97872161865234,92.97872161865234,92.97872161865234,41993
2020-10-05,90.00545501708984,92.97872161865234,92.97872161865234,89.06382751464844,90.04255676269531,81841
2020-10-06,90.00545501708984,92.97872161865234,93.95744323730469,90.04255676269531,92.0,36680
2020-10-07,90.00545501708984,92.97872161865234,92.97872161865234,92.97872161865234,92.97872161865234,34943
2020-10-08,88.110595703125,91.02127838134766,92.97872161865234,89.06382751464844,92.97872161865234,32389
2020-10-09,90.95287322998047,93.95744323730469,93.95744323730469,88.0851058959961,89.06382751464844,91139
2020-10-12,90.95287322998047,93.95744323730469,93.95744323730469,92.0,92.0,91445
2020-10-13,90.00545501708984,92.97872161865234,93.95744323730469,92.97872161865234,93.95744323730469,90526
2020-10-14,90.95287322998047,93.95744323730469,93.95744323730469,93.95744323730469,93.95744323730469,8684
2020-10-15,88.110595703125,91.02127838134766,93.95744323730469,91.02127838134766,92.97872161865234,159697
2020-10-16,90.95287322998047,93.95744323730469,93.95744323730469,92.0,92.0,3371
2020-10-19,90.00545501708984,92.97872161865234,93.95744323730469,92.97872161865234,93.95744323730469,111573
2020-10-20,90.95287322998047,93.95744323730469,93.95744323730469,92.97872161865234,92.97872161865234,92160
2020-10-21,90.95287322998047,93.95744323730469,93.95744323730469,92.97872161865234,92.97872161865234,69069
2020-10-22,91.90031433105469,94.93617248535156,94.93617248535156,92.97872161865234,93.95744323730469,35454
2020-10-23,90.95287322998047,93.95744323730469,94.93617248535156,93.95744323730469,94.93617248535156,43015
2020-10-26,92.84772491455078,95.9148941040039,95.9148941040039,92.97872161865234,92.97872161865234,5313
2020-10-27,93.79515075683594,96.89361572265625,96.89361572265625,93.95744323730469,95.9148941040039,58239
2020-11-02,92.84772491455078,95.9148941040039,97.8723373413086,95.9148941040039,96.89361572265625,801349
2020-11-03,92.84772491455078,95.9148941040039,95.9148941040039,94.93617248535156,95.9148941040039,17063
2020-11-04,92.84772491455078,95.9148941040039,96.89361572265625,93.95744323730469,95.9148941040039,1628039
2020-11-05,92.84772491455078,95.9148941040039,95.9148941040039,93.95744323730469,95.9148941040039,60895
2020-11-06,92.84772491455078,95.9148941040039,96.89361572265625,95.9148941040039,96.89361572265625,11954
2020-11-09,93.79515075683594,96.89361572265625,96.89361572265625,92.97872161865234,92.97872161865234,125163
2020-11-10,91.90031433105469,94.93617248535156,95.9148941040039,93.95744323730469,95.9148941040039,1369845
2020-11-11,92.84772491455078,95.9148941040039,95.9148941040039,94.93617248535156,95.9148941040039,335232
2020-11-12,91.90031433105469,94.93617248535156,95.9148941040039,93.95744323730469,93.95744323730469,358017
2020-11-13,92.84772491455078,95.9148941040039,95.9148941040039,93.95744323730469,95.9148941040039,951647
2020-11-16,90.00545501708984,92.97872161865234,95.9148941040039,92.97872161865234,95.9148941040039,89913
2020-11-17,90.95287322998047,93.95744323730469,95.9148941040039,93.95744323730469,95.9148941040039,406958
2020-11-18,91.90031433105469,94.93617248535156,95.9148941040039,93.95744323730469,95.9148941040039,1513195
2020-11-19,91.90031433105469,94.93617248535156,95.9148941040039,93.95744323730469,95.9148941040039,1357891
2020-11-20,92.84772491455078,95.9148941040039,95.9148941040039,93.95744323730469,95.9148941040039,29221
2020-11-23,91.90031433105469,94.93617248535156,95.9148941040039,91.02127838134766,95.9148941040039,98802
2020-11-24,91.90031433105469,94.93617248535156,95.9148941040039,93.95744323730469,95.9148941040039,29119
2020-11-25,93.79515075683594,96.89361572265625,97.8723373413086,94.93617248535156,95.9148941040039,469182
2020-11-26,94.74258422851562,97.8723373413086,98.85106658935547,93.95744323730469,96.89361572265625,8153682
2020-11-27,93.79515075683594,96.89361572265625,97.8723373413086,96.89361572265625,97.8723373413086,1954689
2020-11-30,92.84772491455078,95.9148941040039,97.8723373413086,93.95744323730469,96.89361572265625,1063834
2020-12-01,92.84772491455078,95.9148941040039,95.9148941040039,94.93617248535156,95.9148941040039,765691
2020-12-02,92.84772491455078,95.9148941040039,95.9148941040039,94.93617248535156,95.9148941040039,509949
2020-12-03,92.84772491455078,95.9148941040039,97.8723373413086,94.93617248535156,95.9148941040039,637871
2020-12-04,92.84772491455078,95.9148941040039,96.89361572265625,94.93617248535156,95.9148941040039,554191
2020-12-07,94.74258422851562,97.8723373413086,99.82978820800781,93.95744323730469,94.93617248535156,5948156
2020-12-08,94.74258422851562,97.8723373413086,99.82978820800781,96.89361572265625,97.8723373413086,2299934
2020-12-10,93.79515075683594,96.89361572265625,98.85106658935547,93.95744323730469,97.8723373413086,2761658
2020-12-11,91.90031433105469,94.93617248535156,96.89361572265625,93.95744323730469,96.89361572265625,4553686
2020-12-14,92.84772491455078,95.9148941040039,99.82978820800781,93.95744323730469,95.9148941040039,1645102
2020-12-15,92.84772491455078,95.9148941040039,96.89361572265625,94.93617248535156,95.9148941040039,1891647
2020-12-16,92.84772491455078,95.9148941040039,96.89361572265625,93.95744323730469,95.9148941040039,15453804
2020-12-17,91.90031433105469,94.93617248535156,97.8723373413086,94.93617248535156,96.89361572265625,4397769
2020-12-18,92.84772491455078,95.9148941040039,96.89361572265625,94.93617248535156,95.9148941040039,2262130
2020-12-21,92.84772491455078,95.9148941040039,97.8723373413086,94.93617248535156,95.9148941040039,25356499
2020-12-22,91.90031433105469,94.93617248535156,95.9148941040039,93.95744323730469,95.9148941040039,1114615
2020-12-23,99.4797134399414,102.76596069335938,102.76596069335938,92.97872161865234,95.9148941040039,11908369
2020-12-28,111.7962417602539,115.48936462402344,138.0,103.74468231201172,103.74468231201172,107447823
2020-12-29,104.21684265136719,107.65957641601562,116.46808624267578,107.65957641601562,115.48936462402344,23477215
2020-12-30,101.37456512451172,104.72340393066406,107.65957641601562,100.80850982666016,107.65957641601562,8933269
2021-01-04,106.1116943359375,109.61701965332031,113.53191375732422,102.76596069335938,105.7021255493164,6039397
2021-01-05,108.00654602050781,111.57447052001953,116.46808624267578,108.63829803466797,109.61701965332031,13163167
2021-01-06,109.9013900756836,113.53191375732422,119.40425872802734,110.59574127197266,113.53191375732422,20400758
2021-01-07,111.7962417602539,115.48936462402344,117.44680786132812,111.57447052001953,117.44680786132812,10782413
2021-01-08,107.0591049194336,110.59574127197266,115.48936462402344,107.65957641601562,115.48936462402344,9197389
2021-01-11,106.1116943359375,109.61701965332031,112.55319213867188,109.61701965332031,111.57447052001953,3841943
2021-01-12,103.26941680908203,106.68085479736328,110.59574127197266,104.72340393066406,107.65957641601562,4131810
2021-01-13,104.21684265136719,107.65957641601562,108.63829803466797,104.72340393066406,106.68085479736328,4112397
2021-01-14,102.32198333740234,105.7021255493164,109.61701965332031,104.72340393066406,108.63829803466797,1358504
2021-01-15,101.37456512451172,104.72340393066406,107.65957641601562,104.72340393066406,106.68085479736328,2669906
2021-01-18,100.42713928222656,103.74468231201172,107.65957641601562,99.82978820800781,104.72340393066406,3376439
2021-01-19,100.42713928222656,103.74468231201172,108.63829803466797,101.7872314453125,102.76596069335938,3198963
2021-01-20,105.16426849365234,108.63829803466797,108.63829803466797,102.76596069335938,102.76596069335938,2072802
2021-01-21,100.42713928222656,103.74468231201172,109.61701965332031,103.74468231201172,108.63829803466797,1882247
2021-01-22,98.53227996826172,101.7872314453125,105.7021255493164,101.7872314453125,104.72340393066406,1065673
2021-01-25,96.63743591308594,99.82978820800781,101.7872314453125,96.89361572265625,101.7872314453125,2221976
2021-01-26,94.74258422851562,97.8723373413086,102.76596069335938,97.8723373413086,98.85106658935547,1829628
2021-01-27,92.84772491455078,95.9148941040039,96.89361572265625,92.97872161865234,96.89361572265625,2782502
2021-01-28,92.84772491455078,95.9148941040039,99.82978820800781,94.93617248535156,95.9148941040039,742293
2021-01-29,94.74258422851562,97.8723373413086,97.8723373413086,92.0,95.9148941040039,2010373
2021-02-01,94.74258422851562,97.8723373413086,99.82978820800781,92.97872161865234,97.8723373413086,814326
2021-02-02,93.79515075683594,96.89361572265625,102.76596069335938,95.9148941040039,97.8723373413086,392552
2021-02-03,94.74258422851562,97.8723373413086,101.7872314453125,94.93617248535156,98.85106658935547,647578
2021-02-04,94.74258422851562,97.8723373413086,100.80850982666016,97.8723373413086,97.8723373413086,704080
2021-02-05,94.74258422851562,97.8723373413086,99.82978820800781,95.9148941040039,97.8723373413086,1287186
2021-02-08,93.79515075683594,96.89361572265625,103.74468231201172,96.89361572265625,98.85106658935547,535084
2021-02-09,93.79515075683594,96.89361572265625,98.85106658935547,95.9148941040039,97.8723373413086,1962760
2021-02-10,94.74258422851562,97.8723373413086,99.82978820800781,95.9148941040039,96.89361572265625,2668373
2021-02-11,96.63743591308594,99.82978820800781,100.80850982666016,97.8723373413086,97.8723373413086,5965628
2021-02-15,100.42713928222656,103.74468231201172,115.48936462402344,100.80850982666016,100.80850982666016,11543915
2021-02-16,99.4797134399414,102.76596069335938,104.72340393066406,101.7872314453125,104.72340393066406,5652260
2021-02-17,97.58485412597656,100.80850982666016,103.74468231201172,99.82978820800781,102.76596069335938,3023326
2021-02-18,96.63743591308594,99.82978820800781,102.76596069335938,99.82978820800781,101.7872314453125,3013210
2021-02-19,95.69001007080078,98.85106658935547,99.82978820800781,97.8723373413086,99.82978820800781,2014460
2021-02-22,98.53227996826172,101.7872314453125,104.72340393066406,100.80850982666016,100.80850982666016,20693384
2021-02-23,98.53227996826172,101.7872314453125,106.68085479736328,99.82978820800781,101.7872314453125,3852058
2021-02-24,96.63743591308594,99.82978820800781,103.74468231201172,99.82978820800781,101.7872314453125,3169639
2021-02-25,95.69001007080078,98.85106658935547,100.80850982666016,98.85106658935547,99.82978820800781,14150984
2021-02-26,95.69001007080078,98.85106658935547,101.7872314453125,97.8723373413086,98.85106658935547,4190663
2021-03-01,95.69001007080078,98.85106658935547,99.82978820800781,97.8723373413086,98.85106658935547,5830452
2021-03-02,94.74258422851562,97.8723373413086,99.82978820800781,96.89361572265625,99.82978820800781,4013902
2021-03-03,94.74258422851562,97.8723373413086,98.85106658935547,96.89361572265625,97.8723373413086,3079930
2021-03-04,94.74258422851562,97.8723373413086,97.8723373413086,96.89361572265625,97.8723373413086,668217
2021-03-05,94.74258422851562,97.8723373413086,97.8723373413086,96.89361572265625,97.8723373413086,3713817
2021-03-08,97.58485412597656,100.80850982666016,103.74468231201172,97.8723373413086,97.8723373413086,6456165
2021-03-09,95.69001007080078,98.85106658935547,101.7872314453125,97.8723373413086,101.7872314453125,1556619
2021-03-10,93.79515075683594,96.89361572265625,99.82978820800781,94.93617248535156,98.85106658935547,4406556
2021-03-12,92.84772491455078,95.9148941040039,97.8723373413086,94.93617248535156,96.89361572265625,3828967
2021-03-15,91.90031433105469,94.93617248535156,97.8723373413086,93.95744323730469,95.9148941040039,7916332
2021-03-16,92.84772491455078,95.9148941040039,98.85106658935547,94.93617248535156,96.89361572265625,9604041
2021-03-17,92.84772491455078,95.9148941040039,97.8723373413086,94.93617248535156,95.9148941040039,7400763
2021-03-18,93.79515075683594,96.89361572265625,99.82978820800781,95.9148941040039,96.89361572265625,6336928
2021-03-19,93.79515075683594,96.89361572265625,97.8723373413086,93.95744323730469,96.89361572265625,5592284
2021-03-22,92.84772491455078,95.9148941040039,97.8723373413086,94.93617248535156,96.89361572265625,4701430
2021-03-23,95.69001007080078,98.85106658935547,101.7872314453125,95.9148941040039,95.9148941040039,12788495
2021-03-24,92.84772491455078,95.9148941040039,99.82978820800781,94.93617248535156,99.82978820800781,6392613
2021-03-25,92.84772491455078,95.9148941040039,96.89361572265625,94.93617248535156,95.9148941040039,1157834
2021-03-26,92.84772491455078,95.9148941040039,96.89361572265625,94.93617248535156,96.89361572265625,3166676
2021-03-29,92.84772491455078,95.9148941040039,97.8723373413086,94.93617248535156,95.9148941040039,4253397
2021-03-30,90.95287322998047,93.95744323730469,96.89361572265625,93.95744323730469,95.9148941040039,1601882
2021-03-31,89.05802154541016,92.0,94.93617248535156,92.0,93.95744323730469,4555117
2021-04-01,88.110595703125,91.02127838134766,93.95744323730469,91.02127838134766,92.0,3847665
2021-04-05,88.110595703125,91.02127838134766,92.0,89.06382751464844,91.02127838134766,10979097
2021-04-06,89.05802154541016,92.0,92.97872161865234,91.02127838134766,92.0,3288671
2021-04-07,90.00545501708984,92.97872161865234,94.93617248535156,92.0,93.95744323730469,3061028
2021-04-08,90.95287322998047,93.95744323730469,93.95744323730469,92.97872161865234,93.95744323730469,3156765
2021-04-09,90.95287322998047,93.95744323730469,95.9148941040039,92.97872161865234,93.95744323730469,3239219
2021-04-12,90.00545501708984,92.97872161865234,94.93617248535156,92.0,93.95744323730469,2239039
2021-04-13,89.05802154541016,92.0,93.95744323730469,92.0,92.97872161865234,499936
2021-04-14,88.110595703125,91.02127838134766,93.95744323730469,91.02127838134766,92.0,1897471
2021-04-15,88.110595703125,91.02127838134766,92.0,90.04255676269531,92.0,1763317
2021-04-16,88.110595703125,91.02127838134766,92.97872161865234,90.04255676269531,91.02127838134766,3740382
2021-04-19,91.90031433105469,94.93617248535156,97.8723373413086,92.0,92.0,3962917
2021-04-20,90.00545501708984,92.97872161865234,94.93617248535156,92.97872161865234,94.93617248535156,575749
2021-04-21,89.05802154541016,92.0,93.95744323730469,91.02127838134766,93.95744323730469,1798056
2021-04-22,91.90031433105469,94.93617248535156,94.93617248535156,92.0,93.95744323730469,1532302
2021-04-23,90.95287322998047,93.95744323730469,95.9148941040039,92.97872161865234,93.95744323730469,1245193
2021-04-26,94.74258422851562,97.8723373413086,107.65957641601562,94.93617248535156,94.93617248535156,15866689
2021-04-27,90.95287322998047,93.95744323730469,99.82978820800781,92.97872161865234,99.82978820800781,3472993
2021-04-28,92.84772491455078,95.9148941040039,96.89361572265625,93.95744323730469,94.93617248535156,2189076
2021-04-29,94.74258422851562,97.8723373413086,98.85106658935547,94.93617248535156,97.8723373413086,3545332
2021-04-30,94.74258422851562,97.8723373413086,98.85106658935547,95.9148941040039,97.8723373413086,7736302
2021-05-03,91.90031433105469,94.93617248535156,98.85106658935547,94.93617248535156,97.8723373413086,3416491
2021-05-04,90.95287322998047,93.95744323730469,96.89361572265625,92.97872161865234,94.93617248535156,2792515
2021-05-05,90.95287322998047,93.95744323730469,95.9148941040039,92.97872161865234,93.95744323730469,1906463
2021-05-06,90.95287322998047,93.95744323730469,96.89361572265625,93.95744323730469,93.95744323730469,2594195
2021-05-07,90.00545501708984,92.97872161865234,96.89361572265625,92.97872161865234,96.89361572265625,1888582
2021-05-10,90.00545501708984,92.97872161865234,99.82978820800781,92.0,92.97872161865234,18549980
2021-05-11,90.00545501708984,92.97872161865234,95.9148941040039,92.97872161865234,93.95744323730469,3795454
2021-05-17,90.95287322998047,93.95744323730469,96.89361572265625,92.97872161865234,92.97872161865234,3065728
2021-05-18,92.84772491455078,95.9148941040039,108.63829803466797,93.95744323730469,94.93617248535156,102500971
2021-05-19,98.53227996826172,101.7872314453125,104.72340393066406,93.95744323730469,96.89361572265625,79267441
2021-05-20,125.0602035522461,129.1914825439453,137.02127075195312,97.8723373413086,103.74468231201172,223412456
2021-05-21,123.16535949707031,127.23403930664062,149.7446746826172,120.38298034667969,127.23403930664062,267268463
2021-05-24,114.63851928710938,118.42552947998047,129.1914825439453,118.42552947998047,127.23403930664062,65296793
2021-05-25,118.42823028564453,122.34042358398438,127.23403930664062,110.59574127197266,112.55319213867188,116326839
2021-05-27,132.63961791992188,137.02127075195312,140.93617248535156,124.2978744506836,124.2978744506836,194931784
2021-05-28,124.11278533935547,128.2127685546875,141.91488647460938,128.2127685546875,138.97872924804688,96559252
2021-05-31,115.5859603881836,119.40425872802734,123.31914520263672,119.40425872802734,122.34042358398438,103294147
2021-06-02,114.63851928710938,118.42552947998047,124.2978744506836,113.53191375732422,119.40425872802734,53008643
2021-06-03,112.7436752319336,116.46808624267578,122.34042358398438,116.46808624267578,119.40425872802734,18220878
2021-06-04,122.21792602539062,126.25531768798828,135.06382751464844,117.44680786132812,118.42552947998047,191958013
2021-06-07,116.53337097167969,120.38298034667969,130.1702117919922,120.38298034667969,128.2127685546875,47285473
2021-06-08,114.63851928710938,118.42552947998047,125.27659606933594,117.44680786132812,121.36170196533203,47802167
2021-06-09,117.48079681396484,121.36170196533203,124.2978744506836,117.44680786132812,118.42552947998047,27793858
2021-06-10,117.48079681396484,121.36170196533203,123.31914520263672,120.38298034667969,122.34042358398438,16435184
2021-06-11,122.21792602539062,126.25531768798828,130.1702117919922,120.38298034667969,123.31914520263672,50836630
2021-06-14,125.0602035522461,129.1914825439453,132.12765502929688,124.2978744506836,128.2127685546875,60909139
2021-06-15,128.84991455078125,133.10638427734375,138.97872924804688,128.2127685546875,132.12765502929688,124905156
2021-06-16,127.90248107910156,132.12765502929688,135.06382751464844,131.14894104003906,133.10638427734375,43388049
2021-06-17,127.90248107910156,132.12765502929688,134.08511352539062,128.2127685546875,128.2127685546875,28879149
2021-06-18,120.32308197021484,124.2978744506836,144.85105895996094,123.31914520263672,144.85105895996094,45339367
2021-06-21,120.32308197021484,124.2978744506836,125.27659606933594,117.44680786132812,125.27659606933594,15053180
2021-06-22,120.32308197021484,124.2978744506836,129.1914825439453,122.34042358398438,124.2978744506836,10239256
2021-06-23,119.37564849853516,123.31914520263672,126.25531768798828,122.34042358398438,125.27659606933594,5504313
2021-06-24,117.48079681396484,121.36170196533203,124.2978744506836,119.40425872802734,123.31914520263672,7021902
2021-06-25,115.5859603881836,119.40425872802734,124.2978744506836,118.42552947998047,123.31914520263672,9579008
2021-06-28,113.69110107421875,117.44680786132812,121.36170196533203,117.44680786132812,119.40425872802734,8289369
2021-06-29,111.7962417602539,115.48936462402344,119.40425872802734,112.55319213867188,116.46808624267578,13375893
2021-06-30,104.21684265136719,107.65957641601562,113.53191375732422,107.65957641601562,113.53191375732422,20274165
2021-07-01,111.7962417602539,115.48936462402344,115.48936462402344,101.7872314453125,105.7021255493164,20771139
2021-07-02,106.1116943359375,109.61701965332031,119.40425872802734,109.61701965332031,117.44680786132812,9869795
2021-07-05,106.1116943359375,109.61701965332031,112.55319213867188,107.65957641601562,107.65957641601562,5647560
2021-07-06,112.7436752319336,116.46808624267578,118.42552947998047,109.61701965332031,109.61701965332031,21070406
2021-07-07,107.0591049194336,110.59574127197266,116.46808624267578,110.59574127197266,116.46808624267578,4296923
2021-07-08,108.00654602050781,111.57447052001953,115.48936462402344,110.59574127197266,110.59574127197266,1587884
2021-07-09,108.00654602050781,111.57447052001953,114.51063537597656,110.59574127197266,111.57447052001953,3768480
2021-07-12,108.00654602050781,111.57447052001953,113.53191375732422,110.59574127197266,110.59574127197266,4031884
2021-07-13,104.21684265136719,107.65957641601562,111.57447052001953,106.68085479736328,111.57447052001953,5316313
2021-07-14,115.5859603881836,119.40425872802734,134.08511352539062,103.74468231201172,107.65957641601562,105175476
2021-07-15,114.63851928710938,118.42552947998047,125.27659606933594,117.44680786132812,120.38298034667969,23056769
2021-07-16,111.7962417602539,115.48936462402344,122.34042358398438,113.53191375732422,120.38298034667969,8758041
2021-07-19,109.9013900756836,113.53191375732422,116.46808624267578,110.59574127197266,115.48936462402344,4100852
2021-07-21,110.84882354736328,114.51063537597656,118.42552947998047,109.61701965332031,113.53191375732422,14477226
2021-07-22,110.84882354736328,114.51063537597656,117.44680786132812,113.53191375732422,115.48936462402344,5065884
2021-07-23,119.37564849853516,123.31914520263672,127.23403930664062,114.51063537597656,114.51063537597656,33293880
2021-07-26,125.0602035522461,129.1914825439453,130.1702117919922,117.44680786132812,123.31914520263672,35921486
2021-07-27,127.90248107910156,132.12765502929688,133.10638427734375,125.27659606933594,129.1914825439453,28709949
2021-07-28,124.11278533935547,128.2127685546875,135.06382751464844,127.23403930664062,133.10638427734375,10819195
2021-07-29,119.37564849853516,123.31914520263672,129.1914825439453,119.40425872802734,128.2127685546875,15514393
2021-07-30,122.21792602539062,126.25531768798828,126.25531768798828,122.34042358398438,123.31914520263672,8448352
2021-08-02,119.37564849853516,123.31914520263672,128.2127685546875,122.34042358398438,127.23403930664062,5994747
2021-08-03,118.42823028564453,122.34042358398438,127.23403930664062,122.34042358398438,124.2978744506836,7481276
2021-08-04,114.63851928710938,118.42552947998047,124.2978744506836,117.44680786132812,122.34042358398438,6283286
2021-08-05,111.7962417602539,115.48936462402344,121.36170196533203,114.51063537597656,119.40425872802734,6916969
2021-08-06,112.7436752319336,116.46808624267578,123.31914520263672,113.53191375732422,115.48936462402344,25772245
2021-08-09,113.69110107421875,117.44680786132812,123.31914520263672,116.46808624267578,122.34042358398438,10789973
2021-08-10,120.32308197021484,124.2978744506836,124.2978744506836,114.51063537597656,117.44680786132812,11761341
2021-08-12,119.37564849853516,123.31914520263672,138.97872924804688,120.38298034667969,125.27659606933594,104156597
2021-08-13,123.16535949707031,127.23403930664062,133.10638427734375,119.40425872802734,123.31914520263672,54890789
2021-08-16,129.79734802246094,134.08511352539062,137.02127075195312,125.27659606933594,128.2127685546875,59604071
2021-08-18,132.63961791992188,137.02127075195312,176.1702117919922,134.08511352539062,136.0425567626953,427757932
2021-08-19,124.11278533935547,128.2127685546875,151.70213317871094,128.2127685546875,135.06382751464844,101037126
2021-08-20,125.0602035522461,129.1914825439453,143.87234497070312,121.36170196533203,128.2127685546875,69735228
2021-08-23,124.11278533935547,128.2127685546875,133.10638427734375,125.27659606933594,130.1702117919922,18200954
2021-08-24,144.95614624023438,149.7446746826172,151.70213317871094,126.25531768798828,128.2127685546875,219824619
2021-08-25,135.4818878173828,139.9574432373047,152.68084716796875,139.9574432373047,152.68084716796875,74576432
2021-08-26,130.7447509765625,135.06382751464844,141.91488647460938,132.12765502929688,139.9574432373047,34247469
2021-08-27,139.27159118652344,143.87234497070312,153.65957641601562,134.08511352539062,137.02127075195312,236486426
2021-08-30,129.79734802246094,134.08511352539062,144.85105895996094,134.08511352539062,144.85105895996094,70327632
2021-08-31,127.90248107910156,132.12765502929688,138.97872924804688,129.1914825439453,134.08511352539062,39984432
2021-09-01,127.90248107910156,132.12765502929688,140.93617248535156,131.14894104003906,140.93617248535156,20703193
2021-09-02,134.5344696044922,138.97872924804688,140.93617248535156,132.12765502929688,132.12765502929688,74082728
2021-09-03,130.7447509765625,135.06382751464844,141.91488647460938,135.06382751464844,141.91488647460938,23596963
2021-09-06,137.37673950195312,141.91488647460938,141.91488647460938,136.0425567626953,136.0425567626953,29389508
2021-09-07,133.5870361328125,138.0,146.8085174560547,136.0425567626953,146.8085174560547,32738769
2021-09-08,127.90248107910156,132.12765502929688,141.91488647460938,129.1914825439453,129.1914825439453,59169219
2021-09-09,126.95507049560547,131.14894104003906,135.06382751464844,124.2978744506836,124.2978744506836,18215565
2021-09-10,124.11278533935547,128.2127685546875,136.0425567626953,128.2127685546875,136.0425567626953,6838908
2021-09-13,122.21792602539062,126.25531768798828,131.14894104003906,124.2978744506836,129.1914825439453,25733317
2021-09-14,127.90248107910156,132.12765502929688,133.10638427734375,126.25531768798828,127.23403930664062,22671063
2021-09-15,126.00762939453125,130.1702117919922,133.10638427734375,128.2127685546875,133.10638427734375,9146915
2021-09-16,127.90248107910156,132.12765502929688,134.08511352539062,130.1702117919922,130.1702117919922,15307695
2021-09-17,125.0602035522461,129.1914825439453,133.10638427734375,129.1914825439453,132.12765502929688,5789480
2021-09-20,122.21792602539062,126.25531768798828,130.1702117919922,120.38298034667969,120.38298034667969,12628899
2021-09-21,128.84991455078125,133.10638427734375,137.02127075195312,123.31914520263672,126.25531768798828,58138693
2021-09-22,126.95507049560547,131.14894104003906,135.06382751464844,130.1702117919922,132.12765502929688,14086921
2021-09-23,126.00762939453125,130.1702117919922,132.12765502929688,127.23403930664062,131.14894104003906,9994447
2021-09-24,122.21792602539062,126.25531768798828,131.14894104003906,126.25531768798828,130.1702117919922,9239178
2021-09-27,128.84991455078125,133.10638427734375,138.0,126.25531768798828,127.23403930664062,91266234
2021-09-28,125.0602035522461,129.1914825439453,138.0,127.23403930664062,134.08511352539062,39790813
2021-09-29,124.11278533935547,128.2127685546875,131.14894104003906,127.23403930664062,129.1914825439453,6810504
2021-09-30,125.0602035522461,129.1914825439453,132.12765502929688,127.23403930664062,128.2127685546875,7602965
2021-10-01,122.21792602539062,126.25531768798828,130.1702117919922,126.25531768798828,129.1914825439453,12557173
2021-10-04,127.90248107910156,132.12765502929688,133.10638427734375,126.25531768798828,128.2127685546875,17464076
2021-10-05,132.63961791992188,137.02127075195312,138.0,129.1914825439453,133.10638427734375,26149471
2021-10-06,127.90248107910156,132.12765502929688,140.93617248535156,131.14894104003906,140.93617248535156,24352743
2021-10-07,126.00762939453125,130.1702117919922,136.0425567626953,129.1914825439453,132.12765502929688,12179232
2021-10-08,130.7447509765625,135.06382751464844,138.0,130.1702117919922,131.14894104003906,32377278
2021-10-11,135.4818878173828,139.9574432373047,146.8085174560547,135.06382751464844,136.0425567626953,99287499
2021-10-12,133.5870361328125,138.0,147.7872314453125,137.02127075195312,139.9574432373047,67069204
2021-10-13,139.27159118652344,143.87234497070312,144.85105895996094,138.0,139.9574432373047,24708615
2021-10-14,161.06239318847656,166.3829803466797,183.02127075195312,141.91488647460938,144.85105895996094,375280389
2021-10-15,150.64071655273438,155.6170196533203,167.36170959472656,155.6170196533203,167.36170959472656,72045278
2021-10-18,144.00872802734375,148.76596069335938,157.574462890625,147.7872314453125,153.65957641601562,57893578
2021-10-19,143.06129455566406,147.7872314453125,155.6170196533203,147.7872314453125,149.7446746826172,45785152
2021-10-21,143.06129455566406,147.7872314453125,161.48936462402344,147.7872314453125,147.7872314453125,124713478
2021-10-22,138.3241729736328,142.89361572265625,152.68084716796875,141.91488647460938,152.68084716796875,26092969
2021-10-25,146.85101318359375,151.70213317871094,152.68084716796875,139.9574432373047,142.89361572265625,60059665
2021-10-26,140.21900939941406,144.85105895996094,152.68084716796875,143.87234497070312,149.7446746826172,25889847
2021-10-27,145.90357971191406,150.72340393066406,156.5957489013672,144.85105895996094,144.85105895996094,81978217
2021-10-28,144.95614624023438,149.7446746826172,158.55319213867188,148.76596069335938,151.70213317871094,37313810
2021-10-29,144.00872802734375,148.76596069335938,157.574462890625,148.76596069335938,149.7446746826172,26855289
2021-11-01,144.00872802734375,148.76596069335938,152.68084716796875,148.76596069335938,149.7446746826172,13646858
2021-11-02,149.69326782226562,154.63829040527344,158.55319213867188,148.76596069335938,151.70213317871094,52793363
2021-11-03,149.69326782226562,154.63829040527344,163.44680786132812,151.70213317871094,155.6170196533203,77452219
2021-11-04,161.06239318847656,166.3829803466797,172.2553253173828,152.68084716796875,155.6170196533203,178387886
2021-11-05,150.64071655273438,155.6170196533203,167.36170959472656,155.6170196533203,167.36170959472656,78943141
2021-11-08,155.37783813476562,160.51063537597656,162.46807861328125,154.63829040527344,156.5957489013672,30430354
2021-11-09,154.43040466308594,159.53192138671875,168.34042358398438,157.574462890625,161.48936462402344,66972854
2021-11-10,156.3252716064453,161.48936462402344,163.44680786132812,158.55319213867188,159.53192138671875,20157789
2021-11-11,161.06239318847656,166.3829803466797,178.12765502929688,161.48936462402344,161.48936462402344,134679215
2021-11-12,159.16754150390625,164.425537109375,168.34042358398438,162.46807861328125,168.34042358398438,21694280
2021-11-15,158.22010803222656,163.44680786132812,168.34042358398438,160.51063537597656,166.3829803466797,15172110
2021-11-16,164.8520965576172,170.29786682128906,173.23403930664062,162.46807861328125,163.44680786132812,64555317
2021-11-17,162.00982666015625,167.36170959472656,171.27659606933594,167.36170959472656,170.29786682128906,10961728
2021-11-18,157.27267456054688,162.46807861328125,177.14894104003906,161.48936462402344,167.36170959472656,63010856
2021-11-19,165.79953002929688,171.27659606933594,172.2553253173828,162.46807861328125,164.425537109375,38951863
2021-11-22,162.00982666015625,167.36170959472656,173.23403930664062,165.4042510986328,173.23403930664062,10104284
2021-11-23,159.16754150390625,164.425537109375,169.31915283203125,163.44680786132812,169.31915283203125,8342397
2021-11-24,158.22010803222656,163.44680786132812,168.34042358398438,160.51063537597656,165.4042510986328,21172682
2021-11-25,155.37783813476562,160.51063537597656,165.4042510986328,160.51063537597656,164.425537109375,19456160
2021-11-26,145.90357971191406,150.72340393066406,160.51063537597656,149.7446746826172,160.51063537597656,25879119
2021-11-29,153.4829864501953,158.55319213867188,160.51063537597656,144.85105895996094,152.68084716796875,28747345
2021-11-30,147.79843139648438,152.68084716796875,163.44680786132812,151.70213317871094,158.55319213867188,29673347
2021-12-01,145.90357971191406,150.72340393066406,155.6170196533203,150.72340393066406,152.68084716796875,10049826
2021-12-02,152.53555297851562,157.574462890625,159.53192138671875,150.72340393066406,150.72340393066406,11806604
2021-12-03,147.79843139648438,152.68084716796875,159.53192138671875,152.68084716796875,157.574462890625,8212943
2021-12-06,149.69326782226562,154.63829040527344,157.574462890625,151.70213317871094,152.68084716796875,5205556
2021-12-07,151.588134765625,156.5957489013672,158.55319213867188,152.68084716796875,157.574462890625,9949797
2021-12-08,149.69326782226562,154.63829040527344,157.574462890625,153.65957641601562,156.5957489013672,4811982
2021-12-09,155.37783813476562,160.51063537597656,162.46807861328125,153.65957641601562,154.63829040527344,21336058
2021-12-10,163.9046630859375,169.31915283203125,171.27659606933594,160.51063537597656,160.51063537597656,38220604
2021-12-13,178.1160430908203,184.0,190.85105895996094,171.27659606933594,171.27659606933594,80430997
2021-12-14,206.53883361816406,213.36170959472656,229.02127075195312,183.02127075195312,184.97872924804688,193294958
2021-12-15,193.27487182617188,199.65957641601562,217.27659606933594,199.65957641601562,215.31915283203125,46686223
2021-12-16,191.38002014160156,197.70213317871094,207.48936462402344,187.91488647460938,195.7446746826172,36990941
2021-12-17,200.85427856445312,207.48936462402344,225.10638427734375,195.7446746826172,199.65957641601562,110835502
2021-12-20,193.27487182617188,199.65957641601562,213.36170959472656,199.65957641601562,209.44680786132812,24218282
2021-12-21,206.53883361816406,213.36170959472656,215.31915283203125,197.70213317871094,199.65957641601562,67050608
2021-12-22,206.53883361816406,213.36170959472656,229.02127075195312,201.6170196533203,215.31915283203125,49752871
2021-12-23,200.85427856445312,207.48936462402344,221.1914825439453,205.53192138671875,215.31915283203125,48915556
2021-12-24,206.53883361816406,213.36170959472656,217.27659606933594,207.48936462402344,207.48936462402344,17591589
2021-12-27,193.27487182617188,199.65957641601562,221.1914825439453,199.65957641601562,215.31915283203125,41427434
2021-12-28,191.38002014160156,197.70213317871094,201.6170196533203,191.8297882080078,199.65957641601562,15585710
2021-12-29,193.27487182617188,199.65957641601562,207.48936462402344,197.70213317871094,199.65957641601562,18181643
2021-12-30,181.90574645996094,187.91488647460938,201.6170196533203,185.9574432373047,199.65957641601562,18776908
2022-01-03,189.48516845703125,195.7446746826172,197.70213317871094,187.91488647460938,187.91488647460938,13102271
2022-01-04,189.48516845703125,195.7446746826172,201.6170196533203,191.8297882080078,197.70213317871094,8388171
2022-01-05,184.74803161621094,190.85105895996094,197.70213317871094,187.91488647460938,195.7446746826172,11143086
2022-01-06,187.59030151367188,193.7872314453125,193.7872314453125,186.93617248535156,190.85105895996094,8570041
2022-01-07,185.69544982910156,191.8297882080078,197.70213317871094,187.91488647460938,193.7872314453125,10143621
2022-01-10,180.95831298828125,186.93617248535156,192.8085174560547,183.02127075195312,191.8297882080078,9582278
2022-01-11,173.37892150878906,179.10638427734375,191.8297882080078,176.1702117919922,187.91488647460938,23595634
2022-01-12,173.37892150878906,179.10638427734375,186.93617248535156,178.12765502929688,179.10638427734375,16026897
2022-01-13,176.22119140625,182.0425567626953,184.97872924804688,180.08511352539062,181.06382751464844,3418126
2022-01-14,177.1686248779297,183.02127075195312,184.97872924804688,180.08511352539062,182.0425567626953,3076865
2022-01-17,178.1160430908203,184.0,185.9574432373047,182.0425567626953,184.97872924804688,3700228
2022-01-18,176.22119140625,182.0425567626953,184.97872924804688,180.08511352539062,184.0,6899497
2022-01-19,188.53775024414062,194.76596069335938,194.76596069335938,179.10638427734375,182.0425567626953,35178886
2022-01-20,193.27487182617188,199.65957641601562,205.53192138671875,195.7446746826172,195.7446746826172,33166265
2022-01-21,206.53883361816406,213.36170959472656,213.36170959472656,197.70213317871094,203.574462890625,28754599
2022-01-24,193.27487182617188,199.65957641601562,229.02127075195312,199.65957641601562,215.31915283203125,31381491
2022-01-25,188.53775024414062,194.76596069335938,199.65957641601562,185.9574432373047,199.65957641601562,13178595
2022-01-26,185.69544982910156,191.8297882080078,201.6170196533203,188.89361572265625,192.8085174560547,11033249
2022-01-27,187.59030151367188,193.7872314453125,199.65957641601562,188.89361572265625,191.8297882080078,7713006
2022-01-28,185.69544982910156,191.8297882080078,197.70213317871094,191.8297882080078,195.7446746826172,4032089
2022-01-31,189.48516845703125,195.7446746826172,201.6170196533203,190.85105895996094,192.8085174560547,7921134
2022-02-02,197.06455993652344,203.574462890625,234.89361572265625,195.7446746826172,197.70213317871094,67762249
2022-02-03,191.38002014160156,197.70213317871094,207.48936462402344,197.70213317871094,205.53192138671875,15134715
2022-02-04,187.59030151367188,193.7872314453125,211.4042510986328,191.8297882080078,197.70213317871094,51007873
2022-02-07,188.53775024414062,194.76596069335938,199.65957641601562,192.8085174560547,193.7872314453125,9835771
2022-02-08,188.53775024414062,194.76596069335938,197.70213317871094,193.7872314453125,195.7446746826172,9142521
2022-02-09,185.69544982910156,191.8297882080078,201.6170196533203,190.85105895996094,194.76596069335938,23864863
2022-02-10,182.85317993164062,188.89361572265625,193.7872314453125,188.89361572265625,191.8297882080078,13458347
2022-02-11,185.69544982910156,191.8297882080078,195.7446746826172,188.89361572265625,190.85105895996094,15681958
2022-02-14,184.74803161621094,190.85105895996094,193.7872314453125,189.87234497070312,192.8085174560547,5232734
2022-02-15,193.27487182617188,199.65957641601562,203.574462890625,190.85105895996094,192.8085174560547,30418093
2022-02-16,186.6428985595703,192.8085174560547,201.6170196533203,192.8085174560547,201.6170196533203,14814195
2022-02-17,189.48516845703125,195.7446746826172,197.70213317871094,191.8297882080078,192.8085174560547,8055186
2022-02-18,188.53775024414062,194.76596069335938,201.6170196533203,193.7872314453125,195.7446746826172,14100306
2022-02-21,181.90574645996094,187.91488647460938,199.65957641601562,187.91488647460938,195.7446746826172,25123441
2022-02-22,173.37892150878906,179.10638427734375,188.89361572265625,177.14894104003906,187.91488647460938,31349306
2022-02-23,176.22119140625,182.0425567626953,188.89361572265625,179.10638427734375,182.0425567626953,26247252
2022-02-24,168.6417999267578,174.2127685546875,184.97872924804688,169.31915283203125,179.10638427734375,17745667
2022-02-25,170.53665161132812,176.1702117919922,186.93617248535156,171.27659606933594,171.27659606933594,22444441
2022-03-01,162.9572296142578,168.34042358398438,179.10638427734375,166.3829803466797,177.14894104003906,17456821
2022-03-02,162.00982666015625,167.36170959472656,176.1702117919922,162.46807861328125,168.34042358398438,13689873
2022-03-04,163.9046630859375,169.31915283203125,173.23403930664062,159.53192138671875,159.53192138671875,14924543
2022-03-07,160.11495971679688,165.4042510986328,172.2553253173828,164.425537109375,169.31915283203125,9553771
2022-03-08,156.3252716064453,161.48936462402344,168.34042358398438,160.51063537597656,165.4042510986328,7651906
2022-03-09,156.3252716064453,161.48936462402344,167.36170959472656,155.6170196533203,160.51063537597656,6736836
2022-03-10,160.11495971679688,165.4042510986328,165.4042510986328,153.65957641601562,153.65957641601562,4643191
2022-03-11,159.16754150390625,164.425537109375,172.2553253173828,162.46807861328125,165.4042510986328,13895754
2022-03-14,153.4829864501953,158.55319213867188,168.34042358398438,155.6170196533203,155.6170196533203,6394349
2022-03-15,147.79843139648438,152.68084716796875,161.48936462402344,150.72340393066406,157.574462890625,9199943
2022-03-16,150.64071655273438,155.6170196533203,165.4042510986328,149.7446746826172,149.7446746826172,16722089
2022-03-17,151.588134765625,156.5957489013672,158.55319213867188,152.68084716796875,152.68084716796875,5769863
2022-03-18,155.37783813476562,160.51063537597656,164.425537109375,156.5957489013672,156.5957489013672,10110721
2022-03-21,165.79953002929688,171.27659606933594,174.2127685546875,161.48936462402344,161.48936462402344,31223223
2022-03-22,176.22119140625,182.0425567626953,184.97872924804688,171.27659606933594,171.27659606933594,33552891
2022-03-23,167.69436645507812,173.23403930664062,184.0,172.2553253173828,182.0425567626953,17757417
2022-03-24,167.69436645507812,173.23403930664062,175.1914825439453,169.31915283203125,173.23403930664062,8277108
2022-03-25,163.9046630859375,169.31915283203125,175.1914825439453,169.31915283203125,174.2127685546875,4953084
2022-03-28,165.79953002929688,171.27659606933594,175.1914825439453,167.36170959472656,169.31915283203125,5197689
2022-03-29,164.8520965576172,170.29786682128906,174.2127685546875,168.34042358398438,172.2553253173828,5778139
2022-03-30,161.06239318847656,166.3829803466797,173.23403930664062,166.3829803466797,170.29786682128906,3430795
2022-03-31,157.27267456054688,162.46807861328125,168.34042358398438,162.46807861328125,166.3829803466797,7030484
2022-04-01,156.3252716064453,161.48936462402344,166.3829803466797,158.55319213867188,162.46807861328125,4865010
2022-04-04,163.9046630859375,169.31915283203125,170.29786682128906,161.48936462402344,161.48936462402344,12434667
2022-04-05,162.9572296142578,168.34042358398438,170.29786682128906,166.3829803466797,169.31915283203125,3856247
2022-04-06,154.43040466308594,159.53192138671875,169.31915283203125,157.574462890625,168.34042358398438,10995445
2022-04-07,154.43040466308594,159.53192138671875,161.48936462402344,156.5957489013672,158.55319213867188,3737215
2022-04-08,154.43040466308594,159.53192138671875,163.44680786132812,151.70213317871094,151.70213317871094,4301623
2022-04-11,157.27267456054688,162.46807861328125,170.29786682128906,160.51063537597656,160.51063537597656,11930234
2022-04-12,160.11495971679688,165.4042510986328,166.3829803466797,155.6170196533203,158.55319213867188,6683604
2022-04-13,155.37783813476562,160.51063537597656,167.36170959472656,159.53192138671875,166.3829803466797,6420199
2022-04-14,149.69326782226562,154.63829040527344,160.51063537597656,154.63829040527344,160.51063537597656,7423854
2022-04-18,152.53555297851562,157.574462890625,161.48936462402344,153.65957641601562,154.63829040527344,6470776
2022-04-19,152.53555297851562,157.574462890625,161.48936462402344,157.574462890625,157.574462890625,4058858
2022-04-20,154.43040466308594,159.53192138671875,160.51063537597656,156.5957489013672,157.574462890625,3698797
2022-04-21,158.22010803222656,163.44680786132812,164.425537109375,159.53192138671875,159.53192138671875,6755228
2022-04-22,157.27267456054688,162.46807861328125,169.31915283203125,161.48936462402344,164.425537109375,9825452
2022-04-25,153.4829864501953,158.55319213867188,162.46807861328125,156.5957489013672,162.46807861328125,3753767
2022-04-26,148.745849609375,153.65957641601562,162.46807861328125,152.68084716796875,160.51063537597656,2440321
2022-04-27,152.53555297851562,157.574462890625,163.44680786132812,153.65957641601562,153.65957641601562,5537519
2022-04-28,151.588134765625,156.5957489013672,159.53192138671875,154.63829040527344,158.55319213867188,3712591
2022-05-09,142.11387634277344,146.8085174560547,157.574462890625,145.8297882080078,156.5957489013672,10446567
2022-05-10,137.37673950195312,141.91488647460938,145.8297882080078,137.02127075195312,145.8297882080078,8616632
2022-05-11,140.21900939941406,144.85105895996094,152.68084716796875,138.97872924804688,139.9574432373047,7243517
2022-05-12,137.37673950195312,141.91488647460938,146.8085174560547,141.91488647460938,144.85105895996094,3859210
2022-05-13,143.06129455566406,147.7872314453125,150.72340393066406,133.10638427734375,133.10638427734375,19256206
2022-05-17,146.85101318359375,151.70213317871094,153.65957641601562,148.76596069335938,148.76596069335938,12855113
2022-05-18,147.79843139648438,152.68084716796875,157.574462890625,149.7446746826172,153.65957641601562,16957089
2022-05-19,154.43040466308594,159.53192138671875,168.34042358398438,149.7446746826172,151.70213317871094,26379465
2022-05-20,165.79953002929688,171.27659606933594,172.2553253173828,159.53192138671875,159.53192138671875,39385386
2022-05-23,184.74803161621094,190.85105895996094,197.70213317871094,172.2553253173828,175.1914825439453,107790923
2022-05-24,183.80062866210938,189.87234497070312,193.7872314453125,183.02127075195312,193.7872314453125,36614736
2022-05-25,181.90574645996094,187.91488647460938,193.7872314453125,186.93617248535156,190.85105895996094,31795193
2022-05-27,180.95831298828125,186.93617248535156,190.85105895996094,179.10638427734375,187.91488647460938,18262565
2022-05-30,185.69544982910156,191.8297882080078,207.48936462402344,189.87234497070312,189.87234497070312,121685554
2022-05-31,175.27377319335938,181.06382751464844,193.7872314453125,179.10638427734375,191.8297882080078,38990280
2022-06-02,175.27377319335938,181.06382751464844,187.91488647460938,172.2553253173828,181.06382751464844,26460795
2022-06-03,176.22119140625,182.0425567626953,185.9574432373047,178.12765502929688,182.0425567626953,9515865
2022-06-06,193.27487182617188,199.65957641601562,201.6170196533203,181.06382751464844,182.0425567626953,87687593
2022-06-07,180.0109100341797,185.9574432373047,201.6170196533203,185.9574432373047,201.6170196533203,43677815
2022-06-08,175.27377319335938,181.06382751464844,186.93617248535156,176.1702117919922,185.9574432373047,14942628
2022-06-09,172.43148803710938,178.12765502929688,190.85105895996094,178.12765502929688,181.06382751464844,18571641
2022-06-10,180.95831298828125,186.93617248535156,189.87234497070312,177.14894104003906,178.12765502929688,13813197
2022-06-13,181.90574645996094,187.91488647460938,189.87234497070312,178.12765502929688,186.93617248535156,18722858
2022-06-14,180.0109100341797,185.9574432373047,197.70213317871094,184.0,188.89361572265625,44224036
2022-06-15,181.90574645996094,187.91488647460938,191.8297882080078,180.08511352539062,189.87234497070312,12956776
2022-06-16,178.1160430908203,184.0,193.7872314453125,183.02127075195312,187.91488647460938,16381747
2022-06-17,171.48406982421875,177.14894104003906,191.8297882080078,177.14894104003906,184.97872924804688,19953134
2022-06-20,170.53665161132812,176.1702117919922,179.10638427734375,165.4042510986328,176.1702117919922,17945519
2022-06-21,173.37892150878906,179.10638427734375,182.0425567626953,174.2127685546875,177.14894104003906,5135260
2022-06-22,167.69436645507812,173.23403930664062,183.02127075195312,172.2553253173828,180.08511352539062,7267936
2022-06-23,166.74693298339844,172.2553253173828,175.1914825439453,164.425537109375,173.23403930664062,5229363
2022-06-24,162.9572296142578,168.34042358398438,175.1914825439453,168.34042358398438,172.2553253173828,5338586
2022-06-27,166.74693298339844,172.2553253173828,179.10638427734375,168.34042358398438,168.34042358398438,9577067
2022-06-28,171.48406982421875,177.14894104003906,182.0425567626953,172.2553253173828,174.2127685546875,6691676
2022-06-29,178.1160430908203,184.0,191.8297882080078,176.1702117919922,177.14894104003906,22199121
2022-06-30,167.69436645507812,173.23403930664062,184.97872924804688,171.27659606933594,184.0,7239226
2022-07-01,164.8520965576172,170.29786682128906,177.14894104003906,170.29786682128906,172.2553253173828,5270232
2022-07-04,165.79953002929688,171.27659606933594,172.2553253173828,166.3829803466797,169.31915283203125,3658336
2022-07-05,166.74693298339844,172.2553253173828,174.2127685546875,169.31915283203125,171.27659606933594,2620147
2022-07-06,162.9572296142578,168.34042358398438,177.14894104003906,167.36170959472656,174.2127685546875,4765799
2022-07-07,163.9046630859375,169.31915283203125,172.2553253173828,164.425537109375,170.29786682128906,3658234
2022-07-08,163.9046630859375,169.31915283203125,173.23403930664062,168.34042358398438,169.31915283203125,2376667
2022-07-11,167.69436645507812,173.23403930664062,176.1702117919922,167.36170959472656,169.31915283203125,2412326
2022-07-12,166.74693298339844,172.2553253173828,174.2127685546875,170.29786682128906,173.23403930664062,1397023
2022-07-13,176.22119140625,182.0425567626953,182.0425567626953,172.2553253173828,172.2553253173828,11647417
2022-07-14,169.58921813964844,175.1914825439453,183.02127075195312,173.23403930664062,181.06382751464844,6895717
2022-07-15,169.58921813964844,175.1914825439453,178.12765502929688,174.2127685546875,177.14894104003906,3588654
2022-07-18,162.9572296142578,168.34042358398438,179.10638427734375,168.34042358398438,176.1702117919922,5607815
2022-07-19,165.79953002929688,171.27659606933594,175.1914825439453,167.36170959472656,169.31915283203125,2071167
2022-07-20,167.69436645507812,173.23403930664062,177.14894104003906,172.2553253173828,173.23403930664062,3207545
2022-07-21,169.58921813964844,175.1914825439453,176.1702117919922,173.23403930664062,173.23403930664062,1579608
2022-07-22,170.53665161132812,176.1702117919922,179.10638427734375,174.2127685546875,175.1914825439453,3796373
2022-07-25,166.74693298339844,172.2553253173828,178.12765502929688,171.27659606933594,178.12765502929688,3625436
2022-07-26,166.74693298339844,172.2553253173828,175.1914825439453,171.27659606933594,172.2553253173828,2112343
2022-07-27,168.6417999267578,174.2127685546875,176.1702117919922,172.2553253173828,172.2553253173828,1613428
2022-07-28,173.37892150878906,179.10638427734375,179.10638427734375,174.2127685546875,175.1914825439453,4939597
2022-07-29,169.58921813964844,175.1914825439453,184.97872924804688,175.1914825439453,179.10638427734375,6214626
2022-08-01,174.3263702392578,180.08511352539062,186.93617248535156,175.1914825439453,175.1914825439453,9462530
2022-08-02,174.3263702392578,180.08511352539062,185.9574432373047,178.12765502929688,180.08511352539062,8031482
2022-08-03,174.3263702392578,180.08511352539062,181.06382751464844,179.10638427734375,180.08511352539062,1753099
2022-08-04,174.3263702392578,180.08511352539062,184.0,179.10638427734375,181.06382751464844,2978676
2022-08-05,174.3263702392578,180.08511352539062,182.0425567626953,178.12765502929688,180.08511352539062,2203482
2022-08-08,170.53665161132812,176.1702117919922,181.06382751464844,175.1914825439453,180.08511352539062,3922149
2022-08-09,167.69436645507812,173.23403930664062,178.12765502929688,173.23403930664062,175.1914825439453,2016504
2022-08-10,169.58921813964844,175.1914825439453,176.1702117919922,171.27659606933594,172.2553253173828,4014004
2022-08-11,169.58921813964844,175.1914825439453,176.1702117919922,172.2553253173828,175.1914825439453,2309641
2022-08-12,164.8520965576172,170.29786682128906,175.1914825439453,169.31915283203125,175.1914825439453,5218328
2022-08-15,164.8520965576172,170.29786682128906,171.27659606933594,169.31915283203125,171.27659606933594,2093236
2022-08-16,163.9046630859375,169.31915283203125,172.2553253173828,169.31915283203125,170.29786682128906,1494089
2022-08-18,164.8520965576172,170.29786682128906,172.2553253173828,168.34042358398438,169.31915283203125,994765
2022-08-19,164.8520965576172,170.29786682128906,172.2553253173828,169.31915283203125,170.29786682128906,2331710
2022-08-22,163.9046630859375,169.31915283203125,171.27659606933594,168.34042358398438,171.27659606933594,3005854
2022-08-23,169.58921813964844,175.1914825439453,175.1914825439453,168.34042358398438,169.31915283203125,3655067
2022-08-24,167.69436645507812,173.23403930664062,176.1702117919922,172.2553253173828,176.1702117919922,2673278
2022-08-25,169.58921813964844,175.1914825439453,176.1702117919922,173.23403930664062,173.23403930664062,668217
2022-08-26,180.95831298828125,186.93617248535156,197.70213317871094,174.2127685546875,176.1702117919922,30694678
2022-08-29,187.59030151367188,193.7872314453125,197.70213317871094,184.97872924804688,187.91488647460938,25928469
2022-08-30,188.53775024414062,194.76596069335938,201.6170196533203,187.91488647460938,195.7446746826172,30543358
2022-08-31,179.06349182128906,184.97872924804688,195.7446746826172,182.0425567626953,195.7446746826172,12853989
2022-09-01,182.85317993164062,188.89361572265625,190.85105895996094,183.02127075195312,185.9574432373047,3502930
2022-09-02,185.69544982910156,191.8297882080078,195.7446746826172,188.89361572265625,189.87234497070312,7938197
2022-09-05,184.74803161621094,190.85105895996094,193.7872314453125,187.91488647460938,192.8085174560547,5803273
2022-09-06,188.53775024414062,194.76596069335938,195.7446746826172,190.85105895996094,191.8297882080078,8099019
2022-09-07,188.53775024414062,194.76596069335938,195.7446746826172,190.85105895996094,194.76596069335938,8649941
2022-09-08,202.74913024902344,209.44680786132812,211.4042510986328,193.7872314453125,195.7446746826172,36726515
2022-09-09,200.85427856445312,207.48936462402344,211.4042510986328,203.574462890625,211.4042510986328,13743821
2022-09-12,204.6439666748047,211.4042510986328,219.23403930664062,205.53192138671875,207.48936462402344,36492332
2022-09-13,208.43368530273438,215.31915283203125,217.27659606933594,207.48936462402344,211.4042510986328,13025641
2022-09-14,206.53883361816406,213.36170959472656,215.31915283203125,205.53192138671875,215.31915283203125,7579158
2022-09-15,210.3285369873047,217.27659606933594,223.14894104003906,213.36170959472656,213.36170959472656,14705993
2022-09-16,208.43368530273438,215.31915283203125,219.23403930664062,209.44680786132812,217.27659606933594,9350854
2022-09-19,238.7512969970703,246.63829040527344,256.425537109375,215.31915283203125,215.31915283203125,94388363
2022-09-20,246.33071899414062,254.46807861328125,268.17022705078125,234.89361572265625,248.5957489013672,55181780
2022-09-21,244.43585205078125,252.51063537597656,264.25531005859375,244.68084716796875,256.425537109375,16151345
2022-09-22,263.3843994140625,272.0851135253906,276.0,248.5957489013672,254.46807861328125,37754180
2022-09-23,305.07110595703125,315.14892578125,328.85107421875,272.0851135253906,274.04254150390625,83582347
2022-09-26,284.2277526855469,293.6170349121094,319.0638427734375,293.6170349121094,313.1914978027344,24374608
2022-09-27,280.4380187988281,289.7021179199219,293.6170349121094,274.04254150390625,279.9148864746094,30868373
2022-09-28,269.0689392089844,277.95745849609375,297.53192138671875,274.04254150390625,291.6595764160156,39723480
2022-09-29,252.0152587890625,260.3404235839844,287.74468994140625,260.3404235839844,279.9148864746094,38295906
2022-09-30,242.54100036621094,250.55319213867188,260.3404235839844,242.72340393066406,248.5957489013672,22981569
2022-10-03,272.858642578125,281.8723449707031,281.8723449707031,236.85105895996094,250.55319213867188,39680771
2022-10-04,276.6483459472656,285.7872314453125,303.4042663574219,276.0,281.8723449707031,41275399
2022-10-05,269.0689392089844,277.95745849609375,301.4468078613281,276.0,285.7872314453125,36913391
2022-10-06,265.27923583984375,274.04254150390625,283.82977294921875,270.1276550292969,277.95745849609375,9345643
2022-10-07,265.27923583984375,274.04254150390625,281.8723449707031,268.17022705078125,274.04254150390625,4754969
2022-10-10,291.8071594238281,301.4468078613281,301.4468078613281,274.04254150390625,276.0,36944758
2022-10-11,274.75347900390625,283.82977294921875,305.3616943359375,283.82977294921875,303.4042663574219,40391799
2022-10-12,270.9637756347656,279.9148864746094,289.7021179199219,268.17022705078125,283.82977294921875,19534528
2022-10-13,272.858642578125,281.8723449707031,291.6595764160156,274.04254150390625,281.8723449707031,23869869
2022-10-14,278.5431823730469,287.74468994140625,299.4893493652344,279.9148864746094,281.8723449707031,39096643
2022-10-17,297.49169921875,307.31915283203125,317.10638427734375,283.82977294921875,289.7021179199219,72220813
2022-10-18,286.1225891113281,295.574462890625,311.2340393066406,295.574462890625,309.2765808105469,19265913
2022-10-19,301.28143310546875,311.2340393066406,311.2340393066406,283.82977294921875,299.4893493652344,25813523
2022-10-20,282.3329162597656,291.6595764160156,346.46807861328125,289.7021179199219,309.2765808105469,141804313
2022-10-21,276.6483459472656,285.7872314453125,299.4893493652344,277.95745849609375,283.82977294921875,32881710
2022-10-24,282.3329162597656,291.6595764160156,299.4893493652344,281.8723449707031,287.74468994140625,21132528
2022-10-25,278.5431823730469,287.74468994140625,297.53192138671875,285.7872314453125,291.6595764160156,15287669
2022-10-26,286.1225891113281,295.574462890625,299.4893493652344,287.74468994140625,287.74468994140625,22480713
2022-10-27,280.4380187988281,289.7021179199219,307.31915283203125,287.74468994140625,297.53192138671875,41912965
2022-10-28,261.489501953125,270.1276550292969,293.6170349121094,270.1276550292969,291.6595764160156,39202189
2022-10-31,276.6483459472656,285.7872314453125,297.53192138671875,252.51063537597656,252.51063537597656,52820949
2022-11-01,288.0174560546875,297.53192138671875,299.4893493652344,281.8723449707031,285.7872314453125,17104423
2022-11-02,310.75567626953125,321.0212707519531,336.68084716796875,299.4893493652344,301.4468078613281,98028002
2022-11-03,339.1784362792969,350.3829650878906,381.7021179199219,322.9787292480469,326.89361572265625,135256191
2022-11-04,346.7578430175781,358.2127685546875,368.0,334.7234191894531,348.425537109375,50252297
2022-11-07,397.9188537597656,411.0638427734375,434.5531921386719,360.17022705078125,362.1276550292969,74469047
2022-11-08,384.6548767089844,397.3616943359375,414.9787292480469,387.574462890625,414.9787292480469,44356352
2022-11-09,377.07550048828125,389.53192138671875,409.10638427734375,383.6595764160156,397.3616943359375,14354719
2022-11-10,352.4423828125,364.0851135253906,389.53192138671875,364.0851135253906,389.53192138671875,25953399
2022-11-11,375.18060302734375,387.574462890625,397.3616943359375,364.0851135253906,371.9148864746094,35503902
2022-11-14,386.54974365234375,399.31915283203125,411.0638427734375,385.6170349121094,387.574462890625,29017902
2022-11-15,363.8114929199219,375.82977294921875,401.2765808105469,371.9148864746094,401.2765808105469,31718256
2022-11-16,361.9166259765625,373.8723449707031,387.574462890625,368.0,373.8723449707031,13937339
2022-11-17,358.1269836425781,369.95745849609375,377.7872314453125,364.0851135253906,375.82977294921875,7960880
2022-11-18,333.4938659667969,344.5106506347656,387.574462890625,344.5106506347656,369.95745849609375,47144984
2022-11-21,331.59906005859375,342.5531921386719,356.25531005859375,324.9361572265625,344.5106506347656,19597160
2022-11-22,337.2835998535156,348.425537109375,352.3404235839844,334.7234191894531,342.5531921386719,13985258
2022-11-23,348.6527404785156,360.17022705078125,371.9148864746094,350.3829650878906,354.2978820800781,46446421
2022-11-24,325.9144592285156,336.68084716796875,362.1276550292969,336.68084716796875,360.17022705078125,31591560
2022-11-25,322.1247863769531,332.7659606933594,340.5957336425781,313.1914978027344,336.68084716796875,23426230
2022-11-28,301.28143310546875,311.2340393066406,334.7234191894531,311.2340393066406,334.7234191894531,33032008
2022-11-29,308.8608093261719,319.0638427734375,322.9787292480469,293.6170349121094,293.6170349121094,33030067
2022-11-30,325.9144592285156,336.68084716796875,340.5957336425781,317.10638427734375,319.0638427734375,26106047
2022-12-01,320.22991943359375,330.8085021972656,342.5531921386719,324.9361572265625,338.6383056640625,15989910
2022-12-02,310.75567626953125,321.0212707519531,336.68084716796875,321.0212707519531,332.7659606933594,7940547
2022-12-05,333.4938659667969,344.5106506347656,352.3404235839844,315.14892578125,321.0212707519531,28336913
2022-12-06,322.1247863769531,332.7659606933594,348.425537109375,321.0212707519531,346.46807861328125,19058397
2022-12-07,308.8608093261719,319.0638427734375,330.8085021972656,313.1914978027344,330.8085021972656,7352026
2022-12-08,312.6505432128906,322.9787292480469,328.85107421875,297.53192138671875,317.10638427734375,15946486
2022-12-09,314.54534912109375,324.9361572265625,326.89361572265625,313.1914978027344,324.9361572265625,7854926
2022-12-12,295.59686279296875,305.3616943359375,332.7659606933594,303.4042663574219,324.9361572265625,23070460
2022-12-13,314.54534912109375,324.9361572265625,326.89361572265625,291.6595764160156,291.6595764160156,12138771
2022-12-14,314.54534912109375,324.9361572265625,334.7234191894531,309.2765808105469,309.2765808105469,6999321
2022-12-15,303.17626953125,313.1914978027344,332.7659606933594,309.2765808105469,309.2765808105469,5029408
2022-12-16,308.8608093261719,319.0638427734375,324.9361572265625,305.3616943359375,309.2765808105469,7268549
2022-12-19,299.38653564453125,309.2765808105469,319.0638427734375,309.2765808105469,319.0638427734375,3672130
2022-12-20,289.91229248046875,299.4893493652344,309.2765808105469,293.6170349121094,309.2765808105469,7414352
2022-12-21,305.07110595703125,315.14892578125,319.0638427734375,299.4893493652344,299.4893493652344,8313482
2022-12-22,316.4402160644531,326.89361572265625,328.85107421875,301.4468078613281,301.4468078613281,7451441
2022-12-23,306.9659729003906,317.10638427734375,328.85107421875,317.10638427734375,324.9361572265625,3195284
2022-12-26,303.17626953125,313.1914978027344,319.0638427734375,307.31915283203125,317.10638427734375,4176971
2022-12-27,301.28143310546875,311.2340393066406,321.0212707519531,311.2340393066406,313.1914978027344,1774352
2022-12-28,299.38653564453125,309.2765808105469,315.14892578125,309.2765808105469,309.2765808105469,2326397
2022-12-29,303.17626953125,313.1914978027344,319.0638427734375,303.4042663574219,303.4042663574219,2884573
2022-12-30,308.8608093261719,319.0638427734375,326.89361572265625,309.2765808105469,309.2765808105469,4759976
2023-01-02,303.17626953125,313.1914978027344,319.0638427734375,303.4042663574219,303.4042663574219,2237710
2023-01-03,295.59686279296875,305.3616943359375,317.10638427734375,305.3616943359375,311.2340393066406,3367447
2023-01-04,286.1225891113281,295.574462890625,311.2340393066406,291.6595764160156,291.6595764160156,5150995
2023-01-05,267.174072265625,276.0,299.4893493652344,276.0,293.6170349121094,13373032
2023-01-06,267.174072265625,276.0,285.7872314453125,258.3829650878906,258.3829650878906,4893619
2023-01-09,255.80496215820312,264.25531005859375,279.9148864746094,260.3404235839844,260.3404235839844,4196180
2023-01-10,255.80496215820312,264.25531005859375,266.2127685546875,248.5957489013672,250.55319213867188,7047343
2023-01-11,257.6998291015625,266.2127685546875,270.1276550292969,246.63829040527344,246.63829040527344,3489443
2023-01-12,269.0689392089844,277.95745849609375,279.9148864746094,250.55319213867188,250.55319213867188,2559558
2023-01-13,267.174072265625,276.0,279.9148864746094,262.2978820800781,262.2978820800781,4226321
2023-01-16,272.858642578125,281.8723449707031,283.82977294921875,260.3404235839844,260.3404235839844,2640378
2023-01-17,274.75347900390625,283.82977294921875,287.74468994140625,274.04254150390625,274.04254150390625,8917023
2023-01-18,289.91229248046875,299.4893493652344,311.2340393066406,283.82977294921875,285.7872314453125,9907804
2023-01-19,284.2277526855469,293.6170349121094,303.4042663574219,285.7872314453125,301.4468078613281,4958704
2023-01-20,286.1225891113281,295.574462890625,299.4893493652344,291.6595764160156,293.6170349121094,2393423
2023-01-24,291.8071594238281,301.4468078613281,303.4042663574219,291.6595764160156,297.53192138671875,2974589
2023-01-25,289.91229248046875,299.4893493652344,307.31915283203125,297.53192138671875,305.3616943359375,4767230
2023-01-26,305.07110595703125,315.14892578125,319.0638427734375,299.4893493652344,299.4893493652344,14848526
2023-01-27,297.49169921875,307.31915283203125,319.0638427734375,303.4042663574219,319.0638427734375,4752926
2023-01-30,289.91229248046875,299.4893493652344,313.1914978027344,299.4893493652344,307.31915283203125,3975586
2023-01-31,284.2277526855469,293.6170349121094,303.4042663574219,293.6170349121094,299.4893493652344,2458099
2023-02-01,288.0174560546875,297.53192138671875,299.4893493652344,285.7872314453125,293.6170349121094,4156434
2023-02-02,289.91229248046875,299.4893493652344,309.2765808105469,295.574462890625,299.4893493652344,5389980
2023-02-03,284.2277526855469,293.6170349121094,301.4468078613281,291.6595764160156,301.4468078613281,3684186
2023-02-06,276.6483459472656,285.7872314453125,293.6170349121094,277.95745849609375,293.6170349121094,3422417
2023-02-07,272.858642578125,281.8723449707031,289.7021179199219,268.17022705078125,285.7872314453125,4572589
2023-02-08,278.5431823730469,287.74468994140625,289.7021179199219,277.95745849609375,281.8723449707031,2317099
2023-02-09,270.9637756347656,279.9148864746094,291.6595764160156,277.95745849609375,289.7021179199219,2214210
2023-02-10,267.174072265625,276.0,279.9148864746094,270.1276550292969,279.9148864746094,3570671
2023-02-13,267.174072265625,276.0,283.82977294921875,270.1276550292969,276.0,2133493
2023-02-14,263.3843994140625,272.0851135253906,279.9148864746094,272.0851135253906,276.0,2432965
2023-02-15,261.489501953125,270.1276550292969,274.04254150390625,266.2127685546875,270.1276550292969,1456182
2023-02-16,267.174072265625,276.0,276.0,264.25531005859375,274.04254150390625,2098447
2023-02-17,265.27923583984375,274.04254150390625,279.9148864746094,270.1276550292969,277.95745849609375,941736
2023-02-20,255.80496215820312,264.25531005859375,274.04254150390625,262.2978820800781,274.04254150390625,2789143
2023-02-21,257.6998291015625,266.2127685546875,272.0851135253906,256.425537109375,256.425537109375,1569084
2023-02-22,252.0152587890625,260.3404235839844,266.2127685546875,256.425537109375,266.2127685546875,2133595
2023-02-23,253.91014099121094,262.2978820800781,264.25531005859375,252.51063537597656,258.3829650878906,5186960
2023-02-24,259.5946960449219,268.17022705078125,270.1276550292969,256.425537109375,256.425537109375,2470871
2023-02-27,259.5946960449219,268.17022705078125,274.04254150390625,258.3829650878906,258.3829650878906,1373013
2023-02-28,257.6998291015625,266.2127685546875,270.1276550292969,260.3404235839844,268.17022705078125,2144834
2023-03-01,259.5946960449219,268.17022705078125,270.1276550292969,262.2978820800781,266.2127685546875,780404
2023-03-02,255.80496215820312,264.25531005859375,268.17022705078125,260.3404235839844,268.17022705078125,2923195
2023-03-03,252.0152587890625,260.3404235839844,266.2127685546875,260.3404235839844,264.25531005859375,848043
2023-03-06,265.27923583984375,274.04254150390625,281.8723449707031,258.3829650878906,260.3404235839844,4320321
2023-03-07,280.4380187988281,289.7021179199219,289.7021179199219,268.17022705078125,274.04254150390625,7365513
2023-03-08,289.91229248046875,299.4893493652344,307.31915283203125,289.7021179199219,291.6595764160156,8214271
2023-03-09,276.6483459472656,285.7872314453125,301.4468078613281,285.7872314453125,301.4468078613281,7094241
2023-03-10,276.6483459472656,285.7872314453125,287.74468994140625,281.8723449707031,285.7872314453125,2416004
2023-03-13,278.5431823730469,287.74468994140625,287.74468994140625,268.17022705078125,277.95745849609375,2764213
2023-03-14,270.9637756347656,279.9148864746094,291.6595764160156,277.95745849609375,291.6595764160156,3895686
2023-03-15,269.0689392089844,277.95745849609375,287.74468994140625,277.95745849609375,287.74468994140625,1652663
2023-03-16,252.0152587890625,260.3404235839844,279.9148864746094,260.3404235839844,277.95745849609375,15068404
2023-03-17,246.33071899414062,254.46807861328125,266.2127685546875,242.72340393066406,242.72340393066406,8099734
2023-03-20,233.06674194335938,240.76596069335938,254.46807861328125,238.8085174560547,242.72340393066406,6231791
2023-03-21,233.06674194335938,240.76596069335938,260.3404235839844,229.02127075195312,229.02127075195312,5210358
2023-03-24,242.54100036621094,250.55319213867188,256.425537109375,227.06382751464844,227.06382751464844,1997602
2023-03-27,253.91014099121094,262.2978820800781,262.2978820800781,236.85105895996094,236.85105895996094,3181389
2023-03-28,261.489501953125,270.1276550292969,277.95745849609375,246.63829040527344,246.63829040527344,9342067
2023-03-29,286.1225891113281,295.574462890625,303.4042663574219,270.1276550292969,270.1276550292969,16123860
2023-03-30,278.5431823730469,287.74468994140625,297.53192138671875,285.7872314453125,295.574462890625,4034541
2023-03-31,305.07110595703125,315.14892578125,328.85107421875,287.74468994140625,289.7021179199219,38453049
2023-04-03,312.6505432128906,322.9787292480469,366.04254150390625,313.1914978027344,313.1914978027344,17426476
2023-04-04,329.7041931152344,340.5957336425781,340.5957336425781,311.2340393066406,326.89361572265625,9049849
2023-04-05,316.4402160644531,326.89361572265625,344.5106506347656,324.9361572265625,342.5531921386719,7936869
2023-04-06,325.9144592285156,336.68084716796875,364.0851135253906,326.89361572265625,334.7234191894531,15859741
2023-04-10,325.9144592285156,336.68084716796875,340.5957336425781,324.9361572265625,340.5957336425781,6044813
2023-04-11,331.59906005859375,342.5531921386719,350.3829650878906,328.85107421875,334.7234191894531,7722304
2023-04-12,331.59906005859375,342.5531921386719,350.3829650878906,334.7234191894531,342.5531921386719,5476828
2023-04-13,333.4938659667969,344.5106506347656,344.5106506347656,334.7234191894531,342.5531921386719,3279373
2023-04-14,325.9144592285156,336.68084716796875,346.46807861328125,336.68084716796875,344.5106506347656,3572204
2023-04-17,318.3350830078125,328.85107421875,342.5531921386719,313.1914978027344,336.68084716796875,6382089
2023-04-18,320.22991943359375,330.8085021972656,334.7234191894531,321.0212707519531,328.85107421875,3629626
2023-04-26,324.0196533203125,334.7234191894531,350.3829650878906,324.9361572265625,328.85107421875,12834882
2023-04-27,333.4938659667969,344.5106506347656,356.25531005859375,330.8085021972656,336.68084716796875,10416426
2023-04-28,312.6505432128906,322.9787292480469,356.25531005859375,321.0212707519531,356.25531005859375,26395608
2023-05-02,291.8071594238281,301.4468078613281,324.9361572265625,301.4468078613281,324.9361572265625,13009191
2023-05-03,297.49169921875,307.31915283203125,315.14892578125,293.6170349121094,295.574462890625,6584393
2023-05-04,291.8071594238281,301.4468078613281,313.1914978027344,289.7021179199219,307.31915283203125,10449632
2023-05-05,284.2277526855469,293.6170349121094,305.3616943359375,289.7021179199219,303.4042663574219,8945121
2023-05-08,299.38653564453125,309.2765808105469,309.2765808105469,291.6595764160156,291.6595764160156,5077328
2023-05-09,295.59686279296875,305.3616943359375,313.1914978027344,291.6595764160156,291.6595764160156,3236665
2023-05-10,297.49169921875,307.31915283203125,309.2765808105469,289.7021179199219,289.7021179199219,2445226
2023-05-11,293.7020263671875,303.4042663574219,309.2765808105469,287.74468994140625,307.31915283203125,11975702
2023-05-12,288.0174560546875,297.53192138671875,303.4042663574219,297.53192138671875,301.4468078613281,1453730
2023-05-15,288.0174560546875,297.53192138671875,307.31915283203125,295.574462890625,297.53192138671875,5089486
2023-05-16,284.2277526855469,293.6170349121094,299.4893493652344,289.7021179199219,297.53192138671875,3928178
2023-05-17,289.91229248046875,299.4893493652344,303.4042663574219,291.6595764160156,293.6170349121094,3575269
2023-05-19,289.91229248046875,299.4893493652344,305.3616943359375,297.53192138671875,305.3616943359375,884519
2023-05-22,288.0174560546875,297.53192138671875,299.4893493652344,293.6170349121094,299.4893493652344,2903373
2023-05-23,284.2277526855469,293.6170349121094,299.4893493652344,291.6595764160156,295.574462890625,6242519
2023-05-24,284.2277526855469,293.6170349121094,297.53192138671875,291.6595764160156,293.6170349121094,2883756
2023-05-25,284.2277526855469,293.6170349121094,297.53192138671875,289.7021179199219,293.6170349121094,2585919
2023-05-26,284.2277526855469,293.6170349121094,297.53192138671875,291.6595764160156,297.53192138671875,525378
2023-05-29,284.2277526855469,293.6170349121094,297.53192138671875,291.6595764160156,293.6170349121094,2179369
2023-05-30,284.2277526855469,293.6170349121094,295.574462890625,291.6595764160156,295.574462890625,2122356
2023-05-31,280.4380187988281,289.7021179199219,293.6170349121094,274.04254150390625,274.04254150390625,4603036
2023-06-05,276.6483459472656,285.7872314453125,289.7021179199219,272.0851135253906,272.0851135253906,1745641
2023-06-06,276.6483459472656,285.7872314453125,285.7872314453125,268.17022705078125,268.17022705078125,3021078
2023-06-07,274.75347900390625,283.82977294921875,289.7021179199219,266.2127685546875,266.2127685546875,4848765
2023-06-08,270.9637756347656,279.9148864746094,283.82977294921875,266.2127685546875,266.2127685546875,2326499
2023-06-09,274.75347900390625,283.82977294921875,285.7872314453125,262.2978820800781,262.2978820800781,1011726
2023-06-12,276.6483459472656,285.7872314453125,293.6170349121094,266.2127685546875,266.2127685546875,4773258
2023-06-13,276.6483459472656,285.7872314453125,291.6595764160156,281.8723449707031,285.7872314453125,2826436
2023-06-14,270.9637756347656,279.9148864746094,287.74468994140625,277.95745849609375,287.74468994140625,6745726
2023-06-15,274.75347900390625,283.82977294921875,285.7872314453125,279.9148864746094,279.9148864746094,1985341
2023-06-16,272.858642578125,281.8723449707031,285.7872314453125,277.95745849609375,283.82977294921875,2723241
2023-06-19,265.27923583984375,274.04254150390625,279.9148864746094,268.17022705078125,279.9148864746094,8647080
2023-06-20,265.27923583984375,274.04254150390625,276.0,266.2127685546875,274.04254150390625,8025965
2023-06-21,267.174072265625,276.0,279.9148864746094,266.2127685546875,274.04254150390625,1979823
2023-06-22,263.3843994140625,272.0851135253906,277.95745849609375,270.1276550292969,276.0,8733621
2023-06-23,261.489501953125,270.1276550292969,277.95745849609375,266.2127685546875,277.95745849609375,9670352
2023-06-26,261.489501953125,270.1276550292969,274.04254150390625,268.17022705078125,270.1276550292969,870010
2023-06-27,267.174072265625,276.0,277.95745849609375,264.25531005859375,270.1276550292969,4371919
2023-07-03,288.0174560546875,297.53192138671875,311.2340393066406,276.0,276.0,15021813
2023-07-04,306.9659729003906,317.10638427734375,317.10638427734375,295.574462890625,299.4893493652344,15384019
2023-07-05,308.8608093261719,319.0638427734375,326.89361572265625,309.2765808105469,319.0638427734375,6907773
2023-07-06,310.75567626953125,321.0212707519531,322.9787292480469,311.2340393066406,317.10638427734375,4359249
2023-07-07,320.22991943359375,330.8085021972656,344.5106506347656,319.0638427734375,321.0212707519531,16209993
2023-07-10,329.7041931152344,340.5957336425781,352.3404235839844,330.8085021972656,332.7659606933594,10619241
2023-07-11,324.0196533203125,334.7234191894531,346.46807861328125,326.89361572265625,342.5531921386719,8055391
2023-07-12,325.9144592285156,336.68084716796875,340.5957336425781,328.85107421875,328.85107421875,10551499
2023-07-13,348.6527404785156,360.17022705078125,362.1276550292969,322.9787292480469,322.9787292480469,17700506
2023-07-14,360.0218200683594,371.9148864746094,375.82977294921875,334.7234191894531,342.5531921386719,16917649
2023-07-17,354.3372497558594,366.04254150390625,379.74468994140625,356.25531005859375,356.25531005859375,6769532
2023-07-18,354.3372497558594,366.04254150390625,373.8723449707031,362.1276550292969,371.9148864746094,5924860
2023-07-20,356.2320861816406,368.0,383.6595764160156,358.2127685546875,366.04254150390625,14484786
2023-07-21,358.1269836425781,369.95745849609375,379.74468994140625,358.2127685546875,368.0,19242719
2023-07-24,350.54754638671875,362.1276550292969,377.7872314453125,360.17022705078125,371.9148864746094,7308908
2023-07-25,346.7578430175781,358.2127685546875,369.95745849609375,354.2978820800781,362.1276550292969,8312256
2023-07-26,342.9681396484375,354.2978820800781,362.1276550292969,350.3829650878906,358.2127685546875,6796608
2023-07-27,342.9681396484375,354.2978820800781,360.17022705078125,352.3404235839844,354.2978820800781,4390719
2023-07-28,360.0218200683594,371.9148864746094,375.82977294921875,350.3829650878906,352.3404235839844,12067556
2023-07-31,405.4982604980469,418.89361572265625,420.85107421875,368.0,373.8723449707031,62963039
2023-08-01,405.4982604980469,418.89361572265625,475.6595764160156,401.2765808105469,420.85107421875,80535215
2023-08-02,460.4489440917969,475.6595764160156,475.6595764160156,418.89361572265625,424.7659606933594,39330519
2023-08-03,450.9747009277344,465.8723449707031,494.25531005859375,454.1276550292969,477.6170349121094,22369241
2023-08-04,454.764404296875,469.7872314453125,487.4042663574219,456.0851135253906,465.8723449707031,16043858
2023-08-07,473.7129211425781,489.3616943359375,494.25531005859375,465.8723449707031,473.7021179199219,30433010
2023-08-08,469.9231872558594,485.4468078613281,504.04254150390625,473.7021179199219,494.25531005859375,11929110
2023-08-09,471.8180847167969,487.4042663574219,494.25531005859375,479.574462890625,487.4042663574219,10753497
2023-08-10,502.13568115234375,518.723388671875,518.723388671875,489.3616943359375,489.3616943359375,23077102
2023-08-11,483.1871643066406,499.14892578125,528.5106201171875,489.3616943359375,489.3616943359375,10247021
2023-08-14,478.4500427246094,494.25531005859375,513.8297729492188,489.3616943359375,499.14892578125,6980623
2023-08-15,483.1871643066406,499.14892578125,504.04254150390625,489.3616943359375,494.25531005859375,3831521
2023-08-16,466.13348388671875,481.53192138671875,504.04254150390625,461.95745849609375,499.14892578125,14706708
2023-08-18,441.50042724609375,456.0851135253906,499.14892578125,452.17022705078125,479.574462890625,14100408
2023-08-21,454.764404296875,469.7872314453125,481.53192138671875,442.3829650878906,456.0851135253906,15184984
2023-08-22,454.764404296875,469.7872314453125,473.7021179199219,461.95745849609375,469.7872314453125,2149330
2023-08-23,447.1849670410156,461.95745849609375,479.574462890625,458.04254150390625,469.7872314453125,3970069
2023-08-24,435.8158874511719,450.2127685546875,473.7021179199219,444.3404235839844,450.2127685546875,7306660
2023-08-25,497.3985595703125,513.8297729492188,543.1914672851562,446.2978820800781,458.04254150390625,56551728
2023-08-28,466.13348388671875,481.53192138671875,523.6170043945312,481.53192138671875,518.723388671875,15732228
2023-08-29,478.4500427246094,494.25531005859375,499.14892578125,473.7021179199219,483.4893493652344,9658295
2023-08-30,530.5584716796875,548.0850830078125,567.6595458984375,499.14892578125,499.14892578125,34885647
2023-08-31,511.60992431640625,528.5106201171875,557.872314453125,518.723388671875,557.872314453125,15556897
2023-09-01,521.0841674804688,538.2978515625,548.0850830078125,489.3616943359375,533.4042358398438,15409154
2023-09-04,506.872802734375,523.6170043945312,552.9786987304688,508.9361572265625,538.2978515625,7800671
2023-09-05,492.66143798828125,508.9361572265625,523.6170043945312,489.3616943359375,513.8297729492188,6448195
2023-09-06,521.0841674804688,538.2978515625,543.1914672851562,508.9361572265625,513.8297729492188,13424732
2023-09-07,502.13568115234375,518.723388671875,538.2978515625,508.9361572265625,533.4042358398438,10468841
2023-09-08,511.60992431640625,528.5106201171875,538.2978515625,513.8297729492188,523.6170043945312,3893643
2023-09-11,554.2440795898438,572.5531616210938,597.0213012695312,518.723388671875,528.5106201171875,28217778
2023-09-12,525.8213500976562,543.1914672851562,582.3404541015625,533.4042358398438,582.3404541015625,20974260
2023-09-13,516.3470458984375,533.4042358398438,552.9786987304688,523.6170043945312,543.1914672851562,16864008
2023-09-14,544.7698364257812,562.7659301757812,582.3404541015625,523.6170043945312,533.4042358398438,15572734
2023-09-15,563.7183837890625,582.3404541015625,621.4893798828125,567.6595458984375,567.6595458984375,33714223
2023-09-18,611.0896606445312,631.276611328125,645.9574584960938,582.3404541015625,587.2340698242188,39009182
2023-09-19,592.1411743164062,611.7021484375,645.9574584960938,592.127685546875,631.276611328125,27783845
2023-09-20,577.9298095703125,597.0213012695312,631.276611328125,592.127685546875,621.4893798828125,16449182
2023-09-21,577.9298095703125,597.0213012695312,616.5957641601562,577.4468383789062,597.0213012695312,25041906
2023-09-22,592.1411743164062,611.7021484375,626.3829956054688,592.127685546875,597.0213012695312,12312058
2023-09-25,582.6669311523438,601.9149169921875,621.4893798828125,587.2340698242188,616.5957641601562,20976406
2023-09-26,596.8782958984375,616.5957641601562,626.3829956054688,601.9149169921875,611.7021484375,18056071
2023-09-27,592.1411743164062,611.7021484375,645.9574584960938,543.1914672851562,616.5957641601562,44486726
2023-09-29,601.6154174804688,621.4893798828125,665.5319213867188,606.8085327148438,616.5957641601562,22341347
2023-10-02,577.9298095703125,597.0213012695312,626.3829956054688,582.3404541015625,626.3829956054688,17913845
2023-10-03,577.9298095703125,597.0213012695312,616.5957641601562,587.2340698242188,606.8085327148438,4504745
2023-10-04,544.7698364257812,562.7659301757812,597.0213012695312,538.2978515625,597.0213012695312,24917867
2023-10-05,502.13568115234375,518.723388671875,582.3404541015625,513.8297729492188,562.7659301757812,28225849
2023-10-06,525.8213500976562,543.1914672851562,548.0850830078125,489.3616943359375,513.8297729492188,45911541
2023-10-09,516.3470458984375,533.4042358398438,572.5531616210938,533.4042358398438,543.1914672851562,28020786
2023-10-10,521.0841674804688,538.2978515625,562.7659301757812,523.6170043945312,538.2978515625,19090991
2023-10-11,516.3470458984375,533.4042358398438,548.0850830078125,523.6170043945312,538.2978515625,15133795
2023-10-12,506.872802734375,523.6170043945312,533.4042358398438,513.8297729492188,533.4042358398438,12569843
2023-10-13,525.8213500976562,543.1914672851562,543.1914672851562,499.14892578125,523.6170043945312,16608063
2023-10-16,511.60992431640625,528.5106201171875,557.872314453125,528.5106201171875,548.0850830078125,17771517
2023-10-17,521.0841674804688,538.2978515625,552.9786987304688,528.5106201171875,533.4042358398438,6772393
2023-10-18,549.5069580078125,567.6595458984375,577.4468383789062,538.2978515625,538.2978515625,17298554
2023-10-19,521.0841674804688,538.2978515625,572.5531616210938,538.2978515625,572.5531616210938,23524113
2023-10-20,554.2440795898438,572.5531616210938,577.4468383789062,538.2978515625,543.1914672851562,24144921
2023-10-23,530.5584716796875,548.0850830078125,582.3404541015625,538.2978515625,572.5531616210938,12740269
2023-10-24,558.9812622070312,577.4468383789062,597.0213012695312,538.2978515625,552.9786987304688,28790156
2023-10-25,535.2955932617188,552.9786987304688,582.3404541015625,543.1914672851562,572.5531616210938,10742973
2023-10-26,521.0841674804688,538.2978515625,592.127685546875,538.2978515625,557.872314453125,18945189
2023-10-27,521.0841674804688,538.2978515625,557.872314453125,513.8297729492188,533.4042358398438,14490406
2023-10-30,428.2364196777344,442.3829650878906,557.872314453125,428.68084716796875,548.0850830078125,128311328
2023-10-31,407.39312744140625,420.85107421875,440.425537109375,391.4893493652344,440.425537109375,36469036
2023-11-01,396.0240173339844,409.10638427734375,426.7234191894531,407.14892578125,420.85107421875,18976863
2023-11-02,386.54974365234375,399.31915283203125,432.5957336425781,397.3616943359375,413.0212707519531,17481241
2023-11-03,390.33941650390625,403.2340393066406,416.9361572265625,393.4468078613281,397.3616943359375,6697602
2023-11-06,388.444580078125,401.2765808105469,416.9361572265625,395.4042663574219,405.1914978027344,16590284
2023-11-07,396.0240173339844,409.10638427734375,411.0638427734375,397.3616943359375,405.1914978027344,3551973
2023-11-08,382.7600402832031,395.4042663574219,411.0638427734375,387.574462890625,411.0638427734375,19213395
2023-11-09,397.9188537597656,411.0638427734375,414.9787292480469,395.4042663574219,395.4042663574219,5797449
2023-11-10,386.54974365234375,399.31915283203125,418.89361572265625,395.4042663574219,418.89361572265625,9137923
2023-11-13,388.444580078125,401.2765808105469,407.14892578125,393.4468078613281,401.2765808105469,4196078
2023-11-14,390.33941650390625,403.2340393066406,405.1914978027344,399.31915283203125,403.2340393066406,2738873
2023-11-15,394.1291198730469,407.14892578125,411.0638427734375,401.2765808105469,403.2340393066406,9143032
2023-11-16,384.6548767089844,397.3616943359375,409.10638427734375,395.4042663574219,409.10638427734375,3895482
2023-11-17,380.8651428222656,393.4468078613281,403.2340393066406,371.9148864746094,395.4042663574219,11696563
2023-11-20,371.3908996582031,383.6595764160156,399.31915283203125,377.7872314453125,395.4042663574219,11342019
2023-11-21,369.4960632324219,381.7021179199219,391.4893493652344,371.9148864746094,383.6595764160156,8547767
2023-11-22,363.8114929199219,375.82977294921875,381.7021179199219,371.9148864746094,381.7021179199219,3193649
2023-11-23,360.0218200683594,371.9148864746094,381.7021179199219,362.1276550292969,375.82977294921875,8761310
2023-11-24,377.07550048828125,389.53192138671875,391.4893493652344,369.95745849609375,369.95745849609375,4689373
2023-11-27,380.8651428222656,393.4468078613281,399.31915283203125,381.7021179199219,393.4468078613281,5133217
2023-11-28,382.7600402832031,395.4042663574219,399.31915283203125,387.574462890625,395.4042663574219,3712897
2023-11-29,396.0240173339844,409.10638427734375,409.10638427734375,395.4042663574219,397.3616943359375,8759165
2023-11-30,388.444580078125,401.2765808105469,411.0638427734375,397.3616943359375,409.10638427734375,2840536
2023-12-01,388.444580078125,401.2765808105469,403.2340393066406,381.7021179199219,401.2765808105469,4296821
2023-12-04,371.3908996582031,383.6595764160156,399.31915283203125,381.7021179199219,399.31915283203125,2939134
2023-12-05,369.4960632324219,381.7021179199219,391.4893493652344,371.9148864746094,375.82977294921875,4425049
2023-12-06,342.9681396484375,354.2978820800781,385.6170349121094,354.2978820800781,381.7021179199219,15339471
2023-12-07,320.22991943359375,330.8085021972656,354.2978820800781,309.2765808105469,354.2978820800781,36156486
2023-12-08,339.1784362792969,350.3829650878906,352.3404235839844,321.0212707519531,330.8085021972656,10125434
2023-12-11,354.3372497558594,366.04254150390625,371.9148864746094,338.6383056640625,350.3829650878906,14401208
2023-12-12,342.9681396484375,354.2978820800781,377.7872314453125,344.5106506347656,371.9148864746094,6008541
2023-12-13,348.6527404785156,360.17022705078125,362.1276550292969,342.5531921386719,350.3829650878906,5107776
2023-12-14,360.0218200683594,371.9148864746094,373.8723449707031,358.2127685546875,360.17022705078125,5715608
2023-12-15,378.9703369140625,391.4893493652344,397.3616943359375,371.9148864746094,371.9148864746094,13330426
2023-12-18,365.70635986328125,377.7872314453125,401.2765808105469,371.9148864746094,395.4042663574219,5713769
2023-12-19,378.9703369140625,391.4893493652344,399.31915283203125,371.9148864746094,377.7872314453125,3993978
2023-12-20,382.7600402832031,395.4042663574219,401.2765808105469,385.6170349121094,391.4893493652344,5056280
2023-12-21,371.3908996582031,383.6595764160156,434.5531921386719,383.6595764160156,395.4042663574219,32033769
2023-12-22,373.2857971191406,385.6170349121094,401.2765808105469,385.6170349121094,385.6170349121094,7492413
2023-12-27,390.33941650390625,403.2340393066406,413.0212707519531,391.4893493652344,405.1914978027344,6553230
2023-12-28,388.444580078125,401.2765808105469,411.0638427734375,397.3616943359375,401.2765808105469,2998702
2023-12-29,378.9703369140625,391.4893493652344,403.2340393066406,385.6170349121094,401.2765808105469,6723554
2024-01-02,386.54974365234375,399.31915283203125,407.14892578125,395.4042663574219,395.4042663574219,2404458
2024-01-03,382.7600402832031,395.4042663574219,399.31915283203125,387.574462890625,399.31915283203125,1677593
2024-01-04,397.9188537597656,411.0638427734375,411.0638427734375,399.31915283203125,405.1914978027344,4854486
2024-01-05,388.444580078125,401.2765808105469,413.0212707519531,401.2765808105469,413.0212707519531,4905063
2024-01-08,378.9703369140625,391.4893493652344,409.10638427734375,387.574462890625,401.2765808105469,4618158
2024-01-09,363.8114929199219,375.82977294921875,391.4893493652344,375.82977294921875,391.4893493652344,5537928
2024-01-10,375.18060302734375,387.574462890625,393.4468078613281,375.82977294921875,377.7872314453125,2151680
2024-01-11,373.2857971191406,385.6170349121094,393.4468078613281,381.7021179199219,387.574462890625,3830091
2024-01-12,373.2857971191406,385.6170349121094,391.4893493652344,385.6170349121094,389.53192138671875,1473756
2024-01-15,388.444580078125,401.2765808105469,403.2340393066406,381.7021179199219,385.6170349121094,5586563
2024-01-16,396.0240173339844,409.10638427734375,409.10638427734375,397.3616943359375,401.2765808105469,4178504
2024-01-17,399.81365966796875,413.0212707519531,428.68084716796875,407.14892578125,413.0212707519531,22947443
2024-01-18,382.7600402832031,395.4042663574219,418.89361572265625,393.4468078613281,413.0212707519531,7671728
2024-01-19,378.9703369140625,391.4893493652344,405.1914978027344,391.4893493652344,395.4042663574219,4984860
2024-01-22,371.3908996582031,383.6595764160156,393.4468078613281,381.7021179199219,393.4468078613281,3161873
2024-01-23,365.70635986328125,377.7872314453125,387.574462890625,375.82977294921875,383.6595764160156,3066034
2024-01-24,358.1269836425781,369.95745849609375,379.74468994140625,362.1276550292969,377.7872314453125,3426402
2024-01-25,346.7578430175781,358.2127685546875,381.7021179199219,352.3404235839844,369.95745849609375,10677786
2024-01-26,354.3372497558594,366.04254150390625,375.82977294921875,358.2127685546875,362.1276550292969,3397895
2024-01-29,361.9166259765625,373.8723449707031,387.574462890625,368.0,368.0,4096254
2024-01-30,361.9166259765625,373.8723449707031,377.7872314453125,364.0851135253906,375.82977294921875,1783139
2024-01-31,358.1269836425781,369.95745849609375,373.8723449707031,366.04254150390625,373.8723449707031,2124195
2024-02-01,350.54754638671875,362.1276550292969,369.95745849609375,358.2127685546875,369.95745849609375,2334980
2024-02-02,363.8114929199219,375.82977294921875,375.82977294921875,356.25531005859375,366.04254150390625,3869121
2024-02-05,375.18060302734375,387.574462890625,389.53192138671875,375.82977294921875,375.82977294921875,6158021
2024-02-06,363.8114929199219,375.82977294921875,389.53192138671875,371.9148864746094,389.53192138671875,2880997
2024-02-07,367.60125732421875,379.74468994140625,381.7021179199219,373.8723449707031,377.7872314453125,1705384
2024-02-12,365.70635986328125,377.7872314453125,383.6595764160156,375.82977294921875,379.74468994140625,1418173
2024-02-13,358.1269836425781,369.95745849609375,379.74468994140625,362.1276550292969,377.7872314453125,1389360
2024-02-15,358.1269836425781,369.95745849609375,379.74468994140625,362.1276550292969,369.95745849609375,2043069
2024-02-16,354.3372497558594,366.04254150390625,377.7872314453125,362.1276550292969,369.95745849609375,1374443
2024-02-19,352.4423828125,364.0851135253906,369.95745849609375,362.1276550292969,366.04254150390625,1387828
2024-02-20,348.6527404785156,360.17022705078125,369.95745849609375,354.2978820800781,360.17022705078125,3089228
2024-02-21,350.54754638671875,362.1276550292969,373.8723449707031,342.5531921386719,342.5531921386719,4308571
2024-02-22,350.54754638671875,362.1276550292969,366.04254150390625,344.5106506347656,344.5106506347656,2270815
2024-02-23,352.4423828125,364.0851135253906,369.95745849609375,352.3404235839844,352.3404235839844,985978
2024-02-26,358.1269836425781,369.95745849609375,373.8723449707031,366.04254150390625,371.9148864746094,972184
2024-02-27,367.60125732421875,379.74468994140625,381.7021179199219,369.95745849609375,369.95745849609375,2710980
2024-02-28,358.1269836425781,369.95745849609375,381.7021179199219,360.17022705078125,360.17022705078125,1781504
2024-02-29,354.3372497558594,366.04254150390625,377.7872314453125,354.2978820800781,354.2978820800781,1532710
2024-03-01,356.2320861816406,368.0,371.9148864746094,348.425537109375,348.425537109375,1737263
2024-03-04,384.6548767089844,397.3616943359375,407.14892578125,350.3829650878906,350.3829650878906,15172110
2024-03-05,384.6548767089844,397.3616943359375,405.1914978027344,379.74468994140625,379.74468994140625,3606126
2024-03-06,382.7600402832031,395.4042663574219,399.31915283203125,391.4893493652344,391.4893493652344,917828
2024-03-07,380.8651428222656,393.4468078613281,407.14892578125,393.4468078613281,395.4042663574219,4174417
2024-03-08,377.07550048828125,389.53192138671875,403.2340393066406,385.6170349121094,393.4468078613281,4324817
2024-03-13,399.81365966796875,413.0212707519531,416.9361572265625,391.4893493652344,391.4893493652344,9924867
2024-03-14,401.70855712890625,414.9787292480469,416.9361572265625,403.2340393066406,414.9787292480469,5970226
2024-03-15,416.86737060546875,430.6383056640625,442.3829650878906,413.0212707519531,420.85107421875,17072239
2024-03-18,437.7107238769531,452.17022705078125,452.17022705078125,430.6383056640625,432.5957336425781,13686808
2024-03-19,432.02618408203125,446.2978820800781,463.9148864746094,438.46807861328125,458.04254150390625,12615413
2024-03-20,437.7107238769531,452.17022705078125,456.0851135253906,436.5106506347656,446.2978820800781,12781752
2024-03-21,460.4489440917969,475.6595764160156,477.6170349121094,452.17022705078125,452.17022705078125,13921910
2024-03-22,452.8695373535156,467.82977294921875,477.6170349121094,460.0,475.6595764160156,3644441
2024-03-25,454.764404296875,469.7872314453125,477.6170349121094,463.9148864746094,477.6170349121094,4726667
2024-03-26,454.764404296875,469.7872314453125,473.7021179199219,465.8723449707031,473.7021179199219,2483541
2024-03-27,435.8158874511719,450.2127685546875,475.6595764160156,375.82977294921875,469.7872314453125,6384336
2024-03-28,478.4500427246094,494.25531005859375,499.14892578125,436.5106506347656,448.25531005859375,34575549
2024-04-01,454.764404296875,469.7872314453125,513.8297729492188,456.0851135253906,489.3616943359375,9880830
2024-04-02,445.2901611328125,460.0,479.574462890625,442.3829650878906,473.7021179199219,12313182
2024-04-03,506.872802734375,523.6170043945312,528.5106201171875,450.2127685546875,454.1276550292969,36498973
2024-04-04,478.4500427246094,494.25531005859375,523.6170043945312,481.53192138671875,523.6170043945312,10118282
2024-04-05,466.13348388671875,481.53192138671875,499.14892578125,471.74468994140625,499.14892578125,7765421
2024-04-16,473.7129211425781,489.3616943359375,489.3616943359375,471.74468994140625,483.4893493652344,6587765
2024-04-17,473.7129211425781,489.3616943359375,499.14892578125,479.574462890625,487.4042663574219,8999171
2024-04-18,468.0283508300781,483.4893493652344,489.3616943359375,473.7021179199219,489.3616943359375,7245765
2024-04-19,478.4500427246094,494.25531005859375,508.9361572265625,479.574462890625,479.574462890625,18042073
2024-04-22,469.9231872558594,485.4468078613281,499.14892578125,481.53192138671875,494.25531005859375,2493758
2024-04-23,458.5540771484375,473.7021179199219,485.4468078613281,454.1276550292969,483.4893493652344,15810799
2024-04-24,464.2386474609375,479.574462890625,494.25531005859375,460.0,469.7872314453125,7846241
2024-04-25,454.764404296875,469.7872314453125,489.3616943359375,461.95745849609375,489.3616943359375,4978526
2024-04-26,449.079833984375,463.9148864746094,469.7872314453125,446.2978820800781,469.7872314453125,5344615
2024-04-29,437.7107238769531,452.17022705078125,489.3616943359375,450.2127685546875,469.7872314453125,9259613
2024-04-30,502.13568115234375,518.723388671875,523.6170043945312,452.17022705078125,452.17022705078125,28677458
2024-05-02,511.60992431640625,528.5106201171875,528.5106201171875,479.574462890625,523.6170043945312,13417682
2024-05-03,511.60992431640625,528.5106201171875,543.1914672851562,523.6170043945312,533.4042358398438,11892532
2024-05-06,492.66143798828125,508.9361572265625,528.5106201171875,499.14892578125,528.5106201171875,4491973
2024-05-07,492.66143798828125,508.9361572265625,538.2978515625,504.04254150390625,508.9361572265625,5336032
2024-05-08,492.66143798828125,508.9361572265625,518.723388671875,499.14892578125,508.9361572265625,3217763
2024-05-13,468.0283508300781,483.4893493652344,508.9361572265625,477.6170349121094,508.9361572265625,3309719
2024-05-14,478.4500427246094,494.25531005859375,494.25531005859375,471.74468994140625,485.4468078613281,8977306
2024-05-15,473.7129211425781,489.3616943359375,494.25531005859375,485.4468078613281,494.25531005859375,1974613
2024-05-16,462.3438415527344,477.6170349121094,499.14892578125,477.6170349121094,489.3616943359375,2489263
2024-05-17,454.764404296875,469.7872314453125,481.53192138671875,463.9148864746094,479.574462890625,3350282
2024-05-20,458.5540771484375,473.7021179199219,499.14892578125,467.82977294921875,469.7872314453125,7228702
2024-05-21,454.764404296875,469.7872314453125,475.6595764160156,467.82977294921875,473.7021179199219,2057884
2024-05-22,471.8180847167969,487.4042663574219,489.3616943359375,465.8723449707031,469.7872314453125,4379276
2024-05-27,487.9242858886719,504.04254150390625,523.6170043945312,485.4468078613281,494.25531005859375,11538806
2024-05-28,478.4500427246094,494.25531005859375,513.8297729492188,487.4042663574219,508.9361572265625,6518389
2024-05-29,487.9242858886719,504.04254150390625,508.9361572265625,489.3616943359375,494.25531005859375,4962178
2024-05-30,483.1871643066406,499.14892578125,508.9361572265625,489.3616943359375,508.9361572265625,3600506
2024-05-31,483.1871643066406,499.14892578125,504.04254150390625,494.25531005859375,499.14892578125,5899930
2024-06-03,460.4489440917969,475.6595764160156,499.14892578125,465.8723449707031,499.14892578125,9107578
2024-06-04,471.8180847167969,487.4042663574219,487.4042663574219,454.1276550292969,469.7872314453125,9533541
2024-06-05,435.8158874511719,450.2127685546875,489.3616943359375,450.2127685546875,489.3616943359375,9407765
2024-06-06,464.2386474609375,479.574462890625,479.574462890625,454.1276550292969,454.1276550292969,4671799
2024-06-07,454.764404296875,469.7872314453125,481.53192138671875,467.82977294921875,479.574462890625,865106
2024-06-10,445.2901611328125,460.0,469.7872314453125,460.0,467.82977294921875,1882758
2024-06-11,487.9242858886719,504.04254150390625,504.04254150390625,461.95745849609375,465.8723449707031,12687854
2024-06-12,464.2386474609375,479.574462890625,504.04254150390625,479.574462890625,504.04254150390625,3003504
2024-06-13,460.4489440917969,475.6595764160156,483.4893493652344,473.7021179199219,479.574462890625,1637132
2024-06-14,458.5540771484375,473.7021179199219,485.4468078613281,473.7021179199219,479.574462890625,2543006
2024-06-19,447.1849670410156,461.95745849609375,475.6595764160156,461.95745849609375,473.7021179199219,4696628
2024-06-20,456.65924072265625,471.74468994140625,479.574462890625,456.0851135253906,463.9148864746094,4521297
2024-06-21,454.764404296875,469.7872314453125,475.6595764160156,465.8723449707031,471.74468994140625,1703852
2024-06-24,458.5540771484375,473.7021179199219,477.6170349121094,463.9148864746094,467.82977294921875,1856908
2024-06-25,447.1849670410156,461.95745849609375,475.6595764160156,460.0,473.7021179199219,4683754
2024-06-26,445.2901611328125,460.0,463.9148864746094,454.1276550292969,461.95745849609375,3860232
2024-06-27,445.2901611328125,460.0,463.9148864746094,454.1276550292969,460.0,3030376
2024-06-28,447.1849670410156,461.95745849609375,467.82977294921875,458.04254150390625,460.0,3398815
2024-07-01,445.2901611328125,460.0,473.7021179199219,458.04254150390625,461.95745849609375,5905754
2024-07-02,449.079833984375,463.9148864746094,467.82977294921875,460.0,460.0,3373169
2024-07-03,445.2901611328125,460.0,471.74468994140625,460.0,463.9148864746094,5620893
2024-07-04,445.2901611328125,460.0,465.8723449707031,458.04254150390625,463.9148864746094,3451639
2024-07-05,443.3952941894531,458.04254150390625,461.95745849609375,456.0851135253906,460.0,1602189
2024-07-08,439.6055603027344,454.1276550292969,460.0,452.17022705078125,458.04254150390625,2157402
2024-07-09,464.2386474609375,479.574462890625,479.574462890625,452.17022705078125,456.0851135253906,7011991
2024-07-10,462.3438415527344,477.6170349121094,489.3616943359375,477.6170349121094,489.3616943359375,1465991
2024-07-11,462.3438415527344,477.6170349121094,483.4893493652344,473.7021179199219,477.6170349121094,1286471
2024-07-12,462.3438415527344,477.6170349121094,483.4893493652344,473.7021179199219,479.574462890625,1586454
2024-07-15,447.1849670410156,461.95745849609375,489.3616943359375,460.0,479.574462890625,5445767
2024-07-16,462.3438415527344,477.6170349121094,477.6170349121094,461.95745849609375,463.9148864746094,3332197
2024-07-17,478.4500427246094,494.25531005859375,494.25531005859375,469.7872314453125,477.6170349121094,9193813
2024-07-18,497.3985595703125,513.8297729492188,523.6170043945312,494.25531005859375,499.14892578125,9696917
2024-07-19,497.3985595703125,513.8297729492188,518.723388671875,504.04254150390625,513.8297729492188,2235054
2024-07-22,497.3985595703125,513.8297729492188,523.6170043945312,494.25531005859375,513.8297729492188,3179447
2024-07-23,506.872802734375,523.6170043945312,538.2978515625,494.25531005859375,513.8297729492188,7479130
2024-07-24,540.03271484375,557.872314453125,582.3404541015625,523.6170043945312,523.6170043945312,25340867
2024-07-25,530.5584716796875,548.0850830078125,572.5531616210938,523.6170043945312,562.7659301757812,7330569
2024-07-26,521.0841674804688,538.2978515625,552.9786987304688,528.5106201171875,548.0850830078125,1547628
2024-07-29,497.3985595703125,513.8297729492188,587.2340698242188,513.8297729492188,577.4468383789062,33836423
2024-07-30,502.13568115234375,518.723388671875,538.2978515625,513.8297729492188,518.723388671875,9964919
2024-07-31,511.60992431640625,528.5106201171875,528.5106201171875,508.9361572265625,523.6170043945312,11696563
2024-08-01,516.3470458984375,533.4042358398438,548.0850830078125,528.5106201171875,533.4042358398438,3229002
2024-08-02,516.3470458984375,533.4042358398438,538.2978515625,523.6170043945312,538.2978515625,3595295
2024-08-05,460.4489440917969,475.6595764160156,533.4042358398438,467.82977294921875,533.4042358398438,25395939
2024-08-06,473.7129211425781,489.3616943359375,494.25531005859375,475.6595764160156,475.6595764160156,11358060
2024-08-07,466.13348388671875,481.53192138671875,489.3616943359375,481.53192138671875,489.3616943359375,3711058
2024-08-08,469.9231872558594,485.4468078613281,485.4468078613281,471.74468994140625,483.4893493652344,4598030
2024-08-09,466.13348388671875,481.53192138671875,489.3616943359375,481.53192138671875,485.4468078613281,1467319
2024-08-12,478.4500427246094,494.25531005859375,494.25531005859375,481.53192138671875,481.53192138671875,8978328
2024-08-13,483.1871643066406,499.14892578125,504.04254150390625,485.4468078613281,494.25531005859375,10108882
2024-08-14,471.8180847167969,487.4042663574219,504.04254150390625,483.4893493652344,499.14892578125,7844095
2024-08-15,478.4500427246094,494.25531005859375,494.25531005859375,477.6170349121094,487.4042663574219,8322167
2024-08-16,468.0283508300781,483.4893493652344,499.14892578125,483.4893493652344,499.14892578125,4040978
2024-08-19,466.13348388671875,481.53192138671875,485.4468078613281,479.574462890625,483.4893493652344,1487652
2024-08-20,473.7129211425781,489.3616943359375,494.25531005859375,479.574462890625,481.53192138671875,8883715
2024-08-21,471.8180847167969,487.4042663574219,499.14892578125,485.4468078613281,489.3616943359375,2870780
2024-08-22,458.5540771484375,473.7021179199219,487.4042663574219,471.74468994140625,487.4042663574219,9993732
2024-08-23,468.0283508300781,483.4893493652344,487.4042663574219,473.7021179199219,475.6595764160156,2880384
2024-08-26,469.9231872558594,485.4468078613281,489.3616943359375,483.4893493652344,485.4468078613281,2894382
2024-08-27,478.4500427246094,494.25531005859375,494.25531005859375,483.4893493652344,485.4468078613281,5054339
2024-08-28,466.13348388671875,481.53192138671875,499.14892578125,479.574462890625,499.14892578125,6872626
2024-08-29,445.2901611328125,460.0,483.4893493652344,458.04254150390625,481.53192138671875,16930013
2024-08-30,454.764404296875,469.7872314453125,473.7021179199219,460.0,460.0,4406658
2024-09-02,466.13348388671875,481.53192138671875,481.53192138671875,469.7872314453125,469.7872314453125,5611186
2024-09-03,458.5540771484375,473.7021179199219,483.4893493652344,473.7021179199219,481.53192138671875,2167006
2024-09-04,456.65924072265625,471.74468994140625,475.6595764160156,467.82977294921875,469.7872314453125,4091349
2024-09-05,456.65924072265625,471.74468994140625,475.6595764160156,467.82977294921875,473.7021179199219,1466399
2024-09-06,464.2386474609375,479.574462890625,479.574462890625,471.74468994140625,473.7021179199219,5937632
2024-09-09,452.8695373535156,467.82977294921875,479.574462890625,463.9148864746094,479.574462890625,4352199
2024-09-10,454.764404296875,469.7872314453125,471.74468994140625,461.95745849609375,467.82977294921875,3203969
2024-09-11,454.764404296875,469.7872314453125,471.74468994140625,465.8723449707031,469.7872314453125,3577721
2024-09-12,452.8695373535156,467.82977294921875,475.6595764160156,465.8723449707031,467.82977294921875,3152269
2024-09-13,445.2901611328125,460.0,469.7872314453125,460.0,469.7872314453125,5105323
2024-09-17,449.079833984375,463.9148864746094,465.8723449707031,460.0,461.95745849609375,5047493
2024-09-18,441.50042724609375,456.0851135253906,465.8723449707031,454.1276550292969,463.9148864746094,7677552
2024-09-19,437.7107238769531,452.17022705078125,463.9148864746094,444.3404235839844,456.0851135253906,11212667
2024-09-20,430.1313171386719,444.3404235839844,454.1276550292969,436.5106506347656,452.17022705078125,11701058
2024-09-23,430.1313171386719,444.3404235839844,450.2127685546875,438.46807861328125,444.3404235839844,7373584
2024-09-24,432.02618408203125,446.2978820800781,448.25531005859375,424.7659606933594,444.3404235839844,14260106
2024-09-25,435.8158874511719,450.2127685546875,458.04254150390625,444.3404235839844,446.2978820800781,5321523
2024-09-26,435.8158874511719,450.2127685546875,456.0851135253906,444.3404235839844,456.0851135253906,2735297
2024-09-27,430.1313171386719,444.3404235839844,452.17022705078125,444.3404235839844,450.2127685546875,6746952
2024-09-30,437.7107238769531,452.17022705078125,456.0851135253906,442.3829650878906,450.2127685546875,10155882
2024-10-01,430.1313171386719,444.3404235839844,454.1276550292969,442.3829650878906,452.17022705078125,3162691
2024-10-02,456.65924072265625,471.74468994140625,485.4468078613281,444.3404235839844,444.3404235839844,39332869
2024-10-03,454.764404296875,469.7872314453125,481.53192138671875,469.7872314453125,475.6595764160156,9796639
2024-10-04,462.3438415527344,477.6170349121094,485.4468078613281,469.7872314453125,477.6170349121094,8901697
2024-10-07,471.8180847167969,487.4042663574219,494.25531005859375,479.574462890625,485.4468078613281,8227043
2024-10-08,471.8180847167969,487.4042663574219,494.25531005859375,467.82977294921875,487.4042663574219,9930180
2024-10-09,462.3438415527344,477.6170349121094,499.14892578125,473.7021179199219,475.6595764160156,12498628
2024-10-10,483.1871643066406,499.14892578125,499.14892578125,475.6595764160156,477.6170349121094,10737763
2024-10-11,471.8180847167969,487.4042663574219,504.04254150390625,485.4468078613281,504.04254150390625,5548758
2024-10-14,473.7129211425781,489.3616943359375,499.14892578125,479.574462890625,487.4042663574219,6070663
2024-10-15,458.5540771484375,473.7021179199219,494.25531005859375,473.7021179199219,489.3616943359375,6319047
2024-10-16,452.8695373535156,467.82977294921875,477.6170349121094,465.8723449707031,473.7021179199219,7116208
2024-10-17,458.5540771484375,473.7021179199219,487.4042663574219,467.82977294921875,469.7872314453125,5378741
2024-10-18,471.8180847167969,487.4042663574219,487.4042663574219,469.7872314453125,475.6595764160156,11831636
2024-10-21,478.4500427246094,494.25531005859375,494.25531005859375,483.4893493652344,487.4042663574219,9372923
2024-10-22,483.1871643066406,499.14892578125,499.14892578125,487.4042663574219,494.25531005859375,7156056
2024-10-23,530.5584716796875,548.0850830078125,552.9786987304688,494.25531005859375,499.14892578125,48875402
2024-10-24,525.8213500976562,543.1914672851562,552.9786987304688,518.723388671875,548.0850830078125,15396280
2024-10-25,521.0841674804688,538.2978515625,548.0850830078125,513.8297729492188,538.2978515625,10905736
2024-10-28,530.5584716796875,548.0850830078125,572.5531616210938,528.5106201171875,543.1914672851562,57606265
2024-10-29,516.3470458984375,533.4042358398438,562.7659301757812,533.4042358398438,552.9786987304688,9410115
2024-10-30,516.3470458984375,533.4042358398438,538.2978515625,518.723388671875,538.2978515625,10577247
2024-10-31,511.60992431640625,528.5106201171875,528.5106201171875,504.04254150390625,528.5106201171875,12884947
2024-11-01,502.13568115234375,518.723388671875,528.5106201171875,508.9361572265625,528.5106201171875,5772621
2024-11-04,487.9242858886719,504.04254150390625,513.8297729492188,489.3616943359375,508.9361572265625,9375886
2024-11-05,473.7129211425781,489.3616943359375,513.8297729492188,489.3616943359375,499.14892578125,5628760
2024-11-06,481.4155578613281,489.3616943359375,499.14892578125,471.74468994140625,489.3616943359375,8191997
2024-11-07,481.4155578613281,489.3616943359375,499.14892578125,471.74468994140625,489.3616943359375,9692013
2024-11-08,471.7872314453125,479.574462890625,499.14892578125,479.574462890625,494.25531005859375,4836606
2024-11-11,481.4155578613281,489.3616943359375,489.3616943359375,469.7872314453125,481.53192138671875,6621891
2024-11-12,475.6385498046875,483.4893493652344,489.3616943359375,469.7872314453125,489.3616943359375,7502732
2024-11-13,473.712890625,481.53192138671875,483.4893493652344,473.7021179199219,483.4893493652344,4249413
2024-11-14,454.4562683105469,461.95745849609375,481.53192138671875,461.95745849609375,481.53192138671875,6661534
2024-11-15,442.9023132324219,450.2127685546875,463.9148864746094,442.3829650878906,461.95745849609375,10376782
2024-11-18,437.12530517578125,444.3404235839844,454.1276550292969,442.3829650878906,450.2127685546875,5769863
2024-11-19,440.97662353515625,448.25531005859375,456.0851135253906,434.5531921386719,444.3404235839844,4229693
2024-11-20,442.9023132324219,450.2127685546875,454.1276550292969,442.3829650878906,448.25531005859375,8910484
2024-11-21,440.97662353515625,448.25531005859375,450.2127685546875,442.3829650878906,450.2127685546875,4532332
2024-11-22,439.0509948730469,446.2978820800781,458.04254150390625,446.2978820800781,448.25531005859375,9307226
2024-11-25,460.2332458496094,467.82977294921875,467.82977294921875,442.3829650878906,448.25531005859375,5173473
2024-11-26,448.6792907714844,456.0851135253906,467.82977294921875,448.25531005859375,461.95745849609375,5292608
2024-11-28,454.4562683105469,461.95745849609375,461.95745849609375,454.1276550292969,456.0851135253906,3372352
2024-11-29,450.6049499511719,458.04254150390625,461.95745849609375,450.2127685546875,460.0,1225882
2024-12-02,440.97662353515625,448.25531005859375,463.9148864746094,446.2978820800781,458.04254150390625,4549395
2024-12-03,460.2332458496094,467.82977294921875,467.82977294921875,450.2127685546875,450.2127685546875,2296971
2024-12-04,450.6049499511719,458.04254150390625,467.82977294921875,454.1276550292969,467.82977294921875,5800208
2024-12-05,444.8279724121094,452.17022705078125,458.04254150390625,448.25531005859375,458.04254150390625,5317232
2024-12-06,442.9023132324219,450.2127685546875,456.0851135253906,446.2978820800781,452.17022705078125,1439528
2024-12-09,444.8279724121094,452.17022705078125,456.0851135253906,446.2978820800781,452.17022705078125,5178582
2024-12-10,450.6049499511719,458.04254150390625,461.95745849609375,454.1276550292969,458.04254150390625,2081384
2024-12-11,446.75360107421875,454.1276550292969,460.0,448.25531005859375,458.04254150390625,4351076
2024-12-12,433.2740173339844,440.425537109375,458.04254150390625,436.5106506347656,458.04254150390625,9382221
2024-12-13,435.1996154785156,442.3829650878906,446.2978820800781,438.46807861328125,442.3829650878906,3996123
2024-12-16,435.1996154785156,442.3829650878906,446.2978820800781,436.5106506347656,446.2978820800781,3705132
2024-12-17,410.166015625,416.9361572265625,442.3829650878906,414.9787292480469,442.3829650878906,11808545
2024-12-18,412.0917053222656,418.89361572265625,426.7234191894531,411.0638427734375,422.8085021972656,3587836
2024-12-19,404.3890686035156,411.0638427734375,420.85107421875,409.10638427734375,418.89361572265625,3886797
2024-12-20,408.2403869628906,414.9787292480469,420.85107421875,411.0638427734375,411.0638427734375,1092443
2024-12-23,433.2740173339844,440.425537109375,440.425537109375,416.9361572265625,416.9361572265625,2616571
2024-12-24,429.42266845703125,436.5106506347656,440.425537109375,428.68084716796875,440.425537109375,432706
2024-12-27,427.49700927734375,434.5531921386719,438.46807861328125,430.6383056640625,430.6383056640625,298449
2024-12-30,423.64569091796875,430.6383056640625,436.5106506347656,426.7234191894531,436.5106506347656,503410
2025-01-02,423.64569091796875,430.6383056640625,432.5957336425781,420.85107421875,430.6383056640625,951647
2025-01-03,419.79437255859375,426.7234191894531,434.5531921386719,426.7234191894531,430.6383056640625,1804391
2025-01-06,410.166015625,416.9361572265625,430.6383056640625,413.0212707519531,426.7234191894531,2356947
2025-01-07,406.314697265625,413.0212707519531,428.68084716796875,409.10638427734375,418.89361572265625,2417536
2025-01-08,392.8350830078125,399.31915283203125,413.0212707519531,397.3616943359375,413.0212707519531,8817710
2025-01-09,388.9837646484375,395.4042663574219,399.31915283203125,391.4893493652344,399.31915283203125,1738284
2025-01-10,385.1324462890625,391.4893493652344,397.3616943359375,385.6170349121094,395.4042663574219,5549576
2025-01-13,408.2403869628906,414.9787292480469,422.8085021972656,399.31915283203125,399.31915283203125,8812397
2025-01-14,400.5377197265625,407.14892578125,422.8085021972656,401.2765808105469,414.9787292480469,2534015
2025-01-15,398.612060546875,405.1914978027344,409.10638427734375,401.2765808105469,407.14892578125,4078884
2025-01-16,414.01739501953125,420.85107421875,420.85107421875,401.2765808105469,407.14892578125,8120373
2025-01-17,406.314697265625,413.0212707519531,420.85107421875,413.0212707519531,420.85107421875,871134
2025-01-20,410.166015625,416.9361572265625,420.85107421875,409.10638427734375,413.0212707519531,4228876
2025-01-21,429.42266845703125,436.5106506347656,438.46807861328125,416.9361572265625,416.9361572265625,4277408
2025-01-22,423.64569091796875,430.6383056640625,442.3829650878906,422.8085021972656,438.46807861328125,4768354
2025-01-23,439.0509948730469,446.2978820800781,458.04254150390625,424.7659606933594,432.5957336425781,8304491
2025-01-24,417.8686828613281,424.7659606933594,448.25531005859375,418.89361572265625,446.2978820800781,4475217
2025-01-30,423.64569091796875,430.6383056640625,430.6383056640625,401.2765808105469,426.7234191894531,5097354
2025-01-31,417.8686828613281,424.7659606933594,430.6383056640625,416.9361572265625,426.7234191894531,1138013
2025-02-03,406.314697265625,413.0212707519531,424.7659606933594,409.10638427734375,424.7659606933594,958595
2025-02-04,408.2403869628906,414.9787292480469,416.9361572265625,407.14892578125,413.0212707519531,1118702
2025-02-05,385.1324462890625,391.4893493652344,414.9787292480469,391.4893493652344,414.9787292480469,13038515
2025-02-06,396.6864013671875,403.2340393066406,403.2340393066406,393.4468078613281,403.2340393066406,2150863
2025-02-07,390.909423828125,397.3616943359375,403.2340393066406,391.4893493652344,401.2765808105469,2237915
2025-02-10,394.7607421875,401.2765808105469,401.2765808105469,389.53192138671875,397.3616943359375,3286628
2025-02-11,387.0580749511719,393.4468078613281,411.0638427734375,389.53192138671875,401.2765808105469,4226117
2025-02-12,392.8350830078125,399.31915283203125,403.2340393066406,393.4468078613281,393.4468078613281,645228
2025-02-13,394.7607421875,401.2765808105469,403.2340393066406,399.31915283203125,401.2765808105469,114026
2025-02-14,396.6864013671875,403.2340393066406,409.10638427734375,401.2765808105469,409.10638427734375,1008354
2025-02-17,396.6864013671875,403.2340393066406,409.10638427734375,399.31915283203125,403.2340393066406,466015
2025-02-18,394.7607421875,401.2765808105469,409.10638427734375,399.31915283203125,403.2340393066406,1167234
2025-02-19,394.7607421875,401.2765808105469,407.14892578125,393.4468078613281,403.2340393066406,4956558
2025-02-20,392.8350830078125,399.31915283203125,403.2340393066406,391.4893493652344,401.2765808105469,4411256
2025-02-21,387.0580749511719,393.4468078613281,405.1914978027344,391.4893493652344,399.31915283203125,3617671
2025-02-24,387.0580749511719,393.4468078613281,395.4042663574219,385.6170349121094,395.4042663574219,2028765
2025-02-25,369.72711181640625,375.82977294921875,393.4468078613281,375.82977294921875,393.4468078613281,7865552
2025-02-26,365.8758239746094,371.9148864746094,377.7872314453125,362.1276550292969,375.82977294921875,8331260
2025-02-27,362.02447509765625,368.0,375.82977294921875,362.1276550292969,373.8723449707031,2564667
2025-02-28,367.80145263671875,373.8723449707031,373.8723449707031,354.2978820800781,368.0,2425097
2025-03-03,369.72711181640625,375.82977294921875,375.82977294921875,362.1276550292969,375.82977294921875,6750221
2025-03-04,340.8421936035156,346.46807861328125,375.82977294921875,344.5106506347656,375.82977294921875,6955182
2025-03-05,363.9501647949219,369.95745849609375,373.8723449707031,340.5957336425781,346.46807861328125,7265178
2025-03-06,352.39617919921875,358.2127685546875,369.95745849609375,356.25531005859375,369.95745849609375,7066552
2025-03-07,365.8758239746094,371.9148864746094,371.9148864746094,358.2127685546875,358.2127685546875,3405967
2025-03-10,365.8758239746094,371.9148864746094,375.82977294921875,364.0851135253906,369.95745849609375,718589
2025-03-11,354.3218688964844,360.17022705078125,368.0,356.25531005859375,368.0,4288852
2025-03-12,352.39617919921875,358.2127685546875,362.1276550292969,356.25531005859375,360.17022705078125,2538817
2025-03-13,346.61920166015625,352.3404235839844,362.1276550292969,352.3404235839844,358.2127685546875,2257123
2025-03-14,346.61920166015625,352.3404235839844,358.2127685546875,350.3829650878906,354.2978820800781,1730621
2025-03-17,352.39617919921875,358.2127685546875,368.0,352.3404235839844,362.1276550292969,1344302
2025-03-18,354.3218688964844,360.17022705078125,364.0851135253906,346.46807861328125,358.2127685546875,3527043
2025-03-19,362.02447509765625,368.0,369.95745849609375,358.2127685546875,358.2127685546875,957880
2025-03-20,354.3218688964844,360.17022705078125,371.9148864746094,360.17022705078125,369.95745849609375,465095
2025-03-21,346.61920166015625,352.3404235839844,364.0851135253906,344.5106506347656,364.0851135253906,844160
2025-03-24,342.76788330078125,348.425537109375,356.25531005859375,334.7234191894531,354.2978820800781,3189563
2025-03-25,336.99090576171875,342.5531921386719,356.25531005859375,342.5531921386719,356.25531005859375,3941358
2025-03-26,346.61920166015625,352.3404235839844,360.17022705078125,342.5531921386719,342.5531921386719,2479556
2025-03-27,350.4704895019531,356.25531005859375,362.1276550292969,350.3829650878906,350.3829650878906,3264456
2025-04-08,325.4368896484375,330.8085021972656,346.46807861328125,319.0638427734375,332.7659606933594,9689356
2025-04-09,335.0652160644531,340.5957336425781,350.3829650878906,332.7659606933594,332.7659606933594,5815943
2025-04-10,346.61920166015625,352.3404235839844,362.1276550292969,344.5106506347656,344.5106506347656,3907028
2025-04-11,338.9165344238281,344.5106506347656,358.2127685546875,342.5531921386719,354.2978820800781,2546991
2025-04-14,346.61920166015625,352.3404235839844,354.2978820800781,344.5106506347656,346.46807861328125,1352169
2025-04-15,346.61920166015625,352.3404235839844,358.2127685546875,352.3404235839844,354.2978820800781,658306
2025-04-16,342.76788330078125,348.425537109375,356.25531005859375,346.46807861328125,352.3404235839844,904954
2025-04-17,342.76788330078125,348.425537109375,350.3829650878906,342.5531921386719,350.3829650878906,1052493
2025-04-21,338.9165344238281,344.5106506347656,352.3404235839844,342.5531921386719,348.425537109375,851313
2025-04-22,344.6935119628906,350.3829650878906,352.3404235839844,342.5531921386719,346.46807861328125,979643
2025-04-23,356.24749755859375,362.1276550292969,364.0851135253906,350.3829650878906,350.3829650878906,2811826
2025-04-24,360.09881591796875,366.04254150390625,371.9148864746094,362.1276550292969,366.04254150390625,1863754
2025-04-25,379.35546875,385.6170349121094,391.4893493652344,368.0,369.95745849609375,3859823
2025-04-28,367.80145263671875,373.8723449707031,387.574462890625,371.9148864746094,385.6170349121094,3693484
2025-04-29,367.80145263671875,373.8723449707031,377.7872314453125,368.0,373.8723449707031,1803880
2025-04-30,367.80145263671875,373.8723449707031,375.82977294921875,364.0851135253906,373.8723449707031,1915556
2025-05-02,363.9501647949219,369.95745849609375,373.8723449707031,368.0,371.9148864746094,345960
2025-05-05,354.3218688964844,360.17022705078125,369.95745849609375,356.25531005859375,368.0,1460473
2025-05-06,344.6935119628906,350.3829650878906,362.1276550292969,350.3829650878906,362.1276550292969,3022508
2025-05-07,350.4704895019531,356.25531005859375,366.04254150390625,352.3404235839844,352.3404235839844,2038267
2025-05-08,342.76788330078125,348.425537109375,358.2127685546875,348.425537109375,358.2127685546875,1543745
2025-05-09,336.99090576171875,342.5531921386719,356.25531005859375,340.5957336425781,350.3829650878906,6110510
2025-05-14,335.0652160644531,340.5957336425781,350.3829650878906,338.6383056640625,344.5106506347656,12298776
2025-05-15,336.99090576171875,342.5531921386719,346.46807861328125,340.5957336425781,340.5957336425781,16090041
2025-05-16,344.6935119628906,350.3829650878906,352.3404235839844,342.5531921386719,344.5106506347656,7770530
2025-05-19,348.54486083984375,354.2978820800781,356.25531005859375,350.3829650878906,350.3829650878906,3141847
2025-05-20,346.61920166015625,352.3404235839844,356.25531005859375,350.3829650878906,352.3404235839844,2585102
2025-05-21,342.76788330078125,348.425537109375,352.3404235839844,346.46807861328125,352.3404235839844,820967
2025-05-22,342.76788330078125,348.425537109375,352.3404235839844,348.425537109375,350.3829650878906,895963
2025-05-23,358.17315673828125,364.0851135253906,364.0851135253906,350.3829650878906,352.3404235839844,2876195
2025-05-26,348.54486083984375,354.2978820800781,369.95745849609375,352.3404235839844,364.0851135253906,5726234
2025-05-27,348.54486083984375,354.2978820800781,358.2127685546875,352.3404235839844,356.25531005859375,895452
2025-05-28,340.8421936035156,346.46807861328125,356.25531005859375,344.5106506347656,356.25531005859375,4000415
2025-06-02,354.3218688964844,360.17022705078125,366.04254150390625,342.5531921386719,346.46807861328125,7775026
2025-06-03,346.61920166015625,352.3404235839844,369.95745849609375,350.3829650878906,362.1276550292969,4430873
2025-06-04,344.6935119628906,350.3829650878906,358.2127685546875,350.3829650878906,358.2127685546875,2950986
2025-06-05,346.61920166015625,352.3404235839844,356.25531005859375,348.425537109375,354.2978820800781,1473858
2025-06-10,346.61920166015625,352.3404235839844,358.2127685546875,350.3829650878906,352.3404235839844,2611360
2025-06-11,348.54486083984375,354.2978820800781,356.25531005859375,350.3829650878906,356.25531005859375,1808478
2025-06-12,363.9501647949219,369.95745849609375,369.95745849609375,358.2127685546875,358.2127685546875,9866628
2025-06-13,390.909423828125,397.3616943359375,407.14892578125,371.9148864746094,379.74468994140625,25986810
2025-06-16,397.47296142578125,402.0,430.0,400.0,408.0,20069000
2025-06-17,405.38287353515625,410.0,414.0,404.0,404.0,4845600
2025-06-18,405.38287353515625,410.0,422.0,404.0,418.0,3964400
2025-06-19,395.4954833984375,400.0,416.0,384.0,412.0,5339300
2025-06-20,399.450439453125,404.0,408.0,390.0,406.0,2342300
2025-06-23,407.3603515625,412.0,424.0,408.0,416.0,7168300
2025-06-24,383.630615234375,388.0,392.0,378.0,390.0,4847200
2025-06-25,369.78826904296875,374.0,388.0,374.0,388.0,2359100
2025-06-26,369.78826904296875,374.0,380.0,370.0,374.0,1342100
2025-06-30,353.9684753417969,358.0,372.0,356.0,372.0,5711000
2025-07-01,361.87835693359375,366.0,366.0,352.0,358.0,4290100
2025-07-02,351.9909973144531,356.0,366.0,352.0,364.0,3425300
2025-07-03,365.83331298828125,370.0,372.0,356.0,356.0,2862500
2025-07-04,373.74322509765625,378.0,380.0,364.0,368.0,2114100
2025-07-07,355.9459228515625,360.0,384.0,360.0,380.0,3243500
2025-07-08,365.83331298828125,370.0,382.0,362.0,362.0,3699200
2025-07-09,371.7657470703125,376.0,380.0,368.0,370.0,784400
2025-07-10,371.7657470703125,376.0,380.0,374.0,378.0,2113800
2025-07-11,395.4954833984375,400.0,400.0,374.0,376.0,6471700
2025-07-14,385.60809326171875,390.0,404.0,382.0,402.0,5791700
2025-07-15,383.630615234375,388.0,400.0,384.0,390.0,5243900
2025-07-16,381.65313720703125,386.0,394.0,386.0,390.0,2030000
2025-07-17,381.65313720703125,386.0,394.0,386.0,388.0,1864100
2025-07-18,381.65313720703125,386.0,392.0,384.0,388.0,2171600
2025-07-21,377.69818115234375,382.0,392.0,376.0,390.0,2870400
2025-07-22,367.810791015625,372.0,386.0,370.0,380.0,3858500
2025-07-23,371.7657470703125,376.0,380.0,372.0,372.0,708400
2025-07-24,375.720703125,380.0,380.0,374.0,378.0,380300
2025-07-25,369.78826904296875,374.0,382.0,372.0,382.0,3078300
2025-07-28,367.810791015625,372.0,374.0,370.0,374.0,2383600
2025-07-29,381.65313720703125,386.0,392.0,368.0,372.0,8502300
2025-07-30,375.720703125,380.0,386.0,374.0,386.0,4011800
2025-07-31,367.810791015625,372.0,380.0,368.0,380.0,3128700
2025-08-01,365.83331298828125,370.0,376.0,368.0,370.0,1391300
2025-08-04,373.74322509765625,378.0,380.0,370.0,372.0,2735100
2025-08-05,373.74322509765625,378.0,384.0,374.0,380.0,1780000
2025-08-06,379.6756591796875,384.0,388.0,378.0,382.0,3778900
2025-08-07,387.5855712890625,392.0,402.0,384.0,384.0,6707200
2025-08-08,389.56304931640625,394.0,400.0,392.0,396.0,3249700
2025-08-11,395.4954833984375,400.0,402.0,394.0,394.0,2646200
2025-08-12,401.42791748046875,406.0,412.0,400.0,400.0,5793800
2025-08-13,389.56304931640625,394.0,412.0,390.0,406.0,5620400
2025-08-14,397.47296142578125,402.0,406.0,394.0,394.0,2948700
2025-08-15,399.450439453125,404.0,410.0,400.0,406.0,6088000
2025-08-19,403.4053955078125,408.0,410.0,404.0,404.0,2661400
2025-08-20,405.38287353515625,410.0,412.0,404.0,408.0,3870000
2025-08-21,399.450439453125,404.0,418.0,404.0,410.0,4604900
2025-08-22,401.42791748046875,406.0,412.0,404.0,404.0,2045000
2025-08-25,409.33782958984375,414.0,414.0,408.0,410.0,3918800
2025-08-26,409.33782958984375,414.0,422.0,408.0,418.0,6573100
2025-08-27,411.3153076171875,416.0,418.0,406.0,418.0,3135100
2025-08-28,407.3603515625,412.0,420.0,412.0,418.0,11648500
2025-08-29,399.450439453125,404.0,414.0,394.0,414.0,3437400
2025-09-01,395.4954833984375,400.0,402.0,394.0,396.0,5285600
2025-09-02,409.33782958984375,414.0,416.0,404.0,404.0,1339100
2025-09-03,405.38287353515625,410.0,414.0,404.0,414.0,3003000
2025-09-04,397.47296142578125,402.0,408.0,402.0,408.0,2104100
2025-09-08,397.47296142578125,402.0,408.0,402.0,402.0,2829500
2025-09-09,397.47296142578125,402.0,406.0,400.0,400.0,1960400
2025-09-10,399.450439453125,404.0,408.0,402.0,402.0,2436200
2025-09-11,401.42791748046875,406.0,410.0,404.0,406.0,1951000
2025-09-12,403.4053955078125,408.0,410.0,406.0,408.0,1199100
2025-09-15,411.3153076171875,416.0,416.0,408.0,408.0,2637700
2025-09-16,411.3153076171875,416.0,418.0,414.0,418.0,2069300
2025-09-17,464.7071838378906,470.0,498.0,416.0,418.0,21137600
2025-09-18,437.02252197265625,442.0,470.0,402.0,470.0,6379500
2025-09-19,460.7522277832031,466.0,472.0,410.0,448.0,6710500
2025-09-22,444.93243408203125,450.0,470.0,444.0,468.0,2504200
2025-09-23,456.7972717285156,462.0,466.0,438.0,452.0,2648300
2025-09-24,466.6846618652344,472.0,486.0,466.0,470.0,10123500
2025-09-25,454.81982421875,460.0,478.0,458.0,478.0,3763700
2025-09-26,442.9549560546875,448.0,468.0,434.0,464.0,3693500
2025-09-29,429.11260986328125,434.0,448.0,430.0,448.0,4298300
2025-09-30,415.270263671875,420.0,438.0,416.0,426.0,3275200
2025-10-01,419.2252197265625,424.0,432.0,410.0,422.0,5345300
2025-10-02,417.24774169921875,422.0,428.0,420.0,424.0,773200
2025-10-03,421.20269775390625,426.0,438.0,424.0,424.0,1722300
2025-10-06,407.3603515625,412.0,430.0,412.0,428.0,3772900
2025-10-07,407.3603515625,412.0,430.0,410.0,412.0,2854700
2025-10-08,405.38287353515625,410.0,420.0,410.0,416.0,1301900
2025-10-09,407.3603515625,412.0,414.0,408.0,412.0,1243400
2025-10-10,433.06756591796875,438.0,438.0,412.0,412.0,4740300
2025-10-13,444.93243408203125,450.0,450.0,420.0,436.0,6076300
2025-10-14,429.11260986328125,434.0,466.0,430.0,460.0,6612500
2025-10-15,437.02252197265625,442.0,442.0,410.0,432.0,4738100
2025-10-16,427.1351318359375,432.0,442.0,428.0,442.0,635900
2025-10-17,409.33782958984375,414.0,436.0,412.0,436.0,1927200
2025-10-20,411.3153076171875,416.0,422.0,414.0,416.0,612100
2025-10-21,423.18017578125,428.0,428.0,420.0,420.0,643100
2025-10-22,419.2252197265625,424.0,430.0,420.0,428.0,810100
2025-10-23,446.909912109375,452.0,452.0,418.0,420.0,4603800
2025-10-24,429.11260986328125,434.0,464.0,434.0,462.0,2818400
2025-10-27,429.11260986328125,434.0,450.0,430.0,446.0,2018500
2025-10-28,435.0450439453125,440.0,440.0,434.0,434.0,256900
2025-10-29,435.0450439453125,440.0,444.0,428.0,440.0,473400
2025-10-30,417.24774169921875,422.0,440.0,418.0,440.0,4539500
2025-10-31,425.15765380859375,430.0,432.0,422.0,422.0,2334800
2025-11-03,440.97747802734375,446.0,446.0,432.0,432.0,7685900
2025-11-04,431.090087890625,436.0,454.0,434.0,448.0,4217000
2025-11-05,435.0450439453125,440.0,446.0,436.0,446.0,1922600
2025-11-06,439.0,444.0,444.0,436.0,442.0,1706500
2025-11-07,429.11260986328125,434.0,454.0,424.0,444.0,4512900
2025-11-10,429.11260986328125,434.0,438.0,430.0,430.0,2524500
2025-11-11,423.18017578125,428.0,436.0,428.0,436.0,3273900
2025-11-12,423.18017578125,428.0,440.0,424.0,430.0,3013000
2025-11-13,431.090087890625,436.0,438.0,426.0,430.0,2131400
2025-11-14,442.9549560546875,448.0,450.0,436.0,440.0,4615700
2025-11-17,450.8648681640625,456.0,464.0,454.0,458.0,10343800
2025-11-18,444.93243408203125,450.0,462.0,448.0,458.0,3600100
2025-11-19,454.81982421875,460.0,470.0,452.0,458.0,6728800
2025-11-20,454.81982421875,460.0,470.0,454.0,462.0,3822900
2025-11-21,442.9549560546875,448.0,458.0,444.0,458.0,2981400
2025-11-24,439.0,444.0,454.0,440.0,450.0,2815800
2025-11-25,439.0,444.0,448.0,436.0,444.0,2354200
2025-11-26,442.0,442.0,442.0,432.0,432.0,1740700
2025-11-27,436.0,436.0,444.0,432.0,444.0,2540500
2025-11-28,436.0,436.0,448.0,432.0,448.0,1542100
2025-12-01,436.0,436.0,442.0,434.0,436.0,2597600
2025-12-02,458.0,458.0,462.0,436.0,436.0,4850400
2025-12-03,448.0,448.0,460.0,440.0,458.0,3547800
2025-12-04,458.0,458.0,458.0,446.0,448.0,2522600
2025-12-05,460.0,460.0,484.0,458.0,460.0,12769700
2025-12-08,456.0,456.0,474.0,454.0,474.0,3822800
2025-12-09,448.0,448.0,460.0,446.0,458.0,2582600
2025-12-10,450.0,450.0,456.0,448.0,448.0,2326800
2025-12-11,446.0,446.0,466.0,446.0,466.0,3341400
2025-12-12,446.0,446.0,456.0,446.0,456.0,1797900
2025-12-15,456.0,456.0,458.0,440.0,442.0,2919800
2025-12-16,476.0,476.0,480.0,456.0,456.0,10384600
2025-12-17,478.0,478.0,490.0,462.0,476.0,7229000
2025-12-18,515.0,515.0,520.0,474.0,480.0,23261900
2025-12-19,490.0,490.0,525.0,486.0,510.0,7106800
2025-12-22,490.0,490.0,510.0,480.0,496.0,6156800
2025-12-23,490.0,490.0,490.0,464.0,490.0,8297100
2025-12-24,476.0,476.0,490.0,472.0,486.0,6175200
2025-12-29,496.0,496.0,515.0,476.0,476.0,9093300
2025-12-30,535.0,535.0,540.0,490.0,496.0,8605500
